fetch_time,measure_datetime,RES002_water_level,RES002_rainfall_1h,RES002_temperature,RES002_humidity,RES002_pressure,RES002_solar,RES004_water_level,RES004_rainfall_1h,RES004_temperature,RES004_humidity,RES004_pressure,RES004_solar,RES006_water_level,RES006_rainfall_1h,RES006_temperature,RES006_humidity,RES006_pressure,RES006_solar,RES005_water_level,RES005_rainfall_1h,RES005_temperature,RES005_humidity,RES005_pressure,RES005_solar,PYO001_water_level,PYO001_rainfall_1h,PYO001_temperature,PYO001_humidity,PYO001_pressure,PYO001_solar,RES001_water_level,RES001_rainfall_1h,RES001_temperature,RES001_humidity,RES001_pressure,RES001_solar,RES003_water_level,RES003_rainfall_1h,RES003_temperature,RES003_humidity,RES003_pressure,RES003_solar,WBYN_water_level,WBYN_rainfall_1h,WBYN_temperature,WBYN_humidity,WBYN_pressure,WBYN_solar
2026-07-10 17:46:41,2026-07-10 17:40:00,489.251,1.2,24.04,94.22,951.23,77.2,455.508,1.2,23.34,94.53,954.93,64.2,508.043,1.2,24.02,97.85,949.31,35.9,,,,,,,,,,,,,,,,,,,,,,,,,,,,,,
2026-07-10 18:04:01,2026-07-10 18:00:00,489.244,1.4,24.42,92.46,951.28,44.6,455.508,1.2,23.35,94.6,955,40.4,508.043,1.2,23.68,98.34,949.27,28.4,478.38,1.2,23.8,93.9,952,34.2,,,,,,,,,,,,,,,,,,,,,,,,
2026-07-10 18:14:01,2026-07-10 18:10:00,489.244,0,24.22,94.46,951.32,38,455.508,0,23.4,94.61,955.05,34.2,508.037,0,23.86,98.43,949.44,28.5,,,,,,,,,,,,,,,,,,,,,,,,,,,,,,
2026-07-10 18:34:00,2026-07-10 18:30:00,489.244,0,24.25,93.42,951.41,27.1,455.508,0,23.24,94.57,955.17,21.1,508.043,0,23.56,97.59,949.59,22.6,478.38,0,23.9,94.2,952.1,24.5,,,,,,,,,,,,,,,,,,,,,,,,
2026-07-10 18:54:00,2026-07-10 18:40:00,489.244,0,23.97,95.09,951.48,18.8,455.508,0,23.21,94.53,955.22,12.6,508.043,0,23.47,98.23,949.65,15.6,,,,,,,,,,,,,,,,,,,,,,,,,,,,,,
2026-07-10 19:04:00,2026-07-10 18:50:00,489.244,0,24.42,92.08,951.6,4.9,455.508,0,23.17,94.56,955.38,3.9,508.044,0,23.32,98.8,949.83,6.7,,,,,,,,,,,,,,,,,,,,,,,,,,,,,,
2026-07-10 19:14:01,2026-07-10 19:00:00,489.244,0,24.2,93.48,951.73,0.1,455.508,0,23.03,94.53,955.46,0.4,508.044,0.2,23.17,98.68,949.95,0.2,478.38,0,23.5,94.3,952.6,0.9,,,,,,,,,,,,,,,,,,,,,,,,
2026-07-10 19:24:01,2026-07-10 19:20:00,489.244,0,23.62,94.12,951.88,0,455.508,0,23.24,94.62,955.66,0.1,508.044,0,23.37,99.15,950.02,0,,,,,,,,,,,,,,,,,,,,,,,,,,,,,,
2026-07-10 19:44:19,2026-07-10 19:40:00,489.251,0,23.56,94.42,952.07,0,455.508,0,23.18,94.64,955.82,0.1,508.044,0,23.21,98.41,950.32,0,,,,,,,,,,,,,,,,,,,,,,,,,,,,,,
2026-07-10 20:04:00,2026-07-10 19:50:00,489.245,0,23.58,95.48,952.21,0,455.508,0,23.32,94.72,955.86,0.2,508.044,0,23.1,98.58,950.29,0,,,,,,,,,,,,,,,,,,,,,,,,,,,,,,
2026-07-10 20:14:01,2026-07-10 20:00:00,489.244,0,23.54,95.54,952.28,0,455.508,0,23.22,94.7,955.97,0.1,508.044,0,22.96,98.57,950.39,0,478.38,0,23.5,94.1,953,0.2,,,,,,,,,,,,,,,,,,,,,,,,
2026-07-10 20:24:00,2026-07-10 20:10:00,489.244,0,23.43,95.81,952.26,0,455.508,0.2,23.1,94.61,955.92,0.2,508.044,0,22.9,99.22,950.45,0,,,,,,,,,,,,,,,,,,,,,,,,,,,,,,
2026-07-10 20:34:00,2026-07-10 20:30:00,489.244,0.2,23.43,95.7,952.31,0,455.508,0.2,23.01,94.67,956.03,0.2,508.044,0,22.89,99.53,950.55,0,478.38,0,23.1,94.1,953.1,0.2,,,,,,,,,,,,,,,,,,,,,,,,
2026-07-10 20:44:01,2026-07-10 20:40:00,489.244,0.4,23.29,95.38,952.27,0,455.508,0.2,22.97,94.67,956.08,0.1,508.044,0,22.87,99.66,950.52,0,,,,,,,,,,,,,,,,,,,,,,,,,,,,,,
2026-07-10 21:04:01,2026-07-10 21:00:00,489.244,0.4,23.53,94.46,952.39,0,455.508,0.4,23.24,94.79,956.11,0.1,508.038,0,22.91,99.68,950.46,0,478.38,0,23.1,94.5,953,0.2,,,,,,,,,,,,,,,,,,,,,,,,
2026-07-10 21:24:01,2026-07-10 21:20:00,489.244,0,23.26,95.21,952.5,0,455.508,0,23.11,94.69,956.25,0.2,508.044,0,22.97,99.61,950.6,0,,,,,,,,,,,,,,,,,,,,,,,,,,,,,,
2026-07-10 21:34:03,2026-07-10 21:30:00,489.238,0,23.39,95.96,952.62,0,455.508,0,23.13,94.68,956.37,0.1,508.044,0,22.9,99.68,950.71,0,478.38,0,23,94.5,953.3,0.2,,,,,,,,,,,,,,,,,,,,,,,,
2026-07-10 21:44:01,2026-07-10 21:40:00,489.244,0,23.23,95.99,952.77,0,455.508,0,23,94.7,956.48,0.1,508.044,0,22.9,99.9,950.83,0,,,,,,,,,,,,,,,,,,,,,,,,,,,,,,
2026-07-10 21:54:01,2026-07-10 21:50:00,489.238,0,23.29,95.61,952.85,0,455.508,0,23.11,94.76,956.54,0.1,508.044,0,22.83,99.57,950.95,0,,,,,,,,,,,,,,,,,,,,,,,,,,,,,,
2026-07-10 22:14:00,2026-07-10 22:10:00,489.244,0,23.3,96.24,952.89,0,455.508,0,23.1,94.66,956.67,0.2,508.044,0,22.8,99.76,951.05,0,,,,,,,,,,,,,,,,,,,,,,,,,,,,,,
2026-07-10 22:34:01,2026-07-10 22:30:00,489.238,0,23.54,96.44,953.07,0,455.508,0,22.98,94.58,956.83,0.1,508.044,0,22.84,99.52,951.21,0,478.38,0,23.1,94.6,953.8,0.2,,,,,,,,,,,,,,,,,,,,,,,,
2026-07-10 22:44:01,2026-07-10 22:40:00,489.238,0,23.58,96.23,953.03,0,455.508,0,23.07,94.6,956.79,0.1,508.044,0,22.84,99.53,951.26,0,,,,,,,,,,,,,,,,,,,,,,,,,,,,,,
2026-07-10 23:04:01,2026-07-10 23:00:00,489.238,0,23.58,94.94,952.83,0,455.508,0,23.29,94.43,956.59,0.2,508.044,0,22.91,99.63,951.09,0,478.38,0,23.4,94.8,953.5,0.2,,,,,,,,,,,,,,,,,,,,,,,,
2026-07-10 23:24:00,2026-07-10 23:20:00,489.238,0,23.79,94.51,952.67,0,455.508,0,23.27,94.44,956.3,0.1,508.044,0,22.86,99.45,950.77,0,,,,,,,,,,,,,,,,,,,,,,,,,,,,,,
2026-07-10 23:44:01,2026-07-10 23:30:00,489.238,0,23.67,95.79,952.55,0,455.508,0,23.17,94.36,956.32,0.1,508.044,0,22.84,99.74,950.76,0,478.38,0,23.1,94.6,953.3,0.2,,,,,,,,,,,,,,,,,,,,,,,,
2026-07-10 23:54:05,2026-07-10 23:50:00,489.238,0,23.99,94.82,952.46,0,455.508,0,23.28,94.35,956.22,0.1,508.044,0,22.89,99.15,950.52,0,,,,,,,,,,,,,,,,,,,,,,,,,,,,,,
2026-07-11 00:04:05,2026-07-11 00:00:00,489.238,0,23.92,94.5,952.51,0,455.508,0,23.37,94.35,956.25,0.2,508.044,0,22.96,99.24,950.64,0,478.38,0,23.2,94.8,953.2,0.2,,,,,,,,,,,,,,,,,,,,,,,,
2026-07-11 00:14:02,2026-07-11 00:10:00,489.238,0,23.71,95.29,952.32,0,455.508,0,23.29,94.32,956.14,0.1,508.044,0,22.93,99.28,950.59,0,,,,,,,,,,,,,,,,,,,,,,,,,,,,,,
2026-07-11 00:24:02,2026-07-11 00:20:00,489.238,0,23.46,96.33,952.08,0,455.508,0,23.2,94.24,955.93,0.1,508.043,0,22.87,99.14,950.34,0,,,,,,,,,,,,,,,,,,,,,,,,,,,,,,
2026-07-11 00:34:01,2026-07-11 00:30:00,489.238,0,23.27,95.68,951.95,0,455.508,0,23.07,94.29,955.75,0.1,508.044,0,22.91,99.04,950.25,0,478.38,0.2,23.4,95,952.7,0.2,,,,,,,,,,,,,,,,,,,,,,,,
2026-07-11 00:54:00,2026-07-11 00:50:00,489.231,0,23.57,95.62,951.56,0,455.508,0,23.59,94.48,955.26,0.2,508.044,0.4,22.78,98.82,949.81,0,,,,,,,,,,,,,,,,,,,,,,,,,,,,,,
2026-07-11 01:04:02,2026-07-11 01:00:00,489.238,0,23.37,95.68,951.46,0,455.508,0,24.31,89.44,955.29,0.1,508.044,0.4,22.71,99.47,949.76,0,478.38,0.4,23,94.6,952.2,0.2,,,,,,,,,,,,,,,,,,,,,,,,
2026-07-11 01:24:00,2026-07-11 01:10:00,489.231,0,23.75,96.31,951.43,0,455.508,0,23.96,89.9,955.19,0.1,508.043,0,22.71,99.37,949.67,0,,,,,,,,,,,,,,,,,,,,,,,,,,,,,,
2026-07-11 01:34:00,2026-07-11 01:20:00,489.238,0,23.72,94.04,951.32,0,455.508,0,24.74,87.64,955.02,0.2,508.044,0,22.67,99.62,949.64,0,,,,,,,,,,,,,,,,,,,,,,,,,,,,,,
2026-07-11 01:44:05,2026-07-11 01:40:00,489.23,0,24.19,95.64,951.3,0,455.508,0,24.91,87.42,954.92,0.1,508.044,0,22.68,99.4,949.5,0,,,,,,,,,,,,,,,,,,,,,,,,,,,,,,
2026-07-11 02:04:01,2026-07-11 02:00:00,489.23,0,23.78,96.03,951.23,0,455.508,0,24.74,87.19,954.88,0.1,508.044,0,22.68,99.24,949.51,0,478.38,0,23.4,94.8,952,0.2,,,,,,,,,,,,,,,,,,,,,,,,
2026-07-11 02:14:00,2026-07-11 02:10:00,489.231,0,23.67,95.54,951.2,0,455.508,0,24.74,86.25,954.84,0.1,508.044,0,22.76,99.06,949.45,0,,,,,,,,,,,,,,,,,,,,,,,,,,,,,,
2026-07-11 02:34:00,2026-07-11 02:20:00,489.231,0,23.87,95.2,951.08,0,455.508,0,24.75,86.17,954.79,0.2,508.044,0,22.73,98.98,949.28,0,,,,,,,,,,,,,,,,,,,,,,,,,,,,,,
2026-07-11 02:44:00,2026-07-11 02:30:00,489.231,0,24.05,94.25,950.99,0,455.508,0,24.88,86.27,954.72,0.1,508.044,0,22.71,99.18,949.2,0,478.38,0,23.4,94.9,951.6,0.2,,,,,,,,,,,,,,,,,,,,,,,,
2026-07-11 02:54:01,2026-07-11 02:50:00,489.231,0,23.88,94.7,950.96,0,455.508,0,24.84,85.68,954.71,0.1,508.043,0,22.71,99.5,949.23,0,,,,,,,,,,,,,,,,,,,,,,,,,,,,,,
2026-07-11 03:14:00,2026-07-11 03:00:00,489.231,0,23.72,93.72,950.93,0,455.508,0,24.81,86.32,954.68,0.1,508.044,0,22.68,99.37,949.1,0,478.38,0,23.3,94.4,951.6,0.2,,,,,,,,,,,,,,,,,,,,,,,,
2026-07-11 03:24:00,2026-07-11 03:10:00,489.23,0,24.04,91.06,950.7,0,455.508,0,24.58,87.5,954.44,0.1,508.044,0,22.68,99.51,949.01,0,,,,,,,,,,,,,,,,,,,,,,,,,,,,,,
2026-07-11 03:34:00,2026-07-11 03:20:00,489.224,0,24.13,93.09,950.71,0,455.508,0,24.67,86.44,954.45,0.1,508.044,0,22.68,99.55,948.97,0,,,,,,,,,,,,,,,,,,,,,,,,,,,,,,
2026-07-11 03:44:00,2026-07-11 03:30:00,489.224,0,23.94,94.7,950.57,0,455.508,0,24.41,87.85,954.4,0.1,508.044,0,22.76,99.6,948.85,0,478.38,0,23.1,94.1,951.3,0.2,,,,,,,,,,,,,,,,,,,,,,,,
2026-07-11 03:54:01,2026-07-11 03:40:00,489.231,0,24.22,91.53,950.54,0,455.508,0,24.82,86.08,954.38,0.2,508.044,0,22.66,99.59,948.86,0,,,,,,,,,,,,,,,,,,,,,,,,,,,,,,
2026-07-11 04:04:00,2026-07-11 03:50:00,489.224,0,24.02,91.23,950.48,0,455.508,0,24.39,86.34,954.42,0.1,508.044,0,22.56,99.72,948.81,0,,,,,,,,,,,,,,,,,,,,,,,,,,,,,,
2026-07-11 04:14:01,2026-07-11 04:10:00,489.224,0,23.98,91.72,950.39,0,455.508,0,23.98,88.29,954.26,0.2,508.044,0,22.57,99.4,948.61,0,,,,,,,,,,,,,,,,,,,,,,,,,,,,,,
2026-07-11 04:34:00,2026-07-11 04:20:00,489.224,0.2,23.54,93.63,950.29,0,455.508,0.2,23.62,89.55,954.05,0.1,508.044,0,22.66,99.48,948.52,0,,,,,,,,,,,,,,,,,,,,,,,,,,,,,,
2026-07-11 04:44:02,2026-07-11 04:40:00,489.231,0.2,23.47,93.27,950.28,0,455.508,0.2,23.41,91.65,954.07,0.2,508.044,0,22.56,99.37,948.52,0,,,,,,,,,,,,,,,,,,,,,,,,,,,,,,
2026-07-11 05:04:02,2026-07-11 05:00:00,489.224,0.2,23.77,92.31,950.33,0,455.508,0.2,23.45,89.88,954.04,0.2,508.044,0,22.6,98.95,948.57,0,478.38,0,22.9,94.6,951.1,0.2,,,,,,,,,,,,,,,,,,,,,,,,
2026-07-11 05:24:02,2026-07-11 05:20:00,489.224,0,23.84,95.47,950.26,0,455.508,0,23.64,90.76,954.08,0.1,508.044,0,22.67,98.68,948.59,0,,,,,,,,,,,,,,,,,,,,,,,,,,,,,,
2026-07-11 05:44:00,2026-07-11 05:30:00,489.224,0,23.82,92.05,950.21,0,455.508,0,24.05,88.91,954.02,0.1,508.044,0,22.63,98.64,948.52,0,478.38,0,22.9,94.7,951,0.3,,,,,,,,,,,,,,,,,,,,,,,,
2026-07-11 05:54:00,2026-07-11 05:40:00,489.224,0,23.65,91.98,950.25,0,455.508,0,23.76,90.44,954.09,0.2,508.044,0,22.62,98.59,948.56,0,,,,,,,,,,,,,,,,,,,,,,,,,,,,,,
2026-07-11 06:04:03,2026-07-11 06:00:00,489.224,0,23.78,94.44,950.35,1.5,455.508,0,23.65,89.35,954.22,2.8,508.044,0,22.62,98.32,948.69,5.1,478.38,0,22.7,94.7,951.2,5.4,,,,,,,,,,,,,,,,,,,,,,,,
2026-07-11 06:24:00,2026-07-11 06:10:00,489.224,0,23.67,92.55,950.43,5,455.508,0,24.16,87.05,954.25,10.4,508.044,0,22.77,97.88,948.76,16.4,,,,,,,,,,,,,,,,,,,,,,,,,,,,,,
2026-07-11 06:34:00,2026-07-11 06:20:00,489.224,0,23.82,91.48,950.47,8.4,455.508,0,24.4,86.2,954.26,9.5,508.044,0,22.78,98.02,948.67,17,,,,,,,,,,,,,,,,,,,,,,,,,,,,,,
2026-07-11 06:44:02,2026-07-11 06:40:00,489.224,0,24.01,94.2,950.75,16.9,455.508,0,23.98,88.6,954.54,14.2,508.044,0,22.93,97.93,949.06,26.3,,,,,,,,,,,,,,,,,,,,,,,,,,,,,,
2026-07-11 07:04:00,2026-07-11 06:50:00,489.224,0,24.25,90.97,950.75,31.8,455.508,0,24.26,86.66,954.62,16.9,508.044,0,23.03,98.09,949.23,32.9,,,,,,,,,,,,,,,,,,,,,,,,,,,,,,
2026-07-11 07:14:00,2026-07-11 07:00:00,489.224,0,24.23,90.69,950.99,31,455.508,0,24.24,88.83,954.85,21.1,508.044,0,23.05,98.04,949.37,45,478.38,0,23.4,94.5,951.8,38.2,,,,,,,,,,,,,,,,,,,,,,,,
2026-07-11 07:24:01,2026-07-11 07:20:00,489.224,0,24.13,91.47,951.23,29.9,455.508,0,24.72,85.76,955.03,30.6,508.044,0,23.24,96.34,949.59,57.1,,,,,,,,,,,,,,,,,,,,,,,,,,,,,,
2026-07-11 07:44:00,2026-07-11 07:40:00,489.216,0,24.42,90.05,951.37,49.9,455.508,0,24.67,87.25,955.12,61.8,508.044,0,23.18,95.85,949.77,66.3,,,,,,,,,,,,,,,,,,,,,,,,,,,,,,
2026-07-11 07:54:02,2026-07-11 07:50:00,489.216,0,24.53,92.83,951.61,52.5,455.508,0,24.61,87.46,955.34,55.3,508.044,0,23.4,95.64,949.9,79.2,,,,,,,,,,,,,,,,,,,,,,,,,,,,,,
2026-07-11 08:04:01,2026-07-11 08:00:00,489.217,0,24.66,91.74,951.74,57.2,455.508,0,24.84,86.99,955.46,57.6,508.044,0,23.38,95.61,950.01,64.8,478.38,0,23.9,92,952.5,61,,,,,,,,,,,,,,,,,,,,,,,,
2026-07-11 08:14:00,2026-07-11 08:10:00,489.217,0,24.7,89.52,951.81,77.2,455.508,0,24.85,86.6,955.5,75.8,508.044,0,23.38,96.65,950.14,69.2,,,,,,,,,,,,,,,,,,,,,,,,,,,,,,
2026-07-11 08:34:00,2026-07-11 08:20:00,489.216,0,25.04,89.6,951.88,98.4,455.508,0,25.28,85.74,955.57,92.9,508.043,0,23.44,95.63,950.16,103,,,,,,,,,,,,,,,,,,,,,,,,,,,,,,
2026-07-11 08:44:00,2026-07-11 08:30:00,489.217,0,25.22,86.67,951.98,139.2,455.501,0,25.36,84.93,955.71,112.8,508.043,0,23.72,95.01,950.15,134.7,478.37,0,24.7,92.6,952.6,142.4,,,,,,,,,,,,,,,,,,,,,,,,
2026-07-11 08:54:00,2026-07-11 08:40:00,489.216,0,25.62,85.02,951.86,214.5,455.508,0,25.77,84.93,955.59,239.3,508.043,0,24.17,93.75,950.06,170.6,,,,,,,,,,,,,,,,,,,,,,,,,,,,,,
2026-07-11 09:04:00,2026-07-11 08:50:00,489.216,0,25.81,83.18,951.95,191.7,455.501,0,26.3,84.73,955.64,246.6,508.043,0,24.39,93.33,950.11,178.2,,,,,,,,,,,,,,,,,,,,,,,,,,,,,,
2026-07-11 09:14:00,2026-07-11 09:00:00,489.216,0,26.07,86.08,951.9,189.4,455.507,0,26.98,82.19,955.63,255.2,508.043,0,25.22,90.75,950.11,320.6,478.38,0,26.4,87,952.6,265.8,,,,,,,,,,,,,,,,,,,,,,,,
2026-07-11 09:24:01,2026-07-11 09:20:00,489.216,0,25.93,84.72,951.9,113.3,455.508,0,26.83,81.56,955.62,128,508.043,0,25.84,88.19,950.03,419.4,,,,,,,,,,,,,,,,,,,,,,,,,,,,,,
2026-07-11 09:44:00,2026-07-11 09:30:00,489.21,0,26.08,83.17,951.83,140,455.508,0,26.55,82.95,955.62,165.6,508.05,0,25.83,87.53,949.91,232.5,478.37,0,27,84.9,952.4,232.8,,,,,,,,,,,,,,,,,,,,,,,,
2026-07-11 09:54:01,2026-07-11 09:40:00,489.21,0,26.13,84.91,951.76,191.4,455.508,0,26.81,79.92,955.52,239.1,508.049,0,25.79,87.8,949.89,251.4,,,,,,,,,,,,,,,,,,,,,,,,,,,,,,
2026-07-11 10:04:01,2026-07-11 09:50:00,489.21,0,26.71,82.41,951.64,267.6,455.508,0,27.57,80.93,955.41,376.3,508.049,0,26.24,87.38,949.84,420,,,,,,,,,,,,,,,,,,,,,,,,,,,,,,
2026-07-11 10:14:00,2026-07-11 10:00:00,489.21,0,27.49,79.5,951.69,248.8,455.508,0,28.18,78.03,955.4,339.8,508.049,0,27.03,83.34,949.86,402.7,478.37,0,29.2,81.4,952.4,398.5,,,,,,,,,,,,,,,,,,,,,,,,
2026-07-11 10:24:00,2026-07-11 10:10:00,489.21,0,27.13,82.76,951.63,255.9,455.508,0,28.28,78.41,955.34,312.5,508.056,0,27.53,83.22,949.77,318.6,,,,,,,,,,,,,,,,,,,,,,,,,,,,,,
2026-07-11 10:34:01,2026-07-11 10:20:00,489.203,0,28.13,78.78,951.53,284.5,455.507,0,28.34,78.15,955.2,335.6,508.055,0,27.49,82.21,949.69,304.5,,,,,,,,,,,,,,,,,,,,,,,,,,,,,,
2026-07-11 10:44:00,2026-07-11 10:30:00,489.203,0,27.66,79.95,951.55,237.8,455.507,0,29.06,75.73,955.13,310.3,508.056,0,27.73,84.1,949.61,331.2,478.37,0,29.5,81.4,952.1,365.2,,,,,,,,,,,,,,,,,,,,,,,,
2026-07-11 10:54:01,2026-07-11 10:40:00,489.203,0,27.66,79.82,951.51,286.2,455.507,0,29.28,74.77,955.1,305.1,508.055,0,27.23,82.75,949.6,401.2,,,,,,,,,,,,,,,,,,,,,,,,,,,,,,
2026-07-11 11:04:00,2026-07-11 10:50:00,489.203,0,27.99,81.7,951.37,320,455.502,0,28.9,73.24,955.02,325.2,508.055,0,27.06,84.23,949.51,389.1,,,,,,,,,,,,,,,,,,,,,,,,,,,,,,
2026-07-11 11:14:00,2026-07-11 11:00:00,489.21,0,27.44,81.57,951.36,270.7,455.507,0,28.25,75.3,954.95,270.2,508.049,0,26.75,84.34,949.48,414.9,478.37,0,30.1,81,952,444.9,,,,,,,,,,,,,,,,,,,,,,,,
2026-07-11 11:24:01,2026-07-11 11:10:00,489.203,0,27.24,79.53,951.3,298.8,455.507,0,27.71,76.84,954.83,256.5,508.055,0,27.93,82,949.42,383.1,,,,,,,,,,,,,,,,,,,,,,,,,,,,,,
2026-07-11 11:34:01,2026-07-11 11:20:00,489.203,0,27.52,80.37,951.15,384.3,455.508,0,27.8,76.79,954.7,383.8,508.056,0,28.86,82.51,949.33,395.1,,,,,,,,,,,,,,,,,,,,,,,,,,,,,,
2026-07-11 11:44:00,2026-07-11 11:30:00,489.203,0,27.69,78.19,951.05,354.6,455.508,0,28.09,75.99,954.6,321.6,508.055,0,29.3,77.91,949.13,504.6,478.37,0,31.2,79.2,951.7,1170.5,,,,,,,,,,,,,,,,,,,,,,,,
2026-07-11 11:54:00,2026-07-11 11:40:00,489.203,0,28.82,77.85,951.01,330,455.507,0,28.34,76.51,954.66,248.6,508.061,0,28.65,79.51,949.01,573.2,,,,,,,,,,,,,,,,,,,,,,,,,,,,,,
2026-07-11 12:04:00,2026-07-11 11:50:00,489.203,0,28.74,77.15,951.01,270.2,455.507,0,27.97,76.58,954.53,219.8,508.061,0,28.22,82.08,949.05,439.8,,,,,,,,,,,,,,,,,,,,,,,,,,,,,,
2026-07-11 12:14:00,2026-07-11 12:00:00,489.21,0,28.16,77.79,950.82,247.5,455.508,0,27.9,76.42,954.45,223.1,508.055,0,29.34,79.66,948.78,526.7,478.37,0,30,73.6,951.4,432,,,,,,,,,,,,,,,,,,,,,,,,
2026-07-11 12:24:00,2026-07-11 12:10:00,489.203,0,29.01,76.17,950.55,404.3,455.507,0,28.45,74.98,954.18,345.3,508.055,0,29.95,76.9,948.63,558.7,,,,,,,,,,,,,,,,,,,,,,,,,,,,,,
2026-07-11 12:34:00,2026-07-11 12:20:00,489.197,0,29.39,71.78,950.42,340.9,455.508,0,28.69,77.18,953.95,315.9,508.061,0,30.15,79.01,948.46,463.9,,,,,,,,,,,,,,,,,,,,,,,,,,,,,,
2026-07-11 12:44:00,2026-07-11 12:30:00,489.197,0,28.9,75.12,950.31,337.7,455.505,0,28.8,75.49,953.85,306.7,508.061,0,30.32,76.47,948.38,430.7,478.37,0,31.7,70.8,951,449,,,,,,,,,,,,,,,,,,,,,,,,
2026-07-11 12:54:01,2026-07-11 12:40:00,489.197,0,29.13,73.89,950.01,409.3,455.508,0,29.28,73.79,953.54,431.9,508.061,0,30.43,75.12,948.17,463.7,,,,,,,,,,,,,,,,,,,,,,,,,,,,,,
2026-07-11 13:04:00,2026-07-11 12:50:00,489.197,0,29.01,76.43,949.88,407.7,455.501,0,29.6,72.87,953.43,421.3,508.054,0,30.6,74.67,947.98,499.1,,,,,,,,,,,,,,,,,,,,,,,,,,,,,,
2026-07-11 13:14:00,2026-07-11 13:00:00,489.197,0,29.05,75.49,949.83,398.2,455.508,0,29.74,72.7,953.38,390.3,508.061,0,30.72,75.31,947.97,493.8,478.37,0,32.1,66.9,950.5,493.8,,,,,,,,,,,,,,,,,,,,,,,,
2026-07-11 13:24:00,2026-07-11 13:10:00,489.197,0,29.01,75.64,949.71,436.2,455.507,0,29.78,73.25,953.17,472.2,508.054,0,31.24,77.58,947.78,494.1,,,,,,,,,,,,,,,,,,,,,,,,,,,,,,
2026-07-11 13:34:01,2026-07-11 13:20:00,489.203,0,28.99,78.08,949.61,370.1,455.507,0,29.75,73.48,953.17,341.2,508.061,0,31.25,73.31,947.73,558.2,,,,,,,,,,,,,,,,,,,,,,,,,,,,,,
2026-07-11 13:44:00,2026-07-11 13:30:00,489.203,0,29.03,75.05,949.57,385.1,455.507,0,29.81,72.78,953.06,400.4,508.061,0,30.44,76.27,947.64,482.2,478.37,0,32.6,73.3,950.2,546.8,,,,,,,,,,,,,,,,,,,,,,,,
2026-07-11 13:54:00,2026-07-11 13:40:00,489.203,0,28.87,75.12,949.36,355.5,455.5,0,29.74,75.17,952.95,339.7,508.061,0,31.42,79.1,947.48,409.2,,,,,,,,,,,,,,,,,,,,,,,,,,,,,,
2026-07-11 14:04:01,2026-07-11 13:50:00,489.197,0,29.36,72.67,949.17,337,455.501,0,29.84,73.71,952.65,291,508.068,0,31.04,74.22,947.26,410.4,,,,,,,,,,,,,,,,,,,,,,,,,,,,,,
2026-07-11 14:14:00,2026-07-11 14:00:00,489.197,0,29.4,75.2,948.99,391.1,455.501,0,30.29,72.77,952.48,387.1,508.067,0,30.77,72.88,947.12,525.6,478.37,0,31.9,73.5,949.7,826.3,,,,,,,,,,,,,,,,,,,,,,,,
2026-07-11 14:24:00,2026-07-11 14:10:00,489.203,0,29.5,76.26,948.85,321.8,455.508,0,30.01,72.99,952.35,279,508.061,0,30.82,76.34,946.9,514.7,,,,,,,,,,,,,,,,,,,,,,,,,,,,,,
2026-07-11 14:34:00,2026-07-11 14:20:00,489.196,0,29.53,77.6,948.67,439.7,455.501,0,30.02,74.32,952.14,419.6,508.061,0,31.65,75.9,946.79,332,,,,,,,,,,,,,,,,,,,,,,,,,,,,,,
2026-07-11 14:44:00,2026-07-11 14:30:00,489.19,0,29.95,74.8,948.42,387.1,455.501,0,30.85,74.17,951.9,569.8,508.068,0,30.63,77.33,946.46,396,,,,,,,,,,,,,,,,,,,,,,,,,,,,,,
2026-07-11 14:54:00,2026-07-11 14:40:00,489.197,0,29.89,74.18,948.24,335.1,455.507,0,31.08,68.48,951.76,388,508.061,0,30.49,78.24,946.31,399.7,,,,,,,,,,,,,,,,,,,,,,,,,,,,,,
2026-07-11 15:04:00,2026-07-11 14:50:00,489.197,0,29.56,77.6,948.14,366.1,455.501,0,31.15,74.64,951.57,382.6,508.068,0,31.04,76.61,946.09,401.2,,,,,,,,,,,,,,,,,,,,,,,,,,,,,,
2026-07-11 15:14:00,2026-07-11 15:00:00,489.19,0,29.85,74.74,948,402.9,455.501,0,32.16,70.78,951.52,473.9,508.061,0,30.83,76.64,946.02,382.1,478.37,0,32.7,82.2,948.7,489.3,,,,,,,,,,,,,,,,,,,,,,,,
2026-07-11 15:24:00,2026-07-11 15:10:00,489.184,0,31.11,73.38,947.83,402.7,455.501,0,32.7,64.45,951.36,569.3,508.061,0,30.58,76.86,945.83,491,,,,,,,,,,,,,,,,,,,,,,,,,,,,,,
2026-07-11 15:34:00,2026-07-11 15:20:00,489.19,0,31.41,69.81,947.71,233.2,455.501,0,32.65,67.35,951.23,338.8,508.054,0,30.95,78.13,945.79,351.5,,,,,,,,,,,,,,,,,,,,,,,,,,,,,,
2026-07-11 15:44:00,2026-07-11 15:30:00,489.197,0,31.14,70.06,947.63,204.4,455.5,0,31.82,68.75,951.03,194.2,508.061,0,30.46,76.78,945.64,261.1,478.37,0,32.9,77.7,948.2,311.4,,,,,,,,,,,,,,,,,,,,,,,,
2026-07-11 15:54:01,2026-07-11 15:50:00,489.184,0,32.42,69.92,947.65,389,455.501,0,32.16,70.33,951.08,335,508.054,0,31.23,77.79,945.66,217.8,,,,,,,,,,,,,,,,,,,,,,,,,,,,,,
2026-07-11 16:14:00,2026-07-11 16:00:00,489.202,0,30.07,71.78,947.57,181.9,455.507,0,31.2,73.55,950.92,271.7,508.061,0,29.38,81.4,945.62,174.9,478.37,0,30.7,81.8,948.3,296.4,,,,,,,,,,,,,,,,,,,,,,,,
2026-07-11 16:24:00,2026-07-11 16:10:00,489.203,0,29.34,77.29,947.5,141.2,455.5,0,30.56,75.44,950.89,166.5,508.054,0,29.49,81.61,945.56,178.1,,,,,,,,,,,,,,,,,,,,,,,,,,,,,,
2026-07-11 16:34:00,2026-07-11 16:20:00,489.21,0,29.22,78.4,947.54,141.4,455.507,0,29.88,74.68,950.97,163,508.054,0,29.06,81.97,945.61,143.8,,,,,,,,,,,,,,,,,,,,,,,,,,,,,,
2026-07-11 16:44:00,2026-07-11 16:30:00,489.209,0,29.08,79.98,947.52,103.1,455.501,0,29.61,74.64,950.94,117.6,508.054,0,28.96,84.45,945.61,136.9,478.37,0,30,82.1,948.2,131.1,,,,,,,,,,,,,,,,,,,,,,,,
2026-07-11 16:54:00,2026-07-11 16:40:00,489.203,0,28.77,78.42,947.66,56.9,455.501,0,29.51,76.47,951,77.4,508.055,0,28.52,84.09,945.62,105.4,,,,,,,,,,,,,,,,,,,,,,,,,,,,,,
2026-07-11 17:04:01,2026-07-11 17:00:00,489.203,0,28.43,83.94,947.35,81.6,455.501,0,28.94,78.03,950.69,107.6,508.048,0,28.25,88.19,945.32,159.5,478.37,0,29.2,84.6,947.9,132.6,,,,,,,,,,,,,,,,,,,,,,,,
2026-07-11 17:24:00,2026-07-11 17:10:00,489.197,0,28.46,82.82,947.33,70.5,455.501,0,28.53,79.36,950.65,79.5,508.048,0,28.22,83.9,945.33,97.5,,,,,,,,,,,,,,,,,,,,,,,,,,,,,,
2026-07-11 17:34:00,2026-07-11 17:20:00,489.197,0,28,84.59,947.27,62.3,455.501,0,28.31,81.37,950.67,70.4,508.049,0,28.03,88.03,945.36,70.4,,,,,,,,,,,,,,,,,,,,,,,,,,,,,,
2026-07-11 17:44:01,2026-07-11 17:40:00,489.203,0,27.76,87.31,947.27,44.5,455.501,0,27.79,84.39,950.63,49.6,508.055,0,27.67,88.13,945.38,47,,,,,,,,,,,,,,,,,,,,,,,,,,,,,,
2026-07-11 17:54:01,2026-07-11 17:50:00,489.197,0,27.66,88.3,947.37,31.2,455.501,0,27.7,87.45,950.78,35,508.048,0.2,27.01,91.8,945.49,34.2,,,,,,,,,,,,,,,,,,,,,,,,,,,,,,
2026-07-11 18:04:00,2026-07-11 18:00:00,489.203,0,26.96,93.27,947.43,23.7,455.501,0,27.09,88.73,950.84,29.5,508.049,0.4,26.61,94.32,945.61,28.7,478.37,0.6,26.9,90.9,948.1,29.2,,,,,,,,,,,,,,,,,,,,,,,,
2026-07-11 18:14:08,2026-07-11 18:10:00,489.197,0.2,26.71,93.28,947.55,17.8,455.501,0.2,26.72,89.15,950.89,22,508.049,0.2,26.13,95.53,945.62,22.5,,,,,,,,,,,,,,,,,,,,,,,,,,,,,,
2026-07-11 18:24:00,2026-07-11 18:20:00,489.203,0.4,26.44,93.75,947.5,15.5,455.501,0.2,26.38,89.92,950.86,18,508.05,0.4,25.97,95.48,945.68,17.1,,,,,,,,,,,,,,,,,,,,,,,,,,,,,,
2026-07-11 18:44:00,2026-07-11 18:30:00,489.197,0.4,25.98,95.3,947.42,13.1,455.501,0.2,26.24,90.64,950.87,14.5,508.043,1.2,25.79,96.47,945.58,14.7,478.37,1.2,26,92.9,948,15.4,,,,,,,,,,,,,,,,,,,,,,,,
2026-07-11 18:54:00,2026-07-11 18:40:00,489.203,0.4,25.88,95.89,947.42,10.4,455.501,0.4,26.23,91.34,950.94,10.8,508.043,1.6,25.63,97.51,945.65,9.2,,,,,,,,,,,,,,,,,,,,,,,,,,,,,,
2026-07-11 19:04:00,2026-07-11 18:50:00,489.204,0.4,25.8,95.9,947.39,9.1,455.501,0.4,26.03,91.34,950.8,8.9,508.043,1.6,25.54,97.66,945.53,6.7,,,,,,,,,,,,,,,,,,,,,,,,,,,,,,
2026-07-11 19:14:00,2026-07-11 19:00:00,489.203,0.4,25.52,95.19,947.32,2.1,455.501,0.4,25.9,91.46,950.78,2.7,508.043,1.6,25.25,97.09,945.45,1.9,,,,,,,,,,,,,,,,,,,,,,,,,,,,,,
2026-07-11 19:24:00,2026-07-11 19:20:00,489.198,0,25.28,95.54,947.43,0,455.502,0,25.54,91.98,950.85,0.1,508.043,0,25.05,98.21,945.54,0,,,,,,,,,,,,,,,,,,,,,,,,,,,,,,
2026-07-11 19:44:01,2026-07-11 19:40:00,489.204,0,25.19,95.36,947.79,0,455.501,0,25.54,92.07,951.28,0.2,508.043,0,24.77,98.19,945.98,0,,,,,,,,,,,,,,,,,,,,,,,,,,,,,,
2026-07-11 20:04:00,2026-07-11 19:50:00,489.204,0,25.17,95.68,947.76,0,455.501,0,25.43,92.04,951.23,0.2,508.043,0.2,24.68,98.28,945.99,0,,,,,,,,,,,,,,,,,,,,,,,,,,,,,,
2026-07-11 20:14:00,2026-07-11 20:00:00,489.203,0.2,25.08,95.98,947.87,0,455.501,0,25.33,92.04,951.3,0.1,508.043,0.2,24.53,98.47,946.04,0,478.37,0,24.9,93.6,948.6,0.2,,,,,,,,,,,,,,,,,,,,,,,,
2026-07-11 20:24:01,2026-07-11 20:20:00,489.204,0,25.02,96.33,947.79,0,455.501,0,25.38,91.25,951.28,0.1,508.043,0,24.91,98.56,946.09,0,,,,,,,,,,,,,,,,,,,,,,,,,,,,,,
2026-07-11 20:34:00,2026-07-11 20:30:00,489.198,0,24.88,96.28,947.7,0,455.501,0,25.32,91.94,951.21,0.2,508.043,0,24.94,97.8,945.93,0,478.37,0,24.6,93.4,948.4,0.2,,,,,,,,,,,,,,,,,,,,,,,,
2026-07-11 20:54:01,2026-07-11 20:50:00,489.204,0,25.62,91.92,947.6,0,455.502,0,26.16,86.13,951.21,0.1,508.043,0,24.75,98.05,945.93,0,,,,,,,,,,,,,,,,,,,,,,,,,,,,,,
2026-07-11 21:14:00,2026-07-11 21:00:00,489.198,0,25.5,92.02,947.63,0,455.502,0,25.83,87.48,951.37,0.1,508.043,0,25.11,96.22,945.99,0,478.37,0,24.7,93.9,948.4,0.2,,,,,,,,,,,,,,,,,,,,,,,,
2026-07-11 21:24:00,2026-07-11 21:10:00,489.198,0,25.75,89.98,947.84,0,455.502,0,25.68,85.58,951.42,0.1,508.044,0,25.12,96.08,946.05,0,,,,,,,,,,,,,,,,,,,,,,,,,,,,,,
2026-07-11 21:34:00,2026-07-11 21:20:00,489.198,0,25.66,90.4,947.83,0,455.501,0,27.09,82.69,951.47,0.1,508.043,0,25.09,95.88,946.19,0,,,,,,,,,,,,,,,,,,,,,,,,,,,,,,
2026-07-11 21:44:00,2026-07-11 21:30:00,489.198,0,25.18,95.58,948.17,0,455.501,0,27.22,80.64,951.76,0.1,508.043,0,24.91,96.39,946.28,0,478.37,0,25,93,948.8,0.2,,,,,,,,,,,,,,,,,,,,,,,,
2026-07-11 21:54:00,2026-07-11 21:50:00,489.198,0,24.88,95.49,948.61,0,455.508,0,27.37,80.96,952.18,0.1,508.043,0,24.54,98.04,947.02,0,,,,,,,,,,,,,,,,,,,,,,,,,,,,,,
2026-07-11 22:14:00,2026-07-11 22:00:00,489.198,0,25.08,95.55,948.98,0,455.508,0,27.54,80.2,952.55,0.1,508.037,0,24.53,98.62,947.26,0,478.37,0,24.8,93.8,949.7,0.2,,,,,,,,,,,,,,,,,,,,,,,,
2026-07-11 22:24:00,2026-07-11 22:10:00,489.198,0,25.22,95.4,949.06,0,455.508,0,27.51,80.06,952.71,0.1,508.044,0,24.33,98.68,947.38,0,,,,,,,,,,,,,,,,,,,,,,,,,,,,,,
2026-07-11 22:34:01,2026-07-11 22:20:00,489.198,0,25.18,94.42,949.22,0,455.502,0,27.47,79.72,952.85,0.1,508.037,0,24.36,98.73,947.55,0,,,,,,,,,,,,,,,,,,,,,,,,,,,,,,
2026-07-11 22:44:00,2026-07-11 22:40:00,489.198,0,25.17,95.37,949.46,0,455.508,0,27.61,79.19,953.03,0.1,508.043,0,24.43,98.36,947.66,0,,,,,,,,,,,,,,,,,,,,,,,,,,,,,,
2026-07-11 22:54:03,2026-07-11 22:50:00,489.191,0,24.98,94.88,949.41,0,455.508,0,27.61,80.64,953,0.1,508.044,0,24.3,98.78,947.67,0,,,,,,,,,,,,,,,,,,,,,,,,,,,,,,
2026-07-11 23:14:00,2026-07-11 23:00:00,489.198,0,25.12,95.93,949.38,0,455.508,0,26.37,85.26,952.98,0.1,508.043,0,24.27,98.63,947.68,0,478.37,0,24.5,93.9,950.1,0.2,,,,,,,,,,,,,,,,,,,,,,,,
2026-07-11 23:24:01,2026-07-11 23:20:00,489.198,0,25.08,95.12,949.12,0,455.508,0,25.52,88.59,952.66,0.1,508.044,0,24.46,98.24,947.35,0,,,,,,,,,,,,,,,,,,,,,,,,,,,,,,
2026-07-11 23:44:00,2026-07-11 23:30:00,489.191,0,24.87,96.1,949.07,0,455.508,0,25.46,88.59,952.63,0.1,508.043,0,24.5,97.74,947.3,0,478.37,0,24.6,93.6,949.8,0.2,,,,,,,,,,,,,,,,,,,,,,,,
2026-07-11 23:54:00,2026-07-11 23:40:00,489.191,0,24.74,96.17,948.88,0,455.501,0,25.39,87.58,952.41,0.2,508.044,0,24.82,95.98,947.04,0,,,,,,,,,,,,,,,,,,,,,,,,,,,,,,
2026-07-12 00:04:00,2026-07-11 23:50:00,489.191,0,24.67,95.73,948.84,0,455.508,0,25.4,88.17,952.36,0.2,508.043,0,24.81,95.54,946.84,0,,,,,,,,,,,,,,,,,,,,,,,,,,,,,,
2026-07-12 00:14:01,2026-07-12 00:10:00,489.191,0,24.63,94.13,948.59,0,455.508,0,25.76,84.54,952.04,0.1,508.043,0,24.51,96.25,946.76,0,,,,,,,,,,,,,,,,,,,,,,,,,,,,,,
2026-07-12 00:24:00,2026-07-12 00:20:00,489.191,0,24.52,96.19,948.58,0,455.508,0,25.93,83.67,952,0.2,508.044,0,24.33,96.1,946.64,0,,,,,,,,,,,,,,,,,,,,,,,,,,,,,,
2026-07-12 00:34:01,2026-07-12 00:30:00,489.191,0,24.37,96.29,948.65,0,455.508,0,26.07,84.1,952.04,0.1,508.043,0,24.46,97.73,946.6,0,478.37,0,24.1,93.8,949.2,0.2,,,,,,,,,,,,,,,,,,,,,,,,
2026-07-12 00:44:00,2026-07-12 00:40:00,489.198,0,24.15,96.51,948.61,0,455.508,0,25.49,85.42,952.01,0.1,508.043,0,24.09,97.47,946.66,0,,,,,,,,,,,,,,,,,,,,,,,,,,,,,,
2026-07-12 01:04:00,2026-07-12 00:50:00,489.191,0,24.18,95.09,948.57,0,455.508,0,25.5,85.15,951.96,0.2,508.043,0,23.79,97.96,946.7,0,,,,,,,,,,,,,,,,,,,,,,,,,,,,,,
2026-07-12 01:14:00,2026-07-12 01:10:00,489.192,0,24.19,95.43,948.35,0,455.508,0,26.14,82.69,951.87,0.1,508.044,0,23.79,97.72,946.48,0,,,,,,,,,,,,,,,,,,,,,,,,,,,,,,
2026-07-12 01:34:00,2026-07-12 01:20:00,489.191,0,24.05,96.21,948.31,0,455.508,0,25.46,84.88,951.75,0.1,508.043,0,23.79,98.07,946.33,0,,,,,,,,,,,,,,,,,,,,,,,,,,,,,,
2026-07-12 01:44:01,2026-07-12 01:40:00,489.191,0,24.02,95.4,947.85,0,455.508,0,25.5,84.3,951.35,0.2,508.043,0,23.4,98.62,946,0,,,,,,,,,,,,,,,,,,,,,,,,,,,,,,
2026-07-12 02:04:01,2026-07-12 02:00:00,489.191,0,24.53,94.85,947.74,0,455.508,0,25.26,84.85,951.15,0.2,508.044,0,23.28,98.96,945.91,0,478.37,0,23.6,94.2,948.4,0.2,,,,,,,,,,,,,,,,,,,,,,,,
2026-07-12 02:14:02,2026-07-12 02:10:00,489.191,0,25.43,92.04,947.6,0,455.508,0,26.16,81.17,950.98,0.1,508.044,0,23.21,99.01,945.67,0,,,,,,,,,,,,,,,,,,,,,,,,,,,,,,
2026-07-12 02:34:00,2026-07-12 02:20:00,489.191,0,25.98,85.34,947.28,0,455.508,0,26.08,81.74,950.74,0.1,508.044,0,23.35,99.08,945.46,0,,,,,,,,,,,,,,,,,,,,,,,,,,,,,,
2026-07-12 02:44:00,2026-07-12 02:30:00,489.191,0,26.03,85.09,947.13,0,455.508,0,26.07,81.56,950.62,0.2,508.044,0,23.28,98.84,945.29,0,478.37,0,23.5,94.3,947.8,0.2,,,,,,,,,,,,,,,,,,,,,,,,
2026-07-12 02:54:00,2026-07-12 02:40:00,489.191,0,25.54,87.21,947.02,0,455.508,0,26.21,81.44,950.6,0.1,508.044,0,23.05,99.17,945.32,0,,,,,,,,,,,,,,,,,,,,,,,,,,,,,,
2026-07-12 03:04:00,2026-07-12 02:50:00,489.191,0,26.2,83.31,947.04,0,455.508,0,25.93,80.99,950.58,0.1,508.044,0,23.04,99.35,945.25,0,,,,,,,,,,,,,,,,,,,,,,,,,,,,,,
2026-07-12 03:14:00,2026-07-12 03:00:00,489.191,0,25.43,93.17,947,0.1,455.508,0,25.7,82.31,950.49,0.2,508.044,0,23.38,99.27,945.13,0,478.36,0,23.6,94.5,947.6,0.2,,,,,,,,,,,,,,,,,,,,,,,,
2026-07-12 03:24:01,2026-07-12 03:10:00,489.191,0,25.79,86.1,947.02,0,455.508,0,26.08,81.89,950.47,0.1,508.044,0,23.59,98.66,945.05,0,,,,,,,,,,,,,,,,,,,,,,,,,,,,,,
2026-07-12 03:34:03,2026-07-12 03:30:00,489.198,0,25.93,85.55,946.86,0,455.508,0,26.03,80.89,950.37,0.2,508.044,0,23.41,98.13,944.93,0,478.37,0,23.3,94.1,947.4,0.2,,,,,,,,,,,,,,,,,,,,,,,,
2026-07-12 03:54:00,2026-07-12 03:40:00,489.191,0,26.11,83.98,946.88,0,455.508,0,25.84,80.79,950.4,0.2,508.044,0,23.42,97.89,944.98,0,,,,,,,,,,,,,,,,,,,,,,,,,,,,,,
2026-07-12 04:04:00,2026-07-12 03:50:00,489.185,0,25.88,89.12,946.83,0,455.508,0,26.17,80.62,950.25,0.1,508.044,0,22.89,98.1,945.03,0,,,,,,,,,,,,,,,,,,,,,,,,,,,,,,
2026-07-12 04:14:00,2026-07-12 04:00:00,489.191,0,25.67,84.17,946.75,0,455.508,0,25.96,81.87,950.25,0.2,508.044,0,22.67,98.65,944.96,0,478.37,0,23,94.4,947.5,0.2,,,,,,,,,,,,,,,,,,,,,,,,
2026-07-12 04:24:00,2026-07-12 04:10:00,489.191,0,25.07,91,946.69,0,455.508,0,25.76,82.12,950.21,0.1,508.044,0,22.6,99.08,944.91,0,,,,,,,,,,,,,,,,,,,,,,,,,,,,,,
2026-07-12 04:34:01,2026-07-12 04:20:00,489.185,0,25.75,86.65,946.76,0,455.508,0,25.84,81.73,950.23,0.1,508.043,0,23.15,97.67,944.86,0,,,,,,,,,,,,,,,,,,,,,,,,,,,,,,
2026-07-12 04:44:00,2026-07-12 04:30:00,489.191,0,24.81,91.37,946.65,0,455.508,0,25.8,80.81,950.13,0.2,508.039,0,23.48,97.26,944.91,0,478.37,0,23.2,94.6,947.4,0.2,,,,,,,,,,,,,,,,,,,,,,,,
2026-07-12 04:54:00,2026-07-12 04:40:00,489.191,0,25.07,86.88,946.45,0,455.502,0,25.7,81.72,950.11,0.1,508.044,0,23.03,97.87,944.87,0,,,,,,,,,,,,,,,,,,,,,,,,,,,,,,
2026-07-12 05:04:00,2026-07-12 04:50:00,489.191,0,25.31,87.18,946.65,0,455.508,0,25.53,82.79,950.3,0.2,508.044,0,23,98.25,944.95,0,,,,,,,,,,,,,,,,,,,,,,,,,,,,,,
2026-07-12 05:14:00,2026-07-12 05:00:00,489.191,0,25.35,85.23,946.54,0,455.508,0,25.43,82.62,950.21,0.2,508.043,0,22.84,98.47,944.8,0,478.37,0,23,94.5,947.3,0.2,,,,,,,,,,,,,,,,,,,,,,,,
2026-07-12 05:24:01,2026-07-12 05:20:00,489.185,0,25.6,85.63,946.94,0,455.508,0,24.26,85.85,950.56,0.2,508.043,0,22.66,98.13,945.16,0,,,,,,,,,,,,,,,,,,,,,,,,,,,,,,
2026-07-12 05:44:00,2026-07-12 05:30:00,489.185,0,25.35,85.56,947.01,0,455.502,0,24.84,83.87,950.6,0.1,508.044,0,22.66,98.39,945.29,0,478.36,0,22.8,94.7,947.8,0.3,,,,,,,,,,,,,,,,,,,,,,,,
2026-07-12 05:54:01,2026-07-12 05:40:00,489.185,0,25.53,84.69,947.08,0,455.508,0,25.46,81.64,950.71,0.5,508.044,0,22.6,98.22,945.47,0,,,,,,,,,,,,,,,,,,,,,,,,,,,,,,
2026-07-12 06:04:01,2026-07-12 06:00:00,489.198,0,25.39,86.27,947.26,9.1,455.508,0,25.52,81.24,950.89,11.1,508.044,0,22.52,98.32,945.62,8.3,478.36,0,22.8,94.7,948,9.8,,,,,,,,,,,,,,,,,,,,,,,,
2026-07-12 06:14:00,2026-07-12 06:10:00,489.191,0,25.4,84.29,947.29,16.9,455.508,0,25.43,81.5,950.87,20.4,508.044,0,22.62,98.76,945.58,15,,,,,,,,,,,,,,,,,,,,,,,,,,,,,,
2026-07-12 06:34:03,2026-07-12 06:30:00,489.184,0,25.36,87.05,947.33,40.3,455.508,0,25.49,81.9,950.88,47.8,508.044,0,22.62,97.94,945.59,34.2,478.36,0.2,23.3,94,948,42.4,,,,,,,,,,,,,,,,,,,,,,,,
2026-07-12 06:54:00,2026-07-12 06:40:00,489.184,0,25.6,82.45,947.29,53.1,455.501,0,25.63,80.96,950.78,62.3,508.044,0,23.37,96.23,945.58,57.8,,,,,,,,,,,,,,,,,,,,,,,,,,,,,,
2026-07-12 07:04:00,2026-07-12 06:50:00,489.191,0,25.9,84.34,947.24,104.4,455.508,0,25.81,80.63,950.79,109.5,508.044,0,23.95,95.65,945.56,78.1,,,,,,,,,,,,,,,,,,,,,,,,,,,,,,
2026-07-12 07:14:00,2026-07-12 07:00:00,489.191,0,26.09,81.41,947.41,144.6,455.508,0,26.2,79.34,951.03,182.9,508.044,0,24.95,90.55,945.74,156.4,478.36,0.2,24.5,91.9,948.2,129.7,,,,,,,,,,,,,,,,,,,,,,,,
2026-07-12 07:24:00,2026-07-12 07:10:00,489.185,0,26.39,80.27,947.55,164.8,455.508,0,26.61,78.64,951.1,232,508.044,0,26.85,86.23,945.93,212.7,,,,,,,,,,,,,,,,,,,,,,,,,,,,,,
2026-07-12 07:34:00,2026-07-12 07:20:00,489.191,0,26.55,80.69,947.6,196,455.508,0,27.01,77.86,951.28,240,508.043,0,27.73,81.9,946.03,253.9,,,,,,,,,,,,,,,,,,,,,,,,,,,,,,
2026-07-12 07:44:00,2026-07-12 07:30:00,489.191,0,26.66,80.06,947.82,208.8,455.508,0,27.23,77.34,951.43,289.6,508.043,0,26.59,83.66,946.19,198.5,,,,,,,,,,,,,,,,,,,,,,,,,,,,,,
2026-07-12 07:54:00,2026-07-12 07:40:00,489.19,0,26.89,79.98,947.95,301,455.501,0,27.29,75.79,951.61,208.3,508.05,0,26.96,82.89,946.3,284.3,,,,,,,,,,,,,,,,,,,,,,,,,,,,,,
2026-07-12 08:04:01,2026-07-12 07:50:00,489.191,0,27.21,78.84,947.97,372.1,455.501,0,28.16,78.41,951.72,263.9,508.049,0,26.86,85.29,946.39,330.3,,,,,,,,,,,,,,,,,,,,,,,,,,,,,,
2026-07-12 08:14:00,2026-07-12 08:00:00,489.184,0,27.49,79.82,948.13,439.4,455.501,0,29.18,76.73,951.82,432.8,508.049,0,26.58,84.82,946.3,263,,,,,,,,,,,,,,,,,,,,,,,,,,,,,,
2026-07-12 08:24:00,2026-07-12 08:10:00,489.184,0,27.62,78.03,948.17,288.3,455.501,0,29.45,73.69,951.79,454.1,508.049,0,26.52,89.1,946.49,205.6,,,,,,,,,,,,,,,,,,,,,,,,,,,,,,
2026-07-12 08:34:00,2026-07-12 08:20:00,489.178,0,27.78,78.3,948.17,158.9,455.507,0,28.58,73.46,951.71,427.1,508.049,0,28.14,82.27,946.41,378.5,,,,,,,,,,,,,,,,,,,,,,,,,,,,,,
2026-07-12 08:44:01,2026-07-12 08:40:00,489.178,0,28.27,74.91,948.26,408.1,455.501,0,28.41,72.75,951.73,434.2,508.049,0,29.19,78.99,946.51,386.8,,,,,,,,,,,,,,,,,,,,,,,,,,,,,,
2026-07-12 09:04:00,2026-07-12 08:50:00,489.178,0,28.37,74.48,948.33,429.3,455.5,0,28.67,73.77,951.85,494.4,508.055,0,29.6,79.04,946.6,406.6,,,,,,,,,,,,,,,,,,,,,,,,,,,,,,
2026-07-12 09:14:00,2026-07-12 09:00:00,489.171,0,28.13,77.61,948.51,461.9,455.501,0,29.1,73.8,951.97,537.3,508.062,0,28.05,79.57,946.85,469.2,478.36,0,30.5,80.9,949.3,480.3,,,,,,,,,,,,,,,,,,,,,,,,
2026-07-12 09:24:00,2026-07-12 09:10:00,489.178,0,28.17,74.3,948.55,384.7,455.501,0,29.14,72.88,952.07,520.6,508.062,0,28.86,78.66,946.88,521.2,,,,,,,,,,,,,,,,,,,,,,,,,,,,,,
2026-07-12 09:34:00,2026-07-12 09:20:00,489.171,0,28.39,74.27,948.59,486.4,455.501,0,29.28,71.54,952.16,499.3,508.055,0,28.29,80.08,947.02,613,,,,,,,,,,,,,,,,,,,,,,,,,,,,,,
2026-07-12 09:44:00,2026-07-12 09:30:00,489.171,0,28.67,76.04,948.74,525,455.501,0,30.22,69.65,952.28,547.9,508.061,0,29.06,78.83,947.04,623.1,478.36,0,31.3,74.1,949.5,623.2,,,,,,,,,,,,,,,,,,,,,,,,
2026-07-12 09:54:01,2026-07-12 09:50:00,489.178,0,28.53,77.53,948.96,517.4,455.501,0,30.06,71.29,952.51,612.4,508.055,0,28.89,81.07,947.18,648.7,,,,,,,,,,,,,,,,,,,,,,,,,,,,,,
2026-07-12 10:14:00,2026-07-12 10:00:00,489.178,0,28.7,75.28,949.03,615.8,455.5,0,30.16,70.11,952.64,674.3,508.061,0,29.33,77.89,947.29,587.8,478.36,0,31.3,69.6,949.8,633.7,,,,,,,,,,,,,,,,,,,,,,,,
2026-07-12 10:24:00,2026-07-12 10:10:00,489.171,0,28.74,74.42,949.03,659.7,455.501,0,29.92,69.32,952.57,721,508.055,0,29.95,77.19,947.29,710.2,,,,,,,,,,,,,,,,,,,,,,,,,,,,,,
2026-07-12 10:34:00,2026-07-12 10:20:00,489.178,0,28.98,75.48,949.09,676.1,455.501,0,30.3,71.32,952.57,773.7,508.061,0,30.19,76.76,947.28,669.1,,,,,,,,,,,,,,,,,,,,,,,,,,,,,,
2026-07-12 10:44:00,2026-07-12 10:30:00,489.171,0,29.57,72.38,949.06,762.5,455.501,0,30.43,70.27,952.57,607.6,508.061,0,30.14,76.67,947.24,798.2,478.35,0,33.6,72.5,949.8,767.3,,,,,,,,,,,,,,,,,,,,,,,,
2026-07-12 10:54:00,2026-07-12 10:40:00,489.171,0,29.52,73.29,949.07,920,455.5,0,30.94,70.56,952.61,726.6,508.061,0,31.23,73.01,947.27,908.8,,,,,,,,,,,,,,,,,,,,,,,,,,,,,,
2026-07-12 11:04:01,2026-07-12 11:00:00,489.171,0,29.77,71.92,949.02,428.4,455.5,0,30.85,71.39,952.54,447.1,508.061,0,30.9,75.43,947.08,376.4,478.36,0,33.2,73.5,949.7,653.1,,,,,,,,,,,,,,,,,,,,,,,,
2026-07-12 11:14:04,2026-07-12 11:10:00,489.171,0,29.83,74.97,949.05,384.5,455.501,0,30.48,68.11,952.49,363,508.068,0,31.01,73.02,947.15,427.4,,,,,,,,,,,,,,,,,,,,,,,,,,,,,,
2026-07-12 11:34:01,2026-07-12 11:30:00,489.171,0,29.64,72.42,949.05,374.1,455.501,0,30.39,70.16,952.51,383.4,508.061,0,30.08,76.82,947.23,363.7,478.35,0,31.4,78.9,949.8,349.2,,,,,,,,,,,,,,,,,,,,,,,,
2026-07-12 11:54:00,2026-07-12 11:40:00,489.178,0,29.83,77.66,949.01,265.9,455.501,0,30.81,69.77,952.39,303.8,508.061,0,30.26,77.56,947.08,490.7,,,,,,,,,,,,,,,,,,,,,,,,,,,,,,
2026-07-12 12:04:01,2026-07-12 12:00:00,489.178,0,29.53,76.38,948.88,244.3,455.501,0,30.32,71.02,952.22,215.9,508.061,0,29.84,79,946.93,307.5,478.35,0,31.3,77,949.5,254.9,,,,,,,,,,,,,,,,,,,,,,,,
2026-07-12 12:24:00,2026-07-12 12:10:00,489.178,0,29.47,72.67,948.82,202.3,455.501,0,30.02,71.22,952.22,204.7,508.061,0,30.46,77.68,946.93,304.9,,,,,,,,,,,,,,,,,,,,,,,,,,,,,,
2026-07-12 12:34:00,2026-07-12 12:20:00,489.171,0,29.29,77.33,948.89,201.8,455.501,0,29.93,71.78,952.23,214.3,508.061,0,30.14,78.41,946.91,223.4,,,,,,,,,,,,,,,,,,,,,,,,,,,,,,
2026-07-12 12:44:00,2026-07-12 12:30:00,489.178,0,29.5,79.35,948.74,219.4,455.501,0,29.84,73.03,952.11,200.7,508.061,0,29.78,78.11,946.91,180.3,478.35,0,29.7,82,949.4,140.3,,,,,,,,,,,,,,,,,,,,,,,,
2026-07-12 12:54:00,2026-07-12 12:40:00,489.178,0,29.36,77.13,948.74,207.8,455.501,0,29.92,73.76,952.09,216.2,508.055,0,29.64,79.77,946.76,236.9,,,,,,,,,,,,,,,,,,,,,,,,,,,,,,
2026-07-12 13:04:00,2026-07-12 12:50:00,489.172,0,29.63,75.94,948.58,288.9,455.501,0,30.56,73.07,951.92,272.5,508.054,0,30.14,78.09,946.64,272.2,,,,,,,,,,,,,,,,,,,,,,,,,,,,,,
2026-07-12 13:14:00,2026-07-12 13:00:00,489.165,0,30.01,71.28,948.45,357.2,455.501,0,30.95,71.34,951.86,313.9,508.055,0,30.11,80.47,946.57,287.4,478.35,0,30.6,84.4,949.1,258.8,,,,,,,,,,,,,,,,,,,,,,,,
2026-07-12 13:24:00,2026-07-12 13:10:00,489.171,0,30.94,74.44,948.39,299,455.501,0,30.9,73.28,951.79,333,508.054,0,30.56,81,946.48,420.5,,,,,,,,,,,,,,,,,,,,,,,,,,,,,,
2026-07-12 13:34:00,2026-07-12 13:20:00,489.165,0,30.55,74.09,948.25,381.4,455.501,0,31.13,69.72,951.68,398.9,508.061,0,30.97,75.27,946.34,353.6,,,,,,,,,,,,,,,,,,,,,,,,,,,,,,
2026-07-12 13:44:00,2026-07-12 13:30:00,489.159,0,30.58,72.73,948.09,433.9,455.5,0,31.38,70.06,951.48,463.5,508.061,0,30.74,76.48,946.24,321.2,478.35,0,31.4,78.7,948.8,386.6,,,,,,,,,,,,,,,,,,,,,,,,
2026-07-12 13:54:00,2026-07-12 13:40:00,489.159,0,30.55,73.02,947.86,457.9,455.501,0,32.5,72.46,951.32,537.3,508.054,0,31.27,76.89,946.12,369.8,,,,,,,,,,,,,,,,,,,,,,,,,,,,,,
2026-07-12 14:04:00,2026-07-12 13:50:00,489.159,0,30.62,69.93,947.83,358.4,455.5,0,32.26,64.85,951.27,470.4,508.061,0,31.67,77.85,946.02,415.1,,,,,,,,,,,,,,,,,,,,,,,,,,,,,,
2026-07-12 14:14:00,2026-07-12 14:00:00,489.159,0,30.42,74.47,947.7,353.1,455.5,0,31.85,67.38,951.07,450.9,508.067,0,31.54,74.64,945.85,330.7,478.35,0,31.6,75.1,948.4,374.4,,,,,,,,,,,,,,,,,,,,,,,,
2026-07-12 14:24:00,2026-07-12 14:10:00,489.159,0,30.77,74.33,947.57,238.2,455.501,0,31.73,68.27,950.98,334.6,508.061,0,31.3,74.22,945.64,323.9,,,,,,,,,,,,,,,,,,,,,,,,,,,,,,
2026-07-12 14:34:00,2026-07-12 14:20:00,489.159,0,30.94,77.06,947.47,205.9,455.501,0,31.52,72.11,950.89,183.6,508.061,0,31.3,77.54,945.59,355.2,,,,,,,,,,,,,,,,,,,,,,,,,,,,,,
2026-07-12 14:44:00,2026-07-12 14:30:00,489.165,0,30.53,75.84,947.32,216.3,455.5,0,31.1,75.3,950.72,212.2,508.061,0,31.27,74.55,945.37,353.9,478.35,0,31.5,81.1,948,327.4,,,,,,,,,,,,,,,,,,,,,,,,
2026-07-12 14:54:00,2026-07-12 14:40:00,489.165,0,30.29,76.13,947.13,227.6,455.507,0,31.59,73.41,950.55,266.1,508.061,0,30.76,74.17,945.12,315.6,,,,,,,,,,,,,,,,,,,,,,,,,,,,,,
2026-07-12 15:04:00,2026-07-12 14:50:00,489.165,0,30.35,75.68,947.06,256.7,455.507,0,31.72,76.28,950.45,247.6,508.061,0,31.28,75.26,945.09,271.8,,,,,,,,,,,,,,,,,,,,,,,,,,,,,,
2026-07-12 15:14:00,2026-07-12 15:00:00,489.159,0,31.08,72.63,946.89,288.4,455.507,0,31.71,71.33,950.3,342.6,508.061,0,30.82,76.53,945.02,295.9,478.35,0,30.3,79,947.6,289.8,,,,,,,,,,,,,,,,,,,,,,,,
2026-07-12 15:24:00,2026-07-12 15:10:00,489.152,0,31.08,72.56,946.74,295.6,455.501,0,32.07,72.36,950.18,350.2,508.061,0,30.23,75.69,944.9,308.9,,,,,,,,,,,,,,,,,,,,,,,,,,,,,,
2026-07-12 15:34:00,2026-07-12 15:20:00,489.159,0,31.24,72.29,946.69,245.1,455.5,0,31.95,70.64,950.05,274.3,508.061,0,31.1,75.21,944.8,378.1,,,,,,,,,,,,,,,,,,,,,,,,,,,,,,
2026-07-12 15:44:00,2026-07-12 15:30:00,489.152,0,31.38,69.85,946.52,308.2,455.501,0,32.28,71.74,949.89,333.2,508.055,0,31.38,75.66,944.67,320.7,478.35,0,31.3,85,947.2,341.5,,,,,,,,,,,,,,,,,,,,,,,,
2026-07-12 15:54:00,2026-07-12 15:50:00,489.159,0,29.97,75.93,946.32,246.3,455.5,0,32.5,68.32,949.76,276,508.061,0,30.28,79.93,944.44,218,,,,,,,,,,,,,,,,,,,,,,,,,,,,,,
2026-07-12 16:14:00,2026-07-12 16:00:00,489.165,0,29.53,77.4,946.21,194.7,455.5,0,31.77,69.78,949.62,207.9,508.054,0,30,81.13,944.37,143.7,478.35,0,30.8,80.5,947,175,,,,,,,,,,,,,,,,,,,,,,,,
2026-07-12 16:24:00,2026-07-12 16:10:00,489.159,0,29.49,76.8,946.14,186,455.501,0,31.28,73.36,949.49,204.8,508.061,0,29.67,82.14,944.22,145.1,,,,,,,,,,,,,,,,,,,,,,,,,,,,,,
2026-07-12 16:34:00,2026-07-12 16:20:00,489.165,0,29.36,76.23,946.03,144.1,455.5,0,30.44,71.98,949.38,167.4,508.055,0,29.11,86.94,944.12,162.8,,,,,,,,,,,,,,,,,,,,,,,,,,,,,,
2026-07-12 16:44:00,2026-07-12 16:30:00,489.165,0,29.28,74.62,946.01,108.7,455.501,0,30.27,72.24,949.34,135.3,508.055,0,29.82,82.2,944.06,171.8,478.35,0,30.3,85.8,946.7,173.8,,,,,,,,,,,,,,,,,,,,,,,,
2026-07-12 16:54:00,2026-07-12 16:40:00,489.165,0,29.22,81.62,945.88,122.7,455.501,0,30.26,74.02,949.25,137.9,508.048,0,29.47,84.53,944.12,147.5,,,,,,,,,,,,,,,,,,,,,,,,,,,,,,
2026-07-12 17:04:00,2026-07-12 16:50:00,489.165,0,29.3,77.99,946.04,154.8,455.501,0,30.4,73.83,949.36,155.1,508.055,0,29.74,80.85,944.06,185,,,,,,,,,,,,,,,,,,,,,,,,,,,,,,
2026-07-12 17:14:00,2026-07-12 17:00:00,489.159,0,29.56,79.99,946,208,455.501,0,30.54,73.77,949.34,198.6,508.054,0,30.35,82.68,944.16,193.3,478.35,0,30.3,81.8,946.7,277.5,,,,,,,,,,,,,,,,,,,,,,,,
2026-07-12 17:24:00,2026-07-12 17:10:00,489.159,0,29.45,75.33,946.15,139.4,455.5,0,30.66,73.15,949.44,151.9,508.055,0,30.43,77.24,944.23,170.1,,,,,,,,,,,,,,,,,,,,,,,,,,,,,,
2026-07-12 17:34:00,2026-07-12 17:20:00,489.159,0,29.71,79.65,946.15,139.6,455.501,0,30.3,75.21,949.42,164.5,508.055,0,30.01,77.07,944.28,153.9,,,,,,,,,,,,,,,,,,,,,,,,,,,,,,
2026-07-12 17:44:00,2026-07-12 17:30:00,489.159,0,29.32,82.22,946.2,107.3,455.501,0,30.4,75.99,949.44,123.5,508.061,0,29.91,76.8,944.24,116.4,478.35,0,30.3,80,946.8,139.4,,,,,,,,,,,,,,,,,,,,,,,,
2026-07-12 17:54:00,2026-07-12 17:50:00,489.165,0,28.9,81.14,946.2,56.4,455.501,0,29.71,77.27,949.52,66,508.055,0,28.68,86.49,944.29,51.5,,,,,,,,,,,,,,,,,,,,,,,,,,,,,,
2026-07-12 18:14:00,2026-07-12 18:00:00,489.165,0,28.72,78.81,946.22,33.7,455.501,0,29.33,76.84,949.52,41.8,508.048,0,27.97,89.85,944.38,32.9,478.35,0,28.6,87.6,946.9,40.2,,,,,,,,,,,,,,,,,,,,,,,,
2026-07-12 18:24:00,2026-07-12 18:10:00,489.165,0,28.54,81.8,946.24,20.1,455.501,0,29.04,76.75,949.67,25.9,508.048,0,27.57,91.1,944.36,20.8,,,,,,,,,,,,,,,,,,,,,,,,,,,,,,
2026-07-12 18:34:00,2026-07-12 18:20:00,489.165,0,28.42,83.69,946.35,10.6,455.501,0,28.76,78.99,949.8,14.2,508.049,0,27.47,91.25,944.54,12.5,,,,,,,,,,,,,,,,,,,,,,,,,,,,,,
2026-07-12 18:44:00,2026-07-12 18:30:00,489.165,0,28.2,81.11,946.64,6.1,455.501,0,28.46,80.3,950,8.4,508.049,0,27.3,92.9,944.77,10.3,478.35,0,27.6,88.3,947.3,10.3,,,,,,,,,,,,,,,,,,,,,,,,
2026-07-12 18:54:00,2026-07-12 18:40:00,489.165,0,28,83.83,946.86,3.1,455.501,0,28.21,81.78,950.2,5,508.049,0,26.99,92.49,944.92,8.2,,,,,,,,,,,,,,,,,,,,,,,,,,,,,,
2026-07-12 19:04:00,2026-07-12 18:50:00,489.171,0,27.07,87.73,947.04,2.8,455.501,0,28.02,81.96,950.38,3.1,508.049,0,26.84,94.04,945.12,3.1,,,,,,,,,,,,,,,,,,,,,,,,,,,,,,
2026-07-12 19:24:00,2026-07-12 19:20:00,489.172,0.2,25.6,96.41,947.43,0,455.501,0,25.91,89.05,950.93,0.2,508.049,0,26.5,95.16,945.55,0,,,,,,,,,,,,,,,,,,,,,,,,,,,,,,
2026-07-12 19:44:00,2026-07-12 19:30:00,489.166,0.2,26.05,92.76,947.54,0,455.501,0,25.89,88.86,951.03,0.2,508.043,0,26.19,92.9,945.65,0,478.35,0,26.6,87.8,948.2,0.2,,,,,,,,,,,,,,,,,,,,,,,,
2026-07-12 19:54:01,2026-07-12 19:40:00,489.165,0.2,25.72,94.13,947.59,0,455.501,0,26.3,87.29,951.08,0.1,508.049,0,26.4,86.86,945.76,0,,,,,,,,,,,,,,,,,,,,,,,,,,,,,,
2026-07-12 20:04:00,2026-07-12 19:50:00,489.166,0.2,25.93,91.63,947.7,0,455.501,0,26.26,86.34,951.26,0.1,508.043,0,26.4,91.42,945.83,0,,,,,,,,,,,,,,,,,,,,,,,,,,,,,,
2026-07-12 20:14:00,2026-07-12 20:10:00,489.165,0,26.46,86.14,948.01,0,455.501,0,26.34,85.06,951.47,0.1,508.049,0,25.89,91.93,946.03,0,,,,,,,,,,,,,,,,,,,,,,,,,,,,,,
2026-07-12 20:34:01,2026-07-12 20:30:00,489.16,0,25.73,91.67,948.35,0,455.501,0,26.01,84.96,951.9,0.1,508.049,0,25.97,85.62,946.4,0,478.35,0,26.2,86.3,949.1,0.2,,,,,,,,,,,,,,,,,,,,,,,,
2026-07-12 20:44:01,2026-07-12 20:40:00,489.165,0,26.08,87.8,948.4,0,455.501,0,25.69,87.26,952,0.2,508.05,0,25.7,93.12,946.48,0,,,,,,,,,,,,,,,,,,,,,,,,,,,,,,
2026-07-12 21:04:00,2026-07-12 20:50:00,489.16,0,26.27,85.52,948.31,0,455.502,0,25.25,88.21,951.93,0.2,508.05,0,25.45,89.99,946.58,0,,,,,,,,,,,,,,,,,,,,,,,,,,,,,,
2026-07-12 21:14:00,2026-07-12 21:00:00,489.16,0,26.59,86.68,948.42,0,455.502,0,25.25,88.84,952.01,0.1,508.05,0,25.48,90.69,946.66,0,478.34,0,25.6,86.2,949.1,0.2,,,,,,,,,,,,,,,,,,,,,,,,
2026-07-12 21:24:00,2026-07-12 21:10:00,489.16,0,26.55,85.66,948.54,0,455.501,0,26.27,83.54,952.06,0.2,508.05,0,25.46,93.1,946.73,0,,,,,,,,,,,,,,,,,,,,,,,,,,,,,,
2026-07-12 21:34:00,2026-07-12 21:20:00,489.165,0,26.51,85.52,948.72,0,455.501,0,26.99,80.95,952.31,0.1,508.05,0,25.29,91.35,946.9,0,,,,,,,,,,,,,,,,,,,,,,,,,,,,,,
2026-07-12 21:44:00,2026-07-12 21:30:00,489.16,0,26.38,88.4,948.86,0,455.501,0,26.68,80.92,952.45,0.1,508.044,0,25.23,92.3,947.11,0,478.35,0,25.3,87.6,949.6,0.2,,,,,,,,,,,,,,,,,,,,,,,,
2026-07-12 21:54:00,2026-07-12 21:40:00,489.165,0,26.58,87.19,948.92,0,455.502,0,26.26,84.2,952.51,0.1,508.043,0,25.14,93.79,947.09,0,,,,,,,,,,,,,,,,,,,,,,,,,,,,,,
2026-07-12 22:04:00,2026-07-12 21:50:00,489.16,0,26.62,85.39,949.02,0,455.502,0,25.87,85.07,952.59,0.2,508.043,0,25.36,87.8,947.11,0,,,,,,,,,,,,,,,,,,,,,,,,,,,,,,
2026-07-12 22:14:05,2026-07-12 22:10:00,489.153,0,26.59,86.07,949.09,0,455.502,0,25.68,86.84,952.68,0.2,508.043,0,25.11,94.04,947.26,0,,,,,,,,,,,,,,,,,,,,,,,,,,,,,,
2026-07-12 22:34:01,2026-07-12 22:20:00,489.16,0,26.55,85.25,949.18,0,455.501,0,25.75,86.93,952.75,0.1,508.043,0,25.07,91.71,947.28,0,,,,,,,,,,,,,,,,,,,,,,,,,,,,,,
2026-07-12 22:44:00,2026-07-12 22:30:00,489.16,0,26.48,86.03,949.16,0,455.502,0,26.37,83.6,952.76,0.2,508.05,0,25.04,93.34,947.4,0,478.34,0,24.9,89.6,949.9,0.2,,,,,,,,,,,,,,,,,,,,,,,,
2026-07-12 22:54:00,2026-07-12 22:40:00,489.16,0,26.51,85.25,949.3,0,455.501,0,26.7,82.7,952.93,0.1,508.044,0,24.85,93.54,947.5,0,,,,,,,,,,,,,,,,,,,,,,,,,,,,,,
2026-07-12 23:04:00,2026-07-12 22:50:00,489.159,0,26.48,86.41,949.43,0,455.502,0,26.59,81.39,952.94,0.1,508.043,0,24.58,94.94,947.57,0,,,,,,,,,,,,,,,,,,,,,,,,,,,,,,
2026-07-12 23:14:01,2026-07-12 23:10:00,489.153,0,26.59,85.5,949.54,0,455.501,0,26.68,82.16,953.17,0.1,508.043,0,24.43,96.07,947.72,0,,,,,,,,,,,,,,,,,,,,,,,,,,,,,,
2026-07-12 23:34:00,2026-07-12 23:20:00,489.159,0,26.56,84.57,949.47,0,455.501,0,26.67,81.39,953.1,0.1,508.05,0,24.29,95.74,947.64,0,,,,,,,,,,,,,,,,,,,,,,,,,,,,,,
2026-07-12 23:44:00,2026-07-12 23:30:00,489.16,0,26.48,87.72,949.38,0,455.502,0,26.51,82.34,953.07,0.2,508.043,0,24.19,95.65,947.66,0,478.34,0,24.5,91.3,950.1,0.2,,,,,,,,,,,,,,,,,,,,,,,,
2026-07-12 23:54:00,2026-07-12 23:40:00,489.153,0,26.44,85.17,949.48,0,455.502,0,26.04,83.82,953.18,0.1,508.043,0,24.12,96.38,947.8,0,,,,,,,,,,,,,,,,,,,,,,,,,,,,,,
2026-07-13 00:04:00,2026-07-12 23:50:00,489.16,0,26.38,84.48,949.49,0,455.501,0,26.17,83.52,953.14,0.1,508.043,0,24.36,94.5,947.78,0,,,,,,,,,,,,,,,,,,,,,,,,,,,,,,
2026-07-13 00:14:00,2026-07-13 00:00:00,489.16,0,26.27,84.09,949.33,0,455.502,0,26.26,82.55,952.9,0.1,508.043,0,24.24,96.06,947.49,0,478.34,0,24.7,90.8,950,0.2,,,,,,,,,,,,,,,,,,,,,,,,
2026-07-13 00:24:00,2026-07-13 00:20:00,489.153,0,26.31,85.52,948.98,0,455.501,0,26.42,83.14,952.62,0.2,508.043,0,24.12,96.64,947.19,0,,,,,,,,,,,,,,,,,,,,,,,,,,,,,,
2026-07-13 00:44:00,2026-07-13 00:30:00,489.153,0,26.34,86.96,948.76,0,455.502,0,26.24,82.85,952.42,0.1,508.043,0,24,96.56,946.99,0,478.34,0,24.5,92.1,949.6,0.2,,,,,,,,,,,,,,,,,,,,,,,,
2026-07-13 00:54:00,2026-07-13 00:40:00,489.159,0,26.3,85.87,948.83,0,455.502,0,26.35,81.51,952.43,0.1,508.043,0,23.86,96.42,947.07,0,,,,,,,,,,,,,,,,,,,,,,,,,,,,,,
2026-07-13 01:04:00,2026-07-13 00:50:00,489.153,0,26.25,84.37,948.77,0,455.502,0,26.28,81.87,952.4,0.2,508.043,0,24,96.75,946.99,0,,,,,,,,,,,,,,,,,,,,,,,,,,,,,,
2026-07-13 01:14:01,2026-07-13 01:00:00,489.16,0,26.32,85.15,948.67,0,455.502,0,26.37,82.26,952.24,0.1,508.043,0,24.03,96.44,946.77,0,478.34,0,24.1,92.3,949.3,0.2,,,,,,,,,,,,,,,,,,,,,,,,
2026-07-13 01:24:00,2026-07-13 01:10:00,489.153,0,26.24,85.63,948.68,0,455.502,0,26.17,82.23,952.26,0.1,508.043,0,23.85,96.37,946.88,0,,,,,,,,,,,,,,,,,,,,,,,,,,,,,,
2026-07-13 01:34:00,2026-07-13 01:20:00,489.153,0,26.08,86.54,948.6,0,455.502,0,26.16,82.02,952.26,0.1,508.044,0,23.86,96.27,946.87,0,,,,,,,,,,,,,,,,,,,,,,,,,,,,,,
2026-07-13 01:44:00,2026-07-13 01:30:00,489.153,0,26.03,87.39,948.72,0,455.501,0,26.14,81.93,952.36,0.1,508.043,0,23.85,96.24,946.97,0,478.34,0,24,92.6,949.4,0.2,,,,,,,,,,,,,,,,,,,,,,,,
2026-07-13 01:54:00,2026-07-13 01:40:00,489.153,0,25.94,85.55,948.8,0,455.502,0,26.16,82.15,952.44,0.1,508.043,0,23.88,96.49,947.03,0,,,,,,,,,,,,,,,,,,,,,,,,,,,,,,
2026-07-13 02:04:00,2026-07-13 01:50:00,489.153,0,25.94,86.5,948.88,0,455.502,0,26.19,82.13,952.49,0.1,508.043,0,23.8,95.96,947.1,0,,,,,,,,,,,,,,,,,,,,,,,,,,,,,,
2026-07-13 02:14:00,2026-07-13 02:00:00,489.152,0,25.91,85.89,948.88,0,455.501,0,26.05,82.8,952.45,0.1,508.043,0,23.89,96.29,947.09,0,478.34,0,24.2,92.2,949.6,0.2,,,,,,,,,,,,,,,,,,,,,,,,
2026-07-13 02:24:00,2026-07-13 02:10:00,489.153,0,25.72,88.05,948.79,0,455.502,0,26.04,81.83,952.42,0.1,508.043,0,23.99,95.86,947.02,0,,,,,,,,,,,,,,,,,,,,,,,,,,,,,,
2026-07-13 02:34:00,2026-07-13 02:20:00,489.153,0,25.72,85.58,948.67,0,455.502,0,26.03,81.2,952.28,0.2,508.043,0,23.93,96.38,947.02,0,,,,,,,,,,,,,,,,,,,,,,,,,,,,,,
2026-07-13 02:44:00,2026-07-13 02:30:00,489.153,0,25.83,88,948.56,0,455.501,0,25.97,82.39,952.25,0.2,508.044,0,23.9,96,946.9,0,478.34,0,24.4,92.1,949.3,0.2,,,,,,,,,,,,,,,,,,,,,,,,
2026-07-13 02:54:00,2026-07-13 02:40:00,489.147,0,25.7,87.26,948.43,0,455.502,0,25.46,84.84,952.11,0.1,508.043,0,23.86,96.41,946.67,0,,,,,,,,,,,,,,,,,,,,,,,,,,,,,,
2026-07-13 03:04:01,2026-07-13 03:00:00,489.147,0,24.88,91.09,948.74,0,455.502,0,24.4,89.03,952.43,0.1,508.044,0,23.72,97.37,946.92,0,478.34,0,23.9,91.9,949.4,0.2,,,,,,,,,,,,,,,,,,,,,,,,
2026-07-13 03:24:01,2026-07-13 03:20:00,489.146,0,24.56,91.66,948.9,0,455.502,0,24.54,88.44,952.44,0.1,508.044,0,23.54,96.96,946.97,0,,,,,,,,,,,,,,,,,,,,,,,,,,,,,,
2026-07-13 03:44:00,2026-07-13 03:30:00,489.147,0,24.46,93.32,948.78,0,455.502,0,24.41,88.45,952.37,0.1,508.043,0,23.58,96.92,946.97,0,478.34,0,23.9,92.7,949.4,0.2,,,,,,,,,,,,,,,,,,,,,,,,
2026-07-13 03:54:00,2026-07-13 03:40:00,489.147,0,24.32,93.84,948.82,0,455.502,0,24.33,88.11,952.37,0.1,508.043,0,23.64,97.49,946.95,0,,,,,,,,,,,,,,,,,,,,,,,,,,,,,,
2026-07-13 04:04:00,2026-07-13 03:50:00,489.147,0,24.04,93.88,948.7,0,455.502,0,24.21,88.64,952.34,0.1,508.043,0,23.56,97.1,946.96,0,,,,,,,,,,,,,,,,,,,,,,,,,,,,,,
2026-07-13 04:14:00,2026-07-13 04:00:00,489.147,0,24.01,95.73,948.73,0,455.502,0,23.79,90.11,952.34,0.1,508.043,0,23.52,97.17,946.83,0,478.34,0,23.7,92.9,949.3,0.2,,,,,,,,,,,,,,,,,,,,,,,,
2026-07-13 04:24:00,2026-07-13 04:10:00,489.147,0,24.05,95.93,948.78,0,455.502,0,23.75,90.7,952.36,0.2,508.043,0,23.37,97.24,946.86,0,,,,,,,,,,,,,,,,,,,,,,,,,,,,,,
2026-07-13 04:34:00,2026-07-13 04:20:00,489.147,0,23.95,95.62,948.73,0,455.502,0,23.75,90.26,952.38,0.1,508.044,0,23.19,97.51,946.87,0,,,,,,,,,,,,,,,,,,,,,,,,,,,,,,
2026-07-13 04:44:00,2026-07-13 04:30:00,489.147,0,23.72,95.6,948.87,0,455.502,0,23.88,90.59,952.45,0.2,508.044,0,23.25,97.74,947,0,478.34,0,23.6,94,949.5,0.2,,,,,,,,,,,,,,,,,,,,,,,,
2026-07-13 04:54:00,2026-07-13 04:50:00,489.147,0,23.91,95.19,949.02,0,455.502,0,23.82,90.81,952.66,0.1,508.044,0,23.22,97.05,947.11,0,,,,,,,,,,,,,,,,,,,,,,,,,,,,,,
2026-07-13 05:14:01,2026-07-13 05:10:00,489.147,0,23.87,95.62,948.8,0,455.502,0,24.12,90.41,952.31,0.2,508.044,0,23.37,97.99,946.81,0,,,,,,,,,,,,,,,,,,,,,,,,,,,,,,
2026-07-13 05:34:00,2026-07-13 05:20:00,489.147,0,23.81,94.36,948.49,0,455.501,0,24.33,89.59,952.08,0.2,508.043,0,23.37,97.34,946.63,0,,,,,,,,,,,,,,,,,,,,,,,,,,,,,,
2026-07-13 05:44:00,2026-07-13 05:30:00,489.147,0,24.06,96.05,948.49,0,455.502,0,24.27,88.7,952.2,0.1,508.043,0,23.38,97.17,946.7,0,478.34,0,23.7,92.7,949.2,0.3,,,,,,,,,,,,,,,,,,,,,,,,
2026-07-13 05:56:15,2026-07-13 05:50:00,489.147,0,23.68,94.07,948.34,2.5,455.502,0,23.86,89.91,952.12,3.6,508.044,0,23.45,97.18,946.67,3,,,,,,,,,,,,,,,,,,,,,,,,,,,,,,
2026-07-13 06:14:01,2026-07-13 06:00:00,489.14,0,23.67,95.41,948.45,7.3,455.502,0,23.82,89.99,952.16,8.9,508.043,0,23.25,97.27,946.63,10.1,478.34,0,23.5,93.5,949.1,10.2,,,,,,,,,,,,,,,,,,,,,,,,
2026-07-13 06:24:00,2026-07-13 06:10:00,489.14,0,23.84,95.29,948.49,16.2,455.502,0,23.96,90.85,952.2,20.4,508.043,0,23.35,97.41,946.86,21.3,,,,,,,,,,,,,,,,,,,,,,,,,,,,,,
2026-07-13 06:34:00,2026-07-13 06:20:00,489.147,0,24.01,95.25,948.65,27.4,455.502,0,23.98,90.77,952.38,36.2,508.044,0,23.62,95.83,946.94,25.9,,,,,,,,,,,,,,,,,,,,,,,,,,,,,,
2026-07-13 06:44:00,2026-07-13 06:30:00,489.14,0,23.98,95.39,948.76,43.6,455.502,0,24.16,91,952.49,70.6,508.043,0,23.8,96.3,946.99,37.8,478.34,0,23.9,93.1,949.5,48.5,,,,,,,,,,,,,,,,,,,,,,,,
2026-07-13 06:54:00,2026-07-13 06:40:00,489.14,0,24.53,94.17,948.97,55.5,455.502,0,24.6,89.96,952.64,87.5,508.043,0,24.46,94.79,947.07,70.5,,,,,,,,,,,,,,,,,,,,,,,,,,,,,,
2026-07-13 07:04:00,2026-07-13 06:50:00,489.14,0,24.87,94.32,949.18,87.5,455.502,0,24.88,89.65,952.81,55.1,508.043,0,24.6,93.68,947.3,70,,,,,,,,,,,,,,,,,,,,,,,,,,,,,,
2026-07-13 07:14:00,2026-07-13 07:00:00,489.134,0,25.73,90.98,949.29,129.7,455.502,0,25.26,89.41,952.97,72.3,508.043,0,25.41,90.91,947.44,104.4,478.34,0,25.8,90.2,949.9,109.4,,,,,,,,,,,,,,,,,,,,,,,,
2026-07-13 07:24:01,2026-07-13 07:20:00,489.134,0,26.79,89.04,949.41,184.9,455.501,0,25.89,88.55,953.12,172.8,508.05,0,25.76,88.09,947.56,87.3,,,,,,,,,,,,,,,,,,,,,,,,,,,,,,
2026-07-13 07:34:07,2026-07-13 07:30:00,489.134,0,27.3,86.68,949.56,162.9,455.501,0,26.5,86.13,953.22,177.4,508.043,0,25.7,91.73,947.69,93.7,478.35,0,26,88,950.1,91.5,,,,,,,,,,,,,,,,,,,,,,,,
2026-07-13 07:54:01,2026-07-13 07:50:00,489.133,0,25.87,91,949.88,70.8,455.501,0,25.86,87.6,953.55,95.3,508.043,0,25.33,89.94,948,159.3,,,,,,,,,,,,,,,,,,,,,,,,,,,,,,
2026-07-13 08:14:01,2026-07-13 08:10:00,489.134,0,25.26,92.61,950.18,76.5,455.501,0,25.58,88.03,953.91,88.5,508.049,0,25.96,88.04,948.24,155.2,,,,,,,,,,,,,,,,,,,,,,,,,,,,,,
2026-07-13 08:24:00,2026-07-13 08:20:00,489.134,0,24.99,93.8,950.28,73.5,455.502,0,25.72,88.23,953.94,71.3,508.049,0,25.87,88.53,948.38,142,,,,,,,,,,,,,,,,,,,,,,,,,,,,,,
2026-07-13 08:44:02,2026-07-13 08:40:00,489.134,0,25.17,94.02,950.55,113.4,455.502,0,25.77,88.2,954.24,83.6,508.049,0,25.5,91.71,948.61,84.3,,,,,,,,,,,,,,,,,,,,,,,,,,,,,,
2026-07-13 09:04:00,2026-07-13 08:50:00,489.134,0,25.29,93.81,950.67,94.8,455.501,0,25.72,88.48,954.34,105.7,508.049,0,25.18,91.65,948.72,39.5,,,,,,,,,,,,,,,,,,,,,,,,,,,,,,
2026-07-13 09:24:00,2026-07-13 09:10:00,489.134,1,25.08,94.9,950.79,69.1,455.501,0,25.68,88.64,954.39,65.4,508.05,0,24.9,94.09,948.91,122.6,,,,,,,,,,,,,,,,,,,,,,,,,,,,,,
2026-07-13 09:34:00,2026-07-13 09:20:00,489.134,1,24.99,95.05,950.76,66.5,455.499,0,25.54,89.21,954.43,114.9,508.049,0.2,25.39,93.45,948.92,181.7,,,,,,,,,,,,,,,,,,,,,,,,,,,,,,
2026-07-13 09:44:00,2026-07-13 09:30:00,489.14,1.2,24.93,96.08,950.89,29.5,455.501,0,25.5,89.49,954.54,80,508.043,0.2,25.63,92.84,948.99,134.7,478.34,0.8,25.2,91.1,951.4,60.9,,,,,,,,,,,,,,,,,,,,,,,,
2026-07-13 09:54:01,2026-07-13 09:50:00,489.14,5,24.05,97.47,950.97,44.6,455.501,0,25.49,89.45,954.6,79.3,508.05,0.2,25.84,90.39,948.91,279.2,,,,,,,,,,,,,,,,,,,,,,,,,,,,,,
2026-07-13 10:14:01,2026-07-13 10:10:00,489.153,3.6,23.88,97.61,951.04,82.8,455.502,1.6,24.24,91.83,954.6,125.9,508.049,0,26.64,89.35,948.93,286.6,,,,,,,,,,,,,,,,,,,,,,,,,,,,,,
2026-07-13 10:34:00,2026-07-13 10:20:00,489.153,6.6,23.65,97.48,950.95,111.9,455.501,2.4,24.1,92.58,954.56,188.5,508.049,0,26.16,89.35,948.81,376.7,,,,,,,,,,,,,,,,,,,,,,,,,,,,,,
2026-07-13 10:44:00,2026-07-13 10:30:00,489.153,8.2,23.7,97.49,950.99,152.4,455.501,2.8,24.24,92.47,954.53,234,508.049,0,26.74,88.2,948.85,437.4,478.34,0,26.4,88.7,951.4,170.4,,,,,,,,,,,,,,,,,,,,,,,,
2026-07-13 10:54:01,2026-07-13 10:50:00,489.16,9.8,23.71,97.47,951.06,179.1,455.502,2.8,24.92,90.67,954.68,244.3,508.049,0,26.85,88.26,948.94,378.6,,,,,,,,,,,,,,,,,,,,,,,,,,,,,,
2026-07-13 11:14:00,2026-07-13 11:00:00,489.16,10,23.71,97.43,950.96,215.6,455.501,3,24.87,90.79,954.64,275.6,508.049,0,26.91,86.06,948.89,323.6,,,,,,,,,,,,,,,,,,,,,,,,,,,,,,
2026-07-13 11:24:00,2026-07-13 11:10:00,489.16,0,23.91,97.34,950.98,236.2,455.502,0,25.11,91.18,954.67,282.8,508.049,0,28.01,82.65,948.82,436.6,,,,,,,,,,,,,,,,,,,,,,,,,,,,,,
2026-07-13 11:34:00,2026-07-13 11:20:00,489.16,0.2,24.11,97.31,950.91,296.3,455.501,0,25.81,87.35,954.51,327.1,508.049,0,29.23,82.24,948.76,445.9,,,,,,,,,,,,,,,,,,,,,,,,,,,,,,
2026-07-13 11:44:00,2026-07-13 11:30:00,489.153,0.2,24.49,97.35,950.75,352.4,455.501,0,26.42,85.66,954.44,382.6,508.055,0,29.31,81.48,948.76,427.9,478.34,0,28.3,85.2,951.3,392.6,,,,,,,,,,,,,,,,,,,,,,,,
2026-07-13 11:54:01,2026-07-13 11:50:00,489.159,0.2,24.46,96.72,950.45,381.7,455.501,0,28.07,80.78,954.13,581.7,508.061,0,29.37,80.4,948.4,508.7,,,,,,,,,,,,,,,,,,,,,,,,,,,,,,
2026-07-13 12:14:00,2026-07-13 12:00:00,489.159,0.2,25.05,96.88,950.24,381.6,455.501,0,28.72,82.47,953.95,512.2,508.055,0,29.47,76.63,948.29,577.9,478.34,0,31.4,79.3,950.9,611.1,,,,,,,,,,,,,,,,,,,,,,,,
2026-07-13 12:24:00,2026-07-13 12:10:00,489.16,0,25.23,97.08,950.25,366.2,455.501,0,29.37,79.03,953.93,464.2,508.061,0,30.12,73.84,948.24,494.9,,,,,,,,,,,,,,,,,,,,,,,,,,,,,,
2026-07-13 12:34:00,2026-07-13 12:20:00,489.159,0,26.44,88.1,950.19,397.7,455.501,0,28.86,78.77,953.87,448.8,508.061,0,31.1,75.36,948.15,503.9,,,,,,,,,,,,,,,,,,,,,,,,,,,,,,
2026-07-13 12:44:00,2026-07-13 12:30:00,489.16,0,27.93,83.79,950.11,514.2,455.501,0,29.27,78.69,953.67,503.7,508.061,0,31.52,70.24,948.08,543.3,478.33,0,30.4,81.3,950.7,479.9,,,,,,,,,,,,,,,,,,,,,,,,
2026-07-13 12:54:00,2026-07-13 12:40:00,489.139,0,29.45,78.55,949.9,1155.1,455.501,0,30.42,77.39,953.5,739.5,508.061,0,31.28,71.19,947.94,565.2,,,,,,,,,,,,,,,,,,,,,,,,,,,,,,
2026-07-13 13:04:00,2026-07-13 12:50:00,489.133,0,29.1,77.07,949.83,948.5,455.501,0,33.04,69.94,953.4,1110.1,508.061,0,31.01,72.74,947.84,513.5,,,,,,,,,,,,,,,,,,,,,,,,,,,,,,
2026-07-13 13:14:00,2026-07-13 13:00:00,489.165,0,28.61,78.28,949.79,649.4,455.501,0,32.3,70.8,953.35,897.9,508.061,0,30.87,74.21,947.79,545.8,478.33,0,30.1,77.8,950.4,527.6,,,,,,,,,,,,,,,,,,,,,,,,
2026-07-13 13:24:00,2026-07-13 13:10:00,489.159,0,29.03,77.38,949.7,580.1,455.501,0,31.48,69.53,953.25,634,508.061,0,31.4,72.76,947.61,554.5,,,,,,,,,,,,,,,,,,,,,,,,,,,,,,
2026-07-13 13:34:00,2026-07-13 13:20:00,489.159,0,29.25,77.98,949.53,519.7,455.5,0,29.98,70.75,953.06,610.7,508.067,0,31.78,69.7,947.43,541.4,,,,,,,,,,,,,,,,,,,,,,,,,,,,,,
2026-07-13 13:44:00,2026-07-13 13:30:00,489.165,0,29.16,78.84,949.42,535.2,455.501,0,30.71,75.83,952.98,620,508.067,0,30.36,74.76,947.38,203.9,478.33,0,32.4,76.8,950.1,389,,,,,,,,,,,,,,,,,,,,,,,,
2026-07-13 13:54:01,2026-07-13 13:50:00,489.159,0,29.45,77.06,949.39,441.7,455.501,0,30.84,70.95,952.92,449.1,508.061,0,28.59,81.42,947.49,89.3,,,,,,,,,,,,,,,,,,,,,,,,,,,,,,
2026-07-13 14:14:00,2026-07-13 14:00:00,489.159,0,29.34,76.63,949.31,342.3,455.5,0,30.32,72.57,952.82,315.2,508.061,0,27.3,84.82,947.39,80.7,478.33,0,29.1,81.1,950,145.6,,,,,,,,,,,,,,,,,,,,,,,,
2026-07-13 14:24:00,2026-07-13 14:10:00,489.165,0,29.61,78.62,949.22,329.4,455.5,0,30.08,76.08,952.69,261.5,508.062,0,27.35,86.67,947.32,116.4,,,,,,,,,,,,,,,,,,,,,,,,,,,,,,
2026-07-13 14:34:00,2026-07-13 14:20:00,489.165,0,29.91,82.31,949.18,315.4,455.501,0,29.92,76.9,952.65,359.3,508.056,0,27.23,86.07,947.16,179.1,,,,,,,,,,,,,,,,,,,,,,,,,,,,,,
2026-07-13 14:44:01,2026-07-13 14:40:00,489.165,0,30.24,76.62,949.01,332,455.501,0,30.64,78.72,952.48,457.7,508.055,0,28,85.06,947.05,216.8,,,,,,,,,,,,,,,,,,,,,,,,,,,,,,
2026-07-13 15:04:01,2026-07-13 15:00:00,489.159,0,30.74,72.28,948.73,334.8,455.501,0,30.91,77.72,952.19,388.5,508.055,0,28.63,82.15,946.8,237.1,478.33,0,28.9,82.7,949.4,272.1,,,,,,,,,,,,,,,,,,,,,,,,
2026-07-13 15:24:00,2026-07-13 15:20:00,489.159,0,31.42,73.59,948.58,348.1,455.501,0,31.34,74.45,952.09,501.7,508.055,0,29.91,76.81,946.63,340.5,,,,,,,,,,,,,,,,,,,,,,,,,,,,,,
2026-07-13 15:44:00,2026-07-13 15:30:00,489.159,0,31.01,77.47,948.47,442.9,455.501,0,31.01,73.1,951.92,382.6,508.061,0,29.61,77.34,946.46,509,478.33,0,30.4,84.9,949,375.8,,,,,,,,,,,,,,,,,,,,,,,,
2026-07-13 15:54:00,2026-07-13 15:50:00,489.159,0,31.49,70.67,948.21,336.2,455.5,0,31.34,74.56,951.68,313.6,508.061,0,30.05,77.26,946.38,512.5,,,,,,,,,,,,,,,,,,,,,,,,,,,,,,
2026-07-13 16:14:00,2026-07-13 16:00:00,489.159,0,31.14,68.88,948.1,310.1,455.501,0,31.46,72.29,951.6,289.2,508.061,0,30.01,77.88,946.18,399.1,478.33,0,29.9,83.8,948.7,335.1,,,,,,,,,,,,,,,,,,,,,,,,
2026-07-13 16:24:00,2026-07-13 16:20:00,489.159,0,29.63,75.06,948.08,350.4,455.5,0,30.85,74.41,951.54,250,508.068,0,29.8,77.59,946.03,256.9,,,,,,,,,,,,,,,,,,,,,,,,,,,,,,
2026-07-13 16:44:00,2026-07-13 16:30:00,489.171,0,29.26,76.5,948.09,200.7,455.501,0,30.6,73.76,951.47,217.4,508.061,0,29.92,79.22,946.03,211,478.33,0,31.4,71.4,948.7,243.5,,,,,,,,,,,,,,,,,,,,,,,,
2026-07-13 16:54:00,2026-07-13 16:50:00,489.165,0,29.08,77.46,948,164.1,455.501,0,29.69,76.49,951.4,167.6,508.061,0,29.82,79.98,945.99,161.3,,,,,,,,,,,,,,,,,,,,,,,,,,,,,,
2026-07-13 17:14:01,2026-07-13 17:10:00,489.171,0,28.16,81.9,947.97,97.7,455.501,0,28.83,76.84,951.3,106.9,508.061,0,29.3,78.09,946.02,158.9,,,,,,,,,,,,,,,,,,,,,,,,,,,,,,
2026-07-13 17:34:04,2026-07-13 17:30:00,489.165,0,27.84,81.3,948.02,81,455.501,0,28.35,77.87,951.43,130.1,508.061,0,29,81.3,946.05,182.3,478.33,0,28.8,82.3,948.7,241.5,,,,,,,,,,,,,,,,,,,,,,,,
2026-07-13 17:54:01,2026-07-13 17:50:00,489.165,0,27.66,84.03,948.02,78.1,455.494,0,28.25,78.92,951.42,103.5,508.055,0,27.39,84.96,945.95,93.6,,,,,,,,,,,,,,,,,,,,,,,,,,,,,,
2026-07-13 18:14:00,2026-07-13 18:00:00,489.165,0,27.58,81.51,947.92,69.9,455.5,0,28.25,78.37,951.32,93,508.055,0,26.85,85.17,945.99,63.9,478.33,0,28.2,85,948.5,113.3,,,,,,,,,,,,,,,,,,,,,,,,
2026-07-13 18:24:01,2026-07-13 18:20:00,489.165,0,27.31,81.12,948.08,36.5,455.501,0,27.87,78.91,951.55,50,508.056,0,25.93,92.83,946.07,39.9,,,,,,,,,,,,,,,,,,,,,,,,,,,,,,
2026-07-13 18:34:03,2026-07-13 18:30:00,489.172,0,27.31,82.82,948.18,39.6,455.501,0,27.57,79.73,951.59,49.5,508.049,0,25.48,94.18,946.21,15.9,,,,,,,,,,,,,,,,,,,,,,,,,,,,,,
2026-07-13 18:44:01,2026-07-13 18:40:00,489.165,0,27.26,83.47,948.37,22.8,455.501,0,27.39,80.05,951.76,26.8,508.05,0,25.52,94.62,946.4,8.9,,,,,,,,,,,,,,,,,,,,,,,,,,,,,,
2026-07-13 19:04:01,2026-07-13 19:00:00,489.165,0,26.72,86.29,948.64,2.2,455.501,0,26.96,84.39,952.08,2.7,508.043,0,25.04,94.96,946.81,1,478.33,0,26.1,89.1,949.3,2.1,,,,,,,,,,,,,,,,,,,,,,,,
2026-07-13 19:14:02,2026-07-13 19:10:00,489.172,0,26.68,86.33,948.74,1.2,455.501,0,26.51,86.45,952.21,1.8,508.043,0,24.98,96.35,946.89,0.8,,,,,,,,,,,,,,,,,,,,,,,,,,,,,,
2026-07-13 19:24:01,2026-07-13 19:20:00,489.165,0,26.52,88.03,948.76,0,455.501,0,26.23,87.71,952.26,0.1,508.043,0,24.72,96.05,946.86,0,,,,,,,,,,,,,,,,,,,,,,,,,,,,,,
2026-07-13 19:44:00,2026-07-13 19:30:00,489.165,0,26.11,90.66,948.89,0,455.494,0,26.04,87.3,952.36,0.1,508.043,0,24.6,95.9,947.06,0,478.34,0,25.8,90.4,949.6,0.2,,,,,,,,,,,,,,,,,,,,,,,,
2026-07-13 19:54:01,2026-07-13 19:50:00,489.165,0,26.08,91.25,949.27,0,455.502,0,25.87,88.29,952.84,0.1,508.043,0,24.5,95.93,947.53,0,,,,,,,,,,,,,,,,,,,,,,,,,,,,,,
2026-07-13 20:14:01,2026-07-13 20:10:00,489.171,0,26.58,87.46,949.79,0,455.502,0,26.32,84.61,953.23,0.2,508.043,0,24.51,95.77,947.79,0,,,,,,,,,,,,,,,,,,,,,,,,,,,,,,
2026-07-13 20:24:53,2026-07-13 20:20:00,489.165,0,26.52,88.35,949.92,0,455.501,0,26.7,84.56,953.4,0.1,508.043,0,24.63,95.79,947.83,0,,,,,,,,,,,,,,,,,,,,,,,,,,,,,,
2026-07-13 20:44:00,2026-07-13 20:30:00,489.165,0,26.46,86,950,0,455.501,0,26.55,83.86,953.5,0.1,508.043,0,24.7,96.75,947.99,0,478.34,0,25.3,91,950.5,0.2,,,,,,,,,,,,,,,,,,,,,,,,
2026-07-13 20:54:00,2026-07-13 20:40:00,489.165,0.4,24.13,95.42,949.93,0,455.501,0,25.17,89.88,953.52,0.1,508.043,0,24.51,96.88,948.05,0,,,,,,,,,,,,,,,,,,,,,,,,,,,,,,
2026-07-13 21:04:01,2026-07-13 21:00:00,489.172,1.4,24.01,96.67,950.26,0,455.501,0,25.05,88.92,953.96,0.2,508.043,0,24.33,97.03,948.39,0,478.33,0,25.2,90.9,950.9,0.2,,,,,,,,,,,,,,,,,,,,,,,,
2026-07-13 21:24:02,2026-07-13 21:20:00,489.172,0.4,24.02,96.73,950.5,0,455.501,0,25.12,87.5,954.13,0.1,508.043,0,24.23,94.56,948.59,0,,,,,,,,,,,,,,,,,,,,,,,,,,,,,,
2026-07-13 21:34:01,2026-07-13 21:30:00,489.166,0.4,23.84,96.68,950.69,0,455.502,0,24.95,88.61,954.35,0.1,508.043,0,24.36,95.47,948.71,0,478.33,0,24.8,90.7,951.3,0.2,,,,,,,,,,,,,,,,,,,,,,,,
2026-07-13 21:54:02,2026-07-13 21:50:00,489.165,0.4,23.97,96.85,950.98,0,455.502,0,24.94,89.28,954.59,0.2,508.043,0,24.53,95.52,949.05,0,,,,,,,,,,,,,,,,,,,,,,,,,,,,,,
2026-07-13 22:04:00,2026-07-13 22:00:00,489.165,0.4,23.97,96.8,951.15,0,455.502,0,25.01,88.11,954.72,0.1,508.043,0,24.46,94.34,949.25,0,478.33,0,24.7,89.8,951.8,0.2,,,,,,,,,,,,,,,,,,,,,,,,
2026-07-13 22:24:00,2026-07-13 22:10:00,489.166,0,23.85,96.88,951.26,0,455.502,0,24.92,90.51,954.91,0.2,508.043,0,24.4,95.28,949.41,0,,,,,,,,,,,,,,,,,,,,,,,,,,,,,,
2026-07-13 22:34:00,2026-07-13 22:20:00,489.165,0,23.89,96.91,951.45,0,455.502,0,24.74,90.47,955.08,0.1,508.043,0,24.17,95.74,949.56,0,,,,,,,,,,,,,,,,,,,,,,,,,,,,,,
2026-07-13 22:44:00,2026-07-13 22:30:00,489.166,0,24.01,97.18,951.43,0,455.495,0,24.61,91,955.11,0.1,508.043,0.2,24.12,95.77,949.59,0,478.34,0,24.5,92.2,952.2,0.2,,,,,,,,,,,,,,,,,,,,,,,,
2026-07-13 22:54:01,2026-07-13 22:40:00,489.166,0,24.06,97.25,951.52,0,455.502,0,24.58,92.1,955.14,0.1,508.043,0.2,23.98,97.23,949.59,0,,,,,,,,,,,,,,,,,,,,,,,,,,,,,,
2026-07-13 23:04:00,2026-07-13 22:50:00,489.166,0,23.97,97.26,951.56,0,455.502,0.2,24.46,91.76,955.15,0.1,508.043,0.2,23.9,97,949.72,0,,,,,,,,,,,,,,,,,,,,,,,,,,,,,,
2026-07-13 23:14:00,2026-07-13 23:00:00,489.172,0,23.97,97.29,951.62,0,455.501,0.2,24.27,91.68,955.2,0.1,508.043,0.2,23.89,97.85,949.71,0,478.33,0,24.3,92.9,952.3,0.2,,,,,,,,,,,,,,,,,,,,,,,,
2026-07-13 23:24:00,2026-07-13 23:10:00,489.165,0,23.85,97.15,951.6,0,455.501,0,24.34,92.44,955.21,0.2,508.044,0,23.76,98.1,949.62,0,,,,,,,,,,,,,,,,,,,,,,,,,,,,,,
2026-07-13 23:34:01,2026-07-13 23:30:00,489.165,0,24.02,97.41,951.49,0,455.502,0,24.31,92.84,955.1,0.1,508.043,0,23.88,98.41,949.58,0,478.33,0,24.3,93.5,952.2,0.2,,,,,,,,,,,,,,,,,,,,,,,,
2026-07-13 23:44:02,2026-07-13 23:40:00,489.165,0,23.99,97.38,951.43,0,455.495,0,24.26,92.72,955.02,0.2,508.043,0,23.83,98.26,949.43,0,,,,,,,,,,,,,,,,,,,,,,,,,,,,,,
2026-07-14 00:04:01,2026-07-14 00:00:00,489.165,0,24.04,97.43,951.4,0,455.502,0,24.21,92.93,954.98,0.1,508.043,0,23.79,98.23,949.53,0,478.33,0,24.1,93.5,952,0.2,,,,,,,,,,,,,,,,,,,,,,,,
2026-07-14 00:24:02,2026-07-14 00:20:00,489.165,0,23.84,97.47,951.27,0,455.502,0,24.19,92.9,954.89,0.1,508.037,0,23.92,98.46,949.33,0,,,,,,,,,,,,,,,,,,,,,,,,,,,,,,
2026-07-14 00:44:01,2026-07-14 00:30:00,489.165,0,23.95,97.52,951.2,0,455.502,0,24.19,92.9,954.84,0.1,508.043,0,23.86,98.08,949.23,0,478.33,0,24.3,93.9,951.8,0.2,,,,,,,,,,,,,,,,,,,,,,,,
2026-07-14 00:54:00,2026-07-14 00:40:00,489.165,0,23.92,97.45,951.08,0,455.502,0,24.26,92.86,954.68,0.2,508.044,0,23.85,98.71,949.13,0,,,,,,,,,,,,,,,,,,,,,,,,,,,,,,
2026-07-14 01:04:00,2026-07-14 00:50:00,489.166,0,23.98,97.57,950.94,0,455.502,0,24.13,92.67,954.59,0.1,508.044,0,23.83,98.74,949.03,0,,,,,,,,,,,,,,,,,,,,,,,,,,,,,,
2026-07-14 01:14:01,2026-07-14 01:00:00,489.166,0,23.85,97.4,950.95,0,455.502,0,24.17,92.7,954.55,0.2,508.044,0,23.75,98.82,949.01,0,478.33,0,24.2,94.1,951.5,0.2,,,,,,,,,,,,,,,,,,,,,,,,
2026-07-14 01:24:01,2026-07-14 01:20:00,489.165,0,23.94,97.4,950.8,0,455.502,0,25.07,88.96,954.47,0.2,508.044,0,23.75,98.82,948.98,0,,,,,,,,,,,,,,,,,,,,,,,,,,,,,,
2026-07-14 01:44:00,2026-07-14 01:30:00,489.166,0,23.88,97.51,950.73,0,455.502,0,25.18,87.64,954.38,0.1,508.043,0,23.73,98.72,948.89,0,478.33,0,24.1,94,951.4,0.2,,,,,,,,,,,,,,,,,,,,,,,,
2026-07-14 01:54:00,2026-07-14 01:40:00,489.166,0,23.79,97.48,950.74,0,455.502,0,25.07,89.08,954.35,0.1,508.043,0,23.7,97.74,948.81,0,,,,,,,,,,,,,,,,,,,,,,,,,,,,,,
2026-07-14 02:04:00,2026-07-14 02:00:00,489.165,0,23.82,97.46,950.65,0,455.502,0,24.78,89.8,954.29,0.1,508.043,0,23.79,97.45,948.82,0,478.33,0,24.1,94.1,951.2,0.2,,,,,,,,,,,,,,,,,,,,,,,,
2026-07-14 02:24:01,2026-07-14 02:10:00,489.166,0,23.68,97.28,950.58,0,455.502,0,24.56,90.5,954.21,0.1,508.044,0,23.72,96.71,948.66,0,,,,,,,,,,,,,,,,,,,,,,,,,,,,,,
2026-07-14 02:34:01,2026-07-14 02:30:00,489.165,0,24.81,91.25,950.25,0,455.502,0,24.53,88.68,953.94,0.1,508.043,0,23.76,96.23,948.36,0,478.33,0,23.8,94,950.9,0.2,,,,,,,,,,,,,,,,,,,,,,,,
2026-07-14 02:54:01,2026-07-14 02:50:00,489.166,0,24.67,94.11,950.27,0,455.502,0,24.36,88.66,953.89,0.2,508.044,0,23.72,95.59,948.21,0,,,,,,,,,,,,,,,,,,,,,,,,,,,,,,
2026-07-14 03:04:02,2026-07-14 03:00:00,489.172,0,24.75,87.86,950.05,0,455.502,0,24.51,88.37,953.8,0.1,508.043,0,23.48,97.71,948.15,0,478.33,0,23.8,94.1,950.7,0.2,,,,,,,,,,,,,,,,,,,,,,,,
2026-07-14 03:14:01,2026-07-14 03:10:00,489.172,0,24.33,95.87,950.2,0,455.502,0,23.99,89.56,953.81,0.1,508.043,0,23.45,97.06,948.27,0,,,,,,,,,,,,,,,,,,,,,,,,,,,,,,
2026-07-14 03:24:01,2026-07-14 03:20:00,489.172,0,24.02,94.29,950.13,0,455.502,0,24.16,90.62,953.81,0.1,508.044,0,23.45,96.73,948.29,0,,,,,,,,,,,,,,,,,,,,,,,,,,,,,,
2026-07-14 03:44:00,2026-07-14 03:30:00,489.172,0,24.01,94.78,950.14,0,455.502,0,23.98,91.2,953.8,0.1,508.044,0,23.52,96.43,948.18,0,478.33,0,23.8,94.5,950.7,0.2,,,,,,,,,,,,,,,,,,,,,,,,
2026-07-14 03:54:03,2026-07-14 03:50:00,489.165,0,24.19,94.04,950.17,0,455.502,0,23.9,91.58,953.86,0.1,508.044,0,23.48,95.39,948.18,0,,,,,,,,,,,,,,,,,,,,,,,,,,,,,,
2026-07-14 04:04:00,2026-07-14 04:00:00,489.165,0,24.22,89.67,950.14,0,455.502,0,23.9,90.82,953.84,0.1,508.044,0,23.31,97.14,948.23,0,478.33,0,23.5,94.2,950.7,0.2,,,,,,,,,,,,,,,,,,,,,,,,
2026-07-14 04:14:01,2026-07-14 04:10:00,489.165,0,24.09,94.26,950.2,0,455.502,0,24.97,85.1,953.86,0.1,508.044,0,23.11,97.61,948.38,0,,,,,,,,,,,,,,,,,,,,,,,,,,,,,,
2026-07-14 04:24:01,2026-07-14 04:20:00,489.165,0,24.15,93.75,950.28,0,455.495,0,24.7,87.16,953.89,0.1,508.043,0,23.15,97.26,948.43,0,,,,,,,,,,,,,,,,,,,,,,,,,,,,,,
2026-07-14 04:34:00,2026-07-14 04:30:00,489.165,0,24.75,88.4,950.29,0,455.502,0,24.02,90.39,954.03,0.2,508.044,0,23.42,97.63,948.4,0,,,,,,,,,,,,,,,,,,,,,,,,,,,,,,
2026-07-14 04:54:01,2026-07-14 04:50:00,489.165,0,24.71,90.58,950.32,0,455.502,0,23.92,88.46,953.95,0.1,508.044,0,23.04,97.76,948.4,0,,,,,,,,,,,,,,,,,,,,,,,,,,,,,,
2026-07-14 05:04:00,2026-07-14 05:00:00,489.165,0,24.33,92.58,950.2,0,455.495,0,24.4,86.5,953.82,0.1,508.044,0,22.98,97.82,948.38,0,478.33,0,23.3,94.5,950.9,0.2,,,,,,,,,,,,,,,,,,,,,,,,
2026-07-14 05:24:00,2026-07-14 05:10:00,489.166,0,24.27,87.45,950.36,0,455.502,0,23.95,88.24,953.86,0.1,508.05,0,22.86,98.05,948.29,0,,,,,,,,,,,,,,,,,,,,,,,,,,,,,,
2026-07-14 05:34:00,2026-07-14 05:20:00,489.166,0,25.01,83.78,950.47,0,455.502,0,24.29,87.04,953.92,0.1,508.043,0,22.87,98.41,948.43,0,,,,,,,,,,,,,,,,,,,,,,,,,,,,,,
2026-07-14 05:44:00,2026-07-14 05:30:00,489.165,0,25.04,84.42,950.35,0,455.502,0,25.04,83.19,953.88,0.1,508.044,0,22.94,98.43,948.42,0,478.33,0,23.1,94.6,950.9,0.2,,,,,,,,,,,,,,,,,,,,,,,,
2026-07-14 05:54:00,2026-07-14 05:40:00,489.166,0,25.11,85.05,950.6,0,455.502,0,25.23,82.23,953.91,0.3,508.043,0,23.08,98.41,948.56,0,,,,,,,,,,,,,,,,,,,,,,,,,,,,,,
2026-07-14 06:04:01,2026-07-14 06:00:00,489.165,0,23.98,93.65,950.55,2.2,455.502,0,25.33,83.44,953.94,2.8,508.043,0,23.15,97.65,948.56,1.5,478.33,0,23.4,94.9,951.1,2.5,,,,,,,,,,,,,,,,,,,,,,,,
2026-07-14 06:14:00,2026-07-14 06:10:00,489.165,0,25.12,90.01,950.56,5.2,455.502,0,25.32,82.3,954.05,5.6,508.044,0,23.03,97.73,948.63,3.4,,,,,,,,,,,,,,,,,,,,,,,,,,,,,,
2026-07-14 06:34:00,2026-07-14 06:20:00,489.165,0,25.12,84.94,950.59,7,455.502,0,25.22,82.22,954.29,7.9,508.037,0,23.11,97.99,948.71,5.7,,,,,,,,,,,,,,,,,,,,,,,,,,,,,,
2026-07-14 06:44:00,2026-07-14 06:30:00,489.165,0,24.99,86.59,950.68,14.3,455.502,0,24.81,84.8,954.35,14.9,508.044,0,23.28,98.02,948.86,19.2,478.33,0,23.4,94.7,951.4,18.3,,,,,,,,,,,,,,,,,,,,,,,,
2026-07-14 06:54:00,2026-07-14 06:50:00,489.165,0,24.94,86.38,950.93,39.8,455.502,0,24.54,85.87,954.73,42.8,508.043,0,23.47,97.36,949.12,41.2,,,,,,,,,,,,,,,,,,,,,,,,,,,,,,
2026-07-14 07:14:01,2026-07-14 07:00:00,489.16,0,25.08,85.36,951.02,36.3,455.495,0,24.9,83.54,954.79,42.3,508.044,0,23.56,96.98,949.21,47.9,478.33,0,23.9,94,951.7,53.6,,,,,,,,,,,,,,,,,,,,,,,,
2026-07-14 07:24:00,2026-07-14 07:10:00,489.16,0,25.21,83.7,951.18,60.1,455.495,0,25.15,81.57,954.83,62.4,508.044,0,23.75,96.65,949.27,61.9,,,,,,,,,,,,,,,,,,,,,,,,,,,,,,
2026-07-14 07:34:01,2026-07-14 07:30:00,489.165,0,25.33,85.46,951.18,88.5,455.495,0,25.54,82.45,954.89,93.4,508.044,0,24.05,96.8,949.41,51,478.33,0,24.3,92.4,951.9,56.7,,,,,,,,,,,,,,,,,,,,,,,,
2026-07-14 07:54:00,2026-07-14 07:40:00,489.16,0,25.33,85.72,951.36,66.4,455.495,0,25.59,82.59,955.05,75.6,508.044,0,23.99,94.05,949.61,61.3,,,,,,,,,,,,,,,,,,,,,,,,,,,,,,
2026-07-14 08:04:00,2026-07-14 07:50:00,489.165,0,25.33,84.5,951.39,106.7,455.495,0,25.62,81.86,955.21,112.9,508.044,0,24.3,92.22,949.6,81.4,,,,,,,,,,,,,,,,,,,,,,,,,,,,,,
2026-07-14 08:14:01,2026-07-14 08:00:00,489.165,0,25.53,85.76,951.59,115.9,455.495,0,25.91,81.37,955.36,116.3,508.05,0,24.46,92.01,949.87,89.9,478.33,0,24.8,91.8,952.3,106.8,,,,,,,,,,,,,,,,,,,,,,,,
2026-07-14 08:24:00,2026-07-14 08:20:00,489.165,0,25.83,84.88,951.98,196.3,455.495,0,26.32,82.88,955.68,206.1,508.043,0,25.25,91.07,950.13,124.8,,,,,,,,,,,,,,,,,,,,,,,,,,,,,,
2026-07-14 08:44:01,2026-07-14 08:40:00,489.165,0,25.93,83.03,952.15,147.4,455.494,0,26.35,80.47,955.85,160.6,508.05,0,25.53,87.56,950.29,134.7,,,,,,,,,,,,,,,,,,,,,,,,,,,,,,
2026-07-14 08:54:02,2026-07-14 08:50:00,489.165,0,26.03,85.07,952.23,146.8,455.494,0,26.32,80.5,955.87,162.5,508.049,0,25.99,88.39,950.29,169.2,,,,,,,,,,,,,,,,,,,,,,,,,,,,,,
2026-07-14 09:04:01,2026-07-14 09:00:00,489.165,0,26.03,83.98,952.21,178,455.495,0,26.42,81.37,955.82,183.8,508.049,0,26.08,88.71,950.38,214.2,478.32,0,26,87.8,952.8,205.2,,,,,,,,,,,,,,,,,,,,,,,,
2026-07-14 09:24:00,2026-07-14 09:10:00,489.16,0,26.27,83.79,952.39,214.6,455.495,0,26.65,81.05,955.96,232.6,508.05,0,26.51,87.4,950.53,178.7,,,,,,,,,,,,,,,,,,,,,,,,,,,,,,
2026-07-14 09:34:01,2026-07-14 09:20:00,489.16,0,26.59,81.61,952.42,237.2,455.495,0,26.93,79.9,956.01,253.1,508.049,0,26.34,86.03,950.55,206.3,,,,,,,,,,,,,,,,,,,,,,,,,,,,,,
2026-07-14 09:44:01,2026-07-14 09:40:00,489.16,0,27.15,79.76,952.49,331.1,455.494,0,27.71,79.24,956.07,410.4,508.049,0,27.13,83.99,950.58,297.6,,,,,,,,,,,,,,,,,,,,,,,,,,,,,,
2026-07-14 10:04:01,2026-07-14 10:00:00,489.153,0,28.5,75.07,952.47,365.5,455.494,0,27.95,76.38,956.01,386.1,508.055,0,27.67,82.27,950.47,317.7,478.32,0,28.2,84.9,953,372.3,,,,,,,,,,,,,,,,,,,,,,,,
2026-07-14 10:14:01,2026-07-14 10:10:00,489.153,0,28.26,77.62,952.45,415.5,455.501,0,28.07,76.21,955.96,404.4,508.056,0,28.52,80.25,950.49,338.2,,,,,,,,,,,,,,,,,,,,,,,,,,,,,,
2026-07-14 10:34:00,2026-07-14 10:20:00,489.153,0,28.15,75.93,952.47,409,455.494,0,28.22,75.67,955.98,456.6,508.055,0,28.55,79.44,950.47,400.9,,,,,,,,,,,,,,,,,,,,,,,,,,,,,,
2026-07-14 10:44:01,2026-07-14 10:40:00,489.152,0,28.07,79.3,952.62,387.9,455.494,0,28.79,74.08,956.12,507.2,508.055,0,29.85,77.49,950.55,671.3,,,,,,,,,,,,,,,,,,,,,,,,,,,,,,
2026-07-14 10:54:01,2026-07-14 10:50:00,489.146,0,28.26,76.79,952.61,404.5,455.494,0,29.04,72.42,956.11,511.5,508.061,0,28.9,78.27,950.59,582.6,,,,,,,,,,,,,,,,,,,,,,,,,,,,,,
2026-07-14 11:14:00,2026-07-14 11:00:00,489.146,0,28.46,74.86,952.64,491.4,455.494,0,28.83,74.99,956.14,612.7,508.061,0,28.52,78.79,950.53,492.1,,,,,,,,,,,,,,,,,,,,,,,,,,,,,,
2026-07-14 11:24:01,2026-07-14 11:10:00,489.152,0,28.65,77.65,952.58,514.4,455.494,0,29.67,73.65,956.14,663.1,508.055,0,28.63,79.18,950.6,442.4,,,,,,,,,,,,,,,,,,,,,,,,,,,,,,
2026-07-14 11:34:02,2026-07-14 11:30:00,489.146,0,30.18,70.78,952.53,516.4,455.494,0,30.16,73.64,956.01,613.4,508.061,0,29.77,76.46,950.51,647.1,478.32,0,30.2,76.8,953.1,436.3,,,,,,,,,,,,,,,,,,,,,,,,
2026-07-14 11:44:00,2026-07-14 11:40:00,489.139,0,29.09,72.85,952.33,509.3,455.494,0,30.37,71.21,955.84,600.3,508.068,0,29.38,76.39,950.41,347,,,,,,,,,,,,,,,,,,,,,,,,,,,,,,
2026-07-14 12:04:01,2026-07-14 11:50:00,489.139,0,30.72,73.36,952.22,441.4,455.494,0,31.83,66.13,955.71,1022.2,508.061,0,29.63,77.81,950.29,422.7,,,,,,,,,,,,,,,,,,,,,,,,,,,,,,
2026-07-14 12:14:01,2026-07-14 12:10:00,489.139,0,29.36,75.46,952.07,369.2,455.494,0,32.12,71.15,955.52,443.6,508.061,0,29.51,75.43,950.16,476.5,,,,,,,,,,,,,,,,,,,,,,,,,,,,,,
2026-07-14 12:24:00,2026-07-14 12:20:00,489.139,0,29.26,75.01,951.92,656.3,455.494,0,32.91,65.69,955.44,693.6,508.061,0,30.29,74.6,949.96,425.7,,,,,,,,,,,,,,,,,,,,,,,,,,,,,,
2026-07-14 12:44:01,2026-07-14 12:30:00,489.139,0,29.53,70.6,951.8,557,455.494,0,34.34,68.86,955.31,694.8,508.061,0,30.42,75.81,949.9,541.8,478.32,0,30.8,78,952.5,450.7,,,,,,,,,,,,,,,,,,,,,,,,
2026-07-14 12:54:00,2026-07-14 12:40:00,489.146,0,29.71,71.39,951.78,340.9,455.494,0,34.43,68.66,955.3,850.6,508.061,0,30.08,76.32,949.85,576.6,,,,,,,,,,,,,,,,,,,,,,,,,,,,,,
2026-07-14 13:04:00,2026-07-14 13:00:00,489.146,0,30.58,73.31,951.6,390.8,455.494,0,31.44,66.44,954.97,455.1,508.061,0,29.7,76.38,949.56,388.8,478.32,0,31,82.6,952.1,447.5,,,,,,,,,,,,,,,,,,,,,,,,
2026-07-14 13:14:01,2026-07-14 13:10:00,489.139,0,30.38,72.32,951.48,439.9,455.494,0,31.92,66.83,954.87,710.2,508.061,0,30.55,75.63,949.54,553.6,,,,,,,,,,,,,,,,,,,,,,,,,,,,,,
2026-07-14 13:34:00,2026-07-14 13:30:00,489.139,0,30.05,71.77,951.24,672,455.488,0,32.85,63.61,954.57,986.2,508.061,0,31.04,72.34,949.27,492.9,478.31,0,33.7,74.1,951.8,439.9,,,,,,,,,,,,,,,,,,,,,,,,
2026-07-14 13:44:01,2026-07-14 13:40:00,489.126,0,31.46,68.21,951.11,423.6,455.488,0,34.44,59.87,954.42,1124.6,508.075,0,30.01,75.56,949.17,262,,,,,,,,,,,,,,,,,,,,,,,,,,,,,,
2026-07-14 13:54:01,2026-07-14 13:50:00,489.133,0,31.34,66.77,950.91,578.7,455.494,0,32.61,62.46,954.25,835.6,508.061,0,29.65,75.81,949.06,426.5,,,,,,,,,,,,,,,,,,,,,,,,,,,,,,
2026-07-14 14:04:02,2026-07-14 14:00:00,489.145,0,30.29,71.9,950.78,430.3,455.494,0,32.31,63.28,954.15,1127.5,508.068,0,29.68,77.42,948.74,292.3,478.31,0,32.8,74.7,951.3,315.6,,,,,,,,,,,,,,,,,,,,,,,,
2026-07-14 14:14:01,2026-07-14 14:10:00,489.146,0,30.47,69.51,950.61,455,455.494,0,31.8,63.99,953.96,751.1,508.061,0,29.8,77.15,948.7,853.2,,,,,,,,,,,,,,,,,,,,,,,,,,,,,,
2026-07-14 14:34:00,2026-07-14 14:20:00,489.146,0,29.91,69.49,950.58,326.5,455.494,0,31.96,64.41,953.87,565.7,508.068,0,29.11,76.39,948.63,269.6,,,,,,,,,,,,,,,,,,,,,,,,,,,,,,
2026-07-14 14:44:00,2026-07-14 14:40:00,489.146,0,29.34,74.07,950.44,251.5,455.494,0,32.64,63.27,953.75,352,508.061,0,30.26,76.28,948.43,306.7,,,,,,,,,,,,,,,,,,,,,,,,,,,,,,
2026-07-14 15:04:00,2026-07-14 14:50:00,489.146,0,28.98,75.38,950.33,259.4,455.494,0,30.56,70.39,953.72,306.7,508.061,0,29.13,77.33,948.35,157.3,,,,,,,,,,,,,,,,,,,,,,,,,,,,,,
2026-07-14 15:14:00,2026-07-14 15:00:00,489.146,0,28.7,78.88,950.27,250.9,455.494,0,29.89,74.26,953.57,289.5,508.061,0,28.96,78.24,948.37,258.1,478.31,0,29.7,77.7,950.9,282.5,,,,,,,,,,,,,,,,,,,,,,,,
2026-07-14 15:24:01,2026-07-14 15:10:00,489.146,0,28.5,78.85,950.16,280.9,455.488,0,29.69,73.51,953.45,296.8,508.061,0,28.95,77.55,948.19,268.6,,,,,,,,,,,,,,,,,,,,,,,,,,,,,,
2026-07-14 15:34:00,2026-07-14 15:20:00,489.146,0,28.97,81.08,950.07,313.2,455.494,0,29.76,74.78,953.39,333.8,508.054,0,29.61,76.21,948.09,397.5,,,,,,,,,,,,,,,,,,,,,,,,,,,,,,
2026-07-14 15:44:01,2026-07-14 15:40:00,489.146,0,30.38,76.23,949.8,322,455.488,0,31.29,71.21,953.2,360.9,508.061,0,29.74,76.28,948.02,329.1,,,,,,,,,,,,,,,,,,,,,,,,,,,,,,
2026-07-14 16:04:00,2026-07-14 15:50:00,489.146,0,30.14,72.18,949.83,255.9,455.494,0,31.9,72.26,953.16,293.2,508.061,0,29.72,78.37,948,284.8,,,,,,,,,,,,,,,,,,,,,,,,,,,,,,
2026-07-14 16:14:01,2026-07-14 16:00:00,489.139,0,30.11,71.99,949.79,451.2,455.488,0,31.97,72.58,953.12,256.7,508.061,0,29.44,76.79,947.9,348.4,478.31,0,31.2,77.8,950.4,365.3,,,,,,,,,,,,,,,,,,,,,,,,
2026-07-14 16:24:01,2026-07-14 16:20:00,489.126,0,30.76,69.47,949.65,519.5,455.494,0,30.88,70.88,952.99,287.8,508.061,0,29.7,75.52,947.8,282.2,,,,,,,,,,,,,,,,,,,,,,,,,,,,,,
2026-07-14 16:44:01,2026-07-14 16:40:00,489.139,0,30.36,70.44,949.61,318.3,455.494,0,30.63,70.83,952.89,240.4,508.061,0,30.01,76.94,947.7,207.6,,,,,,,,,,,,,,,,,,,,,,,,,,,,,,
2026-07-14 16:54:00,2026-07-14 16:50:00,489.139,0,30.05,70,949.51,366.5,455.489,0,30.05,67.31,952.77,182.7,508.061,0,29.67,80.57,947.63,166.3,,,,,,,,,,,,,,,,,,,,,,,,,,,,,,
2026-07-14 17:04:02,2026-07-14 17:00:00,489.133,0,30.01,71.31,949.43,192.6,455.488,0,29.92,67.61,952.71,317.8,508.061,0,29.51,78.43,947.55,146.4,478.31,0,30.2,82.9,950,315.7,,,,,,,,,,,,,,,,,,,,,,,,
2026-07-14 17:14:02,2026-07-14 17:10:00,489.139,0,29.61,71.24,949.36,261.8,455.488,0,31.17,65.52,952.76,372.6,508.061,0,29.85,74.18,947.46,127.5,,,,,,,,,,,,,,,,,,,,,,,,,,,,,,
2026-07-14 17:24:01,2026-07-14 17:20:00,489.146,0,29.1,77.35,949.42,117.6,455.488,0,30.44,69.4,952.73,122.7,508.061,0,29.34,76.32,947.53,106.7,,,,,,,,,,,,,,,,,,,,,,,,,,,,,,
2026-07-14 17:44:00,2026-07-14 17:30:00,489.146,0,28.97,75.23,949.41,96.1,455.494,0,30.36,71.19,952.74,103.7,508.061,0,29.2,77.99,947.58,110.4,478.31,0,29,84.7,950,122.1,,,,,,,,,,,,,,,,,,,,,,,,
2026-07-14 17:54:01,2026-07-14 17:50:00,489.133,0,30.73,70.47,949.4,170.7,455.488,0,32.92,62.82,952.78,221.1,508.061,0,28.95,78.25,947.56,88.2,,,,,,,,,,,,,,,,,,,,,,,,,,,,,,
2026-07-14 18:04:01,2026-07-14 18:00:00,489.139,0,30.55,71.37,949.57,105.9,455.494,0,32.6,61.41,952.89,139.9,508.061,0,28.27,80.12,947.64,80.8,478.31,0,28.8,77.4,950,173.9,,,,,,,,,,,,,,,,,,,,,,,,
2026-07-14 18:14:01,2026-07-14 18:10:00,489.133,0,29.49,76.13,949.67,54.4,455.494,0,31.59,66.49,952.91,98.4,508.055,0,28.78,80.26,947.65,66.8,,,,,,,,,,,,,,,,,,,,,,,,,,,,,,
2026-07-14 18:24:01,2026-07-14 18:20:00,489.133,0,29.06,74.01,949.69,42.9,455.494,0,31.32,70.93,952.96,51.3,508.061,0,28.44,79.51,947.75,49.5,,,,,,,,,,,,,,,,,,,,,,,,,,,,,,
2026-07-14 18:44:01,2026-07-14 18:40:00,489.139,0,27.72,87.93,949.71,23.7,455.494,0,29.03,75.51,952.95,28.7,508.055,0,27.97,80.1,947.81,21.9,,,,,,,,,,,,,,,,,,,,,,,,,,,,,,
2026-07-14 18:54:01,2026-07-14 18:50:00,489.146,0,27.06,87.68,949.71,12.3,455.489,0,28.52,77.09,953.02,14.6,508.056,0,27.63,81.46,947.82,11.1,,,,,,,,,,,,,,,,,,,,,,,,,,,,,,
2026-07-14 19:04:02,2026-07-14 19:00:00,489.139,0,26.59,90.39,949.89,3.8,455.489,0,28.04,77.14,953.18,4.8,508.056,0,27.17,81.57,948.02,3.3,,,,,,,,,,,,,,,,,,,,,,,,,,,,,,
2026-07-14 19:14:01,2026-07-14 19:10:00,489.146,0,26.38,91.79,950.03,0.9,455.488,0,27.68,80.26,953.32,1.6,508.056,0,26.81,83.5,948.14,0.7,,,,,,,,,,,,,,,,,,,,,,,,,,,,,,
2026-07-14 19:24:01,2026-07-14 19:20:00,489.14,0,26.01,90.11,950.21,0,455.489,0,27.34,82.1,953.59,0.2,508.056,0,26.23,85.68,948.38,0,,,,,,,,,,,,,,,,,,,,,,,,,,,,,,
2026-07-14 19:34:01,2026-07-14 19:30:00,489.146,0,25.59,92.43,950.43,0,455.489,0,26.98,81.66,953.76,0.2,508.049,0,25.8,89.67,948.59,0,478.31,0,25.9,87.8,951,0.2,,,,,,,,,,,,,,,,,,,,,,,,
2026-07-14 19:44:01,2026-07-14 19:40:00,489.147,0,25.52,92.77,950.63,0,455.489,0,26.82,83.35,953.98,0.2,508.049,0,25.54,92.36,948.79,0,,,,,,,,,,,,,,,,,,,,,,,,,,,,,,
2026-07-14 20:04:02,2026-07-14 20:00:00,489.147,0,25.32,91.65,950.92,0,455.494,0,26.45,85.06,954.27,0.2,508.05,0,25.12,93.59,949.12,0,478.31,0,25.5,89.3,951.4,0.2,,,,,,,,,,,,,,,,,,,,,,,,
2026-07-14 20:14:01,2026-07-14 20:10:00,489.147,0,25.11,93.01,951.19,0,455.494,0,27.12,83.07,954.57,0.1,508.043,0,24.9,93.79,949.32,0,,,,,,,,,,,,,,,,,,,,,,,,,,,,,,
2026-07-14 20:24:01,2026-07-14 20:20:00,489.14,0,25.15,93.53,951.42,0,455.494,0,27.12,83.05,954.84,0.1,508.043,0,24.88,94.62,949.57,0,,,,,,,,,,,,,,,,,,,,,,,,,,,,,,
2026-07-14 20:34:02,2026-07-14 20:30:00,489.14,0,24.99,92.72,951.65,0,455.489,0,26.65,82.43,955.1,0.2,508.05,0,24.64,94.04,949.88,0,478.31,0,24.8,91,952.3,0.2,,,,,,,,,,,,,,,,,,,,,,,,
2026-07-14 20:54:01,2026-07-14 20:50:00,489.14,0,25.59,88.18,952.09,0,455.495,0,26.24,84.09,955.59,0.1,508.043,0,24.41,94.82,950.35,0,,,,,,,,,,,,,,,,,,,,,,,,,,,,,,
2026-07-14 21:14:02,2026-07-14 21:10:00,489.14,0,24.98,93.28,952.39,0,455.489,0,25.36,87.9,955.96,0.1,508.043,0,24.13,95.06,950.61,0,,,,,,,,,,,,,,,,,,,,,,,,,,,,,,
2026-07-14 21:24:02,2026-07-14 21:20:00,489.147,0,25.05,93.46,952.48,0,455.495,0,25.08,87.77,955.99,0.1,508.043,0,24.27,95.26,950.67,0,,,,,,,,,,,,,,,,,,,,,,,,,,,,,,
2026-07-14 21:34:01,2026-07-14 21:30:00,489.14,0,24.99,95.33,952.6,0,455.489,0,25.08,88.56,956.09,0.1,508.043,0,24.24,95.2,950.74,0,478.31,0,24.6,91.4,953.2,0.2,,,,,,,,,,,,,,,,,,,,,,,,
2026-07-14 21:54:00,2026-07-14 21:50:00,489.14,0,24.84,95.81,952.72,0,455.489,0,25.15,88.1,956.28,0.1,508.043,0,24.31,95.15,950.85,0,,,,,,,,,,,,,,,,,,,,,,,,,,,,,,
2026-07-14 22:04:03,2026-07-14 22:00:00,489.14,0,24.66,94.97,952.81,0,455.489,0,24.87,88.75,956.39,0.2,508.043,0,24.49,95.11,950.94,0,478.31,0,24.5,91.9,953.4,0.2,,,,,,,,,,,,,,,,,,,,,,,,
2026-07-14 22:24:02,2026-07-14 22:20:00,489.14,0,24.62,95.05,953.05,0,455.495,0,24.57,89.59,956.59,0.2,508.043,0,24.77,90.92,951.22,0,,,,,,,,,,,,,,,,,,,,,,,,,,,,,,
2026-07-14 22:34:02,2026-07-14 22:30:00,489.14,0,24.8,94.76,953.09,0,455.489,0,24.58,89.29,956.6,0.2,508.043,0,24.94,91.13,951.28,0,478.31,0,24.4,92.4,953.7,0.2,,,,,,,,,,,,,,,,,,,,,,,,
2026-07-14 22:44:02,2026-07-14 22:40:00,489.14,0,24.99,92.48,953.02,0,455.489,0,24.67,89.15,956.62,0.2,508.043,0,24.97,90.86,951.28,0,,,,,,,,,,,,,,,,,,,,,,,,,,,,,,
2026-07-14 22:54:01,2026-07-14 22:50:00,489.14,0,25.76,86.12,953,0,455.489,0,24.87,87.64,956.58,0.1,508.05,0,24.87,90.92,951.35,0,,,,,,,,,,,,,,,,,,,,,,,,,,,,,,
2026-07-14 23:04:02,2026-07-14 23:00:00,489.14,0,26.08,84.28,952.97,0,455.489,0,24.91,88.01,956.56,0.2,508.05,0,24.71,91.51,951.18,0,478.3,0,24.3,89.6,953.6,0.2,,,,,,,,,,,,,,,,,,,,,,,,
2026-07-14 23:24:00,2026-07-14 23:20:00,489.14,0,26.03,82.07,952.83,0,455.489,0,25.53,84.81,956.48,0.1,508.049,0,24.66,91.98,951.18,0,,,,,,,,,,,,,,,,,,,,,,,,,,,,,,
2026-07-14 23:34:02,2026-07-14 23:30:00,489.14,0,26.05,81.25,952.91,0,455.489,0,25.38,86.86,956.59,0.1,508.05,0,24.66,91.26,951.19,0,478.31,0,24.6,89,953.6,0.2,,,,,,,,,,,,,,,,,,,,,,,,
2026-07-14 23:44:01,2026-07-14 23:40:00,489.14,0,25.9,82.26,953.02,0,455.489,0,25.04,87.72,956.7,0.1,508.05,0,24.68,90.41,951.19,0,,,,,,,,,,,,,,,,,,,,,,,,,,,,,,
2026-07-14 23:54:01,2026-07-14 23:50:00,489.134,0,25.91,82.22,952.91,0,455.489,0,24.88,87.7,956.59,0.1,508.05,0,24.64,91.92,951.23,0,,,,,,,,,,,,,,,,,,,,,,,,,,,,,,
2026-07-15 00:04:02,2026-07-15 00:00:00,489.134,0,25.88,82.12,953.02,0,455.489,0,24.87,88.19,956.55,0.2,508.05,0,24.54,90.95,951.21,0,478.3,0,24.4,88.8,953.7,0.2,,,,,,,,,,,,,,,,,,,,,,,,
2026-07-15 00:14:01,2026-07-15 00:10:00,489.14,0,25.9,82.36,953,0,455.489,0,24.53,88.29,956.64,0.1,508.05,0,24.5,90.67,951.33,0,,,,,,,,,,,,,,,,,,,,,,,,,,,,,,
2026-07-15 00:24:01,2026-07-15 00:20:00,489.14,0,25.75,82.88,953.08,0,455.495,0,24.5,88.88,956.73,0.1,508.05,0,24.36,91.03,951.42,0,,,,,,,,,,,,,,,,,,,,,,,,,,,,,,
2026-07-15 00:34:01,2026-07-15 00:30:00,489.14,0,25.62,82.45,952.99,0,455.495,0,24.46,89.55,956.64,0.2,508.05,0,24.24,91.63,951.39,0,478.3,0,24.6,87.6,953.8,0.2,,,,,,,,,,,,,,,,,,,,,,,,
2026-07-15 00:54:01,2026-07-15 00:50:00,489.14,0,25.66,82.25,952.92,0,455.489,0,24.19,90.55,956.53,0.2,508.05,0,24.06,93.09,951.16,0,,,,,,,,,,,,,,,,,,,,,,,,,,,,,,
2026-07-15 01:04:01,2026-07-15 01:00:00,489.14,0,25.42,84.6,952.9,0,455.49,0,24.16,90.75,956.51,0.1,508.044,0,23.96,93.96,951.19,0,478.3,0,24.2,89.2,953.6,0.2,,,,,,,,,,,,,,,,,,,,,,,,
2026-07-15 01:14:01,2026-07-15 01:10:00,489.14,0,24.97,88.49,952.9,0,455.489,0,24.09,90.38,956.55,0.2,508.043,0,23.93,94.24,951.13,0,,,,,,,,,,,,,,,,,,,,,,,,,,,,,,
2026-07-15 01:24:01,2026-07-15 01:20:00,489.14,0,24.74,89.69,952.91,0,455.495,0,24.31,89.36,956.5,0.2,508.043,0,23.9,94.09,951.14,0,,,,,,,,,,,,,,,,,,,,,,,,,,,,,,
2026-07-15 01:34:02,2026-07-15 01:30:00,489.134,0,25.23,85.7,952.82,0,455.489,0,24.92,85.56,956.43,0.1,508.043,0,23.99,93.8,951.08,0,478.3,0,24,91.8,953.5,0.2,,,,,,,,,,,,,,,,,,,,,,,,
2026-07-15 01:44:02,2026-07-15 01:40:00,489.134,0,25.12,84.31,952.83,0,455.49,0,24.9,87.94,956.43,0.1,508.043,0,23.9,93.42,950.95,0,,,,,,,,,,,,,,,,,,,,,,,,,,,,,,
2026-07-15 01:54:03,2026-07-15 01:50:00,489.134,0,25.07,86.03,952.64,0,455.489,0,24.39,89.85,956.31,0.1,508.043,0,23.98,93.04,950.87,0,,,,,,,,,,,,,,,,,,,,,,,,,,,,,,
2026-07-15 02:04:01,2026-07-15 02:00:00,489.134,0,25.02,86.01,952.52,0,455.49,0,24.13,89.15,956.18,0.1,508.05,0,23.93,92.59,950.77,0,478.3,0,23.9,92.5,953.2,0.2,,,,,,,,,,,,,,,,,,,,,,,,
2026-07-15 02:24:01,2026-07-15 02:20:00,489.134,0,24.94,85.94,952.4,0,455.49,0,23.98,90.25,956.05,0.1,508.043,0,23.95,93.29,950.63,0,,,,,,,,,,,,,,,,,,,,,,,,,,,,,,
2026-07-15 02:34:02,2026-07-15 02:30:00,489.134,0,25.12,82.98,952.32,0,455.489,0,24.31,87.42,955.91,0.2,508.043,0,24.07,92.77,950.6,0,,,,,,,,,,,,,,,,,,,,,,,,,,,,,,
2026-07-15 02:44:01,2026-07-15 02:40:00,489.134,0,25.53,81.52,952.13,0,455.489,0,24.49,88.99,955.8,0.2,508.043,0,24.07,91.76,950.31,0,,,,,,,,,,,,,,,,,,,,,,,,,,,,,,
2026-07-15 03:04:01,2026-07-15 03:00:00,489.134,0,25.08,84.59,951.88,0,455.489,0,23.95,89.42,955.64,0.2,508.051,0,23.93,92.76,950.04,0,478.3,0,23.5,92.4,952.5,0.2,,,,,,,,,,,,,,,,,,,,,,,,
2026-07-15 03:34:01,2026-07-15 03:30:00,489.134,0,24.67,87.35,951.8,0,455.49,0,24.06,89.3,955.6,0.1,508.043,0,23.83,92.35,950.11,0,478.3,0,23.6,91.1,952.5,0.2,,,,,,,,,,,,,,,,,,,,,,,,
2026-07-15 03:44:02,2026-07-15 03:40:00,489.134,0,24.53,87.03,951.89,0,455.49,0,24.06,89.31,955.62,0.1,508.043,0,23.86,92.27,950.17,0,,,,,,,,,,,,,,,,,,,,,,,,,,,,,,
2026-07-15 03:54:02,2026-07-15 03:50:00,489.134,0,24.32,90.39,951.84,0,455.489,0,24,89.87,955.48,0.1,508.05,0,23.68,92.91,950.18,0,,,,,,,,,,,,,,,,,,,,,,,,,,,,,,
2026-07-15 04:04:01,2026-07-15 04:00:00,489.127,0,24.18,91.77,951.91,0,455.49,0,23.96,90.48,955.53,0.2,508.043,0,23.62,92.35,950.07,0,478.3,0,23.7,90.6,952.5,0.2,,,,,,,,,,,,,,,,,,,,,,,,
2026-07-15 04:24:01,2026-07-15 04:20:00,489.127,0,25.31,80.98,951.89,0,455.49,0,23.96,90.28,955.67,0.1,508.051,0,23.41,93.63,950.24,0,,,,,,,,,,,,,,,,,,,,,,,,,,,,,,
2026-07-15 04:34:01,2026-07-15 04:30:00,489.134,0,25.65,80.46,951.97,0,455.49,0,23.89,90.15,955.77,0.2,508.043,0,23.48,93.43,950.28,0,478.3,0,23.8,90.8,952.7,0.2,,,,,,,,,,,,,,,,,,,,,,,,
2026-07-15 04:54:03,2026-07-15 04:50:00,489.127,0,24.78,86.27,952.22,0,455.489,0,23.86,90.13,955.96,0.1,508.05,0,23.24,94.81,950.5,0,,,,,,,,,,,,,,,,,,,,,,,,,,,,,,
2026-07-15 05:04:00,2026-07-15 05:00:00,489.134,0,24.57,85.84,952.34,0,455.49,0,23.93,90.5,956.05,0.1,508.044,0,23.38,94.53,950.55,0,478.3,0,23.2,92,953,0.2,,,,,,,,,,,,,,,,,,,,,,,,
2026-07-15 05:14:00,2026-07-15 05:10:00,489.134,0,24.63,85.72,952.41,0,455.49,0,23.88,89.97,956.15,0.1,508.05,0,23.31,94.25,950.66,0,,,,,,,,,,,,,,,,,,,,,,,,,,,,,,
2026-07-15 05:24:02,2026-07-15 05:20:00,489.127,0,24.5,86.79,952.37,0,455.49,0,23.99,89.58,956.1,0.1,508.044,0,23.27,94,950.64,0,,,,,,,,,,,,,,,,,,,,,,,,,,,,,,
2026-07-15 05:44:01,2026-07-15 05:40:00,489.127,0,24.71,86.35,952.58,0,455.49,0,23.45,91.14,956.25,0.3,508.043,0,23.59,93.54,950.88,0,,,,,,,,,,,,,,,,,,,,,,,,,,,,,,
2026-07-15 05:54:02,2026-07-15 05:50:00,489.127,0,24.18,87.81,952.66,0.8,455.495,0,23.41,91.23,956.33,1.3,508.044,0,23.61,93.38,950.83,0.7,,,,,,,,,,,,,,,,,,,,,,,,,,,,,,
2026-07-15 06:04:02,2026-07-15 06:00:00,489.127,0,23.88,90.46,952.79,5.4,455.49,0,23.35,91.64,956.48,6.4,508.044,0,23.65,93.07,950.91,5,478.3,0,22.9,92.6,953.4,6,,,,,,,,,,,,,,,,,,,,,,,,
2026-07-15 06:24:00,2026-07-15 06:10:00,489.127,0,23.91,92.25,952.9,13.4,455.496,0,23.37,91.5,956.64,14.6,508.044,0,23.73,93,951.05,13.4,,,,,,,,,,,,,,,,,,,,,,,,,,,,,,
2026-07-15 06:34:00,2026-07-15 06:20:00,489.127,0,23.85,93.33,952.99,29.7,455.49,0,23.58,91.45,956.68,31.4,508.044,0,23.45,95.22,951.16,25.9,,,,,,,,,,,,,,,,,,,,,,,,,,,,,,
2026-07-15 06:44:00,2026-07-15 06:30:00,489.127,0,24.39,91.53,953.03,62.4,455.49,0,23.89,91.32,956.8,58.6,508.051,0,23.62,94.53,951.29,38.5,478.3,0,23.4,93.2,953.7,43,,,,,,,,,,,,,,,,,,,,,,,,
2026-07-15 06:54:00,2026-07-15 06:40:00,489.128,0,25.31,90.09,953.17,80.1,455.49,0,24.41,90.73,956.91,74.3,508.043,0,24.58,93.03,951.38,100.6,,,,,,,,,,,,,,,,,,,,,,,,,,,,,,
2026-07-15 07:04:02,2026-07-15 07:00:00,489.127,0,26.97,82.66,953.42,176.5,455.49,0,25.83,88.12,957.03,213.9,508.043,0,25.52,89.6,951.61,102.3,478.3,0,25.7,89.2,954,178.7,,,,,,,,,,,,,,,,,,,,,,,,
2026-07-15 07:24:00,2026-07-15 07:10:00,489.12,0,27.52,77.92,953.59,212.6,455.489,0,26.28,85.58,957.23,255,508.045,0,25.49,88.94,951.7,132.5,,,,,,,,,,,,,,,,,,,,,,,,,,,,,,
2026-07-15 07:34:03,2026-07-15 07:30:00,489.12,0,26.94,79.62,953.52,170.4,455.489,0,27.36,83.51,957.25,343.7,508.056,0,27.86,79.71,951.81,325.9,478.3,0,27.7,83.2,954.2,289.6,,,,,,,,,,,,,,,,,,,,,,,,
2026-07-15 07:44:03,2026-07-15 07:40:00,489.12,0,27.27,80.95,953.56,367,455.489,0,27.74,81.05,957.29,384,508.056,0,28.18,79.64,951.74,365.3,,,,,,,,,,,,,,,,,,,,,,,,,,,,,,
2026-07-15 07:54:01,2026-07-15 07:50:00,489.113,0,27.34,76.31,953.68,450.5,455.489,0,28.21,81.66,957.42,476.5,508.056,0,28.62,76.98,951.86,434,,,,,,,,,,,,,,,,,,,,,,,,,,,,,,
2026-07-15 08:04:01,2026-07-15 08:00:00,489.126,0,27.21,79.76,953.78,346.3,455.488,0,28.08,76.12,957.55,519.9,508.056,0,28.35,74.38,951.81,441,478.3,0,29.5,80.8,954.4,472.3,,,,,,,,,,,,,,,,,,,,,,,,
2026-07-15 08:24:00,2026-07-15 08:10:00,489.12,0,27.3,77.43,954.02,462.3,455.488,0,28.28,75.21,957.75,438.6,508.062,0,27.97,75.5,952.01,320.6,,,,,,,,,,,,,,,,,,,,,,,,,,,,,,
2026-07-15 08:34:00,2026-07-15 08:30:00,489.12,0,27.51,76.8,954.19,381.7,455.488,0,28.11,73.18,957.83,513.2,508.055,0,28.72,75.81,952.22,196.8,478.3,0,28.7,79.6,954.8,251.4,,,,,,,,,,,,,,,,,,,,,,,,
2026-07-15 08:44:01,2026-07-15 08:40:00,489.113,0,27.96,75.25,954.27,294.7,455.489,0,28.53,73.35,957.86,496.7,508.061,0,28.41,72.77,952.34,238.9,,,,,,,,,,,,,,,,,,,,,,,,,,,,,,
2026-07-15 08:54:01,2026-07-15 08:50:00,489.12,0,28.1,77.43,954.48,560.5,455.489,0,28.59,75.86,958.04,321.4,508.055,0,28.24,79.75,952.59,165.8,,,,,,,,,,,,,,,,,,,,,,,,,,,,,,
2026-07-15 09:14:00,2026-07-15 09:00:00,489.12,0,28.15,77.08,954.45,303.3,455.489,0,28.11,73.77,958.06,280.2,508.055,0,28.8,79.07,952.52,285.7,478.29,0,27.8,82.3,955.1,283.9,,,,,,,,,,,,,,,,,,,,,,,,
2026-07-15 09:24:00,2026-07-15 09:10:00,489.12,0,28.15,76.58,954.44,454.9,455.489,0,28.55,73.73,958.01,442.6,508.055,0,29.14,77.19,952.52,345,,,,,,,,,,,,,,,,,,,,,,,,,,,,,,
2026-07-15 09:34:01,2026-07-15 09:30:00,489.12,0,28.46,76.44,954.37,371,455.488,0,30.04,71.01,957.89,457.4,508.061,0,30.01,75.36,952.47,344.2,478.29,0,30.3,78.6,955,387,,,,,,,,,,,,,,,,,,,,,,,,
2026-07-15 09:44:00,2026-07-15 09:40:00,489.113,0,28.36,77.59,954.37,590,455.488,0,29.85,70.82,957.94,468.6,508.068,0,29.65,71.81,952.42,365.5,,,,,,,,,,,,,,,,,,,,,,,,,,,,,,
2026-07-15 10:04:01,2026-07-15 10:00:00,489.12,0,28.79,77.32,954.45,424.3,455.489,0,29.92,72.59,958,509,508.068,0,29.72,71.67,952.48,463.8,478.29,0,30.7,77,955.1,461.7,,,,,,,,,,,,,,,,,,,,,,,,
2026-07-15 10:14:01,2026-07-15 10:10:00,489.113,0,28.78,73.13,954.41,530.4,455.489,0,30.04,70.71,957.94,632.1,508.068,0,30.07,69.41,952.46,605.4,,,,,,,,,,,,,,,,,,,,,,,,,,,,,,
2026-07-15 10:24:01,2026-07-15 10:20:00,489.113,0,28.55,74.83,954.51,583.5,455.489,0,30.3,70.03,958.13,645.7,508.061,0,30.26,71.39,952.56,645.2,,,,,,,,,,,,,,,,,,,,,,,,,,,,,,
2026-07-15 10:34:06,2026-07-15 10:30:00,489.12,0,28.55,74.34,954.53,531.4,455.488,0,30.54,71.51,958.11,754.9,508.061,0,29.67,70.79,952.66,464.2,478.29,0,30.8,77.6,955.2,599.8,,,,,,,,,,,,,,,,,,,,,,,,
2026-07-15 10:54:01,2026-07-15 10:40:00,489.113,0,28.68,74.22,954.55,464.1,455.489,0,29.92,71.04,958.18,593.9,508.068,0,29.82,69.16,952.64,380.9,,,,,,,,,,,,,,,,,,,,,,,,,,,,,,
2026-07-15 11:04:00,2026-07-15 10:50:00,489.12,0,28.71,75.07,954.5,403.6,455.488,0,30.37,70.69,958.1,508.5,508.061,0,29.51,70.58,952.58,506.4,,,,,,,,,,,,,,,,,,,,,,,,,,,,,,
2026-07-15 11:14:00,2026-07-15 11:00:00,489.113,0,28.9,75.64,954.52,426.5,455.488,0,30.27,68.83,958.12,497.2,508.061,0,30.33,69.55,952.54,472.7,478.29,0,31,74.4,955.1,602.2,,,,,,,,,,,,,,,,,,,,,,,,
2026-07-15 11:24:00,2026-07-15 11:10:00,489.106,0,29.42,74.18,954.41,494.3,455.488,0,30.08,69.41,958.04,508.4,508.061,0,30.86,68.29,952.49,571.4,,,,,,,,,,,,,,,,,,,,,,,,,,,,,,
2026-07-15 11:34:00,2026-07-15 11:20:00,489.106,0,29.09,72.19,954.25,419.4,455.489,0,31.28,68.75,957.87,488,508.061,0,30.84,66.96,952.41,528.2,,,,,,,,,,,,,,,,,,,,,,,,,,,,,,
2026-07-15 11:44:01,2026-07-15 11:40:00,489.1,0,29.76,68.85,954.16,520.6,455.488,0,32.13,65.37,957.75,708.4,508.067,0,32.11,64.09,952.27,513.9,,,,,,,,,,,,,,,,,,,,,,,,,,,,,,
2026-07-15 11:54:02,2026-07-15 11:50:00,489.1,0,29.8,70.44,954.15,688.9,455.488,0,32.79,63.41,957.76,678.4,508.068,0,32.23,65.17,952.28,366.8,,,,,,,,,,,,,,,,,,,,,,,,,,,,,,
2026-07-15 12:14:01,2026-07-15 12:00:00,489.106,0,30.01,69.94,954.05,531.9,455.482,0,32.73,63.27,957.66,797.2,508.068,0,30.59,69.67,952.23,365.8,478.29,0,30.8,72.1,954.8,440.8,,,,,,,,,,,,,,,,,,,,,,,,
2026-07-15 12:24:00,2026-07-15 12:10:00,489.106,0,30.62,71.96,953.98,446.9,455.481,0,32.65,62.57,957.54,446.2,508.068,0,30.8,67.76,952.09,627.4,,,,,,,,,,,,,,,,,,,,,,,,,,,,,,
2026-07-15 12:34:01,2026-07-15 12:30:00,489.1,0,30.63,68.82,953.9,606.9,455.489,0,31.02,68.33,957.51,584,508.061,0,29.91,75.83,952.02,309.9,478.29,0,30.8,80.7,954.6,538.4,,,,,,,,,,,,,,,,,,,,,,,,
2026-07-15 12:54:01,2026-07-15 12:50:00,489.1,0,30.63,70.4,953.82,389.3,455.481,0,32.46,66.54,957.34,469.4,508.054,0,30.36,76.01,951.94,481.7,,,,,,,,,,,,,,,,,,,,,,,,,,,,,,
2026-07-15 13:14:02,2026-07-15 13:10:00,489.1,0,30.69,69.82,953.69,403.6,455.481,0,31.49,67.24,957.2,480,508.054,0,30.46,77.92,951.75,400.7,,,,,,,,,,,,,,,,,,,,,,,,,,,,,,
2026-07-15 13:24:00,2026-07-15 13:20:00,489.106,0,30.26,70.74,953.64,350.8,455.488,0,30.57,69.44,957.17,396.1,508.061,0,30.43,70.3,951.71,346.7,,,,,,,,,,,,,,,,,,,,,,,,,,,,,,
2026-07-15 13:44:01,2026-07-15 13:30:00,489.106,0,30.07,72.53,953.61,359,455.481,0,30.33,67.69,957.12,374.2,508.061,0,29.44,76.35,951.69,198.3,478.28,0,29.7,78.4,954.3,245.1,,,,,,,,,,,,,,,,,,,,,,,,
2026-07-15 13:54:00,2026-07-15 13:40:00,489.093,0,30.05,68.51,953.48,644.2,455.482,0,30.67,72.64,957.02,710.7,508.055,0,28.95,79.38,951.64,218.7,,,,,,,,,,,,,,,,,,,,,,,,,,,,,,
2026-07-15 14:04:00,2026-07-15 14:00:00,489.1,0,30.73,75.9,953.18,432.4,455.488,0,31.35,69.45,956.66,485.6,508.055,0,31.06,73.4,951.34,544.6,478.28,0,31.2,77.1,953.9,523.7,,,,,,,,,,,,,,,,,,,,,,,,
2026-07-15 14:14:00,2026-07-15 14:10:00,489.1,0,30.69,73.11,953.11,289.2,455.481,0,31.56,68.93,956.58,336.8,508.054,0,30.7,74.77,951.15,380.8,,,,,,,,,,,,,,,,,,,,,,,,,,,,,,
2026-07-15 14:24:01,2026-07-15 14:20:00,489.106,0,29.88,73.05,952.95,258.7,455.481,0,30.88,68.27,956.41,268,508.068,0,29.91,73.41,950.97,218.9,,,,,,,,,,,,,,,,,,,,,,,,,,,,,,
2026-07-15 14:34:02,2026-07-15 14:30:00,489.106,0,29.74,71.94,952.79,286.8,455.481,0,30.57,70.16,956.3,297.3,508.061,0,29.46,76.33,950.9,294.6,478.28,0,29.5,79.3,953.5,414.7,,,,,,,,,,,,,,,,,,,,,,,,
2026-07-15 14:44:01,2026-07-15 14:40:00,489.106,0,29.09,73.59,952.7,244.7,455.481,0,29.99,71.43,956.2,235.3,508.055,0,30.4,71.51,950.83,337.3,,,,,,,,,,,,,,,,,,,,,,,,,,,,,,
2026-07-15 15:04:01,2026-07-15 15:00:00,489.106,0,29.25,72.89,952.35,225.1,455.481,0,30.19,70.51,955.82,238.8,508.061,0,29.58,73.68,950.43,244.7,478.28,0,30.6,76.5,953,516.1,,,,,,,,,,,,,,,,,,,,,,,,
2026-07-15 15:24:01,2026-07-15 15:20:00,489.094,0,29.85,71.98,952.24,504.9,455.481,0,29.99,71.88,955.68,322.8,508.061,0,29.09,72.89,950.14,248.8,,,,,,,,,,,,,,,,,,,,,,,,,,,,,,
2026-07-15 15:34:01,2026-07-15 15:30:00,489.093,0,30.08,71.61,952.04,328.6,455.481,0,29.78,71.49,955.53,271.3,508.061,0,29.92,75.16,950.11,207,478.28,0,29.4,81.5,952.7,282.4,,,,,,,,,,,,,,,,,,,,,,,,
2026-07-15 15:44:03,2026-07-15 15:40:00,489.1,0,29.57,72.69,951.98,272.2,455.481,0,29.91,73.23,955.45,250.7,508.055,0,29.44,76.88,949.98,159.3,,,,,,,,,,,,,,,,,,,,,,,,,,,,,,
2026-07-15 16:04:01,2026-07-15 16:00:00,489.106,0,28.84,74.96,951.8,194.4,455.482,0,29.91,72.47,955.41,181.4,508.055,0,28.83,76.8,950.01,113.5,478.28,0,28.6,81.6,952.6,124.7,,,,,,,,,,,,,,,,,,,,,,,,
2026-07-15 16:24:00,2026-07-15 16:10:00,489.106,0,28.78,79.09,951.67,174.9,455.481,0,29.61,72.84,955.21,115.2,508.056,0,28.75,75.47,949.93,95,,,,,,,,,,,,,,,,,,,,,,,,,,,,,,
2026-07-15 16:34:00,2026-07-15 16:20:00,489.106,0,28.9,78.56,951.57,141.7,455.481,0,29.17,74.54,955.02,100.5,508.055,0,28.75,79.18,949.72,93.5,,,,,,,,,,,,,,,,,,,,,,,,,,,,,,
2026-07-15 16:44:01,2026-07-15 16:30:00,489.106,0,28.94,79.07,951.4,148.5,455.482,0,29.17,75.77,954.94,126.9,508.055,0,28.49,82.19,949.64,90.5,478.28,0,28.1,82.5,952.2,109.5,,,,,,,,,,,,,,,,,,,,,,,,
2026-07-15 16:54:01,2026-07-15 16:50:00,489.106,0,29.16,75.32,951.35,158.9,455.481,0,29.6,72.24,954.93,146.7,508.055,0,28.08,81.78,949.61,96.9,,,,,,,,,,,,,,,,,,,,,,,,,,,,,,
2026-07-15 17:14:01,2026-07-15 17:10:00,489.106,0,29.32,75.43,951.45,107.9,455.482,0,30.04,73.14,954.98,125.3,508.056,0,28.32,84.28,949.55,70.6,,,,,,,,,,,,,,,,,,,,,,,,,,,,,,
2026-07-15 17:34:00,2026-07-15 17:20:00,489.106,0,29.23,74.59,951.38,80.1,455.482,0,29.65,74.9,954.89,84.1,508.049,0,28.08,84.19,949.57,67.3,,,,,,,,,,,,,,,,,,,,,,,,,,,,,,
2026-07-15 17:44:00,2026-07-15 17:30:00,489.106,0,29.33,74.87,951.37,81.1,455.482,0,29.45,75.06,954.84,78.6,508.049,0,28.01,83.28,949.52,70.9,478.28,0,27.8,82.6,952.1,80.6,,,,,,,,,,,,,,,,,,,,,,,,
2026-07-15 17:54:00,2026-07-15 17:40:00,489.1,0,29.53,76.11,951.49,93.1,455.482,0,29.37,73.49,954.99,102.8,508.049,0,27.91,84.1,949.61,72.3,,,,,,,,,,,,,,,,,,,,,,,,,,,,,,
2026-07-15 18:04:04,2026-07-15 18:00:00,489.1,0,28.92,78.13,951.53,68.9,455.482,0,29.58,75.41,954.99,82.9,508.049,0,27.81,83.2,949.61,67.4,478.28,0,27.9,84.8,952.2,99.2,,,,,,,,,,,,,,,,,,,,,,,,
2026-07-15 18:24:01,2026-07-15 18:10:00,489.1,0,28.97,76.76,951.54,64.6,455.482,0,29.37,76.09,955.03,65.4,508.049,0,27.86,85.14,949.71,66.3,,,,,,,,,,,,,,,,,,,,,,,,,,,,,,
2026-07-15 18:34:02,2026-07-15 18:30:00,489.106,0,28.68,78.84,951.86,34.8,455.482,0,29.06,75.6,955.26,35.2,508.056,0,27.53,82.05,949.91,35.7,478.28,0,27.5,84.7,952.5,38.3,,,,,,,,,,,,,,,,,,,,,,,,
2026-07-15 18:54:01,2026-07-15 18:40:00,489.106,0,28.27,77.28,951.91,19.2,455.482,0,28.82,74.18,955.38,20,508.055,0,26.99,82.83,950.1,18.1,,,,,,,,,,,,,,,,,,,,,,,,,,,,,,
2026-07-15 19:04:01,2026-07-15 19:00:00,489.106,0,27.75,79.22,951.89,1.8,455.482,0,28.22,77.28,955.44,2.3,508.056,0,26.33,85.36,950.05,1.4,478.28,0,26.4,86.8,952.6,2.5,,,,,,,,,,,,,,,,,,,,,,,,
2026-07-15 19:14:02,2026-07-15 19:10:00,489.1,0,27.48,82.86,952,0,455.482,0,27.85,77.86,955.51,0.4,508.049,0,26.16,85.07,950.22,0,,,,,,,,,,,,,,,,,,,,,,,,,,,,,,
2026-07-15 19:34:02,2026-07-15 19:30:00,489.1,0,27.26,81.32,952.52,0,455.482,0,27.54,77.74,956,0.1,508.05,0,26.54,84.04,950.59,0,478.28,0,26.3,86,953.1,0.2,,,,,,,,,,,,,,,,,,,,,,,,
2026-07-15 19:44:01,2026-07-15 19:40:00,489.106,0,27.14,82.64,952.48,0,455.482,0,27.54,78.16,956.07,0.1,508.05,0,26.64,87.42,950.66,0,,,,,,,,,,,,,,,,,,,,,,,,,,,,,,
2026-07-15 20:04:01,2026-07-15 19:50:00,489.107,0,26.97,81.81,952.66,0,455.482,0,27.46,79.61,956.34,0.2,508.049,0,26.91,80.87,950.86,0,,,,,,,,,,,,,,,,,,,,,,,,,,,,,,
2026-07-15 20:14:01,2026-07-15 20:10:00,489.106,0,26.94,79.75,952.87,0,455.482,0,27.14,80.71,956.45,0.1,508.05,0,25.68,88.21,950.83,0,,,,,,,,,,,,,,,,,,,,,,,,,,,,,,
2026-07-15 20:24:03,2026-07-15 20:20:00,489.101,0,26.93,81.96,952.9,0,455.483,0,27.17,77.79,956.45,0.1,508.056,0,27.23,79.02,950.86,0,,,,,,,,,,,,,,,,,,,,,,,,,,,,,,
2026-07-15 20:34:01,2026-07-15 20:30:00,489.1,0,26.71,81.42,952.92,0,455.482,0,27.14,78.81,956.59,0.2,508.057,0,27.05,82.06,951.09,0,478.27,0,25.9,85.1,953.6,0.2,,,,,,,,,,,,,,,,,,,,,,,,
2026-07-15 20:44:02,2026-07-15 20:40:00,489.082,0,26.68,83.16,952.93,0,455.482,0,27.13,79.87,956.6,0.1,508.05,0,25.68,87.19,951.32,0,,,,,,,,,,,,,,,,,,,,,,,,,,,,,,
2026-07-15 21:04:01,2026-07-15 21:00:00,489.075,0,26.81,80.6,953.05,0,455.482,0,26.55,81.61,956.77,0.1,508.057,0,26.92,76.98,951.3,0,478.27,0,25,88.3,954,0.2,,,,,,,,,,,,,,,,,,,,,,,,
2026-07-15 21:14:02,2026-07-15 21:10:00,489.05,0,26.69,78.77,953.21,0,455.482,0,25.8,83.64,956.93,0.2,508.057,0,26.03,84.05,951.33,0,,,,,,,,,,,,,,,,,,,,,,,,,,,,,,
2026-07-15 21:24:02,2026-07-15 21:20:00,489.075,0,26.25,81.23,953.21,0,455.482,0,25.54,85.45,956.88,0.2,508.05,0,25.18,88.32,951.3,0,,,,,,,,,,,,,,,,,,,,,,,,,,,,,,
2026-07-15 21:34:01,2026-07-15 21:30:00,489.082,0,26.49,80.65,953.17,0,455.482,0,25.25,84.54,956.83,0.1,508.057,0,25.19,85.81,951.36,0,478.27,0,24.5,90,954,0.2,,,,,,,,,,,,,,,,,,,,,,,,
2026-07-15 21:44:01,2026-07-15 21:40:00,489.082,0,27.06,78.01,953.29,0,455.482,0,25.35,85.24,957.04,0.2,508.05,0,24.74,89.92,951.62,0,,,,,,,,,,,,,,,,,,,,,,,,,,,,,,
2026-07-15 21:54:00,2026-07-15 21:50:00,489.075,0,27.18,73.85,953.57,0,455.483,0,25.12,86.83,957.37,0.2,508.05,0,24.6,90.94,951.82,0,,,,,,,,,,,,,,,,,,,,,,,,,,,,,,
2026-07-15 22:04:01,2026-07-15 22:00:00,489.074,0,27.03,76.15,953.77,0,455.483,0,24.9,87.83,957.53,0.2,508.05,0,24.81,88.02,952.13,0,478.27,0,24.5,88.4,954.6,0.2,,,,,,,,,,,,,,,,,,,,,,,,
2026-07-15 22:14:00,2026-07-15 22:10:00,489.088,0,26.86,78.81,953.91,0,455.483,0,25.73,80.06,957.67,0.1,508.05,0,25.15,84.66,952.17,0,,,,,,,,,,,,,,,,,,,,,,,,,,,,,,
2026-07-15 22:34:02,2026-07-15 22:30:00,489.075,0,26.21,77.77,953.96,0,455.483,0,25.94,80.67,957.69,0.1,508.057,0,25.45,85.03,952.37,0,478.27,0,24.4,86.6,954.7,0.2,,,,,,,,,,,,,,,,,,,,,,,,
2026-07-15 22:54:01,2026-07-15 22:50:00,489.069,0,25.77,79.82,954.08,0,455.483,0,25.72,82.86,957.87,0.1,508.05,0,25.19,84.83,952.41,0,,,,,,,,,,,,,,,,,,,,,,,,,,,,,,
2026-07-15 23:14:02,2026-07-15 23:10:00,489.075,0,26.11,78.53,954.48,0,455.483,0,25.42,82.63,958.28,0.1,508.05,0,25.35,83.22,952.84,0,,,,,,,,,,,,,,,,,,,,,,,,,,,,,,
2026-07-15 23:34:01,2026-07-15 23:30:00,489.075,0,26.15,80.01,954.5,0,455.483,0,26.13,80.11,958.29,0.1,508.057,0,25.49,83.05,952.98,0,478.26,0,25.8,83.4,955.4,0.2,,,,,,,,,,,,,,,,,,,,,,,,
2026-07-15 23:44:00,2026-07-15 23:40:00,489.069,0,26.48,78.52,954.63,0,455.482,0,25.23,84.67,958.47,0.2,508.05,0,25.09,84.25,952.96,0,,,,,,,,,,,,,,,,,,,,,,,,,,,,,,
2026-07-15 23:54:02,2026-07-15 23:50:00,489.069,0,26.14,81.03,954.61,0,455.482,0,24.74,85.71,958.43,0.1,508.05,0,24.95,86.15,952.84,0,,,,,,,,,,,,,,,,,,,,,,,,,,,,,,
2026-07-16 00:04:01,2026-07-16 00:00:00,489.069,0,25.96,80.33,954.51,0,455.483,0,24.49,86.94,958.3,0.1,508.05,0,24.58,88.08,952.74,0,478.26,0,24.1,87.7,955.2,0.2,,,,,,,,,,,,,,,,,,,,,,,,
2026-07-16 00:14:01,2026-07-16 00:10:00,489.075,0,25.96,85.58,954.61,0,455.483,0,24.31,87.15,958.41,0.1,508.05,0,23.92,91.48,952.82,0,,,,,,,,,,,,,,,,,,,,,,,,,,,,,,
2026-07-16 00:24:02,2026-07-16 00:20:00,489.069,0,25.33,86.46,954.52,0,455.483,0,24.1,87.97,958.32,0.2,508.043,0,23.52,93.66,952.79,0,,,,,,,,,,,,,,,,,,,,,,,,,,,,,,
2026-07-16 00:34:00,2026-07-16 00:30:00,489.069,0,24.42,88.89,954.42,0,455.483,0,23.99,89.06,958.17,0.2,508.05,0,23.44,94.09,952.69,0,478.26,0,23.9,91,955.2,0.2,,,,,,,,,,,,,,,,,,,,,,,,
2026-07-16 00:54:01,2026-07-16 00:50:00,489.069,0,23.88,92.25,954.07,0,455.483,0,23.72,89.56,957.85,0.2,508.05,0,23.28,94.91,952.32,0,,,,,,,,,,,,,,,,,,,,,,,,,,,,,,
2026-07-16 01:04:01,2026-07-16 01:00:00,489.069,0,23.75,93.15,954.01,0,455.483,0,23.59,90.01,957.76,0.2,508.05,0,23.4,94.35,952.25,0,478.26,0,23.3,91.2,954.7,0.2,,,,,,,,,,,,,,,,,,,,,,,,
2026-07-16 01:14:01,2026-07-16 01:10:00,489.069,0,23.64,93.66,953.78,0,455.483,0,23.47,90.3,957.52,0.1,508.044,0,24.05,90.55,952,0,,,,,,,,,,,,,,,,,,,,,,,,,,,,,,
2026-07-16 01:34:00,2026-07-16 01:20:00,489.07,0,23.51,93.24,953.71,0,455.483,0,23.82,89.43,957.46,0.2,508.044,0,24.29,90.67,951.97,0,,,,,,,,,,,,,,,,,,,,,,,,,,,,,,
2026-07-16 01:44:01,2026-07-16 01:30:00,489.069,0,23.71,92.58,953.72,0,455.483,0,25.18,82.91,957.46,0.2,508.05,0,24.67,87.7,951.92,0,478.26,0,23.1,92.4,954.4,0.2,,,,,,,,,,,,,,,,,,,,,,,,
2026-07-16 01:54:00,2026-07-16 01:40:00,489.07,0,23.65,92.84,953.68,0,455.483,0,25.48,85.78,957.42,0.1,508.05,0,24.8,87.1,951.93,0,,,,,,,,,,,,,,,,,,,,,,,,,,,,,,
2026-07-16 02:04:01,2026-07-16 02:00:00,489.063,0,23.61,93.66,953.55,0,455.476,0,25.63,83.12,957.34,0.1,508.05,0,24.85,86,951.85,0,478.26,0,23.1,92.2,954.3,0.2,,,,,,,,,,,,,,,,,,,,,,,,
2026-07-16 02:24:00,2026-07-16 02:10:00,489.07,0,23.71,92.21,953.63,0,455.483,0,25.86,82.48,957.35,0.1,508.05,0,24.85,86.25,951.83,0,,,,,,,,,,,,,,,,,,,,,,,,,,,,,,
2026-07-16 02:34:00,2026-07-16 02:20:00,489.07,0,23.99,91.35,953.47,0,455.483,0,26.01,81.57,957.23,0.1,508.051,0,24.74,88.08,951.75,0,,,,,,,,,,,,,,,,,,,,,,,,,,,,,,
2026-07-16 02:44:00,2026-07-16 02:30:00,489.063,0,23.91,91.27,953.45,0,455.482,0,25.99,80.16,957.22,0.2,508.05,0,24.64,87.41,951.66,0,478.26,0,23.2,92.5,954.1,0.2,,,,,,,,,,,,,,,,,,,,,,,,
2026-07-16 02:54:00,2026-07-16 02:40:00,489.069,0,24.01,92.13,953.5,0,455.483,0,25.86,82.22,957.25,0.1,508.05,0,23.99,91.04,951.77,0,,,,,,,,,,,,,,,,,,,,,,,,,,,,,,
2026-07-16 03:04:07,2026-07-16 03:00:00,489.069,0,24.53,87.63,953.44,0,455.483,0,25.94,82.31,957.17,0.2,508.05,0,23.49,93.47,951.72,0,478.27,0,23.2,92.6,954.1,0.2,,,,,,,,,,,,,,,,,,,,,,,,
2026-07-16 03:14:01,2026-07-16 03:10:00,489.076,0,24.53,90.03,953.41,0,455.483,0,24.97,85.5,957.17,0.1,508.05,0,23.31,94.91,951.63,0,,,,,,,,,,,,,,,,,,,,,,,,,,,,,,
2026-07-16 03:24:01,2026-07-16 03:20:00,489.069,0,24.33,92.14,953.37,0,455.483,0,24.24,87.44,957.14,0.2,508.05,0,23.32,95.17,951.62,0,,,,,,,,,,,,,,,,,,,,,,,,,,,,,,
2026-07-16 03:34:01,2026-07-16 03:30:00,489.07,0,24.25,92.69,953.37,0,455.483,0,23.85,89,957.14,0.2,508.051,0,23.25,95.35,951.68,0,478.26,0,23.1,93.2,954.1,0.2,,,,,,,,,,,,,,,,,,,,,,,,
2026-07-16 03:54:02,2026-07-16 03:50:00,489.069,0,24.37,89.32,953.36,0,455.483,0,23.55,90.17,957.12,0.2,508.051,0,23.03,96.01,951.53,0,,,,,,,,,,,,,,,,,,,,,,,,,,,,,,
2026-07-16 04:14:01,2026-07-16 04:10:00,489.063,0,24.25,91.75,953.34,0,455.476,0,23.45,90.27,957.19,0.1,508.05,0,22.8,97.16,951.68,0,,,,,,,,,,,,,,,,,,,,,,,,,,,,,,
2026-07-16 04:24:00,2026-07-16 04:20:00,489.063,0,24.25,92.67,953.43,0,455.483,0,23.37,90.55,957.15,0.1,508.044,0,22.82,96.89,951.64,0,,,,,,,,,,,,,,,,,,,,,,,,,,,,,,
2026-07-16 04:44:01,2026-07-16 04:40:00,489.063,0,23.92,91.92,953.35,0,455.483,0,23.27,91.29,957.04,0.1,508.044,0,22.59,97.56,951.51,0,,,,,,,,,,,,,,,,,,,,,,,,,,,,,,
2026-07-16 04:54:01,2026-07-16 04:50:00,489.069,0,24.36,92.26,953.35,0,455.476,0,23.14,91.22,957.1,0.2,508.051,0,22.52,97.76,951.55,0,,,,,,,,,,,,,,,,,,,,,,,,,,,,,,
2026-07-16 05:04:02,2026-07-16 05:00:00,489.07,0,24.16,91.03,953.34,0,455.483,0,23.14,91.5,957.11,0.2,508.044,0,22.46,97.92,951.48,0,478.26,0,22.8,94,954,0.2,,,,,,,,,,,,,,,,,,,,,,,,
2026-07-16 05:24:02,2026-07-16 05:10:00,489.069,0,24.52,86.62,953.48,0,455.483,0,23.1,91.58,957.18,0.2,508.044,0,22.53,97.89,951.57,0,,,,,,,,,,,,,,,,,,,,,,,,,,,,,,
2026-07-16 05:34:02,2026-07-16 05:30:00,489.069,0,24.13,92.69,953.48,0,455.483,0,23.34,91.78,957.2,0.1,508.044,0,22.83,97.7,951.78,0,,,,,,,,,,,,,,,,,,,,,,,,,,,,,,
2026-07-16 05:54:01,2026-07-16 05:40:00,489.07,0,23.84,92.77,953.53,0,455.476,0,23.58,90.35,957.24,0.1,508.044,0,22.96,97.06,951.76,0,,,,,,,,,,,,,,,,,,,,,,,,,,,,,,
2026-07-16 06:04:01,2026-07-16 06:00:00,489.063,0,23.79,93.39,953.67,3.3,455.476,0,23.45,91.58,957.4,3.7,508.044,0,23.14,97.1,951.93,2.7,478.26,0,23.1,94.6,954.4,3.7,,,,,,,,,,,,,,,,,,,,,,,,
2026-07-16 06:24:01,2026-07-16 06:10:00,489.063,0,23.98,93.67,953.9,7.2,455.483,0,23.79,89.87,957.56,8.6,508.044,0,23.21,97.18,952.04,8.7,,,,,,,,,,,,,,,,,,,,,,,,,,,,,,
2026-07-16 06:34:01,2026-07-16 06:30:00,489.063,0,24.12,94.48,954.1,12.8,455.483,0,24.67,86.98,957.8,17.4,508.043,0,23.34,97.67,952.18,19.3,478.26,0,23.1,94.1,954.7,17.3,,,,,,,,,,,,,,,,,,,,,,,,
2026-07-16 06:54:00,2026-07-16 06:40:00,489.067,0,24.53,92.36,954.15,15.7,455.483,0,24.94,86.53,957.87,16.2,508.044,0,23.28,96.66,952.28,14,,,,,,,,,,,,,,,,,,,,,,,,,,,,,,
2026-07-16 07:04:00,2026-07-16 06:50:00,489.063,0,24.37,92.35,954.24,28.6,455.483,0,25.04,85.91,957.91,26.2,508.043,0,23.45,96.64,952.35,19.3,,,,,,,,,,,,,,,,,,,,,,,,,,,,,,
2026-07-16 07:14:00,2026-07-16 07:00:00,489.063,0,24.64,92.48,954.31,40.3,455.476,0,25.19,86.77,958,50.2,508.043,0,23.56,95.15,952.47,22.9,478.26,0,23.4,94,955,25.5,,,,,,,,,,,,,,,,,,,,,,,,
2026-07-16 07:24:01,2026-07-16 07:20:00,489.069,0,25.45,88.55,954.31,88.1,455.476,0,25.9,83.56,958,109.1,508.044,0,24.31,93.45,952.53,69.9,,,,,,,,,,,,,,,,,,,,,,,,,,,,,,
2026-07-16 07:34:02,2026-07-16 07:30:00,489.069,0,25.94,88.94,954.38,84.9,455.476,0,26.08,82.85,958.21,98.2,508.05,0,24.68,92.93,952.58,81.9,478.25,0,24.5,93.1,955.1,95.8,,,,,,,,,,,,,,,,,,,,,,,,
2026-07-16 07:44:02,2026-07-16 07:40:00,489.069,0,26.11,85.91,954.46,126.9,455.476,0,25.96,85.13,958.28,145.7,508.043,0,24.97,92.5,952.62,91.9,,,,,,,,,,,,,,,,,,,,,,,,,,,,,,
2026-07-16 08:04:08,2026-07-16 08:00:00,489.062,0,26.49,85.45,954.7,130.9,455.476,0,26.34,85.4,958.52,136.8,508.043,0,25.08,91.13,952.83,93.2,478.25,0,24.9,90.2,955.4,107.9,,,,,,,,,,,,,,,,,,,,,,,,
2026-07-16 08:14:01,2026-07-16 08:10:00,489.062,0,27.15,82.55,954.68,293.9,455.476,0,26.96,84.97,958.45,265.6,508.043,0,25.05,91.53,952.76,150,,,,,,,,,,,,,,,,,,,,,,,,,,,,,,
2026-07-16 08:24:01,2026-07-16 08:20:00,489.062,0,28.19,78.34,954.69,301.7,455.476,0,28.01,81.01,958.41,485.4,508.043,0,26.2,87.88,952.83,254.9,,,,,,,,,,,,,,,,,,,,,,,,,,,,,,
2026-07-16 08:34:00,2026-07-16 08:30:00,489.062,0,28.02,76.57,954.62,239.7,455.476,0,29.02,80.29,958.51,400.7,508.049,0,27.81,85.35,952.9,511.8,478.25,0,27.9,88.1,955.4,324.6,,,,,,,,,,,,,,,,,,,,,,,,
2026-07-16 08:54:00,2026-07-16 08:40:00,489.069,0,27.96,78.95,954.7,219.5,455.482,0,28.86,75.23,958.52,267.8,508.049,0,28.72,79.94,952.91,354.7,,,,,,,,,,,,,,,,,,,,,,,,,,,,,,
2026-07-16 09:04:00,2026-07-16 08:50:00,489.062,0,27.58,77.03,954.8,239.5,455.476,0,28.79,74.46,958.62,260.9,508.056,0,28.31,81.35,952.95,281.9,,,,,,,,,,,,,,,,,,,,,,,,,,,,,,
2026-07-16 09:14:00,2026-07-16 09:00:00,489.069,0,28.02,77.07,954.83,284.2,455.476,0,28.74,75.99,958.65,331.8,508.055,0,28.47,79.6,953.15,322,478.25,0,28.2,84.6,955.6,318.7,,,,,,,,,,,,,,,,,,,,,,,,
2026-07-16 09:24:01,2026-07-16 09:10:00,489.062,0,28.4,75.81,954.93,354.3,455.476,0,29.35,76.1,958.72,415.5,508.055,0,28.76,80.09,953.07,360.1,,,,,,,,,,,,,,,,,,,,,,,,,,,,,,
2026-07-16 09:34:00,2026-07-16 09:20:00,489.062,0,28.72,75.18,955.02,375.9,455.476,0,29.34,70.82,958.77,475.7,508.055,0,29.14,78.55,953.17,467.9,,,,,,,,,,,,,,,,,,,,,,,,,,,,,,
2026-07-16 09:44:02,2026-07-16 09:30:00,489.066,0,29.25,76.76,955.07,331.5,455.476,0,29.3,71.54,958.73,546.9,508.061,0,30.16,74.7,953.12,435,478.25,0,29.7,81.3,955.7,475.8,,,,,,,,,,,,,,,,,,,,,,,,
2026-07-16 09:54:00,2026-07-16 09:40:00,489.062,0,29.15,75.93,955.15,333.5,455.482,0,28.96,72.66,958.77,421.1,508.061,0,30.79,77.94,953.2,396.2,,,,,,,,,,,,,,,,,,,,,,,,,,,,,,
2026-07-16 10:04:02,2026-07-16 09:50:00,489.062,0,29.73,75.36,955.11,465.8,455.476,0,28.97,73.16,958.81,559.3,508.068,0,30.04,69.9,953.18,431,,,,,,,,,,,,,,,,,,,,,,,,,,,,,,
2026-07-16 10:14:00,2026-07-16 10:00:00,489.062,0,29.13,72.81,955.17,420.9,455.476,0,29.14,74.93,958.9,591.5,508.061,0,30.16,69.12,953.17,583.4,478.25,0,30.1,80.4,955.8,438.2,,,,,,,,,,,,,,,,,,,,,,,,
2026-07-16 10:24:00,2026-07-16 10:10:00,489.062,0,29.22,76.2,955.18,488.3,455.476,0,29.43,72.73,958.88,619.7,508.061,0,30.95,66.77,953.22,443.1,,,,,,,,,,,,,,,,,,,,,,,,,,,,,,
2026-07-16 10:34:00,2026-07-16 10:20:00,489.074,0,29.36,73.98,955.23,479,455.476,0,30.33,70.38,958.9,688.1,508.068,0,29.14,74.02,953.22,372.5,,,,,,,,,,,,,,,,,,,,,,,,,,,,,,
2026-07-16 10:44:01,2026-07-16 10:30:00,489.056,0,29.81,75,955.19,580.7,455.476,0,30.8,70.64,958.87,919.5,508.061,0,30.87,69.4,953.2,462.1,478.24,0,31.7,82.1,955.8,561.8,,,,,,,,,,,,,,,,,,,,,,,,
2026-07-16 10:54:01,2026-07-16 10:40:00,489.037,0,29.03,73.3,955.04,481.2,455.476,0,31.61,67.03,958.75,453.3,508.061,0,31.13,68.27,953.12,376.4,,,,,,,,,,,,,,,,,,,,,,,,,,,,,,
2026-07-16 11:14:00,2026-07-16 10:50:00,489.062,0,29.28,73.13,954.97,559,455.476,0,30.84,68.96,958.64,714.1,508.061,0,32.7,71.7,952.99,526.8,,,,,,,,,,,,,,,,,,,,,,,,,,,,,,
2026-07-16 11:24:01,2026-07-16 11:10:00,489.056,0,28.75,76.36,954.88,288,455.476,0,30.04,70.5,958.62,598,508.074,0,31.78,67.12,952.91,611.6,,,,,,,,,,,,,,,,,,,,,,,,,,,,,,
2026-07-16 11:44:00,2026-07-16 11:20:00,489.062,0,28.98,76.92,954.85,292.2,455.476,0,29.74,70.69,958.58,448.5,508.067,0,30.65,67.19,952.97,302.6,,,,,,,,,,,,,,,,,,,,,,,,,,,,,,
2026-07-16 11:54:01,2026-07-16 11:40:00,489.056,0,29.49,74.57,954.82,381.2,455.476,0,30.02,70.9,958.55,454.5,508.061,0,30.31,68.61,952.76,371.3,,,,,,,,,,,,,,,,,,,,,,,,,,,,,,
2026-07-16 12:04:00,2026-07-16 11:50:00,489.036,0,28.94,75.44,954.76,209.5,455.476,0,29.82,72.46,958.45,310,508.068,0,30.77,68.3,952.68,605.5,,,,,,,,,,,,,,,,,,,,,,,,,,,,,,
2026-07-16 12:14:00,2026-07-16 12:00:00,489.05,0,28.64,75.99,954.72,267.9,455.476,0,29.23,71.93,958.42,223.5,508.061,0,30.87,69.32,952.67,255.5,478.24,0,30,83.4,955.4,221.6,,,,,,,,,,,,,,,,,,,,,,,,
2026-07-16 12:24:07,2026-07-16 12:20:00,489.056,0,30.26,71.38,954.41,401.7,455.476,0,30.84,70.76,958.1,508.7,508.068,0,29.03,76.49,952.62,174.3,,,,,,,,,,,,,,,,,,,,,,,,,,,,,,
2026-07-16 12:34:01,2026-07-16 12:30:00,489.056,0,29.54,75.15,954.3,255.9,455.476,0,29.96,71.47,958.03,294.9,508.061,0,28.51,81.15,952.49,106.2,478.24,0,28.2,81.9,955.1,136.1,,,,,,,,,,,,,,,,,,,,,,,,
2026-07-16 12:54:00,2026-07-16 12:40:00,489.05,0,28.81,75.51,954.28,270.3,455.476,0,28.99,73.88,957.98,344.3,508.055,0.4,25.93,92,952.4,123.7,,,,,,,,,,,,,,,,,,,,,,,,,,,,,,
2026-07-16 13:04:01,2026-07-16 12:50:00,489.05,0,28.33,78.97,954.18,198.9,455.476,0,28.66,78.03,957.87,248.4,508.055,0.4,26.75,92.92,952.31,250,,,,,,,,,,,,,,,,,,,,,,,,,,,,,,
2026-07-16 13:14:00,2026-07-16 13:10:00,489.029,0,27.57,84.05,953.92,233,455.476,0,27.54,82.53,957.58,201.5,508.048,0,27.81,89.56,952.05,119.3,,,,,,,,,,,,,,,,,,,,,,,,,,,,,,
2026-07-16 13:34:00,2026-07-16 13:20:00,489.062,0,28.24,78,953.79,284.1,455.476,0,28.42,78.92,957.44,279.7,508.043,0,27.83,89.9,951.84,165.3,,,,,,,,,,,,,,,,,,,,,,,,,,,,,,
2026-07-16 13:44:00,2026-07-16 13:30:00,489.05,0,28.84,77.71,953.66,316.9,455.476,0,29.33,76.03,957.3,316.6,508.043,0,28.35,87.86,951.74,292,478.24,0,28.3,90.2,954.4,291.6,,,,,,,,,,,,,,,,,,,,,,,,
2026-07-16 13:54:01,2026-07-16 13:50:00,489.056,0,29.33,75.38,953.4,371.3,455.476,0,29.99,75.43,957.01,348.4,508.042,0,29.85,85.19,951.38,349.5,,,,,,,,,,,,,,,,,,,,,,,,,,,,,,
2026-07-16 14:14:00,2026-07-16 14:00:00,489.062,0,29.34,73.69,953.08,345.8,455.476,0,30.23,71.67,956.77,372.8,508.055,0,30.39,79.16,951.27,343.6,478.24,0,29.9,84,953.8,387.8,,,,,,,,,,,,,,,,,,,,,,,,
2026-07-16 14:24:01,2026-07-16 14:10:00,489.056,0,29.78,73.19,952.86,352.6,455.476,0,29.98,72.59,956.51,355.7,508.055,0,30.31,77.71,951.09,327.8,,,,,,,,,,,,,,,,,,,,,,,,,,,,,,
2026-07-16 14:34:01,2026-07-16 14:20:00,489.056,0,30.58,72.82,952.72,305,455.476,0,30.3,70.66,956.4,327.2,508.061,0,30.38,81.79,950.95,302.4,,,,,,,,,,,,,,,,,,,,,,,,,,,,,,
2026-07-16 14:44:00,2026-07-16 14:30:00,489.05,0,30.65,72.51,952.59,316.3,455.476,0,30.19,72.16,956.32,351.7,508.054,0,30.08,78.15,950.71,323.1,478.24,0,29.3,86.5,953.4,336.9,,,,,,,,,,,,,,,,,,,,,,,,
2026-07-16 14:54:01,2026-07-16 14:40:00,489.042,0,29.97,74.55,952.61,289.2,455.476,0,30.62,72.47,956.31,328.9,508.055,0,30.55,76.92,950.73,391.3,,,,,,,,,,,,,,,,,,,,,,,,,,,,,,
2026-07-16 15:04:00,2026-07-16 14:50:00,489.05,0,29.6,75.29,952.37,274.7,455.476,0,31.22,70.44,956.09,305.3,508.054,0,31.58,73.71,950.56,549.7,,,,,,,,,,,,,,,,,,,,,,,,,,,,,,
2026-07-16 15:14:00,2026-07-16 15:00:00,489.062,0,29.87,75.61,952.2,294.6,455.476,0,30.37,72.37,955.86,323,508.054,0,31.49,73.28,950.34,371.4,,,,,,,,,,,,,,,,,,,,,,,,,,,,,,
2026-07-16 15:24:00,2026-07-16 15:10:00,489.056,0,30.46,73.69,952.14,286.3,455.476,0,30.9,69.66,955.83,271.1,508.061,0,30.93,77.58,950.37,213.5,,,,,,,,,,,,,,,,,,,,,,,,,,,,,,
2026-07-16 15:34:00,2026-07-16 15:20:00,489.05,0,31.49,71.62,952.11,216.7,455.476,0,30.47,70.35,955.75,247.8,508.061,0,30.39,76.01,950.28,273.2,,,,,,,,,,,,,,,,,,,,,,,,,,,,,,
2026-07-16 15:44:01,2026-07-16 15:30:00,489.05,0,31.06,72.58,952.01,198.6,455.476,0,30.08,72.26,955.63,251.6,508.061,0,30.58,76.75,950.16,291.9,,,,,,,,,,,,,,,,,,,,,,,,,,,,,,
2026-07-16 15:54:00,2026-07-16 15:40:00,489.05,0,29.8,74.38,951.91,181.6,455.476,0,29.85,71.41,955.52,219.4,508.061,0,30.08,76.76,950.1,259.1,,,,,,,,,,,,,,,,,,,,,,,,,,,,,,
2026-07-16 16:04:01,2026-07-16 16:00:00,489.037,0,29.63,76.39,951.83,242.9,455.476,0,30.39,73.99,955.42,187.2,508.054,0,29.92,79.74,949.93,190.3,478.24,0,29.4,85.8,952.6,188.5,,,,,,,,,,,,,,,,,,,,,,,,
2026-07-16 16:24:01,2026-07-16 16:10:00,489.042,0,30.25,73.51,951.87,417.7,455.476,0,30.2,71.38,955.4,190.9,508.061,0,29.53,81.46,949.98,203.9,,,,,,,,,,,,,,,,,,,,,,,,,,,,,,
2026-07-16 16:34:01,2026-07-16 16:30:00,489.05,0,29.88,73.18,951.77,215.7,455.476,0,30.78,71.24,955.37,195.7,508.054,0,29.72,77.67,949.86,229.8,478.24,0,29.5,83.5,952.6,225.6,,,,,,,,,,,,,,,,,,,,,,,,
2026-07-16 16:44:01,2026-07-16 16:40:00,489.05,0,29.37,76.61,951.77,69.5,455.476,0,29.91,72.53,955.36,99,508.055,0,29.64,77.62,949.9,208.4,,,,,,,,,,,,,,,,,,,,,,,,,,,,,,
2026-07-16 16:54:02,2026-07-16 16:50:00,489.042,0,28.84,77.75,951.74,97.9,455.476,0,29.1,74.65,955.31,91.6,508.055,0,29.91,75.66,949.92,154.9,,,,,,,,,,,,,,,,,,,,,,,,,,,,,,
2026-07-16 17:14:00,2026-07-16 17:00:00,489.043,0,28.79,83.61,951.68,118.7,455.476,0,29.23,75.78,955.27,119.2,508.061,0,29.75,77.3,949.87,166.6,478.24,0,28.8,83.1,952.4,158.2,,,,,,,,,,,,,,,,,,,,,,,,
2026-07-16 17:24:01,2026-07-16 17:20:00,489.043,0,29.25,74.59,951.65,144.6,455.476,0,29.96,70.83,955.23,162.3,508.061,0,29.38,74.01,949.77,149.5,,,,,,,,,,,,,,,,,,,,,,,,,,,,,,
2026-07-16 17:44:01,2026-07-16 17:40:00,489.037,0,29.19,73.59,951.59,147.3,455.476,0,30.3,74.38,955.27,209.5,508.055,0,29.33,79.82,949.88,127.4,,,,,,,,,,,,,,,,,,,,,,,,,,,,,,
2026-07-16 17:54:01,2026-07-16 17:50:00,489.03,0,29.13,74.25,951.74,112.9,455.476,0,30.35,69.87,955.4,158.2,508.055,0,29.06,78.28,949.97,85.6,,,,,,,,,,,,,,,,,,,,,,,,,,,,,,
2026-07-16 18:04:02,2026-07-16 18:00:00,489.037,0,29.08,75.18,951.74,91.6,455.476,0,29.84,70.84,955.44,97.2,508.061,0,28.55,77.35,950.04,78.8,478.23,0,28.1,86.6,952.6,120.1,,,,,,,,,,,,,,,,,,,,,,,,
2026-07-16 18:14:02,2026-07-16 18:10:00,489.037,0,28.71,73.41,951.75,64.6,455.476,0,29.35,70.12,955.46,71.8,508.061,0,28.51,75.09,949.98,53.4,,,,,,,,,,,,,,,,,,,,,,,,,,,,,,
2026-07-16 18:34:01,2026-07-16 18:30:00,489.069,0,28.33,78.14,951.57,42,455.476,0,28.69,72.25,955.22,46.9,508.062,0,27.97,77.34,949.78,33.8,478.23,0,26.8,83.7,952.4,42.9,,,,,,,,,,,,,,,,,,,,,,,,
2026-07-16 18:54:00,2026-07-16 18:40:00,489.03,0,28.16,75.94,951.63,22,455.476,0,28.41,73.12,955.38,24.9,508.056,0,27.94,77.33,949.98,18.1,,,,,,,,,,,,,,,,,,,,,,,,,,,,,,
2026-07-16 19:04:00,2026-07-16 18:50:00,489.017,0,28.03,76.17,951.94,9.2,455.476,0,28.34,73.24,955.61,10.9,508.062,0,27.05,81.88,950.15,7.3,,,,,,,,,,,,,,,,,,,,,,,,,,,,,,
2026-07-16 19:14:00,2026-07-16 19:00:00,489.037,0,27.81,79.6,951.98,2,455.476,0,28.18,73.57,955.68,2.7,508.062,0,26.24,83.56,950.31,1.6,478.23,0,26.2,81,952.8,2.8,,,,,,,,,,,,,,,,,,,,,,,,
2026-07-16 19:24:00,2026-07-16 19:20:00,489.037,0,27.03,79.01,952.24,0,455.476,0,27.36,75.5,955.9,0.1,508.056,0,26.21,84.49,950.48,0,,,,,,,,,,,,,,,,,,,,,,,,,,,,,,
2026-07-16 19:44:01,2026-07-16 19:40:00,489.037,0,26.17,83.14,952.61,0,455.476,0,27.03,78.13,956.25,0.1,508.056,0,25.84,86.13,950.78,0,,,,,,,,,,,,,,,,,,,,,,,,,,,,,,
2026-07-16 19:54:02,2026-07-16 19:50:00,489.037,0,26.55,80.13,952.64,0,455.476,0,27.07,76.42,956.31,0.1,508.056,0,25.45,88.02,950.93,0,,,,,,,,,,,,,,,,,,,,,,,,,,,,,,
2026-07-16 20:14:03,2026-07-16 20:10:00,489.031,0,26.21,82.71,952.74,0,455.476,0,26.95,77.43,956.48,0.1,508.05,0,25.25,89.71,951.02,0,,,,,,,,,,,,,,,,,,,,,,,,,,,,,,
2026-07-16 20:24:01,2026-07-16 20:20:00,489.037,0,26.25,81.35,952.93,0,455.476,0,26.79,78.98,956.62,0.1,508.05,0,24.99,90.02,951.1,0,,,,,,,,,,,,,,,,,,,,,,,,,,,,,,
2026-07-16 20:34:02,2026-07-16 20:30:00,489.03,0,26.23,84.27,953.06,0,455.476,0,26.75,77.82,956.71,0.1,508.05,0,25.28,90.17,951.23,0,478.23,0,24.6,89.6,953.8,0.2,,,,,,,,,,,,,,,,,,,,,,,,
2026-07-16 20:44:01,2026-07-16 20:40:00,489.038,0,26.36,83.27,952.98,0,455.476,0,27.22,77.39,956.72,0.1,508.05,0,24.85,90.87,951.28,0,,,,,,,,,,,,,,,,,,,,,,,,,,,,,,
2026-07-16 21:04:01,2026-07-16 21:00:00,489.031,0,26.03,84.74,953.12,0,455.47,0,27.03,77.14,956.89,0.2,508.05,0,24.87,90.72,951.42,0,478.23,0,24.2,91.2,954.1,0.2,,,,,,,,,,,,,,,,,,,,,,,,
2026-07-16 21:14:01,2026-07-16 21:10:00,489.037,0,25.29,90.68,953.16,0,455.476,0,26.19,82.65,956.92,0.2,508.05,0,24.94,89.71,951.5,0,,,,,,,,,,,,,,,,,,,,,,,,,,,,,,
2026-07-16 21:34:01,2026-07-16 21:30:00,489.037,0,25.88,84.57,953.41,0,455.476,0,25.94,82.04,957.08,0.1,508.05,0,24.88,91.02,951.7,0,478.23,0,24,90.4,954.2,0.2,,,,,,,,,,,,,,,,,,,,,,,,
2026-07-16 21:54:02,2026-07-16 21:50:00,489.03,0,26.01,85.07,953.68,0,455.476,0,25.31,83.73,957.42,0.2,508.05,0,24.67,92.06,952.04,0,,,,,,,,,,,,,,,,,,,,,,,,,,,,,,
2026-07-16 22:04:01,2026-07-16 22:00:00,489.03,0,25.28,88.33,953.69,0,455.476,0,25.62,79.57,957.43,0.2,508.05,0,24.64,92.19,952.11,0,478.23,0,23.7,91.6,954.6,0.2,,,,,,,,,,,,,,,,,,,,,,,,
2026-07-16 22:24:01,2026-07-16 22:20:00,489.031,0,25.36,84.77,953.86,0,455.476,0,26.1,78.89,957.6,0.2,508.05,0,24.51,92.33,952.26,0,,,,,,,,,,,,,,,,,,,,,,,,,,,,,,
2026-07-16 22:34:01,2026-07-16 22:30:00,489.031,0,25.28,85.44,953.94,0,455.476,0,26.08,78.31,957.8,0.1,508.043,0,24.53,92.5,952.33,0,478.23,0,23.6,92.6,954.8,0.2,,,,,,,,,,,,,,,,,,,,,,,,
2026-07-16 22:44:01,2026-07-16 22:40:00,489.037,0,25.67,82.1,953.91,0,455.47,0,25.99,79.93,957.77,0.2,508.05,0,24.5,92.3,952.4,0,,,,,,,,,,,,,,,,,,,,,,,,,,,,,,
2026-07-16 22:54:01,2026-07-16 22:50:00,489.031,0,25.18,83.94,953.84,0,455.476,0,26.32,77.01,957.63,0.1,508.043,0,24.5,92.23,952.35,0,,,,,,,,,,,,,,,,,,,,,,,,,,,,,,
2026-07-16 23:04:01,2026-07-16 23:00:00,489.031,0,25.62,82.69,953.88,0,455.476,0,26.7,77.71,957.58,0.1,508.05,0,24.44,92.79,952.18,0,478.22,0,24.1,91.5,954.7,0.2,,,,,,,,,,,,,,,,,,,,,,,,
2026-07-16 23:14:01,2026-07-16 23:10:00,489.03,0,25.38,84.15,953.66,0,455.476,0,26.74,76.24,957.63,0.1,508.043,0,24.39,92.16,952.13,0,,,,,,,,,,,,,,,,,,,,,,,,,,,,,,
2026-07-16 23:34:01,2026-07-16 23:30:00,489.031,0,25.69,81.96,953.64,0,455.476,0,26.79,75.93,957.57,0.1,508.05,0,24.36,92.52,952.06,0,478.23,0,24.2,92.1,954.6,0.2,,,,,,,,,,,,,,,,,,,,,,,,
2026-07-16 23:54:00,2026-07-16 23:40:00,489.031,0,25.56,82.93,953.55,0,455.476,0,26.27,79.1,957.45,0.2,508.05,0,24.3,92.51,951.99,0,,,,,,,,,,,,,,,,,,,,,,,,,,,,,,
2026-07-17 00:04:01,2026-07-16 23:50:00,489.031,0,25.4,82.92,953.56,0,455.476,0,26.35,75.78,957.47,0.1,508.043,0,24.31,91.86,951.95,0,,,,,,,,,,,,,,,,,,,,,,,,,,,,,,
2026-07-17 00:14:00,2026-07-17 00:10:00,489.031,0,25.35,81.13,953.45,0,455.47,0,26.34,76.31,957.41,0.2,508.05,0,24.19,91.95,951.87,0,,,,,,,,,,,,,,,,,,,,,,,,,,,,,,
2026-07-17 00:44:01,2026-07-17 00:40:00,489.024,0,24.99,84.04,953.09,0,455.476,0,25.93,77.42,957,0.2,508.05,0,23.98,92.38,951.46,0,,,,,,,,,,,,,,,,,,,,,,,,,,,,,,
2026-07-17 00:54:18,2026-07-17 00:50:00,489.031,0,25.01,84.7,953.05,0,455.476,0,25.99,78.43,956.94,0.1,508.043,0,23.9,92.9,951.5,0,,,,,,,,,,,,,,,,,,,,,,,,,,,,,,
2026-07-17 01:04:01,2026-07-17 01:00:00,489.024,0,24.54,86.17,952.9,0,455.47,0,25.89,78.31,956.82,0.1,508.05,0,23.89,92.75,951.35,0,478.22,0,23.4,92.4,953.8,0.2,,,,,,,,,,,,,,,,,,,,,,,,
2026-07-17 01:24:00,2026-07-17 01:10:00,489.024,0,24.5,88.72,952.95,0,455.47,0,25.59,79.88,956.73,0.2,508.047,0,23.83,93.01,951.36,0,,,,,,,,,,,,,,,,,,,,,,,,,,,,,,
2026-07-17 01:34:01,2026-07-17 01:20:00,489.031,0,24.42,89.65,952.89,0,455.476,0,24.88,82.25,956.71,0.2,508.05,0,23.83,92.92,951.17,0,,,,,,,,,,,,,,,,,,,,,,,,,,,,,,
2026-07-17 01:44:02,2026-07-17 01:40:00,489.024,0,24.3,91.93,952.61,0,455.47,0,24.13,86.16,956.37,0.1,508.043,0,23.99,92.85,950.94,0,,,,,,,,,,,,,,,,,,,,,,,,,,,,,,
2026-07-17 01:54:02,2026-07-17 01:50:00,489.024,0,24.5,87.23,952.41,0,455.471,0,23.89,87.43,956.21,0.1,508.043,0,23.92,92.46,950.84,0,,,,,,,,,,,,,,,,,,,,,,,,,,,,,,
2026-07-17 02:14:01,2026-07-17 02:10:00,489.024,0,24.54,86.86,952.14,0,455.476,0,23.66,89.23,955.95,0.1,508.05,0,23.78,92.95,950.54,0,,,,,,,,,,,,,,,,,,,,,,,,,,,,,,
2026-07-17 02:34:02,2026-07-17 02:30:00,489.024,0,23.87,91.44,952.14,0,455.471,0,23.78,86.85,955.89,0.1,508.049,0,23.68,93.32,950.41,0,478.22,0,22.8,93.3,952.9,0.2,,,,,,,,,,,,,,,,,,,,,,,,
2026-07-17 02:44:02,2026-07-17 02:40:00,489.024,0,24.11,90.41,952.15,0,455.47,0,23.9,88.61,955.9,0.1,508.05,0,23.62,93.11,950.35,0,,,,,,,,,,,,,,,,,,,,,,,,,,,,,,
2026-07-17 02:54:01,2026-07-17 02:50:00,489.024,0,24.04,90.42,952.15,0,455.476,0,24.17,87.8,956,0.1,508.051,0,23.62,93.14,950.5,0,,,,,,,,,,,,,,,,,,,,,,,,,,,,,,
2026-07-17 03:04:01,2026-07-17 03:00:00,489.024,0,23.68,92.25,952.21,0,455.471,0,23.89,88.89,956.04,0.1,508.05,0,23.52,93.14,950.46,0,478.22,0,22.7,93.7,953,0.2,,,,,,,,,,,,,,,,,,,,,,,,
2026-07-17 03:24:00,2026-07-17 03:10:00,489.024,0,23.79,90.83,952.19,0,455.47,0,23.99,87.3,956.02,0.1,508.044,0,23.51,93.18,950.47,0,,,,,,,,,,,,,,,,,,,,,,,,,,,,,,
2026-07-17 03:34:00,2026-07-17 03:30:00,489.017,0,24.62,84.18,952.36,0,455.47,0,24.15,87.86,956.11,0.2,508.05,0,23.49,92.78,950.62,0,478.21,0,22.7,94,953.2,0.2,,,,,,,,,,,,,,,,,,,,,,,,
2026-07-17 03:44:01,2026-07-17 03:40:00,489.024,0,24.4,88.09,952.38,0,455.471,0,24.57,82.47,956.19,0.1,508.043,0,23.28,93.52,950.67,0,,,,,,,,,,,,,,,,,,,,,,,,,,,,,,
2026-07-17 03:54:01,2026-07-17 03:50:00,489.024,0,24.43,86.73,952.48,0,455.47,0,25.46,80.35,956.28,0.1,508.044,0,23.45,92.58,950.85,0,,,,,,,,,,,,,,,,,,,,,,,,,,,,,,
2026-07-17 04:04:02,2026-07-17 04:00:00,489.024,0,24.68,85.75,952.46,0,455.47,0,25.75,79.25,956.28,0.1,508.05,0,23.4,92.83,950.74,0,478.22,0,22.5,93.8,953.3,0.2,,,,,,,,,,,,,,,,,,,,,,,,
2026-07-17 04:14:02,2026-07-17 04:10:00,489.017,0,24.16,89.01,952.37,0,455.47,0,25.56,79.95,956.14,0.1,508.044,0,23.42,92.99,950.7,0,,,,,,,,,,,,,,,,,,,,,,,,,,,,,,
2026-07-17 04:24:01,2026-07-17 04:20:00,489.017,0,24.22,88.66,952.4,0,455.476,0,25.75,81.08,956.17,0.2,508.043,0,23.49,91.96,950.69,0,,,,,,,,,,,,,,,,,,,,,,,,,,,,,,
2026-07-17 04:34:02,2026-07-17 04:30:00,489.017,0,23.87,90.18,952.39,0,455.47,0,25.02,83.12,956.23,0.1,508.044,0,23.56,92.34,950.72,0,478.21,0,22.6,94.2,953.2,0.2,,,,,,,,,,,,,,,,,,,,,,,,
2026-07-17 04:54:01,2026-07-17 04:40:00,489.017,0,23.7,89.72,952.41,0,455.471,0,24.23,86.05,956.24,0.1,508.051,0,23.59,92.52,950.78,0,,,,,,,,,,,,,,,,,,,,,,,,,,,,,,
2026-07-17 05:04:00,2026-07-17 04:50:00,489.024,0,23.87,91.5,952.57,0,455.476,0,24,87.56,956.32,0.2,508.051,0,23.58,91.96,950.79,0,,,,,,,,,,,,,,,,,,,,,,,,,,,,,,
2026-07-17 05:14:02,2026-07-17 05:10:00,489.017,0,23.43,91.56,952.55,0,455.47,0,23.9,88.05,956.28,0.2,508.05,0,23.68,90.94,950.85,0,,,,,,,,,,,,,,,,,,,,,,,,,,,,,,
2026-07-17 05:34:06,2026-07-17 05:30:00,489.017,0,23.72,92.73,952.58,0,455.477,0,23.79,89.25,956.3,0.1,508.05,0,23.64,91.29,950.87,0,478.21,0,22.7,94.6,953.4,0.2,,,,,,,,,,,,,,,,,,,,,,,,
2026-07-17 05:44:01,2026-07-17 05:40:00,489.017,0,23.88,93.04,952.59,0,455.471,0,23.75,89.07,956.31,0.2,508.043,0,23.62,91.05,950.92,0,,,,,,,,,,,,,,,,,,,,,,,,,,,,,,
2026-07-17 06:04:01,2026-07-17 06:00:00,489.024,0,23.77,92.9,952.68,2.5,455.471,0,23.48,89.88,956.38,3.6,508.051,0,23.7,90.42,950.91,3.6,478.21,0,22.8,94.7,953.4,4.1,,,,,,,,,,,,,,,,,,,,,,,,
2026-07-17 06:24:01,2026-07-17 06:20:00,489.024,0,23.87,92.67,952.98,11.9,455.476,0,23.72,89.42,956.74,16.3,508.05,0,24.2,88.71,951.3,22.8,,,,,,,,,,,,,,,,,,,,,,,,,,,,,,
2026-07-17 06:34:00,2026-07-17 06:30:00,489.017,0,23.91,90.68,953.2,13.2,455.476,0,23.92,89.48,956.96,13.9,508.05,0,23.96,91.07,951.43,22.7,478.21,0,22.9,94.3,953.9,20.5,,,,,,,,,,,,,,,,,,,,,,,,
2026-07-17 06:54:02,2026-07-17 06:50:00,489.018,0,24.11,91.11,953.47,15.4,455.476,0,24.23,87.96,957.26,13.5,508.05,0,24.05,89.97,951.7,25.2,,,,,,,,,,,,,,,,,,,,,,,,,,,,,,
2026-07-17 07:04:00,2026-07-17 07:00:00,489.017,0,24.08,92.39,953.69,17.1,455.477,0,25.05,85.15,957.45,15.6,508.05,0,24.09,89.02,951.86,28.4,478.21,0,23.2,94.1,954.4,25.4,,,,,,,,,,,,,,,,,,,,,,,,
2026-07-17 07:24:03,2026-07-17 07:20:00,489.017,0,24.09,92.09,953.77,29.5,455.47,0,25.46,81.94,957.51,30.5,508.05,0,24,92.3,952,40.6,,,,,,,,,,,,,,,,,,,,,,,,,,,,,,
2026-07-17 07:44:00,2026-07-17 07:30:00,489.017,0,24.15,93.06,953.82,38.5,455.471,0,25.59,82.12,957.59,37.4,508.05,0,24.09,92.54,952.08,49.3,478.21,0,23.5,93.7,954.6,47.2,,,,,,,,,,,,,,,,,,,,,,,,
2026-07-17 07:54:00,2026-07-17 07:50:00,489.017,0,24.64,92.71,953.84,64.7,455.47,0,25.84,81.22,957.66,65.5,508.05,0,24.61,89.3,952.06,76.5,,,,,,,,,,,,,,,,,,,,,,,,,,,,,,
2026-07-17 08:14:01,2026-07-17 08:00:00,489.017,0,24.99,89.85,953.93,68,455.47,0,25.96,81.7,957.76,68,508.05,0,24.87,86.47,952.18,75.9,478.21,0,24.2,93.2,954.7,69.7,,,,,,,,,,,,,,,,,,,,,,,,
2026-07-17 08:24:04,2026-07-17 08:20:00,489.017,0,25.36,87.76,954.17,77.8,455.47,0,26.05,85.04,957.97,79.8,508.05,0,25.29,88.16,952.33,97.3,,,,,,,,,,,,,,,,,,,,,,,,,,,,,,
2026-07-17 08:34:02,2026-07-17 08:30:00,489.017,0,25.73,87.19,954.21,89.2,455.47,0,26.07,86.4,958.03,89,508.049,0,25.43,88.25,952.4,117.5,478.21,0,24.4,91.6,955,110.2,,,,,,,,,,,,,,,,,,,,,,,,
2026-07-17 08:44:03,2026-07-17 08:40:00,489.018,0,25.98,85.53,954.25,111.1,455.47,0,26.16,85.02,958.12,117.3,508.049,0,25.76,87.08,952.56,145.6,,,,,,,,,,,,,,,,,,,,,,,,,,,,,,
2026-07-17 08:54:01,2026-07-17 08:50:00,489.01,0,26.46,82.91,954.39,136.9,455.47,0,26.42,83.41,958.19,135.6,508.049,0,25.92,84.49,952.59,178.4,,,,,,,,,,,,,,,,,,,,,,,,,,,,,,
2026-07-17 09:14:01,2026-07-17 09:10:00,489.01,0,26.92,78.86,954.52,144.9,455.47,0,26.82,83.06,958.33,130.6,508.049,0,26.61,85.37,952.78,188.7,,,,,,,,,,,,,,,,,,,,,,,,,,,,,,
2026-07-17 09:34:01,2026-07-17 09:30:00,489.01,0,27.09,78.22,954.57,145.8,455.47,0,27.17,83.63,958.45,160.6,508.056,0,26.91,82.69,952.82,151.5,478.21,0,25.9,88,955.3,153.2,,,,,,,,,,,,,,,,,,,,,,,,
2026-07-17 09:44:01,2026-07-17 09:40:00,489.017,0,26.97,80.61,954.63,133.7,455.47,0,26.91,82.83,958.46,128.6,508.056,0,26.44,83.48,952.85,156,,,,,,,,,,,,,,,,,,,,,,,,,,,,,,
2026-07-17 10:04:00,2026-07-17 09:50:00,489.01,0,27,80.93,954.64,141.8,455.47,0,27.07,83.45,958.49,120.1,508.056,0,26.37,84.76,952.86,187.8,,,,,,,,,,,,,,,,,,,,,,,,,,,,,,
2026-07-17 10:14:01,2026-07-17 10:10:00,489.01,0,27.42,79.99,954.73,149.6,455.47,0,27.54,80.59,958.54,151.4,508.056,0,26.86,84.13,952.98,222,,,,,,,,,,,,,,,,,,,,,,,,,,,,,,
2026-07-17 10:34:01,2026-07-17 10:30:00,489.017,0,27.66,77.33,954.79,185.7,455.47,0,28.07,82.67,958.66,166.9,508.049,0,27.88,80.22,952.99,280.8,478.21,0,27,87.7,955.6,275.2,,,,,,,,,,,,,,,,,,,,,,,,
2026-07-17 10:54:00,2026-07-17 10:40:00,489.017,0,27.92,76.41,954.76,221,455.47,0,28.66,79.88,958.6,259.2,508.056,0,27.68,82.6,953,272.7,,,,,,,,,,,,,,,,,,,,,,,,,,,,,,
2026-07-17 11:04:01,2026-07-17 11:00:00,489.01,0,28.44,74.47,954.67,215.5,455.47,0,28.29,76.41,958.54,379.4,508.056,0,27.5,82.26,952.97,254.5,478.21,0,27.4,86,955.5,262.4,,,,,,,,,,,,,,,,,,,,,,,,
2026-07-17 11:24:00,2026-07-17 11:10:00,489.01,0,28.65,75.23,954.62,176.4,455.469,0,28.24,77.02,958.46,198.4,508.055,0,27.09,82.54,952.89,232.5,,,,,,,,,,,,,,,,,,,,,,,,,,,,,,
2026-07-17 11:34:01,2026-07-17 11:30:00,489.01,0,27.75,75.41,954.74,120.8,455.469,0,27.95,78.7,958.53,105.2,508.056,0,27.58,81.75,952.99,234.2,478.21,0,27.5,86.1,955.6,235.7,,,,,,,,,,,,,,,,,,,,,,,,
2026-07-17 11:54:01,2026-07-17 11:40:00,489.003,0,27.49,76.49,954.72,145.7,455.469,0,27.37,79.98,958.57,100.4,508.056,0,27.3,83.84,952.95,205.3,,,,,,,,,,,,,,,,,,,,,,,,,,,,,,
2026-07-17 12:04:01,2026-07-17 11:50:00,489.003,0,27.61,74.48,954.72,216,455.469,0,27.71,74.29,958.46,185.2,508.055,0,26.98,84.5,952.84,238.6,,,,,,,,,,,,,,,,,,,,,,,,,,,,,,
2026-07-17 12:14:00,2026-07-17 12:00:00,488.978,0,27.36,77.6,954.5,208.6,455.469,0,27.97,74.21,958.32,221.7,508.055,0,27.06,84.11,952.76,267.3,478.21,0,27.8,86.5,955.3,286.3,,,,,,,,,,,,,,,,,,,,,,,,
2026-07-17 12:24:01,2026-07-17 12:20:00,489.003,0,27.4,77.33,954.53,200.4,455.47,0,27.84,75.5,958.4,173.6,508.055,0,27.28,82.54,952.74,206.6,,,,,,,,,,,,,,,,,,,,,,,,,,,,,,
2026-07-17 12:34:02,2026-07-17 12:30:00,489.017,0,27.47,78.71,954.63,173.3,455.47,0,27.53,77.47,958.38,143.5,508.056,0,27.39,83.54,952.82,175.5,478.21,0,27.2,84.5,955.4,183,,,,,,,,,,,,,,,,,,,,,,,,
2026-07-17 12:54:02,2026-07-17 12:50:00,489.01,0,27.73,76.84,954.53,172.3,455.47,0,27.68,77.47,958.25,137.1,508.055,0,27.53,83.54,952.69,171.6,,,,,,,,,,,,,,,,,,,,,,,,,,,,,,
2026-07-17 13:14:01,2026-07-17 13:10:00,489.024,0,27.42,78.21,954.33,143.1,455.47,0,27.68,77.59,958.08,104.3,508.056,0,27.33,85.58,952.55,157,,,,,,,,,,,,,,,,,,,,,,,,,,,,,,
2026-07-17 13:24:02,2026-07-17 13:20:00,489.01,0,27.3,77.75,954.27,145.7,455.47,0,27.58,77.49,958.02,117.1,508.056,0,26.84,85.86,952.49,143.6,,,,,,,,,,,,,,,,,,,,,,,,,,,,,,
2026-07-17 13:34:01,2026-07-17 13:30:00,489.003,0,26.96,79.78,954.2,139.6,455.47,0,27.43,75.72,957.93,129,508.055,0,26.26,87.11,952.43,136.7,478.2,0,26.8,86.3,955,140.9,,,,,,,,,,,,,,,,,,,,,,,,
2026-07-17 13:44:02,2026-07-17 13:40:00,489.01,0,27.06,78.62,954.04,146.8,455.47,0,27.46,77.3,957.74,148.4,508.056,0,26.13,86.33,952.28,188.6,,,,,,,,,,,,,,,,,,,,,,,,,,,,,,
2026-07-17 14:04:01,2026-07-17 14:00:00,489.017,0,28.17,81.21,953.74,179.6,455.47,0,28.01,83.87,957.6,189.1,508.049,0,26.17,87.92,952.16,216.7,478.21,0,26.7,88.4,954.6,234.5,,,,,,,,,,,,,,,,,,,,,,,,
2026-07-17 14:24:01,2026-07-17 14:20:00,489.017,0,28.51,77.55,953.6,189.9,455.47,0,28.21,81.94,957.4,173.1,508.049,0,26.62,85.1,951.89,245.1,,,,,,,,,,,,,,,,,,,,,,,,,,,,,,
2026-07-17 14:34:01,2026-07-17 14:30:00,489.017,0,28.64,81.35,953.57,190.7,455.469,0,27.98,81.78,957.36,157.1,508.056,0,26.77,84.54,951.8,252.7,478.2,0,26.8,89,954.3,229.2,,,,,,,,,,,,,,,,,,,,,,,,
2026-07-17 14:44:01,2026-07-17 14:40:00,489.01,0,28.85,82.19,953.51,208.2,455.469,0,27.84,82.82,957.28,173.9,508.049,0,27.15,84.55,951.69,188.8,,,,,,,,,,,,,,,,,,,,,,,,,,,,,,
2026-07-17 15:04:01,2026-07-17 14:50:00,489.01,0,28.91,80.55,953.48,186.4,455.469,0,28.04,83.2,957.2,168.4,508.056,0,26.84,84.61,951.65,213.9,,,,,,,,,,,,,,,,,,,,,,,,,,,,,,
2026-07-17 15:14:01,2026-07-17 15:10:00,489.01,0,28.65,82.64,953.22,171.1,455.469,0,27.84,82.36,957.01,165.3,508.056,0,27.54,82.47,951.42,211.5,,,,,,,,,,,,,,,,,,,,,,,,,,,,,,
2026-07-17 15:34:01,2026-07-17 15:20:00,489.01,0,28.15,82.66,953.18,136.2,455.469,0,27.68,82.29,956.92,132.1,508.056,0,26.75,83.64,951.37,155.2,,,,,,,,,,,,,,,,,,,,,,,,,,,,,,
2026-07-17 15:44:03,2026-07-17 15:40:00,489.003,0,26.86,86.18,953.15,95.3,455.47,0,26.79,84.45,956.91,77.8,508.056,0,26.45,86.36,951.36,98.4,,,,,,,,,,,,,,,,,,,,,,,,,,,,,,
2026-07-17 16:04:00,2026-07-17 15:50:00,489.003,0,27.14,85.68,953.18,116.4,455.469,0,26.79,84.56,956.94,88,508.056,0,25.97,87.35,951.35,40,,,,,,,,,,,,,,,,,,,,,,,,,,,,,,
2026-07-17 16:14:00,2026-07-17 16:00:00,489.003,0,27.26,87.95,953.17,55.7,455.47,0,26.86,85.81,956.94,53.4,508.056,0,25.8,87.67,951.37,94.6,478.2,0,26.2,88.8,954,83.8,,,,,,,,,,,,,,,,,,,,,,,,
2026-07-17 16:24:02,2026-07-17 16:20:00,489.003,0,26.78,84.7,953.12,48,455.47,0,26.35,87.82,956.89,41,508.049,0,25.72,88.4,951.39,32.7,,,,,,,,,,,,,,,,,,,,,,,,,,,,,,
2026-07-17 16:34:05,2026-07-17 16:30:00,488.992,0,26.51,85.75,953.17,36.9,455.47,0,26.24,87.91,956.97,42.6,508.056,0,25.59,91.86,951.39,50.5,478.2,0,26,91.4,953.9,49.4,,,,,,,,,,,,,,,,,,,,,,,,
2026-07-17 16:44:03,2026-07-17 16:40:00,488.997,0,25.72,90.62,953.45,31.7,455.47,0.2,25.68,89.01,957.29,19.6,508.057,0,25.33,91.18,951.41,33.1,,,,,,,,,,,,,,,,,,,,,,,,,,,,,,
2026-07-17 16:54:01,2026-07-17 16:50:00,489.004,0.2,25.31,94.07,953.34,53.2,455.47,0.6,24.98,89.91,957.18,42.2,508.049,0.2,24.82,94.16,951.66,16.4,,,,,,,,,,,,,,,,,,,,,,,,,,,,,,
2026-07-17 17:04:00,2026-07-17 17:00:00,488.997,0.2,25.15,94.24,953.2,62.8,455.47,0.6,25.11,90.93,957.02,57.1,508.05,0.8,24.6,96.04,951.5,47.2,478.2,0.6,24.8,92,954.1,54.7,,,,,,,,,,,,,,,,,,,,,,,,
2026-07-17 17:14:01,2026-07-17 17:10:00,488.998,0,25.4,94.05,953.22,64.1,455.47,0.2,25.14,90.44,956.97,65.2,508.05,0,24.61,96.16,951.47,57.3,,,,,,,,,,,,,,,,,,,,,,,,,,,,,,
2026-07-17 17:44:00,2026-07-17 17:30:00,488.992,0,24.8,94.73,952.9,56.3,455.47,0.2,25.36,91.45,956.67,62.8,508.043,0,24.78,95.07,951.18,65.7,478.2,0,25.1,92.6,953.7,65.3,,,,,,,,,,,,,,,,,,,,,,,,
2026-07-17 17:54:00,2026-07-17 17:50:00,488.992,0,24.73,96.05,952.71,43.9,455.47,0.2,25.22,91.04,956.51,44.8,508.043,0,24.7,95.49,950.95,48,,,,,,,,,,,,,,,,,,,,,,,,,,,,,,
2026-07-17 18:14:00,2026-07-17 18:00:00,488.992,0,24.83,95.82,952.64,37.3,455.47,0.2,25.21,91.62,956.44,37.7,508.043,0,24.63,95.47,950.92,38.2,478.2,0,24.9,92.8,953.5,38.9,,,,,,,,,,,,,,,,,,,,,,,,
2026-07-17 18:24:00,2026-07-17 18:10:00,488.992,0,24.81,95.91,952.62,26.6,455.47,0,25.12,91.52,956.44,28,508.043,0,24.31,95.35,950.85,29.1,,,,,,,,,,,,,,,,,,,,,,,,,,,,,,
2026-07-17 18:34:01,2026-07-17 18:30:00,489.017,0,24.43,94.18,952.6,12.8,455.47,0,24.49,90.56,956.43,12.7,508.043,0,24.06,96.42,950.84,12.4,478.2,0,24.8,93.2,953.4,12.9,390.34,0,25.1,94.29,963.51,8.4,,0,24.2,98,950.7,11.1,472.303,0,24.3,94.8,954.11,10.9,,0,24.89,90.25,963.65,9.5
2026-07-17 18:56:11,2026-07-17 18:50:00,489.004,0,24.11,95.11,952.71,6.1,455.47,0,24.09,90.95,956.48,6.1,508.043,0,23.62,96.37,950.92,5.2,,,,,,,390.341,0,24.9,94.39,963.46,3.2,,,,,,,472.297,0,24.13,95.29,954.11,4.4,,0,24.78,90.95,963.67,3.2
2026-07-17 19:06:11,2026-07-17 19:00:00,489.017,0,24.02,96.72,952.63,1.4,455.47,0,23.82,91.57,956.36,1.8,508.05,0,23.48,96.68,950.85,1.1,478.2,0,24,92.8,953.5,1.9,390.343,0,24.85,94.47,963.35,1.1,,0,23.8,98.5,950.6,0,472.297,0,24.13,95.6,954.04,0.7,,0,24.76,91.5,963.6,0.3
2026-07-17 19:16:11,2026-07-17 19:10:00,488.992,0,23.78,96.69,952.57,0,455.471,0,23.69,92.04,956.33,0.4,508.043,0,23.31,96.96,950.86,0,,,,,,,390.341,0,24.75,94.83,963.36,0.1,,,,,,,472.297,0,23.99,95.4,954.02,0,,0,24.68,91.74,963.54,0
2026-07-17 19:26:12,2026-07-17 19:20:00,489.017,0,23.68,96.38,952.57,0,455.47,0,23.64,92.45,956.37,0.1,508.043,0,23.24,97.19,950.86,0,,,,,,,390.343,0,24.79,94.95,963.38,0,,,,,,,472.297,0,23.88,95.52,954.02,0,,0,24.61,91.65,963.56,0
2026-07-17 19:36:11,2026-07-17 19:30:00,489.024,0,23.81,95.6,952.56,0,455.47,0,23.47,92.64,956.38,0.2,508.043,0,23.03,96.71,950.83,0,478.2,0,23.6,93.4,953.4,0.2,390.341,0,24.73,94.88,963.33,0,,0,23.7,99,950.6,0,472.303,0,23.84,95.66,954,0,,0,24.55,91.39,963.61,0
2026-07-17 19:46:12,2026-07-17 19:40:00,488.997,0,23.68,96.31,952.68,0,455.471,0,23.28,92.09,956.45,0.1,508.043,0,22.98,97.19,950.98,0,,,,,,,390.341,0,24.7,94.58,963.42,0,,,,,,,472.303,0.2,23.79,95.79,954.04,0,,0,24.52,91.74,963.64,0
2026-07-17 19:56:11,2026-07-17 19:50:00,489.005,0,23.61,96.86,952.8,0,455.471,0,23.42,91.9,956.54,0.2,508.043,0,22.83,97.18,951.06,0,,,,,,,390.343,0,24.69,94.63,963.48,0,,,,,,,472.297,0.2,23.77,95.77,954.1,0,,0,24.45,91.54,963.68,0
2026-07-17 20:06:12,2026-07-17 20:00:00,489.005,0,23.53,95.66,952.91,0,455.47,0,23.45,91.98,956.63,0.2,508.044,0,22.83,97.37,951.08,0,478.2,0,23.3,93.7,953.6,0.2,390.343,0,24.65,94.36,963.65,0,,0,23.5,97,950.8,0,472.297,0.2,23.72,95.72,954.16,0,,0,24.42,91.52,963.82,0
2026-07-17 20:16:12,2026-07-17 20:10:00,488.998,0,23.53,96.42,953.01,0,455.471,0,23.52,91.59,956.73,0.1,508.043,0,22.77,97.06,951.23,0,,,,,,,390.344,0,24.72,94.58,963.75,0,,,,,,,472.297,0,23.63,95.81,954.3,0,,0,24.48,91.68,964.01,0
2026-07-17 20:36:12,2026-07-17 20:30:00,489.017,0,23.53,96.61,953.1,0,455.47,0,23.66,90.51,956.83,0.1,508.044,0,22.62,96.77,951.16,0,478.2,0,23.4,94.3,953.8,0.2,390.343,0,24.65,94.2,963.95,0,,0,23.2,97.8,951.1,0,472.297,0,23.37,95.58,954.51,0,,0,24.32,91.43,964.11,0
2026-07-17 20:46:12,2026-07-17 20:40:00,488.998,0,23.49,95.45,953.21,0,455.471,0,23.38,91.24,957.03,0.2,508.044,0,22.66,97.13,951.38,0,,,,,,,390.343,0,24.58,94.11,964.11,0,,,,,,,472.303,0,23.28,95.71,954.7,0,,0,24.38,91.97,964.22,0
2026-07-17 20:56:14,2026-07-17 20:50:00,489.004,0,23.53,96.55,953.33,0,455.471,0,23.14,92.26,957.09,0.1,508.044,0,22.43,97.98,951.47,0,,,,,,,390.343,0,24.52,94.33,964.11,0,,,,,,,472.297,0,23.35,95.88,954.76,0,,0,24.34,91.79,964.34,0
2026-07-17 21:06:13,2026-07-17 21:00:00,488.992,0,23.4,95.65,953.4,0,455.471,0,23.06,91.55,957.23,0.1,508.044,0,22.45,98.08,951.56,0,478.2,0,23,94.1,954.1,0.2,390.343,0,24.55,94.39,964.1,0,,0,23.1,97.9,951.4,0,472.303,0,23.35,95.74,954.83,0,,0,24.34,91.91,964.39,0
2026-07-17 21:16:13,2026-07-17 21:10:00,489.004,0,23.56,96.58,953.31,0,455.47,0,23.08,92.1,957.19,0.2,508.044,0,22.63,98.01,951.69,0,,,,,,,390.341,0,24.58,93.78,964.11,0,,,,,,,472.297,0,23.3,95.98,954.8,0,,0,24.28,91.91,964.4,0
2026-07-17 21:26:12,2026-07-17 21:20:00,488.992,0,23.98,93.83,953.46,0,455.471,0,23,92.76,957.24,0.2,508.044,0,22.57,97.93,951.68,0,,,,,,,390.34,0,24.56,93.94,964.36,0,,,,,,,472.297,0,23.22,96.03,954.94,0,,0,24.23,91.07,964.57,0
2026-07-17 21:36:12,2026-07-17 21:30:00,489.004,0,23.85,94.46,953.59,0,455.47,0,23,92.54,957.39,0.2,508.043,0,22.66,98.19,951.85,0,478.2,0,22.8,94.1,954.4,0.2,390.341,0,24.56,93.98,964.45,0,,0,23,98.3,951.6,0,472.297,0,23.39,96.33,955.05,0,,0,24.3,91.78,964.62,0
2026-07-17 21:46:13,2026-07-17 21:40:00,488.998,0,23.24,95.97,953.67,0,455.47,0,23.04,92.93,957.54,0.1,508.044,0,22.67,98.4,951.86,0,,,,,,,390.343,0,24.55,93.93,964.42,0,,,,,,,472.297,0,23.26,96.13,955.11,0,,0,24.27,91.42,964.67,0
2026-07-17 21:56:12,2026-07-17 21:50:00,488.997,0,23.03,96.66,953.83,0,455.471,0,22.98,92.78,957.64,0.1,508.044,0,22.62,98.19,952.06,0,,,,,,,390.343,0,24.58,94.1,964.6,0,,,,,,,472.297,0,23.25,96.01,955.19,0,,0,24.27,91.63,964.86,0
2026-07-17 22:06:15,2026-07-17 22:00:00,488.998,0,23.05,96.31,953.8,0,455.47,0,23.01,92.85,957.64,0.2,508.044,0,22.56,98.08,952.12,0,478.2,0,22.9,94.5,954.7,0.2,390.344,0,24.54,94.2,964.73,0,,0,22.9,97.7,951.8,0,472.298,0,23.17,95.97,955.25,0,,0,24.24,91.66,964.89,0
2026-07-17 22:16:13,2026-07-17 22:10:00,488.998,0,23.2,96.45,953.89,0,455.47,0,22.94,92.94,957.78,0.2,508.044,0,22.62,98.18,952.18,0,,,,,,,390.343,0,24.54,94.59,964.81,0,,,,,,,472.297,0,23.07,95.99,955.23,0,,0,24.24,91.78,964.96,0
2026-07-17 22:26:11,2026-07-17 22:20:00,488.992,0,22.99,96.89,953.86,0,455.471,0,22.96,92.67,957.72,0.2,508.043,0,22.8,97.94,952.13,0,,,,,,,390.34,0,24.55,94.24,964.87,0,,,,,,,472.297,0,23.07,96.11,955.31,0,,0,24.18,91.81,964.99,0
2026-07-17 22:36:11,2026-07-17 22:30:00,488.998,0,22.83,97.03,953.82,0,455.471,0,22.9,93.04,957.69,0.1,508.044,0,22.67,97.78,952.02,0,478.2,0,22.9,94.8,954.6,0.2,390.34,0,24.63,93.99,964.9,0,,0,22.7,98.6,952,0,472.303,0,22.98,96.03,955.35,0,,0,24.23,91.94,964.97,0
2026-07-17 22:46:12,2026-07-17 22:40:00,488.992,0,22.78,97.01,954.03,0,455.471,0,22.9,93.31,957.91,0.1,508.044,0,22.63,97.9,952.15,0,,,,,,,390.336,0,24.68,93.98,964.94,0,,,,,,,472.297,0,23.02,96.19,955.47,0,,0,24.24,91.77,965.11,0
2026-07-17 22:56:12,2026-07-17 22:50:00,489.004,0,22.85,97.06,954.04,0,455.47,0,23.01,93.23,957.91,0.2,508.043,0,22.5,98,952.3,0,,,,,,,390.34,0,24.62,93.99,964.97,0,,,,,,,472.303,0,22.94,95.67,955.48,0,,0,24.25,92.03,965.14,0
2026-07-17 23:16:11,2026-07-17 23:10:00,488.992,0,23.43,95.86,954.13,0,455.471,0,23.14,91.94,957.97,0.2,508.044,0,22.66,98,952.29,0,,,,,,,390.336,0,24.63,93.9,964.92,0,,,,,,,472.298,0,22.81,95.99,955.62,0,,0,24.31,92.41,965.15,0
2026-07-17 23:26:12,2026-07-17 23:20:00,488.985,0,23.57,95.71,954.24,0,455.463,0,23.2,92.07,958.08,0.1,508.043,0,22.94,97.87,952.32,0,,,,,,,390.339,0,24.65,93.97,964.92,0,,,,,,,472.297,0,22.74,95.98,955.68,0,,0,24.27,91.98,965.25,0
2026-07-17 23:46:11,2026-07-17 23:40:00,488.992,0,23.26,96.09,953.86,0,455.471,0,23.27,92.08,957.65,0.1,508.044,0,23.17,97.1,952.09,0,,,,,,,390.337,0,24.65,93.51,964.7,0,,,,,,,472.297,0,22.89,96.11,955.14,0,,0,24.21,91.92,964.83,0
2026-07-17 23:56:11,2026-07-17 23:50:00,488.992,0,23.36,96.07,953.73,0,455.463,0,23.2,92.23,957.56,0.1,508.044,0,23.59,94.97,952.01,0,,,,,,,390.336,0,24.62,93.33,964.73,0,,,,,,,472.297,0,22.78,95.96,955.12,0,,0,24.18,91.84,964.88,0
2026-07-18 00:06:11,2026-07-18 00:00:00,488.986,0,23.37,95.84,953.79,0,455.47,0,23.03,92.66,957.61,0.2,508.044,0,23.98,93.93,951.96,0,478.2,0,22.9,95.1,954.5,0.2,390.337,0,24.62,93.47,964.62,0,,0,22.6,98.8,951.8,0,472.297,0,22.77,96.15,955.18,0,,0,24.2,91.66,964.86,0
2026-07-18 00:16:12,2026-07-18 00:10:00,488.992,0,23.33,96.3,953.78,0,455.471,0,23.52,90.09,957.6,0.1,508.044,0,23.85,93.93,951.97,0,,,,,,,390.333,0,24.6,93.3,964.56,0,,,,,,,472.298,0,22.84,96.29,955.14,0,,0,24.2,92.19,964.78,0
2026-07-18 00:26:12,2026-07-18 00:20:00,488.992,0,23.31,96.07,953.73,0,455.47,0,23.76,87.92,957.53,0.2,508.043,0,23.9,93.98,951.95,0,,,,,,,390.338,0,24.62,93.54,964.57,0,,,,,,,472.297,0,22.87,96.42,955.16,0,,0,24.2,92.06,964.79,0
2026-07-18 00:36:11,2026-07-18 00:30:00,488.998,0,23.33,95.59,953.55,0,455.471,0,24.49,87.96,957.3,0.1,508.043,0,23.78,94.51,951.82,0,478.2,0,22.9,95,954.3,0.2,390.333,0,24.58,93.75,964.29,0,,0,22.8,99,951.5,0,472.298,0,22.93,96.49,954.94,0,,0,24.23,91.87,964.56,0
2026-07-18 00:46:13,2026-07-18 00:40:00,488.992,0,23.24,96.27,953.42,0,455.471,0,24.03,89.55,957.21,0.1,508.044,0,23.79,94.59,951.68,0,,,,,,,390.343,0,24.59,93.86,964.14,0,,,,,,,472.297,0,22.9,96.42,954.75,0,,0,24.18,91.82,964.42,0
2026-07-18 00:56:12,2026-07-18 00:50:00,488.986,0,23.3,95.7,953.3,0,455.47,0,23.95,89.73,957.13,0.2,508.043,0,23.75,94.83,951.55,0,,,,,,,390.34,0,24.56,93.93,964.06,0,,,,,,,472.297,0,22.87,96.47,954.65,0,,0,24.2,92.09,964.38,0
2026-07-18 01:06:12,2026-07-18 01:00:00,488.998,0,23.43,96.29,953.14,0,455.471,0,23.38,91.26,957.03,0.1,508.043,0,23.73,94.83,951.48,0,478.2,0,22.9,95.2,953.9,0.2,390.343,0,24.6,94.14,964,0,,0,22.9,99.3,951.1,0,472.297,0,22.84,96.53,954.49,0,,0,24.2,91.97,964.29,0
2026-07-18 01:16:11,2026-07-18 01:10:00,488.986,0,23.29,96.46,953.14,0,455.471,0,23.18,91.74,956.98,0.1,508.044,0,23.72,95.04,951.4,0,,,,,,,390.341,0,24.62,94.06,963.96,0,,,,,,,472.297,0,22.86,96.55,954.46,0,,0,24.25,91.48,964.23,0
2026-07-18 01:26:12,2026-07-18 01:20:00,488.955,0,23.22,96.73,953.06,0,455.47,0,23.25,91.74,956.91,0.2,508.044,0,23.69,94.68,951.27,0,,,,,,,390.344,0,24.66,94.02,963.83,0,,,,,,,472.297,0,22.86,96.48,954.32,0,,0,24.3,91.2,964.15,0
2026-07-18 01:36:12,2026-07-18 01:30:00,488.986,0,23.27,97,952.94,0,455.47,0,23.27,91.64,956.78,0.2,508.043,0,23.69,94.8,951.23,0,478.2,0,23,95.1,953.8,0.2,390.343,0,24.68,93.88,963.84,0,,0,22.9,99.2,950.9,0,472.297,0,22.83,96.42,954.18,0,,0,24.3,91.51,964.05,0
2026-07-18 01:46:12,2026-07-18 01:40:00,488.986,0,23.37,96.7,952.87,0,455.463,0,23.27,91.82,956.69,0.1,508.043,0,23.75,94.57,951.2,0,,,,,,,390.341,0,24.72,93.66,963.63,0,,,,,,,472.297,0,22.89,96.47,954.15,0,,0,24.31,91.44,963.93,0
2026-07-18 01:56:12,2026-07-18 01:50:00,488.992,0,23.33,96.46,952.79,0,455.471,0,23.38,91.02,956.61,0.2,508.043,0,23.79,94.4,951.04,0,,,,,,,390.338,0,24.75,93.44,963.52,0,,,,,,,472.297,0,22.9,96.52,954.09,0,,0,24.35,91.2,963.85,0
2026-07-18 02:06:12,2026-07-18 02:00:00,488.992,0,23.09,95.37,952.66,0,455.463,0,23.31,91.56,956.5,0.1,508.044,0,23.75,94.42,951.01,0,478.19,0,23,94.7,953.5,0.2,390.34,0,24.76,93.18,963.49,0,,0,22.9,99.2,950.7,0,472.297,0,22.95,96.48,954.01,0,,0,24.38,91.05,963.79,0
2026-07-18 02:16:11,2026-07-18 02:10:00,488.986,0,23.17,96.7,952.7,0,455.471,0,23.28,91.7,956.6,0.1,508.043,0,23.79,93.94,951.01,0,,,,,,,390.341,0,24.79,92.68,963.28,0,,,,,,,472.297,0,22.87,96.43,954.01,0,,0,24.41,90.59,963.65,0
2026-07-18 02:26:11,2026-07-18 02:20:00,488.986,0,23.23,96.13,952.64,0,455.464,0,23.32,91.89,956.48,0.1,508.043,0,23.79,93.96,950.98,0,,,,,,,390.341,0,24.85,92.2,963.33,0,,,,,,,472.297,0,22.8,96.4,953.87,0,,0,24.52,90.14,963.61,0
2026-07-18 02:56:13,2026-07-18 02:50:00,488.988,0,23.22,96.74,952.6,0,455.47,0,23.59,91.84,956.37,0.2,508.044,0,23.75,94.4,950.92,0,,,,,,,390.343,0,24.93,91.57,963.33,0,,,,,,,472.297,0,22.89,96.43,953.77,0,,0,24.5,90.3,963.65,0
2026-07-18 03:06:13,2026-07-18 03:00:00,488.986,0,23.29,96.89,952.61,0,455.463,0,23.75,91.86,956.45,0.1,508.044,0,23.69,94.12,950.87,0,478.19,0,23.1,94.4,953.3,0.2,390.341,0,24.91,91.5,963.23,0,,0,22.7,98.8,950.4,0,472.303,0,22.87,96.26,953.79,0,,0,24.48,90.25,963.6,0
2026-07-18 03:16:12,2026-07-18 03:10:00,488.986,0,23.19,95.78,952.57,0,455.463,0,23.95,89.56,956.41,0.1,508.043,0,23.61,94.2,950.92,0,,,,,,,390.341,0,24.89,91.75,963.37,0,,,,,,,472.297,0,22.86,96.26,953.81,0,,0,24.48,90.32,963.69,0
2026-07-18 03:26:12,2026-07-18 03:20:00,488.985,0,23.09,96.55,952.53,0,455.471,0,24.19,90.1,956.41,0.1,508.044,0,23.62,93.97,950.88,0,,,,,,,390.341,0,24.86,91.85,963.38,0,,,,,,,472.297,0,22.81,96.32,953.84,0,,0,24.48,89.96,963.68,0
2026-07-18 03:36:12,2026-07-18 03:30:00,488.992,0,23.26,96.67,952.58,0,455.471,0,24.56,87.41,956.37,0.1,508.044,0,23.75,93.32,950.91,0,478.19,0,23,94.7,953.3,0.2,390.341,0,24.85,92.21,963.36,0,,0,22.7,99.3,950.5,0,472.297,0,22.84,96.4,953.8,0,,0,24.48,89.94,963.6,0
2026-07-18 03:46:13,2026-07-18 03:40:00,489.004,0,23.29,97.08,952.57,0,455.463,0,25.33,83.97,956.34,0.1,508.044,0,23.78,93.62,950.91,0,,,,,,,390.341,0,24.79,92.53,963.33,0,,,,,,,472.297,0,22.84,96.33,953.91,0,,0,24.48,90,963.65,0
2026-07-18 03:56:11,2026-07-18 03:50:00,488.967,0,23.31,96.49,952.63,0,455.471,0,25.39,84.71,956.45,0.1,508.043,0,23.76,93.43,950.98,0,,,,,,,390.341,0,24.7,92.5,963.39,0,,,,,,,472.297,0,22.89,96.29,953.94,0,,0,24.45,91.01,963.63,0
2026-07-18 04:06:11,2026-07-18 04:00:00,488.98,0,23.16,96.48,952.74,0,455.47,0,24.68,87.12,956.51,0.2,508.043,0,23.72,93.06,951.05,0,478.19,0,23.4,94.4,953.5,0.2,390.336,0,24.69,92.35,963.48,0,,0.2,22.8,98.5,950.6,0,472.297,0,22.84,96.36,954.03,0,,0.2,24.23,91.55,963.78,0
2026-07-18 04:16:12,2026-07-18 04:10:00,488.986,0,23.33,96.91,952.87,0,455.471,0,24.43,88.94,956.67,0.1,508.043,0,23.7,92.83,951.19,0,,,,,,,390.338,0,24.62,92.36,963.6,0,,,,,,,472.297,0,22.87,96.46,954.14,0,,0,24.17,92.01,963.96,0
2026-07-18 04:26:14,2026-07-18 04:20:00,488.985,0,23.24,96.86,952.92,0,455.47,0,23.96,88.49,956.73,0.2,508.044,0,23.64,94.18,951.24,0,,,,,,,390.334,0,24.59,92.52,963.58,0,,,,,,,472.297,0,22.89,96.49,954.11,0,,0,24.1,91.79,963.97,0
2026-07-18 04:36:11,2026-07-18 04:30:00,489.01,0,23.33,95.93,953,0,455.471,0,23.99,88.81,956.7,0.1,508.044,0,23.49,95.95,951.4,0,478.19,0,23.2,94.6,953.7,0.2,390.34,0,24.55,92.79,963.62,0,,0,22.8,99,950.9,0,472.297,0,22.86,96.31,954.22,0,,0,24.08,91.7,964.05,0
2026-07-18 04:46:12,2026-07-18 04:40:00,488.992,0,23.17,97.29,953,0,455.471,0,24.19,87.42,956.79,0.1,508.043,0,23.22,95.63,951.39,0,,,,,,,390.34,0,24.52,92.72,963.7,0,,,,,,,472.297,0,22.86,96.42,954.31,0,,0,24.08,91.67,964.13,0
2026-07-18 04:56:12,2026-07-18 04:50:00,488.989,0,22.85,97.45,953.08,0,455.471,0,23.89,90.77,956.83,0.1,508.043,0,23.17,97.07,951.46,0,,,,,,,390.343,0,24.49,92.76,963.81,0,,,,,,,472.297,0,22.86,96.45,954.35,0,,0,24.07,91.71,964.15,0
2026-07-18 05:06:11,2026-07-18 05:00:00,488.955,0,22.95,97.85,953.04,0,455.471,0,24.09,87.81,956.78,0.1,508.044,0,22.96,97.3,951.5,0,478.19,0,23,94.7,953.9,0.2,390.339,0,24.48,93.17,963.77,0,,0,22.6,99.2,951.1,0,472.297,0,22.77,96.43,954.39,0,,0,24.04,91.42,964.14,0
2026-07-18 05:16:12,2026-07-18 05:10:00,488.979,0,23.06,96.55,953.14,0,455.471,0,24.15,86.49,956.82,0.1,508.044,0.2,22.9,97.6,951.51,0,,,,,,,390.338,0,24.42,93.07,963.78,0,,,,,,,472.297,0,22.8,96.49,954.47,0,,0,24.04,90.88,964.15,0
2026-07-18 05:26:12,2026-07-18 05:20:00,488.979,0,23.06,96.56,953.12,0,455.464,0,24.6,86.1,956.84,0.1,508.043,0.2,22.84,97.63,951.44,0,,,,,,,390.343,0,24.42,93.48,963.83,0,,,,,,,472.297,0.2,22.7,96.44,954.46,0,,0,24.03,90.66,964.15,0
2026-07-18 05:36:11,2026-07-18 05:30:00,488.983,0,23.29,95.77,953.15,0,455.471,0,24.41,86.39,956.88,0.1,508.044,0.2,22.62,97.08,951.51,0,478.19,0.2,22.6,94.8,953.9,0.2,390.343,0,24.4,93.28,963.82,0,,0,22.5,98.9,951,0,472.303,0.2,22.66,96.33,954.43,0,,0,24.1,90.72,964.2,0
2026-07-18 05:56:12,2026-07-18 05:50:00,488.986,0,22.71,97.35,953.33,0,455.471,0,23.95,89.08,957.04,0.3,508.044,0.2,22.6,98.25,951.64,0,,,,,,,390.341,0,24.37,93.6,963.91,0.1,,,,,,,472.297,0.4,22.63,96.42,954.58,0,,0,23.99,91.65,964.27,0
2026-07-18 06:06:11,2026-07-18 06:00:00,488.979,0.2,22.74,97.74,953.36,0.7,455.47,0.2,23.49,91.28,957.08,1.3,508.044,0.6,22.47,98.37,951.75,0.9,478.19,0.8,22.8,95.3,954,1.6,390.344,0,24.18,93.93,964.1,1,,0.4,22.5,99,951.2,0,472.297,0.4,22.63,96.52,954.57,0,,0,23.97,91.35,964.42,0.1
2026-07-18 06:16:11,2026-07-18 06:10:00,488.963,0,22.59,97.59,953.47,1.6,455.471,0,24.2,86.57,957.19,2.4,508.044,0.2,22.15,98.58,951.84,2,,,,,,,390.338,0.2,24.14,94.36,964.28,2.7,,,,,,,472.297,0.2,22.6,96.5,954.7,1,,0,23.97,92.3,964.49,1.8
2026-07-18 06:26:12,2026-07-18 06:20:00,488.985,0,22.68,97.72,953.56,3.5,455.47,0,24.09,87.98,957.23,4.5,508.044,0.2,22.12,98.85,951.91,3.4,,,,,,,390.336,0.2,24.06,94.95,964.29,5.2,,,,,,,472.297,0.2,22.66,96.67,954.85,2.8,,0.2,23.83,92.41,964.61,4.6
2026-07-18 06:36:12,2026-07-18 06:30:00,488.973,0.2,22.61,97.72,953.69,5,455.47,0,24.6,86.81,957.43,7.2,508.044,0.4,22.13,98.89,952.02,5.8,478.19,0.2,22.8,95.5,954.4,7.4,390.338,0.4,23.96,95.12,964.46,8.3,,0,22.5,99.1,951.8,3.9,472.297,0.2,22.74,96.73,955.03,5.2,,0.2,23.83,92.48,964.8,6.8
2026-07-18 07:06:12,2026-07-18 07:00:00,488.979,0.2,22.54,98.19,954.15,14.1,455.471,0,23.1,91.16,958.01,18.5,508.044,0.4,22.32,98.95,952.44,20.8,478.19,0.4,22.8,95.5,954.8,21.1,390.334,0.8,23.93,95.35,965,11.4,,0.8,22.4,99.3,952.2,10.7,472.297,0.4,22.7,96.54,955.59,13.1,,0.6,23.77,92.28,965.31,14.4
2026-07-18 07:16:11,2026-07-18 07:10:00,488.992,0.2,22.85,98.48,954.26,16,455.471,0.2,23.04,91.62,958.11,21.2,508.044,0.2,22.39,99.06,952.48,27.2,,,,,,,390.338,0.4,23.9,95.5,965.12,13.8,,,,,,,472.297,0.4,22.67,96.55,955.67,15.2,,0,23.91,92.92,965.41,17.5
2026-07-18 07:36:12,2026-07-18 07:30:00,488.972,0.8,22.65,97.84,954.48,21.1,455.464,0.8,22.91,92.53,958.38,24.6,508.044,0.2,22.45,98.76,952.77,24.4,478.19,0.2,22.9,95.5,955.2,22.9,390.337,1.4,23.87,95.88,965.37,18.3,,1.6,22.3,99.9,952.4,18.5,472.303,1.4,22.74,96.75,955.85,18.5,,0.6,23.86,92.87,965.67,21.6
2026-07-18 07:46:12,2026-07-18 07:40:00,488.979,1,22.65,97.86,954.54,25.2,455.463,1.2,22.91,92.68,958.48,27.9,508.044,0.4,22.5,98.75,952.88,24.9,,,,,,,390.338,1.4,23.9,95.76,965.34,21,,,,,,,472.297,1.8,22.75,96.83,955.93,22.9,,1,23.96,93.27,965.75,23.5
2026-07-18 07:56:12,2026-07-18 07:50:00,488.979,1.4,22.71,97.89,954.59,29.3,455.471,1.6,23.14,93.22,958.51,31.8,508.044,0.6,22.56,98.8,952.93,31.1,,,,,,,390.338,1.8,23.89,95.74,965.48,23.1,,,,,,,472.297,2,22.75,96.77,956.03,31.5,,1.6,23.93,93.34,965.77,23.7
2026-07-18 08:06:11,2026-07-18 08:00:00,488.979,1.8,22.68,97.81,954.67,34.2,455.471,2,23.08,92.99,958.54,40.2,508.044,1,22.53,98.83,952.99,36.5,478.19,1.2,23.1,95.7,955.4,37.4,390.338,2.4,23.95,95.94,965.48,24.9,,2,22.4,100,952.6,36,472.297,2,22.81,96.48,956.06,37.6,,2.4,23.82,93.45,965.81,33.9
2026-07-18 08:16:12,2026-07-18 08:10:00,488.979,0.4,22.65,97.81,954.74,38.4,455.471,0.2,23.06,92.83,958.61,43.9,508.044,0.2,22.4,98.43,953.09,39.3,,,,,,,390.344,0.4,23.87,95.85,965.65,27.9,,,,,,,472.297,0.2,23.08,96.6,956.16,41.2,,0.2,23.96,93.41,965.95,38.8
2026-07-18 08:26:12,2026-07-18 08:20:00,488.979,0.6,22.86,97.86,954.89,45.1,455.471,0.4,23.17,93.12,958.79,49.5,508.044,0.8,22.63,98.77,953.24,41.3,,,,,,,390.339,0.6,23.9,95.82,965.79,30.3,,,,,,,472.297,0.4,22.98,96.17,956.34,44.6,,0.2,24.03,93.46,966.14,43
2026-07-18 08:36:12,2026-07-18 08:30:00,488.979,0.8,22.91,97.76,955.04,49.7,455.471,0.4,23.27,92.93,958.91,51.8,508.044,1.2,22.7,98.6,953.36,48.2,478.19,0.8,23.1,95.7,955.8,51.4,390.338,0.8,23.9,95.8,966.01,33.9,,0.6,22.7,99.9,953,36,472.297,0.8,23.26,96.19,956.39,46.9,,0.4,24.06,93.09,966.26,48.2
2026-07-18 08:46:12,2026-07-18 08:40:00,488.979,1,23.06,97.83,955.17,59.4,455.47,0.6,23.4,92.9,959.08,63.8,508.044,1.6,22.73,98.47,953.49,59.2,,,,,,,390.338,1.2,23.93,95.81,966.03,40.3,,,,,,,472.297,1,23.26,95.99,956.49,33.5,,0.6,24.14,93.13,966.38,53.1
2026-07-18 08:56:12,2026-07-18 08:50:00,488.979,1.2,23.22,97.77,955.28,65.2,455.471,0.8,23.58,92.71,959.16,71.4,508.044,1.8,23.07,98.67,953.58,70.7,,,,,,,390.337,1.6,23.95,95.88,966.12,46.7,,,,,,,472.297,1.4,23.37,96.26,956.57,39.8,,1,24.18,93.17,966.5,54
2026-07-18 09:06:12,2026-07-18 09:00:00,488.979,1.2,23.3,97.71,955.39,64,455.471,1,23.58,92.14,959.23,65.3,508.038,2,23.04,97.89,953.71,70.8,478.2,1.2,23.3,95.7,956.1,76.4,390.343,2.2,23.89,95.83,966.18,53.7,,1.6,22.8,99.7,953.2,43,472.297,1.6,23.38,96.08,956.7,47.7,,1.6,24.24,93.08,966.54,56.3
2026-07-18 09:16:12,2026-07-18 09:10:00,488.986,0.2,23.27,97.69,955.42,58.6,455.47,0,23.79,92.73,959.33,64.9,508.043,0.2,23.1,97.74,953.81,72.5,,,,,,,390.339,0.2,23.89,95.78,966.23,59.7,,,,,,,472.297,0.2,23.66,96.25,956.86,33.1,,0.6,24.24,93.04,966.62,62.1
2026-07-18 09:26:12,2026-07-18 09:20:00,488.985,0.6,23.02,97.31,955.5,57.9,455.471,0.4,23.76,92.33,959.43,59.4,508.044,0.2,23.31,97.94,953.84,65.6,,,,,,,390.341,0.2,23.9,95.68,966.36,64.6,,,,,,,472.297,0.6,23.55,95.92,956.85,55.7,,0.8,24.34,93.15,966.69,70.5
2026-07-18 09:36:11,2026-07-18 09:30:00,488.979,1.2,22.61,97.33,955.54,60.2,455.47,0.8,23.41,91.22,959.45,64.4,508.044,0.4,23.37,97.49,953.86,64.6,478.2,0.4,23.4,95.8,956.3,68.9,390.341,0.4,23.95,95.67,966.44,66.9,,1.4,22.9,99.5,953.5,55.4,472.297,1,23.62,95.79,956.91,59.8,,1,24.32,92.57,966.79,74.7
2026-07-18 09:46:13,2026-07-18 09:40:00,488.986,1.2,22.64,97.46,955.56,65.1,455.47,1,23.25,92.58,959.48,66.8,508.044,0.6,23.25,97.74,953.89,74.9,,,,,,,390.34,0.6,24.1,95.67,966.45,67.3,,,,,,,472.297,1.2,23.55,95.36,956.91,63.3,,1.2,24.21,92.33,966.81,77.1
2026-07-18 09:56:12,2026-07-18 09:50:00,488.986,1.4,22.72,97.54,955.56,69.6,455.47,1.2,23.54,93.4,959.48,73.9,508.043,1,23.35,97.49,953.89,78.1,,,,,,,390.34,0.8,24.13,95.67,966.46,61.9,,,,,,,472.297,1.6,23.67,95.39,956.91,69.2,,1.6,24.2,92.42,966.76,76.3
2026-07-18 10:06:12,2026-07-18 10:00:00,488.985,1.8,22.74,97,955.54,71.1,455.47,1.4,23.73,93.01,959.48,79.3,508.043,1.2,23.69,97.75,953.92,78.6,478.2,1.2,23.6,95.9,956.3,79,390.344,1,24.15,95.62,966.44,66,,2,23,98.1,953.5,70.4,472.297,1.8,23.65,94.85,956.85,74.7,,1.8,24.23,92.27,966.83,78.5
2026-07-18 10:16:12,2026-07-18 10:10:00,488.986,0,23.37,95.43,955.54,67.7,455.471,0.2,23.9,93.15,959.44,86.1,508.044,0.2,23.76,97.62,953.93,80.7,,,,,,,390.341,0.2,24.17,95.63,966.37,62.4,,,,,,,472.297,0.2,23.77,94.91,956.83,75.1,,0.2,24.16,91.76,966.75,81.7
2026-07-18 10:26:12,2026-07-18 10:20:00,488.986,0.2,23.14,96.81,955.49,63.4,455.471,0.4,23.64,91.42,959.39,88.8,508.044,0.4,23.76,97.12,953.83,90.2,,,,,,,390.343,0.6,24.23,95.67,966.42,75.2,,,,,,,472.297,0.4,23.83,95.04,956.81,71.9,,0.4,24.17,91.84,966.77,86.3
2026-07-18 10:36:11,2026-07-18 10:30:00,488.992,0.4,23.06,95.97,955.48,76.4,455.47,0.6,23.61,90.08,959.34,91.2,508.044,0.6,23.82,97.23,953.88,96.4,478.19,0.6,23.8,95.9,956.3,96.7,390.344,0.8,24.28,95.55,966.33,85.3,,0.8,23.1,98.8,953.3,74.5,472.297,0.6,23.91,95.17,956.73,77.8,,0.8,24.27,92.05,966.63,95.2
2026-07-18 10:46:11,2026-07-18 10:40:00,488.973,0.6,22.83,94.61,955.49,87.1,455.47,0.8,23.07,92.33,959.26,106.4,508.043,0.8,23.85,96.59,953.82,101.8,,,,,,,390.344,1,24.37,95.4,966.31,99.4,,,,,,,472.297,1,24.03,95.32,956.73,82,,1,24.35,91.62,966.72,108.9
2026-07-18 10:56:12,2026-07-18 10:50:00,488.979,0.8,22.85,95.96,955.43,94.2,455.471,1,22.83,93.42,959.2,115.3,508.043,1.2,23.76,96.21,953.75,113.1,,,,,,,390.341,1.2,24.45,95.31,966.24,110.8,,,,,,,472.297,1.2,24.38,95.41,956.65,107.3,,1,24.45,91.29,966.66,123.6
2026-07-18 11:06:12,2026-07-18 11:00:00,488.986,1,22.99,95.85,955.46,106.1,455.47,1.2,22.93,93.68,959.26,127.5,508.043,1.4,23.82,96.3,953.76,126.3,478.19,1.4,24.1,96.1,956.2,124.7,390.343,1.2,24.51,95.1,966.2,122,,1.4,23.5,98.6,953.2,127.3,472.297,1.4,24.59,95.02,956.69,126.6,,1.2,24.61,91.26,966.58,134.6
2026-07-18 11:16:12,2026-07-18 11:10:00,488.979,0.2,23.06,94.76,955.39,127.3,455.47,0.4,22.98,93.68,959.16,141.4,508.044,0.2,23.96,96.06,953.67,135.7,,,,,,,390.341,0,24.6,94.85,966.15,131,,,,,,,472.297,0,24.61,94.1,956.58,136.4,,0.2,24.78,90.6,966.58,144.4
2026-07-18 11:26:11,2026-07-18 11:20:00,488.975,0.4,23.67,91.06,955.27,135.2,455.47,0.4,23.06,93.53,959.03,158.4,508.043,0.6,24.12,96.05,953.68,141.8,,,,,,,390.343,0,24.73,94.63,966.1,132.3,,,,,,,472.297,0,25.02,93.57,956.45,155.6,,0.2,24.89,90.56,966.36,154.4
2026-07-18 11:36:11,2026-07-18 11:30:00,488.979,0.4,24.05,90.28,955.18,145.1,455.47,0.4,23.24,93.65,958.99,169.2,508.043,0.8,24.06,94.71,953.48,143.9,478.19,0.6,24.5,96.1,955.9,150.7,390.341,0,24.72,94.21,966.01,135.3,,0,23.9,96.7,953.1,151.9,472.297,0,25.06,93.06,956.38,160.4,,0.2,24.96,90.82,966.36,157
2026-07-18 11:46:12,2026-07-18 11:40:00,488.979,0.4,24.11,90.75,955.09,143.5,455.47,0.4,23.29,93.71,958.87,166.5,508.043,0.8,24.15,95.5,953.4,146.8,,,,,,,390.345,0,24.75,93.84,965.94,143.2,,,,,,,472.303,0,25.1,90,956.4,143.6,,0.2,25.11,89.89,966.3,155.5
2026-07-18 11:56:12,2026-07-18 11:50:00,488.979,0.4,24.2,90.13,955.05,120.2,455.47,0.4,23.22,93.63,958.74,160.1,508.043,0.8,24.27,95.46,953.27,154.6,,,,,,,390.341,0,24.9,94.31,965.78,153.4,,,,,,,472.297,0,25.09,91.36,956.28,144.4,,0.2,25.27,90.19,966.16,163.3
2026-07-18 12:06:14,2026-07-18 12:00:00,488.985,0.4,24.05,90.3,954.94,130.5,455.47,0.4,24.23,87.95,958.68,167.8,508.043,1,24.57,94.34,953.23,161.1,478.19,0.8,24.4,96,955.7,159.6,390.338,0.2,24.89,93.88,965.72,156.7,,0,24.1,94,952.8,123.1,472.303,0,25.19,91.68,956.22,150,,0.2,25.53,89.67,966.12,171.9
2026-07-18 12:16:12,2026-07-18 12:10:00,488.979,0,24.2,90.01,954.9,148.1,455.47,0,23.2,92.37,958.57,176.3,508.043,0,24.49,93.2,953.09,157.4,,,,,,,390.337,0,24.91,93.77,965.7,158.2,,,,,,,472.303,0,25.48,92.9,956.2,156.4,,0,25.62,89.08,966.02,173.8
2026-07-18 12:26:13,2026-07-18 12:20:00,488.979,0,24.19,89.03,954.87,149.4,455.47,0,23.27,93.1,958.64,180.2,508.043,0,24.4,93.64,953.11,160.5,,,,,,,390.339,0,25,93.81,965.71,159.6,,,,,,,472.303,0.2,25.6,90.84,956.19,163.5,,0.2,25.85,88.79,966.03,175.6
2026-07-18 12:46:13,2026-07-18 12:40:00,488.966,0,24.01,92.99,954.77,141.8,455.47,0.2,23.44,93.06,958.61,175.6,508.043,0.2,24.56,93.74,953.02,181.2,,,,,,,390.338,0,25,93.16,965.58,119.1,,,,,,,472.303,0.2,25.67,91.34,956.05,148.2,,0.2,25.93,88.18,965.91,151.1
2026-07-18 12:56:12,2026-07-18 12:50:00,488.959,0,23.92,93.47,954.67,139.4,455.47,0.2,23.32,92.81,958.55,169.1,508.043,0.2,24.71,93.45,952.95,169.9,,,,,,,390.336,0,24.99,92.86,965.5,115.9,,,,,,,472.303,0.4,25.41,90.6,955.97,132.9,,0.2,25.76,88.79,965.79,138.4
2026-07-18 13:06:11,2026-07-18 13:00:00,488.985,0.2,23.88,94.05,954.55,143.1,455.47,0.2,23.35,92.97,958.43,161.5,508.043,0.2,25.04,94.13,952.87,180.5,478.19,0.2,24.4,95.7,955.4,175,390.337,0,24.94,92.88,965.44,121.1,,0.2,24.4,95.3,952.4,122.2,472.297,0.4,25.36,91.92,955.9,126.5,,0.2,25.8,89.01,965.75,138.2
2026-07-18 13:16:11,2026-07-18 13:10:00,488.973,0,24.23,90.39,954.49,138.3,455.47,0,23.44,93.56,958.33,155.5,508.043,0,25.25,94.03,952.71,176.1,,,,,,,390.337,0,25.06,93.49,965.32,130.8,,,,,,,472.303,0,25.42,91.46,955.76,120.7,,0.2,25.69,88.42,965.6,141.8
2026-07-18 13:26:11,2026-07-18 13:20:00,488.967,0,24.3,89.1,954.4,125.9,455.47,0.2,23.49,93.79,958.23,158,508.043,0.2,25.18,93.48,952.65,177.6,,,,,,,390.339,0,25.1,93.56,965.2,144.9,,,,,,,472.304,0,25.23,91.06,955.7,120.3,,0.2,25.53,87.62,965.45,149.3
2026-07-18 13:36:11,2026-07-18 13:30:00,488.979,0,24.35,89.82,954.38,130.8,455.47,0.2,23.44,93.47,958.21,159.7,508.043,0.2,25.17,93.93,952.57,164.4,478.19,0.4,25.3,95.4,955.1,171.6,390.337,0,25.27,93.08,965.13,165.5,,0.2,24.2,95.2,952.2,127.6,472.303,0,25.29,92.4,955.63,129.6,,0.2,25.76,89.28,965.46,166.6
2026-07-18 13:46:12,2026-07-18 13:40:00,488.973,0.2,24.4,88.47,954.32,134.2,455.47,0.4,23.7,93.1,958.13,174.7,508.043,0.2,25.33,94.56,952.56,160.5,,,,,,,390.34,0,25.46,93.13,965.04,183.8,,,,,,,472.303,0.2,25.3,91.81,955.56,147,,0.4,25.96,89.1,965.38,188.8
2026-07-18 13:56:11,2026-07-18 13:50:00,488.979,0.4,24.3,90.06,954.3,160.2,455.47,0.6,23.27,93.76,958.1,194,508.043,0.4,25.22,93.96,952.47,184.8,,,,,,,390.337,0.2,25.61,93.07,965.01,199.7,,,,,,,472.297,0.2,25.61,92.53,955.45,160.1,,0.4,26.14,88.18,965.33,212.7
2026-07-18 14:06:11,2026-07-18 14:00:00,488.979,0.6,24.37,88.85,954.2,169.8,455.47,0.8,23.11,93.74,957.92,226.8,508.043,0.4,25.43,91.78,952.36,191.2,478.19,0.8,25.7,93,954.9,225.9,390.339,0.2,25.72,92.57,964.86,229.4,,0.4,24.8,95.9,952,171.3,472.303,0.4,25.69,90.64,955.45,184.7,,0.6,26.17,87.02,965.25,237.7
2026-07-18 14:26:12,2026-07-18 14:20:00,488.979,0.2,24.8,90.55,953.99,209.7,455.47,0.2,23.4,93.93,957.68,260.3,508.043,0.2,24.84,92.32,952.19,194.2,,,,,,,390.338,0.2,26.03,90.51,964.62,270.6,,,,,,,472.297,0.2,26.32,91.04,955.14,245.6,,0,26.72,86.18,965.05,269.4
2026-07-18 14:36:11,2026-07-18 14:30:00,488.979,0.2,25.28,88.58,953.8,252.2,455.47,0.2,23.41,93.57,957.58,299.6,508.043,0.2,25.32,91.72,952.09,251.2,478.19,0,26.4,91.6,954.6,287.7,390.338,0.2,26.32,90.28,964.52,277.2,,0,25.3,93,951.7,249.7,472.304,0.2,26.88,87.76,955.11,269.1,,0,27.23,84.49,964.99,305.2
2026-07-18 14:46:11,2026-07-18 14:40:00,488.979,0.2,25.38,85.82,953.74,273.8,455.47,0.2,23.76,93.71,957.54,331.9,508.043,0.2,25.42,91.53,951.92,261.2,,,,,,,390.339,0.2,26.63,89.06,964.35,293.7,,,,,,,472.303,0.2,27.24,85.87,954.86,298.1,,0,27.73,84.54,964.86,334.8
2026-07-18 14:56:11,2026-07-18 14:50:00,488.979,0.2,26.23,88.6,953.49,328.9,455.47,0.2,23.95,93.41,957.32,382.1,508.043,0.2,25.93,91.61,951.75,249.4,,,,,,,390.338,0.2,26.96,88.08,964.24,283.9,,,,,,,472.297,0.2,27.49,86.07,954.75,291.2,,0,28.27,83.12,964.7,350.4
2026-07-18 15:06:11,2026-07-18 15:00:00,488.985,0.2,26.65,82.81,953.4,317.6,455.47,0.2,24.06,93.33,957.14,396.6,508.043,0.2,26.16,90.41,951.64,300.5,478.19,0.2,27.1,89.7,954.2,363.1,390.336,0.2,27.15,86.8,964.17,265.9,,0,25.8,91,951.2,246.5,472.304,0.2,27.64,83.07,954.63,267.5,,0,28.35,81.99,964.47,352.4
2026-07-18 15:16:11,2026-07-18 15:10:00,488.985,0,26.92,86.4,953.21,280.9,455.469,0,25.84,84.57,957.07,325.2,508.043,0,26.38,92.1,951.5,303,,,,,,,390.337,0,27.11,85.66,964.01,234.5,,,,,,,472.31,0,27.69,82.42,954.56,267.2,,0,28.21,81.25,964.39,299.4
2026-07-18 15:26:12,2026-07-18 15:20:00,488.985,0,26.55,83.46,953.25,270.3,455.469,0,26.47,82.1,957.12,297,508.043,0,25.96,91.39,951.46,261.1,,,,,,,390.332,0,27.07,85,963.93,209.6,,,,,,,472.303,0,27.63,85.2,954.44,238.6,,0,28.1,82.66,964.19,270.7
2026-07-18 15:36:11,2026-07-18 15:30:00,488.992,0,26.42,85.86,953.21,207.3,455.469,0,26.59,79.87,957.03,246.3,508.043,0,26.17,92.04,951.47,239.3,478.19,0,26.8,86.8,954,264.2,390.334,0,27.01,87.22,963.83,185.1,,0,25.7,92.2,951.1,204.9,472.309,0,27.49,87.08,954.43,191.8,,0,27.76,84.13,964.16,224.3
2026-07-18 15:46:12,2026-07-18 15:40:00,488.978,0,26.28,85.45,953.06,190.7,455.47,0,26.38,83.09,956.88,220.1,508.049,0,26.68,90.11,951.31,251.8,,,,,,,390.341,0,26.89,86.74,963.65,166.8,,,,,,,472.31,0,27.49,84.69,954.32,201.8,,0,27.82,83.75,964.08,205.4
2026-07-18 15:56:12,2026-07-18 15:50:00,488.985,0,26.44,84.06,953.01,178.9,455.469,0,26.59,80.83,956.84,205.1,508.049,0,26.23,92.75,951.24,186.6,,,,,,,390.334,0,26.82,87.19,963.7,149.6,,,,,,,472.31,0,27.43,86.5,954.28,189.9,,0,27.79,84.35,963.97,179.9
2026-07-18 16:06:11,2026-07-18 16:00:00,488.985,0,26.08,86.99,952.93,168.2,455.469,0,26.78,77.4,956.74,188.6,508.043,0,25.92,92,951.12,163.6,478.19,0,26.4,89.6,953.7,174.9,390.336,0,26.78,86.44,963.64,128.8,,0,25.8,91.7,950.8,192.5,472.31,0,27.21,85.94,954.18,172.8,,0,27.51,85.98,963.93,157.6
2026-07-18 16:16:11,2026-07-18 16:10:00,488.985,0,25.7,86.48,952.87,123.5,455.47,0,26.35,80.54,956.69,134.8,508.049,0,25.66,92.46,951.05,121.8,,,,,,,390.339,0,26.74,87.17,963.53,104.5,,,,,,,472.31,0,27.08,86.61,954.09,143.5,,0,27.27,85.49,963.8,120.5
2026-07-18 16:26:11,2026-07-18 16:20:00,488.985,0,25.28,86.13,952.83,96.4,455.47,0,26.13,81.61,956.58,106.9,508.043,0,25.42,93.27,951.02,94.6,,,,,,,390.34,0,26.67,86.36,963.4,92.4,,,,,,,472.31,0,26.54,88.15,954.01,114.6,,0,26.85,86.05,963.8,106.3
2026-07-18 16:36:13,2026-07-18 16:30:00,488.973,0,25.02,86.5,952.82,91.2,455.47,0,26.04,79.02,956.51,95.8,508.049,0,25.04,94.15,950.96,74.5,478.19,0,25.4,91,953.5,82.1,390.339,0,26.56,87.05,963.36,74.3,,0,25.6,90.8,950.6,101.6,472.317,0,25.93,87.88,954,90.7,,0,26.6,85.26,963.69,85.1
2026-07-18 16:46:12,2026-07-18 16:40:00,488.985,0,25.01,85.67,952.81,79.5,455.47,0,25.84,81.52,956.34,87.4,508.043,0,24.74,94.53,950.87,76.8,,,,,,,390.337,0,26.46,86.97,963.28,70.1,,,,,,,472.31,0,25.81,89.14,953.97,80.2,,0,26.38,86.43,963.61,79.8
2026-07-18 16:56:12,2026-07-18 16:50:00,488.96,0,25.14,83.16,952.67,71.2,455.47,0,25.68,81.11,956.22,81.9,508.043,0,24.91,95.42,950.85,82.6,,,,,,,390.34,0,26.36,87.12,963.25,70.4,,,,,,,472.31,0,25.31,90.33,953.9,93.9,,0,26.27,87.02,963.59,80.2
2026-07-18 17:16:12,2026-07-18 17:10:00,488.979,0,25.23,86.97,952.58,71.4,455.47,0,25.28,82,956.07,78.2,508.043,0,24.58,94.81,950.74,61.6,,,,,,,390.343,0,26.28,87.23,963.17,65.5,,,,,,,472.31,0,25.44,90.2,953.88,75.9,,0,26.1,86.27,963.52,68.5
2026-07-18 17:26:11,2026-07-18 17:20:00,488.973,0,25.21,83.47,952.56,65.2,455.47,0,25.31,81.76,956.06,73.8,508.043,0,24.63,95.66,950.69,55,,,,,,,390.345,0,26.21,87.38,963.15,65.2,,,,,,,472.31,0,25.47,90.09,953.81,76.9,,0,26.04,86.54,963.46,67.3
2026-07-18 17:36:11,2026-07-18 17:30:00,488.966,0,25.08,84.4,952.57,60.1,455.47,0,25.28,84.28,956.01,67.1,508.043,0,24.51,96.27,950.65,51.6,478.19,0,25,92.6,953.2,56.4,390.333,0,26.21,87.45,963.08,62.4,,0,25,94.5,950.4,78.4,472.31,0,25.37,89.34,953.75,75.1,,0,26.07,87.03,963.5,69.2
2026-07-18 17:46:12,2026-07-18 17:40:00,488.967,0,24.81,84.34,952.61,47.8,455.47,0,25.25,82.8,956.05,50.3,508.043,0,24.47,96.35,950.66,37.5,,,,,,,390.343,0,26.14,87.44,963.1,49.7,,,,,,,472.31,0,25.21,91.74,953.8,55.5,,0,25.97,86.65,963.47,54
2026-07-18 17:56:11,2026-07-18 17:50:00,488.973,0,24.67,85.4,952.61,35.3,455.471,0,25.15,84.85,956.15,36,508.043,0,24.29,97.1,950.67,22.8,,,,,,,390.345,0,26.05,87.57,963.19,36.7,,,,,,,472.31,0,24.79,91.92,953.86,46,,0,25.75,88.19,963.48,37.5
2026-07-18 18:06:11,2026-07-18 18:00:00,488.973,0,24.66,85.53,952.66,29.4,455.47,0,25.22,83.64,956.22,32,508.043,0,24.1,97.12,950.75,16,478.19,0,24.6,93.1,953.4,20.4,390.339,0,25.96,87.74,963.24,31.3,,0,24.1,92.3,950.6,36,472.31,0,24.73,92.75,953.88,35.7,,0,25.64,88.06,963.62,33.5
2026-07-18 18:16:11,2026-07-18 18:10:00,488.974,0,24.74,85.07,952.64,27.3,455.47,0,25.21,84.33,956.28,31.9,508.043,0,24.02,97.88,950.79,16.2,,,,,,,390.344,0,25.89,88.58,963.23,25.7,,,,,,,472.31,0,24.27,92.23,953.89,28.3,,0,25.51,88.43,963.58,30.2
2026-07-18 18:26:12,2026-07-18 18:20:00,488.973,0,24.44,85.76,952.76,18.7,455.47,0,25.33,81.88,956.32,21.3,508.043,0,23.92,97.21,950.78,13.3,,,,,,,390.343,0,25.77,87.92,963.23,19.3,,,,,,,472.31,0,24.03,92.83,953.96,19.8,,0,25.41,87.72,963.62,20.8
2026-07-18 18:36:13,2026-07-18 18:30:00,488.973,0,24.46,85.82,952.77,11.9,455.47,0,25.22,84.33,956.34,14,508.043,0,23.85,97.89,950.89,9.4,478.19,0,24.1,93.1,953.5,11,390.346,0,25.72,88.5,963.33,13.2,,0,23.5,96,950.6,15.5,472.31,0,23.84,93.37,953.97,15.9,,0,25.28,88.82,963.65,15
2026-07-18 18:46:12,2026-07-18 18:40:00,488.973,0,24.09,87.24,952.77,7.8,455.47,0,25.12,83.6,956.39,8.3,508.043,0,23.7,96.33,950.91,4.9,,,,,,,390.346,0,25.63,88.66,963.34,7.2,,,,,,,472.307,0,23.74,94.28,954.03,9.5,,0,25.17,89.44,963.68,7.8
2026-07-18 18:56:11,2026-07-18 18:50:00,488.973,0,24.22,89.55,952.79,4.7,455.471,0,25.31,81.69,956.38,4.9,508.043,0,23.56,96.45,950.96,2.1,,,,,,,390.346,0,25.52,88.31,963.42,3,,,,,,,472.303,0,23.52,94.29,954.03,3.7,,0,25.06,89.67,963.73,2.5
2026-07-18 19:06:11,2026-07-18 19:00:00,488.96,0,23.85,94.84,952.88,1.4,455.47,0,25.42,82.06,956.46,1.8,508.043,0,23.48,97.05,950.95,0.4,478.19,0,23.5,93.7,953.5,1.5,390.345,0,25.45,88.95,963.5,0.9,,0,23.2,96.5,950.8,0.1,472.303,0,23.26,94.39,954.02,0.5,,0,24.96,89.85,963.78,0
2026-07-18 19:16:11,2026-07-18 19:10:00,488.974,0,23.41,94.65,953.13,0,455.47,0,25.42,82.2,956.64,0.2,508.043,0,23.22,96.79,951.16,0,,,,,,,390.345,0,25.37,89.18,963.67,0,,,,,,,472.303,0,23.15,95.1,954.34,0,,0,24.85,89.33,964.05,0
2026-07-18 19:26:12,2026-07-18 19:20:00,488.979,0,23.2,95.03,953.15,0,455.47,0,25.11,83.45,956.63,0.2,508.043,0,23.13,97.59,951.25,0,,,,,,,390.343,0,25.28,89.74,963.8,0,,,,,,,472.303,0,23,94.96,954.34,0,,0,24.73,90.09,964.13,0
2026-07-18 19:36:12,2026-07-18 19:30:00,488.984,0,23.05,94.61,953.19,0,455.47,0,24.91,83.08,956.83,0.2,508.043,0,22.86,96.75,951.35,0,478.19,0,23,93.7,953.9,0.2,390.344,0,25.22,89.41,963.76,0,,0,23.1,97.7,951.2,0,472.303,0,22.87,95.11,954.5,0,,0,24.68,90.69,964.12,0
2026-07-18 19:46:14,2026-07-18 19:40:00,488.979,0,23.05,95.68,953.27,0,455.471,0,24.24,86.3,956.87,0.1,508.044,0,22.76,97.19,951.4,0,,,,,,,390.347,0,25.14,90.37,963.85,0,,,,,,,472.303,0,22.9,95.41,954.57,0,,0,24.62,90.7,964.19,0
2026-07-18 19:56:12,2026-07-18 19:50:00,488.967,0,22.92,95.06,953.37,0,455.47,0,23.82,87.48,956.97,0.2,508.043,0,22.64,96.68,951.46,0,,,,,,,390.348,0,25.02,90.43,964.03,0,,,,,,,472.304,0,23,95.67,954.67,0,,0,24.5,90,964.37,0
2026-07-18 20:06:11,2026-07-18 20:00:00,488.979,0,22.83,94.74,953.48,0,455.47,0,23.21,89.48,957.14,0.1,508.044,0,22.66,97.5,951.62,0,478.19,0,22.8,94,954.2,0.2,390.347,0,24.96,90.86,964.12,0,,0,22.9,98.1,951.4,0,472.304,0,23,95.62,954.81,0,,0,24.51,90.56,964.59,0
2026-07-18 20:16:11,2026-07-18 20:10:00,488.96,0,22.8,96.15,953.55,0,455.47,0,23.03,90.28,957.27,0.1,508.044,0,22.5,97.49,951.7,0,,,,,,,390.35,0,24.97,90.24,964.1,0,,,,,,,472.298,0,23.02,95.86,954.92,0,,0,24.47,90.99,964.52,0
2026-07-18 20:26:12,2026-07-18 20:20:00,488.96,0,22.82,96.07,953.57,0,455.47,0,22.97,89.92,957.3,0.1,508.044,0,22.45,97.41,951.77,0,,,,,,,390.348,0,24.97,89.83,964.18,0,,,,,,,472.304,0,22.95,95.91,954.9,0,,0,24.39,90.77,964.58,0
2026-07-18 20:36:13,2026-07-18 20:30:00,488.96,0,22.92,95.01,953.68,0,455.47,0,23.14,91.15,957.37,0.1,508.043,0,22.45,97.35,951.87,0,478.19,0,22.8,94.5,954.4,0.2,390.348,0,24.96,90.17,964.3,0,,0,22.8,96.9,951.7,0,472.297,0,22.97,96.07,954.99,0,,0,24.31,89.95,964.68,0
2026-07-18 20:46:15,2026-07-18 20:40:00,488.967,0,23.02,95.86,953.77,0,455.471,0,23.17,91.06,957.43,0.2,508.044,0,22.42,97.34,951.97,0,,,,,,,390.348,0,24.9,90.23,964.36,0,,,,,,,472.297,0,22.89,96.08,955.03,0,,0,24.34,89.96,964.78,0
2026-07-18 20:56:14,2026-07-18 20:50:00,488.967,0,23.06,96.06,953.85,0,455.47,0,23.15,91.32,957.49,0.2,508.044,0,22.5,97.94,952.02,0,,,,,,,390.351,0,24.89,89.07,964.49,0,,,,,,,472.297,0,22.83,96.03,955.16,0,,0,24.25,90.21,964.93,0
2026-07-18 21:06:11,2026-07-18 21:00:00,488.967,0,23.03,94.74,953.94,0,455.47,0,23.04,90.82,957.63,0.2,508.044,0,22.46,97.89,952.14,0,478.19,0,22.8,94.6,954.6,0.2,390.35,0,24.86,89.74,964.54,0,,0,22.6,97.3,952,0,472.303,0,22.84,96.09,955.26,0,,0,24.32,91.03,964.94,0
2026-07-18 21:16:13,2026-07-18 21:10:00,488.96,0,22.88,96.97,954,0,455.471,0,22.85,91.72,957.68,0.2,508.044,0,22.4,98.05,952.18,0,,,,,,,390.351,0,24.83,89.54,964.61,0,,,,,,,472.303,0,22.81,96.13,955.36,0,,0,24.2,90.18,964.99,0
2026-07-18 21:26:12,2026-07-18 21:20:00,488.96,0,22.95,95.33,954.05,0,455.471,0,22.7,91.98,957.78,0.2,508.044,0,22.4,97.99,952.26,0,,,,,,,390.351,0,24.77,89.71,964.7,0,,,,,,,472.297,0,22.73,96,955.42,0,,0,24.16,90.76,965.15,0
2026-07-18 21:36:12,2026-07-18 21:30:00,488.96,0,23.01,96.35,954.12,0,455.471,0,22.69,92.45,957.84,0.2,508.044,0,22.4,97.78,952.33,0,478.18,0,22.7,94.5,954.9,0.2,390.35,0,24.68,90.15,964.84,0,,0,22.5,97.9,952.2,0,472.297,0,22.7,96.1,955.48,0,,0,24.1,91.39,965.2,0
2026-07-18 21:46:11,2026-07-18 21:40:00,488.96,0,23.01,96.06,954.22,0,455.471,0,22.64,92.45,957.94,0.1,508.044,0,22.29,97.52,952.45,0,,,,,,,390.351,0,24.68,91.11,964.9,0,,,,,,,472.303,0,22.7,95.88,955.52,0,,0,24.13,92.23,965.28,0
2026-07-18 21:56:12,2026-07-18 21:50:00,488.967,0,23.07,97.28,954.26,0,455.47,0,22.62,92.77,958.01,0.1,508.044,0,22.32,97.88,952.43,0,,,,,,,390.351,0,24.7,91.99,965.07,0,,,,,,,472.297,0,22.74,96.15,955.64,0,,0,24.1,92.25,965.36,0
2026-07-18 22:06:12,2026-07-18 22:00:00,488.96,0,22.98,95.18,954.38,0,455.471,0,22.69,92.94,958.1,0.2,508.044,0,22.32,98.09,952.49,0,478.18,0,22.8,94.6,955.1,0.2,390.352,0,24.62,92.06,965.12,0,,0,22.3,97.5,952.5,0,472.303,0,22.66,96.07,955.78,0,,0,24.13,92.29,965.46,0
2026-07-18 22:16:12,2026-07-18 22:10:00,488.96,0,23.05,96.48,954.4,0,455.471,0,22.71,92.72,958.11,0.1,508.043,0,22.45,98.61,952.56,0,,,,,,,390.348,0,24.51,92.49,965.12,0,,,,,,,472.303,0,22.68,96.08,955.77,0,,0,24.06,91.78,965.42,0
2026-07-18 22:26:11,2026-07-18 22:20:00,488.96,0,22.96,96.79,954.44,0,455.471,0,22.67,92.88,958.21,0.2,508.044,0,22.43,98.45,952.63,0,,,,,,,390.35,0,24.59,92.18,965.13,0,,,,,,,472.297,0,22.71,96.28,955.77,0,,0,24.03,91.64,965.52,0
2026-07-18 22:36:11,2026-07-18 22:30:00,488.961,0,22.88,96.37,954.53,0,455.471,0,22.85,92.78,958.27,0.2,508.044,0,22.46,98.49,952.76,0,478.18,0,22.7,94.8,955.3,0.2,390.348,0,24.55,92.47,965.22,0,,0,22.5,98.4,952.7,0,472.297,0,22.73,96.3,955.86,0,,0,24.08,92.27,965.6,0
2026-07-18 22:46:12,2026-07-18 22:40:00,488.961,0,22.99,97.34,954.64,0,455.463,0,22.96,92.66,958.33,0.1,508.044,0,22.42,98.48,952.77,0,,,,,,,390.35,0,24.55,92.87,965.25,0,,,,,,,472.303,0,22.71,96.21,956,0,,0,24,91.61,965.69,0
2026-07-18 22:56:12,2026-07-18 22:50:00,488.96,0,22.93,96.89,954.65,0,455.471,0,23.18,92.79,958.36,0.2,508.044,0,22.52,98.74,952.76,0,,,,,,,390.351,0,24.51,93.49,965.32,0,,,,,,,472.297,0,22.74,96.26,956.01,0,,0,23.97,91.83,965.71,0
2026-07-18 23:06:11,2026-07-18 23:00:00,488.961,0,23.06,97.33,954.72,0,455.471,0,23.24,92.63,958.46,0.1,508.044,0,22.53,98.5,952.91,0,478.18,0,22.7,94.7,955.5,0.2,390.351,0,24.52,92.49,965.34,0,,0,22.5,98.3,952.9,0,472.297,0,22.77,96.43,956.1,0,,0,24.01,91.83,965.79,0
2026-07-18 23:26:14,2026-07-18 23:20:00,488.96,0,23.12,97.32,954.71,0,455.47,0,23.03,92.66,958.45,0.1,508.038,0,22.71,98.46,952.87,0,,,,,,,390.351,0,24.51,93.05,965.38,0,,,,,,,472.297,0,22.84,96.25,956,0,,0,24.06,92.23,965.75,0
2026-07-18 23:36:11,2026-07-18 23:30:00,488.961,0,23.06,96.69,954.65,0,455.464,0,23.17,92.41,958.38,0.2,508.044,0,22.64,97.98,952.83,0,478.18,0,22.9,95,955.3,0.2,390.352,0,24.59,93.76,965.32,0,,0,22.4,98.5,952.7,0,472.297,0,22.78,96.41,956.02,0,,0,24,92.32,965.75,0
2026-07-18 23:46:16,2026-07-18 23:40:00,488.961,0,23.19,97.25,954.64,0,455.47,0,23.25,92.66,958.27,0.2,508.043,0,22.68,98.19,952.77,0,,,,,,,390.35,0,24.56,93.22,965.29,0,,,,,,,472.297,0,22.81,96.3,955.96,0,,0,23.97,92.38,965.72,0
2026-07-18 23:56:11,2026-07-18 23:50:00,488.96,0,23.13,96.89,954.62,0,455.47,0,23.28,92.77,958.29,0.1,508.044,0,22.6,98.16,952.68,0,,,,,,,390.351,0,24.52,93.54,965.26,0,,,,,,,472.297,0,22.83,96.54,955.95,0,,0,23.96,92.69,965.66,0
2026-07-19 00:06:11,2026-07-19 00:00:00,488.961,0,23.1,97.09,954.44,0,455.471,0,23.31,92.36,958.19,0.1,508.044,0,22.59,97.95,952.63,0,478.18,0,22.9,94.9,955.2,0.2,390.351,0,24.56,93.29,965.09,0,,0,22.5,98.8,952.7,0,472.297,0,22.81,96.53,955.79,0,,0,23.93,92.99,965.52,0
2026-07-19 00:16:12,2026-07-19 00:10:00,488.96,0,23.1,97.18,954.43,0,455.47,0,23.15,92.66,958.15,0.1,508.044,0,22.62,98.15,952.64,0,,,,,,,390.351,0,24.49,93.64,965.06,0,,,,,,,472.297,0,22.81,96.64,955.75,0,,0,24,93.2,965.49,0
2026-07-19 00:26:12,2026-07-19 00:20:00,488.96,0,23.29,97.06,954.35,0,455.471,0,23.08,93.23,958.08,0.2,508.044,0,22.7,98.1,952.47,0,,,,,,,390.351,0,24.47,93.48,965.03,0,,,,,,,472.297,0,22.91,96.45,955.62,0,,0,24,93.14,965.46,0
2026-07-19 00:36:12,2026-07-19 00:30:00,488.956,0,23.14,95.97,954.26,0,455.471,0,22.98,93.36,958.02,0.1,508.044,0,22.62,98.17,952.44,0,478.18,0,22.8,94.9,955,0.2,390.352,0,24.41,93.76,964.93,0,,0,22.5,98.8,952.3,0,472.297,0,22.89,96.48,955.53,0,,0,24.03,93.23,965.32,0
2026-07-19 00:46:11,2026-07-19 00:40:00,488.96,0,23.16,96.57,954.31,0,455.463,0,22.94,93.37,958.04,0.2,508.044,0,22.56,98.4,952.47,0,,,,,,,390.353,0,24.32,94.33,964.94,0,,,,,,,472.297,0,22.94,96.45,955.57,0,,0,24.01,93.08,965.35,0
2026-07-19 00:56:12,2026-07-19 00:50:00,488.96,0,23.05,97.12,954.22,0,455.464,0,22.89,93.43,957.96,0.1,508.044,0,22.53,98.15,952.29,0,,,,,,,390.352,0,24.34,94.57,964.84,0,,,,,,,472.297,0,22.94,96.46,955.56,0,,0,24,92.96,965.3,0
2026-07-19 01:06:12,2026-07-19 01:00:00,488.96,0,23.33,97.19,954.17,0,455.463,0,22.86,93.6,957.88,0.1,508.044,0,22.55,98.55,952.31,0,478.18,0,22.9,95.2,954.8,0.2,390.351,0,24.32,94.66,964.72,0,,0,22.6,99,952.2,0,472.297,0,22.86,96.52,955.41,0,,0,23.99,93.11,965.19,0
2026-07-19 01:16:12,2026-07-19 01:10:00,488.955,0,23.26,96.35,954.04,0,455.463,0,22.89,93.64,957.77,0.1,508.044,0,22.59,98.64,952.28,0,,,,,,,390.351,0,24.3,94.74,964.6,0,,,,,,,472.297,0,22.87,96.28,955.29,0,,0,23.93,93.14,965.05,0
2026-07-19 01:26:11,2026-07-19 01:20:00,488.955,0,23.31,97.05,954.02,0,455.463,0,22.85,93.69,957.67,0.1,508.044,0,22.46,98.54,952.15,0,,,,,,,390.351,0,24.35,94.79,964.57,0,,,,,,,472.297,0,22.97,96.42,955.25,0,,0,23.95,93.12,965.01,0
2026-07-19 01:36:12,2026-07-19 01:30:00,488.96,0,23.46,97.15,954.01,0,455.463,0,22.85,93.72,957.72,0.1,508.044,0,22.5,98.67,952.17,0,478.18,0,22.9,95.3,954.7,0.2,390.353,0,24.48,95.27,964.56,0,,0,22.5,99,952,0,472.297,0,22.95,95.99,955.17,0,,0,23.91,92.95,965.02,0
2026-07-19 01:46:11,2026-07-19 01:40:00,488.96,0,23.37,97.4,953.87,0,455.471,0,22.85,93.85,957.47,0.1,508.044,0,22.29,98.3,952.05,0,,,,,,,390.351,0,24.37,94.76,964.48,0,,,,,,,472.304,0,22.86,96.24,955.01,0,,0,23.87,92.77,964.85,0
2026-07-19 01:56:12,2026-07-19 01:50:00,488.955,0,23.29,96.62,953.8,0,455.463,0,22.89,93.89,957.44,0.1,508.044,0,22.36,98.61,951.92,0,,,,,,,390.351,0,24.34,95.05,964.39,0,,,,,,,472.297,0,22.77,96.47,954.94,0,,0,23.9,93.1,964.84,0
2026-07-19 02:06:11,2026-07-19 02:00:00,488.955,0,23.3,96.53,953.66,0,455.463,0,22.79,93.76,957.32,0.1,508.044,0,22.26,98.76,951.82,0,478.18,0,22.9,95.5,954.3,0.2,390.35,0,24.32,95.31,964.31,0,,0,22.5,99,951.6,0,472.297,0,22.78,96.64,954.81,0,,0,23.99,93.57,964.72,0
2026-07-19 02:16:11,2026-07-19 02:10:00,488.96,0,23.1,96.48,953.52,0,455.471,0,22.76,93.67,957.23,0.1,508.044,0,22.33,98.91,951.73,0,,,,,,,390.347,0,24.25,95.54,964.13,0,,,,,,,472.297,0,22.78,96.69,954.75,0,,0,23.84,93.31,964.6,0
2026-07-19 02:26:11,2026-07-19 02:20:00,488.955,0,23.27,96.91,953.5,0,455.471,0,22.76,93.6,957.2,0.1,508.044,0,22.25,98.7,951.63,0,,,,,,,390.348,0,24.18,95.65,964.09,0,,,,,,,472.297,0,22.71,96.71,954.72,0,,0,23.87,93.62,964.53,0
2026-07-19 02:36:11,2026-07-19 02:30:00,488.948,0,23.02,97.06,953.44,0,455.471,0,22.91,93.17,957.12,0.1,508.044,0,22.28,98.67,951.6,0,478.18,0,22.7,95.4,954.1,0.2,390.348,0,24.17,95.73,963.96,0,,0,22.5,99.5,951.4,0,472.297,0,22.7,96.74,954.63,0,,0,23.89,93.66,964.44,0
2026-07-19 02:46:11,2026-07-19 02:40:00,488.949,0,22.83,97.35,953.36,0,455.471,0,23.25,92.73,957.08,0.1,508.044,0,22.23,98.81,951.58,0,,,,,,,390.348,0,24.1,95.81,963.99,0,,,,,,,472.297,0,22.68,96.76,954.59,0,,0,23.86,93.62,964.42,0
2026-07-19 02:56:12,2026-07-19 02:50:00,488.955,0,23.37,95.6,953.32,0,455.463,0,23.4,91.79,956.92,0.1,508.044,0,22.33,98.69,951.44,0,,,,,,,390.346,0,24.08,95.95,963.96,0,,,,,,,472.297,0,22.73,96.76,954.5,0,,0,23.89,93.88,964.34,0
2026-07-19 03:06:13,2026-07-19 03:00:00,488.961,0,24.63,86.01,953.39,0,455.471,0,23.92,88.53,956.92,0.1,508.044,0,22.29,98.75,951.47,0,478.18,0,22.7,95.5,954,0.2,390.348,0,24.07,95.81,963.92,0,,0,22.6,99.5,951.3,0,472.298,0,22.73,96.79,954.55,0,,0,23.86,93.91,964.38,0
2026-07-19 03:16:11,2026-07-19 03:10:00,488.955,0,24.78,85.3,953.33,0,455.47,0,24.85,84.23,956.83,0.2,508.044,0,22.2,98.78,951.44,0,,,,,,,390.343,0,24.07,95.79,963.9,0,,,,,,,472.297,0,22.7,96.77,954.44,0,,0,23.86,94.03,964.35,0
2026-07-19 03:26:11,2026-07-19 03:20:00,488.942,0,24.66,88.65,953.34,0,455.47,0,25.05,84.71,956.91,0.1,508.044,0,22.26,98.81,951.53,0,,,,,,,390.346,0.2,24.03,95.65,963.91,0,,,,,,,472.303,0,22.75,96.79,954.6,0,,0,23.93,94.15,964.39,0
2026-07-19 03:36:11,2026-07-19 03:30:00,488.96,0,24.15,91.51,953.31,0,455.464,0,24.94,84.79,956.93,0.1,508.044,0,22.22,98.69,951.6,0,478.18,0,22.7,95.6,954,0.2,390.344,0.4,23.97,95.26,963.8,0,,0,22.5,99.6,951.2,0,472.297,0,22.74,96.91,954.47,0,,0.2,23.87,93.97,964.3,0
2026-07-19 03:46:11,2026-07-19 03:40:00,488.96,0,24.2,88.79,953.19,0,455.47,0,25.01,83.98,956.85,0.1,508.044,0,22.31,98.67,951.53,0,,,,,,,390.341,0.4,23.95,95.19,963.72,0,,,,,,,472.297,0,22.83,96.79,954.31,0,,0.2,23.86,94,964.24,0
2026-07-19 03:56:11,2026-07-19 03:50:00,488.955,0,24.15,89.15,953.17,0,455.47,0,25.32,82.99,956.84,0.2,508.044,0,22.28,98.86,951.33,0,,,,,,,390.346,0.6,23.9,95.06,963.75,0,,,,,,,472.298,0,22.73,96.59,954.27,0,,0.2,23.77,93.63,964.07,0
2026-07-19 04:06:13,2026-07-19 04:00:00,488.955,0,23.72,91.27,953.2,0,455.463,0,25.46,81.39,956.79,0.1,508.044,0,22.25,98.57,951.38,0,,,,,,,390.347,0.6,23.85,95.09,963.81,0,,,,,,,472.297,0,22.7,96.69,954.22,0,,0.2,23.76,93.69,964.18,0
2026-07-19 04:16:13,2026-07-19 04:10:00,488.955,0,23.84,89.09,953.2,0,455.463,0,25.4,83.43,956.79,0.1,508.044,0,22.2,98.6,951.45,0,,,,,,,390.344,0,23.82,95.32,963.84,0,,,,,,,472.297,0,22.66,96.65,954.31,0,,0.2,23.69,93.19,964.26,0
2026-07-19 04:26:11,2026-07-19 04:20:00,488.955,0,23.97,88.15,953.32,0,455.47,0,25.49,81.12,956.81,0.1,508.044,0.2,22.29,98.94,951.47,0,,,,,,,390.347,0,23.82,95.38,963.83,0,,,,,,,472.297,0,22.7,96.61,954.48,0,,0.2,23.69,93.17,964.25,0
2026-07-19 04:36:12,2026-07-19 04:30:00,488.955,0,24.4,86.75,953.35,0,455.463,0,25.77,81.16,956.74,0.1,508.044,0.2,22.22,99.17,951.43,0,478.18,0,22.6,95.6,954,0.2,390.341,0,23.78,95.37,963.78,0,,0,22.7,99.2,951.1,0,472.297,0,22.7,96.75,954.32,0,,0.2,23.72,93.52,964.15,0
2026-07-19 04:46:11,2026-07-19 04:40:00,488.955,0,24.29,87.97,953.34,0,455.463,0,25.56,80.88,956.84,0.1,508.038,0.4,22.11,99.14,951.49,0,,,,,,,390.344,0,23.79,95.36,963.83,0,,,,,,,472.297,0,22.67,96.73,954.5,0,,0.2,23.59,93.18,964.26,0
2026-07-19 05:06:11,2026-07-19 05:00:00,488.955,0,24.63,84.77,953.5,0,455.463,0,25.66,82.63,956.96,0.1,508.044,0.4,22.15,99.12,951.6,0,478.18,0.2,22.7,95.8,954,0.2,390.346,0,23.72,95.39,963.95,0,,0,22.5,99.5,951.4,0,472.297,0,22.66,96.75,954.56,0,,0.2,23.63,93.47,964.44,0
2026-07-19 05:16:12,2026-07-19 05:10:00,488.955,0,24.53,84.83,953.47,0,455.463,0,25.58,82.04,957,0.1,508.044,0,22.09,99.11,951.72,0,,,,,,,390.35,0,23.73,95.47,964.03,0,,,,,,,472.298,0,22.57,96.76,954.6,0,,0,23.59,92.68,964.46,0
2026-07-19 05:26:11,2026-07-19 05:20:00,488.955,0,24.36,84.95,953.51,0,455.463,0,25.59,80.58,957.26,0.1,508.044,0,22.05,99.16,951.73,0,,,,,,,390.344,0,23.76,95.14,964.14,0,,,,,,,472.297,0,22.63,96.68,954.74,0,,0,23.61,92.86,964.54,0
2026-07-19 05:36:11,2026-07-19 05:30:00,488.955,0,24.2,87.07,953.56,0,455.463,0,25.56,80.82,957.33,0.1,508.044,0,22.06,99.25,951.86,0,478.18,0,22.6,95.7,954.2,0.2,390.348,0,23.82,95.07,964.3,0,,0,22.5,99.9,951.6,0,472.297,0,22.61,96.7,954.81,0,,0,23.66,93.18,964.6,0
2026-07-19 05:46:11,2026-07-19 05:40:00,488.955,0,24.26,86.1,953.69,0,455.463,0,25.53,80.98,957.31,0.1,508.044,0.2,22.09,99.04,951.92,0,,,,,,,390.343,0,23.8,95.12,964.37,0,,,,,,,472.297,0,22.54,96.7,954.86,0,,0,23.62,92.95,964.77,0
2026-07-19 05:56:13,2026-07-19 05:50:00,488.955,0,24.22,86.82,953.68,0,455.463,0,25.63,79.68,957.3,0.3,508.044,0.2,21.98,99.27,951.97,0,,,,,,,390.345,0,23.8,94.99,964.36,0,,,,,,,472.297,0,22.5,96.53,954.94,0,,0,23.59,92.02,964.79,0
2026-07-19 06:06:11,2026-07-19 06:00:00,488.96,0,23.67,94.15,953.74,1,455.463,0,25.5,80.28,957.51,1.6,508.044,0.2,21.96,99.43,951.92,1.4,478.18,0,22.6,95.8,954.4,2.1,390.345,0,23.8,95.04,964.35,0.9,,0,22.6,99.4,951.7,0,472.297,0,22.6,96.71,954.95,0.1,,0,23.66,91.97,964.8,0.4
2026-07-19 06:16:12,2026-07-19 06:10:00,488.96,0,23.65,94.61,953.86,2.9,455.463,0,25.4,81.01,957.58,3.7,508.044,0,21.94,99.35,952.09,3.9,,,,,,,390.347,0,23.82,95.14,964.44,2.4,,,,,,,472.297,0,22.54,96.73,955.07,2,,0,23.72,91.1,964.9,2
2026-07-19 06:26:11,2026-07-19 06:20:00,488.942,0,23.34,94.64,953.89,5.1,455.463,0,25.4,78.56,957.56,6.1,508.044,0.2,21.92,99.15,952.13,5.5,,,,,,,390.347,0,23.8,94.87,964.51,3.7,,,,,,,472.297,0,22.56,96.62,955.09,4.7,,0,23.77,90.61,964.88,4
2026-07-19 06:36:11,2026-07-19 06:30:00,488.949,0,22.85,97.33,954.05,8.9,455.463,0,24.97,84.34,957.75,9.6,508.044,0.2,22.19,99.57,952.22,8.8,478.18,0,22.6,95.8,954.7,9.2,390.345,0,23.85,94.89,964.62,5.4,,0.2,22.5,99.3,952,8.2,472.297,0,22.63,96.62,955.25,8.6,,0,23.83,90.57,965.05,5.4
2026-07-19 06:56:18,2026-07-19 06:50:00,488.948,0.2,22.68,97.43,954.29,23.8,455.463,0,24.92,84.62,957.76,27.7,508.044,0.2,22.12,99.2,952.33,23.8,,,,,,,390.345,0,23.92,94.48,964.83,16.5,,,,,,,472.297,0,22.68,96.37,955.44,18.5,,0,23.93,90.57,965.25,21.4
2026-07-19 07:06:11,2026-07-19 07:00:00,488.955,0.2,23.27,92.49,954.3,38.7,455.463,0,24.85,85.57,957.79,45,508.044,0.2,22.25,99.21,952.38,35.3,478.18,0,22.8,95.9,954.9,38.8,390.344,0,24.03,94.19,964.94,28.3,,0.2,22.8,98.3,952.3,31.1,472.297,0,22.81,96.29,955.5,33,,0,24.16,89.27,965.32,36.6
2026-07-19 07:16:12,2026-07-19 07:10:00,488.936,0,23.34,95.1,954.33,51.8,455.463,0,24.87,84.25,957.9,57.3,508.044,0,22.33,98.68,952.43,48.6,,,,,,,390.346,0,24.11,94.02,964.97,43.4,,,,,,,472.297,0,23.07,95.8,955.54,46.7,,0,24.32,88.37,965.35,52.4
2026-07-19 07:26:11,2026-07-19 07:20:00,488.967,0,23.39,95.92,954.46,58.2,455.463,0,25.07,84.69,957.95,64.8,508.044,0,22.59,99.17,952.55,57.4,,,,,,,390.347,0,24.25,93.45,965.13,58.4,,,,,,,472.297,0,23.39,95.89,955.59,46.8,,0,24.65,86.67,965.54,64.9
2026-07-19 07:36:11,2026-07-19 07:30:00,488.942,0,23.44,96.02,954.47,64.5,455.463,0,25.26,82.54,958.06,75.2,508.044,0,22.73,98.34,952.58,62.1,,,,,,,390.344,0,24.42,93.12,965.1,73.3,,,,,,,472.297,0,23.49,95.44,955.65,55.4,,0,24.91,87.17,965.54,76.1
2026-07-19 07:46:12,2026-07-19 07:40:00,488.942,0,23.72,94.79,954.53,78,455.463,0,25.5,80.97,958.02,95.4,508.044,0,22.83,97.91,952.57,84.5,,,,,,,390.348,0,24.63,92.57,965.03,88.7,,,,,,,472.297,0,23.8,95.54,955.6,58.8,,0,25.09,87.81,965.58,86.2
2026-07-19 08:06:11,2026-07-19 08:00:00,488.955,0,24.02,91.94,954.56,83.8,455.463,0,25.52,83.24,958.21,106.9,508.044,0,23.42,97.22,952.73,117.1,478.18,0,23.9,94.7,955.2,117,390.346,0,25.02,91.49,965.1,125.2,,0,23.7,98,952.6,66.2,472.297,0,24.2,95.13,955.8,73.8,,0,25.34,87.86,965.63,113.6
2026-07-19 08:16:12,2026-07-19 08:10:00,488.955,0,24.13,92.73,954.58,117.4,455.463,0,25.81,80.63,958.25,137.7,508.043,0,23.93,96.42,952.73,154.2,,,,,,,390.348,0,25.25,91.27,965.12,170.9,,,,,,,472.303,0,24.13,92.85,955.74,107.3,,0,25.64,86.85,965.64,161.7
2026-07-19 08:26:12,2026-07-19 08:20:00,488.948,0,24.25,94.27,954.63,138.5,455.463,0,26.04,80.93,958.31,175.5,508.044,0,24.16,94.53,952.79,196.4,,,,,,,390.347,0,25.59,90.6,965.27,231.9,,,,,,,472.297,0,24.9,93.25,955.82,151.1,,0,26.1,84.45,965.76,236.9
2026-07-19 08:36:13,2026-07-19 08:30:00,488.954,0,24.93,93.61,954.7,144,455.463,0,26.47,75.98,958.45,177.5,508.043,0,24.95,94.45,952.81,190.5,478.17,0,25.1,92.5,955.4,202.5,390.345,0,25.99,88.89,965.32,216.7,,0,24.6,95.6,952.7,164.4,472.297,0,25.6,92.38,955.93,191.7,,0,26.94,81.39,965.79,247.9
2026-07-19 08:46:11,2026-07-19 08:40:00,488.955,0,25.45,92.95,954.79,149,455.463,0,26.08,79.25,958.47,173.4,508.043,0,25.05,93,952.93,189.9,,,,,,,390.346,0,26.27,86.98,965.33,214.7,,,,,,,472.297,0,26.02,91.06,955.91,215.5,,0,27.44,83.25,965.84,256.6
2026-07-19 08:56:12,2026-07-19 08:50:00,488.954,0,25.77,91.16,954.87,175.9,455.463,0,25.72,82.34,958.5,202.8,508.043,0,25.96,91.08,953.05,213.1,,,,,,,390.346,0,26.45,85.79,965.43,230.2,,,,,,,472.297,0,26.54,91.85,956,236.7,,0,27.49,80.36,965.91,251.6
2026-07-19 09:06:11,2026-07-19 09:00:00,488.955,0,25.93,89.16,955,197.8,455.462,0,26.2,80.96,958.55,234.4,508.043,0,26.11,91.77,952.99,218.8,478.18,0,25.9,91.8,955.5,220.5,390.341,0,26.89,84.64,965.41,244.1,,0,25.5,93,952.8,227.1,472.297,0.2,26.81,89.75,956.07,239,,0,27.81,79.3,965.95,259.7
2026-07-19 09:16:12,2026-07-19 09:10:00,488.954,0,26.46,89.35,955.01,219.2,455.462,0,26.59,80.24,958.59,290.4,508.043,0,26.24,86.63,953,249.2,,,,,,,390.343,0,27.01,84.3,965.49,252.2,,,,,,,472.303,0,27.22,89.59,956.16,247.3,,0,28.17,81.17,965.95,273.3
2026-07-19 09:26:11,2026-07-19 09:20:00,488.955,0,26.49,84.27,954.96,253.7,455.463,0,26.74,78.95,958.54,339.5,508.049,0,26.4,90.87,953.01,227.8,,,,,,,390.337,0,27.25,83.09,965.38,285.3,,,,,,,472.31,0,27.36,88.22,956.05,272.5,,0,28.51,81.21,965.82,319.5
2026-07-19 09:36:11,2026-07-19 09:30:00,488.954,0,27.13,86.72,954.92,279.6,455.463,0,26.98,78.46,958.54,388.2,508.05,0,26.03,91.22,953.01,279.5,478.17,0,26.7,84.9,955.5,316.3,390.339,0,27.32,82.01,965.36,254.8,,0,26.2,83,952.7,248.6,472.303,0,27.48,85.07,956.04,273.4,,0,28.9,77,965.78,335.5
2026-07-19 09:46:11,2026-07-19 09:40:00,488.955,0,27.64,79.78,954.98,317.8,455.462,0,27.33,75.63,958.64,407.1,508.043,0,26.23,88.89,953.01,311.9,,,,,,,390.338,0,27.38,81.84,965.4,242.2,,,,,,,472.303,0,27.63,81.54,956.09,280.8,,0,28.83,77.32,965.8,359.3
2026-07-19 09:56:11,2026-07-19 09:50:00,488.96,0,27.71,78.89,954.96,306.8,455.463,0,27.61,74.78,958.58,356.1,508.043,0,27.15,87.09,953.01,312.8,,,,,,,390.341,0,27.51,81.69,965.38,225.5,,,,,,,472.31,0,28.04,84.88,956.04,269.5,,0,29.17,76.96,965.76,290.7
2026-07-19 10:06:12,2026-07-19 10:00:00,488.96,0,27.91,79.35,954.83,271,455.462,0,27.46,77.22,958.53,328.1,508.049,0,27.77,83.47,952.96,285.9,478.17,0,26.9,85.3,955.4,285,390.337,0,27.76,81.47,965.37,233,,0,26.5,87.5,952.8,229.7,472.31,0,28.04,85.43,955.99,278.3,,0,28.89,76.38,965.76,274.6
2026-07-19 10:16:12,2026-07-19 10:10:00,488.966,0,27.57,79.16,954.86,280.2,455.463,0,27.4,75.96,958.54,378.4,508.056,0,27.6,83.02,953,288.2,,,,,,,390.336,0,27.77,80.17,965.32,254.4,,,,,,,472.31,0,28.24,81.4,955.94,258.3,,0,28.99,77.46,965.74,309.8
2026-07-19 10:26:12,2026-07-19 10:20:00,488.966,0,27.54,76.85,954.77,276.1,455.462,0,27.17,79.3,958.35,362.3,508.055,0,27.96,82.56,952.92,337.2,,,,,,,390.338,0,28.05,79.64,965.24,307.6,,,,,,,472.317,0,28.35,81.45,955.92,279.2,,0,29.58,74.08,965.63,403.9
2026-07-19 10:36:13,2026-07-19 10:30:00,488.966,0,27.85,81.58,954.69,274,455.462,0,27.22,76.73,958.32,387.7,508.056,0,28.09,84.19,952.77,337.5,478.17,0,26.6,85.8,955.3,392.1,390.337,0,28.5,78.21,965.11,352.5,505.16,0,26.7,84.1,952.6,297.2,472.317,0,28.77,82.09,955.82,329,,0,30.85,69.77,965.58,447.3
2026-07-19 10:46:12,2026-07-19 10:40:00,488.966,0,27.91,77.54,954.74,244.2,455.462,0,27.28,76,958.28,355.7,508.049,0,28.42,84.05,952.75,366.9,,,,,,,390.338,0,28.9,75.57,965.06,362.1,,,,,,,472.31,0,29,77.98,955.78,323.8,,0,30.55,70.05,965.59,429.8
2026-07-19 10:56:12,2026-07-19 10:50:00,488.96,0,27.89,76.74,954.77,273.3,455.462,0,27.43,76.39,958.23,512.6,508.055,0,28.72,80.19,952.74,387.1,,,,,,,390.336,0,29.15,75.68,965.06,379,,,,,,,472.317,0,29.3,74.81,955.81,317.4,,0,31.09,72.92,965.56,439
2026-07-19 11:06:11,2026-07-19 11:00:00,488.96,0,27.99,79.17,954.7,341.7,455.463,0,27.81,75.92,958.26,457.8,508.055,0,28.39,80.89,952.7,379.9,478.17,0,27,84.7,955.3,381.5,390.339,0,29.28,74.67,965.08,394.3,505.16,0,28.1,78.9,952.6,339.3,472.31,0,29.17,81.72,955.77,347.3,,0,31.34,64.98,965.48,472.6
2026-07-19 11:16:11,2026-07-19 11:10:00,488.96,0,28.33,76.98,954.7,427,455.463,0,27.79,79.12,958.2,499.3,508.055,0,27.66,82.17,952.71,363.5,,,,,,,390.337,0,29.66,74.02,965.03,395.6,,,,,,,472.317,0,29.68,75.81,955.77,397.8,,0,31.45,64.05,965.33,481
2026-07-19 11:26:11,2026-07-19 11:20:00,488.96,0,29.05,72.01,954.69,441.6,455.463,0,27.84,75.9,958.13,492.9,508.061,0,28.55,80.39,952.71,367,,,,,,,390.337,0,29.9,72.08,964.98,427.9,,,,,,,472.31,0,30.71,71.79,955.75,556,,0,31.58,67.37,965.33,450.4
2026-07-19 11:36:12,2026-07-19 11:30:00,488.96,0,29.2,76.6,954.65,382,455.462,0,27.95,76.36,958.12,463.6,508.055,0,28.49,78.96,952.63,359.8,478.17,0,27.9,85.9,955.2,400.7,390.338,0,29.99,70.22,964.96,419.2,505.16,0,28.9,76,952.4,451.6,472.309,0,31.85,78.22,955.66,636.4,,0,31.65,65.66,965.28,471.3
2026-07-19 11:46:11,2026-07-19 11:40:00,488.96,0,29.3,74.01,954.64,407.3,455.462,0,28.09,75.74,958.14,468.8,508.061,0,28.58,76.64,952.6,386.3,,,,,,,390.339,0,29.99,69.37,964.99,406.1,,,,,,,472.317,0,32.65,68,955.61,565.9,,0,31.99,65.15,965.28,496.2
2026-07-19 11:56:11,2026-07-19 11:50:00,488.987,0,27.72,75.21,954.6,445.9,455.462,0,28.16,74.04,958.09,521.4,508.055,0,29.95,80.68,952.62,422.8,,,,,,,390.339,0,30.44,70.14,964.95,470.2,,,,,,,472.316,0,33.14,67.28,955.56,713.8,,0,32.31,59.86,965.19,631.7
2026-07-19 12:06:11,2026-07-19 12:00:00,488.902,0,27.61,78.94,954.56,398.4,455.456,0,27.95,74.45,958.04,516.8,508.061,0,30.25,74.73,952.62,353.2,478.17,0,27.7,84.2,955.1,394.8,390.332,0,30.95,68.55,964.84,432.4,,0,29.6,75.7,952.3,410.1,472.323,0,32.89,73.7,955.52,569.4,,0,32.4,61.93,965.19,579.2
2026-07-19 12:16:11,2026-07-19 12:10:00,488.971,0,27.69,78.17,954.38,368.4,455.463,0,28.12,74.44,957.9,457.7,508.061,0,29.89,76.05,952.45,355.7,,,,,,,390.338,0,30.65,68.67,964.74,382.6,,,,,,,472.322,0,31.81,66.4,955.41,469.5,,0,32.33,63.15,965.04,523
2026-07-19 12:26:11,2026-07-19 12:20:00,488.972,0,27.45,77.52,954.35,346.9,455.462,0,28.11,76.92,957.89,420.2,508.061,0,30.01,72.27,952.46,393.3,,,,,,,390.338,0,30.52,67.49,964.66,379.2,,,,,,,472.317,0,32.1,71.47,955.41,384.9,,0,31.99,61.99,964.94,573.8
2026-07-19 12:36:11,2026-07-19 12:30:00,488.939,0,27.48,79.6,954.37,340.5,455.462,0,27.91,76.29,957.95,399.7,508.061,0,30.22,77.41,952.47,319.4,478.17,0,27.9,83,955,373.3,390.327,0,29.55,68.91,964.66,379.8,,0,29,67.5,952.2,270.9,472.317,0,31.59,71.3,955.45,302,,0,31.57,64.24,964.89,383.9
2026-07-19 12:46:11,2026-07-19 12:40:00,488.966,0,27.36,79.74,954.21,364.8,455.462,0,28.01,77.03,957.71,432.2,508.061,0,29.74,77.69,952.36,363.6,,,,,,,390.333,0,29.55,69.23,964.51,395,,,,,,,472.317,0,30.98,72.44,955.3,367.1,,0,31.21,63.6,964.73,468.3
2026-07-19 12:56:11,2026-07-19 12:50:00,488.947,0,27.44,78.48,954.15,392.9,455.462,0,27.91,75.57,957.6,423,508.068,0,28.92,75.45,952.16,378.3,,,,,,,390.331,0,29.49,69.85,964.4,436.7,,,,,,,472.317,0,30.82,64.16,955.21,342.9,,0,31.02,63.93,964.56,462
2026-07-19 13:06:12,2026-07-19 13:00:00,488.96,0,27.41,77.81,953.9,358.8,455.462,0,28.28,73.79,957.49,435.6,508.061,0,28.92,78.63,951.97,379.5,478.16,0,28.4,84,954.6,428.7,390.332,0,29.46,69.06,964.21,327.9,505.16,0,28.5,71.6,951.8,325.3,472.317,0,30.56,74.23,955.03,351.9,,0,31.24,65.47,964.43,421.6
2026-07-19 13:16:12,2026-07-19 13:10:00,488.902,0,27.48,78.81,953.84,330.1,455.462,0,28.42,76.15,957.38,407,508.061,0,29.33,71.89,951.88,372.3,,,,,,,390.333,0,29.34,71.39,964.17,315.5,,,,,,,472.317,0,29.82,76.17,954.99,381.8,,0,30.97,64.93,964.36,422.6
2026-07-19 13:26:12,2026-07-19 13:20:00,488.978,0,27.26,78.92,953.82,292.7,455.462,0,28.07,74.99,957.32,372,508.061,0,30.02,77.01,951.84,325.9,,,,,,,390.331,0,29.46,71.52,964.05,315.3,,,,,,,472.316,0,30.58,71.77,954.92,313.3,,0,31.1,63.96,964.26,405.4
2026-07-19 13:36:11,2026-07-19 13:30:00,488.947,0,27.49,79.41,953.72,261.5,455.462,0,27.83,76.24,957.2,342.5,508.061,0,28.85,74.19,951.83,301.3,478.16,0,28.2,85.5,954.4,328.3,390.332,0,29.55,71.15,963.97,317.3,505.16,0,28.7,73.8,951.5,277.7,472.317,0,30.46,73.68,954.85,291.7,,0,31.04,64.62,964.18,374.3
2026-07-19 13:46:12,2026-07-19 13:40:00,488.96,0,27.55,77.03,953.74,247.8,455.462,0,27.83,77.29,957.27,320.8,508.068,0,29.06,73.16,951.81,269.5,,,,,,,390.329,0,29.5,71.66,963.9,321.4,,,,,,,472.317,0,30.26,77.01,954.87,263.4,,0,31.3,67.95,964.11,361.7
2026-07-19 13:56:12,2026-07-19 13:50:00,488.931,0,27.33,80.64,953.75,250.9,455.462,0,27.92,75.27,957.26,317.5,508.061,0,29.19,80.99,951.75,288.4,,,,,,,390.334,0,29.37,71.39,964.02,279.4,,,,,,,472.316,0,30,74.21,954.89,230.3,,0,31.33,67.53,964.12,335.9
2026-07-19 14:06:11,2026-07-19 14:00:00,488.948,0,27.17,79.12,953.72,203.6,455.462,0,28.29,74.75,957.24,238.1,508.061,0,29.16,79.76,951.79,212.6,478.16,0,28.1,86.4,954.4,260.7,390.341,0,29.48,71.88,963.95,253.7,,0,27.5,73.1,951.4,212.9,472.316,0,29.14,80.36,954.87,201,,0,30.48,68.15,964.14,294.4
2026-07-19 14:16:12,2026-07-19 14:10:00,488.947,0,27.1,81.68,953.71,179.3,455.462,0,28.24,79.51,957.29,208.6,508.061,0,28.38,82.67,951.75,199.1,,,,,,,390.331,0,29.04,73.27,963.89,224.8,,,,,,,472.316,0,29.04,79.79,954.89,177.7,,0,30.28,65.98,964.1,235.4
2026-07-19 14:26:12,2026-07-19 14:20:00,488.948,0,27.27,80.14,953.58,157.3,455.462,0,27.83,77.29,957.18,190.9,508.061,0,28.14,83.59,951.67,169.4,,,,,,,390.337,0,28.87,73.3,963.91,210.2,,,,,,,472.31,0,28.38,80.54,954.73,148.1,,0,30.12,70.81,963.98,223
2026-07-19 14:36:11,2026-07-19 14:30:00,488.948,0,27.36,83.12,953.61,134.2,455.462,0,27.7,77.22,957.16,154.7,508.061,0,27.47,84.19,951.72,131.5,478.16,0,27.5,88.9,954.3,138.2,390.339,0,28.89,73.03,963.84,202.7,,0,26.8,78.2,951.4,131.8,472.317,0,27.69,80.02,954.69,135.8,,0,29.73,69.35,963.89,202.7
2026-07-19 14:46:12,2026-07-19 14:40:00,488.941,0,27.29,83.42,953.56,129.9,455.462,0,27.61,78.84,957.09,147.6,508.055,0,27.47,86.5,951.61,130.6,,,,,,,390.341,0,28.65,73.48,963.81,187,,,,,,,472.317,0,27.5,80.22,954.68,117,,0,29.67,71.87,963.92,187
2026-07-19 14:56:11,2026-07-19 14:50:00,488.948,0,27.03,83.15,953.48,114.2,455.463,0,27.6,79.16,957.01,135.8,508.055,0,26.86,87.57,951.57,118.3,,,,,,,390.336,0,28.6,73.44,963.77,164.3,,,,,,,472.31,0,27.53,83.09,954.61,111.2,,0,29.64,69.5,963.93,163.8
2026-07-19 15:06:11,2026-07-19 15:00:00,488.941,0,26.99,87.97,953.51,98.7,455.463,0,27.53,78.99,957.08,107.4,508.055,0,27.05,87.66,951.65,91.1,478.16,0,26.6,89.5,954.3,103,390.339,0,28.48,74.81,963.77,158.2,505.16,0,26.5,80,951.3,97.2,472.309,0,27.09,82.71,954.61,92.6,,0,29.27,69.68,963.87,121.7
2026-07-19 15:16:11,2026-07-19 15:10:00,488.948,0,27.11,85.52,953.48,98.8,455.457,0,27.4,81.51,957.06,104,508.048,0,26.72,89.13,951.58,90.1,,,,,,,390.338,0,28.39,73.86,963.77,147.6,,,,,,,472.31,0,27.11,82.17,954.66,103,,0,28.95,71.34,963.86,117.2
2026-07-19 15:26:12,2026-07-19 15:20:00,488.942,0,26.86,88.94,953.4,120.9,455.462,0,27.34,80.69,956.97,125,508.056,0,26.55,87.45,951.51,94.9,,,,,,,390.34,0,28.31,75.83,963.82,138.7,,,,,,,472.31,0,27.26,85.47,954.63,126.2,,0,28.8,74.19,963.83,113.1
2026-07-19 15:36:11,2026-07-19 15:30:00,488.935,0,26.9,84.07,953.33,102.9,455.462,0,27.29,82.17,956.88,122.2,508.056,0,26.55,87.62,951.51,102.2,478.16,0,26.3,89.7,954.1,108.7,390.338,0,28.25,75.67,963.75,136.9,,0,26.6,79.5,951.2,117.8,472.31,0,27.36,81.4,954.56,117.6,,0,28.97,73.66,963.75,139
2026-07-19 15:46:11,2026-07-19 15:40:00,488.935,0,26.78,86.55,953.27,91,455.462,0,27.25,83.34,956.86,108.7,508.049,0,26.17,91.43,951.42,110.9,,,,,,,390.34,0,28.24,75.88,963.72,117.7,,,,,,,472.309,0,27.41,83.96,954.49,113.9,,0,28.97,73.12,963.78,129.4
2026-07-19 15:56:12,2026-07-19 15:50:00,488.941,0,26.45,87.36,953.29,79.2,455.462,0,27.19,81.36,956.87,98.1,508.049,0,26.08,90.65,951.37,88.1,,,,,,,390.337,0,28.15,76.46,963.65,134.8,,,,,,,472.303,0,27.32,84.62,954.57,95.4,,0,28.92,73.28,963.76,134.9
2026-07-19 16:06:12,2026-07-19 16:00:00,488.948,0,26.36,84.61,953.23,77.3,455.462,0,27.17,82.09,956.85,99.4,508.049,0,25.86,92.41,951.37,99.1,478.16,0,26,89.7,954,101,390.343,0,28.18,76.4,963.65,137.2,,0,26.3,84.7,951.2,97.9,472.304,0,27.21,87.07,954.55,99.7,,0,29,74.05,963.76,131.9
2026-07-19 16:16:11,2026-07-19 16:10:00,488.923,0,26.52,85.73,953.13,89.7,455.463,0,27.33,81.75,956.73,118.9,508.049,0,26.03,91.07,951.36,102.3,,,,,,,390.336,0,28.13,76.69,963.54,125.6,,,,,,,472.31,0,27.33,85.96,954.43,130.2,,0,28.95,73.64,963.63,142
2026-07-19 16:26:12,2026-07-19 16:20:00,488.942,0,26.38,83.92,953.09,79.3,455.462,0,27.49,79.32,956.78,106.7,508.049,0,26.17,90.58,951.33,103.1,,,,,,,390.343,0,28.22,76.61,963.59,110.6,,,,,,,472.31,0,27.54,83.91,954.36,110.1,,0,28.86,74.95,963.65,124
2026-07-19 16:36:11,2026-07-19 16:30:00,488.948,0,26.27,82.82,953.18,72.4,455.462,0,27.16,79.72,956.77,86.3,508.049,0,26.13,92.22,951.34,81,478.16,0,26.1,87.9,954,75,390.345,0,28.21,76.34,963.67,107.6,,0,26.6,87.9,951.2,92.8,472.31,0,27.52,84.39,954.48,92.9,,0,28.75,73.42,963.71,113.8
2026-07-19 16:46:12,2026-07-19 16:40:00,488.937,0,26.45,84.89,953.32,55.9,455.457,0,27.05,80.25,956.92,68.8,508.05,0,25.62,91.13,951.5,60.5,,,,,,,390.341,0,28.13,75.97,963.7,92.6,,,,,,,472.303,0,27.26,87.78,954.48,81.4,,0,28.62,75.05,963.71,96.8
2026-07-19 16:56:12,2026-07-19 16:50:00,488.915,0,26.2,82.63,953.34,54.6,455.463,0,26.93,78.96,956.89,72.8,508.049,0,25.33,92.5,951.55,60.7,,,,,,,390.339,0,28.1,76.29,963.76,81.6,,,,,,,472.303,0,26.94,84.42,954.59,64.1,,0,28.61,73.33,963.79,92.3
2026-07-19 17:06:11,2026-07-19 17:00:00,488.942,0,26.07,87.42,953.34,57.1,455.462,0,26.78,79.64,956.94,73.1,508.05,0,25.02,91.35,951.58,69.4,478.16,0,25.7,90.2,954.2,69.2,390.344,0,28.04,77.36,963.79,85.5,,0,27,70.8,951.2,65.4,472.303,0,26.64,86.3,954.6,65.2,,0,28.65,74.82,963.79,92.5
2026-07-19 17:16:12,2026-07-19 17:10:00,488.942,0,26.28,85.31,953.38,62.4,455.462,0,26.67,81.88,956.99,76.6,508.05,0,25.21,90.14,951.66,61.8,,,,,,,390.343,0,28.11,76.06,963.84,89.8,,,,,,,472.309,0,26.47,87.33,954.6,58.2,,0,28.52,73.78,963.85,78.3
2026-07-19 17:36:11,2026-07-19 17:30:00,488.935,0,26.17,83.13,953.42,55,455.463,0,26.26,80.17,957.06,48.4,508.05,0,24.54,90.22,951.74,42.1,478.16,0,25.2,91.8,954.4,46.4,390.346,0,28.2,76.24,963.94,57.6,,0,26.5,76.2,951.2,62.2,472.31,0,26.43,88.33,954.73,58.9,,0,28.21,74.94,963.9,49.1
2026-07-19 17:46:11,2026-07-19 17:40:00,488.935,0,26.14,84.45,953.36,42.3,455.457,0,26.24,79.41,957,42.4,508.05,0,24.44,93.05,951.78,36.3,,,,,,,390.345,0,28.01,75.68,963.96,47.2,,,,,,,472.31,0,26.19,87.12,954.64,49.5,,0,27.88,75.8,963.91,44.6
2026-07-19 17:56:12,2026-07-19 17:50:00,488.928,0,25.63,84.79,953.4,32,455.462,0,26.11,81.24,957.01,33.8,508.05,0,24.13,93.45,951.68,30.4,,,,,,,390.344,0,27.87,75.75,963.96,38.8,,,,,,,472.31,0,25.89,85.3,954.69,36.7,,0,27.72,75.5,963.99,37.2
2026-07-19 18:16:11,2026-07-19 18:10:00,488.928,0,25.53,83.18,953.57,29.1,455.457,0,25.8,83.09,957.17,31,508.044,0,24.03,94.08,951.82,28.8,,,,,,,390.344,0,27.91,77.44,964.03,29.6,,,,,,,472.303,0,25.33,87.71,954.78,36.2,,0,27.61,76.02,964.03,34.7
2026-07-19 18:26:12,2026-07-19 18:20:00,488.928,0,25.53,82.82,953.62,28.6,455.463,0,26.23,77.38,957.15,29.6,508.043,0,24.03,94.32,951.87,23.4,,,,,,,390.345,0,27.91,77.41,964.03,25.2,,,,,,,472.303,0,25.4,88.79,954.82,32.6,,0,27.48,74.58,964.08,28.6
2026-07-19 18:36:11,2026-07-19 18:30:00,488.928,0,25.39,85.81,953.72,18.9,455.463,0,25.97,80.56,957.24,21.6,508.05,0,23.82,94.53,951.94,16.8,478.16,0,24.4,91,954.5,18.6,390.346,0,27.75,78.61,964.18,15.3,,0,25.9,74.2,951.7,19.9,472.303,0,25.24,88.7,955,21.7,,0,27.31,78.78,964.12,21.5
2026-07-19 18:46:11,2026-07-19 18:40:00,488.935,0,25.56,84.65,953.69,11.2,455.457,0,26.47,77.24,957.27,13,508.05,0,23.76,93.83,951.97,9.5,,,,,,,390.343,0,27.62,79.28,964.22,8,,,,,,,472.31,0,24.99,90.65,955.05,10.6,,0,27.07,77.1,964.18,10.4
2026-07-19 18:56:12,2026-07-19 18:50:00,488.929,0,25.02,90.44,953.85,4.3,455.463,0,27.1,77.06,957.38,5.3,508.05,0,23.64,95.32,952.03,3.2,,,,,,,390.345,0,27.37,79.74,964.33,3.6,,,,,,,472.303,0,24.59,90.44,955.1,4.6,,0,26.87,77.15,964.32,3.9
2026-07-19 19:06:11,2026-07-19 19:00:00,488.929,0,24.75,90.38,954.08,0.9,455.463,0,26.93,76.3,957.55,1.5,508.043,0,23.59,94.01,952.25,0.4,478.16,0,24.3,90.2,954.8,1.4,390.345,0,27.22,80.21,964.46,1,,0,26.2,76.2,952,0.2,472.303,0,24.42,90.46,955.31,0.7,,0,26.65,79.69,964.46,0.4
2026-07-19 19:26:11,2026-07-19 19:20:00,488.923,0,24.74,89.02,954.23,0,455.462,0,26.58,75.27,957.7,0.1,508.044,0,23.31,94.56,952.33,0,,,,,,,390.345,0,27.06,81.58,964.6,0,,,,,,,472.306,0,24.06,91.56,955.45,0,,0,26.42,79.55,964.64,0
2026-07-19 19:36:11,2026-07-19 19:30:00,488.929,0,24.49,89.78,954.26,0,455.457,0,26.4,78.3,957.79,0.1,508.044,0,23.55,94.2,952.45,0,478.16,0,24.5,87.9,954.9,0.2,390.345,0,26.9,81.58,964.63,0,505.16,0,26,68.1,952,0,472.31,0,23.91,90.83,955.51,0,,0,26.31,80.54,964.69,0
2026-07-19 19:46:15,2026-07-19 19:40:00,488.922,0,24.67,85.84,954.32,0,455.463,0,26.72,71.77,957.9,0.1,508.044,0,23.45,93.81,952.53,0,,,,,,,390.344,0,26.79,81.93,964.76,0,,,,,,,472.303,0,23.94,92.95,955.49,0,,0,26.24,81.44,964.78,0
2026-07-19 19:56:11,2026-07-19 19:50:00,488.929,0,24.23,90.7,954.5,0,455.457,0,26.7,77.48,958.04,0.1,508.051,0,23.31,93.86,952.73,0,,,,,,,390.345,0,26.78,82.31,964.87,0,,,,,,,472.303,0,23.76,90.72,955.73,0,,0,26.14,81.49,964.89,0
2026-07-19 20:06:12,2026-07-19 20:00:00,488.929,0,24.39,90.44,954.51,0,455.457,0,26.44,73.75,958.05,0.1,508.043,0,23.35,94.07,952.74,0,478.16,0,24.3,88.4,955.2,0.2,390.346,0,26.67,81.34,964.9,0,,0,24.4,86.9,952.4,0,472.303,0,23.69,92.17,955.76,0,,0,26.06,80.99,964.95,0
2026-07-19 20:16:12,2026-07-19 20:10:00,488.923,0,24.2,91.7,954.55,0,455.463,0,26.59,74.86,958.08,0.1,508.051,0,23.45,94.27,952.73,0,,,,,,,390.346,0,26.62,82.01,965.01,0,,,,,,,472.303,0,23.63,90.62,955.81,0,,0,25.85,81.93,964.97,0
2026-07-19 20:26:11,2026-07-19 20:20:00,488.923,0,23.94,91.36,954.58,0,455.463,0,26.26,71.43,958.16,0.1,508.051,0,23.42,91.52,952.84,0,,,,,,,390.347,0,26.55,81.77,965.1,0,,,,,,,472.303,0,23.58,90.99,955.91,0,,0,25.83,82,965.1,0
2026-07-19 20:36:11,2026-07-19 20:30:00,488.923,0,24.73,78.47,954.68,0,455.457,0,26.32,72.83,958.27,0.1,508.05,0,23.48,90.68,952.83,0,478.16,0,24.1,88.6,955.4,0.2,390.347,0,26.49,84.33,965.25,0,,0,24.9,84.7,952.7,0,472.303,0,23.63,91.43,956.06,0,,0,25.79,81.55,965.18,0
2026-07-19 20:46:11,2026-07-19 20:40:00,488.922,0,25.28,71.36,954.93,0,455.463,0,26.23,67.66,958.42,0.1,508.044,0,23.29,91.63,952.94,0,,,,,,,390.348,0,26.51,84.31,965.35,0,,,,,,,472.303,0,23.72,92.16,956.2,0,,0,25.79,83.53,965.43,0
2026-07-19 20:56:12,2026-07-19 20:50:00,488.922,0,25.25,71.17,954.97,0,455.457,0,26.24,73.36,958.47,0.1,508.05,0,23.52,85.42,953.06,0,,,,,,,390.346,0,26.35,83.8,965.36,0,,,,,,,472.303,0,23.48,92.58,956.21,0,,0,25.78,83,965.47,0
2026-07-19 21:06:11,2026-07-19 21:00:00,488.923,0,25.65,68.39,954.95,0,455.457,0,26.45,73.78,958.47,0.1,508.044,0,23.18,90.56,953.08,0,478.16,0,23.9,86.4,955.6,0.2,390.347,0,26.21,83.87,965.47,0,,0,24.5,87.3,952.9,0,472.303,0,23.48,93.19,956.18,0,,0,25.66,83.99,965.45,0
2026-07-19 21:16:11,2026-07-19 21:10:00,488.935,0,24.75,84.11,955.03,0,455.457,0,26.21,72.79,958.59,0.1,508.044,0,23.17,92,953.14,0,,,,,,,390.346,0,26.07,81.91,965.49,0,,,,,,,472.303,0,23.48,92.35,956.32,0,,0,25.64,83.49,965.55,0
2026-07-19 21:36:12,2026-07-19 21:30:00,488.915,0,23.92,84.89,955.18,0,455.457,0,26.05,70.53,958.7,0.1,508.05,0,22.83,89.93,953.35,0,478.16,0,23.8,88.4,955.9,0.2,390.348,0,26.21,79.43,965.62,0,,0,24.2,86,952.9,0,472.303,0,23.37,93.11,956.52,0,,0,25.65,83.43,965.71,0
2026-07-19 21:46:12,2026-07-19 21:40:00,488.92,0,23.64,81.56,955.23,0,455.457,0,25.39,80.31,958.74,0.1,508.051,0,23.03,91.24,953.54,0,,,,,,,390.347,0,26.1,78.55,965.7,0,,,,,,,472.31,0,23.07,93.51,956.45,0,,0,25.44,83.92,965.84,0
2026-07-19 21:56:12,2026-07-19 21:50:00,488.942,0,23.74,88.5,955.37,0,455.457,0,25.15,75.99,958.92,0.2,508.051,0,22.77,91.5,953.7,0,,,,,,,390.347,0,26.08,77.63,965.91,0,,,,,,,472.303,0,23.25,93.7,956.61,0,,0,25.34,85.72,966.02,0
2026-07-19 22:06:11,2026-07-19 22:00:00,488.91,0,23.71,82.53,955.47,0,455.463,0,25.32,77.47,959.06,0.2,508.05,0,22.8,92.81,953.75,0,478.16,0,23.3,88.3,956.3,0.2,390.346,0,26.01,77.46,965.9,0,,0,25,77.9,953.2,0,472.303,0,23.29,92.22,956.77,0,,0,25.32,85.75,966.14,0
2026-07-19 22:16:12,2026-07-19 22:10:00,488.923,0,24.33,85.18,955.47,0,455.463,0,25.72,77.54,959.02,0.1,508.051,0,22.53,91.42,953.74,0,,,,,,,390.347,0,25.83,79.1,965.97,0,,,,,,,472.303,0,23.23,93.17,956.72,0,,0,25.24,84.99,966.07,0
2026-07-19 22:26:12,2026-07-19 22:20:00,488.923,0,24.01,83.29,955.39,0,455.463,0,26.01,78.6,958.98,0.2,508.044,0,22.5,91.83,953.73,0,,,,,,,390.348,0,25.82,80.42,965.9,0,,,,,,,472.303,0,23.07,94.13,956.65,0,,0,25.31,84.76,966.07,0
2026-07-19 22:36:12,2026-07-19 22:30:00,488.923,0,23.58,88.62,955.36,0,455.457,0,25.01,75.15,958.97,0.2,508.044,0,22.39,93.5,953.62,0,478.16,0,23.2,87.3,956.2,0.2,390.348,0,25.79,78.19,965.95,0,,0,24.2,83.9,953.2,0,472.303,0,22.97,93.66,956.73,0,,0,25.24,85.76,966.03,0
2026-07-19 22:46:12,2026-07-19 22:40:00,488.916,0,23.51,88.81,955.36,0,455.457,0,24.33,80.7,958.88,0.1,508.05,0,22.36,93.32,953.62,0,,,,,,,390.348,0,25.75,78.62,965.93,0,,,,,,,472.304,0,22.91,92.74,956.74,0,,0,25.18,84.83,966.08,0
2026-07-19 22:56:11,2026-07-19 22:50:00,488.916,0,23.56,84.35,955.34,0,455.457,0,24.39,77.36,958.98,0.1,508.051,0,22.22,94.41,953.52,0,,,,,,,390.347,0,25.48,81.81,965.87,0,,,,,,,472.303,0,22.94,94.31,956.62,0,,0,25.07,85.54,966.07,0
2026-07-19 23:06:11,2026-07-19 23:00:00,488.921,0,23.17,88.25,955.27,0,455.457,0,24.1,80.79,958.84,0.2,508.051,0,22.31,94.52,953.53,0,478.16,0,23.3,88.5,956,0.2,390.347,0,25.41,83.2,965.77,0,,0,24,87,953.2,0,472.303,0,23,91.69,956.5,0,,0,25.03,87.56,965.94,0
2026-07-19 23:16:12,2026-07-19 23:10:00,488.909,0,23.53,85.64,955.26,0,455.457,0,23.99,83.79,958.82,0.1,508.051,0,22.31,93.6,953.44,0,,,,,,,390.346,0,25.28,83.05,965.71,0,,,,,,,472.303,0,23.01,93.28,956.48,0,,0,24.96,87.27,965.91,0
2026-07-19 23:26:12,2026-07-19 23:20:00,488.923,0,23.29,87.79,955.15,0,455.457,0,23.76,84.59,958.7,0.2,508.051,0,22.45,92.63,953.35,0,,,,,,,390.348,0,25.28,83.14,965.64,0,,,,,,,472.303,0,23.11,92.7,956.46,0,,0,24.93,87.93,965.84,0
2026-07-19 23:36:11,2026-07-19 23:30:00,488.916,0,23.24,91.14,955.06,0,455.457,0,23.47,84.55,958.67,0.1,508.051,0,22.5,92.51,953.24,0,478.16,0,22.7,88.2,955.9,0.2,390.35,0,25.25,84.98,965.51,0,,0,23.6,90.6,952.9,0,472.303,0,23.19,92.63,956.36,0,,0,24.86,87.77,965.7,0
2026-07-19 23:46:11,2026-07-19 23:40:00,488.916,0,23.44,87.14,954.93,0,455.457,0,23.62,85.91,958.5,0.2,508.044,0,22.42,93.13,953.11,0,,,,,,,390.347,0,25.13,86.7,965.25,0,,,,,,,472.303,0,22.98,92.8,956.16,0,,0,24.85,88.17,965.48,0
2026-07-19 23:56:12,2026-07-19 23:50:00,488.916,0,23.44,82.74,954.74,0,455.457,0,23.27,85.44,958.28,0.2,508.051,0,22.63,91.57,952.97,0,,,,,,,390.347,0,25.15,87.28,965.16,0,,,,,,,472.31,0,22.95,92.93,956.01,0,,0,24.76,87.44,965.31,0
2026-07-20 00:06:12,2026-07-20 00:00:00,488.916,0,23.1,87.79,954.62,0,455.457,0,23.27,86.8,958.17,0.1,508.051,0,22.52,91.47,952.81,0,478.16,0,22.7,90.6,955.4,0.2,390.347,0,25.17,87.52,965.16,0,,0,23.6,90.4,952.6,0,472.303,0,22.93,93.77,955.9,0,,0,24.75,88.01,965.24,0
2026-07-20 00:16:12,2026-07-20 00:10:00,488.91,0,23.09,89.96,954.5,0,455.457,0,23.29,86.52,958.05,0.1,508.051,0,22.32,92.91,952.75,0,,,,,,,390.346,0,25.11,88.62,964.97,0,,,,,,,472.303,0,22.74,92.88,955.85,0,,0,24.69,87.05,965.22,0
2026-07-20 00:26:12,2026-07-20 00:20:00,488.916,0,23.02,89.4,954.36,0,455.457,0,23.14,85.49,957.96,0.2,508.051,0,22.12,94.31,952.69,0,,,,,,,390.348,0,25.04,88.74,964.85,0,,,,,,,472.304,0,22.89,92.96,955.76,0,,0,24.65,86.96,964.99,0
2026-07-20 00:36:11,2026-07-20 00:30:00,488.91,0,23.03,90.37,954.31,0,455.457,0,23.06,86.36,957.92,0.1,508.051,0,22.13,93.88,952.61,0,478.16,0,23,89.4,955.1,0.2,390.347,0,25.04,89.99,964.89,0,,0,23.1,93.7,952.4,0,472.303,0,22.91,92.74,955.71,0,,0,24.56,86.2,965.14,0
2026-07-20 00:46:13,2026-07-20 00:40:00,488.91,0,23.19,89.25,954.31,0,455.463,0,23.01,85.73,957.91,0.2,508.044,0,22.06,93.91,952.58,0,,,,,,,390.35,0,25.03,88.83,964.85,0,,,,,,,472.303,0,22.87,93.18,955.6,0,,0,24.5,88.01,965.03,0
2026-07-20 00:56:12,2026-07-20 00:50:00,488.916,0,23.26,89.53,954.27,0,455.457,0,23.06,84.04,957.83,0.1,508.044,0,21.95,93.45,952.53,0,,,,,,,390.347,0,25,88.18,964.81,0,,,,,,,472.303,0,22.87,92.32,955.62,0,,0,24.5,87.44,965,0
2026-07-20 01:16:14,2026-07-20 01:10:00,488.916,0,23.29,84.96,954.09,0,455.457,0,22.86,87.23,957.72,0.1,508.051,0,21.8,93.85,952.38,0,,,,,,,390.351,0,24.86,89.38,964.63,0,,,,,,,472.304,0,22.75,92.79,955.47,0,,0,24.5,86.77,964.79,0
2026-07-20 01:26:12,2026-07-20 01:20:00,488.91,0,23.03,87.42,954.05,0,455.457,0,22.77,86.14,957.67,0.1,508.044,0,21.6,94.61,952.29,0,,,,,,,390.345,0,24.8,88.36,964.57,0,,,,,,,472.303,0,22.74,93.33,955.36,0,,0,24.45,86.28,964.78,0
2026-07-20 01:36:11,2026-07-20 01:30:00,488.91,0,22.86,87.5,954.01,0,455.457,0,22.89,86.75,957.59,0.1,508.051,0,21.81,95.26,952.21,0,478.15,0,22.5,87.9,954.7,0.2,390.348,0,24.76,89.9,964.49,0,,0,22.8,92.1,952,0,472.303,0,22.8,92.81,955.33,0,,0,24.45,85.62,964.67,0
2026-07-20 01:46:13,2026-07-20 01:40:00,488.91,0,22.8,90.7,953.96,0,455.457,0,22.87,88.4,957.52,0.1,508.044,0,21.74,94.42,952.12,0,,,,,,,390.346,0,24.65,90.56,964.43,0,,,,,,,472.303,0,22.59,91.66,955.26,0,,0,24.42,87.01,964.57,0
2026-07-20 01:56:12,2026-07-20 01:50:00,488.909,0,22.96,92.2,953.91,0,455.457,0,22.93,88.13,957.52,0.1,508.044,0,21.61,95.39,952.08,0,,,,,,,390.346,0,24.59,90.76,964.33,0,,,,,,,472.303,0,22.7,92.38,955.24,0,,0,24.32,87.01,964.55,0
2026-07-20 02:06:11,2026-07-20 02:00:00,488.903,0,22.78,90.76,953.79,0,455.457,0,23.08,85.99,957.44,0.1,508.044,0,21.65,95.43,952.05,0,478.15,0,22.5,91,954.6,0.2,390.35,0,24.63,89.48,964.38,0,,0,22.7,93.8,951.8,0,472.303,0,22.67,92.48,955.15,0,,0,24.23,86.88,964.55,0
2026-07-20 02:16:12,2026-07-20 02:10:00,488.91,0,22.96,91.5,953.8,0,455.457,0,22.96,86.27,957.44,0.1,508.044,0,21.78,94.76,952.04,0,,,,,,,390.345,0,24.56,89.78,964.34,0,,,,,,,472.303,0,22.54,92.95,955.19,0,,0,24.13,87.26,964.61,0
2026-07-20 02:26:12,2026-07-20 02:20:00,488.916,0,23.09,91.49,953.86,0,455.463,0,22.91,86.53,957.5,0.1,508.051,0,21.72,93.69,952.07,0,,,,,,,390.348,0,24.55,90.19,964.39,0,,,,,,,472.303,0,22.57,93.14,955.23,0,,0,24.08,88.35,964.62,0
2026-07-20 02:36:11,2026-07-20 02:30:00,488.916,0,22.82,91.76,953.85,0,455.457,0,22.97,86.46,957.44,0.1,508.044,0,21.78,94.34,952.02,0,478.15,0,22.4,89.8,954.6,0.2,390.352,0,24.54,87.59,964.33,0,,0,22.5,94.1,951.9,0,472.303,0,22.47,93.3,955.16,0,,0,23.93,86.73,964.52,0
2026-07-20 02:46:11,2026-07-20 02:40:00,488.91,0,22.86,90.96,953.82,0,455.463,0,22.97,86.73,957.41,0.1,508.044,0,21.75,94.61,952.01,0,,,,,,,390.35,0,24.55,90.41,964.34,0,,,,,,,472.303,0,22.52,92.96,955.1,0,,0,23.87,87.13,964.59,0
2026-07-20 02:56:12,2026-07-20 02:50:00,488.91,0,22.71,89.85,953.82,0,455.457,0,23.04,86.34,957.47,0.1,508.044,0,21.77,95.22,951.98,0,,,,,,,390.353,0,24.47,90.74,964.36,0,,,,,,,472.303,0,22.38,93.3,955.12,0,,0,23.84,88.65,964.57,0
2026-07-20 03:06:11,2026-07-20 03:00:00,488.91,0,22.8,88.51,953.77,0,455.464,0,22.7,88.06,957.39,0.1,508.051,0,22.11,92.24,951.95,0,478.15,0,22.4,90.1,954.6,0.2,390.35,0,24.42,91.06,964.4,0,,0,22.4,92.1,951.9,0,472.303,0,22.31,94.65,955.13,0,,0,23.66,87.17,964.61,0
2026-07-20 03:16:13,2026-07-20 03:10:00,488.91,0,22.93,91.38,953.81,0,455.457,0,22.39,88.55,957.53,0.1,508.051,0,22.26,91.85,952.02,0,,,,,,,390.348,0,24.35,91.61,964.4,0,,,,,,,472.303,0,22.2,93.7,955.13,0,,0,23.7,88.37,964.54,0
2026-07-20 03:26:11,2026-07-20 03:20:00,488.903,0,22.62,91.04,953.95,0,455.458,0,22.55,89.1,957.62,0.1,508.044,0,22.29,91.63,952.08,0,,,,,,,390.352,0,24.3,91.32,964.43,0,,,,,,,472.303,0,22.15,92.81,955.27,0,,0,23.63,88.42,964.64,0
2026-07-20 03:36:11,2026-07-20 03:30:00,488.91,0,22.59,92.16,953.99,0,455.457,0,22.66,87.73,957.65,0.1,508.051,0,22.68,89.84,952.17,0,478.15,0,22.8,90.2,954.6,0.2,390.351,0,24.17,91.46,964.58,0,,0,22.3,91.3,952,0,472.303,0,22.16,93.88,955.37,0,,0,23.61,89.35,964.81,0
2026-07-20 03:46:12,2026-07-20 03:40:00,488.91,0,22.58,93.17,954.01,0,455.457,0,22.5,88.7,957.73,0.1,508.051,0,22.38,90.32,952.22,0,,,,,,,390.35,0,24.17,92.52,964.64,0,,,,,,,472.303,0,22.11,94.64,955.37,0,,0,23.51,89.45,964.8,0
2026-07-20 03:56:12,2026-07-20 03:50:00,488.903,0,22.27,94.16,954.09,0,455.457,0,22.49,89.06,957.78,0.1,508.051,0,22.02,93.14,952.27,0,,,,,,,390.351,0,24.11,92.24,964.73,0,,,,,,,472.303,0,21.95,94.25,955.43,0,,0,23.51,90.02,964.93,0
2026-07-20 04:16:12,2026-07-20 04:10:00,488.903,0,22.41,93.91,954.17,0,455.457,0,22.34,89.41,957.83,0.2,508.051,0,21.96,94.01,952.32,0,,,,,,,390.351,0,23.97,92.2,964.74,0,,,,,,,472.303,0,21.77,94.58,955.52,0,,0,23.42,90.12,964.95,0
2026-07-20 04:26:12,2026-07-20 04:20:00,488.91,0,22.43,93.08,954.13,0,455.457,0,22.35,90.14,957.86,0.1,508.051,0,22.22,92.14,952.35,0,,,,,,,390.351,0,23.8,91.23,964.81,0,,,,,,,472.303,0,21.71,94.79,955.55,0,,0,23.41,90.92,965.01,0
2026-07-20 04:36:11,2026-07-20 04:30:00,488.91,0,22.52,93.05,954.21,0,455.457,0,22.22,90.23,957.89,0.1,508.044,0,21.91,94.22,952.36,0,478.15,0,22.1,91.3,955,0.2,390.354,0,23.7,92.94,964.85,0,,0,21.8,96.9,952.2,0,472.303,0,21.77,95.23,955.55,0,,0,23.41,91.62,965.02,0
2026-07-20 04:46:11,2026-07-20 04:40:00,488.903,0,22.36,93.73,954.19,0,455.457,0,22.13,90.34,957.85,0.1,508.051,0,21.85,95.21,952.35,0,,,,,,,390.351,0,23.65,93.89,964.82,0,,,,,,,472.303,0,21.65,95.17,955.51,0,,0,23.51,92.52,964.9,0
2026-07-20 04:56:12,2026-07-20 04:50:00,488.91,0,22.34,96,954.14,0,455.457,0,22.11,90.55,957.81,0.1,508.051,0,21.89,95.26,952.31,0,,,,,,,390.347,0.2,23.52,94.09,964.75,0,,,,,,,472.304,0,21.54,94.88,955.44,0,,0,23.4,92.16,964.95,0
2026-07-20 05:06:11,2026-07-20 05:00:00,488.903,0,22.24,94.46,954.14,0,455.457,0,22.09,91.39,957.8,0.1,508.051,0,21.78,94.63,952.26,0,478.15,0,22.2,93,954.9,0.2,390.345,0.2,23.38,94.57,964.75,0,,0,21.6,96.7,952,0,472.297,0,21.62,95.94,955.5,0,,0,23.4,92.33,964.96,0
2026-07-20 05:16:11,2026-07-20 05:10:00,488.903,0,22.31,95.51,954.13,0,455.457,0,21.99,91.33,957.82,0.1,508.044,0,21.81,95.42,952.28,0,,,,,,,390.35,0.2,23.31,94.9,964.79,0,,,,,,,472.303,0,21.58,95.67,955.44,0,,0,23.32,91.93,964.97,0
2026-07-20 05:26:11,2026-07-20 05:20:00,488.903,0,21.96,96.49,954.16,0,455.457,0,21.95,91.72,957.91,0.1,508.044,0,21.69,94.91,952.37,0,,,,,,,390.352,0.2,23.38,95.2,964.86,0,,,,,,,472.303,0,21.54,95.54,955.56,0,,0,23.31,92.13,965.01,0
2026-07-20 05:36:11,2026-07-20 05:30:00,488.903,0,21.85,96.59,954.24,0,455.457,0,21.91,92.19,957.95,0.1,508.044,0,21.61,96.08,952.33,0,478.15,0,22.1,93.4,955,0.2,390.351,0.2,23.34,95.05,964.85,0,,0,21.7,96.6,952.3,0,472.297,0,21.67,96.11,955.62,0,,0,23.22,91.5,965.08,0
2026-07-20 05:46:13,2026-07-20 05:40:00,488.91,0,21.89,96.73,954.28,0,455.457,0,21.87,92.4,957.94,0.1,508.044,0,21.77,96.53,952.36,0,,,,,,,390.353,0.2,23.34,95.14,964.89,0,,,,,,,472.303,0,21.64,96.08,955.64,0,,0,23.14,91.86,965.08,0
2026-07-20 05:56:12,2026-07-20 05:50:00,488.903,0,22,96.85,954.32,0.1,455.457,0,21.81,92.2,957.98,0.6,508.044,0,21.61,97.05,952.42,0.1,,,,,,,390.351,0.2,23.31,95.16,964.94,0.3,,,,,,,472.303,0,21.67,96.06,955.67,0,,0,23.1,92.02,965.11,0
2026-07-20 06:06:11,2026-07-20 06:00:00,488.903,0,22.1,95.93,954.37,0.6,455.457,0,21.91,92.4,958.13,1.1,508.044,0,21.51,96.39,952.57,0.6,478.15,0,22.1,94,955.2,1.3,390.35,0.2,23.37,95.19,965.01,0.6,,0,21.6,97.5,952.4,0,472.303,0,21.74,96.22,955.75,0,,0,23.11,92.19,965.18,0
2026-07-20 06:16:11,2026-07-20 06:10:00,488.903,0,22.09,95.19,954.49,2.3,455.457,0,21.99,92.79,958.18,3.1,508.044,0,21.47,96.85,952.65,2.1,,,,,,,390.353,0,23.33,95.21,965.02,2,,,,,,,472.303,0,21.68,96.07,955.76,1.7,,0,23.18,92.26,965.29,1.4
2026-07-20 06:26:12,2026-07-20 06:20:00,488.903,0,22.13,96.38,954.5,5.4,455.457,0,21.99,92.83,958.2,6.5,508.044,0,21.43,97.61,952.7,4.7,,,,,,,390.352,0,23.38,95.43,965.19,4.1,,,,,,,472.297,0.2,21.65,95.97,955.85,4.7,,0,23.24,92.58,965.35,3.9
2026-07-20 06:36:11,2026-07-20 06:30:00,488.91,0,22.17,95.97,954.51,10.7,455.457,0,22.02,92.96,958.24,11.8,508.044,0,21.43,97.73,952.74,9.6,478.15,0,22.1,94.1,955.3,11.3,390.352,0.2,23.4,95.59,965.2,7.1,,0.2,21.4,98,952.5,9.9,472.297,0.2,21.61,95.91,955.86,10,,0.2,23.27,92.89,965.45,7.9
2026-07-20 06:46:12,2026-07-20 06:40:00,488.903,0,22.21,96.81,954.56,18,455.457,0,22.13,93.13,958.31,20.5,508.044,0,21.61,97.77,952.8,17.7,,,,,,,390.348,0.2,23.35,95.55,965.28,11.1,,,,,,,472.303,0.2,21.64,95.99,955.88,16.7,,0.4,23.35,93.12,965.36,13.6
2026-07-20 06:56:12,2026-07-20 06:50:00,488.903,0,22.3,96.3,954.69,26.7,455.463,0,22.23,93.2,958.38,29.1,508.044,0,21.72,97.1,952.91,25.1,,,,,,,390.352,0.2,23.4,95.67,965.32,16.4,,,,,,,472.297,0.2,21.73,95.9,955.99,23.6,,0.4,23.41,93.16,965.55,21.3
2026-07-20 07:16:11,2026-07-20 07:10:00,488.903,0,22.4,96.79,954.82,40.2,455.457,0,22.64,93.25,958.55,44.6,508.044,0,21.82,96.94,953.03,43.5,,,,,,,390.35,0,23.51,95.39,965.51,30.8,,,,,,,472.303,0,22.09,95.63,956.2,43,,0,23.54,92.8,965.67,35.9
2026-07-20 07:26:11,2026-07-20 07:20:00,488.91,0,22.56,96.74,954.85,50.1,455.457,0,22.87,93.11,958.55,53.2,508.044,0,22.16,96.88,952.99,51.4,,,,,,,390.352,0,23.62,95.15,965.53,41.6,,,,,,,472.297,0,22.32,95.44,956.16,53.6,,0,23.65,92.54,965.72,46.6
2026-07-20 07:46:13,2026-07-20 07:40:00,488.91,0,23.62,85.24,954.91,107.5,455.457,0,23.45,92.27,958.69,112.1,508.044,0,22.43,94.85,953.11,73.5,,,,,,,390.35,0,23.93,94.26,965.64,71.6,,,,,,,472.297,0,23.21,94.18,956.32,118,,0,24.28,91.97,965.82,90.2
2026-07-20 07:56:11,2026-07-20 07:50:00,488.909,0,24.37,81.99,954.99,141.2,455.457,0,23.75,91.2,958.7,152.5,508.044,0,22.86,94.73,953.24,102.9,,,,,,,390.351,0,24.24,94.06,965.7,86.7,,,,,,,472.297,0,23.91,93.75,956.33,138,,0,24.75,89.9,965.92,128
2026-07-20 08:06:11,2026-07-20 08:00:00,488.91,0,24.91,90.93,955.04,173.6,455.457,0,24.31,90.06,958.78,193.2,508.044,0,23.17,92.7,953.23,138.7,478.15,0,23.7,93.8,955.8,164.2,390.35,0,24.51,92.92,965.72,107.7,,0,23.9,94.3,953.1,164.9,472.297,0,24.51,91.49,956.42,168,,0,25.04,88.31,966,157.7
2026-07-20 08:16:11,2026-07-20 08:10:00,488.909,0,24.8,90.95,955.13,194.9,455.457,0,24.92,89.2,958.86,224.9,508.044,0,23.7,91.7,953.31,218,,,,,,,390.348,0,24.79,92.84,965.85,108.2,,,,,,,472.303,0,24.78,88.72,956.49,191.2,,0,25.65,84.82,966.1,166.2
2026-07-20 08:26:12,2026-07-20 08:20:00,488.915,0,25.4,90.6,955.18,231,455.457,0,25.35,88.53,958.92,248.4,508.043,0,23.95,90,953.45,199.2,,,,,,,390.347,0,24.89,91.63,965.94,117,,,,,,,472.303,0,25.1,89.38,956.52,172.2,,0,25.69,85.94,966.14,146.5
2026-07-20 08:36:12,2026-07-20 08:30:00,488.915,0,25.83,87.72,955.37,220.5,455.457,0,25.69,85.81,959.07,273.4,508.043,0,24.57,88.03,953.48,190.2,478.14,0,25,89.7,956,214,390.341,0,24.94,91.67,966.02,141.2,,0,24.4,91.3,953.3,188.2,472.303,0,25.26,88.83,956.61,178.1,,0,25.68,84.71,966.22,158.6
2026-07-20 08:46:12,2026-07-20 08:40:00,488.915,0,25.76,87.95,955.44,222.2,455.457,0,26.01,84.31,959.12,265.1,508.043,0,25.12,89.05,953.57,230,,,,,,,390.345,0,25.09,90.93,966.12,153,,,,,,,472.304,0,25.47,91.01,956.73,211.8,,0,26.16,84.4,966.26,175
2026-07-20 08:56:11,2026-07-20 08:50:00,488.915,0,25.94,87.12,955.53,245.8,455.457,0,26.48,84.92,959.17,274.6,508.05,0,26.11,86.05,953.6,239.7,,,,,,,390.344,0,25.31,90.02,966.11,177.3,,,,,,,472.303,0,26,87.08,956.78,256.4,,0,26.24,81.8,966.34,186.5
2026-07-20 09:06:11,2026-07-20 09:00:00,488.922,0,26.55,86.55,955.59,262.6,455.457,0,26.92,83.51,959.28,275.4,508.049,0,26.52,84.3,953.67,216.8,478.14,0,25.5,88.7,956.3,243.1,390.346,0,25.62,88.44,966.17,189.1,,0,25.1,90.3,953.6,272.3,472.304,0,26.15,86.11,956.91,259.8,,0,26.62,82.77,966.39,218.9
2026-07-20 09:16:11,2026-07-20 09:10:00,488.915,0,26.59,84.83,955.68,284.9,455.457,0,26.85,83,959.35,282.7,508.049,0,26.01,84.11,953.69,263.9,,,,,,,390.346,0,25.8,88,966.25,201.1,,,,,,,472.31,0,26.51,85.11,956.91,278.2,,0,26.75,80.33,966.48,225.4
2026-07-20 09:26:12,2026-07-20 09:20:00,488.915,0,26.79,82.75,955.8,308.1,455.457,0,27.05,84.66,959.42,356.1,508.056,0,26.86,81.79,953.84,315.9,,,,,,,390.34,0,26.03,84.8,966.29,199.2,,,,,,,472.317,0,26.56,84.71,957.06,206.2,,0,26.71,81.68,966.55,226.9
2026-07-20 09:36:12,2026-07-20 09:30:00,488.915,0,27.38,84.49,955.73,231.9,455.457,0,27.25,82.11,959.44,297.1,508.055,0,27.47,80.06,953.83,357.5,478.14,0,26.4,85.7,956.4,376.6,390.34,0,26.17,85.26,966.3,206.5,,0,25.7,88,953.7,199.7,472.31,0,26.16,84.1,957.07,200.6,,0,27.04,79.29,966.52,222.8
2026-07-20 09:46:11,2026-07-20 09:40:00,488.915,0,27.14,83.49,955.68,205.2,455.456,0,27.02,80.32,959.42,246.7,508.056,0,27.7,78.07,953.86,328.7,,,,,,,390.345,0,26.51,84.36,966.27,228.9,,,,,,,472.317,0,26.47,86.9,957.07,239.8,,0,27.48,81.23,966.56,260
2026-07-20 09:56:13,2026-07-20 09:50:00,488.915,0,26.94,84.7,955.79,212.9,455.457,0,27.19,81.7,959.46,267.1,508.055,0,27.4,82.57,953.87,268.4,,,,,,,390.345,0,26.74,83.39,966.29,255.8,,,,,,,472.31,0,27.01,85.78,957.1,278.3,,0,27.33,77.03,966.67,297.6
2026-07-20 10:06:11,2026-07-20 10:00:00,488.915,0,27.2,83.07,955.77,238.3,455.456,0,27.34,80.39,959.48,300.2,508.055,0,27.63,79.32,953.86,318.9,478.14,0,26.6,86.6,956.5,328.1,390.345,0,27.03,81.28,966.42,268,,0,26.3,85.5,953.8,202.2,472.317,0,26.68,85.39,957.14,211.9,,0,27.92,76.67,966.59,297.3
2026-07-20 10:16:11,2026-07-20 10:10:00,488.909,0,26.96,85.14,955.83,233.2,455.456,0,27.71,81.24,959.46,288.1,508.055,0,28.05,79.39,953.83,366.5,,,,,,,390.346,0,27.18,81.77,966.36,229,,,,,,,472.31,0,26.68,83.62,957.13,212.8,,0,28.54,76.04,966.56,296.1
2026-07-20 10:26:11,2026-07-20 10:20:00,488.915,0,27.02,83.93,955.79,230.6,455.456,0,27.68,80.53,959.46,275.7,508.055,0,28.38,79.35,953.8,403.1,,,,,,,390.345,0,27.31,81.42,966.3,256.6,,,,,,,472.31,0,26.8,83.28,957.16,227,,0,28.18,74.57,966.59,248.1
2026-07-20 10:36:11,2026-07-20 10:30:00,488.915,0,27.23,84.35,955.77,228.4,455.456,0,27.37,81.75,959.42,266.8,508.061,0,28.75,76.84,953.72,443.3,478.14,0,27.3,84.3,956.4,320.1,390.344,0,27.6,81.05,966.27,324,,0,26,89.3,953.8,256.6,472.317,0,26.73,83.58,957.11,252.1,,0,27.55,78.53,966.5,265
2026-07-20 10:46:12,2026-07-20 10:40:00,488.915,0,27.27,84.49,955.75,238.8,455.456,0,27.03,80.56,959.42,269.8,508.061,0,28.79,79.28,953.72,263,,,,,,,390.344,0,27.93,79.22,966.22,409.4,,,,,,,472.317,0,27.18,82.64,957.12,270.9,,0,28.09,76.45,966.45,318.5
2026-07-20 10:56:11,2026-07-20 10:50:00,488.915,0,27.34,83.14,955.72,280.3,455.456,0,27.49,82.04,959.37,309.2,508.061,0,27.67,84.02,953.81,238,,,,,,,390.343,0,28.08,77.64,966.24,451.6,,,,,,,472.317,0,27.77,83.43,957.08,338.9,,0,28.52,76.9,966.43,433.3
2026-07-20 11:06:11,2026-07-20 11:00:00,488.915,0,27.84,83.63,955.7,409.7,455.456,0,28.31,77.76,959.36,389.4,508.061,0,27.22,82.9,953.76,297.1,478.14,0,26.7,89.1,956.4,328.7,390.337,0,27.77,78.62,966.24,310.4,,0,27.6,80.8,953.7,319.6,472.317,0,28.65,79.64,956.98,322.5,,0,28.1,76.51,966.45,356.1
2026-07-20 11:16:11,2026-07-20 11:10:00,488.915,0,28.33,79.44,955.63,345.9,455.457,0,28.82,78.76,959.3,378.1,508.061,0,27.7,82.62,953.74,418.4,,,,,,,390.345,0,27.9,77.78,966.22,226.9,,,,,,,472.317,0,28.42,79.15,956.97,318.5,,0,28.48,74.59,966.42,346.1
2026-07-20 11:26:12,2026-07-20 11:20:00,488.915,0,28.75,79.98,955.63,358.4,455.456,0,29.16,76,959.29,377.3,508.055,0,28.92,83.33,953.7,545.1,,,,,,,390.334,0,26.87,80.83,966.14,195.7,,,,,,,472.317,0,28.44,79.45,956.96,279.3,,0,28.52,74.54,966.34,320.3
2026-07-20 11:36:11,2026-07-20 11:30:00,488.922,0,29.26,80.24,955.59,346.3,455.456,0,29.31,76.28,959.21,366.1,508.061,0,29.2,77.15,953.69,472.6,478.14,0,28.5,85.2,956.4,417.7,390.336,0,26.86,80.85,966.11,180.4,,0,27.6,81.3,953.6,285,472.31,0,28.07,81,956.93,263.6,,0,28.35,76.84,966.31,234.3
2026-07-20 11:46:12,2026-07-20 11:40:00,488.915,0,29.05,80.08,955.58,299.6,455.456,0,29.24,77.01,959.21,344,508.061,0,29.19,77.23,953.64,387.1,,,,,,,390.34,0,27.03,81.35,966.09,175.8,,,,,,,472.317,0,27.98,81.57,956.87,246.1,,0,27.78,78.26,966.28,212.2
2026-07-20 11:56:11,2026-07-20 11:50:00,488.909,0,28.5,82.14,955.57,201.6,455.456,0,28.92,77.19,959.18,237.1,508.061,0,28.48,78.77,953.64,241.6,,,,,,,390.343,0,27.28,80.27,966.1,164.6,,,,,,,472.317,0,27.98,81.61,956.89,210.8,,0,27.75,78.19,966.27,178.5
2026-07-20 12:06:12,2026-07-20 12:00:00,488.909,0,27.55,83.62,955.49,165.3,455.456,0,28.22,79.81,959.16,189,508.068,0,27.88,83.05,953.58,197.9,478.14,0,27.4,85.5,956.3,207.1,390.344,0,27.55,80.67,966.07,141.1,,0,26.7,84.2,953.5,165.9,472.317,0,27.11,84.75,956.9,155.1,,0,27.44,78.54,966.18,147.3
2026-07-20 12:16:11,2026-07-20 12:10:00,488.908,0,27.33,84.46,955.54,169.2,455.456,0,27.98,81.74,959.11,177.5,508.061,0,27.23,83.41,953.54,180.3,,,,,,,390.345,0,27.79,80.68,965.98,118.7,,,,,,,472.317,0,27.02,86.11,956.8,153.9,,0,27.42,77.51,966.18,137.1
2026-07-20 12:26:12,2026-07-20 12:20:00,488.909,0,27.59,84.35,955.45,176.7,455.457,0,28.08,79.81,959.09,186,508.061,0,27.66,83.73,953.52,202.2,,,,,,,390.344,0,27.8,80.96,965.9,134,,,,,,,472.317,0,27.11,84.43,956.78,170.4,,0,27.49,79.15,966.08,144.6
2026-07-20 12:36:11,2026-07-20 12:30:00,488.909,0,27.44,84.47,955.34,189.9,455.456,0,28.07,80.85,958.91,192.9,508.055,0,27.56,82.03,953.36,226.9,478.14,0,26.9,85.7,956,227.9,390.336,0,27.84,83.96,965.81,177.9,,0,26.5,85.9,953.3,183.7,472.31,0,27.28,82.9,956.64,171.5,,0,28.18,77.78,965.99,176.8
2026-07-20 12:46:12,2026-07-20 12:40:00,488.909,0,27.82,82.55,955.19,219,455.456,0,28.26,78.77,958.74,215.2,508.055,0,27.71,81.35,953.25,250.1,,,,,,,390.334,0.2,27.69,85.51,965.6,205.4,,,,,,,472.317,0,27.46,82.62,956.46,189.6,,0,28.61,76.29,965.85,210.1
2026-07-20 12:56:12,2026-07-20 12:50:00,488.909,0,28.03,84.12,954.99,256.5,455.457,0,28.39,80.46,958.63,286.1,508.061,0,28.03,85.66,953.1,267.7,,,,,,,390.34,0.2,27.53,85.7,965.49,221.7,,,,,,,472.31,0,27.84,82.27,956.36,229.3,,0,28.82,81.8,965.71,237.4
2026-07-20 13:16:12,2026-07-20 13:10:00,488.915,0,28.82,83.97,954.96,285.4,455.456,0,28.97,80.31,958.51,309.3,508.061,0,28.37,79.98,953.06,307.4,,,,,,,390.345,0,27.38,87.65,965.47,185.3,,,,,,,472.317,0,27.94,81.2,956.26,247.7,,0,28.75,77.65,965.63,200.2
2026-07-20 13:26:12,2026-07-20 13:20:00,488.909,0,29.09,82.73,954.88,317.9,455.456,0,29.34,77.88,958.45,342.3,508.061,0,28.37,83.79,952.9,328.4,,,,,,,390.343,0,27.55,84.25,965.37,185.1,,,,,,,472.31,0,28.24,83.74,956.23,259.9,,0,28.58,76.32,965.54,226
2026-07-20 13:36:11,2026-07-20 13:30:00,488.909,0,29.64,79.95,954.81,366.6,455.456,0,29.99,77.49,958.35,417.4,508.061,0,28.41,81.9,952.8,313.4,478.14,0,27.9,87.6,955.5,347.5,390.343,0,27.63,84.68,965.31,199.2,,0,27.9,83.9,952.8,290.9,472.317,0,28.6,81.26,956.07,281.3,,0,28.8,79.28,965.44,244.2
2026-07-20 13:46:12,2026-07-20 13:40:00,488.909,0,29.88,78.86,954.78,300.6,455.456,0,30.06,76.07,958.29,340.9,508.055,0,28.25,84.74,952.85,237.3,,,,,,,390.345,0,27.84,84.92,965.29,197.8,,,,,,,472.31,0,28.82,80.58,956.07,275.3,,0,28.8,79.65,965.41,207.1
2026-07-20 13:56:12,2026-07-20 13:50:00,488.901,0,29.6,79.82,954.67,291.3,455.456,0,29.5,81.35,958.24,322.2,508.055,0,28.14,82.8,952.73,244.4,,,,,,,390.341,0,27.96,84.01,965.14,227.5,,,,,,,472.31,0,28.34,80.91,955.97,257.4,,0,28.85,80.06,965.27,203.6
2026-07-20 14:06:11,2026-07-20 14:00:00,488.902,0,29.01,85.04,954.58,244.8,455.457,0,29.28,83.85,958.11,342.5,508.055,0,28.29,83.2,952.69,298,,,,,,,390.343,0,28.3,80.99,965.08,271.9,,,,,,,472.31,0,28.52,83.99,955.91,264.3,,0,28.52,77.12,965.29,190.3
2026-07-20 14:16:12,2026-07-20 14:10:00,488.902,0,29.54,79.92,954.51,376.1,455.456,0,29.93,79.24,958.08,507.3,508.055,0,28.69,81.14,952.53,339.1,,,,,,,390.343,0,28.67,80.7,965.02,279.7,,,,,,,472.31,0,28.32,82.07,955.84,244.3,,0,28.68,78.12,965.17,190.8
2026-07-20 14:26:11,2026-07-20 14:20:00,488.909,0,29.09,82.75,954.54,284.1,455.456,0,30.11,81.01,958.05,313.1,508.055,0,28.68,82.32,952.54,324.9,,,,,,,390.338,0,28.76,81.49,964.89,254.5,,,,,,,472.31,0,28.63,80.15,955.77,272.2,,0,28.61,78.57,965.06,197.1
2026-07-20 14:36:11,2026-07-20 14:30:00,488.909,0,29.08,84.58,954.37,264.2,455.456,0,29.72,82.09,957.91,283.1,508.061,0,28.25,84.38,952.41,198.3,478.14,0,27.8,87.1,955.2,188.5,390.34,0,28.62,80.95,964.92,260.4,,0,27.2,85.7,952.3,257.7,472.317,0,28.8,81.96,955.66,251.8,,0,28.97,76.79,964.97,223.3
2026-07-20 14:56:12,2026-07-20 14:50:00,488.902,0,28.28,84.25,954.26,175.3,455.456,0,29.07,80.79,957.79,216.7,508.061,0,27.7,85.86,952.35,172.4,,,,,,,390.333,0,28.58,82.86,964.74,235.7,,,,,,,472.317,0,28.34,83.16,955.53,171.3,,0,29.16,79.45,964.84,193.4
2026-07-20 15:06:11,2026-07-20 15:00:00,488.902,0,28.05,86.68,954.15,141.9,455.456,0,28.51,82.2,957.67,178.4,508.055,0,27.71,85.04,952.23,183,478.14,0,27.5,89.9,955,183.1,390.337,0,28.52,81.6,964.75,182,,0,27.4,88.9,952.2,160.2,472.317,0,27.87,84.06,955.54,149.8,,0,28.89,80.07,964.77,210.6
2026-07-20 15:16:12,2026-07-20 15:10:00,488.896,0,27.61,80.61,954.1,124.4,455.456,0,28.32,82.48,957.53,150,508.055,0,27.67,86.42,952.17,156.4,,,,,,,390.341,0,28.41,81.12,964.58,164.5,,,,,,,472.309,0,27.57,85.16,955.45,142.4,,0,29.06,75.76,964.66,260.4
2026-07-20 15:36:13,2026-07-20 15:30:00,488.902,0,26.63,84.01,953.95,116.8,455.456,0,28.18,83.56,957.49,140.4,508.055,0,27.77,83.94,952.02,125.2,,,,,,,390.339,0,28.27,81.28,964.46,125.2,,,,,,,472.317,0,27.41,86.8,955.28,150.6,,0,28.69,79.84,964.59,186.8
2026-07-20 15:46:12,2026-07-20 15:40:00,488.902,0,26.96,90.61,953.91,133.8,455.456,0,27.98,85.48,957.41,139.9,508.055,0,27.29,86.81,951.92,114.4,,,,,,,390.34,0,28.11,82.31,964.39,117.8,,,,,,,472.31,0,27.64,88.54,955.15,154.8,,0,28.44,79.43,964.49,152.2
2026-07-20 15:56:11,2026-07-20 15:50:00,488.891,0,27.58,86.39,953.88,146,455.456,0,27.9,87.03,957.38,142.8,508.055,0,26.75,89.42,951.96,129.2,,,,,,,390.337,0,27.84,83.91,964.34,99.3,,,,,,,472.31,0,27.63,85.8,955.23,116.2,,0,28.26,81.17,964.46,117
2026-07-20 16:16:12,2026-07-20 16:10:00,488.89,0,27.15,81.36,953.88,110,455.45,0,27.68,86.15,957.41,112.1,508.048,0,26.91,90.41,952,136.2,,,,,,,390.339,0,27.41,87.07,964.4,107.8,,,,,,,472.303,0,27.05,87.76,955.24,78.2,,0,27.97,81.99,964.51,98.2
2026-07-20 16:36:11,2026-07-20 16:30:00,488.902,0,26.18,84.53,953.93,78.6,455.457,0,27.13,87.65,957.46,84,508.049,0,26.45,91.28,952.07,65.8,478.14,0,26.3,90.9,954.7,77.4,390.343,0,27.13,88.27,964.47,71.8,,0,25.8,93.5,951.9,75.5,472.304,0,26.78,92.09,955.21,73.1,,0,27.68,81.34,964.57,60.1
2026-07-20 16:46:12,2026-07-20 16:40:00,488.89,0,26.34,85.52,953.86,71.7,455.457,0,26.86,87.72,957.42,76.8,508.056,0,26.13,92.52,952,62.7,,,,,,,390.341,0,27.01,89.25,964.44,62.2,,,,,,,472.303,0,26.65,90.98,955.23,79.1,,0,27.3,85.04,964.5,54
2026-07-20 16:56:12,2026-07-20 16:50:00,488.89,0,25.87,90.28,953.84,65,455.457,0,26.67,83.42,957.36,68.2,508.049,0,25.46,85.2,952.03,49,,,,,,,390.344,0,26.83,89.3,964.4,57.3,,,,,,,472.303,0,26.4,90.03,955.21,55,,0.2,26.89,86.19,964.49,60.8
2026-07-20 17:06:12,2026-07-20 17:00:00,488.896,0,25.87,84.44,953.75,71.4,455.457,0,26.37,82,957.37,73.1,508.05,0,24.94,90.68,951.97,53.6,478.14,0,25,91.2,954.6,59.7,390.344,0,26.76,89.28,964.4,72.2,,0.2,25.6,93.8,951.8,79.7,472.303,0.4,26.32,91.51,955.15,77.2,,0.4,26.86,87.24,964.49,60.7
2026-07-20 17:16:11,2026-07-20 17:10:00,488.883,0,25.91,84.88,953.77,75.5,455.45,0,26.13,85.64,957.27,90.8,508.05,0,24.68,92,951.95,58.7,,,,,,,390.343,0,26.89,88.28,964.3,79.6,,,,,,,472.303,0,26.43,90.94,955.09,80.7,,0,26.76,86.55,964.39,73.3
2026-07-20 17:26:11,2026-07-20 17:20:00,488.89,0,26.14,86.2,953.79,81.1,455.457,0,26.42,87.33,957.27,97.7,508.05,0,24.44,94.09,951.97,79.5,,,,,,,390.343,0,27.03,87.79,964.31,69.9,,,,,,,472.303,0.2,26.25,91.54,955.1,49,,0,26.82,87.08,964.41,72.7
2026-07-20 17:36:12,2026-07-20 17:30:00,488.896,0,26.01,84.17,953.77,65.1,455.457,0,26.47,83.96,957.33,77.7,508.05,0,24.61,94.98,951.94,101.6,478.14,0,25,92.6,954.6,103.8,390.344,0,27.04,88.25,964.3,44.9,,0,25.2,94.9,951.9,36.3,472.304,0.2,25.96,92.31,955.14,40.8,,0,26.76,87.63,964.42,55.1
2026-07-20 17:56:12,2026-07-20 17:50:00,488.89,0,25.83,85.42,953.8,37.7,455.456,0,25.68,88.43,957.32,43.4,508.043,0.2,24.57,93.95,952.02,49.8,,,,,,,390.345,0,26.89,88.8,964.46,21,,,,,,,472.303,0.2,25.57,92.18,955.16,33.4,,0,26.41,86.55,964.5,29.6
2026-07-20 18:06:12,2026-07-20 18:00:00,488.883,0,25.76,86.07,953.85,32.3,455.45,0,25.48,88.36,957.38,37.1,508.044,0.2,24.46,94.2,951.99,39.4,478.14,0,24.7,92.1,954.7,40,390.345,0,26.8,89.78,964.52,17,,0.4,24.9,96.8,951.9,29.6,472.303,0.2,25.37,93.15,955.27,28.4,,0,26.32,85.21,964.53,23.3
2026-07-20 18:16:12,2026-07-20 18:10:00,488.883,0,25.72,85.13,953.86,29.2,455.45,0,25.33,88.01,957.35,30.3,508.044,0,24.29,96.04,952,28.3,,,,,,,390.347,0,26.59,91.29,964.44,20.6,,,,,,,472.303,0,25.06,93.73,955.28,24.6,,0,26.12,84.91,964.58,20.6
2026-07-20 18:26:12,2026-07-20 18:20:00,488.883,0,25.46,91.34,953.79,19.9,455.45,0,25.11,88.57,957.34,19.6,508.043,0,24.12,95.72,951.99,18.5,,,,,,,390.339,0.2,26.39,92.68,964.47,16,,,,,,,472.303,0,24.96,94.08,955.2,15.4,,0,26.1,86.95,964.52,13.6
2026-07-20 18:36:13,2026-07-20 18:30:00,488.883,0,25.21,89.79,953.77,11.4,455.45,0,24.95,89.49,957.36,11.2,508.05,0,23.9,96.05,952.08,11.2,,,,,,,390.343,0.6,26,93.92,964.43,11.8,,,,,,,472.303,0,24.66,94.18,955.18,11.4,,0.2,25.9,87.97,964.55,11.1
2026-07-20 18:46:12,2026-07-20 18:40:00,488.883,0,25.01,90.63,953.79,6.3,455.45,0,24.58,89.56,957.4,6.8,508.043,0,23.72,96.28,952.03,6.4,,,,,,,390.346,0.8,25.76,94.49,964.41,7.6,,,,,,,472.303,0,24.48,94.55,955.21,7.9,,0.6,25.64,90.78,964.54,7.3
2026-07-20 18:56:13,2026-07-20 18:50:00,488.883,0,24.83,91.94,953.79,5.5,455.457,0,24.66,87.79,957.37,5.5,508.05,0,23.64,96.16,952,4.2,,,,,,,390.345,0.8,25.65,94.8,964.38,5.1,,,,,,,472.303,0,24.27,94.83,955.18,5.5,,1,25.35,91.71,964.52,4.9
2026-07-20 19:06:12,2026-07-20 19:00:00,488.878,0,24.63,93.97,953.79,1.2,455.457,0.2,24.39,91.03,957.33,1.9,508.043,0,23.41,96.14,952.01,1.3,478.14,0,24,92.6,954.6,2,390.346,0.8,25.62,94.9,964.33,1.8,,0,24.3,97.6,951.8,0,472.303,0.2,24.1,95.12,955.14,0.6,,1,25.25,92.48,964.42,0.9
2026-07-20 19:16:12,2026-07-20 19:10:00,488.883,0,24.53,93.91,953.83,0,455.45,0,24.39,91.06,957.35,0.4,508.044,0.2,23.22,97.04,951.99,0,,,,,,,390.344,0,25.52,95.01,964.26,0.2,,,,,,,472.303,0,24.07,95.4,955.1,0,,0,25.07,92.52,964.43,0
2026-07-20 19:26:13,2026-07-20 19:20:00,488.883,0,24.32,95.18,953.77,0,455.457,0,24.23,91.49,957.35,0.2,508.044,0.2,23.04,97.51,952.09,0,,,,,,,390.35,0,25.52,95.19,964.34,0,,,,,,,472.297,0,23.9,95.54,955.17,0,,0.2,25.04,92.01,964.49,0
2026-07-20 19:36:12,2026-07-20 19:30:00,488.884,0,24.23,94.95,953.84,0,455.457,0,24.15,91.59,957.4,0.2,508.044,0.4,22.96,97.94,952.13,0,478.14,0.2,23.5,94.1,954.6,0.2,390.348,0,25.52,95.19,964.5,0,,0,24,97.7,951.8,0,472.303,0,23.8,95.61,955.08,0,,0.2,24.96,92.31,964.55,0
2026-07-20 19:46:13,2026-07-20 19:40:00,488.884,0,24.22,91.88,953.86,0,455.451,0,24.23,91.49,957.42,0.1,508.044,0.4,22.78,97.92,952.18,0,,,,,,,390.347,0,25.52,95.06,964.6,0,,,,,,,472.303,0,23.73,95.53,955.23,0,,0.2,24.91,91.97,964.68,0
2026-07-20 19:56:12,2026-07-20 19:50:00,488.872,0,24.25,90.76,953.97,0,455.457,0,24.1,90.65,957.54,0.1,508.044,0.4,22.8,97.83,952.26,0,,,,,,,390.346,0,25.5,95.14,964.66,0,,,,,,,472.303,0,23.73,95.79,955.42,0,,0.2,24.98,92.68,964.75,0
2026-07-20 20:06:13,2026-07-20 20:00:00,488.884,0,24.33,89.42,954.05,0,455.45,0,23.79,91.91,957.69,0.1,508.043,0.4,22.71,97.09,952.39,0,478.14,0.4,23.4,94.5,954.8,0.2,390.348,0,25.46,95.17,964.71,0,,0,23.4,97.6,952.1,0,472.303,0,23.45,95.21,955.38,0,,0.2,24.98,92.3,964.88,0
2026-07-20 20:16:12,2026-07-20 20:10:00,488.878,0,24.36,95.37,954.11,0,455.457,0,23.86,91.33,957.72,0.2,508.044,0,22.8,97.53,952.47,0,,,,,,,390.348,0,25.45,94.86,964.78,0,,,,,,,472.297,0,23.42,95.62,955.52,0,,0,24.79,92.02,965.03,0
2026-07-20 20:26:12,2026-07-20 20:20:00,488.884,0,24.18,94.85,954.18,0,455.45,0,23.66,91.79,957.85,0.2,508.044,0,22.74,97.87,952.49,0,,,,,,,390.347,0,25.34,94.51,964.9,0,,,,,,,472.297,0,23.35,95.59,955.53,0,,0,24.82,92.57,965,0
2026-07-20 20:36:11,2026-07-20 20:30:00,488.878,0,24.5,91.77,954.33,0,455.457,0,23.66,91.81,957.94,0.2,508.044,0,22.8,97.49,952.58,0,478.14,0,23.1,93.4,955.1,0.2,390.347,0,25.2,94.11,964.97,0,,0,23.2,96.8,952.4,0,472.303,0,23.26,95.51,955.66,0,,0,24.69,92.34,965.1,0
2026-07-20 20:46:13,2026-07-20 20:40:00,488.878,0,24.05,92.57,954.41,0,455.457,0,23.69,91.93,957.96,0.1,508.044,0,22.7,96.88,952.64,0,,,,,,,390.348,0,25.13,94.06,965.08,0,,,,,,,472.303,0,23.23,95.63,955.78,0,,0,24.58,91.55,965.26,0
2026-07-20 20:56:13,2026-07-20 20:50:00,488.878,0,24.19,92.72,954.37,0,455.457,0,23.69,92.1,958.01,0.2,508.044,0,22.6,97.28,952.61,0,,,,,,,390.348,0,25.09,94.16,965.13,0,,,,,,,472.297,0,23.29,95.98,955.83,0,,0,24.61,91.89,965.3,0
2026-07-20 21:06:13,2026-07-20 21:00:00,488.878,0,24.11,94.53,954.43,0,455.457,0,23.55,91.02,958.06,0.1,508.044,0,22.62,96.72,952.64,0,478.14,0,23.2,94.5,955.2,0.2,390.347,0,25.06,94.09,965.15,0,,0,23.1,97.5,952.5,0,472.297,0,23.23,95.75,955.82,0,,0,24.56,92.25,965.31,0
2026-07-20 21:16:12,2026-07-20 21:10:00,488.878,0,23.77,94.71,954.63,0,455.45,0,23.58,91.31,958.17,0.2,508.044,0,22.62,96.58,952.78,0,,,,,,,390.347,0,25.04,94.06,965.27,0,,,,,,,472.297,0,23.26,96.02,955.88,0,,0,24.51,92.02,965.5,0
2026-07-20 21:26:13,2026-07-20 21:20:00,488.884,0,23.78,94.32,954.67,0,455.457,0,23.61,92.19,958.32,0.1,508.044,0,22.63,96.94,952.86,0,,,,,,,390.343,0,24.96,93.82,965.42,0,,,,,,,472.297,0,23.18,95.9,956.06,0,,0,24.47,92.43,965.58,0
2026-07-20 21:36:11,2026-07-20 21:30:00,488.871,0,23.65,93.96,954.91,0,455.451,0,23.55,92.82,958.52,0.1,508.044,0,22.57,97.27,953.08,0,,,,,,,390.343,0,24.96,93.64,965.57,0,,,,,,,472.303,0,23.11,95.77,956.24,0,,0,24.39,91.34,965.67,0
2026-07-20 21:46:13,2026-07-20 21:40:00,488.878,0,23.4,93.64,955,0,455.457,0,23.7,91.99,958.57,0.1,508.044,0,22.39,97.3,953.25,0,,,,,,,390.346,0,24.93,93.41,965.62,0,,,,,,,472.297,0,22.97,95.68,956.24,0,,0,24.32,91.4,965.75,0
2026-07-20 21:56:13,2026-07-20 21:50:00,488.878,0,23.77,93.73,955.05,0,455.45,0,23.68,91.95,958.7,0.1,508.044,0,22.35,97.67,953.38,0,,,,,,,390.348,0,24.9,92.68,965.75,0,,,,,,,472.297,0,22.94,95.81,956.41,0,,0,24.24,91.48,965.87,0
2026-07-20 22:06:11,2026-07-20 22:00:00,488.884,0,24.91,88.21,955.12,0,455.457,0,23.41,92.01,958.76,0.2,508.044,0,22.33,97.6,953.42,0,478.13,0,23.2,93.8,955.9,0.2,390.348,0,24.89,93.01,965.9,0,,0,22.7,97.4,953.2,0,472.303,0,22.86,95.84,956.43,0,,0,24.23,91.49,966.02,0
2026-07-20 22:16:13,2026-07-20 22:10:00,488.871,0,25.14,84.45,955.19,0,455.45,0,24.91,84.93,958.79,0.2,508.044,0,22.26,97.76,953.46,0,,,,,,,390.348,0,24.89,92.94,965.91,0,,,,,,,472.297,0,22.9,96.06,956.5,0,,0,24.14,91.11,965.99,0
2026-07-20 22:26:12,2026-07-20 22:20:00,488.878,0,25.05,85.84,955.24,0,455.457,0,25.4,83.74,958.87,0.2,508.044,0,22.19,97.34,953.46,0,,,,,,,390.347,0,24.85,93.21,965.96,0,,,,,,,472.303,0,22.84,95.77,956.61,0,,0,24.14,91.11,966.13,0
2026-07-20 22:36:15,2026-07-20 22:30:00,488.89,0,25.12,85.46,955.3,0,455.45,0,25.35,83.33,958.9,0.1,508.044,0,22.26,97.99,953.45,0,478.13,0,23.1,93.3,956.1,0.2,390.351,0,24.82,93.06,966.01,0,,0,22.7,96.5,953.4,0,472.297,0,22.81,95.75,956.65,0,,0,24.11,91.54,966.19,0
2026-07-20 22:46:12,2026-07-20 22:40:00,488.89,0,25.18,84.69,955.14,0,455.45,0,25.28,84.18,958.85,0.1,508.044,0,22.31,97.9,953.31,0,,,,,,,390.351,0,24.86,93.07,965.93,0,,,,,,,472.297,0,22.74,95.81,956.62,0,,0,24.04,91,966.12,0
2026-07-20 22:56:12,2026-07-20 22:50:00,488.89,0,25.26,86.82,955.18,0,455.45,0,25.05,83.7,958.83,0.2,508.044,0,22.29,98.03,953.31,0,,,,,,,390.35,0,24.82,92.67,965.98,0,,,,,,,472.297,0,22.7,95.65,956.55,0,,0,24.18,90.01,966.04,0
2026-07-20 23:06:12,2026-07-20 23:00:00,488.871,0,25.21,83.24,955.1,0,455.45,0,25.15,83.13,958.85,0.2,508.044,0,22.31,98.28,953.28,0,478.13,0,23.1,94.4,955.9,0.2,390.348,0,24.83,92.74,965.86,0,,0,22.6,96.6,953.2,0,472.298,0,22.67,95.86,956.41,0,,0,24.23,89.38,966.04,0
2026-07-20 23:16:12,2026-07-20 23:10:00,488.871,0,25.17,84.85,955.09,0,455.45,0,24.94,82.44,958.8,0.1,508.044,0,22.26,98.49,953.25,0,,,,,,,390.347,0,24.82,92.92,965.78,0,,,,,,,472.297,0,22.64,95.78,956.33,0,,0,24.58,86.12,965.88,0
2026-07-20 23:26:12,2026-07-20 23:20:00,488.871,0,24.87,83.52,955.06,0,455.457,0,25.01,83.3,958.74,0.1,508.044,0,22.39,98.77,953.16,0,,,,,,,390.348,0,24.77,93.65,965.72,0,,,,,,,472.297,0,22.56,95.6,956.38,0,,0,25.02,82.97,965.9,0
2026-07-20 23:36:12,2026-07-20 23:30:00,488.878,0,24.94,82.92,955.04,0,455.45,0,25.22,82.13,958.68,0.2,508.044,0,22.22,98.61,953.19,0,478.13,0,22.9,94.3,955.8,0.2,390.351,0,24.76,93.85,965.69,0,,0,22.6,97.7,953.1,0,472.297,0,22.56,95.86,956.36,0,,0,24.83,87.53,965.91,0
2026-07-20 23:46:12,2026-07-20 23:40:00,488.878,0,24.84,87.19,954.97,0,455.45,0,24.92,84.59,958.62,0.1,508.044,0,22.2,98.58,953.13,0,,,,,,,390.35,0,24.76,93.88,965.63,0,,,,,,,472.297,0,22.5,95.88,956.21,0,,0,24.52,89.82,965.83,0
2026-07-20 23:56:12,2026-07-20 23:50:00,488.871,0,24.49,84.99,954.96,0,455.451,0,23.88,88.55,958.61,0.2,508.044,0,22.2,99,953.12,0,,,,,,,390.352,0,24.75,93.96,965.57,0,,,,,,,472.303,0,22.42,95.93,956.24,0,,0,24.42,90.78,965.81,0
2026-07-21 00:06:12,2026-07-21 00:00:00,488.872,0,24.66,87.93,954.95,0,455.45,0,23.69,89.33,958.56,0.1,508.044,0,22.29,98.85,953.08,0,478.13,0,22.8,94.3,955.7,0.2,390.353,0,24.7,93.96,965.58,0,,0,22.5,97.8,953,0,472.297,0,22.44,96.15,956.24,0,,0,24.41,90.9,965.75,0
2026-07-21 00:16:20,2026-07-21 00:10:00,488.878,0,24.7,89.76,954.86,0,455.451,0,23.57,89.65,958.53,0.1,508.038,0,22.26,98.88,953.03,0,,,,,,,390.35,0,24.66,94.13,965.54,0,,,,,,,472.297,0,22.4,96.27,956.2,0,,0,24.34,91.31,965.74,0
2026-07-21 00:26:12,2026-07-21 00:20:00,488.871,0,24.35,91.56,954.72,0,455.457,0,23.38,90.66,958.36,0.1,508.044,0,22.35,99.11,952.93,0,,,,,,,390.352,0,24.66,94.09,965.45,0,,,,,,,472.297,0,22.44,96.24,956.07,0,,0,24.34,92.05,965.61,0
2026-07-21 00:36:12,2026-07-21 00:30:00,488.871,0,23.82,90.8,954.64,0,455.451,0,23.38,89.95,958.3,0.1,508.044,0,22.23,98.87,952.88,0,478.13,0,22.8,94.6,955.5,0.2,390.348,0,24.63,94.19,965.38,0,,0,22.4,97.9,952.7,0,472.297,0,22.42,96.21,956,0,,0,24.27,91.84,965.54,0
2026-07-21 00:46:13,2026-07-21 00:40:00,488.871,0,23.82,92.47,954.6,0,455.451,0,23.21,91.17,958.28,0.1,508.044,0,22.31,99.04,952.71,0,,,,,,,390.352,0,24.63,94.18,965.36,0,,,,,,,472.297,0,22.38,96.36,955.96,0,,0,24.21,92.07,965.57,0
2026-07-21 00:56:12,2026-07-21 00:50:00,488.872,0,23.85,92.41,954.62,0,455.45,0,23.17,91.31,958.25,0.2,508.044,0,22.28,99,952.76,0,,,,,,,390.35,0,24.54,93.96,965.28,0,,,,,,,472.297,0,22.46,96.45,955.97,0,,0,24.2,92.18,965.44,0
2026-07-21 01:06:12,2026-07-21 01:00:00,488.872,0,23.64,93.46,954.48,0,455.451,0,23.49,90.73,958.08,0.2,508.044,0,22.36,99.2,952.66,0,478.13,0,22.9,94.7,955.2,0.2,390.35,0,24.55,94.13,965.21,0,,0,22.3,97.8,952.5,0,472.297,0,22.46,96.36,955.81,0,,0,24.17,92.14,965.34,0
2026-07-21 01:16:13,2026-07-21 01:10:00,488.872,0,24.39,90.41,954.37,0,455.45,0,24.02,88.95,958.02,0.2,508.044,0,22.29,99.1,952.58,0,,,,,,,390.35,0,24.54,93.83,965.1,0,,,,,,,472.297,0,22.43,96.48,955.74,0,,0,24.17,92.51,965.33,0
2026-07-21 01:26:13,2026-07-21 01:20:00,488.865,0,24.43,89.49,954.39,0,455.451,0,23.38,90.56,957.99,0.1,508.044,0,22.29,99.21,952.53,0,,,,,,,390.35,0,24.51,93.62,964.98,0,,,,,,,472.297,0,22.46,96.39,955.59,0,,0,24.13,92.21,965.17,0
2026-07-21 01:36:12,2026-07-21 01:30:00,488.872,0,23.65,93.35,954.27,0,455.451,0,23.27,91.56,957.92,0.1,508.044,0,22.32,99.26,952.46,0,478.13,0,22.8,94.8,955,0.2,390.352,0,24.51,93.42,964.97,0,,0,22.3,98.3,952.2,0,472.297,0,22.56,96.52,955.52,0,,0,24.06,92.1,965.09,0
2026-07-21 01:46:12,2026-07-21 01:40:00,488.871,0,23.41,95.07,954.23,0,455.451,0,23.14,91.83,957.83,0.2,508.044,0,22.36,99.32,952.39,0,,,,,,,390.348,0,24.52,93.4,964.86,0,,,,,,,472.297,0,22.53,96.47,955.52,0,,0,24.06,92.19,965.04,0
2026-07-21 01:56:12,2026-07-21 01:50:00,488.865,0,23.43,95.08,954.23,0,455.45,0,23.06,92.15,957.79,0.1,508.044,0,22.32,99.16,952.35,0,,,,,,,390.348,0,24.48,93.36,964.78,0,,,,,,,472.297,0,22.46,96.28,955.46,0,,0,24.01,92.13,964.98,0
2026-07-21 02:06:12,2026-07-21 02:00:00,488.859,0,23.36,95.07,954.11,0,455.45,0,23.15,91.83,957.73,0.2,508.044,0,22.25,98.89,952.25,0,478.13,0,22.7,94.9,954.8,0.2,390.351,0,24.42,93.34,964.76,0,,0,22.3,98.4,952.1,0,472.304,0,22.5,96.29,955.39,0,,0,23.99,92.25,965,0
2026-07-21 02:16:12,2026-07-21 02:10:00,488.865,0,23.54,95.15,954.12,0,455.451,0,23.49,90.13,957.68,0.2,508.044,0,22.36,99.07,952.27,0,,,,,,,390.351,0,24.35,93.29,964.74,0,,,,,,,472.297,0,22.47,96.4,955.29,0,,0,23.95,92.03,964.96,0
2026-07-21 02:26:14,2026-07-21 02:20:00,488.865,0,23.57,95.1,954.11,0,455.457,0,24.85,86.21,957.63,0.1,508.044,0,22.19,98.94,952.18,0,,,,,,,390.352,0,24.35,93.39,964.77,0,,,,,,,472.297,0,22.5,96.45,955.28,0,,0,23.96,92.42,964.92,0
2026-07-21 02:36:12,2026-07-21 02:30:00,488.872,0,23.84,95.23,954,0,455.451,0,25.02,84.34,957.55,0.2,508.044,0,22.2,99.08,952.16,0,478.13,0,22.7,94.9,954.7,0.2,390.35,0,24.34,93.77,964.65,0,,0,22.3,98.7,952,0,472.297,0,22.47,96.45,955.26,0,,0,23.86,91.86,964.85,0
2026-07-21 02:49:20,2026-07-21 02:40:00,488.865,0,24.16,93.1,953.96,0,455.451,0,25.08,85.46,957.53,0.2,508.044,0,22.26,99.17,952.06,0,,,,,,,390.351,0,24.34,93.86,964.6,0,,,,,,,472.297,0,22.53,96.62,955.17,0,,0,23.89,92.15,964.82,0
2026-07-21 03:06:12,2026-07-21 03:00:00,488.872,0,24.26,90.82,953.81,0,455.45,0,25.35,82.03,957.47,0.1,508.044,0,22.23,99.37,952.07,0,478.13,0,22.6,94.9,954.6,0.2,390.353,0,24.28,94.02,964.59,0,,0,22.3,98.2,951.9,0,472.297,0,22.43,96.58,955.18,0,,0,23.87,92.56,964.79,0
2026-07-21 03:16:12,2026-07-21 03:10:00,488.884,0,24.78,91.06,953.76,0,455.45,0,25.25,84.23,957.58,0.1,508.044,0,22.29,99.45,952.08,0,,,,,,,390.352,0,24.27,94.08,964.57,0,,,,,,,472.297,0,22.57,96.72,955.17,0,,0,23.86,92.47,964.74,0
2026-07-21 03:26:12,2026-07-21 03:20:00,488.859,0,24.49,90.72,953.9,0,455.451,0,24.17,88.1,957.6,0.2,508.044,0,22.28,99.34,952.14,0,,,,,,,390.352,0,24.3,93.86,964.52,0,,,,,,,472.297,0,22.52,96.71,955.15,0,,0,23.77,92.09,964.77,0
2026-07-21 03:36:12,2026-07-21 03:30:00,488.864,0,24.29,88.49,953.96,0,455.457,0,24,89.05,957.61,0.1,508.044,0,22.36,99.42,952.2,0,478.13,0,22.7,95.2,954.7,0.2,390.352,0,24.32,93.53,964.56,0,,0,22.3,98.8,952,0,472.297,0,22.49,96.73,955.24,0,,0,23.84,91.87,964.79,0
2026-07-21 03:46:12,2026-07-21 03:40:00,488.865,0,24.53,87.48,953.93,0,455.457,0,24.19,87.82,957.62,0.1,508.044,0,22.43,99.53,952.16,0,,,,,,,390.35,0,24.32,93.41,964.61,0,,,,,,,472.297,0,22.54,96.75,955.25,0,,0,23.79,91.93,964.87,0
2026-07-21 03:56:12,2026-07-21 03:50:00,488.864,0,24.78,86.69,953.99,0,455.45,0,24.51,88.31,957.7,0.2,508.044,0,22.25,99.44,952.26,0,,,,,,,390.352,0,24.35,93.28,964.65,0,,,,,,,472.297,0,22.53,96.78,955.32,0,,0,23.83,91.77,964.95,0
2026-07-21 04:06:12,2026-07-21 04:00:00,488.89,0,24.98,85.73,954.01,0,455.45,0,23.96,89.59,957.72,0.1,508.044,0,22.38,99.46,952.29,0,478.13,0,22.7,95.3,954.8,0.2,390.353,0,24.35,93.29,964.69,0,,0,22.4,98.4,952.1,0,472.297,0,22.56,96.63,955.33,0,,0,23.83,92.06,964.97,0
2026-07-21 04:16:12,2026-07-21 04:10:00,488.864,0,24.93,85.61,954.03,0,455.451,0,24.84,84.18,957.77,0.2,508.044,0,22.55,98.87,952.28,0,,,,,,,390.352,0,24.34,93.3,964.77,0,,,,,,,472.297,0,22.56,96.52,955.39,0,,0,23.83,92.15,965.05,0
2026-07-21 04:26:12,2026-07-21 04:20:00,488.859,0,25.04,84.45,954.09,0,455.45,0,24.7,86.89,957.84,0.2,508.044,0,22.55,98.96,952.36,0,,,,,,,390.353,0,24.32,92.95,964.87,0,,,,,,,472.297,0,22.59,96.64,955.55,0,,0,23.77,91.63,965.07,0
2026-07-21 04:36:13,2026-07-21 04:30:00,488.853,0,25.04,86.82,953.97,0,455.45,0,24.41,84.81,957.75,0.2,508.043,0,22.45,99.22,952.35,0,478.13,0,22.6,95.1,954.9,0.2,390.354,0,24.3,93.28,964.85,0,,0,22.4,98.4,952.2,0,472.297,0,22.52,96.69,955.39,0,,0,23.8,91.77,965.07,0
2026-07-21 04:46:12,2026-07-21 04:40:00,488.884,0,25.04,86.79,954,0,455.451,0,24.91,84.68,957.83,0.2,508.044,0,22.46,99.35,952.43,0,,,,,,,390.352,0,24.3,93.03,964.89,0,,,,,,,472.297,0,22.49,96.65,955.56,0,,0,23.79,91.53,965.1,0
2026-07-21 04:56:12,2026-07-21 04:50:00,488.84,0,25.08,85.31,954.11,0,455.451,0,24.92,85.15,957.94,0.1,508.044,0,22.42,99.39,952.52,0,,,,,,,390.354,0,24.28,93.33,964.95,0,,,,,,,472.303,0,22.49,96.62,955.57,0,,0,23.76,91.55,965.22,0
2026-07-21 05:06:12,2026-07-21 05:00:00,488.89,0,24.98,84.56,954.17,0,455.45,0,24.94,83.99,958.01,0.1,508.044,0,22.5,99.55,952.56,0,478.13,0,22.8,95.4,955.1,0.2,390.353,0,24.28,92.89,965.06,0,,0,22.4,98.6,952.4,0,472.297,0,22.47,96.74,955.66,0,,0,23.74,91.65,965.34,0
2026-07-21 05:16:11,2026-07-21 05:10:00,488.884,0,25.08,85.9,954.17,0,455.451,0,24.97,83.48,957.93,0.1,508.044,0,22.5,99.43,952.54,0,,,,,,,390.353,0,24.3,93.09,965.05,0,,,,,,,472.297,0,22.42,96.68,955.63,0,,0,23.76,91.54,965.31,0
2026-07-21 05:26:13,2026-07-21 05:20:00,488.863,0,24.99,86.46,954.24,0,455.45,0,24.92,82.48,958.06,0.1,508.044,0,22.42,99.32,952.6,0,,,,,,,390.351,0,24.27,93.25,965.15,0,,,,,,,472.297,0,22.5,96.74,955.75,0,,0,23.72,91.63,965.4,0
2026-07-21 05:36:12,2026-07-21 05:30:00,488.86,0,24.93,86.59,954.32,0,455.457,0,24.72,83.18,958.15,0.1,508.044,0,22.42,99.36,952.69,0,478.13,0,22.7,95.2,955.3,0.2,390.353,0,24.17,93.41,965.26,0,,0,22.4,98.8,952.6,0,472.297,0,22.42,96.72,955.84,0,,0,23.76,92.08,965.44,0
2026-07-21 05:46:12,2026-07-21 05:40:00,488.853,0,24.88,86,954.37,0,455.451,0,24.72,85.43,958.23,0.1,508.044,0,22.39,99.34,952.76,0,,,,,,,390.35,0,24.14,93.54,965.27,0,,,,,,,472.297,0,22.47,96.74,955.87,0,,0,23.7,91.84,965.48,0
2026-07-21 05:56:11,2026-07-21 05:50:00,488.896,0,24.94,86.26,954.47,1.1,455.457,0,24.24,87.73,958.28,1.8,508.044,0,22.35,99.33,952.83,1,,,,,,,390.352,0,24.14,93.35,965.35,1.4,,,,,,,472.298,0,22.42,96.77,955.9,0.5,,0,23.7,91.75,965.54,0.7
2026-07-21 06:06:13,2026-07-21 06:00:00,488.82,0,24.85,85.38,954.51,2.4,455.451,0,23.72,88.06,958.34,3.6,508.044,0,22.4,99.29,952.88,2.1,478.13,0,22.5,95,955.4,3.3,390.348,0,24.15,93.28,965.42,2.8,,0,22.4,98.7,952.7,1.6,472.297,0,22.47,96.76,956.02,2.4,,0,23.73,91.73,965.62,2.5
2026-07-21 06:16:12,2026-07-21 06:10:00,488.878,0,24.99,85.96,954.59,6.1,455.45,0,23.73,88.94,958.34,7.3,508.044,0,22.39,99.17,952.93,6.4,,,,,,,390.351,0,24.21,93.23,965.51,9.2,,,,,,,472.297,0,22.46,96.72,956.05,6.9,,0,23.74,91.51,965.72,9
2026-07-21 06:26:13,2026-07-21 06:20:00,488.865,0,24.85,88.67,954.7,9.5,455.451,0,23.7,89.2,958.46,9.9,508.044,0,22.43,99.22,952.97,7.9,,,,,,,390.352,0,24.23,92.99,965.57,13.2,,,,,,,472.297,0,22.63,96.8,956.11,9.3,,0,23.83,91.69,965.77,11.3
2026-07-21 06:36:12,2026-07-21 06:30:00,488.857,0,24.97,87.96,954.65,12.4,455.451,0,23.69,89.26,958.48,13.8,508.044,0,22.4,99.11,953.01,11,478.13,0,22.9,95.1,955.6,11.9,390.351,0,24.3,92.73,965.59,18,,0,22.5,98.9,952.9,13.3,472.297,0,22.71,96.77,956.17,13.4,,0,23.87,91.3,965.82,12.8
2026-07-21 06:46:12,2026-07-21 06:40:00,488.853,0,24.95,84.58,954.8,14.5,455.45,0,23.8,88.67,958.57,15.1,508.044,0,22.42,98.83,953.11,16,,,,,,,390.352,0,24.37,92.49,965.65,18.7,,,,,,,472.297,0,22.77,96.62,956.21,18.3,,0,23.93,91.02,965.9,20.5
2026-07-21 06:56:12,2026-07-21 06:50:00,488.865,0,24.95,84.93,954.92,17.2,455.45,0,24.53,84.84,958.67,17.5,508.038,0,22.47,98.86,953.16,17.4,,,,,,,390.352,0,24.41,92.46,965.76,18.5,,,,,,,472.297,0,23.02,96.7,956.32,20.6,,0,24,90.67,965.97,21.8
2026-07-21 07:06:12,2026-07-21 07:00:00,488.859,0,24.95,86.49,955.01,18.5,455.451,0,24.92,83.55,958.72,18.3,508.044,0,22.52,98.32,953.22,17,478.13,0,22.9,94.6,955.8,18,390.351,0,24.49,92.53,965.79,20.2,,0,22.8,98,953.2,26.9,472.297,0,23.01,96.42,956.41,28.7,,0,24.08,90.55,965.99,19.8
2026-07-21 07:16:12,2026-07-21 07:10:00,488.884,0,24.93,89.35,955.04,30,455.45,0,25.05,83.8,958.82,26.9,508.044,0,22.64,98.67,953.33,17.8,,,,,,,390.352,0,24.55,92.23,965.92,22,,,,,,,472.297,0,23.35,96.58,956.51,33.7,,0,24.17,90.52,966.13,28.6
2026-07-21 07:26:12,2026-07-21 07:20:00,488.853,0,24.93,86.79,955.17,45.1,455.45,0,25.08,84.31,958.99,45.1,508.044,0,22.71,98.53,953.38,24.7,,,,,,,390.35,0,24.63,92.06,966.02,31.5,,,,,,,472.297,0,23.48,96.17,956.57,37.5,,0,24.36,90.51,966.23,36.8
2026-07-21 07:36:12,2026-07-21 07:30:00,488.878,0,25.08,86.71,955.18,74.3,455.45,0,25.28,81.75,958.93,81.3,508.044,0,22.83,98.52,953.44,42.2,478.13,0,23.2,94.9,956,51.1,390.347,0,24.79,91.69,966.06,30.5,,0,23.3,97.8,953.4,51.3,472.297,0,23.77,96.08,956.55,51.8,,0,24.48,89.48,966.29,35.4
2026-07-21 07:46:13,2026-07-21 07:40:00,488.865,0,25.18,85.05,955.22,94.8,455.45,0,25.49,82.34,958.95,97.7,508.044,0,23.03,98.22,953.48,62.4,,,,,,,390.344,0,24.89,91.13,966.1,32.8,,,,,,,472.297,0,24.07,95.83,956.49,79,,0,24.54,89.17,966.33,38
2026-07-21 07:56:12,2026-07-21 07:50:00,488.864,0,25.29,84.45,955.2,130.5,455.45,0,25.65,82.66,958.96,114.6,508.044,0,23.38,97.07,953.48,71.9,,,,,,,390.344,0,24.93,91.23,966.05,48.7,,,,,,,472.297,0,24.52,94.28,956.49,124.3,,0,24.7,89.39,966.3,61
2026-07-21 08:06:12,2026-07-21 08:00:00,488.839,0,25.52,85.38,955.19,149.8,455.45,0,25.76,81.83,958.9,129,508.044,0,23.7,95.94,953.48,92.6,478.13,0,23.7,93.6,956,96,390.347,0,25.03,91.19,966.09,78.5,,0,24.8,93.6,953.2,142.6,472.297,0,25.42,93.71,956.53,146.1,,0,24.87,89.18,966.34,81.9
2026-07-21 08:16:12,2026-07-21 08:10:00,488.846,0,25.45,84.71,955.21,112.4,455.45,0,25.7,81.54,959.06,102,508.043,0,24.24,95.86,953.55,85.7,,,,,,,390.341,0,25.13,90.58,966.1,104.6,,,,,,,472.297,0,25.44,90.83,956.61,116.5,,0,25.02,88.92,966.37,102.7
2026-07-21 08:26:12,2026-07-21 08:20:00,488.878,0,25.5,84.29,955.34,95,455.45,0,25.79,82.65,959.08,102.2,508.043,0,24.17,94.1,953.6,86,,,,,,,390.341,0,25.29,89.6,966.16,122,,,,,,,472.303,0,25.13,92.19,956.7,114.7,,0,25.17,88.71,966.46,108.2
2026-07-21 08:36:12,2026-07-21 08:30:00,488.84,0,25.5,85.25,955.5,89.2,455.45,0,25.76,82.05,959.18,108.7,508.05,0,24.33,92.1,953.67,97.4,478.13,0,24,93.2,956.2,72,390.341,0,25.54,89.17,966.24,149.6,,0,24.8,93.7,953.6,142.5,472.303,0,25.1,92.16,956.8,110.8,,0,25.28,88.23,966.52,110.5
2026-07-21 08:46:13,2026-07-21 08:40:00,488.852,0,25.58,84.9,955.56,97.3,455.45,0,25.89,82.46,959.29,115.5,508.043,0,24.6,91.96,953.8,111.1,,,,,,,390.34,0,25.82,88.08,966.33,168.2,,,,,,,472.303,0,25.47,92.47,956.89,125.4,,0,25.46,87.42,966.64,143.2
2026-07-21 08:56:12,2026-07-21 08:50:00,488.864,0,25.62,86.07,955.59,126.2,455.45,0,26,81.4,959.3,157.8,508.043,0,24.92,93.45,953.7,138.7,,,,,,,390.338,0,26.03,87.72,966.35,196.1,,,,,,,472.304,0,25.78,91.36,956.91,175.2,,0,25.93,87,966.64,208.7
2026-07-21 09:06:12,2026-07-21 09:00:00,488.864,0,25.86,83.12,955.61,173.7,455.45,0,26.3,81.88,959.35,213.1,508.043,0,25.49,92.77,953.79,168.9,478.13,0,25.1,93,956.3,184.3,390.338,0,26.34,86.29,966.38,215.8,,0,25.8,92,953.7,215.2,472.303,0,26.27,88.85,956.9,193.3,,0,26.58,85.39,966.69,250.4
2026-07-21 09:26:15,2026-07-21 09:20:00,488.883,0,25.87,83.65,955.88,135.9,455.45,0,26.44,79.69,959.47,199.5,508.043,0,25.48,91.33,954.04,174.2,,,,,,,390.337,0,26.72,85.57,966.58,219.8,,,,,,,472.31,0,26.53,87.49,957.09,184.2,,0,26.87,84.4,966.87,190.7
2026-07-21 09:36:11,2026-07-21 09:30:00,488.864,0,25.86,83.9,955.83,172.8,455.45,0,26.35,80.27,959.5,219.2,508.049,0,25.63,89.56,954.04,206.4,478.13,0,25.4,90.3,956.6,183.1,390.34,0,27,84.81,966.55,239.2,,0,26.3,90,953.8,202.8,472.309,0,26.83,87.44,957.1,207.1,,0,27.18,82.01,966.88,271
2026-07-21 09:46:13,2026-07-21 09:40:00,488.846,0,25.84,82.53,955.77,213.9,455.45,0,26.5,80.9,959.45,243.6,508.05,0,26.13,87.72,954.05,206,,,,,,,390.344,0,27.13,82.92,966.54,249.8,,,,,,,472.31,0,26.81,86.94,957.13,208.1,,0,27.82,80.32,966.86,310.2
2026-07-21 09:56:12,2026-07-21 09:50:00,488.883,0,26,81.63,955.78,233.2,455.45,0,26.89,79.28,959.43,278.4,508.049,0,25.8,87.84,954.02,208.9,,,,,,,390.338,0,27.37,82.48,966.47,255.7,,,,,,,472.31,0,27.11,83.62,957.08,214.9,,0,28.45,80.36,966.86,311.2
2026-07-21 10:06:13,2026-07-21 10:00:00,488.871,0,26.08,81.87,955.73,221.3,455.45,0,26.74,79.33,959.47,261.7,508.049,0,26.51,87.46,953.98,216.6,478.13,0,26.1,88.2,956.6,246.8,390.338,0,27.4,82.44,966.48,215.9,,0,26,87.9,953.8,168.3,472.31,0,27.11,84.93,957.07,171.7,,0,28.3,78.12,966.79,260
2026-07-21 10:16:13,2026-07-21 10:10:00,488.866,0,26.13,81.23,955.79,185.6,455.449,0,26.78,78.85,959.51,228.1,508.049,0,27.03,86.08,954.01,205.4,,,,,,,390.334,0,27.45,82.51,966.5,191,,,,,,,472.309,0,27.24,87.09,957.11,164.4,,0,27.83,79.99,966.82,197.6
2026-07-21 10:26:12,2026-07-21 10:20:00,488.859,0,26.18,82.98,955.79,197.5,455.45,0,26.68,80,959.49,209.2,508.049,0,26.54,87.26,953.94,241,,,,,,,390.345,0,27.4,81.32,966.47,209.6,,,,,,,472.317,0,27.31,82.56,957.07,172.8,,0,27.71,78.83,966.73,183
2026-07-21 10:36:12,2026-07-21 10:30:00,488.864,0,26.3,84.05,955.75,210.3,455.45,0,26.77,79.87,959.42,215,508.056,0,26.54,89.79,953.97,236.4,,,,,,,390.339,0,27.6,82.37,966.4,213.8,,,,,,,472.316,0,27.46,82.03,957.01,189.1,,0,27.81,80.13,966.71,184.9
2026-07-21 10:46:13,2026-07-21 10:40:00,488.883,0,26.25,83.8,955.69,185.2,455.45,0,26.82,78.83,959.38,203,508.056,0,26.74,85.89,953.84,233.4,,,,,,,390.344,0,27.59,81.28,966.34,195.4,,,,,,,472.317,0,27.48,83.63,956.96,156.4,,0,27.75,79.96,966.71,200.6
2026-07-21 10:56:12,2026-07-21 10:50:00,488.858,0,26.17,84.12,955.63,217.2,455.45,0,26.75,78.03,959.28,234.4,508.055,0,26.24,87.47,953.84,177.5,,,,,,,390.337,0,27.46,81.74,966.35,210.7,,,,,,,472.31,0,27.76,80,956.92,224,,0,28.13,80.45,966.59,237.5
2026-07-21 11:06:12,2026-07-21 11:00:00,488.855,0,26.38,82.49,955.59,297.4,455.45,0,26.86,79.15,959.26,272.4,508.056,0,26.61,89.75,953.82,253.3,478.12,0,26.4,88.9,956.3,282.5,390.341,0,27.86,80.73,966.2,250.6,,0,27.9,85.4,953.6,292.3,472.317,0,28.34,79.66,956.86,264.7,,0,28.47,79.93,966.49,256.9
2026-07-21 11:16:13,2026-07-21 11:10:00,488.871,0,26.66,80.58,955.54,322.5,455.45,0,27.3,77.4,959.29,327.2,508.056,0,27.4,83.51,953.73,269.3,,,,,,,390.337,0,28.01,80.84,966.24,247.8,,,,,,,472.317,0,28.9,77.49,956.86,322,,0,29.1,77.72,966.51,335.6
2026-07-21 11:26:14,2026-07-21 11:20:00,488.864,0,26.92,84.04,955.65,221.6,455.45,0,27.42,79.19,959.36,321.3,508.056,0,27.05,85.24,953.78,277.5,,,,,,,390.339,0,28.21,80.43,966.27,264.7,,,,,,,472.31,0,29.41,79.33,956.87,277.3,,0,29.5,77.59,966.56,301.3
2026-07-21 11:46:12,2026-07-21 11:40:00,488.871,0,26.96,78.7,955.44,301.7,455.45,0,27.61,76.72,959.16,378.2,508.055,0,27.91,81.03,953.62,431.8,,,,,,,390.336,0,28.21,79.39,966.14,199.8,,,,,,,472.317,0,28.37,75.93,956.73,337.4,,0,29.35,76.94,966.4,313.7
2026-07-21 11:56:12,2026-07-21 11:50:00,488.858,0,26.76,80.79,955.34,278.9,455.45,0,27.88,75.74,959.06,359.2,508.055,0,27.91,82.54,953.53,361.4,,,,,,,390.334,0,28.25,79.91,966.04,249.9,,,,,,,472.317,0,29.28,82.83,956.62,257.1,,0,29.52,75.95,966.27,313.4
2026-07-21 12:06:11,2026-07-21 12:00:00,488.852,0,26.72,81.4,955.34,203.9,455.45,0,27.57,76.76,959.01,242.5,508.055,0,27.61,82.07,953.5,252.4,478.12,0,27.4,86.2,956.1,245.5,390.334,0,28.41,79.06,966.01,286.7,,0,27.6,81.6,953.4,227.2,472.323,0,28.44,77.11,956.62,198.4,,0,30.03,73.38,966.26,324.1
2026-07-21 12:26:13,2026-07-21 12:20:00,488.862,0,27.36,79.33,955.17,366.1,455.45,0,27.85,75.91,958.78,432.4,508.055,0,27.88,82.38,953.3,361.5,,,,,,,390.337,0,28.36,78.89,965.86,289.1,,,,,,,472.317,0,27.89,78.72,956.5,307.6,,0,29.14,76.08,966.04,182.6
2026-07-21 12:36:13,2026-07-21 12:30:00,488.871,0,28.06,76.05,955.06,413.9,455.449,0,28.74,73.17,958.65,506.8,508.055,0,28.93,80.03,953.18,334.3,478.12,0,27.9,84.5,955.8,408,390.343,0,28.31,78.94,965.74,193.7,,0,28.4,78.6,953,449.2,472.317,0,29.24,81.34,956.33,444.5,,0,29.13,76.84,965.94,300.7
2026-07-21 12:46:13,2026-07-21 12:40:00,488.871,0,28.05,75.88,954.87,429.1,455.449,0,29.31,72.79,958.54,483.4,508.055,0,28.73,80.86,953.12,425.5,,,,,,,390.339,0,28.28,79.05,965.64,180.2,,,,,,,472.317,0,30.15,75.05,956.16,390.9,,0,30.81,72.7,965.77,505.9
2026-07-21 12:56:12,2026-07-21 12:50:00,488.878,0,28.24,75.43,954.78,374.1,455.45,0,29.64,75.43,958.45,363.1,508.055,0,28.9,79.25,952.96,421,,,,,,,390.34,0,29.08,77.3,965.41,398.1,,,,,,,472.317,0,29.61,73.93,956.12,258.2,,0,32.05,68.71,965.66,701.5
2026-07-21 13:06:12,2026-07-21 13:00:00,488.864,0,28.05,79.22,954.73,342.5,455.45,0,29.72,74.29,958.34,308.3,508.068,0,28.48,80.53,952.89,365.9,478.12,0,27.6,86.9,955.5,270,390.334,0,29.52,75.64,965.32,465.7,,0,29,74.6,952.7,467.1,472.31,0,29.82,77.96,955.98,293.9,,0,32.94,64.84,965.54,432.3
2026-07-21 13:26:15,2026-07-21 13:20:00,488.852,0,27.78,77.86,954.58,246.4,455.449,0,30.09,75.47,958.29,377,508.055,0,28.34,80.53,952.78,431,,,,,,,390.336,0,30.29,73.56,965.14,383.5,,,,,,,472.31,0,31.35,73.6,955.84,420.2,,0,31.1,72.92,965.33,433.7
2026-07-21 13:36:12,2026-07-21 13:30:00,488.858,0,28.16,77.81,954.44,317.4,455.449,0,29.71,76.88,958.11,408.4,508.061,0,29.5,78.77,952.62,593.3,478.12,0,28.9,86.6,955.3,420.2,390.334,0,30.21,74.06,965.02,353.3,,0,29.8,74.1,952.5,438,472.317,0,31.87,67.5,955.74,500.8,,0,32.33,66.15,965.19,575.3
2026-07-21 13:46:13,2026-07-21 13:40:00,488.889,0,28.2,76.47,954.34,310.1,455.45,0,30.39,75.08,958,488.1,508.055,0,28.95,81.49,952.51,495,,,,,,,390.337,0,30.14,73.8,964.87,311.6,,,,,,,472.322,0,31.24,72.34,955.6,326.7,,0,32.75,66.52,965.06,864.9
2026-07-21 13:56:12,2026-07-21 13:50:00,488.852,0,28.13,76.07,954.25,300.7,455.45,0,30.36,75.63,957.87,279.1,508.061,0,28.99,78.93,952.41,347.5,,,,,,,390.333,0,30.61,72.27,964.68,384.9,,,,,,,472.323,0,30.4,76.35,955.54,231.7,,0,32.83,64.96,964.97,421.5
2026-07-21 14:06:17,2026-07-21 14:00:00,488.858,0,28.2,77.41,954.12,233.5,455.449,0,30.01,75.75,957.69,261.9,508.055,0,28.55,79.52,952.3,328.1,478.12,0,28.4,84.6,954.8,249.4,390.337,0,30.73,72.22,964.56,391.8,,0,27.7,82.3,952.2,250.1,472.317,0,29.55,77.7,955.49,187.8,,0,32.19,67.56,964.8,423.1
2026-07-21 14:16:12,2026-07-21 14:10:00,488.846,0,28.03,78.66,954.1,250,455.449,0,29.45,76.71,957.65,287.2,508.055,0,28.48,82.2,952.16,242.7,,,,,,,390.333,0,31.11,70.39,964.53,621.6,,,,,,,472.31,0,28.9,83.47,955.39,324.2,,0,31.76,67.88,964.66,464.5
2026-07-21 14:26:12,2026-07-21 14:20:00,488.846,0,28.26,81.28,954.02,255.1,455.449,0,29.3,79,957.6,316.4,508.055,0,28.12,82.51,952.11,281.3,,,,,,,390.332,0,31.42,70.26,964.47,304.3,,,,,,,472.303,0,29.67,85.87,955.27,320.4,,0,31.65,69.03,964.61,416.1
2026-07-21 14:36:14,2026-07-21 14:30:00,488.846,0.4,26.15,92.85,953.81,272.4,455.449,0.4,28.15,84.82,957.52,330.7,508.061,0,28.65,80.82,952.04,305.6,478.12,0,28.4,88.4,954.6,294.5,390.336,0,31.1,71.21,964.31,369.5,,0,27.8,84.2,951.8,555.8,472.303,0,30.02,80.76,955.13,561.6,,0,31.12,70.94,964.48,466.6
2026-07-21 14:46:13,2026-07-21 14:40:00,488.846,1.4,27.34,86.13,953.65,300.8,455.45,0.6,28.14,83.75,957.31,333.7,508.055,0,27.97,86.1,951.87,294.8,,,,,,,390.327,0,30.97,70.62,964.1,377.8,,,,,,,472.31,0,30.74,78.03,954.94,349.4,,0,31.24,69.58,964.33,393.7
2026-07-21 14:56:12,2026-07-21 14:50:00,488.859,1.4,29.22,82.39,953.47,471.4,455.449,0.8,28.83,83.18,957.06,607.6,508.055,0,28,86.01,951.68,312.8,,,,,,,390.332,0,31.11,72.14,963.95,380,,,,,,,472.309,0,30.53,74.36,954.76,400.1,,0,31.16,70.98,964.16,408.2
2026-07-21 15:06:12,2026-07-21 15:00:00,488.864,1.4,30.55,80.24,953.22,449.4,455.443,0.8,31.77,82.15,956.82,787.2,508.048,0,27.93,84.05,951.47,347.6,478.12,0,28.8,87.9,954,395.2,390.337,0,31.14,70.66,963.81,354,,0,28.3,81.2,951.2,329.6,472.31,0,30.96,79.09,954.54,324.6,,0,32.08,71.03,963.91,492.4
2026-07-21 15:16:12,2026-07-21 15:10:00,488.858,0,30.03,79.13,953.1,307.5,455.45,0,31.5,77.19,956.7,425.6,508.048,0,28.37,84.34,951.19,382.5,,,,,,,390.325,0,30.19,73.39,963.66,332,,,,,,,472.31,0,30.77,78.29,954.4,392.1,,0,32.3,67.89,963.74,643.1
2026-07-21 15:26:12,2026-07-21 15:20:00,488.858,0,30.09,80.3,952.98,286.3,455.449,0,30.8,79.79,956.57,370,508.055,0,28.98,81.97,951.01,330.6,,,,,,,390.336,0,30.62,72.39,963.41,285.1,,,,,,,472.317,0,30.84,76.59,954.27,312.6,,0,30.93,71.94,963.6,282.8
2026-07-21 15:36:14,2026-07-21 15:30:00,488.858,0,29.81,82.99,952.97,260.9,455.449,0,30.15,80.39,956.52,352.5,508.055,0,29.07,80.5,950.99,260.9,478.12,0,28.5,87.2,953.7,282.2,390.333,0,30.52,73.06,963.33,268.3,,0,28.2,81.8,950.9,259.7,472.31,0,30.33,76.35,954.2,295.8,,0,31.14,70.1,963.46,325.7
2026-07-21 15:46:12,2026-07-21 15:40:00,488.852,0,29.7,84.73,952.86,199.7,455.449,0,29.81,80.9,956.46,293.6,508.055,0,28.62,82.1,950.96,232.9,,,,,,,390.338,0,30.32,74.37,963.41,235.1,,,,,,,472.317,0,30.33,76.75,954.15,226.1,,0,31.85,69.04,963.46,379.6
2026-07-21 15:56:13,2026-07-21 15:50:00,488.852,0,28.26,81.88,952.84,152.1,455.443,0,29.41,79.44,956.43,211.8,508.055,0,28.88,82.56,950.94,265.6,,,,,,,390.339,0,30.04,73.84,963.39,177.3,,,,,,,472.31,0,28.93,81.43,954.13,151.2,,0,31.31,69.09,963.37,262.5
2026-07-21 16:07:01,2026-07-21 16:00:00,488.839,0,27.17,88.45,952.84,127.9,455.449,0,29.1,79.62,956.43,152.8,508.055,0,27.98,82,950.98,193.4,478.12,0,28.2,88.1,953.6,188.1,390.341,0,29.65,76.17,963.36,125.3,,0,27.5,83.4,950.9,136.1,472.31,0,28.73,83.11,954.21,126.7,,0,30.31,71.59,963.42,172.9
2026-07-21 16:16:12,2026-07-21 16:10:00,488.839,0,26.65,92.01,952.95,141.2,455.449,0,28.28,83.95,956.51,138.5,508.061,0,27.5,83.99,950.98,141,,,,,,,390.343,0,29.35,76.21,963.34,81.6,,,,,,,472.31,0,28.03,81.55,954.23,113.7,,0,29.76,74.24,963.37,98.5
2026-07-21 16:26:12,2026-07-21 16:20:00,488.839,0.2,26.32,92.61,953,129.2,455.449,0,26.7,87.78,956.52,124,508.055,0,27.35,84.11,951.14,113.6,,,,,,,390.343,0,29.03,77.73,963.45,64.6,,,,,,,472.31,0,27.62,84.3,954.37,91.2,,0,29.23,76.19,963.48,64.8
2026-07-21 16:36:13,2026-07-21 16:30:00,488.833,0.2,26.35,86.96,953.01,89.5,455.45,0,26.48,86.45,956.49,88.5,508.056,0,27.06,85.32,951.22,84.5,478.12,0,26.9,88.1,953.9,82.2,390.338,0,28.91,77.84,963.51,62,,0,26.6,87.8,951.1,103.6,472.31,0,27.39,87.43,954.36,98.5,,0,28.69,77.66,963.57,41.4
2026-07-21 16:46:12,2026-07-21 16:40:00,488.839,0.2,26.44,90.57,952.92,106.4,455.45,0,26.51,87.61,956.51,100.2,508.056,0,26.68,90.02,951.19,75.2,,,,,,,390.343,0,28.82,79.61,963.57,79.3,,,,,,,472.303,0,27.35,89.02,954.38,126.5,,0,28.41,78.79,963.53,70.7
2026-07-21 16:56:12,2026-07-21 16:50:00,488.846,0.2,26.35,91.58,952.98,116.8,455.45,0,26.79,87.96,956.54,115.8,508.049,0,26.51,89.38,951.17,108,,,,,,,390.343,0,28.38,83.22,963.64,92.7,,,,,,,472.304,0,27.41,86.11,954.41,119.7,,0,28.58,79.03,963.6,129.5
2026-07-21 17:06:12,2026-07-21 17:00:00,488.839,0.2,26.34,91.37,953.04,106.4,455.45,0,27.03,88.07,956.61,110.7,508.049,0,26.38,87.65,951.23,107,478.12,0,26.5,90.4,953.8,94.9,390.341,0,27.97,83.07,963.63,44.4,,0,27,89.8,951.1,119.2,472.303,0,27.56,88.22,954.33,118.7,,0,28.8,79.26,963.52,126.4
2026-07-21 17:16:13,2026-07-21 17:10:00,488.846,0,26.23,92.94,952.97,129.5,455.45,0,27.02,87.41,956.56,132.4,508.049,0,26.27,88.61,951.27,66.5,,,,,,,390.339,0,27.87,83.58,963.53,76.8,,,,,,,472.31,0,27.36,86.8,954.4,169.4,,0,28.55,79.28,963.54,111.3
2026-07-21 17:26:12,2026-07-21 17:20:00,488.846,0,26.6,88.81,953.07,128.7,455.45,0,27.07,86.77,956.62,151.9,508.049,0,26.19,89.05,951.27,88.2,,,,,,,390.341,0,27.84,83.35,963.62,68.7,,,,,,,472.309,0,27.5,87.52,954.41,122.5,,0,28.16,80.3,963.65,134
2026-07-21 17:36:14,2026-07-21 17:30:00,488.833,0,26.28,88.76,953.23,92.9,455.45,0,27.36,87.16,956.8,115.6,508.049,0,26.33,88.86,951.4,116.3,478.12,0,26.7,90.5,954,123.3,390.344,0,27.6,83.66,963.88,52.3,,0,27.1,89.2,951.3,71.7,472.303,0,27.69,88.5,954.63,77.8,,0,27.96,80.22,963.87,93.3
2026-07-21 17:46:12,2026-07-21 17:40:00,488.833,0,26.32,94.19,953.37,54.2,455.449,0,27.01,87.59,956.94,68.3,508.049,0,26.38,90.48,951.54,73.6,,,,,,,390.34,0,27.31,86.14,963.94,34.5,,,,,,,472.303,0,27.04,89.44,954.75,41.7,,0,27.75,80.88,964.01,53.6
2026-07-21 17:56:13,2026-07-21 17:50:00,488.833,0,25.8,93.48,953.44,29.3,455.45,0,26.61,89.47,956.99,40.2,508.049,0,26.14,91.82,951.59,43.2,,,,,,,390.344,0,27.01,86.99,964.05,25.6,,,,,,,472.31,0,26.71,89.83,954.83,34.9,,0,27.45,82.75,964.06,29.8
2026-07-21 18:06:13,2026-07-21 18:00:00,488.832,0,25.58,95.93,953.53,21.9,455.45,0,26.35,89.45,957,27.2,508.049,0,25.86,90.68,951.66,42.9,,,,,,,390.345,0,26.91,87.15,964.08,17.7,,,,,,,472.303,0,26.37,90.35,954.91,18,,0,27.18,83.67,964.07,18.2
2026-07-21 18:16:13,2026-07-21 18:10:00,488.833,0,25.36,96.32,953.65,8.8,455.444,0,26.05,89.47,957.17,12.4,508.049,0,25.76,93.36,951.81,19.5,,,,,,,390.345,0,26.89,87.09,964.18,10.1,,,,,,,472.31,0,25.88,91.84,954.96,6.6,,0,27.04,84.35,964.19,12.2
2026-07-21 18:26:12,2026-07-21 18:20:00,488.833,0,25.14,95.91,953.65,4.8,455.45,0,25.93,90.7,957.26,8.3,508.05,0,25.49,93.77,951.88,8.5,,,,,,,390.344,0,26.86,87.46,964.2,6,,,,,,,472.303,0.2,25.48,93.48,955.03,4.9,,0,26.86,84.54,964.2,7.1
2026-07-21 18:36:12,2026-07-21 18:30:00,488.833,0,24.97,96.06,953.61,4.4,455.45,0,25.9,91.58,957.24,4.5,508.05,0,25.18,94.29,951.85,5.5,478.12,0,25.8,92.9,954.4,6.5,390.343,0,26.8,87.36,964.27,3.6,,0.2,24.8,96.8,951.8,1,472.303,0.2,25.16,94.13,955.16,1.1,,0,26.68,85.84,964.24,2.8
2026-07-21 18:46:13,2026-07-21 18:40:00,488.833,0,24.85,96.09,953.81,2.8,455.45,0,25.56,91.18,957.35,3.1,508.05,0,25.17,94.47,951.94,2.9,,,,,,,390.346,0,26.8,87.43,964.4,1.8,,,,,,,472.303,1,24.86,94.95,955.26,0.9,,0,26.56,85.9,964.41,0.7
2026-07-21 18:56:12,2026-07-21 18:50:00,488.833,0,24.95,96.93,953.78,1.5,455.45,0,25.26,91.29,957.38,1.8,508.05,0,25.04,94.28,951.95,1.2,,,,,,,390.347,0,26.78,88.06,964.4,0.7,,,,,,,472.303,1,24.71,95.21,955.21,0.3,,0,26.51,85.95,964.48,0
2026-07-21 19:06:13,2026-07-21 19:00:00,488.827,0,24.85,96.58,953.71,0.1,455.45,0,25.15,91.32,957.33,0.6,508.05,0,24.78,94.15,951.9,0.1,478.12,0,25.3,93.4,954.5,0.9,390.346,0,26.58,89.75,964.42,0.1,,0.6,24.3,97.4,951.8,0,472.303,1.2,24.65,95.48,955.11,0,,0.6,26.16,89.68,964.36,0
2026-07-21 19:16:12,2026-07-21 19:10:00,488.827,0,24.8,97.11,953.7,0,455.45,0,25.12,91.69,957.24,0.1,508.044,0,24.57,95.85,951.83,0,,,,,,,390.346,0,26.36,90.93,964.31,0,,,,,,,472.303,0,24.42,95.17,955.09,0,,0.4,25.78,91.12,964.26,0
2026-07-21 19:26:13,2026-07-21 19:20:00,488.827,0,24.59,96.31,953.66,0,455.45,0,24.97,91.17,957.21,0.2,508.043,0,24.54,95.69,951.72,0,,,,,,,390.348,0,26.31,90.7,964.28,0,,,,,,,472.297,0,24.42,95.54,955.06,0,,0.4,25.57,91.07,964.31,0
2026-07-21 19:36:14,2026-07-21 19:30:00,488.827,0,24.43,96.38,953.68,0,455.45,0,24.72,90.62,957.21,0.1,508.044,0,24.41,95.45,951.76,0,,,,,,,390.348,0,26.32,90.58,964.33,0,,,,,,,472.303,0,24.32,95.45,955.05,0,,0.4,25.49,90.96,964.33,0
2026-07-21 19:46:12,2026-07-21 19:40:00,488.827,0,24.4,95.59,953.71,0,455.45,0,24.71,90.79,957.25,0.1,508.043,0,24.39,96.14,951.89,0,,,,,,,390.348,0,26.3,90.55,964.34,0,,,,,,,472.303,0,24.08,95.21,955.14,0,,0.4,25.45,91.92,964.3,0
2026-07-21 19:56:12,2026-07-21 19:50:00,488.833,0,24.35,97.13,953.8,0,455.45,0,24.75,90.33,957.46,0.2,508.043,0,24.31,96.5,952.04,0,,,,,,,390.348,0,26.25,91.12,964.42,0,,,,,,,472.297,0,23.93,95.37,955.24,0,,0.4,25.44,92.01,964.55,0
2026-07-21 20:06:12,2026-07-21 20:00:00,488.82,0,24.63,93.95,953.89,0,455.444,0,25.52,87.17,957.55,0.1,508.043,0,24.15,96.42,952.28,0,478.12,0,24.6,93.7,954.8,0.2,390.351,0,26.1,91.6,964.6,0,,0,24.2,98.1,952,0,472.297,0,23.94,95.58,955.37,0,,0.4,25.46,92.54,964.72,0
2026-07-21 20:16:12,2026-07-21 20:10:00,488.82,0,25.19,90.23,954.01,0,455.45,0,25.5,87.17,957.67,0.1,508.044,0,24.15,96.75,952.26,0,,,,,,,390.348,0,26.11,90.97,964.74,0,,,,,,,472.303,0,23.99,95.92,955.42,0,,0,25.4,92.39,964.81,0
2026-07-21 20:26:12,2026-07-21 20:20:00,488.827,0,25.33,89.79,954.02,0,455.444,0,25.53,86.18,957.83,0.2,508.043,0,24.02,96.55,952.33,0,,,,,,,390.347,0,26.08,90.37,964.63,0,,,,,,,472.297,0,24.07,96.05,955.46,0,,0,25.35,92.61,964.74,0
2026-07-21 20:36:12,2026-07-21 20:30:00,488.807,0,24.98,89.51,954.01,0,455.444,0,25.25,86.37,957.83,0.2,508.044,0,23.95,96.84,952.32,0,478.12,0,24.5,94.1,954.9,0.2,390.347,0,25.97,90.07,964.76,0,,0,24,98.2,952.2,0,472.297,0,23.94,95.83,955.44,0,,0,25.18,91.78,964.85,0
2026-07-21 20:46:13,2026-07-21 20:40:00,488.859,0,24.67,92.01,954.17,0,455.45,0,24.87,87.4,957.88,0.1,508.043,0,23.88,96.74,952.32,0,,,,,,,390.347,0,25.86,89.7,964.87,0,,,,,,,472.298,0,23.91,95.83,955.48,0,,0,25.11,91.71,964.92,0
2026-07-21 20:56:13,2026-07-21 20:50:00,488.814,0,24.8,88.05,954.3,0,455.45,0,24.9,87.73,957.71,0.1,508.044,0,23.73,96.9,952.35,0,,,,,,,390.346,0,25.79,89.71,964.91,0,,,,,,,472.297,0,23.86,95.94,955.52,0,,0,25.07,91.68,964.92,0
2026-07-21 21:06:16,2026-07-21 21:00:00,488.82,0,24.77,88.1,954.33,0,455.451,0,24.95,87.45,957.93,0.2,508.043,0,23.72,97.06,952.5,0,478.12,0,24.3,94.2,955.1,0.2,390.346,0,25.63,88.73,964.91,0,,0,23.7,97.7,952.2,0,472.297,0,23.87,96.1,955.54,0,,0,24.94,89.5,965.03,0
2026-07-21 21:16:13,2026-07-21 21:10:00,488.827,0,24.85,87.79,954.34,0,455.444,0,24.78,87.02,957.99,0.1,508.044,0,23.68,97.04,952.59,0,,,,,,,390.341,0,25.46,88.25,965.16,0,,,,,,,472.297,0,23.83,96.11,955.7,0,,0,25.03,89.86,965.2,0
2026-07-21 21:26:13,2026-07-21 21:20:00,488.841,0,24.94,88.03,954.54,0,455.45,0,24.51,86.77,958.15,0.2,508.043,0,23.65,97.25,952.72,0,,,,,,,390.345,0,25.39,88.95,965.29,0,,,,,,,472.297,0,23.72,95.89,956,0,,0,24.83,89.75,965.4,0
2026-07-21 21:36:14,2026-07-21 21:30:00,488.865,0,24.9,86.62,954.71,0,455.451,0,24.94,85.84,958.36,0.1,508.044,0,23.61,97.49,952.91,0,478.12,0,24.1,94.3,955.6,0.2,390.344,0,25.39,88.9,965.49,0,,0,23.6,97.8,952.8,0,472.297,0,23.6,95.71,956.12,0,,0,24.7,89.89,965.56,0
2026-07-21 21:46:12,2026-07-21 21:40:00,488.827,0,24.75,89.74,955.01,0,455.45,0,24.95,85.49,958.59,0.1,508.043,0,23.51,97.72,953.17,0,,,,,,,390.35,0,25.35,89.77,965.59,0,,,,,,,472.303,0,23.56,95.92,956.29,0,,0,24.73,90.38,965.78,0
2026-07-21 21:56:13,2026-07-21 21:50:00,488.807,0,24.77,87.59,955.05,0,455.45,0,25.08,85.35,958.74,0.2,508.043,0,23.48,97.45,953.27,0,,,,,,,390.35,0,25.25,90.37,965.75,0,,,,,,,472.303,0,23.45,95.67,956.52,0,,0,24.68,90.56,965.92,0
2026-07-21 22:06:12,2026-07-21 22:00:00,488.835,0,24.9,88.26,955.2,0,455.45,0,24.97,84.79,958.96,0.1,508.044,0,23.49,97.14,953.45,0,478.12,0,23.6,93.4,956.1,0.2,390.35,0,25.17,90.3,965.89,0,,0,23.9,98,953.3,0,472.297,0,23.46,96.03,956.65,0,,0,24.68,89.89,965.99,0
2026-07-21 22:16:12,2026-07-21 22:10:00,488.814,0,24.78,88.86,955.31,0,455.45,0,24.88,86.49,958.85,0.1,508.043,0,23.82,95.51,953.54,0,,,,,,,390.351,0,25.14,90.62,966.03,0,,,,,,,472.297,0,23.29,95.82,956.58,0,,0,24.73,91,966.1,0
2026-07-21 22:26:13,2026-07-21 22:20:00,488.833,0,24.62,88.57,955.34,0,455.45,0,24.9,86.52,958.9,0.1,508.043,0,23.61,95.53,953.46,0,,,,,,,390.35,0,25.1,90.68,965.9,0,,,,,,,472.297,0,23.08,95.43,956.51,0,,0,24.63,89.99,965.98,0
2026-07-21 22:46:13,2026-07-21 22:40:00,488.833,0,24.78,89.11,955.16,0,455.45,0,24.91,86.74,958.76,0.1,508.044,0,23.31,96.39,953.41,0,,,,,,,390.348,0,24.89,91.89,965.89,0,,,,,,,472.303,0,22.93,95.61,956.48,0,,0,24.45,89.11,965.96,0
2026-07-21 22:56:14,2026-07-21 22:50:00,488.859,0,24.84,88.76,955.33,0,455.45,0,24.91,85.81,958.7,0.2,508.044,0,23.27,97.33,953.4,0,,,,,,,390.351,0,24.79,92.3,965.85,0,,,,,,,472.297,0,22.87,95.71,956.53,0,,0,24.31,89.32,965.97,0
2026-07-21 23:06:12,2026-07-21 23:00:00,488.82,0,24.74,88.56,955.48,0,455.45,0,25.14,85.5,958.85,0.2,508.044,0,22.97,96.19,953.49,0,478.12,0,23.2,93.5,956.1,0.2,390.35,0,24.76,92.64,965.95,0,,0,22.9,98,953.3,0,472.297,0,22.73,95.68,956.61,0,,0,24.28,91.24,966.02,0
2026-07-21 23:16:13,2026-07-21 23:10:00,488.82,0,24.84,86.9,955.44,0,455.45,0,25.21,84.77,958.88,0.1,508.044,0,22.87,96.66,953.46,0,,,,,,,390.352,0,24.66,92.86,965.98,0,,,,,,,472.297,0,22.7,95.89,956.54,0,,0,24.21,91.91,966.06,0
2026-07-21 23:26:14,2026-07-21 23:20:00,488.82,0,24.84,89.39,955.3,0,455.45,0,25.15,85.67,958.82,0.2,508.044,0,22.8,96.97,953.4,0,,,,,,,390.351,0,24.55,92.83,965.94,0,,,,,,,472.297,0,22.71,96.1,956.51,0,,0,24.11,92.08,965.91,0
2026-07-21 23:36:12,2026-07-21 23:30:00,488.82,0,24.43,91.6,955.33,0,455.45,0,25.31,84.69,958.82,0.1,508.044,0,22.83,97.49,953.31,0,478.12,0,23.1,94.1,955.9,0.2,390.345,0,24.49,92.69,965.87,0,,0,22.9,98.1,953.2,0,472.297,0,22.73,96.11,956.41,0,,0,24.08,92.2,965.9,0
2026-07-21 23:46:13,2026-07-21 23:40:00,488.82,0,24.73,87.47,955.27,0,455.444,0,25.31,85.37,958.73,0.2,508.044,0,22.77,97.3,953.31,0,,,,,,,390.35,0,24.51,92.62,965.82,0,,,,,,,472.297,0,22.91,96.3,956.37,0,,0,24.1,92.07,965.9,0
2026-07-21 23:56:13,2026-07-21 23:50:00,488.82,0,24.85,90.83,955.2,0,455.45,0,25.38,84.36,958.66,0.2,508.044,0,22.78,97.72,953.29,0,,,,,,,390.348,0,24.47,91.83,965.74,0,,,,,,,472.297,0,22.9,96.2,956.31,0,,0,24.1,91.51,965.9,0
2026-07-22 00:06:12,2026-07-22 00:00:00,488.814,0,24.9,88.12,954.97,0,455.444,0,25.32,85.76,958.52,0.2,508.044,0,22.82,97.54,953.14,0,478.11,0,23.2,94.1,955.7,0.2,390.35,0,24.42,91.92,965.56,0,,0,23,97.9,952.9,0,472.297,0,22.84,96.24,956.12,0,,0,24.04,91.45,965.66,0
2026-07-22 00:16:15,2026-07-22 00:10:00,488.814,0,24.67,89.36,954.84,0,455.45,0,25.22,84.97,958.38,0.2,508.044,0,22.76,97.43,952.96,0,,,,,,,390.347,0,24.35,91.58,965.38,0,,,,,,,472.297,0,22.74,96.19,955.98,0,,0,23.93,91.06,965.56,0
2026-07-22 00:26:12,2026-07-22 00:20:00,488.814,0,24.9,87.95,954.8,0,455.444,0,25.18,84.84,958.42,0.1,508.044,0,22.67,97.14,952.88,0,,,,,,,390.35,0,24.32,91.23,965.45,0,,,,,,,472.297,0,22.74,96.31,955.94,0,,0,23.83,90.46,965.49,0
2026-07-22 00:36:12,2026-07-22 00:30:00,488.807,0,24.83,87.18,954.69,0,455.447,0,25.01,85.81,958.35,0.2,508.044,0,22.57,97.62,952.9,0,478.11,0,23,94.2,955.4,0.2,390.348,0,24.34,91.37,965.46,0,,0,22.8,98,952.6,0,472.297,0,22.68,96.37,955.87,0,,0,24,89.85,965.46,0
2026-07-22 00:46:13,2026-07-22 00:40:00,488.814,0,24.26,91.11,954.65,0,455.45,0,25.31,84.35,958.33,0.1,508.044,0,22.4,97.88,952.72,0,,,,,,,390.35,0,24.38,91.2,965.35,0,,,,,,,472.297,0,22.68,96.34,955.81,0,,0,24.07,89.82,965.41,0
2026-07-22 00:56:12,2026-07-22 00:50:00,488.814,0,24.25,90.19,954.46,0,455.45,0,25.22,85.33,958.18,0.2,508.044,0,22.38,98.16,952.63,0,,,,,,,390.348,0,24.4,91.02,965.09,0,,,,,,,472.297,0,22.81,95.95,955.62,0,,0,24.04,90.65,965.27,0
2026-07-22 01:06:12,2026-07-22 01:00:00,488.814,0,24.22,90.61,954.27,0,455.444,0,25.38,83.6,957.96,0.1,508.044,0,22.39,98.23,952.47,0,478.11,0,22.7,94,955,0.2,390.347,0,24.35,91.12,964.96,0,,0,22.9,98.8,952.3,0,472.297,0,22.83,95.97,955.49,0,,0,23.87,90.85,965.07,0
2026-07-22 01:16:13,2026-07-22 01:10:00,488.814,0,24.29,89.29,954.21,0,455.444,0,25.32,84.46,957.81,0.1,508.044,0,22.32,98.05,952.31,0,,,,,,,390.344,0,24.35,90.93,964.89,0,,,,,,,472.297,0,22.87,96.16,955.38,0,,0,23.76,91.02,964.92,0
2026-07-22 01:26:12,2026-07-22 01:20:00,488.814,0,24.53,89.05,954.21,0,455.444,0,25.33,84.01,957.88,0.2,508.044,0,22.26,98.35,952.29,0,,,,,,,390.347,0,24.3,91.29,964.79,0,,,,,,,472.297,0,22.98,96.45,955.33,0,,0,23.74,90.79,964.92,0
2026-07-22 01:36:12,2026-07-22 01:30:00,488.814,0,24.37,89.09,954.14,0,455.45,0,25.26,84.23,957.76,0.1,508.044,0,22.26,98.47,952.4,0,478.11,0,22.7,94.4,954.9,0.2,390.348,0,24.25,91.35,964.7,0,,0,22.9,98.4,952.1,0,472.297,0,22.84,96.27,955.4,0,,0,23.74,90.63,964.82,0
2026-07-22 01:46:12,2026-07-22 01:40:00,488.814,0,24.46,88.98,954.14,0,455.45,0,25.25,85.08,957.56,0.1,508.044,0,22.29,98.34,952.29,0,,,,,,,390.344,0,24.27,91.48,964.73,0,,,,,,,472.297,0,22.84,96.44,955.28,0,,0,23.74,90.52,964.86,0
2026-07-22 01:56:12,2026-07-22 01:50:00,488.814,0,24.46,88.79,954.02,0,455.45,0,25.22,85.07,957.48,0.2,508.044,0,22.26,98.16,952.24,0,,,,,,,390.344,0,24.3,91.26,964.69,0,,,,,,,472.297,0,22.73,96.33,955.27,0,,0,23.79,90.72,964.77,0
2026-07-22 02:16:12,2026-07-22 02:10:00,488.814,0,24.64,89.6,953.98,0,455.444,0,25.22,84.52,957.54,0.1,508.044,0,22.32,98.37,952.34,0,,,,,,,390.341,0,24.28,91.53,964.67,0,,,,,,,472.297,0,22.75,96.35,955.28,0,,0,23.82,90.47,964.86,0
2026-07-22 02:26:12,2026-07-22 02:20:00,488.802,0,24.73,89.15,954.07,0,455.451,0,25.17,84.89,957.6,0.1,508.044,0,22.4,98.29,952.31,0,,,,,,,390.344,0,24.24,91.54,964.76,0,,,,,,,472.297,0,22.74,96.47,955.37,0,,0,23.76,90.68,964.91,0
2026-07-22 02:36:12,2026-07-22 02:30:00,488.807,0,24.73,88.99,954.08,0,455.45,0,25.21,86.43,957.71,0.2,508.044,0,22.53,98.13,952.4,0,478.11,0,23,94.7,954.9,0.2,390.344,0,24.21,92.02,964.88,0,,0,22.7,99.1,952.3,0,472.297,0,22.78,96.62,955.48,0,,0,23.76,90.76,964.99,0
2026-07-22 02:46:12,2026-07-22 02:40:00,488.8,0,24.8,89.31,954.05,0,455.444,0,25.21,85.07,957.65,0.1,508.044,0,22.5,98.12,952.4,0,,,,,,,390.344,0,24.23,92.02,964.81,0,,,,,,,472.297,0,22.81,96.66,955.43,0,,0,23.79,90.83,964.92,0
2026-07-22 02:56:17,2026-07-22 02:50:00,488.807,0,24.77,89.15,954.26,0,455.444,0,25.17,84.69,957.89,0.2,508.044,0,22.59,98.35,952.51,0,,,,,,,390.344,0,24.24,92.14,964.9,0,,,,,,,472.297,0,22.89,96.66,955.59,0,,0,23.79,90.71,965.08,0
2026-07-22 03:16:13,2026-07-22 03:10:00,488.82,0,24.88,89.2,954.3,0,455.444,0,25.19,84.4,957.92,0.2,508.044,0,22.56,97.74,952.56,0,,,,,,,390.351,0,24.28,92.18,965.01,0,,,,,,,472.297,0,22.86,96.59,955.68,0,,0,23.84,91.04,965.16,0
2026-07-22 03:26:13,2026-07-22 03:20:00,488.788,0,24.77,89.18,954.37,0,455.444,0,25.18,85.07,957.98,0.1,508.044,0,22.62,97.76,952.63,0,,,,,,,390.35,0,24.23,92.12,965.07,0,,,,,,,472.297,0,22.87,96.64,955.74,0,,0,23.82,91.2,965.2,0
2026-07-22 03:36:15,2026-07-22 03:30:00,488.814,0,24.73,89.06,954.4,0,455.444,0,25.19,83.92,958.09,0.1,508.044,0,22.62,97.95,952.69,0,478.11,0,23.4,93.8,955.1,0.2,390.35,0,24.25,92.46,965.13,0,,0,22.8,98.8,952.6,0,472.297,0,23,96.77,955.73,0,,0,23.82,90.91,965.26,0
2026-07-22 03:46:12,2026-07-22 03:40:00,488.84,0,24.73,89.59,954.51,0,455.444,0,25.19,83.94,958.15,0.1,508.044,0,22.67,97.76,952.75,0,,,,,,,390.351,0,24.27,92.43,965.23,0,,,,,,,472.297,0,22.93,96.67,955.84,0,,0,23.83,90.93,965.4,0
2026-07-22 03:56:13,2026-07-22 03:50:00,488.807,0,24.84,89.47,954.48,0,455.444,0,25.21,84.61,958.15,0.1,508.043,0.2,22.62,98.12,952.8,0,,,,,,,390.348,0,24.34,92.12,965.26,0,,,,,,,472.297,0,23,96.69,955.85,0,,0,23.86,90.3,965.46,0
2026-07-22 04:06:15,2026-07-22 04:00:00,488.82,0,24.8,87.35,954.49,0,455.444,0,25.18,83.6,958.22,0.2,508.044,0.8,22.46,98.94,952.83,0,478.11,0.2,23.2,94.9,955.3,0.2,390.352,0,24.37,92.35,965.28,0,,0,22.9,98.6,952.6,0,472.297,0,23.04,96.57,955.93,0,,0,23.89,91.04,965.4,0
2026-07-22 04:16:12,2026-07-22 04:10:00,488.8,0,24.83,87.97,954.54,0,455.444,0,25.12,83.22,958.2,0.1,508.044,0,22.53,99.25,952.81,0,,,,,,,390.35,0,24.38,92.87,965.28,0,,,,,,,472.297,0,23.07,96.57,955.95,0,,0,23.91,90.43,965.51,0
2026-07-22 04:26:20,2026-07-22 04:20:00,488.827,0,24.8,86.34,954.6,0,455.444,0,25.12,84.31,958.25,0.1,508.043,0,22.46,99.33,952.81,0,,,,,,,390.354,0,24.37,92.54,965.31,0,,,,,,,472.297,0,23.05,96.63,955.99,0,,0,23.97,90.48,965.56,0
2026-07-22 04:36:12,2026-07-22 04:30:00,488.8,0,23.46,96.41,954.64,0,455.444,0,24.4,87.61,958.37,0.1,508.044,0,22.62,99.29,952.8,0,,,,,,,390.352,0,24.37,93.23,965.27,0,,,,,,,472.297,0,23.02,96.71,955.97,0,,0,23.97,90.83,965.54,0
2026-07-22 04:46:12,2026-07-22 04:40:00,488.8,0,23.41,96.51,954.63,0,455.444,0,23.75,90.21,958.32,0.1,508.044,0,22.47,99.22,952.87,0,,,,,,,390.351,0,24.25,93.39,965.22,0,,,,,,,472.297,0,23,96.53,955.89,0,,0,24.03,91.75,965.42,0
2026-07-22 04:56:12,2026-07-22 04:50:00,488.8,0,24.01,93.34,954.6,0,455.444,0.2,23.51,91.95,958.33,0.1,508.044,0.2,22.4,99.47,952.89,0,,,,,,,390.351,0,24.24,93.28,965.33,0,,,,,,,472.297,0,23,96.41,955.95,0,,0,23.95,91.69,965.52,0
2026-07-22 05:06:12,2026-07-22 05:00:00,488.8,0,24.02,91.4,954.64,0,455.444,0.2,23.35,92.04,958.33,0.1,508.044,0.8,22.43,99.47,952.88,0,478.11,0.8,23.2,95.4,955.4,0.2,390.353,0,24.24,93.24,965.35,0,,0.2,23,99.3,952.7,0,472.297,0,23,96.65,955.91,0,,0,23.95,92.04,965.57,0
2026-07-22 05:16:35,2026-07-22 05:10:00,488.8,0,24.2,90.78,954.6,0,455.444,0,23.31,92.62,958.33,0.1,508.044,0,22.38,99.5,952.93,0,,,,,,,390.35,0,24.24,94.02,965.38,0,,,,,,,472.297,0.2,22.89,96.72,955.85,0,,0,23.86,91.92,965.56,0
2026-07-22 05:26:12,2026-07-22 05:20:00,488.794,0,24.22,90.66,954.57,0,455.444,0,23.17,92.68,958.27,0.1,508.044,0.2,22.5,99.57,952.87,0,,,,,,,390.35,0.2,24.14,94.57,965.36,0,,,,,,,472.297,0.6,22.89,96.75,955.89,0,,0.2,23.8,92.44,965.54,0
2026-07-22 05:36:13,2026-07-22 05:30:00,488.801,0,23.94,92.51,954.47,0,455.444,0,23.14,93.03,958.21,0.1,508.044,0.2,22.52,99.61,952.71,0,478.11,0.2,22.8,95.5,955.2,0.2,390.352,0.2,23.93,94.69,965.24,0,,1,22.8,99.9,952.5,0,472.297,0.8,22.93,96.91,955.79,0,,0.4,23.69,92.71,965.52,0
2026-07-22 05:46:12,2026-07-22 05:40:00,488.794,0.2,22.79,97.73,954.44,0,455.444,0.2,23.06,93.21,958.13,0.1,508.044,0.4,22.49,99.57,952.72,0,,,,,,,390.352,0.2,23.89,95.06,965.28,0,,,,,,,472.297,0.8,22.86,96.95,955.87,0,,1.2,23.56,93.22,965.4,0
2026-07-22 05:56:13,2026-07-22 05:50:00,488.788,0.2,23.01,97.87,954.5,0.3,455.444,0.2,23.06,93.45,958.18,0.9,508.044,0.4,22.45,99.71,952.75,0.3,,,,,,,390.352,0.4,23.82,95.11,965.34,0.8,,,,,,,472.297,0.8,22.9,97.02,955.81,0,,1.2,23.51,93.64,965.48,0
2026-07-22 06:06:12,2026-07-22 06:00:00,488.794,0.2,22.99,97.95,954.53,2.8,455.444,0.2,22.97,93.48,958.21,3.7,508.044,0.6,22.52,99.8,952.67,3.4,478.11,0.4,22.8,95.5,955.2,4.5,390.343,0.6,23.82,95.27,965.33,3.1,,1,22.7,100,952.5,1.5,472.297,0.8,22.83,97.04,955.84,1.7,,1.2,23.55,93.74,965.53,2.2
2026-07-22 06:26:12,2026-07-22 06:20:00,488.8,0,23.27,97.84,954.51,15.3,455.444,0,22.96,93.21,958.23,18.4,508.044,0,22.38,99.82,952.83,10.9,,,,,,,390.345,0.2,23.8,95.59,965.41,16.1,,,,,,,472.297,0,22.91,97.03,956.02,11.9,,0,23.56,93.56,965.52,10.7
2026-07-22 06:36:12,2026-07-22 06:30:00,488.795,0,23.07,97.78,954.62,17.9,455.444,0,23.13,93.03,958.34,23.4,508.044,0,22.56,,952.84,16.1,478.11,0.2,22.8,95.5,955.4,20.6,390.341,0.2,23.87,95.48,965.52,19.2,,0,22.8,99.9,952.8,10.5,472.297,0,23.05,96.99,956,14.5,,0,23.62,93.35,965.65,16
2026-07-22 06:46:13,2026-07-22 06:40:00,488.794,0,23.79,93.38,954.66,15.8,455.444,0,23.13,92.75,958.43,20.5,508.044,0,22.46,99.92,952.99,23.7,,,,,,,390.346,0.2,23.96,95.39,965.58,30.9,,,,,,,472.297,0,22.97,96.87,956.15,10.8,,0,23.73,93.25,965.78,29.2
2026-07-22 06:56:12,2026-07-22 06:50:00,488.8,0,24.39,89.8,954.85,19.8,455.444,0,23.29,93.12,958.58,19.9,508.044,0,22.43,99.79,953.05,31.8,,,,,,,390.35,0.2,24.08,95.32,965.65,34.6,,,,,,,472.297,0,22.97,96.61,956.25,18.2,,0.4,23.79,93.02,965.83,28
2026-07-22 07:06:12,2026-07-22 07:00:00,488.8,0,24.7,86.61,954.95,40.3,455.444,0,23.32,92.73,958.69,40.7,508.044,0,22.52,99.67,953.16,45.4,,,,,,,390.343,0.2,24.15,95.14,965.68,34.4,,,,,,,472.297,0,23.12,96.56,956.37,38.7,,0.4,23.9,93.1,965.85,31.3
2026-07-22 07:16:13,2026-07-22 07:10:00,488.794,0,24.78,88.74,955.09,59.3,455.444,0,23.58,91.82,958.78,61,508.044,0,22.63,99.55,953.26,43.7,,,,,,,390.346,0,24.32,94.89,965.77,47.6,,,,,,,472.297,0,23.38,96.32,956.4,50.1,,0,23.95,92.84,966.05,43.9
2026-07-22 07:26:13,2026-07-22 07:20:00,488.8,0,24.85,89.24,955.16,59.8,455.444,0,24.47,87.49,958.83,69.6,508.044,0,22.87,99.57,953.32,57.5,,,,,,,390.345,0,24.48,94.47,965.88,82.4,,,,,,,472.297,0,23.84,96.46,956.41,70.8,,0.2,24.2,92.56,966.08,73.3
2026-07-22 07:36:12,2026-07-22 07:30:00,488.788,0,24.84,89.37,955.21,79.3,455.444,0,24.94,86.68,958.86,91.4,508.044,0,23,99.46,953.39,61.4,478.11,0,23.6,95.6,955.9,70.4,390.348,0,24.69,93.84,965.94,71.8,,0,23.7,97.9,953.3,83.3,472.297,0,24.1,95.53,956.51,75.9,,0.2,24.55,91.58,966.1,93.5
2026-07-22 07:46:14,2026-07-22 07:40:00,488.769,0,24.75,90.37,955.15,133.1,455.444,0,25.02,85.58,958.86,135.6,508.044,0,23.19,99.2,953.37,96.1,,,,,,,390.341,0,24.94,93.5,965.93,89,,,,,,,472.297,0,24.42,94.58,956.55,139.9,,0.2,24.9,91.02,966.19,110.7
2026-07-22 07:56:13,2026-07-22 07:50:00,488.788,0,24.94,90.39,955.19,149.6,455.444,0,25.32,84.9,958.93,182.6,508.043,0,23.62,97.84,953.53,129.9,,,,,,,390.344,0,25.1,92.41,965.95,100.3,,,,,,,472.297,0,24.85,94.08,956.51,182.4,,0.2,25.59,89.98,966.27,153.5
2026-07-22 08:16:11,2026-07-22 08:10:00,488.794,0,24.75,91.21,955.42,102.5,455.444,0,24.92,86.97,959.04,141.1,508.043,0,24.5,94.56,953.58,137.9,,,,,,,390.347,0,25.46,91.97,966.07,118.8,,,,,,,472.303,0,25.54,92.52,956.58,133.3,,0,26.01,88.61,966.29,171.1
2026-07-22 08:26:12,2026-07-22 08:20:00,488.827,0,24.75,88.5,955.61,111.2,455.444,0,25.26,87.31,959.12,179.9,508.043,0,24.47,95.43,953.63,140.3,,,,,,,390.344,0,25.46,92.88,966.07,106.6,,,,,,,472.303,0,26.03,91.84,956.72,176.3,,0,26.23,88.73,966.34,100.5
2026-07-22 08:36:11,2026-07-22 08:30:00,488.8,0,24.78,89.49,955.78,102.4,455.444,0,25.31,85.19,959.22,202.5,508.038,0,24.94,95.29,953.76,228.4,478.11,0,24.4,92,956.3,181.6,390.348,0.2,25.29,93.27,966.22,149.6,,0,25.1,94.6,953.6,139.4,472.31,0,26.06,89.42,956.9,126,,0,26.26,86.89,966.47,160.7
2026-07-22 08:46:12,2026-07-22 08:40:00,488.8,0,24.95,88.11,955.78,122.9,455.444,0,25.59,84.82,959.23,231.6,508.043,0.4,25.43,93.85,953.78,216.5,,,,,,,390.348,0.2,25.54,93,966.27,233.6,,,,,,,472.31,0,26,87.95,956.89,192.9,,0,26.93,80.57,966.55,236.4
2026-07-22 08:56:13,2026-07-22 08:50:00,488.807,0,25.38,87.39,955.81,199.7,455.444,0,25.94,82.34,959.27,321.4,508.043,0.4,25.99,93.18,953.86,245.5,,,,,,,390.348,0.2,26.03,91.69,966.25,202.8,,,,,,,472.31,0,26.08,88.11,956.83,263.7,,0,28.03,80.41,966.53,302.5
2026-07-22 09:06:11,2026-07-22 09:00:00,488.794,0,25.58,86.02,955.7,246.4,455.444,0,26.14,81.85,959.23,332.3,508.043,0.6,26.82,87.27,953.8,351.5,478.11,0,25.3,91.1,956.3,372.5,390.346,0.2,26.44,91.27,966.3,182.3,,0,26.3,86.4,953.6,229.9,472.309,0,26.58,85.62,956.83,257.8,,0,28.28,78.79,966.6,220
2026-07-22 09:16:14,2026-07-22 09:10:00,488.807,0,25.67,85.05,955.71,257.6,455.444,0,26.07,83.18,959.23,310.5,508.043,0,27.32,86.39,953.83,300.3,,,,,,,390.343,0,26.73,90.13,966.3,230.9,,,,,,,472.303,0,27.09,88.38,956.78,335.6,,0,28.62,76.49,966.53,278.4
2026-07-22 09:26:11,2026-07-22 09:20:00,488.807,0,25.88,86.03,955.68,293.6,455.444,0,26.35,83.19,959.18,345.4,508.043,0,27.28,85.73,953.86,282.6,,,,,,,390.345,0,26.87,87.66,966.17,266.5,,,,,,,472.304,0,27.98,83.74,956.65,537.4,,0,29.52,75.6,966.43,407.5
2026-07-22 09:36:11,2026-07-22 09:30:00,488.806,0,26.54,82.86,955.66,347.5,455.444,0,26.77,81.44,959.26,432.1,508.05,0,26.74,88.89,953.83,332.2,478.11,0,26.6,88.4,956.3,512.5,390.339,0,27.26,86.93,966.11,330.5,,0,26.8,82.9,953.4,892.7,472.31,0,27.84,83.14,956.74,476,,0,30.55,68.76,966.47,435.9
2026-07-22 09:46:12,2026-07-22 09:40:00,488.813,0,27.18,82.16,955.69,388,455.444,0,27.12,81.92,959.25,431.6,508.043,0,28.92,82.35,953.72,593.8,,,,,,,390.336,0,27.49,84.89,966.22,361.6,,,,,,,472.31,0,28.59,82.04,956.78,431.4,,0,32.4,66.28,966.46,753.6
2026-07-22 09:56:13,2026-07-22 09:50:00,488.819,0,27.79,79.62,955.57,683.7,455.444,0,27.8,79.31,959.23,970.4,508.055,0,28.09,85.09,953.86,528.9,,,,,,,390.334,0,28,84.57,966.2,543,,,,,,,472.31,0,29.79,76.85,956.77,718.4,,0,31.09,71.01,966.45,314.6
2026-07-22 10:06:11,2026-07-22 10:00:00,488.768,0,27.49,80.58,955.52,695.1,455.443,0,28.14,76.04,959.22,693,508.048,0,28.51,81.88,953.73,627.2,,,,,,,390.336,0,28.38,82.9,966.14,492.4,,,,,,,472.31,0,31.24,74.37,956.73,877.2,,0,32.64,64.46,966.38,849.9
2026-07-22 10:16:13,2026-07-22 10:10:00,488.806,0,27.2,79.26,955.52,410.7,455.443,0,28,78.64,959.26,546.3,508.061,0,28.52,81.97,953.76,976.8,,,,,,,390.341,0,28.5,81.61,966.13,299.6,,,,,,,472.31,0,31.53,67.62,956.78,407.8,,0,32.43,65,966.43,618.7
2026-07-22 10:26:13,2026-07-22 10:20:00,488.813,0,26.93,79.71,955.59,795.9,455.444,0,28.42,75.64,959.33,1033.7,508.055,0,29.41,78.14,953.82,932.9,,,,,,,390.341,0,28.8,80.21,966.13,684.5,,,,,,,472.317,0,32.21,74.79,956.81,533.8,,0,31.55,70.45,966.43,601.3
2026-07-22 10:36:12,2026-07-22 10:30:00,488.827,0,27.33,80.52,955.62,323.9,455.443,0,28.56,75.36,959.2,1063,508.061,0,30.23,77.26,953.84,1036.3,,,,,,,390.338,0,29.37,77.73,966.2,820.9,,,,,,,472.31,0,33.06,71.73,956.88,322.5,,0,33.57,63.02,966.48,367.6
2026-07-22 10:46:12,2026-07-22 10:40:00,488.806,0,27.26,80.46,955.77,345.6,455.444,0,28.53,74.56,959.3,1134.3,508.068,0,29.54,75.53,953.81,416.1,,,,,,,390.337,0,29.97,75.85,966.13,715.5,,,,,,,472.31,0,34.43,63.74,956.85,1033.3,,0,33.05,65.43,966.42,444.3
2026-07-22 10:56:12,2026-07-22 10:50:00,488.794,0,27.13,82.46,955.74,318.4,455.443,0,28.7,74.03,959.29,728,508.061,0,28.86,77.84,953.85,487.4,,,,,,,390.343,0,29.65,76.02,966.21,676.7,,,,,,,472.317,0,34.91,63.13,956.85,469.9,,0,33.77,60.28,966.45,1016.2
2026-07-22 11:06:12,2026-07-22 11:00:00,488.781,0,26.55,82.61,955.42,320.6,455.444,0,28.96,75.63,959.16,1094.8,508.061,0,27.88,79.14,953.65,475.8,478.1,0,29.1,84.3,956.3,581.4,390.331,0,29.21,75.68,966.29,437.2,,0,30.3,70.3,953.4,618.8,472.317,0,33.47,59.83,956.82,563.6,,0,32.68,65.13,966.42,787.6
2026-07-22 11:16:12,2026-07-22 11:10:00,488.794,0,27.04,82.51,955.49,1110.2,455.443,0,28.82,75.78,959.11,,508.055,0,29.21,76.47,953.62,980.1,,,,,,,390.334,0,29.65,71.49,966.14,185,,,,,,,472.317,0,34.97,64.48,956.7,353.8,,0,34.05,62.94,966.34,872.1
2026-07-22 11:26:12,2026-07-22 11:20:00,488.833,0,27.38,81.76,955.43,877.1,455.436,0,28.82,75.54,959,948.7,508.061,0,29.71,74.9,953.59,1166,,,,,,,390.341,0,30.32,71.16,966.02,707.9,,,,,,,472.317,0,31.67,72.2,956.75,430.9,,0,33.41,61.83,966.17,850.3
2026-07-22 11:36:11,2026-07-22 11:30:00,488.832,0,27.73,78.66,955.48,1013.9,455.436,0,29.02,74.42,959.06,944.8,508.061,0,29.77,75.58,953.62,402,478.1,0,28.7,81.4,956.3,632.4,390.333,0,30.05,70.34,965.94,643.9,,0,31.8,74.6,953.3,1112.4,472.323,0,31.98,70.64,956.6,376.5,,0,33.58,61.35,966.12,823.1
2026-07-22 11:46:12,2026-07-22 11:40:00,488.781,0,27.78,81.95,955.53,429.5,455.444,0,29.03,73.56,958.96,475.8,508.061,0,30.65,73.71,953.67,1017.1,,,,,,,390.34,0,30.61,70.1,965.89,793.5,,,,,,,472.316,0,31.74,73.41,956.67,285,,0,34.29,62.01,966.09,1023.7
2026-07-22 11:56:11,2026-07-22 11:50:00,488.813,0,27.92,80.83,955.46,1128.3,455.436,0,29.13,73.72,958.92,1117.2,508.061,0,30.4,71.54,953.52,877.3,,,,,,,390.331,0,30.34,70.1,965.82,641.3,,,,,,,472.31,0,31.35,76.09,956.6,381.3,,0,35.49,57.68,966.04,475.8
2026-07-22 12:06:12,2026-07-22 12:00:00,488.846,0,27.73,81.1,955.48,377,455.436,0,28.76,75.54,958.93,391.4,508.068,0,30.23,73.01,953.55,946,478.1,0,30.4,80.1,956.1,1063,390.331,0,30.32,69.2,965.69,658.3,,0,31.2,67.4,953.1,1051,472.317,0,31.69,71.41,956.57,278.3,,0,34.22,60.04,965.88,731.4
2026-07-22 12:16:14,2026-07-22 12:10:00,488.793,0,27.82,79.06,955.45,368.6,455.443,0,28.56,75.73,958.88,368.3,508.068,0,29.78,72.39,953.47,758.8,,,,,,,390.326,0,30.07,71.09,965.64,579.9,,,,,,,472.317,0,30.85,73.75,956.49,360.7,,0,33.88,61.64,965.78,464.5
2026-07-22 12:26:12,2026-07-22 12:20:00,488.768,0,28.42,76.05,955.29,447.6,455.436,0,29.51,72.65,958.72,1147.2,508.061,0,30.67,71.07,953.2,,,,,,,,390.334,0,30.72,68.71,965.47,901.6,,,,,,,472.31,0,32.01,76.05,956.36,462.2,,0,32.41,63.62,965.67,266
2026-07-22 12:36:12,2026-07-22 12:30:00,488.787,0,28.55,79.29,955.06,535.2,455.436,0,32.36,66.58,958.59,,508.068,0,29.97,72.17,953.11,413.7,478.1,0,30.3,72.9,955.7,391.4,390.331,0,30.7,68.22,965.44,979.4,,0,29.9,69.8,952.9,362.2,472.317,0,31.64,73.37,956.24,864.3,,0,31.09,67.53,965.55,189.9
2026-07-22 12:46:12,2026-07-22 12:40:00,488.806,0,29.54,75.27,954.91,1104.3,455.436,0,30.05,71.44,958.44,419.2,508.061,0,29.2,73.73,952.98,336.6,,,,,,,390.34,0,30.46,69.92,965.24,811.2,,,,,,,472.316,0,32.32,72.6,956.1,317.6,,0,32.28,68.98,965.37,1184.4
2026-07-22 12:56:12,2026-07-22 12:50:00,488.806,0,30.12,73.67,954.65,811.1,455.436,0,31.42,68.47,958.26,1085.7,508.061,0,29.85,72.21,952.83,1063.2,,,,,,,390.33,0,30.69,69.64,964.97,746.2,,,,,,,472.31,0,33.93,64.34,955.79,876.8,,0,33.23,61.64,965.07,622.3
2026-07-22 13:06:14,2026-07-22 13:00:00,488.813,0,30.22,73.04,954.39,900.3,455.436,0,32.13,63.59,957.9,953.8,508.061,0,30.7,70.05,952.62,969.7,478.1,0,31.1,77.1,955.2,1089.3,390.332,0,30.95,66.13,964.81,725.5,,0,32.5,61,952.1,879.6,472.31,0,35.11,61.87,955.41,862.9,,0,34.24,59.48,964.8,871.7
2026-07-22 13:16:13,2026-07-22 13:10:00,488.806,0,30.49,71.87,954.23,900.1,455.436,0,31.46,66.1,957.78,958.5,508.068,0,30.97,68.01,952.43,978.5,,,,,,,390.329,0,31.2,64.82,964.62,739.9,,,,,,,472.317,0,35.04,64.79,955.31,903.4,,0,34.99,58.39,964.67,865.8
2026-07-22 13:26:12,2026-07-22 13:20:00,488.787,0,30.09,71.02,954.1,549.6,455.436,0,32.38,63.92,957.53,961.4,508.061,0,31.2,66.45,952.14,962.8,,,,,,,390.341,0,31.91,65.41,964.46,791.3,,,,,,,472.317,0,35.39,57.47,955.09,904.7,,0,35.19,59.06,964.46,875.9
2026-07-22 13:36:11,2026-07-22 13:30:00,488.806,0,30.21,68.66,953.93,614.5,455.436,0,33.02,62.62,957.44,961.2,508.061,0,31.88,67,951.93,938.1,478.1,0,32.8,73.8,954.6,903.7,390.341,0,32.9,62.86,964.27,732.6,,0,33.8,61.4,951.7,1027,472.31,0,36.28,54.71,954.95,945.7,,0,35.7,52.28,964.31,954.7
2026-07-22 13:46:12,2026-07-22 13:40:00,488.793,0,30.03,71.36,953.91,314.3,455.436,0,31.92,65.02,957.38,479.8,508.067,0,33.38,60.17,951.83,978,,,,,,,390.331,0,32.43,62.07,964.19,762,,,,,,,472.31,0,36.97,56.76,954.9,1019.6,,0,37.1,50.39,964.21,1033
2026-07-22 13:56:11,2026-07-22 13:50:00,488.806,0,30.4,73.68,953.66,841.4,455.436,0,30.76,68.6,957.09,1090.2,508.061,0,32.64,60.68,951.73,906.2,,,,,,,390.339,0,33.42,59.02,964.01,757.6,,,,,,,472.317,0,36.16,53.2,954.78,935.8,,0,37.02,51.91,964.08,938.1
2026-07-22 14:06:11,2026-07-22 14:00:00,488.806,0,30.31,68.96,953.38,841.7,455.436,0,30.76,69.07,956.85,1057.2,508.067,0,32.29,65.6,951.47,981.1,478.1,0,32.6,77.3,954.1,944.8,390.336,0,34.14,57.99,963.66,758.6,,0,33.1,60.7,951.3,208.3,472.317,0,35.99,58.52,954.51,941.7,,0,36.66,53.22,963.68,982.9
2026-07-22 14:16:12,2026-07-22 14:10:00,488.787,0,30.6,68.75,953.24,963.7,455.436,0,30.6,70.5,956.73,295.4,508.067,0,32.16,64.23,951.29,973.5,,,,,,,390.327,0,33.75,59.4,963.48,828.7,,,,,,,472.317,0,36.95,59.12,954.33,193.6,,0,36.46,52.99,963.54,1067
2026-07-22 14:26:13,2026-07-22 14:20:00,488.8,0,30.81,68.99,953.1,906.8,455.436,0,31.86,68.35,956.54,716,508.061,0,32.71,62.73,951.13,938,,,,,,,390.329,0,33.13,61.73,963.38,788.9,,,,,,,472.322,0,33.26,65.4,954.22,337.2,,0,37.3,53.82,963.3,980.9
2026-07-22 14:36:12,2026-07-22 14:30:00,488.8,0,30.58,70.87,952.89,405.5,455.436,0,32.54,64.22,956.34,580.3,508.067,0,32.8,62.19,951,235.6,478.1,0,31.9,73.5,953.7,788,390.334,0,33.53,60.01,963.15,501.8,,0,31.2,70.5,950.7,278.4,472.322,0,32.32,67.96,954.08,195.4,,0,37.5,48.57,963.15,506.7
2026-07-22 14:46:13,2026-07-22 14:40:00,488.744,0,30.79,71.93,952.68,507,455.436,0,32.68,63.09,956.14,935.5,508.061,0,33.08,62.13,950.75,933.2,,,,,,,390.326,0,33.06,61.69,962.98,548.2,,,,,,,472.317,0,33.17,69.54,953.85,256.7,,0,37.28,50.76,962.89,849.5
2026-07-22 14:56:12,2026-07-22 14:50:00,488.793,0,30.28,70.2,952.57,426.6,455.436,0,32.17,65.6,956.09,347.7,508.067,0,32.9,63.87,950.6,993.8,,,,,,,390.323,0,33.07,60.6,962.85,670.9,,,,,,,472.317,0,32.93,69.71,953.72,268.5,,0,35.09,56.22,962.69,431.8
2026-07-22 15:06:11,2026-07-22 15:00:00,488.8,0,31.83,66.54,952.59,577.6,455.436,0,31.28,67.46,956.04,376.7,508.067,0,33.17,62.48,950.57,369.3,478.1,0,31.2,77.1,953.3,405.9,390.324,0,33.58,58.99,962.81,289,,0,31.3,66.6,950.3,318.6,472.317,0,32.61,70.69,953.68,274.7,,0,35.49,54.79,962.66,991.5
2026-07-22 15:16:13,2026-07-22 15:10:00,488.787,0,31.53,68.44,952.51,277.4,455.436,0,31.53,68.39,955.95,273.2,508.061,0,31.89,64.77,950.52,286,,,,,,,390.33,0,34.85,57.07,962.65,276.9,,,,,,,472.31,0,33.09,66.56,953.64,297.5,,0,36.21,52.04,962.58,929.2
2026-07-22 15:26:12,2026-07-22 15:20:00,488.781,0,31.49,68.3,952.45,263.1,455.436,0,31.24,69.81,955.88,267.6,508.061,0,32.03,68.81,950.5,253.5,,,,,,,390.326,0,33.86,58.94,962.59,607.6,,,,,,,472.317,0,33.26,66.49,953.56,313.9,,0,36.18,51.39,962.51,493.6
2026-07-22 15:36:11,2026-07-22 15:30:00,488.787,0,31.27,71.09,952.31,319.8,455.436,0,31.32,70.09,955.68,321.6,508.061,0,31.42,76.12,950.38,203.7,478.1,0,29.9,80.2,953,255.8,390.33,0,33.51,61.63,962.51,502,,0,31.4,70.5,950,286.4,472.31,0,33.79,65.69,953.41,279.5,,0,35.8,55.15,962.34,530
2026-07-22 15:46:12,2026-07-22 15:40:00,488.781,0,30.97,68.89,952.15,248.9,455.436,0,31.25,67.86,955.62,267.2,508.061,0,31.64,73.73,950.17,261.8,,,,,,,390.326,0,33,62.48,962.36,404.9,,,,,,,472.31,0,33.03,73.09,953.31,268.3,,0,35.65,54.2,962.17,550
2026-07-22 15:56:12,2026-07-22 15:50:00,488.781,0,31.32,70.77,952.08,285.2,455.436,0,31.46,66,955.51,287.2,508.053,0,31.93,74.71,950.08,217.5,,,,,,,390.329,0,33.59,60.02,962.27,295.7,,,,,,,472.317,0,33.09,64.9,953.19,283.5,,0,34.36,57.06,962.14,302.3
2026-07-22 16:06:12,2026-07-22 16:00:00,488.8,0,32.27,66.37,951.88,374.7,455.436,0,31.68,67.47,955.32,651.1,508.061,0,31.46,74.31,949.91,253.9,478.1,0,29.8,81.3,952.6,283.2,390.33,0,32.65,63.69,962.12,170.4,,0,31.9,66.7,949.7,230.2,472.31,0,33.17,66.2,953.01,311.7,,0,34.5,57.66,961.9,437.3
2026-07-22 16:16:12,2026-07-22 16:10:00,488.781,0,34.21,68.63,951.75,699.8,455.436,0,34.16,64.21,955.17,696.2,508.061,0,31.67,78.71,949.83,199.2,,,,,,,390.33,0,32.12,64.32,962,155.3,,,,,,,472.31,0,32.93,67.63,952.94,237.3,,0,35.71,54.76,961.8,486
2026-07-22 16:26:12,2026-07-22 16:20:00,488.781,0,35.66,54.62,951.69,368.5,455.436,0,36.08,61.45,955.06,652.3,508.061,0,30.72,77.61,949.67,136.3,,,,,,,390.33,0,32.69,66.04,961.88,467,,,,,,,472.31,0,33.31,66.09,952.75,185.1,,0,36.05,55.15,961.64,663.8
2026-07-22 16:36:13,2026-07-22 16:30:00,488.787,0,33.12,64.43,951.54,540.5,455.435,0,35.01,59.74,954.87,415.7,508.061,0,30.26,74.92,949.52,94.4,478.1,0,30.8,79.9,952.2,318.6,390.327,0,34.52,62.73,961.69,374.1,,0,32.5,66.8,949.3,570.8,472.316,0,31.6,73.24,952.64,124.3,,0,36.45,52.14,961.52,456.1
2026-07-22 16:56:12,2026-07-22 16:50:00,488.793,0,32.03,65.72,951.54,413,455.436,0,33.65,63.5,954.98,414.4,508.061,0,30.19,76.14,949.58,56.6,,,,,,,390.33,0,35.28,60.33,961.69,301,,,,,,,472.317,0,32.96,69.15,952.67,287.4,,0,36.05,54.16,961.46,182.8
2026-07-22 17:06:11,2026-07-22 17:00:00,488.8,0,32.04,64.21,951.63,392.7,455.436,0,32.73,64.32,955.07,390.5,508.054,0,29.44,79.12,949.64,47.9,478.1,0,29.6,84.2,952.3,163.1,390.327,0,35.96,58.84,961.74,281.3,,0,33.6,62.6,949.4,351.3,472.31,0,34.13,64.1,952.76,359.4,,0,35.32,55.97,961.52,360
2026-07-22 17:16:12,2026-07-22 17:10:00,488.8,0,31.53,65.92,951.61,355.2,455.436,0,33.01,63.66,955.02,343.9,508.061,0,29.33,77.67,949.76,36.3,,,,,,,390.334,0,35.86,57.84,961.74,153.9,,,,,,,472.309,0,33.96,63.77,952.71,335.1,,0,35.39,55.48,961.44,312.9
2026-07-22 17:26:12,2026-07-22 17:20:00,488.787,0,31.66,67.53,951.69,301.1,455.436,0,32.53,63.94,955.11,248.9,508.055,0,28.59,83.63,949.74,31.4,,,,,,,390.334,0,34.9,60.6,961.85,239.7,,,,,,,472.31,0,33.51,63.42,952.84,192,,0,34.97,57.24,961.57,276.1
2026-07-22 17:36:12,2026-07-22 17:30:00,488.793,0,32.27,66.5,951.8,89.8,455.436,0,32.57,65,955.2,263.1,508.055,0,28.11,82.35,949.75,25.1,478.1,0,29,87.8,952.5,54,390.334,0,35.26,59.76,961.83,244.5,,0,32.6,64.1,949.4,297.4,472.317,0,33.88,64.49,952.9,205.1,,0,35.24,54.9,961.57,242
2026-07-22 17:46:12,2026-07-22 17:40:00,488.787,0,32.38,66.56,951.81,244.9,455.436,0,32.23,66.26,955.18,236.1,508.056,0,27.61,86.17,949.78,33.3,,,,,,,390.329,0,34.99,59.48,961.9,164.6,,,,,,,472.31,0,33.54,67.43,952.92,206.8,,0,33.81,58.11,961.57,36.5
2026-07-22 17:56:12,2026-07-22 17:50:00,488.762,0,31.92,66.89,951.79,114.6,455.436,0,32.02,67.48,955.16,203.3,508.049,0,27.74,87.96,949.79,24,,,,,,,390.322,0,34.24,61.51,961.9,145.3,,,,,,,472.322,0,33.1,65.16,952.92,68,,0,32.38,62.68,961.6,32.5
2026-07-22 18:06:13,2026-07-22 18:00:00,488.762,0,31.38,67.39,951.75,69.8,455.436,0,32.28,64.98,955.15,150.2,508.049,0,27.5,87.21,949.79,27.7,478.1,0,28.7,80.5,952.5,148.3,390.331,0,34.47,62.93,961.91,26,,0,30.5,70.2,949.4,105.6,472.317,0,30.61,69.83,952.94,37.6,,0,31.58,67.3,961.55,22.3
2026-07-22 18:16:12,2026-07-22 18:10:00,488.762,0,30.4,72.07,951.87,40.8,455.436,0,30.66,72.09,955.25,30.9,508.056,0,27.12,87.46,949.86,24.8,,,,,,,390.332,0,32.61,66,962.11,13.5,,,,,,,472.317,0,29.54,73.7,953.14,22.3,,0,31.23,70.61,961.7,15.8
2026-07-22 18:26:13,2026-07-22 18:20:00,488.762,0,29.78,74.06,952.03,12.6,455.436,0,30.08,72.66,955.38,12.8,508.056,0,26.91,87.94,950.07,10.4,,,,,,,390.329,0,31.54,68.5,962.21,9.2,,,,,,,472.317,0,29.09,77.33,953.24,7.6,,0,30.78,71.72,961.95,7.7
2026-07-22 18:36:14,2026-07-22 18:30:00,488.756,0,29.34,75.62,952.07,4.7,455.436,0,29.74,74.44,955.43,6,508.056,0,26.85,88.63,950.29,4.3,478.1,0,27.6,88.1,952.9,5.6,390.334,0,31.15,71.09,962.22,5.1,,0,29,76.1,949.8,3.8,472.31,0,28.8,80.16,953.21,4.4,,0,30.4,72.29,961.95,4.3
2026-07-22 18:46:13,2026-07-22 18:40:00,488.756,0,29.16,76.08,952.06,7.4,455.436,0,29.58,75.09,955.37,6.8,508.049,0,26.91,91.29,950.18,3.7,,,,,,,390.338,0,30.62,72.84,962.22,3.6,,,,,,,472.31,0,28.31,80.33,953.23,5.2,,0,29.99,72.86,962,2.8
2026-07-22 18:56:12,2026-07-22 18:50:00,488.756,0,28.79,79.98,951.86,13.1,455.436,0,29.45,75.87,955.32,9.7,508.049,0,26.65,90.41,950.14,3.9,,,,,,,390.338,0,30.27,75.62,962.19,2.7,,,,,,,472.31,0,28.25,80.14,953.24,8.9,,0,29.59,74.64,961.94,1.9
2026-07-22 19:06:15,2026-07-22 19:00:00,488.756,0,28.75,77.16,951.86,1,455.436,0,29.33,76.74,955.34,1.5,508.05,0,26.47,89.95,950.11,0.7,478.1,0,27.3,89.1,952.7,1.7,390.34,0,29.89,76.19,962.26,1.1,,0,28.7,78.1,949.7,0,472.31,0,27.98,80.33,953.36,0.3,,0,29.31,76.2,961.99,0
2026-07-22 19:16:13,2026-07-22 19:10:00,488.75,0,28.77,77.66,951.93,0,455.436,0,28.69,75.67,955.49,0.2,508.05,0,26.51,89.63,950.17,0,,,,,,,390.339,0,29.62,76.93,962.52,0.1,,,,,,,472.31,0,27.83,78.95,953.46,0,,0,29.03,77.46,962.22,0
2026-07-22 19:26:13,2026-07-22 19:20:00,488.756,0,28.33,82.01,952.23,0,455.436,0,28.83,75.75,955.75,0.1,508.05,0,26.94,85.25,950.46,0,,,,,,,390.343,0,29.38,78.02,962.71,0,,,,,,,472.31,0,27.71,80.21,953.68,0,,0,28.76,78.6,962.45,0
2026-07-22 19:36:13,2026-07-22 19:30:00,488.756,0,28.54,78.8,952.33,0,455.437,0,28.86,77.04,955.9,0.1,508.05,0,27.15,86.03,950.74,0,478.1,0,26.9,86.8,953.2,0.2,390.334,0,29.2,78.78,962.9,0,,0,28.6,76.4,950.2,0,472.31,0,27.48,81.38,953.8,0,,0,28.51,79.04,962.67,0
2026-07-22 19:46:12,2026-07-22 19:40:00,488.756,0,28.46,77.03,952.44,0,455.436,0,28.58,78.81,956.06,0.1,508.05,0,27.07,86.91,950.75,0,,,,,,,390.341,0,28.93,80.03,962.97,0,,,,,,,472.31,0,26.87,84.88,953.99,0,,0,28.41,79.82,962.75,0
2026-07-22 19:56:13,2026-07-22 19:50:00,488.75,0,28.33,78.81,952.5,0,455.436,0,27.84,77.76,956,0.1,508.05,0,26.82,88.82,950.76,0,,,,,,,390.34,0,28.87,81.05,963.08,0,,,,,,,472.31,0,26.97,82.82,953.89,0,,0,28.23,80.56,962.8,0
2026-07-22 20:06:18,2026-07-22 20:00:00,488.75,0,27.68,80.38,952.61,0,455.436,0,27.44,81.37,956.15,0.1,508.05,0,26.74,88.03,950.89,0,478.1,0,26.4,87.5,953.6,0.2,390.338,0,28.75,81.21,963.18,0,,0,28.3,77.1,950.6,0,472.31,0,27.02,82.87,954.09,0,,0,28.07,81.09,962.92,0
2026-07-22 20:16:13,2026-07-22 20:10:00,488.75,0,27.89,79.28,952.96,0,455.437,0,27.22,81.74,956.44,0.1,508.049,0,26.54,89.28,951.25,0,,,,,,,390.343,0,28.62,81.87,963.55,0,,,,,,,472.31,0,27.01,83.52,954.31,0,,0,27.95,81.76,963.29,0
2026-07-22 20:26:12,2026-07-22 20:20:00,488.75,0,28.1,78.94,953.27,0,455.437,0,27.1,82.75,956.82,0.1,508.05,0,26.37,89.29,951.41,0,,,,,,,390.34,0,28.58,81.98,963.81,0,,,,,,,472.31,0,26.95,83.13,954.69,0,,0,27.9,81.57,963.68,0
2026-07-22 20:36:13,2026-07-22 20:30:00,488.75,0,28.07,78.03,953.48,0,455.437,0,27.5,80.79,957.01,0.1,508.05,0,26.35,90.32,951.7,0,478.1,0,26.3,86,954.2,0.2,390.343,0,28.38,82.51,963.9,0,,0,28.4,76.6,951.4,0,472.303,0,26.9,84.61,954.89,0,,0,27.9,81.3,963.81,0
2026-07-22 20:46:12,2026-07-22 20:40:00,488.745,0,28.26,80.78,953.41,0,455.437,0,27.81,80.48,957.02,0.1,508.05,0,26.19,89.71,951.67,0,,,,,,,390.343,0,28.38,82.76,964.16,0,,,,,,,472.31,0,26.71,87.06,954.81,0,,0,27.89,81.46,963.89,0
2026-07-22 20:56:12,2026-07-22 20:50:00,488.75,0,28.28,79.2,953.27,0,455.437,0,28.31,77.9,956.89,0.1,508.05,0,25.94,92.36,951.42,0,,,,,,,390.34,0,28.32,82.6,964.09,0,,,,,,,472.31,0,27.19,84.1,954.72,0,,0,27.81,82.43,963.84,0
2026-07-22 21:06:12,2026-07-22 21:00:00,488.75,0,28.39,77.88,953.21,0,455.437,0,28.59,76.19,956.86,0.1,508.05,0,27.25,81.68,951.29,0,478.1,0,26.4,84,953.9,0.2,390.339,0,28.34,82.6,963.9,0,,0,28.5,75.7,951.2,0,472.31,0,27.12,82.7,954.73,0,,0,27.73,82.55,963.65,0
2026-07-22 21:16:12,2026-07-22 21:10:00,488.792,0,27.97,80.89,953.19,0,455.437,0,28.48,77.27,956.84,0.1,508.057,0,27.88,76.79,951.3,0,,,,,,,390.337,0,28.25,83.86,964.04,0,,,,,,,472.31,0,27.43,81.75,954.82,0,,0,27.68,82.66,963.78,0
2026-07-22 21:26:12,2026-07-22 21:20:00,488.75,0,27.54,79.12,953.36,0,455.437,0,27.94,74.54,957.03,0.1,508.063,0,27.56,74.9,951.24,0,,,,,,,390.34,0,28.07,85.02,964.05,0,,,,,,,472.31,0,27.16,83.52,954.83,0,,0,27.59,82.87,964.02,0
2026-07-22 21:36:13,2026-07-22 21:30:00,488.75,0,27.26,75.08,953.56,0,455.437,0,27.7,74.65,957.33,0.1,508.056,0,27.39,74.98,951.37,0,478.1,0,26.6,81.4,954.3,0.2,390.348,0,27.87,85.77,964.34,0,,0,27.7,74.5,951.4,0,472.309,0,26.98,82.67,954.9,0,,0,27.42,84.63,964.1,0
2026-07-22 21:46:12,2026-07-22 21:40:00,488.763,0,27.13,74.74,953.72,0,455.437,0,27.33,74.2,957.46,0.2,508.063,0,27.36,76.15,951.66,0,,,,,,,390.345,0,27.7,85.63,964.37,0,,,,,,,472.31,0,26.94,80.63,955.05,0,,0,27.37,76.31,964.18,0
2026-07-22 21:56:12,2026-07-22 21:50:00,488.75,0,26.97,80.61,954.04,0,455.437,0,27.1,75.93,957.72,0.2,508.063,0,26.88,78.46,952.17,0,,,,,,,390.345,0,27.59,85.41,964.61,0,,,,,,,472.31,0,26.7,82.33,955.24,0,,0,27.54,73.12,964.33,0
2026-07-22 22:06:14,2026-07-22 22:00:00,488.75,0,26.75,76.63,954.23,0,455.437,0,27.12,75.1,957.99,0.1,508.056,0,26.13,78.63,952.36,0,478.1,0,26,83.2,955,0.2,390.345,0,27.75,84.51,964.79,0,,0,27.4,74,951.8,0,472.31,0,26.25,86.05,955.42,0,,0,27.56,73.05,964.45,0
2026-07-22 22:16:12,2026-07-22 22:10:00,488.756,0,26.72,80.25,954.14,0,455.437,0,27.16,77.08,957.9,0.1,508.057,0,26.34,79.49,952.4,0,,,,,,,390.346,0,27.84,81.93,964.8,0,,,,,,,472.31,0,25.96,83.44,955.45,0,,0,27.71,71.96,964.54,0
2026-07-22 22:26:12,2026-07-22 22:20:00,488.775,0,26.81,78.93,954.25,0,455.437,0,27.12,78.07,958.06,0.1,508.057,0,26.1,82.35,952.52,0,,,,,,,390.346,0,27.9,74.5,964.97,0,,,,,,,472.31,0,26.06,82.4,955.63,0,,0,27.69,73.17,964.78,0
2026-07-22 22:36:13,2026-07-22 22:30:00,488.744,0,26.56,81.14,954.4,0,455.437,0,26.93,79.64,958.18,0.1,508.057,0,25.97,81.79,952.68,0,478.1,0,26,84.2,955.3,0.2,390.333,0,27.91,75.24,965.1,0,,0,27.2,74.5,952.1,0,472.303,0,26.37,80.71,955.63,0,,0,27.73,73.15,964.81,0
2026-07-22 22:46:12,2026-07-22 22:40:00,488.745,0,26.13,82.96,954.35,0,455.437,0,26.91,80.2,958.11,0.1,508.057,0,25.36,85.32,952.59,0,,,,,,,390.337,0,27.91,75.07,965.05,0,,,,,,,472.309,0,26.22,81.59,955.64,0,,0,27.65,75.12,964.83,0
2026-07-22 22:56:13,2026-07-22 22:50:00,488.75,0,25.87,86.4,954.19,0,455.437,0,26.91,81.06,958.01,0.1,508.057,0,25.25,86.23,952.51,0,,,,,,,390.348,0,27.91,75.71,964.99,0,,,,,,,472.309,0,25.42,84.43,955.49,0,,0,27.45,76.5,964.67,0
2026-07-22 23:16:12,2026-07-22 23:10:00,488.745,0,25.21,89.72,954.18,0,455.437,0,26.16,85.37,957.89,0.1,508.05,0,24.37,91.92,952.26,0,,,,,,,390.337,0.4,27.26,86.17,964.74,0,,,,,,,472.303,0,24.54,92.18,955.51,0,,0,26.68,81.77,964.48,0
2026-07-22 23:26:12,2026-07-22 23:20:00,488.737,0.2,25.08,92.33,954.27,0,455.437,0.2,25.94,84.32,957.93,0.1,508.043,0,24.31,92.71,952.38,0,,,,,,,390.341,0.6,26.62,90.81,964.8,0,,,,,,,472.303,0,24.24,92.52,955.42,0,,0,26.41,84.8,964.53,0
2026-07-22 23:36:12,2026-07-22 23:30:00,488.738,0.2,24.71,91.99,954.28,0,455.437,0.2,26.24,83.23,957.92,0.2,508.045,0,24.4,94.47,952.45,0,478.1,0,24.5,90.8,955.1,0.2,390.344,0.6,26.41,92.24,964.9,0,,0.2,24,95.3,952,0,472.303,0,24.13,93.5,955.47,0,,0,26.13,85.96,964.6,0
2026-07-22 23:46:35,2026-07-22 23:40:00,488.745,0.2,24.84,94.25,954.37,0,455.437,0.2,26.62,83.72,957.85,0.2,508.05,0,24.1,94.8,952.45,0,,,,,,,390.346,0.8,26.23,92.62,964.93,0,,,,,,,472.303,0,24.04,93.98,955.48,0,,0,26.13,86.39,964.77,0
2026-07-22 23:56:12,2026-07-22 23:50:00,488.738,0.2,24.95,90.86,954.39,0,455.437,0.2,26.27,84.33,957.72,0.1,508.05,0,23.75,96.4,952.5,0,,,,,,,390.344,0.8,26.08,93.08,964.69,0,,,,,,,472.303,0,24.03,93.68,955.43,0,,0,26.04,85.06,964.54,0
2026-07-23 00:06:13,2026-07-23 00:00:00,488.745,0.2,25.36,89.51,954.18,0,455.437,0.2,26.19,83.48,957.57,0.1,508.043,0,23.76,95.84,952.37,0,478.1,0,24.2,92.9,954.9,0.2,390.343,0.8,26.08,92.76,964.45,0,,0.2,24,96.3,951.8,0,472.303,0.2,24.31,92.49,955.17,0,,0,26.41,80.7,964.45,0
2026-07-23 00:16:14,2026-07-23 00:10:00,488.745,0,25.58,90.83,953.99,0,455.437,0,26.28,83.22,957.44,0.1,508.044,0,23.9,95.32,952.24,0,,,,,,,390.341,0,26.04,92.18,964.52,0,,,,,,,472.303,0,24.61,91.07,955.02,0,,0,26.4,81.59,964.3,0
2026-07-23 00:26:13,2026-07-23 00:20:00,488.737,0,24.94,91.39,954.06,0,455.437,0,26.28,83.84,957.47,0.2,508.043,0,23.85,95.84,952.04,0,,,,,,,390.345,0,26.03,92.2,964.3,0,,,,,,,472.31,0,24.5,88.79,955.05,0,,0,26.26,81.66,964.18,0
2026-07-23 00:36:12,2026-07-23 00:30:00,488.738,0,25.19,85.93,953.83,0,455.437,0,26.19,83.96,957.29,0.1,508.044,0,23.86,96.21,951.88,0,478.1,0,24.1,93.1,954.5,0.2,390.348,0,25.99,90.94,964.16,0,,0.2,23.8,96.8,951.5,0,472.304,0,24.58,90.47,954.91,0,,0,26.3,80.76,964.01,0
2026-07-23 00:46:12,2026-07-23 00:40:00,488.738,0,24.6,94.03,953.63,0,455.437,0,25.97,86.22,957.24,0.1,508.044,0,23.89,96.72,951.81,0,,,,,,,390.348,0,26.08,89.69,964.2,0,,,,,,,472.303,0,24.45,90.98,954.68,0,,0,26.37,81.5,963.98,0
2026-07-23 00:56:12,2026-07-23 00:50:00,488.738,0,24.5,93.36,953.55,0,455.437,0,25.8,84.12,957.21,0.1,508.043,0,23.8,96.79,951.76,0,,,,,,,390.348,0,26.12,91.66,964.2,0,,,,,,,472.303,0,24.59,91.41,954.72,0,,0,26.3,80.65,963.93,0
2026-07-23 01:16:12,2026-07-23 01:10:00,488.732,0.2,24.2,93.35,953.25,0,455.437,0,25.91,84.19,956.95,0.1,508.044,0,23.8,96.84,951.5,0,,,,,,,390.351,0,25.9,92.47,963.93,0,,,,,,,472.303,0,23.87,93.72,954.53,0,,0,26.03,84.86,963.75,0
2026-07-23 01:26:12,2026-07-23 01:20:00,488.738,0.2,24.35,92.3,953.23,0,455.437,0,26.3,82.51,956.99,0.1,508.043,0,23.64,96.48,951.57,0,,,,,,,390.347,0,25.77,92.95,963.87,0,,,,,,,472.303,0,23.83,93.98,954.52,0,,0,25.9,85.64,963.74,0
2026-07-23 01:36:13,2026-07-23 01:30:00,488.738,0.2,24.75,92.01,953.27,0,455.437,0,26.38,80.88,956.9,0.1,508.044,0,23.66,96.33,951.51,0,478.1,0,23.8,93.7,954.1,0.2,390.347,0,25.69,92.93,963.89,0,,0,24.1,93,951,0,472.303,0,23.81,93.69,954.47,0,,0,25.92,84.01,963.73,0
2026-07-23 01:46:13,2026-07-23 01:40:00,488.737,0.2,24.83,89.38,953.18,0,455.437,0,26.41,84.17,956.89,0.1,508.043,0,23.59,97.01,951.47,0,,,,,,,390.344,0,25.63,93.59,963.9,0,,,,,,,472.303,0,23.8,94.26,954.39,0,,0,26.04,84.36,963.67,0
2026-07-23 01:56:12,2026-07-23 01:50:00,488.745,0.2,24.68,90.39,953.17,0,455.437,0,26.38,82.91,956.75,0.1,508.043,0,23.65,96.77,951.43,0,,,,,,,390.347,0,25.38,92.22,963.79,0,,,,,,,472.303,0,23.76,94.69,954.44,0,,0,26.06,82.84,963.65,0
2026-07-23 02:06:12,2026-07-23 02:00:00,488.738,0.2,24.63,90.44,953.12,0,455.437,0,25.97,83.93,956.68,0.2,508.044,0,23.65,97.13,951.41,0,478.1,0,24.1,94.2,954,0.2,390.35,0,25.46,93.39,963.83,0,,0,24.5,92.3,950.7,0,472.304,0,23.81,94.08,954.27,0,,0,26.14,81.57,963.53,0
2026-07-23 02:16:13,2026-07-23 02:10:00,488.732,0,24.36,94.39,952.92,0,455.437,0,26.17,83.13,956.55,0.1,508.044,0,23.58,96.71,951.37,0,,,,,,,390.345,0,25.41,92.78,963.65,0,,,,,,,472.303,0,23.87,94.23,954.17,0,,0,25.99,84.6,963.42,0
2026-07-23 02:26:12,2026-07-23 02:20:00,488.732,0,24.18,96.73,952.89,0,455.437,0,25.84,84.13,956.6,0.1,508.043,0,23.52,96.59,951.24,0,,,,,,,390.345,0,25.38,93.5,963.6,0,,,,,,,472.303,0,23.76,93.21,954.09,0,,0,25.92,82.9,963.39,0
2026-07-23 02:36:14,2026-07-23 02:30:00,488.732,0,24.32,91.53,952.79,0,455.437,0,26.21,81.56,956.5,0.1,508.044,0,23.56,96.78,951.15,0,478.1,0,23.9,94.1,953.7,0.2,390.346,0,25.31,93.24,963.46,0,,0,24,94.9,950.5,0,472.297,0,23.79,94.13,954.01,0,,0,26.01,82.07,963.28,0
2026-07-23 02:46:12,2026-07-23 02:40:00,488.732,0,24.6,89.59,952.6,0,455.437,0,26.38,82.58,956.29,0.1,508.044,0,23.48,96.57,951.01,0,,,,,,,390.336,0,25.39,92.92,963.29,0,,,,,,,472.297,0,23.79,94.46,953.85,0,,0,26.12,81.17,963.14,0
2026-07-23 02:56:12,2026-07-23 02:50:00,488.732,0,24.6,89.79,952.52,0,455.437,0,26.42,80,956.22,0.1,508.044,0,23.42,96.69,950.89,0,,,,,,,390.343,0,25.41,93.07,963.26,0,,,,,,,472.303,0,23.74,94.11,953.89,0,,0,26.17,81.18,963.1,0
2026-07-23 03:06:12,2026-07-23 03:00:00,488.732,0,24.59,87.78,952.39,0,455.437,0,26.51,78.55,956.01,0.1,508.044,0,23.49,97.52,950.73,0,478.1,0.2,23.7,93.9,953.3,0.2,390.341,0,25.37,92.98,962.98,0,,0,23.9,95.8,950.2,0,472.297,0,23.74,94.02,953.72,0,,0,25.96,83.31,962.92,0
2026-07-23 03:16:12,2026-07-23 03:10:00,488.732,0,24.6,89.44,952.24,0,455.437,0,26.2,80.98,955.78,0.2,508.044,0,23.31,96.73,950.56,0,,,,,,,390.344,0,25.41,92.73,962.82,0,,,,,,,472.297,0,23.8,94.69,953.49,0,,0,25.76,84.57,962.64,0
2026-07-23 03:26:12,2026-07-23 03:20:00,488.725,0,24.83,88.26,952.18,0,455.437,0,26.3,81.23,955.76,0.1,508.044,0,23.41,97.33,950.51,0,,,,,,,390.346,0,25.41,92.74,962.88,0,,,,,,,472.303,0,23.73,94.17,953.57,0,,0,25.61,85.87,962.71,0
2026-07-23 03:36:12,2026-07-23 03:30:00,488.732,0,25.01,87.19,952.21,0,455.437,0,26.24,83.93,955.81,0.2,508.044,0,23.31,97.14,950.57,0,478.1,0,23.9,94.2,953.1,0.2,390.346,0,25.32,93.28,962.96,0,,0,23.8,95.9,949.9,0,472.303,0,23.73,94.6,953.48,0,,0,25.46,86.97,962.78,0
2026-07-23 03:46:12,2026-07-23 03:40:00,488.725,0,24.91,86.95,952.23,0,455.437,0,25.89,82.22,955.81,0.1,508.043,0,23.32,97.19,950.53,0,,,,,,,390.346,0,25.27,93.13,962.97,0,,,,,,,472.297,0,23.76,94.37,953.44,0,,0,25.4,87.13,962.77,0
2026-07-23 03:56:13,2026-07-23 03:50:00,488.732,0,25.02,85.68,952.04,0,455.437,0,25.81,82.42,955.65,0.1,508.044,0,23.35,97.64,950.38,0,,,,,,,390.344,0,25.29,92.78,962.79,0,,,,,,,472.303,0,23.63,94.95,953.38,0,,0,25.35,87.4,962.63,0
2026-07-23 04:06:13,2026-07-23 04:00:00,488.732,0,25.05,86.12,951.86,0,455.437,0,25.77,82.89,955.48,0.2,508.044,0,23.28,97.64,950.16,0,478.1,0,24,93.2,952.6,0.2,390.348,0,25.31,92.11,962.6,0,,0,23.7,94.1,949.7,0,472.303,0,23.46,93.7,953.27,0,,0,25.28,87.37,962.52,0
2026-07-23 04:16:11,2026-07-23 04:10:00,488.738,0,24.77,89.97,951.83,0,455.437,0,25.87,82.2,955.5,0.1,508.043,0,23.38,97.78,950.16,0,,,,,,,390.348,0,25.34,92.03,962.53,0,,,,,,,472.303,0,23.58,93.8,953.2,0,,0,25.2,87.07,962.43,0
2026-07-23 04:26:12,2026-07-23 04:20:00,488.725,0,25.07,86.38,951.81,0,455.437,0,25.79,82.2,955.49,0.1,508.044,0,23.41,97.44,950.08,0,,,,,,,390.347,0,25.31,92.05,962.51,0,,,,,,,472.303,0,23.49,94.31,953.18,0,,0,25.17,87.62,962.44,0
2026-07-23 04:36:12,2026-07-23 04:30:00,488.726,0,25.17,86.61,951.84,0,455.437,0,25.66,83.3,955.55,0.1,508.044,0,23.42,96.51,950.18,0,478.1,0,23.7,92.6,952.7,0.2,390.348,0,25.25,91.96,962.57,0,,0,23.7,95.7,949.8,0,472.303,0,23.39,94.8,953.25,0,,0,25.06,87.72,962.5,0
2026-07-23 04:46:12,2026-07-23 04:40:00,488.725,0,25.26,89.52,951.79,0,455.437,0,25.77,83.87,955.49,0.1,508.043,0,23.05,96.76,950.12,0,,,,,,,390.348,0,25.24,92.5,962.61,0,,,,,,,472.303,0,23.3,94.88,953.2,0,,0,24.93,87.86,962.5,0
2026-07-23 04:56:13,2026-07-23 04:50:00,488.725,0,25.39,86.42,951.83,0,455.437,0,25.87,80.64,955.48,0.1,508.044,0,23.05,97.42,950.09,0,,,,,,,390.35,0,25.18,91.58,962.61,0,,,,,,,472.303,0,23.29,94.83,953.18,0,,0,24.89,88.22,962.51,0
2026-07-23 05:06:13,2026-07-23 05:00:00,488.725,0,25.26,86.63,951.84,0,455.437,0,25.84,83.25,955.45,0.1,508.044,0,23.34,97.59,950.04,0,478.1,0,24,93.1,952.6,0.2,390.352,0,25.17,90.91,962.57,0,,0,23.4,96.2,949.8,0,472.303,0,23.21,94.77,953.24,0,,0,24.85,88.33,962.49,0
2026-07-23 05:16:12,2026-07-23 05:10:00,488.732,0,25.1,87.21,951.77,0,455.437,0,25.81,83.01,955.43,0.1,508.044,0,23.07,95.98,950.08,0,,,,,,,390.347,0,25.18,91.45,962.51,0,,,,,,,472.303,0,23.15,95.28,953.17,0,,0,24.83,88.35,962.34,0
2026-07-23 05:26:13,2026-07-23 05:20:00,488.732,0,25.04,87.26,951.6,0,455.437,0,25.75,83.18,955.33,0.1,508.044,0,23,97.29,949.93,0,,,,,,,390.35,0,25.09,91.48,962.46,0,,,,,,,472.303,0,23.11,95.45,953.08,0,,0,24.8,88.81,962.41,0
2026-07-23 05:36:14,2026-07-23 05:30:00,488.725,0,25.04,90.15,951.71,0,455.438,0,25.59,84.4,955.38,0.1,508.044,0,22.89,97.71,950.02,0,478.1,0,23.9,91.1,952.5,0.2,390.347,0,25.06,91.63,962.4,0,,0,23.2,95.9,949.7,0,472.303,0,23.18,95.26,953.07,0,,0,24.78,88.47,962.37,0
2026-07-23 05:46:13,2026-07-23 05:40:00,488.718,0,25.1,87.53,951.65,0,455.437,0,25.39,83.73,955.32,0.1,508.044,0,22.8,97.34,950.03,0,,,,,,,390.346,0,25.03,91.77,962.45,0,,,,,,,472.303,0,23.17,93.97,953.01,0,,0,24.79,89.05,962.3,0
2026-07-23 05:56:12,2026-07-23 05:50:00,488.718,0,25.01,86.77,951.66,0.1,455.437,0,25.45,82.25,955.38,0.6,508.044,0,22.8,97.54,949.9,0,,,,,,,390.346,0,24.96,92.25,962.34,0.8,,,,,,,472.303,0,23.19,94.67,953.13,0,,0,24.73,88.73,962.39,0
2026-07-23 06:06:12,2026-07-23 06:00:00,488.718,0,24.9,88.25,951.72,3.1,455.437,0,24.92,86.04,955.47,4,508.051,0,22.7,97.45,950.02,2.4,478.1,0,24,89.3,952.6,3.7,390.351,0,24.99,91.93,962.48,5.9,,0,23.5,96.3,949.7,3.9,472.297,0,23.14,94.59,953.13,4,,0,24.75,89.05,962.42,3.9
2026-07-23 06:16:12,2026-07-23 06:10:00,488.718,0,25.04,87.86,951.82,9.7,455.437,0,24.37,86.67,955.53,11.9,508.044,0,22.87,97.54,950.13,9,,,,,,,390.351,0.2,25.07,91.4,962.48,16.1,,,,,,,472.303,0,23.19,94.4,953.18,12.7,,0,24.8,88.73,962.56,13.2
2026-07-23 06:26:12,2026-07-23 06:20:00,488.718,0,24.87,90.5,951.83,13.9,455.437,0,24.43,86.32,955.56,17.6,508.044,0,23.49,94.41,950.14,17.2,,,,,,,390.35,0.2,25.17,90.86,962.61,23.8,,,,,,,472.303,0,23.32,94.13,953.21,14.5,,0,24.9,88.57,962.55,20.5
2026-07-23 06:36:12,2026-07-23 06:30:00,488.725,0,24.88,91.11,951.87,20.5,455.438,0,24.8,86.23,955.6,26.2,508.051,0,23.68,94.89,950.15,27.5,478.1,0,24.2,90.4,952.7,28.6,390.347,0.2,25.24,91.25,962.57,38.4,,0,23.4,94.8,949.8,20.4,472.303,0,23.46,95.03,953.23,21.2,,0,25.04,88.09,962.61,31.3
2026-07-23 06:46:12,2026-07-23 06:40:00,488.718,0,24.98,87.21,951.9,28.8,455.437,0,24.99,85.27,955.66,36.9,508.043,0,23.76,94.33,950.2,42.9,,,,,,,390.344,0.2,25.38,90.8,962.69,51.4,,,,,,,472.297,0,23.58,95.06,953.29,31,,0,25.28,87.87,962.68,42.4
2026-07-23 06:56:12,2026-07-23 06:50:00,488.712,0,24.9,87.99,952.06,36,455.437,0,25.18,84.05,955.81,45.3,508.043,0,24.88,91.02,950.35,52.5,,,,,,,390.345,0.2,25.55,90.18,962.79,66.4,,,,,,,472.297,0,23.73,93.65,953.42,41.8,,0,25.45,87.15,962.74,56.9
2026-07-23 07:06:12,2026-07-23 07:00:00,488.718,0,25.08,86.7,952.17,46.1,455.438,0,25.12,87.57,955.92,56.1,508.049,0,24.54,91.37,950.44,52.6,478.1,0,24.4,91.1,953,56.7,390.35,0.2,25.96,89.28,962.93,115.9,,0,23.8,95.4,950.2,45.2,472.303,0,23.91,93.07,953.56,45.1,,0,25.69,86.47,962.89,63
2026-07-23 07:16:12,2026-07-23 07:10:00,488.718,0,25.21,88.62,952.24,51.4,455.437,0,25.19,88.77,956.1,62.4,508.044,0,24.27,93.79,950.58,61,,,,,,,390.351,0,26.14,87.61,962.95,76.6,,,,,,,472.297,0,24.17,91.93,953.63,50.7,,0,25.8,85.81,962.98,71.7
2026-07-23 07:26:12,2026-07-23 07:20:00,488.718,0,25.31,87.05,952.32,53,455.437,0,25.38,89.19,956.07,65.4,508.043,0,24.56,93.22,950.54,68.3,,,,,,,390.348,0,26.27,88.07,963.08,108.7,,,,,,,472.303,0,24.35,92.64,953.69,57.8,,0,26.07,85.84,962.98,79.5
2026-07-23 07:36:12,2026-07-23 07:30:00,488.718,0,25.54,88.02,952.3,70.4,455.438,0,25.54,88.84,956.1,80.1,508.043,0,24.85,91.86,950.54,79.6,478.1,0,24.7,91.5,953.1,76.6,390.348,0,26.49,87.43,963.08,116.6,,0,24.5,94.7,950.3,94.7,472.297,0,24.72,92.25,953.68,83.2,,0,26.26,84.46,963.09,94.7
2026-07-23 07:46:13,2026-07-23 07:40:00,488.718,0,25.76,87.77,952.32,113.2,455.437,0,25.97,86.96,956.05,137.2,508.05,0,25.19,90.39,950.63,126.6,,,,,,,390.341,0,26.69,86.81,963.09,122.6,,,,,,,472.297,0,25.12,90.07,953.66,125.3,,0,26.86,83.96,963.03,122.2
2026-07-23 07:56:12,2026-07-23 07:50:00,488.718,0,26.59,79.94,952.32,252.7,455.437,0,26.95,78.78,956.09,315.4,508.043,0,25.53,90.38,950.6,196.1,,,,,,,390.35,0,26.93,85.93,963.05,135.4,,,,,,,472.303,0,26.13,90.52,953.78,186.2,,0,27.23,82.09,963.18,145
2026-07-23 08:06:13,2026-07-23 08:00:00,488.718,0,27.24,76.18,952.42,370.2,455.437,0,28.45,77.9,956.19,482.2,508.043,0,26.37,87.17,950.64,344.5,478.1,0,26.1,88.8,953.2,365.2,390.348,0,27.06,84.86,963.24,208.1,,0,27.3,88.5,950.5,206.1,472.303,0,27.18,88.35,953.9,219.3,,0,27.68,81.02,963.29,140.4
2026-07-23 08:16:12,2026-07-23 08:10:00,488.724,0,27.54,73.81,952.48,383,455.437,0,29.44,74.84,956.27,348.7,508.043,0,29.58,73.84,950.81,489.6,,,,,,,390.345,0,27.79,83.53,963.27,344.8,,,,,,,472.309,0,27.54,84.47,953.92,264.4,,0,28.71,77.38,963.3,323.9
2026-07-23 08:26:12,2026-07-23 08:20:00,488.731,0,27.99,75.06,952.54,192.2,455.436,0,29.43,68.36,956.3,428.3,508.056,0,29.43,73.38,950.86,546.7,,,,,,,390.346,0,28.15,81.81,963.33,350.8,,,,,,,472.303,0,28.25,85.23,953.99,339.1,,0,29.71,72.84,963.34,443.9
2026-07-23 08:36:11,2026-07-23 08:30:00,488.744,0,27.93,73.65,952.71,520,455.436,0,28.66,72.25,956.41,225.9,508.062,0,28.05,76.64,950.87,248.7,478.1,0,28.1,82.1,953.5,405.6,390.346,0,28.48,79.89,963.5,413,,0,28.2,81.8,950.7,524.1,472.309,0,28.83,83.15,954.1,520,,0,33.39,62.22,963.51,280.4
2026-07-23 08:46:12,2026-07-23 08:40:00,488.724,0,28.28,72.15,952.83,446.8,455.436,0,28.67,72.99,956.49,479.7,508.062,0,28.09,73.61,950.92,418.4,,,,,,,390.344,0,28.98,77.25,963.53,418,,,,,,,472.31,0,30.1,77.19,954.08,441.5,,0,34.71,61.42,963.63,510.9
2026-07-23 08:56:12,2026-07-23 08:50:00,488.724,0,28.68,71.52,952.91,542,455.437,0,28.82,72.94,956.53,589.3,508.062,0,29.16,73.77,951.03,651.1,,,,,,,390.346,0,29.35,74.71,963.6,458.2,,,,,,,472.316,0,29.68,75.24,954.2,413,,0,35.16,57.19,963.61,581.2
2026-07-23 09:06:12,2026-07-23 09:00:00,488.724,0,29.61,69.89,952.88,570.9,455.436,0,29.41,70.79,956.58,610.5,508.061,0,29.13,73.56,951.01,586,478.1,0,28.8,78.9,953.7,570.2,390.343,0,29.79,73.61,963.7,484.7,,0,28.6,80.7,950.8,326.9,472.317,0,29.5,77.97,954.26,306.7,,0,36.36,53.04,963.67,563.9
2026-07-23 09:16:11,2026-07-23 09:10:00,488.724,0,29.88,67.73,953.05,576.1,455.436,0,30.44,67.24,956.79,625.3,508.055,0,30.04,69.4,951.22,621.8,,,,,,,390.34,0,30.08,72.31,963.78,438.4,,,,,,,472.317,0,28.92,79.2,954.41,544.1,,0,37.17,51.02,963.84,589.4
2026-07-23 09:26:12,2026-07-23 09:20:00,488.724,0,31.35,69.18,953.22,597.3,455.43,0,31.66,70.02,956.85,649,508.068,0,30.05,68,951.26,655.4,,,,,,,390.34,0,30.38,71.3,963.81,531.5,,,,,,,472.309,0,30.53,77.19,954.45,591.4,,0,38.87,46.11,963.86,600.1
2026-07-23 09:36:11,2026-07-23 09:30:00,488.736,0,32.14,71.2,953.37,629.9,455.43,0,32.05,66.4,956.99,691.9,508.061,0,31.17,66.31,951.44,654,478.1,0,31.1,77.3,954.2,586.1,390.343,0,30.8,66.3,963.91,587.6,,0,30.7,72.9,951.1,588.2,472.309,0,31.09,77.61,954.53,556.1,,0,37.91,45.12,963.91,620.5
2026-07-23 09:46:12,2026-07-23 09:40:00,488.743,0,32.83,63.73,953.37,737.7,455.431,0,32.24,62.78,956.99,768.7,508.061,0,31.65,67.76,951.42,682.4,,,,,,,390.343,0,29.91,66.79,963.9,574.7,,,,,,,472.317,0,31.7,74.53,954.58,660.7,,0,38.49,45,963.9,687.6
2026-07-23 09:56:14,2026-07-23 09:50:00,488.743,0,33.25,61.21,953.25,725.2,455.43,0,32.16,62.47,956.92,759.1,508.074,0,30.72,64.34,951.37,639.9,,,,,,,390.336,0,29.84,66.43,963.86,591.3,,,,,,,472.31,0,32.68,67.6,954.53,683.1,,0,38.8,43.71,963.79,736.9
2026-07-23 10:06:11,2026-07-23 10:00:00,488.75,0,32.95,58.68,953.18,693.3,455.43,0,32.92,61.37,956.83,772.4,508.061,0,32.02,60.52,951.39,740.4,478.1,0,31.6,70.5,954,702.2,390.34,0,30.73,64.37,963.72,606.3,,0,30.2,65.8,951.1,694.6,472.317,0,33.09,65.06,954.47,410.2,,0,37.08,49.34,963.69,711.3
2026-07-23 10:16:13,2026-07-23 10:10:00,488.755,0,32.4,62.56,953.15,711.3,455.435,0,32.15,64.53,956.82,326.1,508.067,0,32.39,61.52,951.33,784.2,,,,,,,390.336,0,30.24,64.57,963.7,653.8,,,,,,,472.317,0,33.67,62.4,954.46,774.3,,0,37.5,46.4,963.66,769.8
2026-07-23 10:36:12,2026-07-23 10:30:00,488.73,0,30.31,65.96,953.07,923.8,455.436,0,31.62,64.82,956.82,932.5,508.067,0,31.48,63.71,951.24,913.4,478.1,0,30.2,80.5,954.1,504.9,390.334,0,30.42,64.52,963.78,723.4,,0,33.2,62.2,951,890.6,472.317,0,34.81,60.25,954.48,712.9,,0,34.36,53.1,963.73,514.2
2026-07-23 10:46:12,2026-07-23 10:40:00,488.77,0,31.18,63.81,953.12,1009.2,455.43,0,31.85,64.68,956.75,1032.5,508.061,0,32.43,61.25,951.25,990.3,,,,,,,390.34,0,30.45,64.41,963.83,511.5,,,,,,,472.317,0,34.74,65.46,954.56,932.8,,0,36.94,46,963.73,885.6
2026-07-23 10:56:12,2026-07-23 10:50:00,488.698,0,30.14,67.55,953.14,317.4,455.43,0,32.44,63.34,956.79,831.6,508.061,0,33.4,58.08,951.34,655.4,,,,,,,390.334,0,30.46,62.9,963.9,765.8,,,,,,,472.323,0,35.34,55.15,954.58,744.3,,0,37.57,47.41,963.7,914.5
2026-07-23 11:06:12,2026-07-23 11:00:00,488.718,0,30.15,67.19,953.15,325.5,455.43,0,31.62,63.61,956.72,642.8,508.067,0,32.13,64.74,951.44,723.2,478.1,0,32.1,71.6,954.1,579.6,390.336,0,30.63,62.19,963.88,702.2,,0,32.7,64.6,951.3,923.8,472.317,0,35.73,57.16,954.64,911.9,,0,36.8,47.51,963.75,891
2026-07-23 11:16:13,2026-07-23 11:10:00,488.727,0,30.59,65.98,953.09,310.9,455.43,0,31.93,62.81,956.73,366.3,508.068,0,31.58,62.18,951.24,747.5,,,,,,,390.334,0,30.87,61.46,963.8,602.4,,,,,,,472.317,0,36.2,53.19,954.66,298.8,,0,36.42,49.54,963.69,912.7
2026-07-23 11:26:12,2026-07-23 11:20:00,488.698,0,30.18,65.27,953.06,272.4,455.43,0,32.85,64.75,956.64,485.1,508.068,0,31.28,64.77,951.21,1103.5,,,,,,,390.336,0,31.14,61.97,963.68,673.9,,,,,,,472.323,0,35.94,56.04,954.55,331.7,,0,36.67,51.45,963.58,677.4
2026-07-23 11:36:12,2026-07-23 11:30:00,488.75,0,30.62,65.41,952.99,570,455.43,0,31.85,63.77,956.65,445.9,508.061,0,31.41,63.77,951.2,546.2,478.1,0,31.1,71,954,426.5,390.333,0,31.58,62.14,963.69,770.7,,0,34.3,52.6,951.1,981.3,472.323,0,35.51,52.93,954.26,377.7,,0,36.4,49.45,963.5,418.2
2026-07-23 11:46:12,2026-07-23 11:40:00,488.711,0,30.5,67.57,952.95,406.7,455.43,0,31.42,65.75,956.5,375.7,508.061,0,30.9,69.06,951.1,431.3,,,,,,,390.333,0,31.95,61.33,963.52,778.1,,,,,,,472.323,0,33.81,56.61,954.41,568.7,,0,36.59,48.42,963.36,993.1
2026-07-23 11:56:12,2026-07-23 11:50:00,488.724,0,30.89,69.28,952.89,1182.7,455.43,0,31.52,65.77,956.33,439.6,508.061,0,31.58,63.82,950.95,530,,,,,,,390.338,0,32.61,56.99,963.28,782.2,,,,,,,472.323,0,33.17,61.82,954.2,415,,0,35.63,51.9,963.25,271.3
2026-07-23 12:06:12,2026-07-23 12:00:00,488.709,0,30.73,68.17,952.78,398.7,455.43,0,31.35,65.03,956.12,429.3,508.061,0,31.64,63.38,950.82,500.9,478.1,0,33.2,62.4,953.6,794.5,390.333,0,32.28,58.08,963.07,802.6,,0,31.1,64.1,950.7,389.4,472.323,0,32.41,58.25,954.11,608.7,,0,35.7,54.34,963.05,765.6
2026-07-23 12:16:14,2026-07-23 12:10:00,488.718,0,30.38,70.66,952.65,366.4,455.43,0,31.05,65.35,956.1,360.5,508.061,0,32.52,63.45,950.7,1183.3,,,,,,,390.336,0,32.35,58.25,963.01,790.7,,,,,,,472.317,0,32.73,59.7,954.01,352.1,,0,37.11,46.99,962.92,764.4
2026-07-23 12:26:12,2026-07-23 12:20:00,488.718,0,30.36,72.04,952.46,341.8,455.43,0,31.38,65.21,955.92,,508.068,0,32.67,61.32,950.52,869.9,,,,,,,390.338,0,33.16,57.7,962.88,702.3,,,,,,,472.317,0,35.26,57.52,953.78,562.9,,0,36.87,46.76,962.74,274.4
2026-07-23 12:36:13,2026-07-23 12:30:00,488.704,0,30.49,66.04,952.28,364.2,455.43,0,31.31,64.87,955.82,705.5,508.067,0,31.75,65.83,950.38,399.4,478.1,0,31.5,70.6,953.2,348.8,390.332,0,32.74,56.49,962.55,789.2,,0,32,64,950.2,259.1,472.323,0,33.16,60.94,953.66,337.3,,0,34.71,54.27,962.49,1142.8
2026-07-23 12:46:12,2026-07-23 12:40:00,488.711,0,30.89,67.72,952.2,306,455.43,0,31.82,66.1,955.58,,508.061,0,31.88,64.06,950.24,517.7,,,,,,,390.336,0,32.94,56.38,962.44,946.2,,,,,,,472.323,0,33.45,57.38,953.47,432.5,,0,35.87,53.44,962.33,378.3
2026-07-23 12:56:12,2026-07-23 12:50:00,488.721,0,30.5,70.95,952.02,444.2,455.43,0,31.45,65.74,955.42,771.6,508.061,0,33.35,59.97,950.02,488.5,,,,,,,390.333,0,32.76,58.15,962.23,360.4,,,,,,,472.317,0,33.75,58.63,953.24,426.5,,0,36.02,52.72,962.1,508.5
2026-07-23 13:06:12,2026-07-23 13:00:00,488.724,0,31.16,70.15,951.74,1048.8,455.43,0,33.09,61.78,955.1,1145.9,508.061,0,33.58,57.8,949.81,459.6,478.1,0,31.4,70,952.5,552.5,390.338,0,32.52,59.62,961.99,678.1,,0,32.5,60.3,949.6,598.3,472.317,0,34.18,60,952.97,385.9,,0,36.93,47.82,961.8,1192.6
2026-07-23 13:16:13,2026-07-23 13:10:00,488.718,0,32.02,65.46,951.44,678.4,455.43,0,32.54,61.78,954.99,,508.067,0,34.06,58.8,949.52,865.1,,,,,,,390.339,0,32.76,59.08,961.78,994.4,,,,,,,472.317,0,34.46,60.33,952.64,525.3,,0,37.19,48.49,961.59,693.4
2026-07-23 13:26:12,2026-07-23 13:20:00,488.724,0,31.97,66.25,951.15,1153.9,455.43,0,32.71,63.54,954.6,1078.5,508.066,0,33.45,60.24,949.21,1062.7,,,,,,,390.358,0,32.65,58.42,961.52,453,,,,,,,472.31,0,35.9,60.19,952.34,860.9,,0,37.14,47.39,961.26,757.5
2026-07-23 13:36:11,2026-07-23 13:30:00,488.731,0,31.97,65.56,950.77,291.7,455.43,0,32.75,62.4,954.24,680.3,508.061,0,34.26,57.15,948.73,560.7,478.1,0,32.9,64.8,951.6,998.7,390.333,0,32.49,57.18,961.17,549.2,,0,32.6,60.2,948.7,312.8,472.31,0,35.76,61.32,952.08,370.7,,0,37.8,48.31,960.88,968
2026-07-23 13:46:13,2026-07-23 13:40:00,488.731,0,31.28,65.67,950.64,257.7,455.429,0,32.64,62.02,954.12,281.6,508.074,0,33.29,62.28,948.77,1011.7,,,,,,,390.347,0,32.36,59.73,961.03,424.1,,,,,,,472.317,0,34.68,53.62,951.88,588.7,,0,38.31,47.92,960.83,486.5
2026-07-23 13:56:13,2026-07-23 13:50:00,488.718,0,31.29,67.78,950.33,560.9,455.424,0,32.73,61.74,953.82,517.5,508.074,0,32.35,61.33,948.53,482.1,,,,,,,390.341,0,32.73,56.61,960.78,721.8,,,,,,,472.317,0,34.98,57.63,951.59,257,,0,37.52,50.04,960.53,614.6
2026-07-23 14:06:11,2026-07-23 14:00:00,488.722,0,31.25,65.65,950.1,269,455.43,0,32.1,61.8,953.52,321.2,508.067,0,31.92,67.72,948.09,459.2,478.1,0,32.4,72.3,950.9,362.3,390.331,0,33.18,55.41,960.35,801.9,,0,31.1,73.4,948.1,137.2,472.323,0,32.93,67.26,951.4,170,,0,37.53,47.67,960.14,279.7
2026-07-23 14:16:16,2026-07-23 14:10:00,488.686,0,30.03,74.67,950.41,92.4,455.43,0,29.88,78.27,953.7,124.5,508.061,0,31.68,64.59,948.04,300.5,,,,,,,390.337,0,32.97,57.27,960.24,459.7,,,,,,,472.354,0.8,27.46,85.59,952.1,77.8,,0,35.06,51.89,960.08,238.2
2026-07-23 14:26:12,2026-07-23 14:20:00,488.75,3.8,25.53,96.26,950.71,92.4,455.43,1,26.08,88.52,954.31,86.9,508.061,0,31.03,67.85,948.12,114.5,,,,,,,390.34,0,32.69,61.5,960.29,310.6,,,,,,,472.329,5.4,25.02,95.74,951.73,159.3,,0,33.53,58.52,960.45,110.7
2026-07-23 14:36:11,2026-07-23 14:30:00,488.691,5.2,24.68,96.92,950.35,140,455.437,4.2,24.29,92.37,953.9,160,508.068,0,27.74,80.65,948.34,148.5,478.1,0,27.6,84.3,951.4,137.5,390.346,0,31.75,66.76,960.34,405,,5.4,24.6,98.8,948.1,250.7,472.303,5.4,25.57,96.21,951.62,468.1,,0,30.04,72.62,960.28,210.4
2026-07-23 14:46:13,2026-07-23 14:40:00,488.692,5.2,24.94,97.02,950.35,158.8,455.43,4.2,25.04,93.13,953.69,190.3,508.055,0.4,24.94,94.33,948.32,202.4,,,,,,,390.347,0,30.1,68.88,960.55,225.1,,,,,,,472.31,5.4,25.68,96.24,951.62,178.3,,0,29.48,74.01,960.34,282.4
2026-07-23 14:56:13,2026-07-23 14:50:00,488.692,5.2,26.36,97.59,950.32,237.9,455.436,4.2,24.8,92.67,953.51,293.7,508.048,0.4,25.79,96.29,947.97,323.1,,,,,,,390.345,0,28.7,76.38,960.56,98.1,,,,,,,472.303,5.4,25.29,96.22,951.45,273,,0,30.09,72.57,960.22,281.6
2026-07-23 15:06:11,2026-07-23 15:00:00,488.692,5.2,26.39,97.3,950.08,348,455.43,4.2,25.83,93.09,953.4,701,508.056,0.4,25.93,93.85,947.96,330,478.1,0.8,27,90.2,950.7,331.7,390.355,2.8,24.91,93.77,960.5,133.1,,5.4,25.3,99.2,947.8,227.9,472.303,5.4,26.13,96.53,951.24,233.3,,0,30.64,70.05,960.07,276.4
2026-07-23 15:16:12,2026-07-23 15:10:00,488.696,0,25.73,90.16,949.69,277,455.43,0,25.63,92.4,953.27,404.9,508.055,0,27.83,79.77,947.9,272.8,,,,,,,390.35,0.4,25.09,95.4,960.21,163.3,,,,,,,472.303,0,26.42,96.57,951.09,299.1,,0,30.82,70.81,959.82,209.4
2026-07-23 15:26:12,2026-07-23 15:20:00,488.698,0,27.04,88.32,949.75,183,455.43,0,25.46,92.31,953.16,208.1,508.055,0,27.76,80.35,947.81,164.6,,,,,,,390.336,0.4,25.5,95.42,960.06,205.2,,,,,,,472.303,0,27.29,96.58,951.07,503.6,,0,30.38,72,959.81,178.8
2026-07-23 15:36:15,2026-07-23 15:30:00,488.692,0,27.14,92.68,949.68,232.6,455.43,0,25.54,92.34,953.11,279.9,508.048,0,27.7,81.86,947.8,174.4,478.1,0,27.4,90.2,950.4,198.9,390.338,0.4,26.11,95.35,960.13,183.9,,0,26.3,99.4,947.6,422.3,472.316,0,26.87,96.03,951.02,327.2,,0,30.42,69.64,959.85,161.7
2026-07-23 15:46:12,2026-07-23 15:40:00,488.711,0,27.58,88.22,949.42,253,455.43,0,26.03,92.44,952.89,308.7,508.049,0,27.98,85.21,947.54,207.3,,,,,,,390.338,0.4,27.31,87.26,959.82,211.3,,,,,,,472.31,0,27.35,95.81,950.72,340.6,,0,31.78,69.32,959.53,528
2026-07-23 15:56:12,2026-07-23 15:50:00,488.698,0,27.97,81.54,949.27,236.5,455.43,0,27.37,86.55,952.68,285.4,508.048,0,28.08,86.1,947.35,201.4,,,,,,,390.345,0.4,29.17,81.55,959.73,253.9,,,,,,,472.309,0,27.63,95.75,950.42,289.5,,0,32.45,65.41,959.36,430.5
2026-07-23 16:06:13,2026-07-23 16:00:00,488.692,0,28.15,80.32,949.36,190.1,455.43,0,28.41,80.01,952.81,220.8,508.055,0,28.01,81.72,947.47,161.4,478.1,0,27.5,87.5,950.2,177.8,390.347,0.4,30.19,77.78,959.83,227.4,,0,25.9,98.3,947.1,382.5,472.31,0,26.94,94.79,950.52,349.5,,0,32.15,65.96,959.55,248.5
2026-07-23 16:16:12,2026-07-23 16:10:00,488.704,0,28.42,80.52,949.4,220.8,455.43,0,28.86,75.8,952.84,263.5,508.055,0,28.11,84.41,947.45,168.6,,,,,,,390.337,0,30.76,77.77,959.96,231.7,,,,,,,472.31,0,27.62,95.68,950.61,365.2,,0,31.9,65.23,959.61,238.2
2026-07-23 16:26:12,2026-07-23 16:20:00,488.711,0,29.36,81.08,949.44,189.7,455.43,0,29.25,74.79,952.9,253.8,508.055,0,28.35,85.11,947.49,195.8,,,,,,,390.344,0,30.49,76.9,959.95,220.1,,,,,,,472.317,0,28.39,96.09,950.69,292,,0,31.97,65.57,959.54,234.2
2026-07-23 16:36:11,2026-07-23 16:30:00,488.704,0,29.91,78.98,949.5,236.4,455.43,0,29.4,75.57,952.9,243,508.048,0,28.7,85.19,947.52,202.1,478.09,0,28.3,88.6,950.2,227.6,390.343,0,30.44,75.98,959.92,221.3,,0,29.7,83.6,947.3,227.2,472.315,0,27.73,95.37,950.67,227.6,,0,31.75,65.24,959.59,259.6
2026-07-23 16:46:13,2026-07-23 16:40:00,488.718,0,30.24,78.98,949.5,249.2,455.43,0,29.5,76.55,952.86,221.5,508.054,0,28.55,84.16,947.44,183.9,,,,,,,390.344,0,30.8,74.78,959.84,216.6,,,,,,,472.317,0,28.29,96.2,950.57,282.7,,0,31.85,66.45,959.47,214.9
2026-07-23 16:56:12,2026-07-23 16:50:00,488.704,0,30.53,78.88,949.24,261.2,455.43,0,29.6,75.26,952.67,250.3,508.055,0,28.6,81.08,947.2,178.6,,,,,,,390.338,0,31.15,73.36,959.69,233.5,,,,,,,472.317,0,27.39,94.81,950.4,285.7,,0,31.99,66.6,959.3,211.8
2026-07-23 17:16:12,2026-07-23 17:10:00,488.724,0,29.83,77.18,949.5,365.6,455.43,0,30.69,74.74,952.91,341,508.055,0,29.03,81,947.55,140.7,,,,,,,390.336,0,31.83,71.31,959.87,252.6,,,,,,,472.317,0,27.63,96.19,950.7,191.1,,0,32.61,63.19,959.61,285.7
2026-07-23 17:26:12,2026-07-23 17:20:00,488.691,0,30.05,71.06,949.51,165.2,455.43,0,30.8,71.19,953.05,198.9,508.061,0,28.99,75.22,947.51,132.2,,,,,,,390.341,0,31.76,71.7,960.09,160.9,,,,,,,472.317,0,27.08,95.51,950.84,139.1,,0,32.89,64.07,959.76,265.2
2026-07-23 17:46:12,2026-07-23 17:40:00,488.686,0,29.01,84.39,949.68,76.6,455.43,0,29.5,72.55,953.22,90.6,508.061,0,29.09,73.85,947.74,93.6,,,,,,,390.343,0,31.03,72.79,960.11,92.6,,,,,,,472.317,0,26.25,95.54,951.12,49.2,,0,31.31,68,959.84,93.5
2026-07-23 17:56:13,2026-07-23 17:50:00,488.678,0,28.67,76.34,949.76,54.3,455.43,0,29.1,76.21,953.36,65.9,508.061,0,28.8,78.72,947.79,71.5,,,,,,,390.345,0,30.81,74.6,960.34,72.1,,,,,,,472.317,0,25.82,95.98,951.27,23.1,,0,30.76,69.73,959.98,64.8
2026-07-23 18:06:14,2026-07-23 18:00:00,488.679,0,28.17,77.16,949.87,33.8,455.436,0,28.72,74.33,953.47,42.6,508.055,0,28.73,75.67,947.92,57.5,478.09,0,27.1,84.6,950.7,56.4,390.347,0,30.51,74.43,960.5,41.2,505.16,4.6,23.7,97.8,948.3,9.2,472.317,0,25.61,93.81,951.54,13.2,,0,30.45,67.35,960.16,38.9
2026-07-23 18:16:11,2026-07-23 18:10:00,488.679,0,27.86,81.49,950.09,19.9,455.43,0,28.41,78.18,953.75,22.5,508.056,0,27.87,82.2,948.13,33.2,,,,,,,390.343,0,29.91,74.44,960.67,13.2,,,,,,,472.317,1.4,23.86,95.6,951.6,9.4,,0,30,68.01,960.42,15.3
2026-07-23 18:26:13,2026-07-23 18:20:00,488.673,0,27.45,80.66,949.96,11.6,455.43,0,28.11,76.54,953.64,14.8,508.055,0,27.16,82.75,948.13,19.3,,,,,,,390.365,0,28.07,80.71,960.98,4.2,,,,,,,472.31,2.8,23.76,96.27,951.36,7.2,,0,28.04,74.09,960.61,9.8
2026-07-23 18:36:12,2026-07-23 18:30:00,488.672,0,26.97,83.97,949.98,6.7,455.43,0,27.95,78.38,953.65,8.4,508.056,0,27.02,85.84,948.13,11.5,478.09,0,26.5,85.2,950.9,10.6,390.355,3.2,25.41,92.69,961.31,3.8,,4,23,99.2,947.8,7.2,472.31,3,23.6,96.48,951.27,6.3,,1.4,25.95,87.02,960.72,5.1
2026-07-23 18:46:12,2026-07-23 18:40:00,488.667,0,27.02,80.81,949.82,4.6,455.43,0,26.95,81.86,953.59,4.9,508.056,0,26.7,85.73,948.11,5.2,,,,,,,390.358,4.2,25.06,95.31,961.01,3.9,,,,,,,472.303,3,23.72,96.68,951.55,5,,4.6,25.35,90.03,960.7,3.1
2026-07-23 18:56:12,2026-07-23 18:50:00,488.673,0,26.85,81.22,950.15,3.1,455.43,0,26.52,83.2,953.92,3.1,508.056,0,26.33,86.68,948.4,1.2,,,,,,,390.354,4.2,25.27,95.49,960.98,3.1,,,,,,,472.303,3.2,23.7,96.7,951.73,2.7,,5.2,25.37,91.29,960.61,1.7
2026-07-23 19:06:11,2026-07-23 19:00:00,488.679,0,26.99,82.08,950.5,0.1,455.43,0,26.93,82.77,954.16,0.5,508.056,0,26.35,88.1,948.59,0,478.09,0,26,87.7,951.4,0.7,390.352,4.2,25.13,94.94,961.26,0.4,,4,23.5,99.7,948.5,0,472.303,3.2,23.86,96.83,951.96,0,,5.2,25.24,90.07,960.86,0
2026-07-23 19:16:13,2026-07-23 19:10:00,488.667,0,26.93,80.14,950.58,0,455.43,0,27.01,83.52,954.2,0.2,508.05,0,26.4,88.67,948.78,0,,,,,,,390.36,0,25.38,95.07,961.29,0,,,,,,,472.303,0,23.73,96.84,951.94,0,,0.2,25.42,90.46,960.98,0
2026-07-23 19:26:12,2026-07-23 19:20:00,488.667,0,26.96,78.88,950.58,0,455.43,0,27.14,80.85,954.12,0.1,508.05,0,25.65,91.89,948.77,0,,,,,,,390.361,0,25.45,94.42,961.15,0,,,,,,,472.303,0,23.6,96.85,951.94,0,,0.2,25.41,88.13,960.97,0
2026-07-23 19:36:11,2026-07-23 19:30:00,488.667,0,26.68,79.92,950.56,0,455.43,0,27.57,80,954.16,0.1,508.05,0,25.29,94.3,948.89,0,478.09,0,25.6,90.4,951.5,0.2,390.358,0,25.79,93.17,961.22,0,,0,23.1,99.7,948.4,0,472.297,0,23.72,96.96,952.02,0,,0.4,25.25,90.4,960.96,0
2026-07-23 19:46:15,2026-07-23 19:40:00,488.667,0,26.71,81.33,950.58,0,455.43,0,27.65,75.59,954.26,0.1,508.05,0,25.31,93.83,948.93,0,,,,,,,390.358,0,25.97,88.33,961.31,0,,,,,,,472.303,0,23.62,96.96,952.07,0,,0.4,25.38,89.93,961,0
2026-07-23 19:56:12,2026-07-23 19:50:00,488.667,0,26.38,89.71,950.72,0,455.43,0,27.9,74.94,954.34,0.1,508.05,0,25.18,91.88,948.91,0,,,,,,,390.355,0.2,26.14,92.67,961.47,0,,,,,,,472.303,0,23.7,97.03,952.16,0,,0.4,25.53,89.47,961.08,0
2026-07-23 20:06:11,2026-07-23 20:00:00,488.667,0,26.18,86.11,950.76,0,455.43,0,27.88,80.01,954.45,0.2,508.05,0,25.23,93.63,948.97,0,478.09,0,25.5,91.2,951.6,0.2,390.358,0.2,26,92.26,961.39,0,,0,23.1,99.9,948.5,0,472.297,0,23.66,97.04,952.17,0,,0.4,25.76,91.36,961.1,0
2026-07-23 20:16:14,2026-07-23 20:10:00,488.66,0,26.05,88.9,950.85,0,455.43,0,27.83,79,954.56,0.1,508.044,0,25.01,94.84,949.07,0,,,,,,,390.354,0,25.87,92.58,961.46,0,,,,,,,472.297,0,23.69,97.07,952.26,0,,0,25.8,90.07,961.22,0
2026-07-23 20:26:12,2026-07-23 20:20:00,488.673,0,26.13,87.65,950.87,0,455.43,0,27.85,76.45,954.63,0.1,508.05,0,24.8,94.79,949.12,0,,,,,,,390.357,0,25.82,93.4,961.7,0,,,,,,,472.3,0,23.53,96.96,952.28,0,,0,25.85,90.65,961.25,0
2026-07-23 20:36:11,2026-07-23 20:30:00,488.666,0,25.75,90.37,951,0,455.43,0,27.85,76.5,954.7,0.1,508.046,0,24.53,94.76,949.28,0,478.09,0,25.5,89.7,951.9,0.2,390.357,0,25.8,93.23,961.82,0,,0,23.2,100,949,0,472.297,0,23.58,96.89,952.46,0,,0,25.92,90.65,961.54,0
2026-07-23 20:46:14,2026-07-23 20:40:00,488.66,0,25.66,90.92,951.19,0,455.43,0,27.64,76.92,954.82,0.1,508.043,0,24.81,96.2,949.33,0,,,,,,,390.354,0,25.72,93.12,962.03,0,,,,,,,472.297,0,23.58,96.84,952.56,0,,0,25.86,90.31,961.64,0
2026-07-23 20:56:15,2026-07-23 20:50:00,488.66,0,26.08,87.96,951.31,0,455.43,0,27.95,77.26,954.85,0.1,508.043,0,24.81,95.32,949.44,0,,,,,,,390.358,0,25.63,92.99,962.1,0,,,,,,,472.303,0,23.44,96.51,952.74,0,,0,25.95,90.15,961.72,0
2026-07-23 21:06:11,2026-07-23 21:00:00,488.667,0,26.51,81.87,951.49,0,455.43,0,28.11,77.52,955.05,0.1,508.043,0,24.81,95.63,949.64,0,478.09,0,25.3,88.9,952.4,0.2,390.357,0,25.61,92.94,962.25,0,,0,23.3,100,949.4,0,472.297,0,23.53,96.67,952.96,0,,0,25.82,90.37,962.03,0
2026-07-23 21:16:13,2026-07-23 21:10:00,488.66,0,26.48,84.81,951.71,0,455.43,0,28.01,76.69,955.47,0.1,508.043,0,24.78,95.27,949.94,0,,,,,,,390.358,0,25.61,93.46,962.45,0,,,,,,,472.303,0,23.62,96.66,953.15,0,,0,25.75,90.4,962.17,0
2026-07-23 21:26:12,2026-07-23 21:20:00,488.66,0,26.11,84.38,951.88,0,455.43,0,27.74,75.86,955.69,0.1,508.044,0,24.74,95.19,950.17,0,,,,,,,390.359,0,25.56,93.78,962.64,0,,,,,,,472.303,0,23.56,96.45,953.33,0,,0,25.72,90.28,962.35,0
2026-07-23 21:46:12,2026-07-23 21:40:00,488.66,0,26.41,82.65,952.18,0,455.43,0,27.57,77.47,955.79,0.1,508.043,0,24.74,94.46,950.25,0,,,,,,,390.358,0,25.73,93.72,962.76,0,,,,,,,472.297,0,23.62,96.39,953.54,0,,0,25.8,90.62,962.54,0
2026-07-23 21:56:12,2026-07-23 21:50:00,488.66,0,26.08,86.29,952.12,0,455.43,0,27.43,80.23,955.79,0.1,508.043,0,24.64,95.75,950.33,0,,,,,,,390.361,0,25.79,93.47,962.72,0,,,,,,,472.297,0,23.62,96.4,953.51,0,,0,25.8,89.76,962.55,0
2026-07-23 22:06:13,2026-07-23 22:00:00,488.66,0,25.53,90.09,952.17,0,455.43,0,27.12,78.56,955.81,0.2,508.043,0,24.61,95.7,950.38,0,478.09,0,25.5,88.7,953,0.2,390.361,0,25.91,93.17,962.75,0,,0,23.7,100,949.9,0,472.297,0,23.7,96.14,953.42,0,,0,25.73,90.66,962.63,0
2026-07-23 22:16:13,2026-07-23 22:10:00,488.667,0,25.94,85.56,952.1,0,455.43,0,26.74,81.43,955.81,0.1,508.044,0,24.57,95.44,950.45,0,,,,,,,390.359,0,25.86,93.19,962.7,0,,,,,,,472.297,0,23.83,96.52,953.46,0,,0,25.7,89.85,962.61,0
2026-07-23 22:26:13,2026-07-23 22:20:00,488.66,0,26.2,85.04,952.08,0,455.43,0,26.56,83.15,955.82,0.2,508.043,0,24.63,95.24,950.45,0,,,,,,,390.36,0,25.76,93.3,962.77,0,,,,,,,472.297,0,23.8,96.37,953.39,0,,0,25.8,88.49,962.49,0
2026-07-23 22:36:12,2026-07-23 22:30:00,488.66,0,26.35,83.3,951.95,0,455.43,0,26.55,79.57,955.72,0.1,508.043,0,24.57,94.65,950.22,0,478.09,0,25.2,91.7,952.8,0.2,390.361,0,25.79,92.86,962.71,0,,0,23.6,100,949.7,0,472.297,0,23.74,96.25,953.33,0,,0,25.9,87.05,962.44,0
2026-07-23 22:46:13,2026-07-23 22:40:00,488.66,0,26.44,80.44,951.86,0,455.43,0,26.27,84.4,955.59,0.1,508.043,0,24.4,95.78,950.22,0,,,,,,,390.358,0,25.94,93.1,962.66,0,,,,,,,472.297,0,23.86,96.23,953.28,0,,0,26.16,84.94,962.44,0
2026-07-23 22:56:12,2026-07-23 22:50:00,488.654,0,26.65,79.67,952,0,455.43,0,26.04,80.33,955.82,0.1,508.043,0,24.31,96.26,950.24,0,,,,,,,390.36,0,26,92.94,962.63,0,,,,,,,472.297,0,23.8,96.08,953.37,0,,0,26.2,85.98,962.43,0
2026-07-23 23:06:12,2026-07-23 23:00:00,488.654,0,26.35,81.4,951.92,0,455.43,0,25.93,83.51,955.7,0.1,508.043,0,24.53,93.51,950.14,0,478.09,0,24.9,87.6,952.8,0.2,390.36,0,26.12,92.23,962.66,0,,0,23.7,100,949.8,0,472.303,0,23.81,96.19,953.24,0,,0,26.12,85.86,962.43,0
2026-07-23 23:16:13,2026-07-23 23:10:00,488.654,0,25.87,82.42,951.86,0,455.43,0,25.86,81.55,955.62,0.2,508.05,0,24.27,94.29,949.9,0,,,,,,,390.361,0,26.18,93,962.57,0,,,,,,,472.297,0,23.83,96.2,953.17,0,,0,26.3,81.98,962.21,0
2026-07-23 23:26:14,2026-07-23 23:20:00,488.654,0,25.5,85.76,951.56,0,455.43,0,25.66,83.06,955.38,0.1,508.044,0,24.26,94.78,949.84,0,,,,,,,390.359,0,26.14,91.89,962.51,0,,,,,,,472.297,0,23.63,95.71,953.01,0,,0,26.69,78.84,962.24,0
2026-07-23 23:36:13,2026-07-23 23:30:00,488.654,0,25.53,83.81,951.54,0,455.43,0,25.31,85.24,955.3,0.1,508.043,0,24.15,94.37,949.84,0,478.09,0,24.5,86.9,952.5,0.2,390.359,0,25.97,92.46,962.42,0,,0,23.3,100,949.4,0,472.297,0,23.56,96.15,952.9,0,,0,26.41,78.93,962.09,0
2026-07-23 23:46:14,2026-07-23 23:40:00,488.654,0,25.88,81.39,951.55,0,455.43,0,25.21,84.18,955.33,0.1,508.044,0,23.8,94.38,949.82,0,,,,,,,390.36,0,25.89,92.11,962.35,0,,,,,,,472.303,0,23.49,96.16,952.96,0,,0,26.45,80.14,962.01,0
2026-07-23 23:56:12,2026-07-23 23:50:00,488.648,0,25.81,81.52,951.55,0,455.43,0,25.33,83.68,955.39,0.2,508.044,0,24.05,95.11,949.89,0,,,,,,,390.361,0,25.89,92.19,962.37,0,,,,,,,472.304,0,23.37,95.97,952.93,0,,0,26.27,80.67,962.06,0
2026-07-24 00:06:12,2026-07-24 00:00:00,488.648,0,25.66,83.09,951.71,0,455.43,0,25.91,79.49,955.57,0.2,508.043,0,23.82,94.31,949.89,0,478.09,0,24.2,90,952.6,0.2,390.359,0,25.97,91.41,962.48,0,,0,23.1,100,949.5,0,472.297,0,23.32,96.19,953,0,,0,26.32,81.06,962.22,0
2026-07-24 00:16:13,2026-07-24 00:10:00,488.648,0,25.4,83.94,951.64,0,455.43,0,26.56,77.62,955.52,0.1,508.051,0,23.96,93.88,950.08,0,,,,,,,390.36,0,25.93,91.02,962.48,0,,,,,,,472.303,0,23.25,96.1,952.99,0,,0,26.1,83.79,962.29,0
2026-07-24 00:26:12,2026-07-24 00:20:00,488.654,0,25.36,88.51,951.73,0,455.43,0,27.1,78.02,955.44,0.1,508.05,0,23.76,94.73,949.9,0,,,,,,,390.36,0,25.94,89.82,962.44,0,,,,,,,472.303,0,23.23,96.27,953.05,0,,0,26.03,84.14,962.25,0
2026-07-24 00:36:12,2026-07-24 00:30:00,488.654,0,25.22,88.71,951.71,0,455.43,0,27.43,75.97,955.24,0.1,508.05,0,23.64,95.39,949.94,0,478.09,0,24,91.9,952.6,0.2,390.359,0,25.99,90.3,962.46,0,,0,23.1,100,949.6,0,472.303,0,23.21,96.12,953.07,0,,0,25.87,84.68,962.25,0
2026-07-24 00:46:12,2026-07-24 00:40:00,488.649,0,24.94,87.4,951.76,0,455.43,0,27.63,75.14,955.27,0.1,508.044,0,23.65,95.68,950.09,0,,,,,,,390.363,0,25.94,89.6,962.52,0,,,,,,,472.303,0,23.23,96.14,953.04,0,,0,25.89,84.81,962.3,0
2026-07-24 01:06:13,2026-07-24 01:00:00,488.648,0,25.87,85.56,951.63,0,455.43,0,26.98,78.35,955.17,0.1,508.044,0,23.8,95.72,949.98,0,478.09,0,24.7,90.5,952.5,0.2,390.361,0,25.96,89,962.36,0,,0,23.5,100,949.4,0,472.297,0,23.53,96.26,952.92,0,,0,25.93,83.1,962.15,0
2026-07-24 01:16:12,2026-07-24 01:10:00,488.654,0,25.81,85.99,951.54,0,455.43,0,26.65,80.26,955.11,0.1,508.051,0,23.73,95.13,949.8,0,,,,,,,390.365,0,26.08,88.85,962.24,0,,,,,,,472.297,0,23.46,96.14,952.9,0,,0,25.92,85.46,962.12,0
2026-07-24 01:26:13,2026-07-24 01:20:00,488.648,0,26.04,86.96,951.39,0,455.43,0,26.77,81.68,954.9,0.1,508.043,0,23.7,95.66,949.66,0,,,,,,,390.364,0,26.2,89,962.01,0,,,,,,,472.303,0,23.35,95.58,952.75,0,,0,25.82,85.3,961.98,0
2026-07-24 01:36:12,2026-07-24 01:30:00,488.648,0,25.32,85.13,951.31,0,455.43,0,26.83,78.44,954.87,0.1,508.044,0,23.64,95.51,949.43,0,478.09,0,25,89.4,952,0.2,390.364,0,26.31,87.14,961.88,0,,0,24.1,93.1,949.1,0,472.297,0,23.3,95.74,952.59,0,,0,25.75,84.65,961.8,0
2026-07-24 01:46:13,2026-07-24 01:40:00,488.648,0,25.75,82.4,951.22,0,455.43,0,26.67,78.79,954.65,0.1,508.044,0,23.66,95.5,949.28,0,,,,,,,390.365,0,26.25,87.78,961.78,0,,,,,,,472.297,0,23.23,95.85,952.46,0,,0,25.65,85.79,961.67,0
2026-07-24 01:56:13,2026-07-24 01:50:00,488.641,0,26.05,80.54,950.99,0,455.43,0,26.85,79.29,954.48,0.1,508.044,0,23.62,95.79,949.16,0,,,,,,,390.363,0,25.94,88.77,961.73,0,,,,,,,472.297,0,23.15,95.61,952.32,0,,0,25.48,85.64,961.51,0
2026-07-24 02:06:12,2026-07-24 02:00:00,488.649,0,25.76,82.49,950.88,0,455.43,0,26.85,78.18,954.31,0.1,508.044,0,23.47,95.44,949.02,0,478.09,0,24.8,88.6,951.6,0.2,390.365,0,25.8,89.72,961.69,0,,0,23.6,97.8,948.7,0,472.303,0,23.09,95.76,952.15,0,,0,25.24,86.53,961.47,0
2026-07-24 02:16:12,2026-07-24 02:10:00,488.648,0,26.38,85.49,950.5,0,455.43,0,26.61,79.49,954.11,0.1,508.051,0,23.28,96.3,948.91,0,,,,,,,390.363,0,25.75,90.08,961.37,0,,,,,,,472.303,0,23.01,95.96,951.94,0,,0,25.02,87.3,961.23,0
2026-07-24 02:26:18,2026-07-24 02:20:00,488.642,0,25.52,87.18,950.47,0,455.43,0,26.5,80.48,954.12,0.1,508.043,0,23.4,96.03,948.84,0,,,,,,,390.363,0,25.66,89.54,961.33,0,,,,,,,472.297,0,23.05,96.17,951.97,0,,0,25.04,86.78,961.11,0
2026-07-24 02:36:13,2026-07-24 02:30:00,488.641,0,25.62,86.87,950.46,0,455.43,0,26.5,80.27,954.21,0.1,508.05,0,23.17,95.81,948.83,0,,,,,,,390.366,0,25.59,90.22,961.29,0,,,,,,,472.297,0,23.07,96.1,951.95,0,,0,25,87.74,961.2,0
2026-07-24 02:46:12,2026-07-24 02:40:00,488.648,0,26.01,84.66,950.39,0,455.43,0,25.68,83.36,954.13,0.1,508.044,0,23.32,96.04,948.76,0,,,,,,,390.365,0,25.61,90.11,961.18,0,,,,,,,472.297,0,22.98,96.26,951.86,0,,0,24.89,87.42,961.1,0
2026-07-24 02:56:12,2026-07-24 02:50:00,488.656,0,26.18,84.19,950.33,0,455.43,0,25.23,83.87,954.08,0.1,508.044,0,23.15,96.07,948.74,0,,,,,,,390.365,0,25.5,90.41,961.07,0,,,,,,,472.303,0,22.81,96.13,951.81,0,,0,24.76,88.26,961.06,0
2026-07-24 03:06:11,2026-07-24 03:00:00,488.648,0,26.24,83.25,950.2,0,455.431,0,25.4,84.64,953.97,0.1,508.044,0,22.97,96.76,948.54,0,478.09,0,24.8,89.1,951.1,0.2,390.366,0,25.5,91.05,961.08,0,,0,23.2,95.8,948.3,0,472.298,0,22.81,96.08,951.76,0,,0,24.83,87.97,960.99,0
2026-07-24 03:16:12,2026-07-24 03:10:00,488.646,0,26.2,84.13,950.18,0,455.43,0,26.1,80.49,953.9,0.1,508.044,0,22.96,96.85,948.51,0,,,,,,,390.366,0,25.5,91.66,960.95,0,,,,,,,472.303,0,22.84,96.11,951.66,0,,0,24.75,88.91,960.93,0
2026-07-24 03:26:12,2026-07-24 03:20:00,488.641,0,25.83,84.04,950.17,0,455.43,0,26.16,79.59,953.86,0.1,508.044,0,22.89,97.17,948.49,0,,,,,,,390.366,0,25.49,91.14,960.98,0,,,,,,,472.303,0,22.91,96.49,951.59,0,,0,24.55,89.24,960.94,0
2026-07-24 03:36:12,2026-07-24 03:30:00,488.648,0,25.81,85.04,950.1,0,455.43,0,26.11,80.42,953.87,0.1,508.044,0,22.86,97.08,948.4,0,478.09,0,24.7,88.5,950.9,0.2,390.366,0,25.42,90.92,960.93,0,,0,23.1,97.4,948.2,0,472.303,0,22.77,95.72,951.62,0,,0,24.39,89.54,960.87,0
2026-07-24 03:46:12,2026-07-24 03:40:00,488.648,0,25.77,83.88,950.09,0,455.43,0,26.08,80.97,953.78,0.1,508.044,0,22.71,96.69,948.34,0,,,,,,,390.368,0,25.29,91.86,960.94,0,,,,,,,472.303,0,22.74,95.88,951.56,0,,0,24.34,89.5,960.81,0
2026-07-24 03:56:12,2026-07-24 03:50:00,488.635,0,25.38,85.24,950.12,0,455.43,0,25.96,80.59,953.8,0.1,508.043,0,22.8,95.54,948.39,0,,,,,,,390.367,0,25.27,91.45,960.94,0,,,,,,,472.297,0,22.68,96.18,951.56,0,,0,24.28,90.24,960.82,0
2026-07-24 04:06:12,2026-07-24 04:00:00,488.647,0,25.45,87.34,950.07,0,455.43,0,25.96,81.49,953.78,0.1,508.044,0,22.78,97.17,948.38,0,478.09,0,24.6,88.7,950.8,0.2,390.37,0,25.25,91.77,960.96,0,,0,23.4,96.2,948,0,472.297,0,22.67,96.14,951.52,0,,0,24.21,89.98,960.89,0
2026-07-24 04:16:12,2026-07-24 04:10:00,488.641,0,25.58,85.51,950.09,0,455.43,0,25.58,82.76,953.8,0.1,508.044,0,22.96,96.16,948.47,0,,,,,,,390.367,0,25.07,91.47,960.9,0,,,,,,,472.297,0,22.66,96.27,951.62,0,,0,24.17,90.06,960.82,0
2026-07-24 04:26:13,2026-07-24 04:20:00,488.646,0,26.05,80.38,949.95,0,455.43,0,25.26,82.73,953.81,0.2,508.044,0,23.24,95.78,948.41,0,,,,,,,390.368,0,24.99,92.26,960.96,0,,,,,,,472.297,0,22.71,96.47,951.48,0,,0,24.08,90.4,960.91,0
2026-07-24 04:36:12,2026-07-24 04:30:00,488.648,0,26.08,81.14,950.07,0,455.43,0,24.78,84.55,953.84,0.1,508.044,0,24.16,91.36,948.41,0,478.09,0,25,87.2,950.9,0.2,390.368,0,25.02,92.39,960.89,0,,0,23.9,94.2,948.1,0,472.303,0,22.81,96.13,951.54,0,,0,24.08,90.35,960.84,0
2026-07-24 04:46:12,2026-07-24 04:40:00,488.648,0,25.8,83.91,950.14,0,455.43,0,25.04,85.1,953.9,0.1,508.051,0,24.98,87.46,948.55,0,,,,,,,390.367,0,24.97,92.12,961.01,0,,,,,,,472.298,0,22.84,95.98,951.63,0,,0,24.06,90.13,960.99,0
2026-07-24 04:56:12,2026-07-24 04:50:00,488.635,0,25.72,82.77,950.11,0,455.43,0,26.07,80.66,953.89,0.1,508.051,0,24.95,84.75,948.48,0,,,,,,,390.367,0,24.94,92.47,961.08,0,,,,,,,472.297,0,22.9,96.16,951.61,0,,0,24.28,90.78,960.99,0
2026-07-24 05:16:13,2026-07-24 05:10:00,488.634,0,25.36,83.16,950.11,0,455.43,0,26.21,80.62,953.73,0.1,508.05,0,24.16,90.73,948.29,0,,,,,,,390.367,0,25,91.64,960.85,0,,,,,,,472.297,0,22.97,96.23,951.42,0,,0,24.45,90.21,960.84,0
2026-07-24 05:26:12,2026-07-24 05:20:00,488.628,0,25.35,86.34,950.13,0,455.431,0,25.96,82.51,953.76,0.1,508.051,0,23.61,92.88,948.3,0,,,,,,,390.368,0,25.1,91.53,960.89,0,,,,,,,472.297,0,22.95,95.95,951.52,0,,0,24.48,89.71,960.78,0
2026-07-24 05:36:12,2026-07-24 05:30:00,488.635,0,25.32,86.63,950.22,0,455.43,0,25.93,82.31,953.82,0.1,508.05,0,23.75,91.31,948.37,0,478.09,0,24.9,86.3,950.9,0.2,390.365,0,25.1,91.33,960.81,0,,0,23.5,96.4,948.2,0,472.297,0,23.05,96.29,951.57,0,,0,24.47,88.66,960.9,0
2026-07-24 05:46:12,2026-07-24 05:40:00,488.628,0,24.98,86.72,950.17,0,455.43,0,25.91,82,953.85,0.1,508.051,0,23.86,91.83,948.38,0,,,,,,,390.367,0,25.1,91.04,960.9,0,,,,,,,472.303,0,23.04,96.02,951.51,0,,0,24.5,89.43,960.9,0
2026-07-24 05:56:12,2026-07-24 05:50:00,488.628,0,24.85,90.06,950.06,0.3,455.43,0,25.79,82.09,953.76,0.7,508.051,0,24.05,91.02,948.34,0.2,,,,,,,390.37,0,25.13,90.32,961.01,0.3,,,,,,,472.297,0,23.05,96.18,951.52,0,,0,24.44,88.71,960.98,0
2026-07-24 06:06:12,2026-07-24 06:00:00,488.628,0,24.74,90.2,950.16,3.6,455.428,0,25.7,81.12,953.8,4.5,508.05,0,24.12,89.81,948.34,3.7,478.09,0,24.7,86.1,950.9,4.7,390.368,0,25.13,91.41,961.03,3.1,,0,23.7,94.7,948.2,1.4,472.297,0,23.07,96.02,951.52,1.8,,0,24.5,89.28,960.94,1.8
2026-07-24 06:26:13,2026-07-24 06:20:00,488.635,0,25.29,83.77,950.38,22.1,455.43,0,25.86,79.39,954,26.7,508.051,0,24.6,90.85,948.54,27.1,,,,,,,390.364,0,25.15,91.08,961.18,17.4,,,,,,,472.297,0,23.18,95.95,951.72,15.1,,0,24.69,89.54,961.25,18
2026-07-24 06:36:12,2026-07-24 06:30:00,488.628,0,25.76,87.56,950.44,34.7,455.431,0,26.16,80.65,954.1,38.2,508.05,0,24.75,87.87,948.59,35.6,478.09,0,24.9,86.9,951.2,41.3,390.367,0,25.24,90.48,961.26,24.8,,0,23.7,93.6,948.5,26.6,472.297,0,23.37,96.16,951.91,25.7,,0,24.85,89.19,961.28,26.8
2026-07-24 06:46:12,2026-07-24 06:40:00,488.628,0,25.69,83.58,950.58,44.3,455.43,0,26.03,79.87,954.31,50.6,508.05,0,25.21,86.3,948.77,46.8,,,,,,,390.366,0,25.34,90.75,961.31,33.9,,,,,,,472.297,0,23.38,95.51,952.02,35,,0,24.98,88.04,961.42,36.5
2026-07-24 06:56:12,2026-07-24 06:50:00,488.635,0,25.76,82.79,950.69,45.4,455.43,0,25.7,83.07,954.39,51.2,508.057,0,25.45,84.71,948.93,53,,,,,,,390.37,0,25.5,90,961.48,40.1,,,,,,,472.297,0,23.63,95.66,952.2,37.4,,0,25.21,88.24,961.51,41.4
2026-07-24 07:06:13,2026-07-24 07:00:00,488.635,0,25.63,84.58,950.93,55.2,455.43,0,25.72,82.08,954.58,60.1,508.05,0,25.33,87.44,949.13,54.2,478.09,0,25,88.6,951.7,57.1,390.372,0,25.65,89.98,961.72,48.1,,0,24.1,95.1,949,48,472.297,0,23.81,95.71,952.35,47.2,,0,25.48,87.63,961.71,53.9
2026-07-24 07:16:22,2026-07-24 07:10:00,488.635,0,25.66,86.49,951.13,56.6,455.43,0,25.9,83.62,954.82,58.6,508.05,0,25.09,87.39,949.36,53,,,,,,,390.37,0,25.84,89.37,961.79,47.1,,,,,,,472.297,0,24.03,95.42,952.55,51.6,,0,25.69,85.63,961.94,60.2
2026-07-24 07:26:12,2026-07-24 07:20:00,488.635,0,25.87,85.65,951.27,59.4,455.43,0,25.84,82.33,954.96,66.2,508.05,0,24.87,89.84,949.5,63.2,,,,,,,390.371,0,26.05,88.84,962.08,51,,,,,,,472.297,0,24.21,95.02,952.68,51.5,,0,25.72,85.11,962.19,60.5
2026-07-24 07:36:13,2026-07-24 07:30:00,488.628,0,25.94,82.38,951.34,74.4,455.43,0,25.99,80.29,954.97,82.2,508.05,0,25.19,89.74,949.58,75.9,478.09,0,25.1,89.6,952.1,79.6,390.368,0,26.27,88.2,962.14,56.3,,0,24.3,94.8,949.4,72.9,472.297,0,24.35,94.55,952.7,68.3,,0,26.03,85.94,962.16,81.1
2026-07-24 07:46:11,2026-07-24 07:40:00,488.635,0,26.18,82.83,951.5,96.1,455.43,0,26.28,80.68,955.16,105.9,508.05,0,25.7,85.2,949.68,98.1,,,,,,,390.37,0,26.53,87.23,962.23,81.4,,,,,,,472.297,0,24.79,94.62,952.89,95.2,,0,26.4,85.03,962.27,100.5
2026-07-24 07:56:16,2026-07-24 07:50:00,488.635,0,26.27,81.7,951.59,138.3,455.43,0,26.7,82.84,955.26,152.7,508.057,0,25.93,84.79,949.81,134.8,,,,,,,390.368,0,26.74,87.48,962.36,94.9,,,,,,,472.297,0,25.26,90.94,953.01,129,,0,26.79,83.59,962.45,120.1
2026-07-24 08:06:12,2026-07-24 08:00:00,488.635,0,26.56,81.26,951.65,178.9,455.43,0,27.34,82.33,955.42,185,508.056,0,26.38,82.11,949.89,159.5,,,,,,,390.367,0,27,86.07,962.4,109.5,,,,,,,472.303,0,25.81,90.19,953.03,142.4,,0,27.17,83.4,962.58,150
2026-07-24 08:16:11,2026-07-24 08:10:00,488.635,0,26.83,80.34,951.78,217.2,455.43,0,27.68,83.22,955.55,211.8,508.05,0,26.81,79.97,949.99,197.8,,,,,,,390.368,0,27.11,85.43,962.58,127.8,,,,,,,472.303,0,26.47,92.24,953.17,128.9,,0,27.56,81.59,962.69,139
2026-07-24 08:26:11,2026-07-24 08:20:00,488.634,0,27.29,80.12,951.83,211.2,455.424,0,28.51,82.78,955.59,238.8,508.056,0,27.33,79.18,950,226.7,,,,,,,390.368,0,27.2,83.84,962.56,168.2,,,,,,,472.303,0,26.54,89.64,953.21,145.6,,0,28,82.06,962.64,171.7
2026-07-24 08:36:12,2026-07-24 08:30:00,488.628,0,27.44,79,951.89,194.4,455.43,0,28.65,80.36,955.63,233,508.056,0,27.91,77.74,950.03,279.7,478.08,0,27.2,87,952.7,236.9,390.368,0,27.66,82.63,962.61,214.4,,0,26.6,86.7,950,171.1,472.303,0,26.6,89.4,953.32,163.2,,0,28.35,74.58,962.7,211
2026-07-24 08:56:12,2026-07-24 08:50:00,488.627,0,28.98,80.95,952.08,210.7,455.43,0,28.63,80.01,955.8,235.3,508.056,0,29.85,75.53,950.23,380.3,,,,,,,390.367,0,28.21,79.67,962.8,245.7,,,,,,,472.31,0,27.7,88.38,953.41,240.3,,0,29.57,71.93,962.91,298.4
2026-07-24 09:06:11,2026-07-24 09:00:00,488.641,0,29.3,77.71,952.11,233.7,455.43,0,29.18,80.03,955.85,275.1,508.055,0,29.74,77.55,950.27,307.9,478.08,0,28,84,952.9,367.2,390.367,0,28.87,77.78,962.76,299.9,,0,28.8,80.4,950.2,313.3,472.309,0,28.37,83.98,953.47,297.3,,0,30.21,69.5,962.94,313.1
2026-07-24 09:16:13,2026-07-24 09:10:00,488.641,0,29.42,74.37,952.14,247.9,455.43,0,29.09,79.05,955.89,293,508.061,0,29.51,77.9,950.36,343.4,,,,,,,390.368,0,29.35,76.8,962.85,366.4,,,,,,,472.31,0,29.03,84.71,953.56,378.8,,0,30.89,67.2,962.98,347.5
2026-07-24 09:26:14,2026-07-24 09:20:00,488.627,0,29.97,71.85,952.22,355.2,455.423,0,29.67,78.65,955.92,326.9,508.061,0,30.46,75.99,950.32,714.7,,,,,,,390.367,0,29.56,76.27,962.77,370.7,,,,,,,472.303,0,30.68,78.71,953.51,748.3,,0,31.21,66.02,962.93,351.4
2026-07-24 09:36:14,2026-07-24 09:30:00,488.634,0,30.21,71.17,952.16,437.5,455.423,0,30.22,78.17,955.96,450,508.061,0,31.17,72.78,950.29,576,478.08,0,29.7,84.2,952.9,598.8,390.367,0,29.72,74.86,962.83,456.5,,0,30.9,75.2,950.2,402.5,472.31,0,31.57,75.65,953.6,402,,0,32.43,62.86,962.97,388.1
2026-07-24 09:46:12,2026-07-24 09:40:00,488.634,0,31.68,72.85,952.19,577,455.43,0,31.48,77.78,955.91,669.5,508.061,0,32.08,67.99,950.31,709.2,,,,,,,390.366,0,30.01,74.69,962.84,458.5,,,,,,,472.31,0,31.36,73.42,953.58,442,,0,32.58,60.55,962.92,328.4
2026-07-24 09:56:12,2026-07-24 09:50:00,488.634,0,32.02,71.36,952.23,711.1,455.423,0,32.23,71.4,955.87,656.1,508.061,0,32.44,65.86,950.33,755.8,,,,,,,390.366,0,30.01,74.79,962.84,442.6,,,,,,,472.31,0,31.9,79.57,953.53,534.4,,0,32.83,60.32,962.89,385.6
2026-07-24 10:06:11,2026-07-24 10:00:00,488.659,0,32.64,69.02,952.14,720.3,455.423,0,32.7,66.82,955.82,702.5,508.061,0,32.57,64.46,950.28,803.3,478.08,0,32.3,71.3,953,737.3,390.366,0,30.34,72.23,962.82,419.7,,0,31,71.1,950.2,595.3,472.317,0,32.58,71.95,953.47,544.9,,0,36.26,55.53,962.9,693.6
2026-07-24 10:16:12,2026-07-24 10:10:00,488.653,0,33.61,68.07,952.05,746.6,455.423,0,33.52,66.74,955.74,794,508.06,0,32.32,62.94,950.19,673.9,,,,,,,390.365,0,30.76,71.26,962.75,601.8,,,,,,,472.317,0,33.03,71.41,953.49,736.6,,0,36.05,52.42,962.84,734.5
2026-07-24 10:26:13,2026-07-24 10:20:00,488.653,0,34.07,62.18,952.02,797.4,455.423,0,33.89,68.09,955.64,783.8,508.061,0,33.01,60.93,950.13,795.2,,,,,,,390.365,0,30.84,69.43,962.66,480.3,,,,,,,472.31,0,33.82,68.48,953.39,768.6,,0,36.77,54.49,962.7,752.4
2026-07-24 10:36:11,2026-07-24 10:30:00,488.647,0,34.29,62.04,951.94,825.4,455.423,0,34.14,64.22,955.58,851.1,508.06,0,33.71,56.65,950.09,930.7,478.08,0,33.5,61.4,952.8,854.4,390.365,0,31.48,64.08,962.57,681.3,,0,32,63.9,950,856.6,472.31,0,34.2,72.07,953.3,820.1,,0,36.6,54.35,962.58,758.9
2026-07-24 10:46:11,2026-07-24 10:40:00,488.633,0,34.74,64.24,951.89,726.2,455.423,0,34.5,63.4,955.45,902.1,508.066,0,32.93,58.36,949.9,671.9,,,,,,,390.36,0,32.08,64.33,962.43,680.5,,,,,,,472.317,0,34.78,62.46,953.23,870.2,,0,37.63,48.75,962.49,788.7
2026-07-24 10:56:12,2026-07-24 10:50:00,488.647,0,33.29,65.02,951.78,853.8,455.423,0,34.84,61.93,955.31,991.3,508.066,0,33.59,59.94,949.81,941.1,,,,,,,390.357,0,31.88,63.24,962.38,704.7,,,,,,,472.322,0,35.24,58.78,953.18,350.3,,0,36.97,52.89,962.4,803.7
2026-07-24 11:06:12,2026-07-24 11:00:00,488.621,0,32.89,62.97,951.68,351.7,455.423,0,35.5,62.51,955.24,1021,508.066,0,32.6,59.76,949.73,256.4,478.08,0,33.9,63.8,952.5,985.7,390.354,0,30.93,64.95,962.31,726.9,,0,31.7,73.5,949.7,899.1,472.317,0,34.32,68.66,953.05,832.1,,0,36.23,50.28,962.3,825.8
2026-07-24 11:16:12,2026-07-24 11:10:00,488.647,0,33.36,63.12,951.58,1016.8,455.423,0,35.46,56.08,955.17,786.7,508.06,0,31.84,64.13,949.62,390.6,,,,,,,390.354,0,30.87,62.05,962.14,743.1,,,,,,,472.323,0,35.07,64.95,952.97,884.6,,0,35.67,53.98,962.13,822.9
2026-07-24 11:26:12,2026-07-24 11:20:00,488.653,0,33.19,63.27,951.61,288.4,455.423,0,35.33,60.53,955.19,778.5,508.067,0,32.06,63.46,949.66,201.8,,,,,,,390.354,0,30.65,64.06,962.15,635.8,,,,,,,472.317,0,35.25,66.07,952.97,289.9,,0,35.97,52.88,962.08,817
2026-07-24 11:36:12,2026-07-24 11:30:00,488.627,0,33.44,60.39,951.57,990,455.423,0,36.18,58.36,955.11,1001.6,508.061,0,31.6,65.39,949.69,232,478.08,0,34.1,64.3,952.3,440.7,390.354,0,30.62,64.14,962.11,744.6,,0,31.8,66.7,949.6,494,472.317,0,35.76,56.47,952.92,509.9,,0,35.47,51.86,962.05,846.3
2026-07-24 11:46:12,2026-07-24 11:40:00,488.647,0,33.52,56.89,951.41,275,455.423,0,36.42,51.9,954.89,882.2,508.061,0,31.61,66.8,949.43,514.2,,,,,,,390.35,0,30.62,64.44,961.93,743.5,,,,,,,472.323,0,33.38,61.92,952.8,286.2,,0,35.95,53.25,961.86,867.3
2026-07-24 11:56:12,2026-07-24 11:50:00,488.627,0,33.56,56.66,951.25,934.7,455.423,0,36.83,59.42,954.73,1029,508.061,0,30.93,73.98,949.27,284.6,,,,,,,390.352,0,30.7,64.68,961.75,733.6,,,,,,,472.31,0,34.27,63.32,952.69,566.1,,0,36.5,54.28,961.62,864.9
2026-07-24 12:06:12,2026-07-24 12:00:00,488.634,0,34.56,58.61,951.07,1006.1,455.423,0,36.76,54.66,954.58,1064.3,508.061,0,32.02,64.88,949.16,382.5,478.08,0,32.1,68.6,951.8,389.6,390.351,0,30.89,66.63,961.72,543,,0,32.4,58.6,949,705,472.317,0,34.83,72.53,952.48,929.2,,0,36.57,49.61,961.57,891.5
2026-07-24 12:26:13,2026-07-24 12:20:00,488.641,0,33.02,57.9,950.87,326.1,455.423,0,35.01,59.64,954.29,389.7,508.061,0,32.49,63.09,948.95,407.4,,,,,,,390.354,0,31.46,63.03,961.38,771.3,,,,,,,472.317,0,36.21,61.11,952.11,974.6,,0,35.88,50.15,961.25,887.7
2026-07-24 12:36:11,2026-07-24 12:30:00,488.641,0,33.26,58.58,950.77,360.4,455.423,0,33.92,58.11,954.24,450.1,508.061,0,32.13,66.92,948.92,492.4,478.08,0,32.2,69,951.6,373.6,390.354,0,31.58,63,961.27,803.6,,0,33.9,55.6,948.7,436.7,472.31,0,36.24,55.49,952.07,560.3,,0,36.38,54.22,961.13,842.5
2026-07-24 12:56:12,2026-07-24 12:50:00,488.641,0,35.58,59.06,950.31,319,455.423,0,35.57,56.58,953.81,1096.3,508.061,0,31.58,71.13,948.58,329.4,,,,,,,390.358,0,31.9,63.45,960.91,770.7,,,,,,,472.317,0,35.76,51.53,951.75,916.9,,0,36.22,57.06,960.77,941.3
2026-07-24 13:06:11,2026-07-24 13:00:00,488.647,0,34.53,60.97,950.12,301.6,455.423,0,35.2,61.18,953.66,309.2,508.054,0,33.18,60.87,948.39,519.3,478.08,0,34.3,68,951,1149.7,390.36,0,31.75,65.49,960.77,253.5,505.16,0,33.7,59.1,948.2,309.8,472.317,0,36.68,56.28,951.54,949.6,,0,36.76,49.53,960.59,519.7
2026-07-24 13:16:14,2026-07-24 13:10:00,488.614,0,35.76,68.87,950.03,978,455.423,0,33.92,62.89,953.52,302.3,508.053,0,33.61,60.02,948.17,361.6,,,,,,,390.352,0,31.66,63.14,960.56,375.5,,,,,,,472.31,0,36.68,50.93,951.36,493.2,,0,35.42,51.48,960.4,406.7
2026-07-24 13:26:12,2026-07-24 13:20:00,488.6,0,34.15,59.48,949.9,218.2,455.423,0,34.69,66.34,953.3,298.5,508.061,0,34.67,62.96,947.95,912,,,,,,,390.358,0,32.48,59.42,960.35,775.5,,,,,,,472.317,0,34.47,58.95,951.3,452.4,,0,35.32,55.4,960.2,619.4
2026-07-24 13:36:11,2026-07-24 13:30:00,488.621,0,34.49,61.37,949.73,434.4,455.423,0,33.49,63.37,953.15,324,508.067,0,33.76,61.18,947.78,194.8,478.08,0,31.8,71.2,950.5,314.4,390.355,0,32.94,57.4,960.2,771,,0,32.7,59.3,947.7,429.3,472.31,0,34.66,59.14,951.03,763.8,,0,36.9,48.44,960,978.6
2026-07-24 13:46:14,2026-07-24 13:40:00,488.607,0,33.92,63.09,949.55,283.9,455.423,0,34.51,62.45,952.93,344.4,508.066,0,31.11,70.45,947.72,130.2,,,,,,,390.354,0,33.22,57.05,959.99,512.5,,,,,,,472.31,0,34.77,61.53,950.8,239,,0,37.24,49.64,959.76,1009.3
2026-07-24 13:56:12,2026-07-24 13:50:00,488.614,0,35.28,60.43,949.31,997.8,455.423,0,34.69,63.05,952.76,840.6,508.067,1.6,29.56,82.94,947.59,161.1,,,,,,,390.359,0,33.32,60.7,959.81,808,,,,,,,472.304,0,35.62,57.37,950.63,887.7,,0,36.04,52.07,959.64,288.7
2026-07-24 14:06:11,2026-07-24 14:00:00,488.614,0,36.54,56.43,949.14,915.2,455.423,0,37.2,56.91,952.6,976.5,508.061,3.6,27.06,89.66,947.42,196.8,478.08,0,31.5,77.8,950.1,227.1,390.35,0,33.53,54.98,959.61,756.7,,0,35,52,947.2,858.5,472.304,0,37.7,51.09,950.51,900.1,,0,36.15,50.19,959.42,851.7
2026-07-24 14:16:12,2026-07-24 14:10:00,488.627,0,35.93,51.63,949.02,305.9,455.423,0,37.27,55.14,952.44,918,508.055,0,26.91,91.66,947.34,170.1,,,,,,,390.351,0,33.84,55.56,959.41,751.1,,,,,,,472.303,0,37.22,51.7,950.36,952.9,,0,37.07,48.36,959.24,734
2026-07-24 14:26:12,2026-07-24 14:20:00,488.6,0,34.42,57.99,948.98,297.5,455.416,0,38.08,57,952.35,1112.5,508.048,1.8,26.55,94.65,947.26,338.4,,,,,,,390.363,0,35.09,53.12,959.3,737.4,,,,,,,472.317,0,35.24,67.26,950.31,723,,0,37.53,46.39,959.17,827.1
2026-07-24 14:36:11,2026-07-24 14:30:00,488.594,0,32.35,65.65,948.78,200.5,455.423,0,35.24,57.51,952.25,268.5,508.049,2.4,26.77,94.48,947.13,255.1,478.08,0,31.8,73.8,949.7,253,390.365,0,35.96,52.71,959.22,790.1,505.16,0,33,65.2,946.8,204.9,472.317,0,35.21,61.02,950.19,192.3,,0,38.11,45.69,959.02,359
2026-07-24 14:46:14,2026-07-24 14:40:00,488.594,0,31.45,69.46,948.68,226,455.423,0,33.3,64.14,952.11,352.7,508.043,2.4,28.04,89.57,947.08,205.7,,,,,,,390.364,0,37.13,50.4,958.99,727,,,,,,,472.317,0,32.35,62.3,950.02,159.9,,0,37.24,53.15,958.86,817.6
2026-07-24 14:56:13,2026-07-24 14:50:00,488.614,0,29.58,76.97,948.43,340.9,455.423,0,32.75,63.71,951.95,310,508.048,2.4,27.58,88.45,946.82,231.1,,,,,,,390.366,0,37.44,50.44,958.84,713.2,,,,,,,472.31,0,32.17,67.42,949.88,207.8,,0,36.65,57.44,958.69,866.6
2026-07-24 15:06:11,2026-07-24 15:00:00,488.599,0,31.65,67.49,948.38,324.9,455.423,0,31.93,64.66,951.91,337.7,508.049,2.4,27.83,87.74,946.69,201.2,478.08,0,32.3,72.7,949.2,900,390.366,0,37.96,49.02,958.75,460.9,505.16,0,31.9,67.2,946.4,286.1,472.31,0,32.41,70.61,949.75,260.7,,0,37.11,53.77,958.68,272.9
2026-07-24 15:16:12,2026-07-24 15:10:00,488.6,0,31.5,73.08,948.25,421.9,455.423,0,32.43,64.79,951.68,309.2,508.048,0,27.86,90.74,946.62,118.2,,,,,,,390.364,0,36.45,50.82,958.71,231.6,,,,,,,472.31,0,33.75,70.43,949.59,250.3,,0,34.3,61.55,958.6,635.1
2026-07-24 15:26:12,2026-07-24 15:20:00,488.621,0,32.67,66.34,948.14,582.9,455.416,0,32.61,67.2,951.55,404.6,508.049,0,27.71,86.38,946.66,140.1,,,,,,,390.353,0,33.58,61.7,958.61,184.1,,,,,,,472.31,0,33.72,74.02,949.49,201.6,,0,34.49,60.74,958.39,521.4
2026-07-24 15:36:12,2026-07-24 15:30:00,488.614,0,32.14,66.04,948.12,280.2,455.423,0,32.47,64.4,951.55,352.5,508.056,0,27.17,85.68,946.56,137.8,478.08,0,31.2,74.7,949,284.6,390.353,0,33.18,63.12,958.48,451,505.16,0,31.6,66,946.1,265.2,472.303,0,33.09,71.11,949.5,235.3,,0,34.42,56.99,958.18,325
2026-07-24 15:46:13,2026-07-24 15:40:00,488.607,0,32.23,66.55,947.94,208.6,455.423,0,31.69,68.03,951.36,305.8,508.056,0,26.74,86.06,946.43,128.1,,,,,,,390.366,0,33.36,61.72,958.35,140,,,,,,,472.317,0.6,29.99,80.5,949.52,242,,0,33.64,59.66,957.96,181.2
2026-07-24 15:56:12,2026-07-24 15:50:00,488.608,0,31.75,68.97,947.82,197.2,455.423,0,31.58,67.81,951.24,258.3,508.055,0,25.63,87.78,946.32,191.2,,,,,,,390.367,0,33.36,59.84,958.34,118.7,,,,,,,472.31,0.8,29.57,83.51,949.33,268.9,,0,32.28,63.23,958.2,198.9
2026-07-24 16:06:11,2026-07-24 16:00:00,488.594,0,32.17,72.97,947.92,238.1,455.423,0,31.65,68.8,951.32,336.9,508.049,0,25.84,91.9,946.24,239.2,478.08,0,28.6,80.4,948.8,451.2,390.364,0,31.94,68.01,958.49,96,,0,32.3,67.5,946,664.7,472.303,0.8,30.27,82.02,949.47,346.6,,0,31.41,67.19,958.33,232
2026-07-24 16:16:11,2026-07-24 16:10:00,488.601,0,31.73,69.77,947.92,287.3,455.416,0,31.8,70.55,951.22,254,508.049,0,25.82,89.85,946.27,183.8,,,,,,,390.354,0.6,28.58,81.15,958.58,109.6,,,,,,,472.31,0,29.64,82.12,949.38,265.6,,0,31.9,65.35,958.14,227.3
2026-07-24 16:26:13,2026-07-24 16:20:00,488.595,0,32,69.18,947.82,239.9,455.423,0,32.75,70.28,951.1,407,508.049,0,26.61,88.07,946.15,516.1,,,,,,,390.36,1.2,27.38,87.5,958.39,134.2,,,,,,,472.303,0,29.14,82.76,949.21,246.8,,0,32.33,66.9,958.02,353.9
2026-07-24 16:36:11,2026-07-24 16:30:00,488.595,0,32.07,68.72,947.62,225.2,455.416,0,34.17,66.81,951.03,463.1,508.049,0,27.07,88.46,946.02,245.9,478.08,0,30.4,74.6,948.4,436.6,390.37,1.2,28.13,85.52,958.24,148.1,,0,30.2,75.3,945.6,207.8,472.303,0,30.02,85.29,949.09,205.1,,0,33.19,64.7,958,322.9
2026-07-24 16:46:12,2026-07-24 16:40:00,488.634,0,32.24,72.37,947.6,380.8,455.416,0,34.14,64.49,951,376.4,508.049,0,27.73,86.18,946,231.1,,,,,,,390.372,1.2,28.95,83.1,958.24,119.9,,,,,,,472.303,0,30.12,81.79,949.02,188.1,,0,31.82,65.9,957.82,210
2026-07-24 16:56:12,2026-07-24 16:50:00,488.614,0,31.37,68.99,947.61,288.5,455.423,0,33.59,63.84,950.96,338.7,508.056,0,28.08,85.09,945.86,199.5,,,,,,,390.375,1.2,29.49,85.4,958.54,105.8,,,,,,,472.303,0,30.67,81.27,949.04,170.5,,0,31.57,68.64,958.02,185
2026-07-24 17:06:11,2026-07-24 17:00:00,488.587,0,31.07,68.96,947.76,184.3,455.416,0,32.7,66.77,951.21,238.8,508.049,0,28.32,86.89,946,166.8,478.08,0,30.3,76.3,948.5,193.3,390.374,1.4,29.48,83.12,958.42,93.5,,0,30.3,82.4,945.9,146.4,472.303,0,29.93,84.46,949.3,144.1,,0,31.55,68.21,958.1,149.4
2026-07-24 17:16:11,2026-07-24 17:10:00,488.594,0,30.89,68.57,947.77,152.3,455.423,0,32.64,64.69,951.21,202.6,508.049,0,28.31,85.52,946.02,156.9,,,,,,,390.368,0,29.24,82.13,958.63,76.8,,,,,,,472.303,0,29.83,84.72,949.32,138.1,,0,31.17,68.33,958.08,113.2
2026-07-24 17:26:12,2026-07-24 17:20:00,488.594,0,30.84,69.31,947.78,140.9,455.423,0,32.2,66.48,951.17,138,508.049,0,28.17,88.9,946.13,118.4,,,,,,,390.37,0,29.27,80.78,958.58,71.8,,,,,,,472.303,0,30.12,85.03,949.3,122.8,,0,31.1,69.19,958.15,89.3
2026-07-24 17:36:11,2026-07-24 17:30:00,488.588,0,30.67,72.24,947.95,103.8,455.423,0,31.71,69.78,951.39,111.4,508.049,0,27.68,84.48,946.3,92,478.08,0,29.9,80.7,948.8,148.6,390.372,0,29.37,80.89,958.63,63.8,505.16,0,29.5,81.7,946.2,84.2,472.303,0,29.58,85.59,949.49,85,,0,30.79,69.7,958.24,77.2
2026-07-24 17:46:14,2026-07-24 17:40:00,488.581,0,30.03,77.67,948.08,74,455.423,0,31.01,74.63,951.47,76.7,508.048,0,27.54,90.78,946.39,72.5,,,,,,,390.371,0,29.38,80.29,958.83,54.8,,,,,,,472.304,0,28.92,87.47,949.62,55.3,,0,30.28,72.81,958.42,61.5
2026-07-24 17:56:13,2026-07-24 17:50:00,488.581,0,29.77,79.48,948.13,50.8,455.423,0,30.33,76.18,951.55,56,508.049,0,26.71,93.8,946.58,52.2,,,,,,,390.372,0,29.44,79.87,958.99,44.1,,,,,,,472.31,0,28.69,86.72,949.71,39.7,,0,30.17,73.37,958.53,49.3
2026-07-24 18:06:12,2026-07-24 18:00:00,488.575,0,28.46,86.07,948.11,37.5,455.423,0,30.04,73.04,951.52,42.9,508.049,0,26.3,94.37,946.53,40.5,478.08,0,28.4,85.1,948.9,44.1,390.377,0,29.37,80.87,958.91,34.8,505.16,0,28.5,82.4,946.4,35.8,472.31,0,28.32,88.44,949.81,35.7,,0,29.99,74.18,958.43,37.4
2026-07-24 18:16:12,2026-07-24 18:10:00,488.575,0,28.55,88.12,948.25,33.4,455.423,0,29.79,71.88,951.64,38.5,508.043,0,26.17,95.43,946.61,33.3,,,,,,,390.37,0,29.29,81.03,958.96,28,,,,,,,472.31,0,27.69,88.87,949.95,34.4,,0,29.78,75.61,958.59,31
2026-07-24 18:26:12,2026-07-24 18:20:00,488.576,0,28.7,84.69,948.52,28.5,455.424,0,29.07,76.83,952.07,31.7,508.049,0,25.97,95.42,946.77,26.3,,,,,,,390.372,0,29.18,80.09,959.13,23.8,,,,,,,472.303,0,27.18,91.17,950.1,27.8,,0,29.5,76.27,958.89,22.5
2026-07-24 18:36:11,2026-07-24 18:30:00,488.575,0,28.48,82.21,948.55,20.8,455.423,0,28.73,80.06,952.07,23.2,508.05,0,25.93,95.4,946.9,19.2,478.08,0,27.9,88,949.4,21.8,390.378,0,29.11,78.94,959.29,15.7,505.16,0,27.5,82.5,946.7,18.7,472.304,0,26.87,91.25,950.17,18.8,,0,29.28,76.24,958.97,15.8
2026-07-24 18:46:12,2026-07-24 18:40:00,488.569,0,28.2,85.52,948.71,12.6,455.417,0,28.42,82.6,952.23,14.5,508.043,0,25.68,95.74,947.05,13.2,,,,,,,390.381,0,29.14,79.88,959.43,9.6,,,,,,,472.304,0,26.56,91.86,950.35,9.5,,0,29,76.86,959.15,9
2026-07-24 18:56:13,2026-07-24 18:50:00,488.575,0,27.91,86.38,948.92,6.4,455.423,0,28.16,81.81,952.37,7.3,508.05,0,25.45,96.55,947.31,6.6,,,,,,,390.384,0,29.08,78.81,959.67,3.7,,,,,,,472.31,0,26.26,86.95,950.48,4.2,,0,29.06,77.83,959.25,3.7
2026-07-24 19:06:11,2026-07-24 19:00:00,488.569,0,27.47,87.32,948.99,1.3,455.423,0,27.91,81.59,952.52,1.9,508.05,0,25.21,96.52,947.37,1.1,478.08,0,27.2,86,949.7,2.2,390.38,0,28.98,77.48,959.76,0.7,,0,26.7,86.8,947.2,0,472.304,0,26.06,91.48,950.61,0.3,,0,28.75,77.16,959.42,0
2026-07-24 19:16:12,2026-07-24 19:10:00,488.568,0,27.49,82.07,949.03,0,455.417,0,27.79,81.48,952.57,0.4,508.043,0,25.11,97.04,947.46,0,,,,,,,390.381,0,28.84,81.54,959.82,0,,,,,,,472.303,0,25.92,92.25,950.64,0,,0,28.68,77.02,959.37,0
2026-07-24 19:26:12,2026-07-24 19:20:00,488.568,0,27.1,88.47,949.07,0,455.417,0,27.6,83.07,952.69,0.1,508.043,0,24.88,97.37,947.53,0,,,,,,,390.381,0,28.62,79.91,959.91,0,,,,,,,472.31,0,25.74,87.7,950.77,0,,0,28.45,78.28,959.45,0
2026-07-24 19:36:11,2026-07-24 19:30:00,488.569,0,26.92,91.17,949.31,0,455.424,0,27.39,84.46,952.91,0.1,508.043,0,24.74,97.11,947.61,0,478.08,0,26.6,89.7,950.1,0.2,390.38,0,28.52,78.41,960,0,,0,26.2,90.9,947.5,0,472.31,0,26.02,85.19,950.94,0,,0,28.16,78.83,959.66,0
2026-07-24 19:46:13,2026-07-24 19:40:00,488.569,0,26.65,91.02,949.48,0,455.423,0,27.16,84.44,953.13,0.1,508.043,0,24.87,97.24,947.94,0,,,,,,,390.378,0,28.45,78.79,960.14,0,,,,,,,472.31,0,25.74,89.93,951.13,0,,0,27.95,79.56,959.88,0
2026-07-24 19:56:12,2026-07-24 19:50:00,488.569,0,26.48,89.44,949.73,0,455.423,0,27.02,84.81,953.38,0.1,508.043,0,24.82,97.47,948.16,0,,,,,,,390.384,0,28.48,78.78,960.44,0,,,,,,,472.303,0,25.55,92.84,951.3,0,,0,27.82,80.68,960.2,0
2026-07-24 20:06:13,2026-07-24 20:00:00,488.569,0,26.6,91.68,950.09,0,455.417,0,26.89,85.68,953.64,0.1,508.043,0,24.85,97.27,948.42,0,478.09,0,26.3,90.6,950.9,0.2,390.382,0,28.46,78.32,960.71,0,,0,25.9,92.2,948.2,0,472.303,0,25.55,92.38,951.64,0,,0,27.92,80.13,960.41,0
2026-07-24 20:16:12,2026-07-24 20:10:00,488.569,0,26.32,92.07,950.13,0,455.417,0,27.06,85.89,953.75,0.2,508.043,0,24.75,97.36,948.6,0,,,,,,,390.38,0,28.32,79.09,960.77,0,,,,,,,472.303,0,25.64,91.96,951.63,0,,0,27.81,81.77,960.41,0
2026-07-24 20:26:12,2026-07-24 20:20:00,488.569,0,26.56,90.52,950.17,0,455.424,0,26.92,86.06,953.76,0.1,508.043,0,24.74,97.63,948.58,0,,,,,,,390.385,0,28.24,80.27,960.77,0,,,,,,,472.304,0,25.71,91.44,951.73,0,,0,27.69,82.31,960.6,0
2026-07-24 20:36:12,2026-07-24 20:30:00,488.563,0,26.38,90.08,950.16,0,455.417,0,26.75,86.29,953.81,0.1,508.043,0,24.77,97.53,948.61,0,478.08,0,26,90.1,951,0.2,390.381,0,28.05,80.83,960.82,0,,0,25.7,93.5,948.3,0,472.303,0,25.57,92.3,951.74,0,,0,27.65,82.12,960.68,0
2026-07-24 20:46:12,2026-07-24 20:40:00,488.563,0,26.3,90.05,950.14,0,455.417,0,26.47,87.51,953.81,0.1,508.043,0,24.7,97.8,948.66,0,,,,,,,390.387,0,28.04,82.79,960.95,0,,,,,,,472.303,0,25.42,93.05,951.73,0,,0,27.51,84.16,960.68,0
2026-07-24 21:06:14,2026-07-24 21:00:00,488.569,0,27.36,83.27,950.11,0,455.424,0,26.5,86.06,953.81,0.1,508.043,0,24.71,97.52,948.65,0,478.08,0,26,89.8,951,0.2,390.386,0,27.91,83.08,961,0,,0,25.6,93.2,948.3,0,472.304,0,25.24,92.67,951.79,0,,0,27.41,83.03,960.69,0
2026-07-24 21:16:12,2026-07-24 21:10:00,488.569,0,27.51,82.56,950.11,0,455.417,0,27.8,77.56,953.74,0.1,508.043,0,24.8,97.55,948.62,0,,,,,,,390.387,0,27.7,85.26,960.99,0,,,,,,,472.304,0,25.12,93.14,951.73,0,,0,27.38,83.85,960.7,0
2026-07-24 21:26:13,2026-07-24 21:20:00,488.563,0,27.41,78.64,950.14,0,455.417,0,27.84,78.55,953.82,0.1,508.044,0,24.77,97.71,948.53,0,,,,,,,390.386,0,27.72,84.96,960.93,0,,,,,,,472.304,0,25.14,93.8,951.78,0,,0,27.27,83.53,960.71,0
2026-07-24 21:36:14,2026-07-24 21:30:00,488.563,0,27.2,83.07,950.25,0,455.417,0,27.4,77.32,953.92,0.1,508.043,0,24.72,97.81,948.71,0,478.09,0,26.1,89.3,951.1,0.2,390.38,0,27.69,85.74,961.01,0,,0,25.2,93.1,948.3,0,472.303,0,25.02,93.49,951.84,0,,0,27.15,85.4,960.81,0
2026-07-24 21:46:12,2026-07-24 21:40:00,488.563,0,27.11,82.64,950.4,0,455.417,0,27.75,76.66,954.06,0.1,508.043,0,24.66,97.69,948.88,0,,,,,,,390.378,0,27.56,85.52,961.12,0,,,,,,,472.303,0,25,94.67,951.94,0,,0,27.11,86.02,961.01,0
2026-07-24 21:56:12,2026-07-24 21:50:00,488.563,0,27.13,84.62,950.42,0,455.417,0,27.7,76.94,954.16,0.1,508.043,0,24.56,97.59,949.01,0,,,,,,,390.387,0,27.58,85.35,961.19,0,,,,,,,472.303,0,24.87,94.04,952.01,0,,0,27.11,85.93,961.12,0
2026-07-24 22:06:13,2026-07-24 22:00:00,488.563,0,27.24,81.29,950.67,0,455.417,0,27.13,80.11,954.4,0.1,508.044,0,24.57,97.67,949.21,0,478.08,0,25.8,91,951.5,0.2,390.387,0,27.58,84.63,961.43,0,,0,25,94.7,948.7,0,472.303,0,24.85,94.48,952.21,0,,0,27.07,84.8,961.34,0
2026-07-24 22:16:12,2026-07-24 22:10:00,488.563,0,27.36,82.96,950.7,0,455.417,0,26.4,84.55,954.42,0.1,508.043,0,24.61,97.45,949.31,0,,,,,,,390.389,0,27.51,83.95,961.52,0,,,,,,,472.304,0,24.96,94.58,952.27,0,,0,26.97,84.62,961.39,0
2026-07-24 22:26:14,2026-07-24 22:20:00,488.563,0,27.2,83.45,950.73,0,455.417,0,26.11,87.09,954.47,0.2,508.043,0,24.56,97.53,949.29,0,,,,,,,390.388,0,27.42,85.08,961.5,0,,,,,,,472.303,0,24.81,94.58,952.26,0,,0,26.92,84.04,961.43,0
2026-07-24 22:36:12,2026-07-24 22:30:00,488.556,0,27.23,83.52,950.75,0,455.417,0,26.23,86.36,954.39,0.1,508.043,0,24.57,97.61,949.13,0,478.08,0,25.4,91,951.5,0.2,390.387,0,27.34,84.51,961.43,0,,0,25,94.3,948.8,0,472.303,0,24.73,95.16,952.21,0,,0,26.82,83.41,961.29,0
2026-07-24 22:46:12,2026-07-24 22:40:00,488.556,0,27.17,81.41,950.73,0,455.417,0,26.65,82.98,954.43,0.1,508.047,0,24.44,97.65,949.2,0,,,,,,,390.38,0,27.26,85.22,961.48,0,,,,,,,472.303,0,24.55,94.4,952.26,0,,0,26.71,84.3,961.44,0
2026-07-24 22:56:13,2026-07-24 22:50:00,488.563,0,27.07,82.76,950.78,0,455.417,0,27.07,81.21,954.52,0.1,508.044,0,24.17,97.7,949.24,0,,,,,,,390.387,0,27.21,85.5,961.61,0,,,,,,,472.303,0,24.45,95.03,952.27,0,,0,26.63,84.68,961.56,0
2026-07-24 23:06:14,2026-07-24 23:00:00,488.556,0,27.11,85.95,950.8,0,455.417,0,27.23,82.62,954.47,0.1,508.044,0,24.2,98.04,949.21,0,478.08,0,24.9,89.3,951.6,0.2,390.389,0,27.13,85.48,961.67,0,,0,24.5,95.6,948.9,0,472.302,0,24.38,95.37,952.35,0,,0,26.6,85.03,961.44,0
2026-07-24 23:16:13,2026-07-24 23:10:00,488.563,0,27.09,85.04,950.76,0,455.417,0,27.22,82.87,954.38,0.1,508.043,0,24.36,97.51,949.12,0,,,,,,,390.389,0,27.13,85.59,961.68,0,,,,,,,472.297,0,24.32,95.6,952.35,0,,0,26.74,85.46,961.52,0
2026-07-24 23:26:11,2026-07-24 23:20:00,488.556,0,26.9,84.21,950.59,0,455.417,0,27.19,82.22,954.27,0.2,508.044,0,24.29,97.43,948.98,0,,,,,,,390.387,0,27.08,86.23,961.51,0,,,,,,,472.303,0,24.18,95.56,952.23,0,,0,26.72,85.8,961.38,0
2026-07-24 23:46:13,2026-07-24 23:40:00,488.556,0,26.69,86.32,950.53,0,455.423,0,27.05,81.66,954.18,0.1,508.043,0,24.41,96.35,949,0,,,,,,,390.384,0,27.03,86.69,961.36,0,,,,,,,472.303,0,24.13,95.65,952.17,0,,0,26.81,82.92,961.25,0
2026-07-24 23:56:13,2026-07-24 23:50:00,488.556,0,26.79,82.59,950.46,0,455.417,0,27.17,81.32,954.17,0.1,508.043,0,24.26,96.95,949.05,0,,,,,,,390.384,0,26.98,86.82,961.39,0,,,,,,,472.303,0,24.06,95.68,952.13,0,,0,26.82,83.24,961.33,0
2026-07-25 00:06:12,2026-07-25 00:00:00,488.55,0,26.75,82.85,950.51,0,455.417,0,27.2,80.57,954.21,0.1,508.044,0,24.36,97.58,948.96,0,478.08,0,25.2,89.6,951.4,0.2,390.385,0,26.89,87.13,961.42,0,,0,24,97,948.8,0,472.303,0,24,95.93,952.2,0,,0,26.78,84.22,961.36,0
2026-07-25 00:16:13,2026-07-25 00:10:00,488.556,0,26.86,83.79,950.5,0,455.417,0,27.12,80.17,954.25,0.1,508.043,0,24.39,97.69,948.98,0,,,,,,,390.389,0,26.9,86.75,961.46,0,,,,,,,472.303,0,23.91,96.12,952.18,0,,0,26.69,83.84,961.37,0
2026-07-25 00:26:12,2026-07-25 00:20:00,488.55,0,26.79,83.48,950.63,0,455.417,0,26.86,81.4,954.32,0.1,508.043,0,24.26,97.54,949.03,0,,,,,,,390.389,0,26.94,87.3,961.43,0,,,,,,,472.303,0,24.27,95.16,952.25,0,,0,26.51,85.22,961.42,0
2026-07-25 00:36:15,2026-07-25 00:30:00,488.549,0,26.39,85.96,950.68,0,455.417,0,26.03,85.17,954.36,0.1,508.044,0,24.27,97.61,949.04,0,478.08,0,25.6,88.1,951.4,0.2,390.394,0,26.93,87,961.43,0,,0,23.8,97.6,948.9,0,472.303,0,24.66,94.01,952.26,0,,0,26.47,85.94,961.44,0
2026-07-25 00:56:13,2026-07-25 00:50:00,488.55,0,26.23,87.77,950.48,0,455.417,0,25.38,88.01,954.18,0.1,508.044,0,24.26,97.87,948.91,0,,,,,,,390.397,0,26.87,86.61,961.17,0,,,,,,,472.297,0,24.54,95.05,952.06,0,,0,26.31,86.56,961.19,0
2026-07-25 01:06:12,2026-07-25 01:00:00,488.55,0,26.15,89.52,950.35,0,455.417,0,25.59,86.23,954.04,0.2,508.044,0,24.27,97.82,948.74,0,478.08,0,25.3,88.4,951,0.2,390.397,0,26.63,87.72,961.04,0,,0,23.9,97.4,948.6,0,472.303,0,24.38,95.38,951.99,0,,0,26.14,88.06,961.09,0
2026-07-25 01:16:13,2026-07-25 01:10:00,488.544,0,25.9,91.22,950.09,0,455.417,0,25.56,86.89,953.77,0.1,508.043,0,24.16,97.26,948.48,0,,,,,,,390.399,0,26.42,88.74,960.98,0,,,,,,,472.299,0,24.36,95.38,951.75,0,,0,26.06,88.88,960.89,0
2026-07-25 01:26:12,2026-07-25 01:20:00,488.544,0,25.46,91.12,949.97,0,455.417,0,25.18,88.36,953.67,0.1,508.043,0,24.12,97.22,948.4,0,,,,,,,390.398,0,26.31,89.23,960.85,0,,,,,,,472.303,0,24.3,95.01,951.57,0,,0,25.75,89.3,960.76,0
2026-07-25 01:36:13,2026-07-25 01:30:00,488.544,0,25.11,93.81,950.03,0,455.417,0,24.72,89.34,953.73,0.1,508.043,0,23.86,97.94,948.44,0,478.08,0,24.7,91.7,950.8,0.2,390.4,0,26.12,90.12,960.89,0,,0,23.6,98,948.2,0,472.303,0,24.1,95.69,951.61,0,,0,25.65,89.34,960.8,0
2026-07-25 01:46:13,2026-07-25 01:40:00,488.544,0,24.74,92.94,950.09,0,455.417,0,24.58,90.17,953.73,0.2,508.043,0,23.96,98.16,948.45,0,,,,,,,390.401,0,26.04,90.68,960.86,0,,,,,,,472.303,0,23.96,95.86,951.66,0,,0,25.51,89.78,960.78,0
2026-07-25 01:56:13,2026-07-25 01:50:00,488.544,0,24.71,94,950.06,0,455.417,0,24.77,90.56,953.72,0.1,508.044,0,23.86,98,948.51,0,,,,,,,390.401,0,25.99,91.02,960.81,0,,,,,,,472.303,0,23.83,96.18,951.65,0,,0,25.57,89.86,960.84,0
2026-07-25 02:06:13,2026-07-25 02:00:00,488.544,0,24.73,94.63,950,0,455.418,0,24.8,90.51,953.77,0.1,508.044,0,23.72,98.32,948.45,0,478.07,0,24.4,92.3,950.8,0.2,390.401,0,25.93,91.79,960.8,0,,0,23.5,98.1,948.3,0,472.304,0,23.81,96,951.67,0,,0,25.53,89.77,960.86,0
2026-07-25 02:16:13,2026-07-25 02:10:00,488.544,0,24.49,94.34,949.96,0,455.418,0,24.5,91.03,953.7,0.1,508.043,0,23.66,98.82,948.41,0,,,,,,,390.405,0,25.84,92.33,960.78,0,,,,,,,472.297,0,23.77,96.17,951.58,0,,0,25.44,89.91,960.71,0
2026-07-25 02:26:13,2026-07-25 02:20:00,488.544,0,24.42,95.21,949.95,0,455.417,0,24.74,91.1,953.69,0.1,508.044,0,23.69,98.8,948.3,0,,,,,,,390.402,0,25.83,92.26,960.61,0,,,,,,,472.297,0,23.74,96.38,951.53,0,,0,25.44,90.26,960.71,0
2026-07-25 02:36:12,2026-07-25 02:30:00,488.544,0,24.39,95.65,950.02,0,455.417,0,24.7,90.97,953.74,0.2,508.044,0,23.61,98.82,948.38,0,478.08,0,24.4,92.8,950.7,0.2,390.404,0,25.77,92.41,960.71,0,,0,23.4,98.1,948.1,0,472.297,0,23.65,96.3,951.58,0,,0,25.34,90.25,960.75,0
2026-07-25 02:46:13,2026-07-25 02:40:00,488.544,0,24.22,95.29,949.95,0,455.417,0,24.6,90.97,953.72,0.1,508.044,0,23.47,98.71,948.34,0,,,,,,,390.404,0,25.73,92.97,960.73,0,,,,,,,472.303,0,23.58,96.38,951.52,0,,0,25.32,90.55,960.75,0
2026-07-25 02:56:13,2026-07-25 02:50:00,488.537,0,24.29,96.15,949.87,0,455.417,0,24.51,91.22,953.63,0.1,508.044,0,23.52,98.75,948.37,0,,,,,,,390.401,0,25.7,92.71,960.81,0,,,,,,,472.297,0,23.59,96.54,951.4,0,,0,25.27,90.78,960.65,0
2026-07-25 03:06:13,2026-07-25 03:00:00,488.537,0,24.27,96.26,949.83,0,455.417,0,24.4,91.43,953.56,0.1,508.044,0,23.44,98.67,948.31,0,478.08,0,24.2,93.2,950.7,0.2,390.402,0,25.8,93.66,960.73,0,,0,23.2,97.3,948,0,472.303,0,23.49,96.37,951.34,0,,0,25.2,90.9,960.64,0
2026-07-25 03:16:13,2026-07-25 03:10:00,488.538,0,24.12,95.9,949.87,0,455.417,0,24.12,91.86,953.63,0.1,508.043,0,23.38,98.74,948.36,0,,,,,,,390.404,0,25.89,93.02,960.77,0,,,,,,,472.303,0,23.28,96.32,951.46,0,,0,25.15,91.32,960.71,0
2026-07-25 03:26:12,2026-07-25 03:20:00,488.537,0,23.92,96.12,949.99,0,455.417,0,24.09,92.5,953.72,0.2,508.044,0,23.49,99.05,948.41,0,,,,,,,390.402,0,25.79,93.03,960.67,0,,,,,,,472.297,0,23.44,96.72,951.51,0,,0,25.23,91.35,960.7,0
2026-07-25 03:36:12,2026-07-25 03:30:00,488.537,0,24.09,96.55,949.96,0,455.417,0,24.17,92.53,953.68,0.1,508.044,0,23.42,99.01,948.34,0,478.07,0,24.2,93.7,950.7,0.2,390.406,0,25.8,93.03,960.62,0,,0,23.2,97.9,948.1,0,472.303,0,23.48,96.42,951.51,0,,0,25.2,91.31,960.69,0
2026-07-25 03:46:13,2026-07-25 03:40:00,488.538,0,24.01,96.95,949.79,0,455.418,0,24.06,92.07,953.5,0.1,508.043,0,23.41,99.04,948.17,0,,,,,,,390.405,0,25.73,92.98,960.64,0,,,,,,,472.297,0,23.38,96.36,951.34,0,,0,25.21,91.57,960.53,0
2026-07-25 03:56:13,2026-07-25 03:50:00,488.537,0,23.92,96.74,949.62,0,455.417,0,23.95,92.52,953.46,0.1,508.043,0,23.28,99.02,948.13,0,,,,,,,390.406,0,25.75,92.65,960.55,0,,,,,,,472.303,0,23.37,96.56,951.19,0,,0,25.14,91.96,960.48,0
2026-07-25 04:06:12,2026-07-25 04:00:00,488.537,0,23.91,97,949.66,0,455.417,0,23.7,92.36,953.44,0.2,508.044,0,23.14,98.86,948.16,0,478.07,0,23.9,93.4,950.5,0.2,390.407,0,25.72,92.77,960.64,0,,0,23,97.8,947.8,0,472.297,0,23.29,96.58,951.24,0,,0,25,92.29,960.61,0
2026-07-25 04:16:13,2026-07-25 04:10:00,488.531,0,23.67,96.36,949.72,0,455.418,0,23.54,92.71,953.51,0.1,508.043,0,23.14,99.14,948.12,0,,,,,,,390.405,0,25.73,92.34,960.66,0,,,,,,,472.297,0,23.23,96.62,951.3,0,,0,24.96,92.42,960.62,0
2026-07-25 04:26:12,2026-07-25 04:20:00,488.537,0,23.82,97.28,949.82,0,455.417,0,23.76,92.98,953.64,0.1,508.044,0,23.08,99.11,948.29,0,,,,,,,390.406,0,25.91,93.26,960.7,0,,,,,,,472.297,0,23.18,96.68,951.38,0,,0,24.91,92.42,960.66,0
2026-07-25 04:36:12,2026-07-25 04:30:00,488.537,0,23.84,97.13,950.04,0,455.418,0,23.69,92.81,953.8,0.2,508.044,0,22.96,99.1,948.43,0,478.07,0,23.8,93.9,950.8,0.2,390.406,0,25.79,92.99,960.9,0,,0,22.9,98.4,948.1,0,472.297,0,23.28,96.64,951.57,0,,0,24.94,92.57,960.87,0
2026-07-25 04:46:12,2026-07-25 04:40:00,488.537,0,23.85,96.96,950.15,0,455.418,0,23.62,92.91,953.91,0.1,508.044,0,23.01,99.21,948.55,0,,,,,,,390.406,0,25.76,93.2,960.92,0,,,,,,,472.297,0,23.35,96.75,951.68,0,,0,24.89,92.54,960.98,0
2026-07-25 04:56:13,2026-07-25 04:50:00,488.537,0,23.89,97.15,950.26,0,455.417,0,23.72,92.93,954.06,0.1,508.044,0,23.08,99.26,948.71,0,,,,,,,390.407,0,25.77,93.44,961.06,0,,,,,,,472.297,0,23.46,96.74,951.8,0,,0,24.91,92.6,961.2,0
2026-07-25 05:06:12,2026-07-25 05:00:00,488.531,0,23.97,96.81,950.37,0,455.418,0,23.75,92.94,954.11,0.1,508.044,0,23.08,99.11,948.71,0,478.07,0,23.8,94.3,951.1,0.2,390.407,0,25.7,93.39,961.23,0,,0,23,98.4,948.5,0,472.297,0,23.44,96.64,951.84,0,,0,24.93,92.22,961.17,0
2026-07-25 05:16:12,2026-07-25 05:10:00,488.531,0,24.05,96.69,950.32,0,455.417,0,23.79,92.51,954.1,0.2,508.044,0,23.14,98.8,948.75,0,,,,,,,390.406,0,25.75,93.55,961.16,0,,,,,,,472.297,0,23.46,96.53,951.87,0,,0,24.93,92.44,961.2,0
2026-07-25 05:26:12,2026-07-25 05:20:00,488.531,0,24.11,96.43,950.44,0,455.417,0,23.86,92.33,954.16,0.2,508.051,0,23.13,98.88,948.86,0,,,,,,,390.409,0,25.82,93.32,961.32,0,,,,,,,472.297,0,23.39,96.47,951.98,0,,0,25.02,92.32,961.32,0
2026-07-25 05:36:12,2026-07-25 05:30:00,488.531,0,24.15,95.81,950.53,0,455.418,0,23.93,92.5,954.3,0.1,508.043,0,23.21,98.9,948.97,0,478.07,0,23.8,94,951.3,0.2,390.407,0,25.77,93.75,961.31,0,,0,23.1,98.2,948.6,0,472.297,0,23.45,96.68,952.01,0,,0,25.04,92.26,961.39,0
2026-07-25 05:46:12,2026-07-25 05:40:00,488.531,0,24.22,96.02,950.53,0,455.417,0,23.99,92.87,954.33,0.1,508.044,0,23.14,98.8,948.95,0,,,,,,,390.407,0,25.62,93.07,961.3,0,,,,,,,472.297,0,23.52,96.73,952.03,0,,0,25,92.02,961.4,0
2026-07-25 05:56:12,2026-07-25 05:50:00,488.53,0,24.19,96.27,950.43,0.4,455.417,0,24.15,92.83,954.29,1,508.044,0,23.25,98.6,948.82,0.3,,,,,,,390.408,0,25.48,92.88,961.37,0.5,,,,,,,472.297,0,23.48,96.61,951.98,0,,0,25.02,91.88,961.4,0
2026-07-25 06:06:12,2026-07-25 06:00:00,488.524,0,24.09,96.04,950.54,3,455.418,0,24,92.3,954.33,3.3,508.043,0,23.27,98.16,948.89,2.6,478.07,0,24.1,94.2,951.3,4.1,390.409,0,25.65,93.2,961.44,3.1,,0,23.2,98.3,948.6,1.3,472.297,0,23.55,96.7,952.05,1.4,,0,24.98,91.62,961.39,2.4
2026-07-25 06:16:12,2026-07-25 06:10:00,488.524,0,24.02,96.07,950.63,10.8,455.417,0,23.99,92.19,954.36,12.2,508.044,0,23.35,98.36,948.95,11.9,,,,,,,390.408,0,25.66,93.04,961.52,9.7,,,,,,,472.297,0,23.66,96.73,952.15,5.7,,0,25.03,91.74,961.6,6.1
2026-07-25 06:26:12,2026-07-25 06:20:00,488.531,0,24.26,95.92,950.72,18.2,455.418,0,24.13,92.44,954.51,19.8,508.044,0,23.47,98.05,949.07,23.6,,,,,,,390.408,0,25.76,92.93,961.61,18,,,,,,,472.297,0,23.76,96.74,952.24,8.9,,0,25.17,91.46,961.68,15.2
2026-07-25 06:36:14,2026-07-25 06:30:00,488.531,0,24.39,96.08,950.88,26.2,455.418,0,24.27,91.99,954.62,36.4,508.043,0,23.51,98.18,949.28,37.5,478.07,0,24.1,93.9,951.6,33.1,390.408,0,25.82,92.36,961.71,31.1,,0,23.6,98,949,18.8,472.297,0,23.9,96.74,952.42,16.2,,0,25.3,90.93,961.84,21
2026-07-25 06:46:12,2026-07-25 06:40:00,488.524,0,24.5,95.5,951.12,29.2,455.418,0,24.53,91.44,954.9,41.2,508.044,0,23.62,98.04,949.5,52.3,,,,,,,390.411,0,26,92.05,961.95,55.4,,,,,,,472.297,0,23.99,96.55,952.64,15,,0,25.49,89.63,962.01,29.9
2026-07-25 06:56:13,2026-07-25 06:50:00,488.531,0,24.68,95.08,951.34,50.4,455.417,0,24.8,90.78,955.14,61.5,508.044,0,23.88,96.86,949.68,88.4,,,,,,,390.411,0,26.25,91.36,962.08,49.4,,,,,,,472.297,0,24.06,96.32,952.87,23,,0,25.7,89.86,962.24,34.8
2026-07-25 07:06:12,2026-07-25 07:00:00,488.531,0,24.88,95.16,951.48,38.5,455.417,0,25.02,90.23,955.3,54.3,508.043,0,24.31,95.96,949.83,78.6,478.07,0,24.7,93.2,952.3,63.9,390.409,0,26.32,90.67,962.28,56.1,,0,24,97.5,949.6,36.9,472.297,0,24.38,96.39,953,44,,0,25.86,89.18,962.35,57.1
2026-07-25 07:16:12,2026-07-25 07:10:00,488.531,0,25.12,94,951.52,69.5,455.417,0,25.25,89.93,955.42,77.1,508.044,0,24.61,95.06,949.92,100.9,,,,,,,390.409,0,26.39,90.71,962.42,64.4,,,,,,,472.297,0,24.58,95.68,953.08,65.6,,0,26.12,89.71,962.48,70.8
2026-07-25 07:26:12,2026-07-25 07:20:00,488.531,0,25.6,92.42,951.61,93.9,455.417,0,25.73,89.41,955.44,171.9,508.043,0,25.21,94.94,949.97,142.3,,,,,,,390.411,0,26.34,91.58,962.46,80.9,,,,,,,472.297,0,25.09,94.01,953.06,114.5,,0,26.47,88.2,962.51,97.1
2026-07-25 07:36:13,2026-07-25 07:30:00,488.537,0,26.13,91.17,951.68,136.9,455.417,0,26.47,87.46,955.52,212.4,508.043,0,26.19,92.46,950.08,129.4,478.07,0,26.3,90.5,952.4,268.1,390.411,0,26.58,89.97,962.55,80.1,,0,25.3,95.9,949.8,153.6,472.297,0,25.75,92.21,953.17,138.7,,0,26.62,88,962.63,110.2
2026-07-25 07:46:14,2026-07-25 07:40:00,488.531,0,26.92,88.24,951.83,154.1,455.417,0,27.02,85.91,955.6,204.5,508.043,0,26.33,91.38,950.12,160.9,,,,,,,390.409,0,26.83,90.07,962.61,129.8,,,,,,,472.297,0,26.37,89.53,953.28,162.1,,0,26.75,87.3,962.74,108.3
2026-07-25 07:56:13,2026-07-25 07:50:00,488.537,0,26.71,88.12,951.94,138.4,455.417,0,27.19,88.2,955.74,157.4,508.049,0,26.89,89.14,950.2,133.9,,,,,,,390.412,0,27.41,88.21,962.68,280.9,,,,,,,472.303,0,26.64,91.09,953.36,87.2,,0,27.28,86.38,962.9,214.1
2026-07-25 08:06:12,2026-07-25 08:00:00,488.537,0,27.15,87.01,952.07,167.8,455.417,0,27.56,85.32,955.84,203.4,508.049,0,26.61,91.06,950.31,107.7,478.07,0,26.4,89,952.8,136.1,390.411,0,28.17,85.05,962.76,302.4,,0,26.1,93,950.2,129.4,472.303,0,26.54,91.6,953.49,121.2,,0,28.18,82.88,962.89,207
2026-07-25 08:16:12,2026-07-25 08:10:00,488.531,0,27.58,85.47,952.16,302.3,455.417,0,27.84,83.95,955.94,175.9,508.043,0,26.77,89.88,950.4,132.4,,,,,,,390.398,0,27.86,87.73,963,155.5,,,,,,,472.303,0,26.71,90.38,953.62,128.4,,0,27.92,84.28,963.04,133.3
2026-07-25 08:26:13,2026-07-25 08:20:00,488.53,0,27.89,86.75,952.22,186.1,455.416,0,28.18,85.84,956,196.4,508.049,0,26.84,89.78,950.47,118.4,,,,,,,390.393,3,26.38,92.7,963.06,127,,,,,,,472.31,0,26.77,89.06,953.68,215.3,,0,28.62,81.58,963.16,221
2026-07-25 08:36:13,2026-07-25 08:30:00,488.523,0,29.02,82.7,952.29,253,455.416,0,28.08,84.17,956.06,199.5,508.049,0,27.22,88.38,950.5,137.2,478.07,0,26.8,88.3,953,222.3,390.408,3.8,26.46,93.21,963.04,154.9,,0,27.5,88.5,950.3,471.7,472.31,0,26.63,88.14,953.72,113.3,,0,28.2,82.52,963.17,156.6
2026-07-25 08:46:13,2026-07-25 08:40:00,488.53,0,28.92,83.21,952.3,244.1,455.417,0,27.74,84.63,956.14,198.4,508.048,0,27.25,87.92,950.65,181.6,,,,,,,390.409,3.8,26.59,93.6,963.1,252.8,,,,,,,472.303,0,27.24,89.62,953.75,229.5,,0,28,82.51,963.21,145.2
2026-07-25 09:06:12,2026-07-25 09:00:00,488.544,0,29.26,84.13,952.47,390.6,455.417,0,29.06,82.08,956.27,304.7,508.049,0,29.07,82.21,950.72,298.4,478.07,0,29,84.4,953.2,611.9,390.407,4,27.26,93.11,963.23,218.2,,0,27.9,85,950.5,213.2,472.304,0,27.96,86.66,953.86,188.3,,0,27.93,82.04,963.37,137.8
2026-07-25 09:16:12,2026-07-25 09:10:00,488.536,0,29.88,80.42,952.49,320.8,455.417,0,30.15,78.5,956.27,392.2,508.055,0,27.79,85.75,950.74,174.6,,,,,,,390.411,0.2,26.91,90.14,963.24,247.2,,,,,,,472.31,0,28.45,85.65,953.85,342.2,,0,28.11,80.46,963.36,142.8
2026-07-25 09:26:12,2026-07-25 09:20:00,488.53,0,28.99,83.38,952.47,327.7,455.416,0,29.72,80.18,956.27,386.8,508.055,0,26.84,88.93,950.79,162.5,,,,,,,390.408,0.4,27.29,89.01,963.23,680.6,,,,,,,472.31,0,28.99,86.71,953.9,293.5,,0,28.47,80.68,963.38,164.2
2026-07-25 09:36:11,2026-07-25 09:30:00,488.536,0,29.97,82.46,952.47,465.3,455.416,0,31.07,76.62,956.19,376.3,508.055,0,26.5,90.06,950.78,122.1,478.07,0,28.5,84.7,953.2,200.6,390.411,0.4,27.84,88.2,963.15,737.9,,4,25.6,96.6,950.6,114.9,472.31,0,28.97,83.06,953.84,474.5,,0,28.82,81.79,963.29,158.2
2026-07-25 09:46:12,2026-07-25 09:40:00,488.517,0,28.5,84.29,952.46,89.3,455.416,0,30.6,76.12,956.17,290.6,508.056,0.6,26.08,93.14,950.92,47.5,,,,,,,390.408,0.4,28.2,88.87,963.17,177.4,,,,,,,472.317,4.2,26.16,94.32,953.94,83.3,,0,28.76,81.05,963.4,146.6
2026-07-25 09:56:13,2026-07-25 09:50:00,488.517,3.4,24.94,96.78,952.55,53,455.417,0,29.2,80.31,956.18,88.5,508.056,2,25.36,96.4,950.98,31.4,,,,,,,390.411,0.4,28.17,87.63,963.13,138.4,,,,,,,472.31,7,25.58,95.96,953.96,84.4,,0,28.79,80.99,963.3,179.2
2026-07-25 10:06:12,2026-07-25 10:00:00,488.524,12,24.13,97.27,952.76,41.5,455.417,0,27.01,84.55,956.45,20.6,508.049,8.8,24.47,98.02,951.04,34.3,478.07,2.4,26,91.8,953.4,14.1,390.412,0.4,27.91,88.72,963.12,97.4,,9.2,24.5,99.5,950.6,96.2,472.31,7.2,25.81,96.32,954.09,73.1,,0,28.72,81.9,963.43,127.2
2026-07-25 10:16:12,2026-07-25 10:10:00,488.53,11.2,23.79,97.71,952.83,36.9,455.423,9,24.43,92.38,956.61,25,508.05,7.4,23.89,98.02,951.17,51.5,,,,,,,390.407,0.2,27.6,90.87,963.3,63,,,,,,,472.303,0.6,25.62,96.3,954.14,71.3,,0,27.55,84.75,963.53,59.3
2026-07-25 10:26:13,2026-07-25 10:20:00,488.537,17,23.79,97.79,952.83,36.1,455.437,22,23.75,93.02,956.62,34.8,508.05,13,23.65,98.6,951.17,71.5,,,,,,,390.405,1,26.44,92.61,963.2,103.4,,,,,,,472.303,1.2,25.33,96.09,954.19,56.5,,0,27.13,83.44,963.5,148.2
2026-07-25 10:36:12,2026-07-25 10:30:00,488.544,24.2,23.6,97.83,952.75,48.8,455.444,29,23.48,93.54,956.44,55.6,508.043,14.2,23.68,99.06,950.96,98.1,478.09,19.2,24.3,94.4,953.4,65.4,390.408,1.4,26.32,93.83,963.16,142.9,,0.2,24.3,100,950.6,64.1,472.303,1.6,24.94,95.81,954.12,64.7,,0,27.48,81.06,963.48,188.8
2026-07-25 10:46:12,2026-07-25 10:40:00,488.55,29,23.58,97.87,952.54,71.3,455.45,32.6,23.45,93.71,956.23,84.4,508.05,14.8,23.79,98.86,950.9,132.9,,,,,,,390.404,1.8,26.14,92.65,963.37,140.6,,,,,,,472.304,1.6,24.86,95.89,954.01,75.3,,0,27.4,80.77,963.36,207.4
2026-07-25 10:56:12,2026-07-25 10:50:00,488.55,31.2,23.36,97.67,952.5,84.5,455.457,35.6,23.68,93.96,956.14,105,508.043,15,24.46,98.85,950.76,152.8,,,,,,,390.411,1.8,26.24,92.54,963.18,241.2,,,,,,,472.303,1.8,25.16,96.01,953.91,92.9,,0,27.58,83.76,963.25,253.9
2026-07-25 11:06:12,2026-07-25 11:00:00,488.557,31.8,23.82,98.03,952.22,111.7,455.463,36.6,23.7,94.03,955.9,138.5,508.043,15,24.16,98.19,950.56,228.3,478.09,23.2,24.7,95.3,952.9,177.6,390.405,1.8,26.42,88.68,963.03,849.9,,0.2,24.6,100,950.3,105.2,472.304,2,25.12,94.72,953.72,117.9,,0,28,81.76,963.17,271.1
2026-07-25 11:36:11,2026-07-25 11:30:00,488.556,0.4,25.63,98.16,951.98,436.4,455.47,0.6,24.85,94.41,955.63,489,508.043,0,26.2,95.92,950.18,1036.1,478.09,0,27.2,95.8,952.6,558.6,390.405,0,26.78,85.97,962.76,614.9,,0.4,25.1,100,950.2,232.5,472.297,1,25.77,93.62,953.45,260.4,,0.4,28.24,83.22,962.85,376.1
2026-07-25 11:46:11,2026-07-25 11:40:00,488.556,0.6,25.81,97.75,951.85,533.4,455.476,0.8,25.84,94.56,955.59,571.7,508.049,0,27.79,95.37,950.12,1191.9,,,,,,,390.408,0,27.07,85.81,962.68,327,,,,,,,472.297,1.2,27.28,91.45,953.43,333.2,,0.4,29.87,80.45,962.94,976
2026-07-25 11:56:12,2026-07-25 11:50:00,488.556,0.6,28.16,88.98,951.88,565.5,455.476,0.8,27.83,94.76,955.61,,508.048,0,27.94,90.98,950.08,1036.6,,,,,,,390.413,0,28.01,83.84,962.5,558.2,,,,,,,472.297,1.6,28.41,86.55,953.34,573.3,,0.4,31.57,77.97,962.82,1141.2
2026-07-25 12:06:11,2026-07-25 12:00:00,488.578,0.6,30.59,85.32,951.71,1021.6,455.476,0.8,27.7,94.49,955.47,1079,508.061,0,27.46,90.77,949.98,935.3,478.08,0,28.5,95.1,952.4,927.7,390.405,0,27.94,84.15,962.3,857.7,,1,27.2,100,949.8,561.1,472.29,1.6,29.64,80.72,953.21,985.1,,0.4,32.37,78.16,962.58,1003.9
2026-07-25 12:16:12,2026-07-25 12:10:00,488.608,0,31.29,78.52,951.5,964.7,455.476,0,27.9,94.01,955.27,1017,508.061,0,28.08,83.05,949.7,929.9,,,,,,,390.411,0,27.32,85.7,962.1,844.5,,,,,,,472.297,0,32.18,82.78,952.91,1128,,0,32.54,74.1,962.34,949.6
2026-07-25 12:26:12,2026-07-25 12:20:00,488.581,0,32.5,78.46,951.35,941.5,455.482,0,29.82,94.51,955.1,988.3,508.054,0,30,82.19,949.64,923.4,,,,,,,390.412,0,27.31,86.94,962.04,419.1,,,,,,,472.31,0,32.14,81.17,952.74,1050.6,,0,32.55,68.96,962.27,969.5
2026-07-25 12:46:13,2026-07-25 12:40:00,488.575,0,31.79,75.72,951.16,383.2,455.482,0,28.56,93.9,954.83,1058.5,508.061,0,30.58,79.48,949.26,891,,,,,,,390.415,0,29.59,77.18,961.7,818.5,,,,,,,472.304,0,33.81,70.44,952.56,978.6,,0,33.13,68.16,961.93,931.3
2026-07-25 12:56:12,2026-07-25 12:50:00,488.608,0,32.61,78.95,951.02,477.7,455.482,0,28.99,93.69,954.75,1022.8,508.061,0,30.86,77.4,949.23,957.8,,,,,,,390.414,0,30.28,76.53,961.59,832.1,,,,,,,472.317,0,33.1,71.88,952.5,448.7,,0,33.04,69.89,961.76,933
2026-07-25 13:06:12,2026-07-25 13:00:00,488.6,0,32.95,75.44,950.83,453.1,455.481,0,29.54,93.05,954.49,1038.3,508.067,0,30.83,78.73,949.1,944.1,478.08,0,30.6,84.7,951.6,999.2,390.414,0,29.73,75.78,961.43,923.3,,0,31.1,81.5,948.9,1025.8,472.31,0,32.18,70.07,952.22,827.7,,0,33.53,65.26,961.57,905.5
2026-07-25 13:16:12,2026-07-25 13:10:00,488.595,0,33.33,75.56,950.64,438,455.482,0,29.43,93.04,954.38,1122.1,508.061,0,31.74,73.26,948.9,1051.3,,,,,,,390.415,0,29.41,77.82,961.19,366.4,,,,,,,472.31,0,32.29,69.97,952.05,928.7,,0,34.13,60.85,961.36,876.7
2026-07-25 13:26:12,2026-07-25 13:20:00,488.555,0,31.82,74.46,950.53,325.7,455.488,0,29.95,93.33,954.16,1093.8,508.067,0,32.05,71.45,948.68,1065.6,,,,,,,390.409,0,28.21,83.42,961.02,296.3,,,,,,,472.317,0,33.99,77.03,951.97,507.5,,0,33.89,60.99,961.16,855.1
2026-07-25 13:36:11,2026-07-25 13:30:00,488.587,0,32.12,72.78,950.34,1001.6,455.488,0,30.05,93.75,953.9,1045.9,508.06,0,32.59,69.96,948.47,863.9,478.08,0,32,77.6,951,971,390.419,0,28.93,79.26,960.94,378.8,,0,30.8,78.2,948.5,385.8,472.323,0,34.05,67.62,951.81,963.1,,0,33.94,62.86,961.06,779.6
2026-07-25 13:46:12,2026-07-25 13:40:00,488.575,0,32.6,74.63,950.19,935,455.488,0,29.31,92.83,953.81,518.5,508.06,0,31.99,70.25,948.33,1073.1,,,,,,,390.421,0,28.31,85.6,960.84,282.5,,,,,,,472.317,0,34.36,67.46,951.64,1002.9,,0,34.4,64.7,960.89,846.7
2026-07-25 13:56:15,2026-07-25 13:50:00,488.575,0,33.83,70.56,950.12,778.3,455.488,0,32.2,75.45,953.75,993.4,508.067,0,31.74,71.75,948.37,260.1,,,,,,,390.421,0,29.04,81.4,960.65,645.3,,,,,,,472.304,0,35.11,68.04,951.53,955.6,,0,34.29,62.06,960.81,818.8
2026-07-25 14:06:11,2026-07-25 14:00:00,488.575,0,33.23,72.27,950.15,825.2,455.488,0,34.44,72.19,953.71,442.6,508.066,0,29.63,78.22,948.3,181.3,478.08,0,30.4,79.3,950.8,261,390.413,0,29.56,78.89,960.6,644.6,,0,31.2,76.9,948.3,689.1,472.323,0,31.76,73.35,951.59,296.2,,0,34.03,63.87,960.85,719
2026-07-25 14:26:12,2026-07-25 14:20:00,488.581,0,31.86,73.51,949.78,650,455.488,0,34.26,71.23,953.26,1021.5,508.062,0,29.29,83.41,948.02,139.9,,,,,,,390.416,0,30.94,74.5,960.22,565.1,,,,,,,472.31,0,32.82,74.04,951.14,649.3,,0,34.51,61.04,960.22,800.7
2026-07-25 14:36:11,2026-07-25 14:30:00,488.568,0,33.92,70.59,949.61,690,455.488,0,33.32,68.47,953.22,634.1,508.061,0.2,27.21,90.52,947.77,201.5,478.08,0,29.4,83,950.3,412.3,390.412,0,31.03,71.21,960.07,453.1,505.16,0,31,79.4,947.8,392.3,472.317,0,32.7,71.08,951.07,450.7,,0,34.3,61.2,960.12,422.8
2026-07-25 14:46:12,2026-07-25 14:40:00,488.588,0,33.17,71.21,949.49,619.5,455.488,0,32.4,74.11,953.07,287.6,508.061,0.6,26.37,94.64,947.69,226.9,,,,,,,390.413,0,31.03,71.45,959.91,671.5,,,,,,,472.323,0,31.29,75.32,950.98,379.7,,0,34.35,58.65,960.01,653.5
2026-07-25 14:56:13,2026-07-25 14:50:00,488.562,0,31.34,74.78,949.47,181.1,455.488,0,30.85,77.13,953,229.9,508.048,0.8,26.59,94.65,947.68,231.5,,,,,,,390.412,0,31.28,72.7,959.93,243.7,,,,,,,472.317,0,30.09,76.35,950.96,230.6,,0,34.36,60.77,959.95,725.8
2026-07-25 15:06:11,2026-07-25 15:00:00,488.549,0,30.24,80.36,949.47,120.2,455.488,0,30.62,78.27,952.93,209.1,508.043,1,26.92,95.04,947.8,259.1,478.08,0,28.6,89.1,950.2,246.2,390.409,0,29.89,77.09,959.96,490,,0,29.3,81.4,947.5,286.1,472.317,0,29.92,77.67,950.88,335.4,,0,34.3,61.58,959.93,681.2
2026-07-25 15:16:11,2026-07-25 15:10:00,488.543,0,29.28,82.93,949.33,195.4,455.494,0,30.43,79.08,952.84,257.4,508.043,0,27.91,92.7,947.62,285.4,,,,,,,390.411,0,29.72,76.82,959.81,500,,,,,,,472.31,0,31.93,72.62,950.78,490.9,,0,33.51,61.62,959.75,553.3
2026-07-25 15:26:12,2026-07-25 15:20:00,488.543,0,30.12,86.08,949.33,180.2,455.494,0,30.42,82.23,952.79,303.7,508.043,0,28.28,91.58,947.6,288.3,,,,,,,390.406,0,30.07,74.14,959.71,308.5,,,,,,,472.317,0,31.26,73.62,950.76,341.1,,0,33.54,63.58,959.67,379
2026-07-25 15:36:12,2026-07-25 15:30:00,488.555,0,30.35,79.14,949.3,300.2,455.494,0,30.73,77.94,952.81,286.8,508.043,0,29.06,86.59,947.51,287.5,,,,,,,390.419,0,30,73.44,959.7,186.6,,,,,,,472.317,0,31.32,75.01,950.7,354.6,,0,33.12,61.45,959.66,296.1
2026-07-25 15:46:12,2026-07-25 15:40:00,488.601,0,30.74,78.79,949.12,382.6,455.494,0,29.74,80.51,952.68,491.4,508.046,0,29.1,87.42,947.29,316,,,,,,,390.423,0,29.76,73.24,959.53,221.8,,,,,,,472.31,0,31.12,74.62,950.56,324.3,,0,32.44,64.53,959.49,345.1
2026-07-25 15:56:12,2026-07-25 15:50:00,488.575,0,29.37,78.69,948.91,303.4,455.494,0,29.68,78.97,952.41,284.1,508.042,0,29.26,88.42,947.05,237,,,,,,,390.422,0,29.65,77.34,959.37,248.4,,,,,,,472.31,0,31.47,77.86,950.34,388.7,,0,32.26,63.46,959.19,246.4
2026-07-25 16:16:12,2026-07-25 16:10:00,488.544,0,29.56,81.53,948.51,182.8,455.494,0,29.72,79.58,952,209.4,508.048,0,28.72,90.09,946.73,170.3,,,,,,,390.42,0,29.72,80.02,959.07,196.9,,,,,,,472.31,0,33.02,75.92,950.02,423.8,,0,31.96,64.78,958.88,257.3
2026-07-25 16:26:12,2026-07-25 16:20:00,488.549,0,29.73,81.19,948.56,152.6,455.494,0,29.91,78.29,952.05,181.8,508.048,0,28.69,88.21,946.75,155.3,,,,,,,390.422,0,30.04,77.61,959.04,170.2,,,,,,,472.31,0,33.79,65.62,949.99,455.8,,0,32.15,65.87,958.81,209.3
2026-07-25 16:36:11,2026-07-25 16:30:00,488.549,0,29.13,81.76,948.57,126.8,455.494,0,29.45,79.5,951.98,147.5,508.048,0,28.12,90.3,946.63,143.8,478.08,0,28.6,90.5,949.1,151.9,390.422,0,31.2,74.16,958.88,193.2,505.16,0,29.7,81.5,946.6,158.7,472.317,0,33.2,68.22,949.95,177.1,,0,31.79,66.82,958.72,177.2
2026-07-25 16:46:12,2026-07-25 16:40:00,488.543,0,28.92,85.6,948.26,137.5,455.494,0,29.13,81.52,951.69,146.8,508.048,0,28.15,90.73,946.45,141.3,,,,,,,390.423,0,30.66,75.09,958.75,198.2,,,,,,,472.317,0,31.69,77.39,949.69,156.1,,0,31.61,70.14,958.54,182.3
2026-07-25 16:56:13,2026-07-25 16:50:00,488.544,0,28.75,82.58,948.25,136.9,455.494,0,29.2,82.52,951.69,155.1,508.048,0,28.19,90.46,946.61,130.5,,,,,,,390.422,0,31.36,72.88,958.78,195.5,,,,,,,472.31,0,31.21,78.77,949.64,173.1,,0,31.38,69.18,958.55,131.9
2026-07-25 17:06:12,2026-07-25 17:00:00,488.549,0,28.88,85.13,948.41,121.9,455.494,0,29.2,80.95,951.88,140.1,508.048,0,28.38,90.23,946.75,116,478.08,0,27.9,90.2,949.2,133.9,390.421,0,31.97,71.64,958.82,190.3,,0,28.7,88.7,946.5,128.1,472.31,0,30.08,82.79,949.81,121.4,,0,31.02,71.45,958.75,117.7
2026-07-25 17:16:12,2026-07-25 17:10:00,488.543,0,28.68,88.14,948.5,108.9,455.494,0,29,82.05,951.93,128.7,508.048,0,28.09,88.85,946.74,113.5,,,,,,,390.421,0,31.79,71.73,958.96,154,,,,,,,472.31,0,29.62,83.43,949.98,87.1,,0,31.47,69.81,958.79,165.9
2026-07-25 17:26:12,2026-07-25 17:20:00,488.543,0,28.4,88.09,948.64,103.9,455.494,0,28.79,83.56,952.14,118.9,508.048,0,27.71,92.93,946.9,105.2,,,,,,,390.421,0,32.04,70.88,959.14,128.4,,,,,,,472.31,0,29.35,85.57,950.14,99.6,,0,31.78,66.99,958.9,163.8
2026-07-25 17:36:12,2026-07-25 17:30:00,488.543,0,28.19,91.72,948.83,95.8,455.494,0,28.86,82.05,952.28,114.3,508.048,0,27.5,92.94,947.11,97.8,478.08,0,27.5,91.5,949.6,107.9,390.421,0,33.04,68.32,959.31,215.1,,0,28.2,90.7,946.9,97.2,472.31,0,29.61,84.32,950.15,105.1,,0,32.37,67.41,959.11,227.1
2026-07-25 17:56:12,2026-07-25 17:50:00,488.537,0,28.09,88.25,949.02,86.8,455.494,0,28.7,84.9,952.5,111.6,508.043,0,27.39,92.92,947.3,86,,,,,,,390.42,0,33.46,67.28,959.54,211.8,,,,,,,472.303,0,29.62,85.12,950.49,79.1,,0,31.67,68.15,959.3,186
2026-07-25 18:06:12,2026-07-25 18:00:00,488.536,0,28.28,90.78,949.1,90.8,455.494,0,28.74,83.53,952.61,109.2,508.049,0,27.19,93.43,947.37,84.2,478.08,0,27.2,90.7,949.9,93.8,390.42,0,33.38,66.57,959.55,151,,0,28,89.1,947.3,62,472.31,0,28.69,83.48,950.55,71.9,,0,31.47,71.27,959.43,119.1
2026-07-25 18:16:12,2026-07-25 18:10:00,488.537,0,28.17,88.98,949.14,76.9,455.494,0,28.87,84.08,952.7,95.7,508.049,0,27.09,94.26,947.4,87.7,,,,,,,390.42,0,32.24,70.26,959.6,93.7,,,,,,,472.31,0,28.56,86.74,950.72,61.6,,0,30.76,75.02,959.44,105.1
2026-07-25 18:26:12,2026-07-25 18:20:00,488.537,0,27.71,90.69,949.2,59.7,455.494,0,28.59,86.59,952.75,72.5,508.049,0,26.89,93.4,947.53,71.7,,,,,,,390.422,0,31.56,72.07,959.7,77.1,,,,,,,472.31,0,27.9,84.96,950.75,50.5,,0,30.27,76.48,959.55,77.2
2026-07-25 18:36:13,2026-07-25 18:30:00,488.537,0,27.37,91.38,949.48,49.3,455.494,0,28.19,87.15,953.01,59,508.043,0,26.79,93.65,947.87,51.9,478.08,0,27.1,92.1,950.4,56.9,390.422,0,30.95,76.03,959.92,68.7,,0,27.2,92.6,947.7,37.2,472.31,0,27.57,85.42,950.94,42.1,,0,30.07,77.1,959.81,66.7
2026-07-25 18:46:12,2026-07-25 18:40:00,488.537,0,27.07,92.5,949.63,40,455.494,0,27.85,87.56,953.2,47.8,508.049,0,26.78,93.83,947.93,40.5,,,,,,,390.423,0,30.39,75.76,960.16,52.1,,,,,,,472.304,0,27.36,87.66,951.13,35.5,,0,29.97,77.3,959.95,55.2
2026-07-25 18:56:12,2026-07-25 18:50:00,488.531,0,26.81,94.27,949.7,23.6,455.494,0,27.47,87.08,953.25,27.1,508.05,0,26.37,94.38,947.95,20.5,,,,,,,390.425,0,29.84,79.17,960.25,19.3,,,,,,,472.303,0,27.08,89.01,951.19,20.7,,0,29.68,78.36,960.05,24
2026-07-25 19:06:12,2026-07-25 19:00:00,488.531,0,26.79,94.68,949.57,2,455.494,0,27.17,88.88,953.17,2.8,508.05,0,26.05,94.81,947.97,2,478.08,0,26.4,92.3,950.5,3.2,390.427,0,29.34,81.85,960.14,1.8,,0,26.3,93.8,947.8,0.4,472.304,0,26.67,89.74,951.16,1,,0,29.28,78.66,959.94,1.1
2026-07-25 19:16:14,2026-07-25 19:10:00,488.53,0,26.6,94.4,949.72,0.1,455.494,0,26.96,90.28,953.28,0.5,508.043,0,25.77,96.11,948.02,0,,,,,,,390.421,0,29.08,81.44,960.14,0.2,,,,,,,472.303,0,26.33,91.06,951.24,0,,0,28.99,79.85,960.04,0
2026-07-25 19:26:13,2026-07-25 19:20:00,488.531,0,26.2,95.2,949.88,0,455.494,0,26.71,90.87,953.45,0.2,508.049,0,25.58,96.12,948.18,0,,,,,,,390.421,0,28.91,85.13,960.3,0,,,,,,,472.303,0,26.09,92.23,951.37,0,,0,28.63,82.47,960.23,0
2026-07-25 19:36:12,2026-07-25 19:30:00,488.53,0,26.17,95.65,949.83,0,455.495,0,26.56,90.71,953.42,0.1,508.043,0,25.41,96.53,948.24,0,478.07,0,25.8,92.9,950.7,0.2,390.426,0,28.75,83.22,960.43,0,,0,25.6,94.4,948,0,472.303,0,25.89,93.48,951.33,0,,0,28.31,82.83,960.21,0
2026-07-25 19:46:12,2026-07-25 19:40:00,488.524,0,25.81,95.69,949.93,0,455.494,0,26.3,90.33,953.56,0.1,508.05,0,25.39,96.73,948.32,0,,,,,,,390.436,0,28.53,83.56,960.6,0,,,,,,,472.303,0,25.72,92.85,951.46,0,,0,28.14,83.56,960.4,0
2026-07-25 19:56:13,2026-07-25 19:50:00,488.53,0,25.91,94.84,950.15,0,455.495,0,26.28,90.35,953.72,0.2,508.043,0,25.12,96.51,948.46,0,,,,,,,390.434,0,28.49,82.6,960.7,0,,,,,,,472.303,0,25.65,93.61,951.64,0,,0,28.09,84.91,960.56,0
2026-07-25 20:06:13,2026-07-25 20:00:00,488.524,0,25.91,93.61,950.27,0,455.502,0,26.11,90.11,953.89,0.1,508.043,0,25.25,97.06,948.59,0,478.07,0,25.5,93.3,951,0.2,390.434,0,28.53,84.12,960.86,0,,0,25.2,94.6,948.5,0,472.303,0,25.48,93.59,951.79,0,,0,28.04,84.85,960.69,0
2026-07-25 20:16:14,2026-07-25 20:10:00,488.523,0,25.9,95.06,950.4,0,455.495,0,25.97,90.33,954.01,0.1,508.043,0,25.11,96.61,948.73,0,,,,,,,390.433,0,28.49,80.31,960.97,0,,,,,,,472.303,0,25.38,93.6,951.91,0,,0,27.99,84.88,960.83,0
2026-07-25 20:26:12,2026-07-25 20:20:00,488.524,0,25.81,95.12,950.54,0,455.501,0,25.87,89.97,954.13,0.1,508.044,0,25.22,97.5,948.82,0,,,,,,,390.434,0,28.46,80.13,961.11,0,,,,,,,472.304,0,25.3,93.84,951.99,0,,0,28.04,85.38,961.04,0
2026-07-25 20:36:12,2026-07-25 20:30:00,488.524,0,25.96,95.97,950.64,0,455.501,0,25.8,90.42,954.29,0.2,508.043,0,25.07,97.53,948.99,0,478.07,0,25.4,93.2,951.4,0.2,390.434,0,28.38,78.34,961.24,0,,0,25,94.2,948.8,0,472.303,0,25.24,94.21,952.12,0,,0,28.04,86.48,961.09,0
2026-07-25 20:46:12,2026-07-25 20:40:00,488.524,0,25.75,95.39,950.68,0,455.501,0,25.73,90.87,954.32,0.1,508.043,0,24.9,97.67,949.1,0,,,,,,,390.434,0,28.35,78.58,961.31,0,,,,,,,472.303,0,25.1,93.66,952.2,0,,0,27.95,86.32,961.2,0
2026-07-25 20:56:13,2026-07-25 20:50:00,488.524,0,25.67,95.5,950.9,0,455.501,0,25.68,90.72,954.52,0.2,508.05,0,24.84,97.8,949.22,0,,,,,,,390.433,0,28.41,79.73,961.44,0,,,,,,,472.303,0,24.97,93.42,952.36,0,,0,27.81,85.98,961.29,0
2026-07-25 21:06:12,2026-07-25 21:00:00,488.524,0,25.59,96.18,950.9,0,455.501,0,25.56,90.69,954.51,0.2,508.043,0,24.91,98.07,949.22,0,478.07,0,25.3,93.9,951.7,0.2,390.433,0,28.21,82.26,961.45,0,,0,24.7,96.2,949.2,0,472.303,0,24.93,93.55,952.43,0,,0,27.75,85.89,961.34,0
2026-07-25 21:16:12,2026-07-25 21:10:00,488.524,0,25.45,96.14,951.02,0,455.495,0,25.49,91.15,954.6,0.2,508.043,0,24.85,97.98,949.31,0,,,,,,,390.435,0,28.13,81.86,961.63,0,,,,,,,472.304,0,24.82,94.07,952.5,0,,0,27.56,87.09,961.46,0
2026-07-25 21:26:13,2026-07-25 21:20:00,488.524,0,25.38,96.23,951.19,0,455.495,0,25.48,91.32,954.81,0.2,508.043,0,24.87,97.85,949.43,0,,,,,,,390.434,0,28.2,84.03,961.64,0,,,,,,,472.303,0,24.73,94.67,952.63,0,,0,27.38,86.7,961.67,0
2026-07-25 21:36:12,2026-07-25 21:30:00,488.524,0,25.39,96.64,951.25,0,455.501,0,25.46,91.73,954.92,0.2,508.043,0,24.97,97.92,949.51,0,478.07,0,25.2,93.7,952,0.2,390.434,0,28.14,83.87,961.79,0,,0,24.5,97.3,949.4,0,472.303,0,24.54,94.27,952.69,0,,0,27.27,86.57,961.69,0
2026-07-25 21:46:12,2026-07-25 21:40:00,488.524,0,25.52,96.69,951.34,0,455.495,0,25.42,91.51,954.99,0.1,508.043,0,24.81,97.07,949.57,0,,,,,,,390.435,0,28.08,84.46,961.88,0,,,,,,,472.303,0,24.52,94.35,952.88,0,,0,27.04,86.92,961.86,0
2026-07-25 21:56:12,2026-07-25 21:50:00,488.517,0,25.33,96.44,951.42,0,455.501,0,25.21,91.33,955.06,0.2,508.044,0,24.9,96.91,949.69,0,,,,,,,390.435,0,28,82.6,961.98,0,,,,,,,472.297,0,24.58,95.26,952.96,0,,0,26.92,87.18,962.02,0
2026-07-25 22:06:13,2026-07-25 22:00:00,488.517,0,25.32,96.24,951.46,0,455.502,0,25.23,91.6,955.12,0.1,508.043,0,24.82,95.97,949.77,0,478.07,0,25.2,93.7,952.2,0.2,390.436,0,27.9,88.23,962.08,0,,0,24.3,96.8,949.7,0,472.303,0,24.51,95.07,953.04,0,,0,26.97,87.12,962.03,0
2026-07-25 22:16:12,2026-07-25 22:10:00,488.517,0,25.33,96.28,951.63,0,455.495,0,25.43,91.44,955.36,0.2,508.043,0,24.82,96.41,949.93,0,,,,,,,390.438,0,27.68,89.27,962.19,0,,,,,,,472.297,0,24.45,95.27,953.18,0,,0,26.92,86.29,962.2,0
2026-07-25 22:26:12,2026-07-25 22:20:00,488.517,0,25.35,96.1,951.66,0,455.501,0,25.38,90.94,955.31,0.2,508.043,0,24.84,96.6,950.04,0,,,,,,,390.439,0,27.45,88.94,962.34,0,,,,,,,472.303,0,24.32,95.14,953.18,0,,0,26.79,87.07,962.26,0
2026-07-25 22:36:14,2026-07-25 22:30:00,488.517,0,25.29,96.82,951.72,0,455.501,0,25.19,91.16,955.41,0.1,508.051,1,24.56,97.12,950.03,0,478.07,0,25.2,93.7,952.5,0.2,390.438,0,27.26,89.2,962.3,0,,0,24.2,96.8,949.9,0,472.297,0,24.3,95.51,953.28,0,,0,26.71,87.97,962.33,0
2026-07-25 22:46:14,2026-07-25 22:40:00,488.517,0,25.21,95.99,951.74,0,455.501,0,24.98,91.74,955.37,0.1,508.043,1.2,24.31,97.87,950.01,0,,,,,,,390.438,0,27.44,90.02,962.21,0,,,,,,,472.297,0,24.3,95.6,953.19,0,,0,26.56,88.44,962.27,0
2026-07-25 22:56:13,2026-07-25 22:50:00,488.517,0,25.31,95.7,951.74,0,455.501,0,24.85,92.07,955.43,0.2,508.043,1.2,24.47,98.68,950.09,0,,,,,,,390.438,0,27.29,88.68,962.28,0,,,,,,,472.297,0,24.24,95.56,953.24,0,,0,26.42,89.28,962.27,0
2026-07-25 23:06:12,2026-07-25 23:00:00,488.517,0,25.87,93.63,951.71,0,455.502,0,24.88,92.19,955.47,0.2,508.043,1.2,24.44,98.35,950,0,478.07,0,25,94.4,952.5,0.2,390.439,0,27.35,89.71,962.23,0,,0,24.1,96.8,949.9,0,472.297,0,24.32,95.84,953.22,0,,0,26.3,89.51,962.2,0
2026-07-25 23:16:13,2026-07-25 23:10:00,488.517,0,26.35,90.18,951.57,0,455.501,0,25.32,91.63,955.21,0.1,508.044,0.2,24.44,98.1,949.91,0,,,,,,,390.442,0,27.11,90.35,962.16,0,,,,,,,472.303,0,24.3,95.96,953.03,0,,0,26.2,89.46,962.11,0
2026-07-25 23:26:13,2026-07-25 23:20:00,488.517,0,26.34,89.83,951.62,0,455.495,0,26.07,87.51,955.31,0.1,508.044,0.2,24.34,98.13,949.89,0,,,,,,,390.441,0,26.89,90.4,962.2,0,,,,,,,472.303,0,24.17,95.75,953.09,0,,0,26.2,89.69,962.18,0
2026-07-25 23:36:12,2026-07-25 23:30:00,488.517,0,26.42,88.24,951.58,0,455.502,0,26.54,85.21,955.21,0.1,508.043,0.2,24.3,97.58,949.79,0,478.07,0,24.7,94,952.3,0.2,390.439,0,26.87,90.32,962.28,0,,0,24,97.2,949.7,0,472.297,0,24.23,95.92,953.04,0,,0,26.37,88.73,962.22,0
2026-07-25 23:46:13,2026-07-25 23:40:00,488.511,0,26.32,85.4,951.52,0,455.501,0,26.41,84.8,955.2,0.1,508.044,0.2,24.16,98.67,949.84,0,,,,,,,390.44,0,26.93,89.41,962.2,0,,,,,,,472.297,0,24.3,95.85,952.89,0,,0,26.54,88.91,962.16,0
2026-07-25 23:56:13,2026-07-25 23:50:00,488.511,0,25.84,89.51,951.43,0,455.501,0,26.35,83.7,955.17,0.2,508.044,0.2,24.17,98.78,949.85,0,,,,,,,390.44,0,27.08,91.61,962.18,0,,,,,,,472.297,0,24.35,95.88,952.74,0,,0,26.55,89.21,962.15,0
2026-07-26 00:06:27,2026-07-26 00:00:00,488.51,0,25.69,90.61,951.49,0,455.502,0,26.38,83.62,955.29,0.1,508.043,0.2,24.21,98.77,949.9,0,478.07,0,24.7,94.4,952.4,0.2,390.438,0,26.98,89.21,962.2,0,,0,24,97.5,949.4,0,472.297,0,24.21,95.85,952.89,0,,0,26.51,89.34,962.19,0
2026-07-26 00:16:12,2026-07-26 00:10:00,488.511,0,25.94,89.38,951.65,0,455.501,0,26.05,85.25,955.36,0.1,508.044,0,24.2,98.97,950.06,0,,,,,,,390.435,0,26.79,86.4,962.32,0,,,,,,,472.297,0,24.2,96.15,952.91,0,,3,25.55,91.82,962.25,0
2026-07-26 00:26:14,2026-07-26 00:20:00,488.511,0,25.96,89.42,951.62,0,455.501,0,26.26,85.23,955.36,0.2,508.044,0,24.07,99.02,949.95,0,,,,,,,390.435,0,26.39,86.81,962.22,0,,,,,,,472.297,0,24.3,95.73,952.96,0,,6,25.03,92.28,962.24,0
2026-07-26 00:36:12,2026-07-26 00:30:00,488.51,0,26.01,88.38,951.56,0,455.502,0,26.21,85.31,955.33,0.2,508.044,0,24.09,99.09,949.97,0,478.07,0,24.5,94.3,952.4,0.2,390.438,0,25.97,89.05,962.36,0,,0,23.8,98,949.6,0,472.297,0,24.42,94.16,952.95,0,,7.6,24.94,93.12,962.3,0
2026-07-26 00:46:12,2026-07-26 00:40:00,488.511,0,25.77,87.37,951.58,0,455.502,0,25.69,86.9,955.3,0.2,508.044,0,24.12,99.17,949.84,0,,,,,,,390.441,1.8,24.93,95.23,962.38,0,,,,,,,472.303,0,24.24,94.31,952.9,0,,7.6,25.13,93.59,962.27,0
2026-07-26 00:56:12,2026-07-26 00:50:00,488.51,0,25.8,86.95,951.42,0,455.502,0,25.58,87.48,955.15,0.1,508.044,0,24.15,99.15,949.82,0,,,,,,,390.443,2.2,24.83,95.83,962.22,0,,,,,,,472.303,0,24.23,94.36,952.84,0,,7.6,25.11,93.59,962.17,0
2026-07-26 01:06:12,2026-07-26 01:00:00,488.511,0,25.75,89.92,951.37,0,455.502,0,25.66,87.07,955.2,0.1,508.043,0,24.1,99.22,949.81,0,478.07,0,24.6,94.6,952.3,0.2,390.439,2.4,24.62,95.77,962.15,0,,0,24.2,96.3,949.4,0,472.303,0,24.11,94.77,952.79,0,,7.8,25.15,93.7,962.15,0
2026-07-26 01:16:13,2026-07-26 01:10:00,488.504,0,25.75,87.41,951.42,0,455.501,0,25.75,86.78,955.18,0.1,508.043,0,24.02,99.33,949.81,0,,,,,,,390.443,0,24.6,95.83,962.19,0,,,,,,,472.304,0,24.18,95.59,952.83,0,,0,24.79,93.05,962.12,0
2026-07-26 01:26:12,2026-07-26 01:20:00,488.51,0,25.88,88.62,951.52,0,455.502,0,25.94,86.8,955.27,0.2,508.044,0,24,99.49,949.8,0,,,,,,,390.443,0.2,24.62,95.82,962.3,0,,,,,,,472.297,0,24.18,95.74,952.83,0,,0,24.62,92.74,962.17,0
2026-07-26 01:36:13,2026-07-26 01:30:00,488.51,0,25.87,90.23,951.33,0,455.501,0,25.79,85.63,955.16,0.2,508.043,0,23.96,99.49,949.61,0,478.07,0,24.8,94.9,952.2,0.2,390.441,0.8,24.63,95.77,962.08,0,,0,24.1,97.5,949.5,0,472.297,0,24.17,95.69,952.78,0,,0,24.66,93.14,962.1,0
2026-07-26 01:46:13,2026-07-26 01:40:00,488.504,0,25.69,87.18,951.09,0,455.501,0,25.89,84.42,954.95,0.1,508.044,0,23.93,99.6,949.67,0,,,,,,,390.445,1.2,24.72,95.85,962.04,0,,,,,,,472.297,0,24.17,95.58,952.6,0,,0,24.59,93.13,962,0
2026-07-26 01:56:12,2026-07-26 01:50:00,488.504,0,25.84,90.48,951.2,0,455.501,0,25.49,86.75,955.05,0.2,508.044,0,23.9,99.49,949.51,0,,,,,,,390.443,1.4,24.72,95.66,961.96,0,,,,,,,472.303,0,24.01,95.87,952.61,0,,0,24.56,93.11,961.94,0
2026-07-26 02:06:12,2026-07-26 02:00:00,488.504,0,25.79,88.15,951.15,0,455.502,0,25.73,86.06,954.91,0.1,508.043,0,23.99,99.45,949.49,0,478.07,0,24.5,94.7,952,0.2,390.442,1.6,24.73,95.65,961.99,0,,0,23.9,97.8,949.3,0,472.303,0,24.01,96.06,952.63,0,,0,24.62,93.59,961.89,0
2026-07-26 02:16:12,2026-07-26 02:10:00,488.504,0,25.75,89.97,951.07,0,455.502,0,25.32,88.69,954.91,0.1,508.043,0,23.79,99.1,949.58,0,,,,,,,390.445,0.4,24.79,95.65,962.05,0,,,,,,,472.297,0,24.01,96.09,952.74,0,,0,24.58,93.37,961.98,0
2026-07-26 02:36:12,2026-07-26 02:30:00,488.497,0,25.33,88.6,951.12,0,455.502,0,24.74,89.66,954.93,0.1,508.043,0,23.78,99.61,949.6,0,478.07,0,24.5,95,952,0.2,390.446,1,24.93,95.8,961.97,0,,0,23.9,98.6,949.4,0,472.297,0,24.13,96.14,952.77,0,,0,24.62,93,962.02,0
2026-07-26 02:46:14,2026-07-26 02:40:00,488.504,0,25.18,89.46,951.13,0,455.502,0,24.75,89.76,954.82,0.1,508.044,0,23.85,99.4,949.47,0,,,,,,,390.449,1.6,24.86,95.77,961.87,0,,,,,,,472.297,0,24,96.07,952.67,0,,0,24.78,93.54,961.93,0
2026-07-26 02:56:12,2026-07-26 02:50:00,488.497,0,24.77,92.32,951.06,0,455.501,0,24.8,89.45,954.79,0.2,508.044,0,23.79,99.49,949.41,0,,,,,,,390.443,2,24.79,95.88,961.87,0,,,,,,,472.297,0,23.91,95.89,952.59,0,,0,24.8,93.7,961.85,0
2026-07-26 03:16:12,2026-07-26 03:10:00,488.497,0,24.32,95.21,951.21,0,455.502,0,24.4,91.31,955,0.1,508.044,0,23.75,99.36,949.73,0,,,,,,,390.446,1,24.85,96.19,961.93,0,,,,,,,472.304,0,23.91,96.45,952.67,0,,0.2,24.73,93.9,962,0
2026-07-26 03:26:14,2026-07-26 03:20:00,488.497,0,24.25,95.5,951.4,0,455.502,0,24.41,91.07,955.1,0.1,508.044,0,23.65,99.06,949.7,0,,,,,,,390.448,1.6,24.79,96.21,961.97,0,,,,,,,472.297,0,23.86,96.45,952.81,0,,0.8,24.7,94.11,962.06,0
2026-07-26 03:36:14,2026-07-26 03:30:00,488.497,0,24.33,95.82,951.3,0,455.501,0,24.63,90.86,955,0.1,508.043,0,23.73,99.24,949.58,0,478.07,0,24.1,94.5,952.1,0.2,390.449,2,24.8,96.18,961.94,0,,0,23.8,98.7,949.4,0,472.297,0,23.87,96.53,952.71,0,,1.2,24.63,94.07,962.02,0
2026-07-26 03:46:14,2026-07-26 03:40:00,488.497,0,24.4,95.86,951.21,0,455.501,0,24.54,90.64,955,0.1,508.044,0,23.65,99.29,949.57,0,,,,,,,390.45,2.4,24.79,96.08,962.04,0,,,,,,,472.297,0,23.94,96.53,952.74,0,,1.4,24.63,94.03,962.08,0
2026-07-26 03:56:12,2026-07-26 03:50:00,488.49,0,24.3,96.36,951.31,0,455.502,0,24.33,91.6,955.13,0.1,508.043,0,23.72,98.47,949.59,0,,,,,,,390.454,2.8,24.8,96.06,962.07,0,,,,,,,472.303,0,23.88,96.54,952.74,0,,1.6,24.61,94.05,962.08,0
2026-07-26 04:06:12,2026-07-26 04:00:00,488.497,0,24.18,95.48,951.29,0,455.502,0,24.2,91.34,955.08,0.1,508.044,0,23.72,98.76,949.6,0,478.07,0,24,94.4,952.1,0.2,390.449,3,24.82,95.76,962.06,0,,0,23.6,99.2,949.5,0,472.297,0,23.77,96.43,952.8,0,,1.8,24.55,93.81,962.08,0
2026-07-26 04:16:12,2026-07-26 04:10:00,488.497,0,24.05,97.1,951.2,0,455.501,0,24.29,91.46,954.99,0.1,508.044,0,23.64,99.06,949.51,0,,,,,,,390.452,0.2,24.62,95.08,962.07,0,,,,,,,472.297,0,23.69,96.56,952.71,0,,0.2,24.28,93.08,962.03,0
2026-07-26 04:26:12,2026-07-26 04:20:00,488.49,0,23.98,97.16,951.18,0,455.502,0,24.26,91.65,954.94,0.1,508.044,0,23.58,99.24,949.51,0,,,,,,,390.454,0.2,24.2,94.37,961.95,0,,,,,,,472.297,0,23.74,96.5,952.66,0,,0.4,23.93,92.69,962,0
2026-07-26 04:36:12,2026-07-26 04:30:00,488.497,0,24.02,96.35,951.08,0,455.502,0,24.2,92.33,954.88,0.1,508.044,0,23.56,99.61,949.44,0,478.07,0,24,94.9,951.9,0.2,390.454,0.2,23.99,94.78,961.87,0,,0,23.7,99.3,949.3,0,472.297,0,23.72,96.48,952.67,0,,0.6,23.83,93.33,961.84,0
2026-07-26 04:46:12,2026-07-26 04:40:00,488.497,0,24.11,97.17,951.12,0,455.501,0,24.17,92.79,954.86,0.1,508.043,0.2,23.61,99.44,949.34,0,,,,,,,390.454,0.2,23.82,94.83,961.81,0,,,,,,,472.297,0,23.83,96.73,952.56,0,,0.6,23.76,93.47,961.91,0
2026-07-26 04:56:12,2026-07-26 04:50:00,488.497,0,24.08,97.42,951.03,0,455.502,0,24.09,93.09,954.8,0.1,508.044,0.4,23.64,99.56,949.25,0,,,,,,,390.46,0.2,23.76,95,961.75,0,,,,,,,472.297,0.2,23.94,96.94,952.56,0,,0.6,23.61,93.25,961.75,0
2026-07-26 05:06:13,2026-07-26 05:00:00,488.49,0.2,23.84,97.31,950.95,0,455.502,0,24.09,93.18,954.73,0.1,508.044,0.6,23.51,99.5,949.24,0,478.07,0.4,23.9,95.1,951.7,0.2,390.461,0.2,23.85,95.18,961.75,0,,0.2,23.6,99.5,949.1,0,472.297,0.2,23.81,96.83,952.43,0,,0.6,23.63,93.65,961.71,0
2026-07-26 05:16:12,2026-07-26 05:10:00,488.497,0,23.68,97.6,950.9,0,455.502,0,24.05,93.02,954.71,0.1,508.043,0.2,23.47,99.53,949.18,0,,,,,,,390.461,0,23.79,95.14,961.73,0,,,,,,,472.297,0,23.69,96.75,952.38,0,,0,23.58,93.48,961.82,0
2026-07-26 05:26:13,2026-07-26 05:20:00,488.49,0,23.75,97.93,950.93,0,455.502,0.2,24.05,93.1,954.66,0.1,508.044,0.2,23.4,99.52,949.14,0,,,,,,,390.462,0,23.89,95.39,961.78,0,,,,,,,472.297,0,23.63,96.75,952.39,0,,0,23.51,93.03,961.88,0
2026-07-26 05:36:12,2026-07-26 05:30:00,488.49,0,23.72,97.69,950.86,0,455.508,0.2,23.8,92.92,954.66,0.1,508.044,0.2,23.42,99.58,949.13,0,478.07,0,23.8,95.3,951.6,0.3,390.461,0.2,23.95,95.16,961.77,0,,0.2,23.4,99.2,949.1,0,472.297,0.2,23.55,96.81,952.38,0,,0,23.65,93.3,961.87,0
2026-07-26 05:46:12,2026-07-26 05:40:00,488.49,0,23.67,97.86,950.92,0,455.502,0.2,23.62,92.77,954.67,0.1,508.043,0.2,23.24,99.3,949.21,0,,,,,,,390.463,0.2,24,95.35,961.82,0,,,,,,,472.297,0.2,23.58,96.97,952.38,0,,0,23.82,93.51,961.88,0
2026-07-26 05:56:13,2026-07-26 05:50:00,488.49,0,23.58,97.86,951.05,0,455.502,0.2,23.59,93.24,954.81,0.3,508.044,0.2,23.35,99.45,949.35,0,,,,,,,390.462,0.2,24.03,95.33,961.9,0.3,,,,,,,472.297,0.2,23.6,96.83,952.5,0,,0,23.7,93.51,961.93,0
2026-07-26 06:06:16,2026-07-26 06:00:00,488.49,0,23.44,97.86,951.2,0.7,455.502,0.2,23.65,93.48,954.98,1.2,508.044,0.2,23.19,99.57,949.43,0.4,478.07,0.2,23.6,95.3,952,1.3,390.461,0.2,24.07,95.3,962.03,1.2,,0.2,23.3,99.7,949.4,0,472.297,0.2,23.56,96.83,952.65,0.3,,0,23.72,93.5,962.08,0.1
2026-07-26 06:16:12,2026-07-26 06:10:00,488.49,0,23.56,97.93,951.35,5.4,455.502,0,23.78,93.8,955.12,7.7,508.044,0,23.19,99.73,949.57,4.6,,,,,,,390.462,0,24.07,95.37,962.13,4.5,,,,,,,472.297,0,23.37,96.68,952.8,3.3,,0,23.73,93.54,962.21,4.2
2026-07-26 06:26:12,2026-07-26 06:20:00,488.49,0,23.64,97.95,951.54,14.5,455.502,0,23.73,93.64,955.33,16.9,508.044,0,23.34,99.8,949.74,10.1,,,,,,,390.464,0,24.03,95.41,962.32,7.6,,,,,,,472.297,0,23.37,96.7,952.94,10.3,,0,23.77,93.19,962.44,10.1
2026-07-26 06:36:12,2026-07-26 06:30:00,488.49,0,23.62,97.77,951.7,25.2,455.502,0,23.76,93.59,955.48,26.3,508.044,0,23.41,99.75,949.96,16.3,478.07,0,23.5,95.3,952.5,14.7,390.461,0,24.1,95.34,962.48,10.9,,0,23.6,99.7,949.8,16,472.297,0,23.35,96.67,953.13,12,,0,23.89,93.28,962.62,16.7
2026-07-26 06:46:12,2026-07-26 06:40:00,488.49,0,23.68,97.64,951.87,36,455.502,0,23.73,93.19,955.7,34.7,508.044,0,23.47,99.41,950.17,20.4,,,,,,,390.462,0,24.18,95.42,962.61,16.5,,,,,,,472.297,0,23.48,96.64,953.27,19.6,,0,24.01,93.33,962.75,24.9
2026-07-26 06:56:12,2026-07-26 06:50:00,488.497,0,23.77,97.43,951.96,46.7,455.502,0,23.96,93.44,955.74,42,508.044,0,23.62,99.49,950.25,29.7,,,,,,,390.463,0,24.3,95.35,962.72,24.8,,,,,,,472.297,0,23.56,96.4,953.39,22.2,,0,24.17,93.17,962.86,36.1
2026-07-26 07:06:13,2026-07-26 07:00:00,488.49,0,23.99,97.55,951.96,57.3,455.502,0,24.08,93.11,955.76,52.7,508.044,0,23.54,99.17,950.35,37.2,478.07,0,23.7,95.4,952.7,40.3,390.466,0,24.37,95.32,962.73,31.7,,0,23.6,99.2,950.2,37.7,472.297,0,23.83,96.37,953.47,33.8,,0,24.32,93.2,962.92,46.3
2026-07-26 07:16:12,2026-07-26 07:10:00,488.49,0,24.05,97.25,952.07,62.4,455.502,0,24.08,92.54,955.91,61.9,508.043,0,23.69,99.05,950.37,45.7,,,,,,,390.466,0,24.45,95.12,962.85,36.3,,,,,,,472.297,0,23.97,95.52,953.49,55.4,,0,24.36,92.28,963,52.9
2026-07-26 07:26:12,2026-07-26 07:20:00,488.497,0,24.26,97.13,952.14,72.4,455.502,0,24.34,93.03,955.94,76,508.044,0,23.88,99.09,950.4,55.5,,,,,,,390.468,0,24.56,95.01,962.97,44.2,,,,,,,472.297,0,24.13,95.1,953.59,65.9,,0,24.56,92.41,963.14,52.9
2026-07-26 07:36:12,2026-07-26 07:30:00,488.497,0,24.52,97.09,952.24,72.1,455.501,0,24.54,92.62,956.05,91.5,508.044,0,23.86,98.95,950.52,62.7,478.07,0,24,95.2,953,67.7,390.464,0,24.73,94.98,963.05,47.3,,0,23.8,98.5,950.4,59.2,472.297,0,24.32,95.11,953.69,60.7,,0,24.85,92.89,963.27,61.5
2026-07-26 07:46:12,2026-07-26 07:40:00,488.49,0,24.62,96.43,952.24,84.9,455.502,0,24.71,91.8,956.1,87.8,508.044,0,23.96,98.76,950.52,72.1,,,,,,,390.467,0,24.89,94.75,963.06,48.5,,,,,,,472.297,0,24.39,94.76,953.68,63.3,,0,24.9,91.34,963.24,81.1
2026-07-26 07:56:12,2026-07-26 07:50:00,488.497,0,24.68,95.79,952.34,77.5,455.501,0,24.98,92.82,956.15,80.5,508.044,0,24.07,98.47,950.62,74.6,,,,,,,390.467,0,25.02,94.51,963.13,57.7,,,,,,,472.298,0,24.47,94.54,953.79,59.4,,0,25.18,91.31,963.3,93.4
2026-07-26 08:06:12,2026-07-26 08:00:00,488.49,0,24.63,95.54,952.32,83.7,455.502,0,25.09,91.65,956.2,92.8,508.037,0,24.19,97.84,950.56,76.5,478.07,0,24.2,94.9,953.1,81.9,390.466,0,25.17,94.07,963.07,70.2,,0,24.2,98.4,950.5,52.5,472.297,0,24.58,94.12,953.79,75.3,,0,25.55,91.28,963.31,108.4
2026-07-26 08:16:12,2026-07-26 08:10:00,488.49,0,24.93,95.65,952.32,91.7,455.502,0,25.32,92.39,956.09,111.7,508.043,0,24.53,98.09,950.59,80.2,,,,,,,390.466,0,25.34,94,963.06,85.9,,,,,,,472.297,0,24.72,93.89,953.7,68.2,,0,25.72,91.15,963.19,124.8
2026-07-26 08:26:12,2026-07-26 08:20:00,488.497,0,25.22,95.19,952.34,107.4,455.501,0,25.12,90.38,956.11,111.3,508.038,0,24.56,97.25,950.51,110,,,,,,,390.464,0,25.52,93.9,962.98,93.8,,,,,,,472.297,0,24.92,93.92,953.68,84.4,,0,25.87,89.02,963.18,143.9
2026-07-26 08:36:13,2026-07-26 08:30:00,488.49,0,25.6,94.15,952.45,141.9,455.502,0,25.35,90.56,956.2,152.4,508.043,0,24.71,95.94,950.58,128.4,478.07,0,24.8,94,953.1,145.6,390.464,0,25.63,93.11,963.04,100.3,,0,24.8,96.7,950.4,103.6,472.297,0,25.26,93.15,953.75,113.3,,0,26.13,88.11,963.27,160.5
2026-07-26 08:46:20,2026-07-26 08:40:00,488.497,0,25.7,93.36,952.52,166.4,455.501,0,25.62,89.63,956.3,163.7,508.037,0,25.08,95.61,950.74,147.4,,,,,,,390.467,0,25.77,93.49,963.18,99.6,,,,,,,472.303,0,25.71,92.04,953.75,112.6,,0,26.26,88.44,963.39,184
2026-07-26 08:56:12,2026-07-26 08:50:00,488.49,0,26.52,92.66,952.51,212.4,455.501,0,25.8,88.72,956.36,219.9,508.043,0,25.32,95.68,950.83,161.1,,,,,,,390.466,0,26.01,92.52,963.26,127.3,,,,,,,472.303,0,26.05,91.38,953.86,143.5,,0,26.6,86.58,963.5,164.6
2026-07-26 09:06:11,2026-07-26 09:00:00,488.496,0,26.56,92.31,952.56,219.2,455.501,0,26.48,88.15,956.36,208.1,508.043,0,25.33,95.18,950.85,188.2,478.07,0,25.6,92.5,953.3,218.2,390.466,0,26.08,90.95,963.33,138.5,,0,25.9,92.8,950.7,175.8,472.303,0,26.7,90.91,953.95,176.2,,0,26.51,86.16,963.5,214.3
2026-07-26 09:16:11,2026-07-26 09:10:00,488.517,0,27.13,89.28,952.58,251.5,455.501,0,27.12,88.75,956.38,246.4,508.043,0,25.94,93.17,950.88,293.7,,,,,,,390.464,0,26.31,89.7,963.27,220.1,,,,,,,472.303,0,26.87,89.16,953.97,190.6,,0,27.42,82.96,963.49,269.5
2026-07-26 09:26:12,2026-07-26 09:20:00,488.51,0,27.58,87.08,952.73,318.1,455.501,0,27.84,86.18,956.53,408.4,508.043,0,27.05,90.97,950.93,303.5,,,,,,,390.466,0,26.73,88.92,963.37,235.8,,,,,,,472.303,0,27.49,88.9,954.04,262.5,,0,28.1,80.62,963.53,295.5
2026-07-26 09:36:11,2026-07-26 09:30:00,488.496,0,28.74,85.76,952.75,793.6,455.501,0,28.92,87.24,956.55,561,508.043,0,27.6,86.93,950.86,319.2,478.07,0,27.3,88.3,953.4,379.3,390.464,0,27.1,88.53,963.36,290.3,,0,29.1,85.2,950.8,675.8,472.309,0,28.21,86.59,954.09,295.1,,0,29.72,79.95,963.63,282.7
2026-07-26 09:46:13,2026-07-26 09:40:00,488.504,0,29.37,80.38,952.8,341.2,455.501,0,29.17,83.4,956.54,384.4,508.048,0,27.68,86.91,950.88,345.4,,,,,,,390.467,0,27.22,86.83,963.45,256.3,,,,,,,472.303,0,29.03,84.1,954.13,398,,0,28.26,83.5,963.65,483.2
2026-07-26 10:06:11,2026-07-26 10:00:00,488.523,0,29.61,79.65,952.75,401.1,455.5,0,29.64,80.11,956.48,465.5,508.056,0,29.06,83.82,950.87,452.3,478.07,0,28.8,83.5,953.4,752.2,390.466,0,27.26,86.9,963.48,241.7,,0,30,78.4,950.8,549.6,472.317,0,30.44,75.01,954.07,442.7,,0,30.65,75.07,963.67,409.5
2026-07-26 10:16:11,2026-07-26 10:10:00,488.503,0,29.4,79.41,952.75,421.5,455.501,0,29.51,79.35,956.45,481,508.055,0,28.92,82.41,950.99,332.1,,,,,,,390.459,0,27.99,84.68,963.46,311.9,,,,,,,472.31,0,30.73,73.91,954.02,512.2,,0,31.75,73.72,963.64,519.8
2026-07-26 10:36:13,2026-07-26 10:30:00,488.517,0,30.93,76.96,952.67,745.8,455.501,0,31.49,75.33,956.39,653.6,508.055,0,29.02,82.48,950.87,754.8,478.06,0,28.8,87.1,953.3,472.6,390.464,0,28.55,82.13,963.37,359.1,,0,31.2,78,950.7,605.7,472.317,0,29.93,81.05,953.99,301.1,,0,31.31,73.76,963.47,419.4
2026-07-26 10:46:12,2026-07-26 10:40:00,488.523,0,32.14,74.78,952.58,763,455.5,0,32.26,74.53,956.25,616.2,508.061,0,29.8,80.08,950.72,451,,,,,,,390.464,0,28.76,81.39,963.25,334.1,,,,,,,472.31,0,30.34,84.51,953.89,484.6,,0,30.94,75.11,963.42,396.3
2026-07-26 10:56:12,2026-07-26 10:50:00,488.517,0,33.05,69.87,952.54,715.7,455.5,0,32.7,77.02,956.19,803.6,508.054,0,30.53,79.72,950.61,1005.1,,,,,,,390.466,0,28.94,80.83,963.23,355.3,,,,,,,472.31,0,32.58,76.65,953.86,527.2,,0,32.33,73.69,963.27,481.4
2026-07-26 11:06:12,2026-07-26 11:00:00,488.503,0,35.21,67.21,952.43,1164.8,455.5,0,35.57,64.99,956.04,1158.5,508.061,0,30,78.29,950.57,391.2,478.06,0,30.5,85,953.2,792.2,390.464,0,29.2,80.43,963.12,433.5,,0,30.7,78.8,950.5,271.8,472.31,0,32.75,75.55,953.76,623,,0,32.45,72.92,963.18,916.3
2026-07-26 11:16:13,2026-07-26 11:10:00,488.495,0,34.86,63.62,952.3,1069.3,455.5,0,35.29,63.92,955.86,919.6,508.061,0,29.24,84.18,950.35,213.2,,,,,,,390.463,0,29.38,79.53,962.97,559.1,,,,,,,472.317,0,31.36,74.91,953.65,356.7,,0,33.44,67.88,963.1,598.4
2026-07-26 11:26:12,2026-07-26 11:20:00,488.509,0,32.9,71.11,952.09,404.9,455.5,0,35.63,66.84,955.67,,508.061,0,28.44,83.5,950.21,202.6,,,,,,,390.462,0,30.08,78.29,962.73,544.9,,,,,,,472.31,0,32.76,74.29,953.4,1073.1,,0,33.19,70.93,962.87,777
2026-07-26 11:36:14,2026-07-26 11:30:00,488.471,0,32.45,72.64,951.98,338.9,455.5,0,36.27,63.79,955.53,1158.3,508.061,0,28.79,88.28,950.09,327.1,478.06,0,31.4,83.2,952.7,404.7,390.463,0,30.63,75.94,962.55,612.4,,0,30.2,77.4,950,404.1,472.323,0,32.17,73.97,953.31,292.1,,0,33.88,63.33,962.67,842.1
2026-07-26 11:46:13,2026-07-26 11:40:00,488.471,0,30.16,77.68,951.88,172.1,455.5,0,33.92,68.96,955.36,308.4,508.055,0,29.17,82.81,949.96,350.8,,,,,,,390.463,0,30.93,74.48,962.44,341.3,,,,,,,472.317,0,32.15,74.44,953.18,381.9,,0,34.78,62.18,962.48,943.8
2026-07-26 11:56:12,2026-07-26 11:50:00,488.47,0,29.89,79.75,951.76,331,455.5,0,31.46,72.48,955.29,281.4,508.055,0,31.16,78.65,949.85,,,,,,,,390.463,0,30.83,75.3,962.3,697.9,,,,,,,472.31,0,34.2,70.69,953.03,994.4,,0,34.9,64.05,962.34,725.7
2026-07-26 12:16:12,2026-07-26 12:10:00,488.489,0,33.68,74.82,951.31,1038.9,455.5,0,34.62,69.46,954.77,288.5,508.068,0,29.1,82.12,949.55,204.6,,,,,,,390.46,0,31.25,72.91,961.92,342.3,,,,,,,472.317,0,32.36,72.57,952.73,363.7,,0,33.2,66.41,961.89,396.7
2026-07-26 12:26:13,2026-07-26 12:20:00,488.51,0,33.37,70.93,951.18,1013,455.5,0,33.06,69.32,954.64,229,508.054,0,29.5,80.72,949.47,314.1,,,,,,,390.455,0,31.58,70.69,961.83,285.1,,,,,,,472.317,0,31.74,73.4,952.62,376.3,,0,35.44,62.34,961.8,1071.4
2026-07-26 12:36:13,2026-07-26 12:30:00,488.509,0,32.45,71.79,951.25,298.3,455.5,0,30.05,78.86,954.84,158.6,508.061,0,27.81,84.63,949.5,91.7,478.07,0,27.6,87.7,952.2,88.2,390.456,0,31.65,72.75,961.8,713.5,505.16,0,29.5,77.1,949.2,215.3,472.31,0,34.77,69.78,952.6,1143.2,,0,34.33,64.96,961.76,492.2
2026-07-26 12:46:11,2026-07-26 12:40:00,488.496,0,30.69,76.44,951.32,279.2,455.5,0,31.35,76.84,954.74,517.1,508.055,0,27.25,87.62,949.49,102.5,,,,,,,390.453,0,32.38,69.7,961.63,764.8,,,,,,,472.323,0,32.97,70.68,952.61,302.5,,0,34.24,63.52,961.7,296.5
2026-07-26 12:56:12,2026-07-26 12:50:00,488.503,0,32.79,73.62,951.08,412.5,455.5,0,30.05,84.02,954.57,289.6,508.055,0,27.36,90.46,949.32,157.2,,,,,,,390.45,0,32.62,68.17,961.5,451.7,,,,,,,472.31,0,33.21,71.55,952.36,,,0.2,31.57,77.14,961.62,138.1
2026-07-26 13:06:11,2026-07-26 13:00:00,488.509,0,32.07,72.7,950.93,302.1,455.501,0.2,32.65,79.01,954.39,661.6,508.055,0,27.07,87.18,949.23,169.9,478.07,1.2,26.8,92.6,951.7,182.2,390.459,0,32.06,70.63,961.49,257.1,,0,31,72.9,948.9,323.3,472.317,0,32.1,74.71,952.32,426.6,,2,29.42,83.35,961.59,285.4
2026-07-26 13:16:13,2026-07-26 13:10:00,488.509,0,31.94,75.38,950.92,777.3,455.5,0,30.85,80.97,954.32,354.9,508.048,0,27.57,87.48,949.09,227.3,,,,,,,390.455,0,31.2,78.15,961.39,252.8,,,,,,,472.297,0,35.31,75.71,952.25,750.2,,0,31.49,78.46,961.28,716
2026-07-26 13:26:11,2026-07-26 13:20:00,488.503,0,31.96,72.03,950.75,292.8,455.501,0,32.65,75.84,954.18,749,508.055,0,28.21,83.9,948.96,266.1,,,,,,,390.461,0,30.03,79.07,961.33,332.4,,,,,,,472.323,0,31.09,77.78,952.12,185.7,,0,32.16,74.59,961.2,767.6
2026-07-26 13:36:11,2026-07-26 13:30:00,488.503,0,31.08,79.91,950.71,243.3,455.5,0,30.19,76.6,954.15,216.6,508.055,0,28.09,86.58,948.87,263.6,478.06,0,27.9,88.7,951.4,393.1,390.457,0,30.81,76.84,961.11,866.3,,0,28.6,84.9,948.7,207.4,472.316,0,29.86,82.68,952.08,153,,0,32.75,71.45,961.09,592.8
2026-07-26 13:46:12,2026-07-26 13:40:00,488.496,0,29.83,79.33,950.52,203.5,455.5,0,29.54,80.4,954.02,241.5,508.055,0,28.55,85.04,948.75,258.5,,,,,,,390.454,0,32.52,69.88,960.9,867.6,,,,,,,472.31,0,30.67,78.97,951.89,366.1,,0,33.74,69.35,960.95,755.4
2026-07-26 13:56:12,2026-07-26 13:50:00,488.503,0,29.74,81.43,950.3,215.3,455.5,0,29.98,74.09,953.74,292.9,508.055,0,28.45,83.29,948.51,267.2,,,,,,,390.459,0,33.25,66.08,960.75,849.2,,,,,,,472.31,0,33.09,70.05,951.68,454.8,,0,34.05,67.14,960.71,1040.4
2026-07-26 14:06:12,2026-07-26 14:00:00,488.471,0,30.8,76.98,950.09,395.9,455.5,0,31.55,79.72,953.51,886.2,508.061,0,28.29,83.9,948.21,279.4,478.06,0,29.7,85,950.7,570.2,390.462,0,33.69,64.8,960.52,325.1,,0,29.7,81.5,948.1,199.4,472.31,0,31.42,74.27,951.48,226.5,,0,34.75,61.97,960.6,1038.2
2026-07-26 14:16:12,2026-07-26 14:10:00,488.49,0,32.4,72.83,950.02,893.4,455.5,0,33.83,69.47,953.43,441.4,508.055,0,28.55,85.39,948.19,286.9,,,,,,,390.461,0,33.27,65.45,960.41,797.1,,,,,,,472.31,0,31.16,77.87,951.39,285.2,,0,35.44,56.91,960.42,1018
2026-07-26 14:26:12,2026-07-26 14:20:00,488.471,0,32.47,72.74,949.82,441.1,455.5,0,35.1,70.79,953.24,1087,508.055,0,28.96,82.37,948.03,300.5,,,,,,,390.459,0,34.72,62.53,960.31,844.2,,,,,,,472.316,0,31.74,73.95,951.23,282.5,,0,36.45,58.71,960.34,997.4
2026-07-26 14:36:11,2026-07-26 14:30:00,488.464,0,33.67,71.13,949.77,324.3,455.5,0,35.28,68.53,953.18,557.3,508.055,0,29.47,81.39,947.87,314.7,478.06,0,31.8,86.1,950.4,557.1,390.456,0,34.72,61.85,960.14,496.6,,0,29.9,83.5,947.8,330,472.31,0,32.07,72.96,951.13,472.6,,0,36.14,61.08,960.14,931.3
2026-07-26 14:56:12,2026-07-26 14:50:00,488.458,0,31.72,72.87,949.69,234.9,455.5,0,34.28,69.11,953,251.1,508.055,0,29.81,84.21,947.77,497.7,,,,,,,390.461,0,34.04,62.05,959.98,646.2,,,,,,,472.317,0,30.75,77.29,950.97,226.7,,0,36.46,57.29,959.97,926.3
2026-07-26 15:06:11,2026-07-26 15:00:00,488.465,0,31.42,80.46,949.5,142,455.5,0,32.53,70.88,952.99,210.4,508.055,0,30.5,79.95,947.65,654.5,478.06,0,29.7,85.9,950.1,461.1,390.464,0,33.63,63.72,959.96,202.5,,0,29.5,83.8,947.6,171.8,472.31,0,30.36,79.79,950.88,197.7,,0,34.78,63.19,959.89,405.6
2026-07-26 15:16:13,2026-07-26 15:10:00,488.464,0,31.22,77.23,949.45,207,455.5,0,31.52,73.07,952.84,234.1,508.054,0,31.89,78.36,947.44,560.5,,,,,,,390.456,0,32.54,66.13,959.82,139.4,,,,,,,472.31,0,29.34,87.25,950.88,120.5,,0,33.57,65.66,959.66,199.2
2026-07-26 15:26:12,2026-07-26 15:20:00,488.465,0,31.49,77.36,949.32,238.5,455.5,0,31.62,75.83,952.65,208.1,508.061,0,33.1,78.07,947.36,469.8,,,,,,,390.462,0,31.94,68.98,959.58,139.2,,,,,,,472.31,4.2,26.99,95.59,950.78,158.7,,0,32.24,68.93,959.51,102.8
2026-07-26 15:36:12,2026-07-26 15:30:00,488.471,0,30.93,78.32,949.18,277.3,455.5,0,31.11,75.6,952.61,285,508.067,0,31.84,80.08,947.16,480.3,478.06,0,30.7,85.2,949.8,209.8,390.461,0,31.62,71.39,959.55,124.4,,4.4,26,99.4,947.2,884.1,472.304,4.8,26.95,95.62,950.56,327.5,,0,31.16,71.8,959.48,99.9
2026-07-26 15:46:12,2026-07-26 15:40:00,488.465,0,31.25,75.75,949.03,251.2,455.5,0,32.06,79.24,952.34,555.4,508.067,0,30.67,77.69,947.06,205.3,,,,,,,390.468,0,31.07,73.63,959.41,76.9,,,,,,,472.297,4.8,27.64,95.65,950.38,446.8,,0,30.87,76.75,959.27,119.1
2026-07-26 15:56:12,2026-07-26 15:50:00,488.471,0,31.61,77.56,948.82,310.4,455.5,0,32.43,72.94,952.2,274.6,508.067,0,29.98,80.44,946.91,241,,,,,,,390.47,0,30.08,77.83,959.35,88.5,,,,,,,472.304,4.8,28.56,95.44,950.25,521.5,,0,29.54,79.13,959.17,159.2
2026-07-26 16:16:12,2026-07-26 16:10:00,488.477,0,33.17,75.15,948.62,498.1,455.5,0,32.27,76.21,952.03,300.4,508.061,0,29.8,82.41,946.83,221.2,,,,,,,390.468,0,30.08,81.46,959.08,131.2,,,,,,,472.303,0,29.81,95.9,949.98,427.1,,0,30.54,77.95,958.94,181.7
2026-07-26 16:26:12,2026-07-26 16:20:00,488.496,0,33.67,70.92,948.64,362.5,455.5,0,31.8,77.45,951.95,324.7,508.061,0,29.57,85.06,946.78,209.4,,,,,,,390.47,0,30.39,79.35,959.09,142,,,,,,,472.31,0,30.37,96.17,949.99,362.1,,0,30.86,76.28,958.95,184
2026-07-26 16:36:11,2026-07-26 16:30:00,488.496,0,32.98,73.57,948.59,304.6,455.5,0,32.71,74.06,951.93,394.1,508.061,0,29.46,85.12,946.69,163.8,478.06,0,29.2,87,949.2,201,390.469,0,30.87,76.9,959.01,194.5,,0,26.6,99.3,946.6,208.1,472.31,0,31.52,83.01,950,304.2,,0,30.9,78.17,958.84,190.9
2026-07-26 16:46:12,2026-07-26 16:40:00,488.489,0,32.1,77.54,948.55,320.6,455.5,0,32.54,72.97,951.91,311.6,508.061,0,29.37,84.93,946.69,147.3,,,,,,,390.468,0,31.53,73.38,959.01,237.3,,,,,,,472.31,0,32.08,79.31,950.02,364.8,,0,31.89,75.03,958.77,328.5
2026-07-26 16:56:12,2026-07-26 16:50:00,488.49,0,32.21,76.73,948.51,470.5,455.5,0,32.73,73.18,951.82,423.3,508.054,0,29.43,85.63,946.74,138.1,,,,,,,390.462,0,32.99,69.74,958.97,376.4,,,,,,,472.31,0,32.91,74.57,949.95,527.7,,0,32.6,73.31,958.79,500.5
2026-07-26 17:06:11,2026-07-26 17:00:00,488.489,0,33.6,71.48,948.53,318.8,455.5,0,34.28,69.49,951.86,504.2,508.055,0,29.11,85.99,946.62,134.8,478.06,0,29.8,88.1,949.2,369.7,390.462,0,33.45,68.72,958.85,139.6,,0,26.9,99.2,946.6,171.4,472.317,0,32.68,77.18,949.94,172.9,,0,32.16,71.74,958.72,178.7
2026-07-26 17:16:14,2026-07-26 17:10:00,488.489,0,33.64,69.1,948.59,431.4,455.5,0,35.06,69.18,951.93,451.6,508.055,0,29.21,81.61,946.74,137.2,,,,,,,390.46,0,32.52,69.58,959,118.5,,,,,,,472.31,0,31.62,80.94,949.97,177.4,,0,31.52,73.67,958.9,144
2026-07-26 17:26:12,2026-07-26 17:20:00,488.489,0,33.84,70.99,948.49,338.3,455.5,0,35.01,65.83,951.83,177.2,508.055,0,29.16,80.97,946.68,127,,,,,,,390.46,0,31.88,71.61,958.92,99,,,,,,,472.31,0,32.54,80.54,949.87,248.3,,0,31.26,74.47,958.72,127.2
2026-07-26 17:36:11,2026-07-26 17:30:00,488.489,0,33.01,71.2,948.45,99.1,455.5,0,33.44,72.48,951.72,249.4,508.054,0,29.11,82.41,946.56,89,478.06,0,30.2,86.5,949.1,270.1,390.462,0,31.73,72.6,958.83,102.7,,0,26.9,97.9,946.5,76.4,472.317,0,32.22,82.49,949.75,68.9,,0,31.44,73.68,958.61,154.8
2026-07-26 17:46:13,2026-07-26 17:40:00,488.452,0,31.68,74.94,948.41,45.5,455.5,0,31.52,76.65,951.72,61.9,508.055,0,28.93,83.63,946.58,61.1,,,,,,,390.466,0,32.11,70.69,958.67,102,,,,,,,472.317,0,30.47,84.77,949.78,39,,0,30.78,74.58,958.53,61
2026-07-26 17:56:14,2026-07-26 17:50:00,488.445,0,30.25,80.57,948.47,36.1,455.5,0,30.63,78.1,951.8,44.1,508.055,0,28.52,81.97,946.51,23.3,,,,,,,390.469,0,31.76,71.48,958.77,37.4,,,,,,,472.31,0,29.18,87.23,949.89,35.2,,0,30.23,74.51,958.68,38
2026-07-26 18:16:13,2026-07-26 18:10:00,488.44,0,29.15,84.29,948.82,26.9,455.501,0,29.11,83.78,952.07,34,508.056,0,27.45,90.35,946.93,18.5,,,,,,,390.474,0,31.22,72.09,959.19,28.7,,,,,,,472.31,0,28.42,89.58,950.24,52.5,,0,29.79,76.74,959.05,30.2
2026-07-26 18:26:13,2026-07-26 18:20:00,488.44,0,28.5,88.29,949.04,20.8,455.5,0,28.72,84.3,952.26,28.1,508.049,0,26.99,91.95,947.17,12.7,,,,,,,390.473,0,30.93,74.29,959.41,22.2,,,,,,,472.31,0,28.14,90.66,950.38,30.9,,0,29.59,76.96,959.18,22.6
2026-07-26 18:46:12,2026-07-26 18:40:00,488.44,0,27.78,81,949.34,11.1,455.501,0,28.09,78.29,952.79,11.2,508.049,6.2,23.7,98.32,947.57,9.8,,,,,,,390.475,0,30.34,76.33,959.5,9.4,,,,,,,472.31,0,26.85,87.65,950.73,7,,0,29.17,79.09,959.53,5.6
2026-07-26 18:56:12,2026-07-26 18:50:00,488.44,0,27.41,79.55,949.35,2.2,455.501,0,27.6,78.71,952.83,3.1,508.056,7,23.27,98.87,947.44,2.2,,,,,,,390.475,0,29.86,78.15,959.76,1.4,,,,,,,472.31,0,26.32,89.97,950.7,1.5,,0,28.93,74.63,959.83,1.3
2026-07-26 19:06:12,2026-07-26 19:00:00,488.44,0,27.23,82.3,949.27,0.4,455.501,0,27.4,79.89,952.59,0.9,508.05,7.4,23.27,99.35,947.47,0.3,478.05,0,25.6,88.3,950,1.2,390.472,0,29.29,77.18,959.82,0.6,,0,26.6,84.4,947.2,0,472.31,0,25.79,88.24,950.5,0,,0,28.23,73.59,959.83,0
2026-07-26 19:16:12,2026-07-26 19:10:00,488.44,0,27.06,83.64,949.2,0,455.501,0,27.29,78.33,952.58,0.2,508.043,0,23.56,99.62,947.46,0,,,,,,,390.475,0,28.42,77.73,959.96,0,,,,,,,472.31,0,25.17,91.44,950.6,0,,0,27.86,75.69,959.78,0
2026-07-26 19:26:12,2026-07-26 19:20:00,488.44,0,27.06,82.64,949.48,0,455.501,0,27.47,77.2,952.8,0.1,508.05,0,23.07,99.32,947.43,0,,,,,,,390.479,0,28.2,78.99,960.14,0,,,,,,,472.303,0,24.82,92.9,950.8,0,,0,27.61,76.61,959.93,0
2026-07-26 19:36:12,2026-07-26 19:30:00,488.44,0,27.1,80.89,949.52,0,455.501,0,27.75,78.22,952.96,0.2,508.05,0,22.93,99.6,947.8,0,478.06,0,25.5,87.6,950.3,0.2,390.476,0,28.28,77.41,960.2,0,,0,24.8,96,947.5,0,472.303,0,24.78,92.9,950.9,0,,0,27.44,78.07,960.08,0
2026-07-26 19:46:12,2026-07-26 19:40:00,488.434,0,27.2,79.41,949.69,0,455.501,0,27.25,80.39,953.12,0.2,508.043,0,23.27,99.68,947.97,0,,,,,,,390.48,0,28.21,77.59,960.33,0,,,,,,,472.303,0,24.75,94.19,950.96,0,,0,27.41,78.23,960.18,0
2026-07-26 19:56:20,2026-07-26 19:50:00,488.434,0,27.23,78.99,949.85,0,455.501,0,27.83,77.84,953.38,0.2,508.043,0,23.25,99.8,948.13,0,,,,,,,390.477,0,28.1,78.14,960.47,0,,,,,,,472.303,0,24.9,92.66,951.29,0,,0,27.44,78.93,960.33,0
2026-07-26 20:06:14,2026-07-26 20:00:00,488.434,0,27.45,79.57,950,0,455.501,0,27.8,77.16,953.52,0.1,508.044,0,23.25,99.84,948.24,0,478.05,0,25.7,87.6,950.8,0.2,390.479,0,28.08,75.96,960.64,0,,0,25.3,93.2,948,0,472.304,0,24.89,92.79,951.42,0,,0,27.45,75.78,960.45,0
2026-07-26 20:16:14,2026-07-26 20:10:00,488.434,0,27.29,82.15,950.22,0,455.501,0,27.61,78.17,953.73,0.1,508.044,0,23.21,99.92,948.48,0,,,,,,,390.481,0,28.27,76.61,960.76,0,,,,,,,472.31,0,25.17,89.75,951.62,0,,0,27.52,76.38,960.69,0
2026-07-26 20:26:12,2026-07-26 20:20:00,488.434,0,27.07,82.95,950.39,0,455.501,0,27.32,79.69,953.91,0.2,508.043,0,23.31,,948.64,0,,,,,,,390.481,0,28.28,75.11,961.12,0,,,,,,,472.303,0,25.06,92.68,951.79,0,,0,28,74.18,960.95,0
2026-07-26 20:36:12,2026-07-26 20:30:00,488.434,0,26.86,82.17,950.49,0,455.501,0,27.1,79.33,954,0.1,508.043,0,23.41,,948.74,0,478.05,0,25.5,87.6,951.3,0.2,390.472,0,28.31,75.15,961.24,0,,0,24.3,98.2,948.4,0,472.304,0.4,24.79,93.51,951.87,0,,0,27.83,75.81,961.02,0
2026-07-26 20:46:12,2026-07-26 20:40:00,488.427,0,24.29,96.58,950.6,0,455.501,0,26.93,82.41,954.11,0.1,508.044,0,23.17,,949.01,0,,,,,,,390.477,0,28.15,75.98,961.13,0,,,,,,,472.303,0.4,24.56,94.14,951.98,0,,0,27.61,76.68,961.03,0
2026-07-26 20:56:13,2026-07-26 20:50:00,488.427,0.2,24.59,97.09,950.77,0,455.501,0,25.05,89.41,954.33,0.2,508.043,0,23.59,,949.08,0,,,,,,,390.48,0,27.97,77.32,961.3,0,,,,,,,472.304,0.6,24.47,94.55,952.13,0,,0,27.51,76.55,961.38,0
2026-07-26 21:06:12,2026-07-26 21:00:00,488.427,0.2,25.86,88.95,950.72,0,455.501,0,25.65,85.71,954.4,0.1,508.044,0,23.48,,949.06,0,478.06,0,25.3,88.9,951.6,0.2,390.474,0,27.79,77.83,961.3,0,,0.2,24.5,95.7,948.7,0,472.303,0.6,24.47,95.29,952.1,0,,0,27.38,77.77,961.39,0
2026-07-26 21:16:11,2026-07-26 21:10:00,488.427,0,25.94,86,950.78,0,455.501,0,26.28,84.03,954.35,0.1,508.044,0,23.4,,949.09,0,,,,,,,390.474,0,27.66,77.83,961.18,0,,,,,,,472.303,0,24.31,94.91,952.05,0,,0,27.18,78.41,961.22,0
2026-07-26 21:26:12,2026-07-26 21:20:00,488.427,0,26.08,86.67,950.91,0,455.499,0,26.48,82.28,954.39,0.2,508.043,0,23.45,,949.1,0,,,,,,,390.479,0,27.75,77.34,961.36,0,,,,,,,472.297,0,24.34,94.89,952.17,0,,0,27.09,79.57,961.35,0
2026-07-26 21:36:12,2026-07-26 21:30:00,488.421,0,26.21,85.25,951.07,0,455.501,0,26.45,83.47,954.62,0.1,508.044,0,23.29,,949.3,0,478.06,0,25,89.6,951.8,0.2,390.481,0,27.68,78.38,961.59,0,,0,24.6,96.4,949,0,472.297,0,24.39,95.27,952.36,0,,0,27.24,78.14,961.52,0
2026-07-26 21:46:13,2026-07-26 21:40:00,488.427,0,26.03,85.84,951.32,0,455.501,0,26.41,83,954.81,0.2,508.043,0,23.72,,949.48,0,,,,,,,390.483,0,27.7,78.31,961.72,0,,,,,,,472.297,0,24.31,95.61,952.56,0,,0,27.33,77.72,961.61,0
2026-07-26 21:56:13,2026-07-26 21:50:00,488.421,0,25.87,86.17,951.39,0,455.501,0,26.34,83.68,954.85,0.1,508.043,0,23.62,,949.42,0,,,,,,,390.476,0,27.7,77.98,961.86,0,,,,,,,472.297,0,24.38,95.61,952.57,0,,0,27.18,78.46,961.75,0
2026-07-26 22:06:12,2026-07-26 22:00:00,488.427,0,26.11,85.98,951.42,0,455.501,0,26.31,84.05,954.9,0.2,508.043,0,23.64,,949.5,0,478.05,0,24.9,89.6,952.1,0.2,390.486,0,27.65,79.08,961.87,0,,0,24.4,97.3,949.5,0,472.303,0,24.21,95.08,952.79,0,,0,27.06,78.76,961.8,0
2026-07-26 22:16:12,2026-07-26 22:10:00,488.427,0,26.36,86.11,951.63,0,455.501,0,26.42,85.06,954.98,0.2,508.044,0,23.58,,949.71,0,,,,,,,390.488,0,27.53,82.74,962.07,0,,,,,,,472.297,0,24.25,95.55,952.9,0,,0,26.96,79.05,961.93,0
2026-07-26 22:26:13,2026-07-26 22:20:00,488.427,0,26.48,88.6,951.7,0,455.501,0,26.48,82.95,955.07,0.1,508.043,0,23.64,,949.72,0,,,,,,,390.484,0,27.26,83.95,962.1,0,,,,,,,472.303,0,24.13,94.83,953.01,0,,0,26.83,80.14,962.03,0
2026-07-26 22:36:12,2026-07-26 22:30:00,488.427,0,26.49,86.62,951.62,0,455.502,0,26.52,84.91,955.05,0.1,508.044,0,23.72,,949.7,0,478.05,0,24.9,91.1,952.3,0.2,390.487,0,27.04,85.11,962.17,0,,0,24.3,96.1,949.7,0,472.297,0,24.18,95.55,953.01,0,,0,26.78,80.18,962.07,0
2026-07-26 22:46:12,2026-07-26 22:40:00,488.427,0,26.52,84.95,951.55,0,455.501,0,26.42,83.4,955,0.2,508.043,0,23.65,,949.73,0,,,,,,,390.486,0,26.9,85.86,962.15,0,,,,,,,472.297,0,24.14,95.45,953.06,0,,0,26.76,80.11,962,0
2026-07-26 22:56:12,2026-07-26 22:50:00,488.421,0,26.24,85.54,951.56,0,455.501,0,26.44,83.47,955.05,0.1,508.044,0,23.61,,949.83,0,,,,,,,390.483,0,26.7,86.22,962.17,0,,,,,,,472.297,0,24.27,95.81,953.09,0,,0,26.87,80.4,962.16,0
2026-07-26 23:06:13,2026-07-26 23:00:00,488.427,0,26.17,86.92,951.44,0,455.501,0,26.3,82.41,955.08,0.1,508.043,0,23.66,,949.82,0,478.05,0,24.7,90,952.4,0.2,390.486,0,26.55,85.94,962.09,0,,0,24.2,97.9,949.6,0,472.297,0,24.24,95.98,952.99,0,,0,26.81,80.17,962.02,0
2026-07-26 23:16:12,2026-07-26 23:10:00,488.427,0,26.08,87.76,951.39,0,455.502,0,26.03,83.15,955.11,0.1,508.044,0,23.55,,949.86,0,,,,,,,390.486,0,26.56,86.17,962.08,0,,,,,,,472.297,0,24.21,95.74,952.98,0,,0,26.72,81.77,962.09,0
2026-07-26 23:26:13,2026-07-26 23:20:00,488.421,0,25.98,86.92,951.41,0,455.501,0,26.07,83.83,955.07,0.2,508.044,0,23.56,,949.93,0,,,,,,,390.484,0,26.46,87.03,962.12,0,,,,,,,472.297,0,24.21,95.88,952.91,0,,0,26.66,81.3,962.05,0
2026-07-26 23:36:12,2026-07-26 23:30:00,488.421,0,26.09,84.88,951.58,0,455.501,0,26.32,83.75,955.19,0.1,508.044,0,23.4,,950.03,0,478.05,0,25.2,88.2,952.5,0.2,390.488,0,26.44,87.12,962.35,0,,0,24.2,98,949.7,0,472.297,0,24.08,95.49,953.15,0,,0,26.58,82.13,962.27,0
2026-07-26 23:46:12,2026-07-26 23:40:00,488.421,0,26.3,85.63,951.69,0,455.501,0,26.32,81.66,955.3,0.1,508.044,0,23.25,,950.14,0,,,,,,,390.487,0,26.45,86.54,962.41,0,,,,,,,472.297,0,24.18,95.96,953.16,0,,0,26.48,83.38,962.37,0
2026-07-26 23:56:12,2026-07-26 23:50:00,488.421,0,26.2,88.9,951.63,0,455.501,0,26.26,82.26,955.2,0.1,508.044,0,23.35,,950.02,0,,,,,,,390.486,0,26.44,88.14,962.32,0,,,,,,,472.298,0,24.15,95.71,953.11,0,,0,26.31,85.98,962.2,0
2026-07-27 00:06:12,2026-07-27 00:00:00,488.415,0,25.56,91.29,951.52,0,455.502,0,26.05,84.93,955.04,0.1,508.043,0,23.18,,949.97,0,478.05,0,25.1,89.9,952.4,0.2,390.487,0,26.25,87.4,962.2,0,,0,24.2,98.5,949.5,0,472.297,0,24.2,95.8,952.85,0,,0,26.13,87.03,962.08,0
2026-07-27 00:16:12,2026-07-27 00:10:00,488.415,0,25.05,92.69,951.32,0,455.501,0,25.58,87.25,954.85,0.1,508.044,0,23.29,,949.74,0,,,,,,,390.486,0,26.14,87.38,962.07,0,,,,,,,472.297,0,24.17,95.76,952.81,0,,0,25.87,87.32,961.99,0
2026-07-27 00:26:12,2026-07-27 00:20:00,488.421,0,25.32,90.61,951.36,0,455.501,0,25.7,86.62,954.94,0.2,508.043,0,23.13,,949.78,0,,,,,,,390.487,0,26.11,87.97,962.07,0,,,,,,,472.297,0,24.1,96.02,952.79,0,,0,25.68,87.53,962,0
2026-07-27 00:36:13,2026-07-27 00:30:00,488.421,0,25.21,91.53,951.48,0,455.501,0,26.08,83.77,955.03,0.1,508.043,0,23.03,,949.77,0,478.05,0,24.4,91.4,952.3,0.2,390.487,0,26.05,88.43,962.2,0,,0,23.9,98.6,949.5,0,472.297,0,23.96,96.07,952.93,0,,0,25.59,88.16,962.11,0
2026-07-27 00:46:12,2026-07-27 00:40:00,488.415,0,25.48,87.96,951.45,0,455.502,0,26.26,83.25,955.06,0.1,508.044,0,22.93,,949.68,0,,,,,,,390.489,0,25.99,88.5,962.16,0,,,,,,,472.297,0,23.88,96.12,952.88,0,,0,25.49,88.12,962.13,0
2026-07-27 00:56:12,2026-07-27 00:50:00,488.415,0,25.35,91.48,951.46,0,455.502,0,26.24,84.01,955.08,0.1,508.043,0,22.93,,949.77,0,,,,,,,390.489,0,25.99,88.47,962.1,0,,,,,,,472.298,0,23.77,95.97,952.82,0,,0,25.41,87.84,962.08,0
2026-07-27 01:06:12,2026-07-27 01:00:00,488.415,0,24.99,92.25,951.4,0,455.502,0,25.97,83.38,955.01,0.1,508.043,0,22.96,,949.72,0,478.05,0,24.2,91.9,952.2,0.2,390.488,0,25.91,88.51,961.96,0,,0,23.8,97.9,949.4,0,472.297,0,23.76,96.24,952.71,0,,0,25.41,87.62,961.94,0
2026-07-27 01:26:11,2026-07-27 01:20:00,488.408,0,24.4,94.2,951.32,0,455.502,0,25.81,86.98,954.94,0.1,508.044,0,23.13,,949.8,0,,,,,,,390.491,0,25.94,87.95,961.97,0,,,,,,,472.297,0,23.7,96.31,952.63,0,,0,25.44,87.96,961.97,0
2026-07-27 01:36:12,2026-07-27 01:30:00,488.408,0,24.49,92.05,951.24,0,455.501,0,26.1,83.16,954.83,0.1,508.044,0,23.03,,949.64,0,478.05,0,24.1,92.3,952.1,0.2,390.49,0,25.97,88.06,961.96,0,,0,23.8,98.5,949.3,0,472.297,0,23.7,96.44,952.61,0,,0,25.42,88.09,961.93,0
2026-07-27 01:46:13,2026-07-27 01:40:00,488.408,0,24.52,93.39,951.3,0,455.501,0,26.16,82.98,954.81,0.1,508.044,0,23.08,,949.6,0,,,,,,,390.487,0,25.96,87.94,961.95,0,,,,,,,472.297,0,23.7,96.56,952.67,0,,0,25.41,88.74,961.91,0
2026-07-27 01:56:13,2026-07-27 01:50:00,488.408,0,24.59,94.97,951.21,0,455.501,0,26.24,82.66,954.78,0.1,508.044,0,23.05,,949.43,0,,,,,,,390.493,0,25.93,87.64,961.78,0,,,,,,,472.297,0,23.72,96.45,952.58,0,,0,25.32,88.03,961.8,0
2026-07-27 02:16:12,2026-07-27 02:10:00,488.408,0,24.56,95.58,950.93,0,455.501,0,25.65,85.91,954.54,0.1,508.043,0,22.93,,949.26,0,,,,,,,390.491,0,25.91,88.1,961.61,0,,,,,,,472.304,0,23.77,96.48,952.34,0,,0,25.31,87.98,961.62,0
2026-07-27 02:26:12,2026-07-27 02:20:00,488.401,0,24.6,94.78,950.84,0,455.501,0,25.66,86.79,954.47,0.1,508.044,0,22.89,,949.3,0,,,,,,,390.49,0,25.83,88.34,961.61,0,,,,,,,472.297,0,23.76,96.49,952.1,0,,0,25.32,88.44,961.46,0
2026-07-27 02:36:12,2026-07-27 02:30:00,488.408,0,24.29,94.45,950.89,0,455.495,0,25.75,84.7,954.49,0.1,508.044,0,23.25,,949.18,0,478.05,0,24,93.1,951.7,0.2,390.493,0,25.7,88.44,961.59,0,,0,23.8,98.7,948.9,0,472.297,0,23.72,96.56,952.17,0,,0,25.28,87.89,961.48,0
2026-07-27 02:46:12,2026-07-27 02:40:00,488.408,0,24.39,93.69,950.89,0,455.502,0,26.08,83.23,954.59,0.1,508.043,0,22.98,,949.19,0,,,,,,,390.493,0,25.72,89.03,961.54,0,,,,,,,472.297,0,23.76,96.69,952.12,0,,0,25.32,87.3,961.5,0
2026-07-27 02:56:12,2026-07-27 02:50:00,488.408,0,24.56,92.25,950.74,0,455.502,0,26.16,82.09,954.45,0.1,508.044,0,23.04,,949.01,0,,,,,,,390.494,0,25.66,88.78,961.45,0,,,,,,,472.297,0,23.81,95.89,952.11,0,,0,25.28,87.11,961.42,0
2026-07-27 03:16:12,2026-07-27 03:10:00,488.408,0,24.74,91.96,950.67,0,455.501,0,26.21,82.44,954.21,0.1,508.044,0,23.1,,948.91,0,,,,,,,390.488,0,25.66,89.07,961.27,0,,,,,,,472.297,0,23.81,96.56,951.92,0,,0,25.24,87.26,961.29,0
2026-07-27 03:26:12,2026-07-27 03:20:00,488.408,0,24.78,89.61,950.69,0,455.502,0,26.21,84.25,954.18,0.1,508.044,0,23.11,,948.89,0,,,,,,,390.486,0,25.62,89.41,961.23,0,,,,,,,472.297,0,23.84,96.63,952.02,0,,0,25.24,87.47,961.26,0
2026-07-27 03:36:13,2026-07-27 03:30:00,488.402,0,25.04,86.02,950.65,0,455.501,0,26.21,83.28,954.1,0.1,508.044,0,23.13,,948.9,0,478.05,0,23.9,93.1,951.4,0.2,390.49,0,25.62,89.9,961.27,0,,0,23.8,98.6,948.6,0,472.297,0,23.77,96.55,951.96,0,,0,25.23,87.1,961.23,0
2026-07-27 03:46:12,2026-07-27 03:40:00,488.401,0,25.32,85.82,950.67,0,455.501,0,26.11,83.82,954.16,0.1,508.044,0,22.9,,948.98,0,,,,,,,390.489,0,25.62,89.81,961.27,0,,,,,,,472.297,0,23.72,96.49,951.98,0,,0,25.35,87.05,961.24,0
2026-07-27 04:06:12,2026-07-27 04:00:00,488.401,0,24.87,92.09,950.63,0,455.501,0,26.26,82.84,954.14,0.1,508.044,0,22.76,,948.92,0,478.05,0,24,93.1,951.4,0.2,390.494,0,25.63,89.74,961.28,0,,0,23.7,98.6,948.6,0,472.297,0,23.74,96.26,951.94,0,,0,25.41,86.45,961.23,0
2026-07-27 04:16:13,2026-07-27 04:10:00,488.401,0,24.93,89.75,950.55,0,455.501,0,26.2,82.93,954.12,0.1,508.043,0,22.74,,948.81,0,,,,,,,390.491,0,25.62,89.57,961.1,0,,,,,,,472.297,0,23.74,96.58,951.83,0,,0,25.38,86.98,961.14,0
2026-07-27 04:26:13,2026-07-27 04:20:00,488.394,0,25.05,86.97,950.52,0,455.502,0,26.23,84.09,954.09,0.1,508.051,0,22.98,,948.68,0,,,,,,,390.495,0,25.59,89.47,961.1,0,,,,,,,472.297,0,23.63,96.57,951.79,0,,0,25.4,85.15,961.13,0
2026-07-27 04:36:13,2026-07-27 04:30:00,488.401,0,24.67,87.87,950.53,0,455.502,0,26.28,82.77,954.01,0.1,508.044,0,22.89,,948.78,0,478.05,0,24,93.5,951.2,0.2,390.491,0,25.63,89.72,961.07,0,,0,23.6,99,948.5,0,472.297,0,23.55,96.24,951.8,0,,0,25.46,85.39,961.1,0
2026-07-27 04:46:13,2026-07-27 04:40:00,488.401,0,24.71,92.9,950.51,0,455.501,0,26.13,83.26,954.02,0.1,508.043,0,22.8,,948.71,0,,,,,,,390.496,0,25.66,89.27,961.03,0,,,,,,,472.297,0,23.63,96.53,951.71,0,,0,25.49,85.17,961.07,0
2026-07-27 04:56:12,2026-07-27 04:50:00,488.401,0,25.21,88.28,950.46,0,455.502,0,26.07,84.55,953.97,0.1,508.044,0,22.93,,948.62,0,,,,,,,390.497,0,25.66,88.8,961,0,,,,,,,472.297,0,23.63,96.66,951.68,0,,0,25.45,85.59,960.95,0
2026-07-27 05:06:12,2026-07-27 05:00:00,488.401,0,25.07,90.1,950.38,0,455.501,0,26.08,83.47,953.85,0.1,508.044,0,22.77,,948.58,0,478.05,0,23.7,93,951,0.2,390.496,0,25.68,88.59,960.94,0,,0,23.7,98.8,948.3,0,472.297,0,23.63,96.5,951.56,0,,0,25.35,87.03,960.96,0
2026-07-27 05:16:14,2026-07-27 05:10:00,488.401,0,25.07,91.7,950.3,0,455.502,0,26.01,84.08,953.76,0.1,508.044,0,22.71,,948.61,0,,,,,,,390.488,0,25.66,88.68,960.85,0,,,,,,,472.297,0,23.55,96.68,951.59,0,,0,25.3,88.18,960.91,0
2026-07-27 05:36:15,2026-07-27 05:30:00,488.394,0,25.1,92,950.32,0,455.502,0,25.96,82.93,953.87,0.1,508.044,0,22.67,,948.58,0,478.05,0,23.6,93.1,951,0.3,390.497,0,25.65,89.09,960.88,0,,0,23.6,98.1,948.3,0,472.297,0,23.48,96.72,951.66,0,,0,25.25,85.71,960.97,0
2026-07-27 05:46:12,2026-07-27 05:40:00,488.394,0,25.46,88.1,950.28,0,455.502,0,25.84,83.59,953.91,0.1,508.044,0,22.67,,948.55,0,,,,,,,390.496,0,25.59,89.86,961,0,,,,,,,472.297,0,23.49,96.47,951.64,0,,0,25.35,85.71,960.96,0
2026-07-27 05:56:15,2026-07-27 05:50:00,488.394,0,25.48,85.37,950.37,0.2,455.502,0,25.75,82.14,954.06,0.9,508.044,0,22.62,,948.63,0.6,,,,,,,390.493,0,25.52,90.01,961.01,0.9,,,,,,,472.297,0,23.56,96.49,951.63,0,,0,25.27,86.44,960.98,0
2026-07-27 06:06:15,2026-07-27 06:00:00,488.394,0,25.26,87.11,950.4,2.7,455.501,0,25.7,81.81,954.04,4,508.044,0,22.57,,948.65,3.7,478.05,0,23.5,92.6,951.1,4.7,390.498,0,25.5,90.22,961.02,4.3,,0,23.7,97,948.3,3.2,472.297,0,23.46,96.7,951.67,3.3,,0,25.38,83.96,961.06,2.8
2026-07-27 06:16:13,2026-07-27 06:10:00,488.394,0,24.98,86.93,950.41,10.5,455.501,0,25.7,83.91,953.99,13.7,508.043,0,22.66,,948.6,12.6,,,,,,,390.496,0,25.58,89.73,960.99,14.4,,,,,,,472.297,0,23.6,96.71,951.67,12.8,,0,25.72,82.78,961.03,13.1
2026-07-27 06:26:13,2026-07-27 06:20:00,488.394,0,25.22,85.85,950.41,39,455.502,0,25.76,83.19,954.06,46.3,508.044,0,22.71,,948.71,33.9,,,,,,,390.496,0,25.65,89.75,961.01,29.8,,,,,,,472.297,0,23.81,96.86,951.66,42,,0,25.7,85.34,961.09,39.8
2026-07-27 06:36:13,2026-07-27 06:30:00,488.394,0,25.17,86.63,950.51,48.2,455.502,0,26.01,82.36,954.24,60.1,508.044,0,22.73,,948.83,58.4,478.05,0,23.9,93.4,951.3,75.4,390.498,0,25.82,89.61,961.17,52.5,,0,23.8,96.8,948.5,32.7,472.297,0,24.07,96.37,951.81,35.5,,0,25.83,83.06,961.22,49.9
2026-07-27 06:46:13,2026-07-27 06:40:00,488.394,0,25.48,86.49,950.56,68.8,455.501,0,26.16,81.48,954.22,60.5,508.044,0,22.97,,948.89,61.6,,,,,,,390.5,0,25.91,88.57,961.27,51.1,,,,,,,472.297,0,24.13,96.12,951.87,31.3,,0,25.86,85.95,961.31,43.4
2026-07-27 06:56:13,2026-07-27 06:50:00,488.394,0,25.54,83.21,950.82,47.7,455.502,0,26.34,81.01,954.28,60.7,508.043,0,23.32,,949.06,61.4,,,,,,,390.496,0,26.01,87.97,961.43,52.2,,,,,,,472.297,0,24.24,95.43,951.94,41.5,,0,25.95,86.95,961.46,39.8
2026-07-27 07:06:13,2026-07-27 07:00:00,488.394,0,25.84,83.35,951,73.4,455.502,0,26.41,80.61,954.41,80,508.044,0,23.34,,949.13,58.4,478.05,0,24.5,92.9,951.6,69.6,390.494,0,26.39,87.2,961.51,103.1,,0,24.5,96.5,948.9,67.2,472.297,0,24.55,95.58,952.16,70.3,,0,25.87,86.19,961.61,53.9
2026-07-27 07:16:13,2026-07-27 07:10:00,488.394,0,26.08,84.8,950.82,93.3,455.501,0,26.32,81.81,954.46,100.1,508.043,0,23.47,,949.31,59.2,,,,,,,390.495,0,26.45,86.61,961.58,51.9,,,,,,,472.297,0,25.03,93.93,952.2,110.4,,0,25.96,85.83,961.62,56.3
2026-07-27 07:26:12,2026-07-27 07:20:00,488.394,0,26.65,84.68,950.82,211.6,455.501,0,26.71,79.99,954.57,309.1,508.044,0,23.79,,949.31,88.4,,,,,,,390.493,0,26.46,86.6,961.69,49.2,,,,,,,472.29,0,26.33,89.5,952.26,135,,0,26.24,85.65,961.81,57.6
2026-07-27 07:36:12,2026-07-27 07:30:00,488.394,0,26.31,84.43,950.92,120.3,455.501,0,27.29,77.54,954.75,357.3,508.043,0,23.85,,949.54,138.4,478.05,0,25.7,90.7,952,118.8,390.496,0,26.94,85.58,961.86,246,,0,26,90.6,949.1,137.6,472.297,0,26.78,90.46,952.43,113.3,,0,26.68,83.51,961.89,70
2026-07-27 07:46:12,2026-07-27 07:40:00,488.388,0,26.23,85.12,951.11,103.7,455.501,0,27.03,79.28,955.04,115,508.043,0,23.49,,949.63,123.1,,,,,,,390.49,0,27.56,82.66,961.95,273.3,,,,,,,472.303,0,26.71,91.8,952.59,110.7,,0,27.47,82.93,962.12,122.9
2026-07-27 07:56:12,2026-07-27 07:50:00,488.394,0,26.27,82.91,951.19,129.9,455.501,0,27.13,82.21,954.98,209.8,508.043,0,23.93,,949.62,133.5,,,,,,,390.49,0,28.17,81.46,961.93,310.1,,,,,,,472.303,0,26.77,90.84,952.63,114.3,,0,28.37,79.46,962.09,310
2026-07-27 08:06:13,2026-07-27 08:00:00,488.388,0,26.48,85.62,951.16,120.2,455.501,0,27.87,77.88,955.04,491.5,508.043,0,24.4,,949.63,114.1,478.05,0,25.7,91.7,952.1,129.5,390.495,0,28.24,80.17,961.92,339.5,,0,27.4,90.2,949.3,440.6,472.297,0,26.83,88.58,952.58,149.4,,0,28.92,77.84,962.03,190
2026-07-27 08:16:12,2026-07-27 08:10:00,488.388,0,26.75,81.21,951.24,118.6,455.501,0,28.19,76.34,955.03,515.9,508.043,0,24.47,,949.72,113.7,,,,,,,390.497,0,28.43,78.71,962.03,241.2,,,,,,,472.31,0,27.19,88.19,952.61,191.8,,0,29.1,75.49,962.1,155.4
2026-07-27 08:26:12,2026-07-27 08:20:00,488.394,0,27.66,81.86,951.37,118,455.501,0,27.61,77.23,955.12,119.5,508.043,0,24.44,,949.81,108.4,,,,,,,390.488,0,28.94,78.22,962.14,196.4,,,,,,,472.303,0,27.79,85.75,952.7,152.5,,0,28.86,76.63,962.22,208.7
2026-07-27 08:36:13,2026-07-27 08:30:00,488.394,0,27.3,79.65,951.48,121.6,455.494,0,27.32,80.52,955.24,114.8,508.043,0,25.18,,949.86,496.6,478.05,0,28.1,84.6,952.3,519.4,390.49,0,28.95,77.2,962.24,435.5,,0,29.6,76.7,949.6,547,472.303,0,27.94,87.98,952.85,151.7,,0,29.64,75.43,962.33,192.6
2026-07-27 08:46:12,2026-07-27 08:40:00,488.394,0,27.92,78.48,951.57,192.1,455.501,0,27.33,82.67,955.29,151.9,508.056,0,24.9,,949.9,469.5,,,,,,,390.488,0,28.94,77.48,962.22,231,,,,,,,472.309,0,27.86,82.7,952.86,187.8,,0,28.86,76.87,962.36,186.3
2026-07-27 08:56:12,2026-07-27 08:50:00,488.394,0,28.05,77.11,951.63,239,455.494,0,27.74,81.71,955.36,203.7,508.056,0,25.15,,950.02,265,,,,,,,390.496,0,28.7,77.92,962.27,208.2,,,,,,,472.31,0,28.94,84.81,952.96,224.4,,0,28.76,75.54,962.47,207
2026-07-27 09:06:12,2026-07-27 09:00:00,488.388,0,28.82,76.48,951.65,618.8,455.501,0,28.07,80.67,955.41,195.7,508.055,0,25.54,98.47,950.06,220,478.05,0,27.1,87.2,952.5,184.8,390.489,0,28.7,77.98,962.3,248.2,,0,29.6,78.5,949.7,457.7,472.317,0,29.1,84.14,952.97,218.8,,0,29.21,75.63,962.52,242.8
2026-07-27 09:16:13,2026-07-27 09:10:00,488.388,0,29.06,73.48,951.68,663.1,455.501,0,29.16,74.88,955.38,424.6,508.056,0,27.5,86.79,950.05,301.1,,,,,,,390.496,0,28.89,78.64,962.35,600.9,,,,,,,472.317,0,29.48,82.38,953.02,274.7,,0,31.42,69.03,962.49,400.4
2026-07-27 09:26:12,2026-07-27 09:20:00,488.394,0,29.85,72.3,951.83,798.3,455.501,0,30.19,70.61,955.54,821.1,508.055,0,28.21,81.58,950.15,298.5,,,,,,,390.495,0,28.87,78.21,962.45,236.1,,,,,,,472.31,0,30.06,86.93,953.16,275.5,,0,31.97,69.97,962.57,438
2026-07-27 09:36:13,2026-07-27 09:30:00,488.4,0,28.95,72.27,952.02,424.5,455.501,0,30.43,67.98,955.54,935.1,508.055,0,29.89,79.06,950.29,333.9,478.05,0,28.5,88.9,952.7,472.6,390.491,0,29.37,77.14,962.6,255.5,,0,30.7,75.9,950.1,553.4,472.31,0,30,81.06,953.31,283.4,,0,31.88,68.47,962.69,407.6
2026-07-27 09:46:14,2026-07-27 09:40:00,488.394,0,28.7,74.89,952.14,433.7,455.494,0,29.35,72.08,955.73,339.9,508.061,0,29,79.49,950.42,189,,,,,,,390.49,0,29.82,75.59,962.7,291.5,,,,,,,472.317,0,30.43,82.88,953.46,317,,0,31.81,67.58,962.83,323.5
2026-07-27 09:56:12,2026-07-27 09:50:00,488.394,0,28.61,74.82,952.26,337.6,455.501,0,29.16,73.11,955.87,282.2,508.061,0,28.18,80.55,950.59,165.2,,,,,,,390.494,0,30.19,74.91,962.87,290.6,,,,,,,472.31,0,30.4,81.7,953.61,210.5,,0,31.83,68.83,962.95,285.7
2026-07-27 10:06:13,2026-07-27 10:00:00,488.388,0,28.87,75.41,952.29,292.6,455.494,0,29.33,71.86,955.88,399.1,508.055,0,28.04,82.58,950.62,178.1,478.05,0,28.4,86.2,953.1,211,390.489,0,30.35,73.92,962.83,250.9,,0,29.9,77.5,950.3,447,472.316,0,30.08,78.21,953.61,340.1,,0,31.21,67.73,962.98,207.8
2026-07-27 10:16:13,2026-07-27 10:10:00,488.394,0,28.87,77.85,952.33,335.9,455.501,0,29.25,73.75,955.87,305.8,508.055,0,28.56,81.52,950.58,345.6,,,,,,,390.491,0,30.63,73.17,962.79,427.1,,,,,,,472.317,0,30.84,76.79,953.61,295.7,,0,31.12,67.58,962.91,278.7
2026-07-27 10:26:19,2026-07-27 10:20:00,488.394,0,28.99,75.05,952.3,406.2,455.501,0,29.45,73.91,955.82,372.4,508.055,0,29.1,79.04,950.55,443.8,,,,,,,390.493,0,31.17,71.57,962.69,423.8,,,,,,,472.317,0,30.6,74.84,953.6,271.6,,0,32.51,66.52,962.8,482.4
2026-07-27 10:36:11,2026-07-27 10:30:00,488.394,0,29.39,75.41,952.21,473.6,455.494,0,29.51,73.75,955.86,350.5,508.055,0,29.68,79.08,950.52,491.3,478.05,0,29.8,82.3,953,403.6,390.494,0,31.42,70.26,962.81,363.5,,0,30.5,77,950.3,765.4,472.317,0,30.88,80.84,953.59,311.8,,0,32.1,67.8,962.93,347.9
2026-07-27 10:46:12,2026-07-27 10:40:00,488.394,0,29.94,74.95,952.3,518.9,455.501,0,30.32,70.81,955.86,448.2,508.057,0,30.73,75.22,950.5,1023.1,,,,,,,390.491,0,31.75,68.53,962.73,474.9,,,,,,,472.316,0,31.47,78.45,953.64,318.5,,0,31.97,66.17,962.89,299.2
2026-07-27 10:56:12,2026-07-27 10:50:00,488.388,0,29.84,72.6,952.22,423.8,455.494,0,30.67,71.97,955.79,402.4,508.061,0,31.46,74.5,950.44,621.2,,,,,,,390.491,0,31.83,68.63,962.77,311.6,,,,,,,472.317,0,30.67,77.11,953.58,278.4,,0,31.61,68.71,962.9,278.8
2026-07-27 11:06:11,2026-07-27 11:00:00,488.408,0,30,73.02,952.17,485.1,455.494,0,30.52,69.58,955.72,474.4,508.068,0,31.27,74.91,950.43,491.7,478.05,0,29.7,81.5,953,520.4,390.494,0,31.68,69.85,962.77,320.4,,0,29.3,76.3,950.2,304.1,472.317,0,30.89,76.74,953.53,290.2,,0,32.24,66.59,962.82,378.5
2026-07-27 11:16:15,2026-07-27 11:10:00,488.394,0,29.88,74.24,952.15,377.1,455.494,0,30.87,71.39,955.68,416,508.061,0,31.78,72.32,950.4,623.8,,,,,,,390.49,0,31.84,68.47,962.72,387.1,,,,,,,472.31,0,31.14,83.73,953.49,348.5,,0,32.72,67.61,962.75,347.2
2026-07-27 11:26:12,2026-07-27 11:20:00,488.388,0,29.88,73.13,952.11,433.2,455.494,0,30.27,70.04,955.71,380,508.061,0,31.13,74.55,950.4,340.3,,,,,,,390.489,0,31.95,68.32,962.63,347,,,,,,,472.317,0,31.5,78.57,953.52,282.5,,0,32.89,65.11,962.72,312.2
2026-07-27 11:36:13,2026-07-27 11:30:00,488.394,0,30.39,72.32,952.15,681.6,455.494,0,30.64,72.77,955.65,639.9,508.061,0,30.65,77.06,950.34,620.6,478.05,0,29.7,85.5,952.9,465.2,390.496,0,31.87,67.23,962.59,300.7,,0,30.9,78,950.1,469.8,472.31,0,31.54,74.73,953.42,325.6,,0,32.5,64.58,962.72,308.4
2026-07-27 11:46:12,2026-07-27 11:40:00,488.408,0,31.14,67.59,952.04,755.9,455.5,0,30.93,68.56,955.64,592.7,508.061,0,32.3,72.36,950.22,500.2,,,,,,,390.494,0,32.03,67.99,962.57,300.3,,,,,,,472.317,0,33.13,74.24,953.32,436.8,,0,33.39,62.87,962.62,516.2
2026-07-27 11:56:13,2026-07-27 11:50:00,488.394,0,31.04,68.95,952.02,398.7,455.5,0,31.59,65,955.51,485.1,508.067,0,30.52,74.24,950.17,367.8,,,,,,,390.493,0,32.22,66.45,962.51,389.2,,,,,,,472.317,0,31.64,77.55,953.37,181.4,,0,34.51,62.88,962.56,595.1
2026-07-27 12:06:11,2026-07-27 12:00:00,488.388,0,29.85,72.4,951.94,184,455.494,0,31.13,70.79,955.46,270.8,508.054,0,30.76,77.22,950.06,266.3,478.05,0,30.1,83.7,952.6,427.7,390.496,0,32.4,66.85,962.32,427.2,,0,29.5,81.4,950,167.1,472.317,0,30.2,79.59,953.33,146.9,,0,33.92,64.38,962.44,223.6
2026-07-27 12:16:13,2026-07-27 12:10:00,488.387,0,29.32,75.85,951.74,219,455.494,0,30.48,72.27,955.21,271.2,508.068,0,29.75,80.98,949.92,209.7,,,,,,,390.493,0,32.49,65.6,962.08,364.7,,,,,,,472.31,0,30.13,81.12,953.06,225.5,,0,32.62,66.77,962.19,240
2026-07-27 12:26:12,2026-07-27 12:20:00,488.38,0,29.32,76.91,951.55,236.3,455.494,0,30.08,74.14,955.05,292.8,508.061,0,30.53,76.22,949.72,389.8,,,,,,,390.5,0,32.32,67.52,961.88,232.4,,,,,,,472.31,0,31.05,75.85,952.8,387.9,,0,32.62,66.86,962.01,327.4
2026-07-27 12:36:11,2026-07-27 12:30:00,488.38,0,29.76,76.03,951.36,404.4,455.494,0,30.04,73.71,954.84,403.7,508.061,0,31.91,74.39,949.56,548,478.05,0,29.3,86.5,952.1,485.8,390.498,0,32.17,66.65,961.71,329.3,,0,30.4,73.3,949.3,258.3,472.31,0,31.9,76.01,952.71,324.2,,0,33.41,62.64,961.76,452.6
2026-07-27 12:46:14,2026-07-27 12:40:00,488.375,0,30.6,72.29,951.2,418.2,455.494,0,31.38,69.68,954.66,560.9,508.061,0,32.11,71.04,949.35,499.3,,,,,,,390.5,0,31.94,67.88,961.59,383.7,,,,,,,472.317,0,30.54,78.12,952.62,194.2,,0,34.49,64.65,961.66,672.7
2026-07-27 12:56:17,2026-07-27 12:50:00,488.368,0,30.11,73.48,951.06,263.1,455.494,0,31.58,71.22,954.59,373.2,508.067,0,32.84,73.48,949.21,373.8,,,,,,,390.496,0,31.34,68.26,961.47,396.7,,,,,,,472.31,0,30.51,80.92,952.43,310.9,,0,33.88,59.05,961.59,390.9
2026-07-27 13:16:13,2026-07-27 13:10:00,488.375,0,29.46,73.91,950.84,240.4,455.494,0,30.22,76.64,954.35,231,508.061,0,30.26,77.46,949.03,212.4,,,,,,,390.484,0,30.34,71.61,961.15,153.8,,,,,,,472.317,0,30.74,75.05,952.15,182.3,,0,32.51,63.78,961.22,304.8
2026-07-27 13:26:13,2026-07-27 13:20:00,488.381,0,29.84,75.43,950.67,310.5,455.494,0,30.39,74.7,954.17,392.6,508.061,0,30.25,80.43,948.82,308.2,,,,,,,390.495,0,30.49,71.59,960.99,267.5,,,,,,,472.31,0,29.82,81.12,952.04,151.3,,0,32.47,67.6,961.02,264.1
2026-07-27 13:46:12,2026-07-27 13:40:00,488.368,0,30.49,73.5,950.3,258.1,455.494,0,30.62,73.35,953.77,314.8,508.061,0,31.37,70.9,948.44,385.9,,,,,,,390.493,0,30.83,70.71,960.62,268.8,,,,,,,472.31,0,31.14,80.82,951.63,295.9,,0,32.12,65.26,960.59,309.7
2026-07-27 13:56:13,2026-07-27 13:50:00,488.381,0,30.7,72.38,950.17,292.3,455.494,0,30.99,71.44,953.57,334.1,508.061,0,31.23,71.97,948.28,376.2,,,,,,,390.49,0,30.59,71.8,960.52,272,,,,,,,472.31,0,31.12,71.94,951.5,228.3,,0,32.3,64.81,960.48,302.8
2026-07-27 14:06:12,2026-07-27 14:00:00,488.374,0,30.95,73.04,949.95,270.4,455.5,0,31.14,73.24,953.4,284.8,508.054,0,31.58,68.05,948.1,1009,478.05,0,29.2,85.1,950.7,432.3,390.494,0,30.79,71.32,960.35,330.5,,0,30,84.3,947.9,224.5,472.31,0,30.84,82.57,951.33,206.5,,0,32.33,67.48,960.33,264.2
2026-07-27 14:26:13,2026-07-27 14:20:00,488.38,0,30.21,73.31,949.71,337,455.494,0,30.88,69.43,953.19,388.5,508.063,0,33.65,67.78,947.81,537.2,,,,,,,390.5,0,30.84,71.43,960.16,267.1,,,,,,,472.31,0,30.39,79.75,950.96,237.8,,0,32.55,63.78,959.99,291.4
2026-07-27 14:36:12,2026-07-27 14:30:00,488.394,0,30.94,73.5,949.45,423.2,455.494,0,31.29,69.91,952.98,405.1,508.061,0,33.05,63.09,947.63,834.3,478.04,0,31.3,74.7,950.2,613.7,390.497,0,31.46,67.42,959.85,393.6,,0,30.4,75.6,947.4,314.9,472.31,0,31.36,77.79,950.74,289.7,,0,32.99,64.86,959.78,370.7
2026-07-27 14:46:14,2026-07-27 14:40:00,488.401,0,31.2,68.38,949.13,556.6,455.494,0,32.43,68.28,952.72,537.3,508.067,0,33.15,69.88,947.37,645.8,,,,,,,390.502,0,31.95,66.13,959.55,468.8,,,,,,,472.31,0,32.04,77.17,950.59,267.1,,0,34.32,61.52,959.57,970.1
2026-07-27 15:06:12,2026-07-27 15:00:00,488.387,0,31.34,69.92,949.05,322.4,455.494,0,33.63,64.85,952.54,313.9,508.066,0,33.28,69.85,947.24,344.1,478.05,0,31.8,81.8,949.9,323.9,390.498,0,32.97,63.87,959.5,424.5,,0,30.6,77.4,947.2,313.9,472.31,0,32.08,77.45,950.46,264.6,,0,33.85,58.26,959.51,254.8
2026-07-27 15:16:12,2026-07-27 15:10:00,488.408,0,31.08,69.08,949.05,489.9,455.494,0,32.26,69.11,952.57,278.1,508.061,0,31.52,75.2,947.29,287.8,,,,,,,390.496,0,32.59,63.11,959.49,430.6,,,,,,,472.31,0,31.63,76.72,950.52,223.6,,0,33.44,61.89,959.52,230.5
2026-07-27 15:26:16,2026-07-27 15:20:00,488.375,0,30.81,72.17,949.06,241.4,455.494,0,31.05,69.3,952.53,261.5,508.061,0,31.41,75.95,947.22,248.4,,,,,,,390.503,0,33.01,61.87,959.38,329.8,,,,,,,472.31,0,30.53,79.59,950.45,182.7,,0,32.82,62.31,959.37,214.8
2026-07-27 15:36:13,2026-07-27 15:30:00,488.38,0,30.94,72.42,948.95,324.7,455.494,0,30.83,71.84,952.45,286.6,508.061,0,31.41,78.22,947.15,239.8,478.05,0,29.2,84.5,949.8,289.5,390.493,0,32.62,63.01,959.36,377.9,,0,30.6,81.5,947,233,472.31,0,31.83,78.57,950.34,251.7,,0,32.7,63.41,959.2,221.4
2026-07-27 15:46:18,2026-07-27 15:40:00,488.426,0,32.17,68.52,948.9,867.9,455.494,0,31.1,70.16,952.41,605.2,508.054,0,31.68,76.66,947.02,645,,,,,,,390.504,0,32.56,63.98,959.31,201.1,,,,,,,472.309,0,31.36,79.52,950.36,174.9,,0,32.7,65.76,959.21,227.8
2026-07-27 15:56:11,2026-07-27 15:50:00,488.375,0,30.76,74.16,948.91,200.7,455.494,0,31.02,69.51,952.35,295,508.054,0,33.27,69.84,947.03,388.1,,,,,,,390.496,0,32.27,64.45,959.25,487.8,,,,,,,472.31,0,30.74,83.12,950.38,130.6,,0,32.45,63.02,959.16,184
2026-07-27 16:06:12,2026-07-27 16:00:00,488.375,0,30.46,71.91,948.82,220.9,455.494,0,30.83,74.2,952.29,217.4,508.067,0,33.15,70.34,946.94,328.5,478.05,0,31.1,76.8,949.6,297.6,390.504,0,32.06,65.44,959.2,156.1,505.16,1.4,27.9,88.6,947.1,330.5,472.317,0,29.33,82.34,950.34,172.4,,0,32.47,64.45,959.14,170.1
2026-07-27 16:26:12,2026-07-27 16:20:00,488.42,0,31.85,70.89,948.65,317.6,455.494,0,32.07,67.76,952.19,477.6,508.061,0,31.34,74.57,946.77,182.7,,,,,,,390.493,0,31.31,71.62,959.1,158.6,,,,,,,472.303,0.2,32.31,81.37,950.14,374.5,,0,32.28,67.64,959.02,153.4
2026-07-27 16:36:12,2026-07-27 16:30:00,488.42,0,31.97,70.3,948.57,594.4,455.494,0,31.95,67.69,952.07,548.8,508.061,0,30.84,77.75,946.72,198.1,478.05,0,29.6,83.3,949.4,304.8,390.505,0,30.32,74.38,959.03,126.1,,1.4,32.1,75.3,946.8,211.4,472.304,0.2,33.07,74.98,950.13,170.6,,0,31.6,70.29,958.99,216
2026-07-27 16:46:13,2026-07-27 16:40:00,488.426,0,31.28,72.58,948.57,307.6,455.494,0,32.34,66.37,952,299.1,508.061,0,30.82,78.82,946.65,181,,,,,,,390.495,0,29.67,77.56,958.84,123.4,,,,,,,472.309,0.2,30.95,79.24,950.03,186.5,,0,33.32,63.35,958.82,441.5
2026-07-27 16:56:14,2026-07-27 16:50:00,488.414,0,31.04,71.76,948.39,337.5,455.494,0,32.02,68.84,951.83,390.3,508.061,0,30.47,80.28,946.47,130.2,,,,,,,390.501,0,29.94,75.06,958.82,110.4,,,,,,,472.297,0.2,31.81,78.79,949.96,421.8,,0,33.39,64.67,958.76,223.8
2026-07-27 17:06:12,2026-07-27 17:00:00,488.413,0,30.59,71.39,948.31,164.7,455.494,0,31.41,69.65,951.85,288.6,508.061,0,29.92,79.77,946.56,131.9,478.05,0,29.8,81.3,949.2,317.2,390.502,0,30.31,73.67,958.84,106.5,,1.4,29.7,83.4,946.5,184.3,472.31,0.2,31.22,80.82,949.84,140.3,,0,32.19,68.44,958.71,214.9
2026-07-27 17:16:14,2026-07-27 17:10:00,488.362,0,29.97,78.31,948.35,107.4,455.494,0,30.97,71.15,951.81,129.4,508.061,0,29.68,78.95,946.5,122.5,,,,,,,390.508,0,30.19,71.06,958.77,95.6,,,,,,,472.31,0,29.83,81.85,949.84,118.5,,0,31.02,72.86,958.65,152.4
2026-07-27 17:26:12,2026-07-27 17:20:00,488.356,0,29.6,78.49,948.43,83.6,455.494,0,30.27,75.47,951.92,93.2,508.068,0,29.51,78.62,946.49,91.4,,,,,,,390.513,0,30.35,72.34,958.79,82.9,,,,,,,472.31,0,29.37,87.94,949.9,76.3,,0,30.55,72.61,958.76,104.9
2026-07-27 17:36:11,2026-07-27 17:30:00,488.348,0,29.52,78.33,948.55,65,455.494,0,29.79,74.06,952.03,68.3,508.061,0,29.3,77.64,946.68,59.8,478.05,0,28.6,83.3,949.3,78.7,390.509,0,30.35,73.03,959.05,69.5,,0,27.2,91,946.8,42.2,472.317,0,28.21,86.38,950.07,41,,0,30.13,74.19,958.9,75.5
2026-07-27 17:46:14,2026-07-27 17:40:00,488.348,0,29.28,79.8,948.63,53.4,455.494,0,29.53,74.35,952.05,57,508.061,0,28.8,78.97,946.7,59.5,,,,,,,390.5,0,30.18,72.8,958.94,54.4,,,,,,,472.31,0,27.76,88.96,950.17,43.3,,0,29.78,75.54,958.94,50.1
2026-07-27 17:56:14,2026-07-27 17:50:00,488.349,0,29.08,77.56,948.55,55.8,455.494,0,29.34,75.21,952.01,56.7,508.055,0,28.17,85.44,946.75,50.8,,,,,,,390.504,0,29.99,74.67,959.08,41.4,,,,,,,472.31,0,27.28,86.18,950.14,38.7,,0,29.24,76.19,958.91,42.1
2026-07-27 18:06:13,2026-07-27 18:00:00,488.355,0,28.92,81.05,948.48,51.3,455.494,0,29.17,77.97,952,57.7,508.062,0,28.29,79.84,946.72,45.8,478.05,0,27.9,84.7,949.3,59.1,390.509,0,29.22,75.29,958.94,32.3,,0,26.6,95,946.7,39.1,472.31,0,27.09,88.28,950.06,39,,0,28.68,77.62,958.9,40.3
2026-07-27 18:16:13,2026-07-27 18:10:00,488.348,0,28.75,79.45,948.43,50.4,455.494,0,28.93,76.56,951.97,54.8,508.055,0,28.34,82.08,946.7,45.1,,,,,,,390.51,0,29.08,75.95,959,32.4,,,,,,,472.31,0,27.12,86.91,950.1,40.1,,0,28.73,78.71,958.95,36.2
2026-07-27 18:26:14,2026-07-27 18:20:00,488.349,0,28.61,78.92,948.66,45.7,455.494,0,28.79,76.7,952.14,50.7,508.056,0,27.77,83.85,946.89,37.8,,,,,,,390.505,0,29.34,74.81,959.22,22.8,,,,,,,472.304,0,27.15,90.62,950.24,36.8,,0,28.73,79.14,959.1,31
2026-07-27 18:36:12,2026-07-27 18:30:00,488.349,0,28.58,78.11,949.02,31.3,455.494,0,28.67,76.44,952.48,35.2,508.056,0,27.91,81.21,947.24,30.7,478.05,0,27.6,85.8,949.9,34.9,390.514,0,29.44,75.47,959.64,12.9,,0.4,26.4,96.7,947.1,30.5,472.303,0,27.04,91.07,950.56,30.3,,0,28.73,79.67,959.56,18.9
2026-07-27 18:46:13,2026-07-27 18:40:00,488.349,0,28.48,76.21,949.36,19,455.494,0,28.59,77.72,952.89,21.6,508.056,0,28.12,81.03,947.47,22.9,,,,,,,390.511,0,29.27,77.15,959.71,12.1,,,,,,,472.303,0,26.67,92.04,950.86,16,,0,28.69,78.04,959.7,11.5
2026-07-27 18:56:14,2026-07-27 18:50:00,488.343,0,28.39,75.72,949.23,13.2,455.494,0,28.53,76.48,952.66,17.6,508.056,0,27.79,81.43,947.19,19.5,,,,,,,390.505,0,29.01,78.6,959.48,7.4,,,,,,,472.303,0,26.36,92.35,950.8,9.8,,0,28.8,76.65,959.44,10.9
2026-07-27 19:06:14,2026-07-27 19:00:00,488.343,0,28.2,78.48,949.12,2.8,455.495,0,28.26,77.32,952.56,3.6,508.049,0,27.54,81.31,947.32,3.1,478.05,0,27,84.4,949.9,4.2,390.514,0,28.49,80.91,959.69,1.8,,0.4,25.5,96.4,947.1,0.8,472.304,0,26.02,91.6,950.54,1.6,,0,28.96,74.4,959.5,1.8
2026-07-27 19:16:13,2026-07-27 19:10:00,488.343,0,28.22,78.03,949.33,0,455.494,0,28.32,75.73,952.83,0.3,508.056,0,27.28,83.26,947.29,0,,,,,,,390.516,0,28.34,82.43,959.73,0.1,,,,,,,472.303,0,25.74,90.19,950.72,0,,0,28.76,73.87,959.58,0
2026-07-27 19:26:13,2026-07-27 19:20:00,488.343,0,28.15,76.78,949.55,0,455.494,0,28.25,76.2,953.07,0.1,508.056,0,27.39,79.71,947.52,0,,,,,,,390.516,0,28.48,83.06,960.1,0,,,,,,,472.31,0,25.95,88.19,951.02,0,,0,28.65,73.47,959.95,0
2026-07-27 19:36:13,2026-07-27 19:30:00,488.343,0,27.96,80.56,949.86,0,455.494,0,28.45,74.45,953.3,0.1,508.056,0,27.58,80.85,947.81,0,478.05,0,26.7,84.2,950.5,0.2,390.516,0,28.49,83.16,960.45,0,,0,25.5,91.8,947.8,0,472.31,0,25.93,86.58,951.2,0,,0,28.4,76.47,960.23,0
2026-07-27 19:46:15,2026-07-27 19:40:00,488.343,0,28.07,81.37,950.12,0,455.495,0,28.41,76.14,953.56,0.1,508.056,0,27.66,78.4,948.12,0,,,,,,,390.514,0,28.35,83.61,960.68,0,,,,,,,472.31,0,26.03,87.96,951.53,0,,0,28.28,78.23,960.56,0
2026-07-27 19:56:12,2026-07-27 19:50:00,488.343,0,27.85,79.54,950.14,0,455.495,0,28.09,78.56,953.57,0.1,508.056,0,27.39,79.93,948.28,0,,,,,,,390.515,0,28.15,83.77,960.61,0,,,,,,,472.31,0,26.13,86.83,951.51,0,,0,28.01,81.63,960.55,0
2026-07-27 20:06:14,2026-07-27 20:00:00,488.337,0,26.76,88.18,950.25,0,455.494,0,27.7,79.22,953.66,0.1,508.056,0,26.92,81.94,948.44,0,478.05,0,26.4,87.3,951.1,0.2,390.514,0,28.05,83.58,960.64,0,,0.4,24.4,98.3,948.4,0,472.303,0.8,24.86,94.19,951.84,0,,0,27.76,82.5,960.63,0
2026-07-27 20:16:12,2026-07-27 20:10:00,488.336,0,26.46,87.12,950.44,0,455.494,0,26.44,85.3,954,0.1,508.056,0,26.31,88.33,948.61,0,,,,,,,390.517,0,27.96,84.41,961.08,0,,,,,,,472.303,1.4,24.13,95.61,952.17,0,,0,27.71,82.5,961.06,0
2026-07-27 20:26:12,2026-07-27 20:20:00,488.337,0,26.73,87.47,950.7,0,455.494,0,26.16,86.67,954.32,0.1,508.056,0,25.28,92.29,948.9,0,,,,,,,390.517,0,27.79,86.26,961.53,0,,,,,,,472.304,1.8,24.23,96.14,952.29,0,,0,27.83,78.65,961.36,0
2026-07-27 20:36:15,2026-07-27 20:30:00,488.337,0,26.44,90.98,950.9,0,455.494,0,25.58,88.9,954.53,0.1,508.05,0,24.78,93.74,949.13,0,478.05,0,26,86.6,951.8,0.2,390.516,0,27.9,85.53,961.59,0,,3.2,24.1,99.6,949,0,472.297,2,24.24,96.41,952.4,0,,0,27.03,82.52,961.53,0
2026-07-27 20:46:13,2026-07-27 20:40:00,488.337,0,25.84,91.96,951.18,0,455.494,0,25.32,89.24,954.76,0.2,508.05,0,24.68,95.08,949.28,0,,,,,,,390.527,0,27.99,81.7,961.74,0,,,,,,,472.297,2,24.25,96.47,952.62,0,,0.2,26.51,86.76,961.68,0
2026-07-27 20:56:12,2026-07-27 20:50:00,488.337,0,25.45,94.52,951.31,0,455.495,0,25.35,89.76,954.92,0.1,508.05,0,24.77,95.77,949.52,0,,,,,,,390.511,0.8,27.52,84.83,961.85,0,,,,,,,472.297,2,24.34,96.55,952.7,0,,0.4,26.26,87.59,961.78,0
2026-07-27 21:06:13,2026-07-27 21:00:00,488.337,0,25.33,94.64,951.53,0,455.494,0,25.45,90.5,955.02,0.2,508.05,0,24.67,95.47,949.6,0,478.05,0,25.5,89.7,952.2,0.2,390.513,1.4,26.76,89.85,961.89,0,,5.2,24.1,99.9,949.5,0,472.297,2.6,24.25,96.64,952.83,0,,0.6,26.16,89.86,961.76,0
2026-07-27 21:16:13,2026-07-27 21:10:00,488.337,0.2,25.31,91.04,951.48,0,455.494,0.2,25.04,91.51,954.99,0.1,508.043,0,24.6,94.7,949.66,0,,,,,,,390.511,0.8,26.28,93.15,961.86,0,,,,,,,472.297,0.4,24.3,96.71,952.87,0,,0.2,26.07,90.51,961.87,0
2026-07-27 21:26:12,2026-07-27 21:20:00,488.337,0.2,25.49,96.09,951.46,0,455.495,0.4,25.09,91.2,955.06,0.1,508.05,0.2,24.41,95.05,949.68,0,,,,,,,390.518,1,26.08,93.75,961.98,0,,,,,,,472.297,0.6,24.27,96.77,952.89,0,,0.4,26.06,90.34,961.95,0
2026-07-27 21:36:12,2026-07-27 21:30:00,488.337,0.4,25.21,97.12,951.33,0,455.495,0.4,24.97,91.5,955.02,0.1,508.043,0.2,24.26,95.66,949.67,0,478.05,0,25.1,92.6,952.2,0.2,390.523,1,26.25,94.24,962.08,0,,0.8,23.9,100,949.5,0,472.297,1,24.17,96.82,952.84,0,,0.4,25.93,91.09,962.03,0
2026-07-27 21:46:13,2026-07-27 21:40:00,488.33,0.8,24.81,97.06,951.47,0,455.495,0.6,24.68,91.83,955.12,0.1,508.05,0.2,24.26,96.04,949.74,0,,,,,,,390.524,1,26.2,94.33,962.06,0,,,,,,,472.297,1,24.03,96.79,952.89,0,,0.6,25.87,91.22,961.93,0
2026-07-27 21:56:12,2026-07-27 21:50:00,488.33,1,24.9,97.41,951.58,0,455.494,0.8,24.78,91.98,955.24,0.1,508.043,0.2,24.31,96.38,949.82,0,,,,,,,390.522,1,26.35,94.14,962.09,0,,,,,,,472.297,1,23.99,96.91,952.93,0,,0.6,25.85,91.93,962,0
2026-07-27 22:06:14,2026-07-27 22:00:00,488.33,1.2,24.87,97.49,951.6,0,455.495,1,24.77,92.24,955.29,0.1,508.043,0.2,24.24,96.6,949.79,0,478.05,0,24.9,93.4,952.5,0.2,390.522,1,26.3,94.15,962.28,0,,0.8,23.8,100,949.7,0,472.297,1,24,96.94,953.09,0,,0.6,25.7,91.21,962.15,0
2026-07-27 22:16:13,2026-07-27 22:10:00,488.33,0,24.66,97.54,951.7,0,455.501,0,24.68,92.51,955.41,0.2,508.044,0,24.13,96.09,949.95,0,,,,,,,390.525,0,26.25,94.38,962.41,0,,,,,,,472.297,0,23.97,96.98,953.15,0,,0.2,25.76,91.63,962.36,0
2026-07-27 22:26:12,2026-07-27 22:20:00,488.33,0,24.62,97.07,951.71,0,455.495,0,24.53,92.75,955.4,0.1,508.043,0,24.05,96.37,949.93,0,,,,,,,390.522,0,26.21,94.45,962.31,0,,,,,,,472.297,0,23.87,97,953.12,0,,0.2,25.85,91.65,962.23,0
2026-07-27 22:36:13,2026-07-27 22:30:00,488.33,0,24.67,96.43,951.73,0,455.495,0,24.46,92.9,955.4,0.2,508.044,0,24.1,97.18,949.95,0,478.05,0.2,24.6,93.3,952.5,0.2,390.523,0,26.25,94.32,962.42,0,,0,23.6,100,949.7,0,472.297,0,23.87,97.02,953.13,0,,0.2,25.78,91.52,962.3,0
2026-07-27 22:46:13,2026-07-27 22:40:00,488.33,0,24.6,96.71,951.78,0,455.495,0,24.36,92.48,955.44,0.1,508.044,0,24,96.77,949.97,0,,,,,,,390.523,0,26.16,94.15,962.3,0,,,,,,,472.297,0,23.83,97.03,953.27,0,,0.2,25.7,91.31,962.27,0
2026-07-27 22:56:13,2026-07-27 22:50:00,488.33,0,24.67,97.21,951.91,0,455.495,0,24.46,92.66,955.57,0.2,508.043,0,23.89,96.93,950.07,0,,,,,,,390.525,0,26.18,94.53,962.57,0,,,,,,,472.297,0,23.88,97.08,953.34,0,,0.2,25.66,91.46,962.43,0
2026-07-27 23:06:12,2026-07-27 23:00:00,488.33,0,24.62,97.3,951.95,0,455.495,0,24.46,92.32,955.55,0.2,508.043,0,23.92,97.16,950.17,0,478.05,0.2,24.5,93.8,952.8,0.2,390.525,0,26.23,94.43,962.49,0,,0,23.6,100,950,0,472.297,0.2,23.88,97.12,953.35,0,,0.2,25.66,91.12,962.4,0
2026-07-27 23:16:13,2026-07-27 23:10:00,488.33,0,24.62,96.62,951.94,0,455.495,0,24.58,92.03,955.5,0.1,508.043,0,23.88,97.05,950.19,0,,,,,,,390.525,0,26.24,93.53,962.53,0,,,,,,,472.297,0,23.83,97.13,953.28,0,,0,25.72,91.83,962.39,0
2026-07-27 23:26:13,2026-07-27 23:20:00,488.33,0,24.53,96.56,951.9,0,455.495,0,24.81,92.08,955.51,0.2,508.043,0,23.83,97.03,950.14,0,,,,,,,390.523,0,26.27,93.76,962.58,0,,,,,,,472.297,0,23.79,97.09,953.33,0,,0,25.69,92.03,962.51,0
2026-07-27 23:36:12,2026-07-27 23:30:00,488.323,0,24.56,96.82,951.94,0,455.495,0,24.84,91.63,955.47,0.1,508.043,0,23.79,96.8,950.03,0,478.05,0,24.3,93.8,952.7,0.2,390.527,0,26.3,93.52,962.62,0,,0,23.6,100,949.9,0,472.297,0,23.7,97.08,953.26,0,,0,25.66,91.93,962.56,0
2026-07-27 23:46:12,2026-07-27 23:40:00,488.33,0,24.44,96.91,951.86,0,455.495,0,25.18,90.15,955.43,0.2,508.044,0,23.78,96.51,950.05,0,,,,,,,390.523,0,26.21,93.58,962.53,0,,,,,,,472.297,0,23.8,97.12,953.18,0,,0,25.69,92.3,962.44,0
2026-07-27 23:56:12,2026-07-27 23:50:00,488.324,0,24.44,97.29,951.86,0,455.495,0,25.7,85.76,955.41,0.2,508.044,0,23.88,97.29,950.05,0,,,,,,,390.524,0,26.18,93.82,962.42,0,,,,,,,472.297,0,23.67,97.09,953.24,0,,0,25.62,91.74,962.42,0
2026-07-28 00:06:13,2026-07-28 00:00:00,488.323,0,24.32,96.93,951.87,0,455.501,0,26.52,83.38,955.42,0.1,508.043,0,23.82,97.05,949.99,0,478.05,0,24.2,93.9,952.6,0.2,390.524,0,26.2,94.03,962.48,0,,0,23.5,100,949.8,0,472.297,0,23.73,97.13,953.15,0,,0,25.61,90.81,962.35,0
2026-07-28 00:16:12,2026-07-28 00:10:00,488.324,0,24.4,97.19,951.72,0,455.495,0,26.34,83.18,955.25,0.1,508.044,0,23.79,96.61,949.81,0,,,,,,,390.523,0,26.16,93.97,962.32,0,,,,,,,472.297,0,23.67,97.03,953.12,0,,0,25.7,91.07,962.23,0
2026-07-28 00:26:13,2026-07-28 00:20:00,488.323,0,24.32,96.76,951.6,0,455.495,0,26.34,84.68,955.26,0.1,508.044,0,23.72,97.2,949.74,0,,,,,,,390.525,0,26.16,94.04,962.26,0,,,,,,,472.297,0,23.59,96.98,953.04,0,,0,25.59,90.66,962.21,0
2026-07-28 00:36:14,2026-07-28 00:30:00,488.324,0,24.22,96.97,951.47,0,455.495,0,26.34,87.04,955.14,0.1,508.043,0,23.7,97.42,949.68,0,478.05,0,24.1,94,952.3,0.2,390.527,0,26.12,93.71,962.04,0,,0,23.6,100,949.4,0,472.297,0,23.62,97,952.82,0,,0,25.65,90.82,962.04,0
2026-07-28 00:46:12,2026-07-28 00:40:00,488.323,0,24.27,97.63,951.41,0,455.495,0,25.89,86.83,954.96,0.1,508.044,0,23.61,97.57,949.59,0,,,,,,,390.528,0,26.16,93.58,961.94,0,,,,,,,472.297,0,23.69,97.05,952.74,0,,0,25.66,91.1,961.93,0
2026-07-28 00:56:13,2026-07-28 00:50:00,488.324,0,24.26,97.17,951.36,0,455.495,0,26.44,86.64,954.92,0.1,508.044,0,23.58,97.36,949.51,0,,,,,,,390.527,0,26.18,93.23,961.92,0,,,,,,,472.303,0,23.65,97.01,952.63,0,,0,25.53,86.65,961.85,0
2026-07-28 01:06:13,2026-07-28 01:00:00,488.323,0,24.57,95.48,951.23,0,455.495,0,26.13,86.06,954.72,0.1,508.043,0,23.64,97.13,949.35,0,478.05,0,24,94.2,952,0.2,390.527,0,26.11,93.27,961.82,0,,0,23.6,99.8,949.2,0,472.297,0,23.5,96.94,952.54,0,,0,25.82,86.09,961.73,0
2026-07-28 01:16:13,2026-07-28 01:10:00,488.324,0,24.67,95.02,951.1,0,455.495,0,26.38,83.27,954.62,0.1,508.044,0.2,23.52,97.12,949.34,0,,,,,,,390.528,0,26.1,93.06,961.69,0,,,,,,,472.297,0,23.55,96.95,952.41,0,,0,26.06,83.4,961.61,0
2026-07-28 01:26:14,2026-07-28 01:20:00,488.317,0,24.77,94.99,951.02,0,455.495,0,26.4,82.22,954.49,0.1,508.043,0.2,23.52,97.42,949.28,0,,,,,,,390.527,0,26.01,93.01,961.65,0,,,,,,,472.297,0,23.52,96.83,952.3,0,,0,26.19,84.17,961.56,0
2026-07-28 01:36:15,2026-07-28 01:30:00,488.317,0,24.91,88.86,951.03,0,455.495,0,26.45,81.38,954.52,0.1,508.043,0.2,23.54,97.54,949.19,0,478.05,0,23.8,93.7,951.8,0.2,390.523,0,26.01,93.27,961.58,0,,0,23.5,99.6,948.9,0,472.297,0,23.53,96.97,952.24,0,,0,25.96,83.75,961.52,0
2026-07-28 01:46:13,2026-07-28 01:40:00,488.317,0,25.15,87.29,950.96,0,455.495,0,26.32,82.68,954.42,0.1,508.044,0.2,23.42,97.35,949.14,0,,,,,,,390.53,0,25.97,93.15,961.52,0,,,,,,,472.297,0,23.55,96.99,952.24,0,,0,25.96,84.6,961.48,0
2026-07-28 01:56:12,2026-07-28 01:50:00,488.324,0,25.04,93.48,950.96,0,455.502,0,26.59,82.42,954.41,0.1,508.044,0.2,23.49,97.64,949.11,0,,,,,,,390.525,0,25.91,92.38,961.56,0,,,,,,,472.297,0,23.56,96.99,952.17,0,,0,26.03,82.97,961.48,0
2026-07-28 02:06:12,2026-07-28 02:00:00,488.316,0,24.25,96.57,950.91,0,455.502,0,26.35,83.59,954.34,0.1,508.051,0.2,23.35,97.24,949.06,0,478.05,0,23.8,93.9,951.7,0.2,390.528,0,25.96,92.7,961.44,0,,0,23.5,99.4,948.9,0,472.297,0,23.5,96.85,952.19,0,,0,26.04,83.3,961.41,0
2026-07-28 02:16:12,2026-07-28 02:10:00,488.316,0,24.11,96.39,950.93,0,455.495,0,26.42,82.24,954.45,0.1,508.044,0,23.47,97.6,949.03,0,,,,,,,390.529,0,25.94,92.38,961.44,0,,,,,,,472.297,0,23.49,96.91,952.21,0,,0,26.08,83.43,961.41,0
2026-07-28 02:56:12,2026-07-28 02:50:00,488.316,0,24.04,96.85,950.59,0,455.495,0,26.48,82.34,954.06,0.1,508.044,0,23.41,98.04,948.72,0,,,,,,,390.529,0,25.9,90.95,961.08,0,,,,,,,472.297,0,23.63,96.46,951.84,0,,0,25.93,82.94,961.1,0
2026-07-28 03:06:13,2026-07-28 03:00:00,488.317,0,24.05,96.79,950.62,0,455.495,0,26.48,81.28,954.17,0.1,508.044,0,23.4,98.49,948.7,0,478.05,0,23.8,94.1,951.3,0.2,390.53,0,25.94,91.17,961.07,0,,0,23.7,98.5,948.5,0,472.297,0,23.65,95.52,951.79,0,,0,25.82,84.44,961.1,0
2026-07-28 03:16:12,2026-07-28 03:10:00,488.311,0,23.98,96.34,950.53,0,455.495,0,26.35,81.71,954.08,0.1,508.043,0,23.58,98.3,948.55,0,,,,,,,390.531,0,25.91,90.87,961.17,0,,,,,,,472.303,0,23.76,94.1,951.72,0,,0,25.82,83.54,961.11,0
2026-07-28 03:26:13,2026-07-28 03:20:00,488.311,0,24.09,97.4,950.49,0,455.495,0,25.9,84.02,954.12,0.1,508.044,0,23.35,97.7,948.56,0,,,,,,,390.528,0,25.87,90.56,961.14,0,,,,,,,472.297,0,23.9,93.93,951.71,0,,0,25.83,83.92,961.13,0
2026-07-28 03:36:13,2026-07-28 03:30:00,488.311,0,23.95,97.27,950.47,0,455.495,0,25.52,85.2,954.17,0.1,508.044,0,23.44,98.38,948.67,0,478.05,0,23.6,93.5,951.2,0.2,390.531,0,25.89,90.66,961.03,0,,0,23.6,98.8,948.4,0,472.303,0,23.77,95.4,951.75,0,,0,25.85,85.9,961.06,0
2026-07-28 03:46:13,2026-07-28 03:40:00,488.311,0,24.11,97.51,950.45,0,455.495,0,25.46,85.58,954.07,0.1,508.043,0,23.28,98.15,948.6,0,,,,,,,390.531,0,25.9,91.11,961.07,0,,,,,,,472.297,0,23.65,95.18,951.7,0,,0,25.76,85.12,961.04,0
2026-07-28 03:56:12,2026-07-28 03:50:00,488.311,0,23.99,97.13,950.43,0,455.495,0,25.5,85.86,954.08,0.1,508.044,0,23.24,97.92,948.54,0,,,,,,,390.531,0,25.93,91.22,961.05,0,,,,,,,472.303,0,23.58,94.59,951.73,0,,0,25.82,84.44,961.08,0
2026-07-28 04:06:13,2026-07-28 04:00:00,488.311,0,24.13,97.22,950.32,0,455.495,0,25.56,84.72,953.94,0.1,508.044,0,23.08,97.77,948.41,0,478.05,0,23.8,94.2,951,0.2,390.532,0,25.99,91.12,960.99,0,,0,23.5,97.7,948.4,0,472.297,0,23.63,94.7,951.65,0,,0,25.83,86.09,961,0
2026-07-28 04:16:14,2026-07-28 04:10:00,488.311,0,23.94,96.28,950.38,0,455.495,0,25.4,86.34,954.07,0.1,508.044,0,23.18,97.51,948.5,0,,,,,,,390.532,0,25.93,90.81,961.02,0,,,,,,,472.297,0,23.46,95.75,951.72,0,,0,25.65,85.4,961.04,0
2026-07-28 04:26:13,2026-07-28 04:20:00,488.311,0,24.16,97.49,950.39,0,455.495,0,25.32,85.39,954.05,0.1,508.044,0,23.15,97.45,948.47,0,,,,,,,390.534,0,25.96,91.2,961,0,,,,,,,472.298,0,23.5,95.8,951.62,0,,0,25.8,81.82,961.03,0
2026-07-28 04:36:13,2026-07-28 04:30:00,488.311,0,24.27,96.71,950.36,0,455.495,0,25.38,84.43,954.01,0.1,508.044,0,23.14,97.96,948.5,0,478.05,0,23.8,94.3,951.1,0.2,390.534,0,25.94,90.9,960.97,0,,0,23.4,98.7,948.4,0,472.297,0,23.49,95.42,951.64,0,,0,25.64,87.28,961.03,0
2026-07-28 04:46:12,2026-07-28 04:40:00,488.303,0,23.95,95.8,950.44,0,455.495,0,25.45,85.69,954.12,0.1,508.044,0,22.98,97.9,948.63,0,,,,,,,390.534,0,25.84,91.05,961.02,0,,,,,,,472.297,0,23.49,95.06,951.62,0,,0,25.51,88.66,961.12,0
2026-07-28 04:56:12,2026-07-28 04:50:00,488.311,0,23.91,95.91,950.57,0,455.495,0,25.56,83.91,954.2,0.1,508.044,0,23.14,98.12,948.74,0,,,,,,,390.53,0,25.79,91.68,961.14,0,,,,,,,472.303,0,23.49,94.26,951.69,0,,0,25.41,88.84,961.16,0
2026-07-28 05:16:12,2026-07-28 05:10:00,488.303,0,23.84,96.66,950.55,0,455.495,0,25.86,83.13,954.27,0.2,508.044,0,23.21,97.59,948.61,0,,,,,,,390.531,0,25.69,91.82,961.17,0,,,,,,,472.297,0,23.46,95.1,951.82,0,,0,25.37,89.11,961.2,0
2026-07-28 05:26:12,2026-07-28 05:20:00,488.303,0,23.85,96.68,950.58,0,455.495,0,25.45,85.44,954.17,0.1,508.043,0,23.22,97.57,948.62,0,,,,,,,390.529,0,25.59,92.86,961.17,0,,,,,,,472.297,0,23.44,95.35,951.85,0,,0,25.3,88.63,961.19,0
2026-07-28 05:36:12,2026-07-28 05:30:00,488.303,0,23.82,96.86,950.64,0,455.495,0,25.72,84.55,954.2,0.1,508.044,0,23.24,97.74,948.71,0,478.05,0,23.6,94,951.3,0.2,390.532,0,25.49,92.56,961.17,0,,0,23.3,97.6,948.5,0,472.297,0,23.46,96.2,951.92,0,,0,25.28,88.83,961.18,0
2026-07-28 05:46:12,2026-07-28 05:40:00,488.303,0,23.75,96.57,950.64,0,455.495,0,25.91,82.25,954.19,0.1,508.044,0,23.15,97.6,948.71,0,,,,,,,390.536,0,25.48,92.64,961.2,0,,,,,,,472.297,0,23.39,96.1,951.94,0,,0,25.18,88.09,961.27,0
2026-07-28 05:56:12,2026-07-28 05:50:00,488.303,0,23.74,96.69,950.86,0,455.495,0,25.93,80.6,954.47,0.3,508.044,0,23.13,97.65,948.93,0,,,,,,,390.536,0,25.5,92.65,961.45,0,,,,,,,472.298,0,23.39,94.37,952.1,0,,0,25.23,89.32,961.47,0
2026-07-28 06:16:13,2026-07-28 06:10:00,488.303,0,23.64,96.73,951.14,3.4,455.495,0,25.97,82.44,954.79,4.9,508.044,0,23.25,98.16,949.18,4.6,,,,,,,390.532,0,25.5,91.78,961.73,3.6,,,,,,,472.297,0,23.45,95.98,952.35,2.7,,0,25.17,88.99,961.75,3.3
2026-07-28 06:26:13,2026-07-28 06:20:00,488.303,0,23.84,97.54,951.31,5.4,455.495,0,25.91,80.98,954.87,7,508.044,0,23.28,97.74,949.36,7.6,,,,,,,390.525,0,25.48,91.28,961.87,7.1,,,,,,,472.297,0,23.63,95.43,952.45,3.9,,0,25.2,88.92,961.88,5.3
2026-07-28 06:36:12,2026-07-28 06:30:00,488.303,0,23.82,95.74,951.36,9,455.495,0,25.81,82.28,954.94,10.6,508.044,0,23.32,97.78,949.5,10.8,478.05,0,23.5,93.3,952,10.5,390.535,0,25.55,91.66,961.99,10.1,,0,23.4,96.9,949.3,6.5,472.297,0,23.74,95.24,952.55,6.8,,0,25.25,88.8,962.09,8.7
2026-07-28 06:46:12,2026-07-28 06:40:00,488.303,0,23.99,95.59,951.55,17.7,455.495,0,25.96,80.83,955.19,20.7,508.044,0,23.42,97.9,949.7,16.2,,,,,,,390.537,0,25.63,91.58,962.13,17.6,,,,,,,472.304,0,23.77,94.73,952.75,13.5,,0,25.34,88.8,962.21,15.5
2026-07-28 06:56:12,2026-07-28 06:50:00,488.297,0,24.01,96.61,951.64,22.7,455.495,0,26.05,81.07,955.17,26.9,508.044,0,23.52,97.51,949.72,27.1,,,,,,,390.536,0,25.72,91.79,962.17,25.7,,,,,,,472.297,0,23.74,94.98,952.81,17.6,,0,25.44,87.94,962.38,24.1
2026-07-28 07:06:12,2026-07-28 07:00:00,488.297,0,24.01,97.22,951.64,27.3,455.495,0,25.81,85.25,955.15,31.3,508.044,0,23.65,96.84,949.74,32,478.05,0,23.8,94,952.3,31.4,390.536,0,25.65,91.44,962.26,33.9,,0,23.6,98,949.6,21.4,472.297,0,23.8,95.47,952.9,23.2,,0,25.58,88.69,962.39,34.5
2026-07-28 07:16:12,2026-07-28 07:10:00,488.297,0,24.06,97.16,951.64,30.6,455.495,0,26,83.01,955.22,36.6,508.044,0,23.76,96.59,949.85,34.8,,,,,,,390.537,0,25.75,91.95,962.33,40.2,,,,,,,472.297,0,23.84,95.05,952.96,28,,0,25.7,89.86,962.51,37.6
2026-07-28 07:26:13,2026-07-28 07:20:00,488.304,0,24.26,96.51,951.79,35.2,455.495,0,26.03,83.31,955.45,41.7,508.044,0,23.64,96.76,950.01,40,,,,,,,390.538,0,25.82,91.2,962.43,40.2,,,,,,,472.297,0,24.04,94.58,953.14,33.4,,0,25.66,89.29,962.62,41.1
2026-07-28 07:36:13,2026-07-28 07:30:00,488.297,0,24.88,92.01,951.76,40.3,455.495,0,25.97,83.48,955.65,48.5,508.044,0,23.89,96.79,950.14,42.1,478.05,0,24.4,94.5,952.7,44.9,390.532,0,25.91,91.02,962.53,40.3,,0,23.7,98,950,37.7,472.297,0,24.3,95.35,953.3,39.3,,0,25.76,88.83,962.75,47
2026-07-28 07:46:13,2026-07-28 07:40:00,488.296,0,25.53,89.95,951.92,45.7,455.495,0,25.6,86.38,955.78,54.4,508.044,0,24.02,96.74,950.23,56.1,,,,,,,390.534,0,25.86,90.46,962.66,47.6,,,,,,,472.297,0,24.28,94.25,953.42,49.3,,0,25.8,88.27,962.83,54.7
2026-07-28 07:56:12,2026-07-28 07:50:00,488.297,0,25.58,89.97,952.12,56.6,455.495,0,25.35,89.11,955.95,73.1,508.043,0,24.21,96.69,950.42,69.8,,,,,,,390.539,0,25.97,90.39,962.84,58.2,,,,,,,472.297,0,24.51,94.04,953.55,68,,0,26.01,88.14,962.99,71.4
2026-07-28 08:06:13,2026-07-28 08:00:00,488.297,0,25.38,89.55,952.22,72.1,455.495,0,25.45,87.55,956.03,93.1,508.044,0,24.64,95.51,950.51,93.3,478.05,0,24.8,94.4,953,94.6,390.541,0,26.21,89.5,962.97,63.6,,0,24.2,96.2,950.5,103.4,472.303,0,24.93,93.59,953.62,102.7,,0,26.3,87.72,963.16,100.5
2026-07-28 08:16:13,2026-07-28 08:10:00,488.289,0,25.73,87.2,952.31,87.7,455.495,0,25.89,90.03,956.15,111,508.043,0,25.01,95.16,950.64,112.5,,,,,,,390.538,0,26.39,89.07,963.05,81.2,,,,,,,472.297,0,25.44,93.76,953.74,105.5,,0,26.71,85.75,963.25,121.7
2026-07-28 08:26:12,2026-07-28 08:20:00,488.297,0,25.84,88.05,952.44,112,455.495,0,26,88.1,956.2,138.3,508.043,0,25.11,94.07,950.61,141.5,,,,,,,390.538,0,26.46,89.07,963.14,102.9,,,,,,,472.31,0,25.5,89.78,953.84,109.1,,0,26.82,85.08,963.32,154
2026-07-28 08:36:12,2026-07-28 08:30:00,488.296,0,26.14,86.64,952.47,133.9,455.495,0,26.61,88.05,956.21,167.8,508.043,0,25.63,90.88,950.69,183.2,478.05,0.2,25.4,93.6,953.3,174,390.538,0,26.67,88.9,963.21,121.3,,0,25,95.9,950.7,141.3,472.297,0,26.23,93.65,953.89,144.3,,0,27.28,82.42,963.38,176.3
2026-07-28 08:46:13,2026-07-28 08:40:00,488.296,0,26.32,85.9,952.65,154,455.495,0,26.99,87.69,956.46,175.8,508.043,0,26.23,91.36,950.87,193.5,,,,,,,390.535,0,26.97,87.69,963.33,161.3,,,,,,,472.31,0,26.22,85.2,954.13,149.9,,0,28.01,82.89,963.49,215.8
2026-07-28 09:06:12,2026-07-28 09:00:00,488.303,0,26.66,85.25,952.99,195.2,455.495,0,28.11,84.98,956.82,219.5,508.049,0,27.16,88.63,951.23,185.5,478.05,0.2,26.1,91.3,953.8,190.2,390.536,0,27.53,85.01,963.7,178.4,,0,26.2,92.2,951.2,179.4,472.303,0,26.54,88.37,954.44,164,,0,28.1,81.72,963.8,173.3
2026-07-28 09:16:11,2026-07-28 09:10:00,488.289,0,26.93,84.36,953.14,182.8,455.494,0,28.28,80.56,956.94,222.5,508.046,0,27.13,89.78,951.32,179.2,,,,,,,390.538,0,27.69,85.67,963.81,184,,,,,,,472.31,0,26.8,88.4,954.54,187.8,,0,28.28,80,964,182.9
2026-07-28 09:36:11,2026-07-28 09:30:00,488.296,0,27.02,84.54,953.32,151.7,455.494,0,27.9,79.19,957.04,166.5,508.049,0,26.74,89.03,951.52,146.6,478.05,0,26.4,91.3,954.1,138.7,390.538,0,28.07,84.08,964.02,196.2,,0,26.7,86.4,951.5,163.9,472.31,0,27.74,87.95,954.73,172.3,,0,28.44,79.08,964.15,172.2
2026-07-28 09:46:13,2026-07-28 09:40:00,488.289,0,27.15,81.81,953.39,187.9,455.494,0,28.45,82.67,957.09,217,508.049,0,27.19,88.38,951.58,189,,,,,,,390.539,0,28.22,81.87,964.12,197.3,,,,,,,472.31,0,27.86,87.66,954.83,166.4,,0,28.59,76.52,964.19,196.7
2026-07-28 09:56:12,2026-07-28 09:50:00,488.289,0,27.62,82.36,953.38,239,455.494,0,28.96,79.44,957.04,265.6,508.049,0,28.31,87.37,951.56,343.5,,,,,,,390.539,0,28.31,81.51,964.03,206.3,,,,,,,472.31,0,28.11,86.57,954.8,202.6,,0,29.2,77.41,964.22,266.6
2026-07-28 10:06:11,2026-07-28 10:00:00,488.295,0,27.82,83.68,953.32,221.8,455.494,0,29.51,76.96,957.04,264,508.049,0,29.16,82.51,951.49,388.3,478.05,0,27.5,89.5,954,324.8,390.539,0,28.5,80.55,964.01,263.9,,0,27.7,85.7,951.5,229.7,472.31,0,28.38,84.55,954.73,231.2,,0,29.85,72.54,964.14,342
2026-07-28 10:16:12,2026-07-28 10:10:00,488.289,0,27.96,78.95,953.33,214.7,455.494,0,29.13,75.73,957,262.6,508.055,0,29.24,82.08,951.46,359.8,,,,,,,390.538,0,28.43,80.92,963.96,358.6,,,,,,,472.31,0,28.56,86.82,954.74,242.9,,0,30.31,71.28,964.14,332.2
2026-07-28 10:26:12,2026-07-28 10:20:00,488.289,0,28.27,81.66,953.34,244.5,455.494,0,29.04,75.66,956.98,278,508.061,0,29.02,80.37,951.42,319.6,,,,,,,390.538,0,29.15,77.31,963.9,368.8,,,,,,,472.31,0,28.8,83.99,954.68,337.5,,0,30.45,76.02,964.09,326.5
2026-07-28 10:36:11,2026-07-28 10:30:00,488.289,0,28.81,78.16,953.28,301,455.494,0,29.69,74.2,956.9,361.5,508.061,0,29,80.99,951.38,337,478.05,0,28.3,88.7,954,345.7,390.538,0,29.56,78.82,963.82,407.3,,0,28.2,84.2,951.4,273.7,472.31,0,29.33,82.32,954.64,309.4,,0,30.57,71.99,964.04,371.1
2026-07-28 10:46:13,2026-07-28 10:40:00,488.289,0,29.81,73.99,953.16,287.7,455.494,0,30.46,75.82,956.82,390.4,508.061,0,29.72,79.29,951.24,516.9,,,,,,,390.531,0,30.11,76.91,963.77,383.4,,,,,,,472.317,0,28.85,81.14,954.56,260.6,,0,31.89,71.62,963.94,480.1
2026-07-28 10:56:13,2026-07-28 10:50:00,488.282,0,29.37,74.49,953.07,267.6,455.494,0,30.67,71.77,956.66,377.6,508.054,0,31.67,74.52,951.12,918.7,,,,,,,390.538,0,30.55,73.9,963.6,401.4,,,,,,,472.31,0,29.58,84.21,954.44,318.2,,0,33.91,61.88,963.76,798.5
2026-07-28 11:06:11,2026-07-28 11:00:00,488.282,0,29.66,79.23,952.92,264.4,455.494,0,30.4,72.22,956.59,363.7,508.068,0,31.55,72.36,950.96,559.1,,,,,,,390.538,0,31.01,73.25,963.55,748.9,,,,,,,472.31,0,29.71,80.27,954.36,318.3,,0,33.26,65.34,963.76,897.6
2026-07-28 11:16:12,2026-07-28 11:10:00,488.282,0,29.56,78.18,952.94,282.4,455.494,0,30.27,72.72,956.55,356.5,508.067,0,30.7,80.57,950.95,442.6,,,,,,,390.538,0,31.72,70,963.47,731.2,,,,,,,472.31,0,29.93,80.34,954.3,309.8,,0,34.98,56.4,963.61,578
2026-07-28 11:26:13,2026-07-28 11:20:00,488.282,0,29.43,75.93,952.87,437.4,455.494,0,30.52,74.76,956.43,482.5,508.061,0,30.25,78.79,950.88,365.2,,,,,,,390.537,0,31.13,72.03,963.41,354.5,,,,,,,472.317,0,30.12,81.89,954.24,378.6,,0,33.94,59.77,963.48,460
2026-07-28 11:36:12,2026-07-28 11:30:00,488.282,0,30.33,76.75,952.73,395.6,455.488,0,30.99,67.5,956.25,528.9,508.061,0,31.37,75.98,950.74,308.6,478.05,0,30.6,82.2,953.5,517.5,390.537,0,31.52,70.49,963.23,380.3,,0,29.2,80.4,950.9,367,472.31,0,30.92,77.25,954.06,392.7,,0,33.98,64.03,963.32,497.2
2026-07-28 11:46:13,2026-07-28 11:40:00,488.282,0,30.6,74.62,952.65,348.5,455.494,0,30.84,70.5,956.16,394.9,508.068,0,32.13,73.97,950.67,312.8,,,,,,,390.537,0,32.28,69.3,963.04,1074.6,,,,,,,472.317,0,31.3,74.96,953.95,365.4,,0,34.85,61.87,963.2,871.4
2026-07-28 11:56:12,2026-07-28 11:50:00,488.282,0,30.35,73.82,952.5,440.1,455.494,0,30.94,71.65,956.01,433.7,508.061,0,31.23,78.14,950.56,451.6,,,,,,,390.536,0,32.39,65.45,962.89,969.6,,,,,,,472.317,0,31.12,78.09,953.86,324.3,,0,34.42,63.58,963.05,434.3
2026-07-28 12:06:11,2026-07-28 12:00:00,488.282,0,31.28,68.94,952.47,544.7,455.494,0,31.65,72.8,955.97,519.4,508.067,0,31.16,75.43,950.45,475.8,478.05,0,32.1,73.3,953.1,449.2,390.531,0,31.65,67.66,962.79,1005.5,,0,29.4,80.6,950.5,360.4,472.31,0,31.06,76.37,953.77,333.8,,0,34.51,57.8,962.89,475.6
2026-07-28 12:16:13,2026-07-28 12:10:00,488.303,0,31.89,66.69,952.37,749.3,455.494,0,32.61,72.76,955.86,1041.5,508.061,0,31.4,77.37,950.34,529,,,,,,,390.525,0,30.86,68.18,962.75,740.3,,,,,,,472.317,0,31.52,70.14,953.68,408.1,,0,33.81,65.35,962.75,496.8
2026-07-28 12:26:12,2026-07-28 12:20:00,488.282,0,32.96,66.07,952.22,764.6,455.488,0,33.89,66.77,955.69,917.2,508.061,0,31.85,71.87,950.2,470.7,,,,,,,390.528,0,31.13,71.75,962.58,490.7,,,,,,,472.31,0,32.63,81.08,953.49,596.9,,0,34.09,61.7,962.61,518
2026-07-28 12:36:11,2026-07-28 12:30:00,488.282,0,33.22,74.87,952,499.8,455.494,0,33.46,64.88,955.49,528.5,508.061,0,32.67,67.47,950.05,879.8,478.05,0,31.9,79.2,952.7,549.1,390.528,0,30.39,72.47,962.46,475.9,,0,32.4,71.8,950,664.9,472.304,0,34.26,69.02,953.3,1031.3,,0,33.56,58.93,962.45,435.1
2026-07-28 12:46:13,2026-07-28 12:40:00,488.362,0,34.7,64.5,951.81,,455.494,0,34.27,62.98,955.3,932.2,508.067,0,32.08,74.01,949.88,845.9,,,,,,,390.525,0,30.9,70.56,962.1,767.6,,,,,,,472.317,0,34.46,66.76,953.05,460.4,,0,33.64,61.78,962.14,528
2026-07-28 12:56:12,2026-07-28 12:50:00,488.336,0,32.94,63.76,951.47,1057.6,455.488,0,35.35,63.6,954.95,1196.5,508.074,0,32.67,70.61,949.64,349.9,,,,,,,390.532,0,31.35,64.87,961.87,700.8,,,,,,,472.31,0,33.93,69.79,952.86,494.1,,0,34.43,62.86,961.85,847.4
2026-07-28 13:06:13,2026-07-28 13:00:00,488.316,0,32.74,66.26,951.34,771.9,455.488,0,36.03,59.42,954.8,1164.4,508.06,0,32.81,72.75,949.48,965.1,478.05,0,31.3,80.4,952.1,597.3,390.536,0,32.04,63.63,961.68,757.5,,0,32.2,73.8,949.4,307.9,472.317,0,32.72,74.7,952.64,288.5,,0,36.45,59.92,961.72,1047.3
2026-07-28 13:16:12,2026-07-28 13:10:00,488.281,0,31.68,68.17,951.2,,455.494,0,34.82,59.16,954.66,657.5,508.066,0,32.63,67.15,949.22,400.8,,,,,,,390.527,0,31.9,66.87,961.49,574.8,,,,,,,472.317,0,32.39,69.91,952.47,305.9,,0,37.08,57.81,961.58,1019.4
2026-07-28 13:26:13,2026-07-28 13:20:00,488.275,0,32.03,67.67,951.1,490.3,455.488,0,32.53,64.37,954.57,1133.8,508.066,0,32.83,72.56,949.12,463.5,,,,,,,390.527,0,31.8,66.91,961.33,836.5,,,,,,,472.317,0,31.76,71.92,952.36,365.9,,0,37.69,51.57,961.38,302.5
2026-07-28 13:36:12,2026-07-28 13:30:00,488.322,0,32.37,66.52,951.02,1129.7,455.488,0,32.88,62.78,954.48,829,508.067,0,32.59,70.66,949.12,355.7,478.05,0,32.5,76.2,951.8,850.3,390.525,0,32.56,62.99,961.26,851.1,,0,32,71.1,949.1,556.6,472.31,0,33.47,71.08,952.3,481.5,,0,35.52,56.35,961.32,684
2026-07-28 13:46:13,2026-07-28 13:40:00,488.329,0,31.68,66.39,950.92,369.3,455.488,0,33.67,59.16,954.35,501.7,508.06,0,33.05,70.58,948.93,843.1,,,,,,,390.525,0,32.24,65.55,961.19,465.2,,,,,,,472.317,0,33.81,65.15,952.2,778.7,,0,36.6,54.06,961.16,851.8
2026-07-28 13:56:12,2026-07-28 13:50:00,488.322,0,32.33,62.53,950.8,554.6,455.488,0,33.69,63.05,954.24,,508.06,0,33.27,66.78,948.82,700.9,,,,,,,390.529,0,32.77,64.86,961.1,527.1,,,,,,,472.317,0,33.98,64.28,952.11,408.1,,0,35.49,58.04,961.08,535.3
2026-07-28 14:06:12,2026-07-28 14:00:00,488.316,0,32.14,66.97,950.7,460.1,455.488,0,34.38,58.11,954.1,810.3,508.06,0,33.72,66.28,948.73,943.4,478.05,0,31.6,77.3,951.4,660.6,390.528,0,33.61,61.61,961.01,542.2,,0,32.1,76.6,948.7,417.3,472.317,0,33.05,72.18,952.04,293.2,,0,35.89,57.69,960.92,535
2026-07-28 14:16:13,2026-07-28 14:10:00,488.295,0,32.31,70.24,950.56,318.7,455.488,0,34.81,58.13,953.86,358.1,508.066,0,33.75,65.46,948.51,780.3,,,,,,,390.528,0,32.28,65.55,960.76,428,,,,,,,472.317,0,32.22,67.05,951.8,282.9,,0,36.88,52.16,960.71,763.4
2026-07-28 14:26:13,2026-07-28 14:20:00,488.355,0,32.13,66.47,950.27,443.5,455.488,0,34.72,59.18,953.67,1138.3,508.066,0,34.35,65.21,948.27,1122.4,,,,,,,390.528,0,32.38,65.53,960.51,331,,,,,,,472.317,0,32.06,78.21,951.57,352.7,,0,37.1,52,960.42,949.9
2026-07-28 14:36:11,2026-07-28 14:30:00,488.309,0,33.2,64.42,950.15,392.8,455.488,0,33.56,62.84,953.55,598,508.066,0,32.86,70.94,948.19,906.5,478.04,0,32.5,70.2,950.9,754.3,390.536,0,33.49,63.79,960.43,387.6,,0,31.1,74.3,948.2,409.5,472.31,0,32.34,66.31,951.48,330.2,,0,36.38,49.93,960.37,551.2
2026-07-28 14:46:13,2026-07-28 14:40:00,488.322,0,33.67,62.84,950.1,415.2,455.488,0,33.05,63.13,953.38,392.7,508.06,0,33.25,69.45,947.98,979.6,,,,,,,390.538,0,33.87,59.95,960.31,423.9,,,,,,,472.303,0,33.18,76.01,951.38,502.2,,0,36.16,52.48,960.23,451.5
2026-07-28 14:56:13,2026-07-28 14:50:00,488.316,0,33.29,58.98,949.87,1010.9,455.488,0,34.02,60.71,953.13,816.6,508.06,0,35.17,60.19,947.76,544.7,,,,,,,390.535,0,34.21,57.15,960.02,608.5,,,,,,,472.31,0,33.4,72.94,951.18,241.3,,0,35.15,56.84,959.94,344.4
2026-07-28 15:16:16,2026-07-28 15:10:00,488.309,0,32.86,60.26,949.55,764.5,455.488,0,35.4,55.63,952.85,805.1,508.066,0,32.91,67.43,947.56,285.3,,,,,,,390.532,0,33.46,58.79,959.73,734.2,,,,,,,472.317,0,33.89,63.83,950.81,875.6,,0,35.28,54.09,959.62,329.8
2026-07-28 15:26:12,2026-07-28 15:20:00,488.316,0,32.95,69.07,949.36,665.7,455.488,0,34.02,55.07,952.7,318.2,508.066,0,32.36,71.85,947.41,311.1,,,,,,,390.534,0,33.86,58.82,959.55,530.7,,,,,,,472.31,0,34.5,66.16,950.59,570.2,,0,35.47,54.31,959.47,495.3
2026-07-28 15:36:11,2026-07-28 15:30:00,488.309,0,32.37,66.62,949.17,377.9,455.488,0,34.03,60.56,952.51,600.7,508.06,0,33.08,69.62,947.27,462,478.04,0,30.7,79,949.9,406.7,390.536,0,35.44,60.72,959.49,322,,0,32.4,71.7,947.3,673.4,472.317,0,34.49,69.26,950.53,225.3,,0,36.84,51.78,959.35,695.6
2026-07-28 15:46:12,2026-07-28 15:40:00,488.309,0,32.4,63.23,949.22,348.1,455.488,0,33.09,62.2,952.56,354.2,508.06,0,33.52,75.72,947.27,623.7,,,,,,,390.532,0,34.24,65.55,959.56,374.9,,,,,,,472.317,0,33.12,70.08,950.51,392.2,,0,35.78,51.04,959.33,300.6
2026-07-28 15:56:13,2026-07-28 15:50:00,488.31,0,32.9,62.77,949.32,402.5,455.488,0,32.67,62.25,952.62,379.3,508.06,0,32.97,73.79,947.32,344.4,,,,,,,390.528,0,33.36,67.71,959.54,243.2,,,,,,,472.31,0,34.09,62.5,950.5,518,,0,34.27,63.47,959.38,242.7
2026-07-28 16:06:14,2026-07-28 16:00:00,488.309,0,32.54,61.82,949.3,392.1,455.488,0,32.44,63.76,952.55,377.7,508.066,0,32.18,71.54,947.28,292.3,478.04,0,31.2,80.6,950,443.4,390.525,0,32.96,68.6,959.64,205.1,,0,32.1,67.2,947.3,257.4,472.317,0,33.28,67.85,950.48,411.1,,0,33.63,67.7,959.34,282.2
2026-07-28 16:16:12,2026-07-28 16:10:00,488.303,0,32.62,66.52,949.29,366.7,455.488,0,32.47,63.25,952.54,346.2,508.067,0,31.27,73.56,947.28,166.3,,,,,,,390.531,0,32.76,69.5,959.49,219.2,,,,,,,472.317,0,32.8,70.56,950.55,227.2,,0,33.54,67.56,959.24,282.4
2026-07-28 16:26:14,2026-07-28 16:20:00,488.309,0,32.31,67.54,949.07,259.5,455.488,0,32.23,64.08,952.27,314.6,508.061,0,30.49,79.4,947.07,184.8,,,,,,,390.531,0,32.65,69.5,959.36,216.4,,,,,,,472.317,0,31.47,76.78,950.31,202,,0,33.58,67.15,959.1,252.8
2026-07-28 16:36:14,2026-07-28 16:30:00,488.296,0,31.61,71.97,948.84,211.9,455.488,0,31.62,68.17,952.13,259.5,508.061,0,30.32,80.02,946.93,163.9,478.05,0,30.2,84.2,949.5,218.4,390.528,0,32.62,70.11,959.12,198.1,,0,30.6,71.2,946.8,299.7,472.31,0,31.53,74.38,950.11,286.1,,0,33.29,67.78,958.89,221.7
2026-07-28 16:46:14,2026-07-28 16:40:00,488.282,0,31.11,70.59,948.69,191.3,455.488,0,31.46,67.02,951.93,195.2,508.061,0,30.02,80.56,946.76,138.7,,,,,,,390.521,0,32.58,69.56,959.05,179.7,,,,,,,472.31,0,31.37,74.71,950.03,244.2,,0,32.79,68.18,958.8,189.5
2026-07-28 16:56:12,2026-07-28 16:50:00,488.276,0,30.9,73.87,948.72,179.5,455.488,0,31.15,67.89,951.96,183.4,508.061,0,29.56,80,946.78,123,,,,,,,390.528,0,32.61,70.01,959.11,180.4,,,,,,,472.317,0,30.95,79.19,950.07,181.8,,0,32.22,68.89,958.8,162.4
2026-07-28 17:16:16,2026-07-28 17:00:00,488.27,0,30.67,74.8,948.89,155.2,455.488,0,30.98,69.86,952.17,159.6,508.054,0,29.47,82.49,947,111,478.04,0,29.3,84.9,949.6,139.6,390.527,0,32.55,70.45,959.34,162.3,505.16,0,29.9,77.5,946.9,178.4,472.317,0,30.64,78.47,950.18,163.7,,0,32.12,71,959.04,150.8
2026-07-28 17:26:12,2026-07-28 17:20:00,488.264,0,30.28,75.07,949.04,112.8,455.488,0,30.63,70.22,952.29,135,508.055,0,29.38,81.37,947.02,98.3,,,,,,,390.528,0,32.31,72.95,959.27,140.9,,,,,,,472.31,0,30.06,78.83,950.41,128.3,,0,31.95,70.08,959.04,141.8
2026-07-28 17:36:11,2026-07-28 17:30:00,488.264,0,30.31,74.8,948.94,106.2,455.488,0,30.66,69.51,952.2,125.2,508.055,0,29.31,82.62,946.91,105.3,478.04,0,29,87.4,949.6,117.2,390.534,0,32.51,71.7,959.28,128.1,,0,29,82.8,947,124.8,472.31,0,29.79,80.18,950.39,122.3,,0,32,71.09,959.04,138.6
2026-07-28 17:46:12,2026-07-28 17:40:00,488.263,0,30.09,75.19,949.11,94.1,455.488,0,30.57,73.72,952.33,111,508.055,0,29.24,82.17,947.03,98.2,,,,,,,390.536,0,32.73,70.52,959.34,120.8,,,,,,,472.309,0,29.68,82.16,950.46,101.1,,0,31.89,70.93,959.11,123.4
2026-07-28 17:56:12,2026-07-28 17:50:00,488.258,0,29.94,77.18,949.22,88.2,455.488,0,30.36,73.94,952.4,100.7,508.055,0,29.11,87.87,947.23,90.6,,,,,,,390.534,0,32.76,70.45,959.56,98.8,,,,,,,472.303,0,29.28,82.87,950.57,75.3,,0,31.61,71.23,959.3,88.5
2026-07-28 18:06:13,2026-07-28 18:00:00,488.257,0,29.66,81.06,949.37,75.3,455.488,0,30.12,72.72,952.62,88.4,508.055,0,29.05,87.99,947.51,79.2,478.04,0,28.8,88.4,950.1,87.2,390.53,0,32.18,71.65,959.82,70.5,,0,28.9,78.4,947.4,66.8,472.303,0,29.02,83.37,950.81,59.8,,0,31.31,72.5,959.56,71
2026-07-28 18:26:13,2026-07-28 18:20:00,488.257,0,29.53,76.02,949.54,46.9,455.489,0,29.88,75.05,952.9,52.1,508.048,0,28.28,87.97,947.66,51.4,,,,,,,390.538,0,31.59,74.48,960.01,40.3,,,,,,,472.31,0,28.38,82.47,951,31.1,,0,30.68,73.67,959.77,43.7
2026-07-28 18:36:12,2026-07-28 18:30:00,488.258,0,29.4,79.23,949.68,37,455.489,0,29.64,73.99,953.01,40.4,508.055,0,27.96,88.25,947.87,29.9,478.04,0,28,87.5,950.4,38.7,390.536,0,31.26,75.97,959.91,27.7,,0,28.7,79.3,947.5,27.4,472.31,0,28.27,81.74,950.95,24.1,,0,30.45,74.92,959.71,29.8
2026-07-28 18:46:13,2026-07-28 18:40:00,488.252,0,29.09,76.13,949.66,18.9,455.488,0,29.43,77.37,952.96,21.6,508.055,0,27.73,88.55,947.75,18.9,,,,,,,390.543,0,30.93,77,959.9,16,,,,,,,472.31,0,28.05,79.53,950.96,16.4,,0,30.1,75.65,959.73,17.1
2026-07-28 18:56:12,2026-07-28 18:50:00,488.252,0,28.72,78.74,949.64,7.4,455.488,0,28.93,79.4,952.9,9,508.056,0,27.6,89.02,947.72,7.6,,,,,,,390.538,0,30.61,77.14,960,7.5,,,,,,,472.31,0,27.93,80.33,951.06,5.5,,0,29.79,75.34,959.77,7.1
2026-07-28 19:06:12,2026-07-28 19:00:00,488.252,0,28.46,83.1,949.79,6.1,455.488,0,28.51,81,953.22,7.5,508.056,0,26.96,91.42,947.94,5.8,478.04,0,27,87,950.5,7.8,390.539,0,30.29,78.66,960.23,4.2,505.16,0,28.2,79.7,947.8,3.7,472.31,0,27.63,83.02,951.29,3.6,,0,29.51,76.8,960.02,4.2
2026-07-28 19:26:12,2026-07-28 19:20:00,488.252,0,27.82,78.39,950.04,0,455.489,0,27.97,79.57,953.48,0.1,508.056,0,26.81,86.7,948.15,0,,,,,,,390.538,0,29.5,81.25,960.41,0,,,,,,,472.31,0,27.42,81.46,951.52,0,,0,29.07,76.47,960.2,0
2026-07-28 19:36:12,2026-07-28 19:30:00,488.245,0,27.93,76.51,950.14,0,455.494,0,27.3,84.26,953.62,0.2,508.056,0,26.74,86.5,948.29,0,478.04,0,26.5,89.2,950.9,0.2,390.542,0,29.1,82.35,960.83,0,,0,28.3,75.9,948.4,0,472.304,0,27.38,80.94,951.7,0,,0,29.03,77,960.48,0
2026-07-28 19:46:13,2026-07-28 19:40:00,488.246,0,27.09,83.85,950.27,0,455.489,0,26.7,84.64,953.92,0.1,508.049,0,26.94,82.93,948.54,0,,,,,,,390.549,0,29,83.25,961.06,0,,,,,,,472.31,0,27.26,80.35,951.82,0,,0,28.88,77.42,960.78,0
2026-07-28 19:56:12,2026-07-28 19:50:00,488.246,0,26.9,83.72,950.57,0,455.489,0,26.7,82.89,954.12,0.1,508.049,0,26.43,90.23,948.77,0,,,,,,,390.549,0,28.94,83.21,961.2,0,,,,,,,472.31,0,27.41,82.08,951.94,0,,0,28.8,78.8,960.88,0
2026-07-28 20:16:13,2026-07-28 20:10:00,488.246,0,26.73,90.02,950.78,0,455.489,0,26.95,85.7,954.26,0.1,508.05,0,26.21,91.22,948.97,0,,,,,,,390.549,0,28.76,83.75,961.35,0,,,,,,,472.309,0,27.11,83.52,952.12,0,,0,28.55,80.24,961.07,0
2026-07-28 20:26:13,2026-07-28 20:20:00,488.245,0,26.68,88.01,950.91,0,455.489,0,26.65,85.34,954.42,0.1,508.057,0,26.61,84.77,949.04,0,,,,,,,390.549,0,28.69,83.97,961.5,0,,,,,,,472.31,0,26.98,84.95,952.23,0,,0,28.43,79.43,961.23,0
2026-07-28 20:36:12,2026-07-28 20:30:00,488.239,0,26.54,89.16,951.08,0,455.489,0,26.62,86.71,954.56,0.2,508.05,0,26.54,86.62,949.27,0,478.04,0,25.8,91.2,951.8,0.2,390.55,0,28.67,82.71,961.6,0,,0,26.7,88.8,949,0,472.303,0,26.51,84.25,952.36,0,,0,28.31,79.19,961.38,0
2026-07-28 20:46:21,2026-07-28 20:40:00,488.246,0,26.38,88.91,951.23,0,455.489,0,26.93,85.26,954.66,0.2,508.05,0,26.04,90.73,949.38,0,,,,,,,390.547,0,28.38,83.07,961.68,0,,,,,,,472.303,0,26.51,85.78,952.62,0,,0,28.17,79.19,961.52,0
2026-07-28 20:56:14,2026-07-28 20:50:00,488.239,0,26.32,87.61,951.19,0,455.489,0,26.45,86.52,954.69,0.1,508.05,0,25.84,91.4,949.39,0,,,,,,,390.551,0,28.27,82.47,961.76,0,,,,,,,472.303,0,26.29,88.21,952.62,0,,0,28.06,79.51,961.57,0
2026-07-28 21:06:13,2026-07-28 21:00:00,488.239,0,26.23,88.18,951.28,0,455.489,0,26.19,87.16,954.79,0.2,508.05,0,25.72,91.96,949.52,0,478.04,0,25.7,91.4,952,0.2,390.551,0,28.2,82.54,961.92,0,,0,26.6,84.6,949.4,0,472.303,0,26.1,88.6,952.73,0,,0,27.97,78.49,961.66,0
2026-07-28 21:16:12,2026-07-28 21:10:00,488.239,0,26,90.37,951.48,0,455.489,0,26.11,87.1,955.02,0.1,508.05,0,25.48,90.29,949.67,0,,,,,,,390.552,0,28.2,82.38,962.23,0,,,,,,,472.303,0,25.89,88.83,952.91,0,,0,27.89,79.41,961.95,0
2026-07-28 21:26:13,2026-07-28 21:20:00,488.239,0,25.93,91.84,951.75,0,455.489,0,25.99,87.11,955.37,0.1,508.05,0,25.54,92.3,949.96,0,,,,,,,390.552,0,28.27,82.02,962.38,0,,,,,,,472.303,0,25.82,89.89,953.2,0,,0,27.88,79.16,962.22,0
2026-07-28 21:36:13,2026-07-28 21:30:00,488.239,0,25.93,91.05,951.97,0,455.489,0,26.04,87.8,955.52,0.1,508.05,0,25.56,93.42,950.33,0,478.04,0,25.5,90.6,952.8,0.2,390.55,0,28.27,82.7,962.67,0,,0,25.9,91.1,950.1,0,472.303,0,25.77,90.19,953.47,0,,0,27.95,78.48,962.47,0
2026-07-28 21:46:13,2026-07-28 21:40:00,488.246,0,26.08,87.81,952.16,0,455.489,0,26.34,84.89,955.71,0.2,508.05,0,25.63,93.23,950.39,0,,,,,,,390.55,0,28.2,83.72,962.67,0,,,,,,,472.303,0,25.92,89.76,953.55,0,,0,28,79.01,962.55,0
2026-07-28 21:56:14,2026-07-28 21:50:00,488.239,0,26.3,91.38,952.24,0,455.489,0,26.32,84.31,955.78,0.1,508.05,0,25.65,91.44,950.49,0,,,,,,,390.552,0,28.01,84.17,962.69,0,,,,,,,472.303,0,25.98,88.57,953.61,0,,0,27.96,79.51,962.58,0
2026-07-28 22:06:12,2026-07-28 22:00:00,488.239,0,26.28,90.64,952.33,0,455.489,0,26.42,86.56,955.82,0.1,508.05,0,25.84,91.88,950.57,0,478.04,0,25.9,91.2,953,0.2,390.552,0,28.04,83.58,962.88,0,,0,25.6,92.3,950.5,0,472.303,0,26,86.2,953.78,0,,0,27.89,80.47,962.76,0
2026-07-28 22:16:12,2026-07-28 22:10:00,488.239,0,26.14,90.69,952.42,0,455.489,0,26.35,87.92,955.97,0.1,508.05,0,25.99,91.5,950.63,0,,,,,,,390.551,0,28.11,82.67,962.99,0,,,,,,,472.304,0,25.85,90.51,953.87,0,,0,27.86,80.51,962.97,0
2026-07-28 22:26:28,2026-07-28 22:20:00,488.239,0,26.11,90.46,952.53,0,455.489,0,26.11,88.05,956.15,0.1,508.05,0,25.96,91.93,950.73,0,,,,,,,390.552,0,28.11,83,963.15,0,,,,,,,472.303,0,25.74,90.56,954,0,,0,27.81,80.79,963.06,0
2026-07-28 22:36:13,2026-07-28 22:30:00,488.239,0,26.21,90.42,952.56,0,455.489,0,25.89,88.4,956.23,0.1,508.045,0,25.84,91.82,950.77,0,478.04,0,25.6,90.7,953.3,0.2,390.554,0,28.11,83.45,963.18,0,,0,25.4,94.7,950.7,0,472.303,0,25.67,92.72,954.07,0,,0,27.78,81.2,963.12,0
2026-07-28 22:46:14,2026-07-28 22:40:00,488.239,0,26.01,90.3,952.53,0,455.488,0,25.76,88.69,956.17,0.2,508.05,0,25.75,90.43,950.8,0,,,,,,,390.554,0,28.08,83.94,963.23,0,,,,,,,472.303,0,25.36,90.68,954.07,0,,0,27.64,81.71,963.11,0
2026-07-28 22:56:13,2026-07-28 22:50:00,488.234,0,25.91,90.3,952.53,0,455.489,0,25.81,88.73,956.17,0.1,508.043,0,25.93,90.46,950.78,0,,,,,,,390.557,0,27.99,84.15,963.22,0,,,,,,,472.303,0,25.41,92.19,954.06,0,,0,27.59,82.52,963.11,0
2026-07-28 23:16:13,2026-07-28 23:10:00,488.234,0,25.65,90.28,952.45,0,455.489,0,25.63,88.73,956.09,0.1,508.05,0,25.39,93.83,950.63,0,,,,,,,390.555,0,27.88,83.98,963.01,0,,,,,,,472.303,0,25.21,92.18,953.91,0,,0,27.45,82.85,962.94,0
2026-07-28 23:26:12,2026-07-28 23:20:00,488.234,0,25.83,89.48,952.35,0,455.489,0,25.62,89.1,955.91,0.1,508.05,0,25.22,92.45,950.48,0,,,,,,,390.556,0,27.81,84.24,962.89,0,,,,,,,472.303,0,25.09,92.87,953.78,0,,0,27.33,83.32,962.79,0
2026-07-28 23:36:13,2026-07-28 23:30:00,488.234,0,25.98,88.9,952.13,0,455.489,0,25.63,89.33,955.82,0.1,508.05,0,25.32,93.75,950.38,0,478.04,0,25,91.9,953,0.2,390.556,0,27.77,84.46,962.88,0,,0,25.3,95.8,950.4,0,472.303,0,24.9,93.47,953.78,0,,0,27.18,84.1,962.73,0
2026-07-28 23:46:12,2026-07-28 23:40:00,488.234,0,25.84,91.98,952.08,0,455.489,0,25.5,89.04,955.67,0.1,508.043,0,25.41,92.51,950.25,0,,,,,,,390.561,0,27.66,85.06,962.73,0,,,,,,,472.297,0,25.1,94.05,953.55,0,,0,27.1,84.36,962.61,0
2026-07-28 23:56:13,2026-07-28 23:50:00,488.227,0,25.69,88.51,951.9,0,455.489,0,25.38,88.39,955.51,0.1,508.05,0,24.9,94.53,950.09,0,,,,,,,390.563,0,27.53,85.38,962.51,0,,,,,,,472.303,0,25.02,93.77,953.43,0,,0,26.96,85.14,962.5,0
2026-07-29 00:06:14,2026-07-29 00:00:00,488.234,0,26.13,82.98,951.86,0,455.489,0,25.31,89.52,955.5,0.1,508.05,0,24.6,95.28,950.05,0,478.04,0,24.8,92.2,952.6,0.2,390.561,0,27.42,86.95,962.54,0,,0,25.1,96.9,950.1,0,472.297,0,25.54,93.6,953.38,0,,0,26.87,85.4,962.42,0
2026-07-29 00:26:12,2026-07-29 00:20:00,488.234,0,26.59,88.54,951.66,0,455.489,0,24.91,90.77,955.28,0.1,508.05,0,24.68,95.37,949.83,0,,,,,,,390.563,0,27.31,87.48,962.25,0,,,,,,,472.297,0,25.4,93.75,953.11,0,,0,26.62,86.8,962.21,0
2026-07-29 00:36:13,2026-07-29 00:30:00,488.228,0,25.7,91.57,951.61,0,455.489,0,24.8,90.22,955.18,0.2,508.05,0,24.47,95.37,949.81,0,478.04,0,24.5,92.4,952.4,0.2,390.562,0,27.18,87.67,962.15,0,,0,25,97.3,949.7,0,472.297,0,25.29,94.2,953.04,0,,0,26.48,87.68,962.07,0
2026-07-29 00:46:13,2026-07-29 00:40:00,488.228,0,25.48,89.57,951.46,0,455.489,0,24.91,89.93,955.06,0.1,508.051,0,24.3,96.28,949.65,0,,,,,,,390.562,0,27.11,87.82,962.09,0,,,,,,,472.297,0,25.14,94.17,952.88,0,,0,26.34,88.8,962.01,0
2026-07-29 01:06:13,2026-07-29 01:00:00,488.228,0,25.15,91.16,951.26,0,455.489,0,24.37,90.91,954.89,0.2,508.05,0,24.09,96.84,949.46,0,478.04,0,24.2,93.2,952.1,0.2,390.563,0,26.87,87.86,961.93,0,,0,24.7,97.8,949.4,0,472.297,0,24.78,95.23,952.77,0,,0,26.01,90.52,961.86,0
2026-07-29 01:16:12,2026-07-29 01:10:00,488.228,0,24.93,93.12,951.2,0,455.489,0,24.21,91.76,954.94,0.1,508.043,0,24.05,96.96,949.37,0,,,,,,,390.564,0,26.8,88.94,961.95,0,,,,,,,472.303,0,24.42,94.81,952.76,0,,0,25.89,90.93,961.85,0
2026-07-29 01:26:12,2026-07-29 01:20:00,488.228,0,24.78,93.28,951.12,0,455.489,0,24.27,92.19,954.82,0.1,508.044,0,23.99,97.25,949.29,0,,,,,,,390.564,0,26.59,89.39,961.84,0,,,,,,,472.297,0,24.32,95.65,952.71,0,,0,25.78,91.1,961.73,0
2026-07-29 01:36:12,2026-07-29 01:30:00,488.228,0,25.07,92.44,951.02,0,455.489,0,24,92.01,954.76,0.1,508.051,0,23.69,97.27,949.3,0,478.04,0,23.9,93.3,951.9,0.2,390.564,0,26.45,90.33,961.76,0,,0,24.4,98.4,949.3,0,472.303,0,24.55,95.34,952.62,0,,0,25.72,91.43,961.65,0
2026-07-29 01:46:12,2026-07-29 01:40:00,488.227,0,25.36,88.94,951.06,0,455.489,0,23.9,92.49,954.77,0.1,508.043,0,23.62,96.89,949.25,0,,,,,,,390.565,0,26.35,91.23,961.67,0,,,,,,,472.303,0,24.51,95.38,952.55,0,,0,25.68,91.58,961.7,0
2026-07-29 01:56:12,2026-07-29 01:50:00,488.228,0,24.42,92.88,951.07,0,455.49,0,23.8,92.71,954.79,0.2,508.044,0,23.51,97.11,949.28,0,,,,,,,390.566,0,26.3,91.53,961.62,0,,,,,,,472.297,0,24.63,95.2,952.53,0,,0,25.68,91.66,961.62,0
2026-07-29 02:06:13,2026-07-29 02:00:00,488.221,0,24.08,94,950.99,0,455.49,0,24.19,92.72,954.66,0.1,508.044,0,23.47,97.42,949.26,0,478.04,0,23.8,93.6,951.8,0.2,390.565,0,26.21,92.1,961.61,0,,0,24.6,98.4,949.1,0,472.303,0,24.68,94.92,952.49,0,,0,25.59,91.65,961.62,0
2026-07-29 02:16:12,2026-07-29 02:10:00,488.221,0,24.06,95.09,950.91,0,455.489,0,23.98,92.45,954.61,0.1,508.051,0,23.29,97.23,949.21,0,,,,,,,390.566,0,26.12,92.31,961.59,0,,,,,,,472.297,0,24.55,95.16,952.44,0,,0,25.57,91.6,961.58,0
2026-07-29 02:26:12,2026-07-29 02:20:00,488.228,0,24.53,93.73,950.86,0,455.489,0,23.88,92.69,954.5,0.1,508.051,0,23.27,96.71,949.14,0,,,,,,,390.566,0,26.05,92.16,961.58,0,,,,,,,472.297,0,24.48,95.63,952.34,0,,0,25.48,91.85,961.49,0
2026-07-29 02:36:12,2026-07-29 02:30:00,488.221,0,24.73,91.92,950.83,0,455.489,0,23.78,92.73,954.55,0.2,508.044,0,23.28,97.34,949.17,0,478.04,0,23.5,93.6,951.7,0.2,390.569,0,25.93,92.69,961.63,0,,0,24.3,98.6,948.9,0,472.297,0,24.2,95.66,952.35,0,,0,25.41,92.08,961.58,0
2026-07-29 02:46:14,2026-07-29 02:40:00,488.22,0,24.63,92,950.94,0,455.489,0,23.62,93.1,954.61,0.1,508.051,0,23.21,97.63,949.2,0,,,,,,,390.569,0,25.84,93.09,961.68,0,,,,,,,472.297,0,24.13,95.97,952.44,0,,0,25.38,91.98,961.54,0
2026-07-29 02:56:12,2026-07-29 02:50:00,488.22,0,24.8,90.46,951.01,0,455.49,0,23.55,93.23,954.68,0.1,508.044,0,23.13,97.83,949.34,0,,,,,,,390.568,0,25.82,93.32,961.66,0,,,,,,,472.303,0,24.03,96.06,952.46,0,,0,25.31,91.98,961.66,0
2026-07-29 03:06:13,2026-07-29 03:00:00,488.221,0,25.11,87.33,951,0,455.49,0,23.58,93.39,954.68,0.1,508.044,0,23.03,97.56,949.33,0,478.04,0,23.7,94.4,951.8,0.2,390.566,0,25.82,93.16,961.66,0,,0,24.3,99.3,949,0,472.303,0,23.91,96.12,952.42,0,,0,25.31,92.22,961.64,0
2026-07-29 03:16:14,2026-07-29 03:10:00,488.22,0,25.22,89.94,950.88,0,455.49,0,23.58,93.31,954.6,0.1,508.044,0,23,97.62,949.18,0,,,,,,,390.569,0,25.91,94.22,961.61,0,,,,,,,472.297,0,23.93,96.37,952.4,0,,0,25.31,92.23,961.58,0
2026-07-29 03:26:13,2026-07-29 03:20:00,488.215,0,25.35,87.52,950.76,0,455.489,0,23.47,92.24,954.52,0.1,508.044,0,22.91,97.59,949.14,0,,,,,,,390.568,0,25.86,94.02,961.59,0,,,,,,,472.297,0,23.88,96.49,952.34,0,,0,25.27,92.45,961.53,0
2026-07-29 03:46:12,2026-07-29 03:40:00,488.215,0,25.28,86.44,950.72,0,455.49,0,23.66,92.34,954.49,0.1,508.051,0,22.77,97.75,949.16,0,,,,,,,390.57,0,25.87,94.12,961.63,0,,,,,,,472.303,0,23.58,96.33,952.34,0,,0,25.18,92.7,961.55,0
2026-07-29 03:56:14,2026-07-29 03:50:00,488.221,0,25.42,85.04,950.76,0,455.49,0,23.48,92.83,954.58,0.1,508.051,0,22.93,98.01,949.2,0,,,,,,,390.57,0,25.91,93.76,961.67,0,,,,,,,472.297,0,23.62,96.62,952.38,0,,0,25.13,92.73,961.69,0
2026-07-29 04:16:12,2026-07-29 04:10:00,488.215,0,24.12,91.8,951.16,0,455.49,0,23.85,93.62,954.81,0.1,508.044,0,22.9,98.09,949.36,0,,,,,,,390.569,0,25.75,93.09,961.87,0,,,,,,,472.297,0,23.63,96.79,952.64,0,,0,24.91,92.1,961.83,0
2026-07-29 04:26:13,2026-07-29 04:20:00,488.215,0,23.95,94.8,951.16,0,455.49,0,23.79,93.59,954.84,0.1,508.044,0,22.74,98.01,949.37,0,,,,,,,390.569,0,25.68,92.6,961.89,0,,,,,,,472.297,0,23.76,96.89,952.66,0,,0,24.86,92.2,961.92,0
2026-07-29 04:36:12,2026-07-29 04:30:00,488.215,0,24.01,92.45,951.16,0,455.489,0,23.82,93.57,954.83,0.2,508.044,0,22.78,97.98,949.44,0,478.04,0,23.6,94.5,952,0.2,390.571,0,25.61,92.12,961.93,0,,0,24,99.2,949.2,0,472.297,0,23.72,96.74,952.61,0,,0,24.8,91.8,961.88,0
2026-07-29 04:46:12,2026-07-29 04:40:00,488.215,0,24.25,91.35,951.18,0,455.49,0,23.82,93.36,954.82,0.2,508.044,0,22.82,98.14,949.41,0,,,,,,,390.57,0,25.54,91.95,961.87,0,,,,,,,472.297,0,23.72,96.79,952.6,0,,0,24.76,91.8,961.93,0
2026-07-29 04:56:13,2026-07-29 04:50:00,488.215,0,24.26,91.07,951.19,0,455.49,0,23.73,93.27,954.86,0.1,508.044,0,22.84,98.32,949.45,0,,,,,,,390.569,0,25.49,91.2,961.92,0,,,,,,,472.297,0,23.83,96.83,952.64,0,,0,24.72,91.37,961.95,0
2026-07-29 05:06:13,2026-07-29 05:00:00,488.215,0,23.89,93.13,951.16,0,455.49,0,23.85,93.62,954.86,0.2,508.044,0,22.94,97.76,949.44,0,478.04,0,23.5,94.3,951.9,0.2,390.572,0,25.5,91.2,961.88,0,,0,23.9,99.2,949.2,0,472.297,0,23.79,96.79,952.63,0,,0,24.72,91.67,961.9,0
2026-07-29 05:16:12,2026-07-29 05:10:00,488.215,0,25.01,85.63,951.15,0,455.49,0,23.65,92.8,954.85,0.1,508.044,0,23.1,98.01,949.46,0,,,,,,,390.571,0,25.46,90.14,961.88,0,,,,,,,472.297,0,23.74,96.71,952.64,0,,0,24.69,91.64,961.93,0
2026-07-29 05:26:13,2026-07-29 05:20:00,488.215,0,25.42,86.79,951.05,0,455.489,0,24.24,88.78,954.75,0.1,508.044,0,23.03,97.82,949.43,0,,,,,,,390.573,0,25.46,90.49,961.88,0,,,,,,,472.297,0,23.74,96.65,952.56,0,,0,24.73,91.73,961.88,0
2026-07-29 05:36:14,2026-07-29 05:30:00,488.215,0,25.35,83.27,950.96,0,455.49,0,25.09,83.47,954.62,0.1,508.044,0,23.05,97.86,949.36,0,478.04,0,23.4,94,951.8,0.2,390.573,0,25.46,90.56,961.79,0,,0,23.9,98.9,949,0,472.297,0,23.77,96.73,952.47,0,,0,24.63,91.29,961.82,0
2026-07-29 05:46:13,2026-07-29 05:40:00,488.208,0,25.17,85.91,950.96,0,455.49,0,25.28,83.73,954.72,0.1,508.051,0,23,97.64,949.3,0,,,,,,,390.572,0,25.48,90.46,961.83,0,,,,,,,472.297,0,23.74,96.89,952.45,0,,0,24.65,91.4,961.85,0
2026-07-29 05:56:24,2026-07-29 05:50:00,488.208,0,25.15,84.57,950.96,0,455.489,0,24.57,88.39,954.73,0.6,508.044,0,22.98,97.71,949.29,0.1,,,,,,,390.573,0,25.45,90.24,961.8,0.5,,,,,,,472.297,0,23.73,96.91,952.5,0,,0,24.68,91.76,961.77,0
2026-07-29 06:06:12,2026-07-29 06:00:00,488.208,0,25.36,85.78,951,1.2,455.49,0,24.03,89.61,954.84,2.4,508.044,0,22.98,97.67,949.39,1.9,478.04,0,23.4,93.4,951.8,2.7,390.573,0,25.38,90.8,961.82,2.7,,0,24,98.7,949.1,0,472.297,0,23.77,96.86,952.56,0.3,,0,24.68,91.65,961.87,1.3
2026-07-29 06:16:12,2026-07-29 06:10:00,488.214,0,25.4,84.26,951.15,6.1,455.49,0,23.88,91.68,954.99,9.4,508.044,0,23,97.12,949.51,9.2,,,,,,,390.575,0,25.41,90.49,962,8.8,,,,,,,472.297,0,23.8,96.96,952.72,5.4,,0,24.69,91.78,962.1,8.8
2026-07-29 06:26:12,2026-07-29 06:20:00,488.215,0,25.69,81.62,951.22,13.9,455.489,0,24.41,85.91,955.06,17.8,508.044,0,23.1,96.68,949.64,16.8,,,,,,,390.573,0,25.48,89.98,962.2,15.2,,,,,,,472.297,0,23.87,96.74,952.79,12.8,,0,24.86,91.53,962.23,16.8
2026-07-29 06:36:12,2026-07-29 06:30:00,488.208,0,25.75,82.34,951.35,19.9,455.489,0,24.6,87.68,955.22,25.4,508.044,0,23.15,96.87,949.77,23.6,478.04,0,23.6,92.3,952.2,24.7,390.576,0,25.52,90.23,962.35,22.9,,0,24,98.7,949.6,16.3,472.297,0,24,96.7,952.97,18.6,,0,25,90.68,962.35,26.9
2026-07-29 06:56:13,2026-07-29 06:50:00,488.209,0,25.49,82.75,951.87,23.6,455.49,0,24.56,89.44,955.59,32.3,508.044,0,23.31,97.04,950.1,30.7,,,,,,,390.576,0,25.8,88.77,962.66,38.6,,,,,,,472.297,0,24.31,96.69,953.39,16.5,,0,25.31,89.16,962.65,31
2026-07-29 07:06:12,2026-07-29 07:00:00,488.202,0,25.23,82.06,951.94,29.4,455.489,0,24.68,90.35,955.69,36.8,508.044,0,23.51,96.85,950.24,36.7,478.04,0,23.8,93,952.6,34.9,390.576,0,25.87,88.1,962.73,42.5,,0,24.3,98.9,950.1,28.1,472.297,0,24.3,96.2,953.48,26.8,,0,25.41,88.73,962.76,30.5
2026-07-29 07:16:14,2026-07-29 07:10:00,488.209,0,25.12,88.42,952.07,43.7,455.49,0,24.77,90.95,955.73,48,508.044,0,23.85,96.89,950.27,48.8,,,,,,,390.575,0,25.96,87.26,962.89,43.2,,,,,,,472.297,0,24.52,95.74,953.52,40.9,,0,25.44,88.14,962.87,38.2
2026-07-29 07:26:13,2026-07-29 07:20:00,488.215,0,25.19,89.97,952.17,69.8,455.489,0,25.04,91.21,955.92,73.2,508.044,0,24.1,95.91,950.39,64.9,,,,,,,390.57,0,26.04,87.12,962.89,49.4,,,,,,,472.297,0,24.81,95.8,953.6,50.9,,0,25.58,86.66,962.99,58.3
2026-07-29 07:56:12,2026-07-29 07:50:00,488.208,0,25.93,89.01,952.3,124.3,455.489,0,26.24,87.82,956.04,148.8,508.043,0,25.42,91.66,950.47,143.6,,,,,,,390.572,0,26.67,85.19,963.05,142.8,,,,,,,472.297,0,25.52,92.9,953.68,99.3,,0,26.54,85.11,963.15,137.1
2026-07-29 08:06:13,2026-07-29 08:00:00,488.208,0,26.32,88.97,952.32,106.2,455.489,0,26.48,86.31,956.11,147.5,508.043,0,25.65,89.32,950.5,153.3,478.04,0,25.3,91.6,953.1,138.6,390.564,0,26.98,83.39,963.02,230.8,,0.2,25.1,95,950.4,100.1,472.297,0,25.87,93.06,953.73,102.4,,0,27.3,82.38,963.19,177.4
2026-07-29 08:16:20,2026-07-29 08:10:00,488.202,0,26.55,88.03,952.42,106.3,455.489,0,26.59,86.89,956.21,138.2,508.05,0,25.9,87.49,950.62,138,,,,,,,390.571,0,27.41,82.8,963.13,196.7,,,,,,,472.297,0,26.17,92.61,953.85,108.1,,0,27.51,80.29,963.33,177.4
2026-07-29 08:26:12,2026-07-29 08:20:00,488.214,0,26.79,87.42,952.56,147.8,455.489,0,26.78,88.75,956.25,168,508.05,0,25.94,88.45,950.71,145.2,,,,,,,390.573,0,27.53,81.49,963.28,135.4,,,,,,,472.297,0,26.25,89.48,953.95,144.5,,0,27.55,80.73,963.46,155.6
2026-07-29 08:36:12,2026-07-29 08:30:00,488.214,0,27.27,87.49,952.68,166.6,455.489,0,27.19,87.43,956.48,196.8,508.05,0,26,89.6,950.87,159.7,478.04,0,25.9,91.2,953.4,163.8,390.573,0,27.48,82.06,963.36,104.7,,0,26.2,91.4,950.7,167.9,472.297,0,27.04,90.48,954.05,164.7,,0,27.45,81.37,963.47,179.1
2026-07-29 08:46:12,2026-07-29 08:40:00,488.214,0,27.48,87.12,952.78,138.3,455.489,0,27.58,85.55,956.52,173,508.049,0,26.24,89.03,950.99,153.7,,,,,,,390.573,0,27.51,82.26,963.44,97.3,,,,,,,472.309,0,27.25,86.41,954.07,194.3,,0,27.89,80.63,963.61,183.9
2026-07-29 08:56:13,2026-07-29 08:50:00,488.214,0,27.49,87.09,952.87,149.3,455.489,0,27.64,84,956.56,183.3,508.056,0,26.52,87.26,951,159.3,,,,,,,390.573,0,27.42,81.93,963.57,91.9,,,,,,,472.303,0,27.62,88.6,954.23,180.6,,0,28.3,81.29,963.69,156
2026-07-29 09:06:13,2026-07-29 09:00:00,488.22,0,27.84,87.17,952.94,184.2,455.489,0,27.83,83.79,956.68,184.2,508.056,0,26.52,86.68,951.13,154.6,478.04,0,26.1,89.6,953.7,177.8,390.575,0,27.38,81.46,963.56,109.4,,0,26.7,91,951,222.4,472.303,0,27.81,84.88,954.33,207.3,,0,28.04,78.64,963.76,145.2
2026-07-29 09:16:12,2026-07-29 09:10:00,488.214,0,28.42,81.97,953.06,216.7,455.489,0,28.11,82.45,956.78,234.7,508.056,0,26.98,87.41,951.15,220.8,,,,,,,390.573,0,27.53,81.04,963.55,147.3,,,,,,,472.303,0,28.15,85.28,954.4,297.2,,0,28.03,78.5,963.82,158.6
2026-07-29 09:26:12,2026-07-29 09:20:00,488.214,0,28.68,83.08,953.12,243.8,455.489,0,28.12,83.03,956.82,263.9,508.056,0,27.54,82.32,951.23,244.4,,,,,,,390.576,0,27.87,81.35,963.74,158.6,,,,,,,472.303,0,28.87,85.79,954.44,318,,0,28.33,79.42,963.87,172.2
2026-07-29 09:36:11,2026-07-29 09:30:00,488.22,0,28.74,83.11,953.25,274,455.489,0,28.6,81.46,956.88,285.2,508.056,0,27.61,83.77,951.28,238.2,478.03,0,26.6,87.6,953.9,243.6,390.576,0,28.24,79.5,963.79,222.3,,0,28.3,82.6,951.2,299.5,472.31,0,29.24,83.35,954.47,280.6,,0,28.56,77.38,963.96,183.2
2026-07-29 09:46:11,2026-07-29 09:40:00,488.214,0,29.5,78.12,953.22,338.3,455.488,0,29.2,81.59,956.86,385.9,508.056,0,27.86,82.55,951.29,283.3,,,,,,,390.575,0,28.69,78.9,963.77,244.1,,,,,,,472.317,0,29.51,82.48,954.48,379.6,,0,28.89,75.52,963.93,250.6
2026-07-29 09:56:12,2026-07-29 09:50:00,488.22,0,29.57,75.55,953.23,331.7,455.489,0,30.05,77.93,956.89,347.8,508.055,0,27.83,79.58,951.37,331.1,,,,,,,390.575,0,28.77,77.56,963.91,197.9,,,,,,,472.304,0,30.74,79.5,954.5,474.8,,0,29.25,77.13,964.02,279.1
2026-07-29 10:16:12,2026-07-29 10:10:00,488.214,0,30.8,75.84,953.22,398.4,455.488,0,30.13,78.62,956.91,437.2,508.055,0,28.12,81.52,951.35,355,,,,,,,390.573,0,29.11,76.74,963.96,265.7,,,,,,,472.317,0,30.16,76.39,954.61,253.5,,0,30.21,75.57,964.11,369.1
2026-07-29 10:26:12,2026-07-29 10:20:00,488.214,0,30.69,76.44,953.12,374.9,455.489,0,30.93,78.3,956.87,446.4,508.061,0,29.07,82.53,951.26,437.3,,,,,,,390.573,0,29.34,75.12,963.82,313.3,,,,,,,472.31,0,29.76,82.96,954.56,274.2,,0,30.71,72.93,964.02,446.9
2026-07-29 10:46:13,2026-07-29 10:40:00,488.226,0,32.37,76.04,953.19,688.7,455.488,0,31.48,73.65,956.84,564.6,508.061,0,29.24,80.32,951.22,366.3,,,,,,,390.572,0,29.77,74.23,963.83,349.1,,,,,,,472.31,0,30.58,82.63,954.55,427.7,,0,32.02,66.62,963.91,511.8
2026-07-29 10:56:12,2026-07-29 10:50:00,488.239,0,32.42,71.73,953.1,797.2,455.488,0,31.96,69.67,956.67,734.2,508.061,0,29.57,75.28,951.23,392.7,,,,,,,390.571,0,30.27,71.45,963.71,488.4,,,,,,,472.31,0,31.64,77.82,954.46,493,,0,33.61,62.76,963.82,642.2
2026-07-29 11:06:11,2026-07-29 11:00:00,488.22,0,32.64,69.13,952.99,776.7,455.488,0,32.98,73.89,956.54,759.1,508.061,0,29.91,80.62,951.05,513.3,478.04,0,30.7,83.5,953.7,755.8,390.572,0,30.62,72.29,963.57,518.4,,0,29.8,80.8,951,472.6,472.31,0,32.32,76.41,954.37,633.1,,0,33.95,59.93,963.71,559.6
2026-07-29 11:16:12,2026-07-29 11:10:00,488.27,0,33.22,69.77,952.88,684.2,455.488,0,33.69,67.4,956.49,1042.9,508.061,0,31.54,71.22,950.97,537.2,,,,,,,390.571,0,30.98,69.12,963.47,474.4,,,,,,,472.31,0,32.9,75.16,954.26,572,,0,34.16,64.19,963.62,585.5
2026-07-29 11:26:13,2026-07-29 11:20:00,488.201,0,32.9,71.23,952.77,381.7,455.488,0,35.3,64.66,956.31,967.1,508.061,0,31.31,75.03,950.81,1000.6,,,,,,,390.57,0,31.17,68.68,963.42,410.8,,,,,,,472.31,0,34.35,70.43,954.12,808.6,,0,33.71,62.49,963.43,519.7
2026-07-29 11:36:11,2026-07-29 11:30:00,488.289,0,33.12,69.55,952.57,1055.4,455.488,0,33.93,69.41,956.09,858.1,508.061,0,32.63,66.74,950.6,590.5,478.03,0,31.6,75.2,953.3,881.4,390.565,0,31.18,68.45,963.19,397,505.16,0,29.2,78.7,950.7,242.9,472.316,0,32.7,69.91,953.93,367.5,,0,33.53,62.06,963.23,549.6
2026-07-29 11:46:13,2026-07-29 11:40:00,488.194,0,32.47,69.9,952.44,329.5,455.488,0,34.62,72.01,955.91,,508.067,0,30.16,73.27,950.59,282.3,,,,,,,390.572,0,31.48,68.42,963.06,440.5,,,,,,,472.31,0,30.88,71.61,953.97,305.5,,0,33.68,62.38,963.01,518.9
2026-07-29 11:56:13,2026-07-29 11:50:00,488.188,0,30.45,75.1,952.39,343.8,455.488,0,33.21,67.68,955.85,418.4,508.074,0.2,28.31,86.58,950.62,186.1,,,,,,,390.565,0,31.94,66.32,962.92,522.3,,,,,,,472.317,2.2,27.9,87.55,953.99,213.6,,0,33.39,59.65,962.95,599.1
2026-07-29 12:06:12,2026-07-29 12:00:00,488.189,0,31.83,72.35,952.39,327.3,455.488,0,32.06,75.79,955.83,569,508.061,1.2,26.2,94.75,950.52,266.9,478.04,1.4,26.7,91.1,953.2,390.5,390.568,0,32.42,62.52,962.92,578.9,505.16,1.8,25.3,98.3,950.5,297.8,472.31,6.6,25.72,95.02,953.95,256.6,,0,34.08,56.96,962.91,562.8
2026-07-29 12:16:12,2026-07-29 12:10:00,488.188,0,30.5,78.48,952.4,228.1,455.488,0,30.25,76.97,955.88,213.4,508.055,1.8,25.83,96.55,950.53,300.7,,,,,,,390.566,0,32.59,63.93,962.79,515.3,,,,,,,472.303,1.8,26.47,96.02,953.9,324.4,,0,35.42,57.3,962.79,731.2
2026-07-29 12:26:13,2026-07-29 12:20:00,488.181,0,30.36,77.81,952.32,264.2,455.488,0,29.31,77.42,955.78,161.4,508.048,2,26.31,96.19,950.44,335,,,,,,,390.565,0,32.9,64.18,962.74,584.6,,,,,,,472.303,2,26.85,95.58,953.8,353.2,,0,35.64,53.03,962.71,926
2026-07-29 12:36:12,2026-07-29 12:30:00,488.207,0,27.95,83.97,952.21,313.1,455.488,0,29.1,78.93,955.64,283.3,508.049,2,25.8,95.55,950.32,417.1,478.04,0,27.1,91.5,952.9,257.4,390.566,0,33.34,62.23,962.5,786.4,,0,28.1,86.1,950.2,454.5,472.297,2,27.6,94.13,953.55,427.7,,0,36.21,52.68,962.56,743.3
2026-07-29 12:46:13,2026-07-29 12:40:00,488.181,0,29.42,86.04,952.13,371.2,455.488,0,29.37,82.55,955.63,276.4,508.049,2.2,26.56,93.69,950.26,248.7,,,,,,,390.572,0,32.83,65.62,962.35,443,,,,,,,472.297,2,29.48,88.02,953.54,564.7,,0,33.57,60.8,962.61,235.1
2026-07-29 12:56:12,2026-07-29 12:50:00,488.188,0,29.66,80.59,951.97,272.8,455.489,0,29.34,79.99,955.46,293.5,508.049,2.6,25.5,96.94,950.13,183.6,,,,,,,390.568,0,32.99,63.72,962.22,293,,,,,,,472.303,2,29.28,83.91,953.26,355.2,,0,30.28,72.1,962.36,260.1
2026-07-29 13:06:11,2026-07-29 13:00:00,488.181,0,28.42,84.64,951.83,219.3,455.489,0,28.8,80.93,955.33,260,508.049,2.8,25.41,97.23,949.97,226.1,478.04,0,26.7,91,952.7,292.5,390.566,0,30.69,71.4,962.13,211.5,,0,27.2,86.5,949.8,340.2,472.31,2,29.37,85.91,953.19,285.8,,0,29.64,72.5,962.15,311.5
2026-07-29 13:16:12,2026-07-29 13:10:00,488.182,0,28.75,83.3,951.68,246.5,455.488,0.2,27.64,84.48,955.12,274,508.049,0.2,25.94,96.89,949.74,303.8,,,,,,,390.57,0,30.49,71.59,961.9,371.4,,,,,,,472.303,0,29.4,85.9,953.08,464.5,,0,29.11,75.73,961.97,347.5
2026-07-29 13:26:12,2026-07-29 13:20:00,488.188,0,29.15,79.2,951.4,269.2,455.489,0.4,27.54,86.23,954.89,284.7,508.049,0.2,26.17,96.74,949.62,330.1,,,,,,,390.563,0,30.84,69.62,961.87,517.3,,,,,,,472.297,0,30.78,78.82,952.81,823.9,,0,29.38,73.43,961.89,330.1
2026-07-29 13:36:12,2026-07-29 13:30:00,488.188,0,29.81,85.88,951.37,266.4,455.489,0.4,27.98,86.05,954.79,278.3,508.049,0.2,26.82,93.76,949.5,319.3,478.03,0,27.6,88.9,952.1,336.7,390.571,0,31.35,67.22,961.71,708.9,,0,29.8,77.6,949.3,1037.6,472.303,0,31.12,77.86,952.69,555,,0,29.85,70.71,961.7,384.8
2026-07-29 13:56:13,2026-07-29 13:50:00,488.182,0,29.74,79.93,951.02,302.5,455.489,0.4,28.55,83.76,954.5,281.9,508.049,0.2,30.77,81.15,949.15,686.5,,,,,,,390.572,0,33.34,64.36,961.36,847.9,,,,,,,472.31,0,35.36,70.69,952.3,922.2,,0,31.14,69,961.45,428.2
2026-07-29 14:06:11,2026-07-29 14:00:00,488.202,0,29.68,79.82,950.76,307.2,455.481,0.4,28.92,85.88,954.21,298.2,508.055,0.2,32.35,76.61,948.95,885.6,478.04,0,29,88.6,951.5,530.3,390.568,0,34.17,62.3,961.26,629.7,,0,30.8,77.3,948.8,819.8,472.317,0,34.87,64.63,952.08,756.1,,0,31.42,73.01,961.25,584.4
2026-07-29 14:16:12,2026-07-29 14:10:00,488.201,0,30.52,81.03,950.69,348.1,455.488,0,29.33,82.8,954.1,371.5,508.061,0,31.57,79.11,948.81,1061.6,,,,,,,390.568,0,34.13,60.08,961.05,714.7,,,,,,,472.31,0,35.38,60.76,951.95,845.9,,0,32.48,69.15,961.13,571.9
2026-07-29 14:26:12,2026-07-29 14:20:00,488.202,0,31.13,75.72,950.57,430.1,455.488,0,30.18,81.97,954.04,556.9,508.061,0,31.18,82.6,948.78,500.2,,,,,,,390.571,0,33.68,61.57,961.02,690.6,,,,,,,472.31,0,36.19,64.06,951.93,882,,0,34.18,64.51,961.06,534.4
2026-07-29 14:36:11,2026-07-29 14:30:00,488.188,0,32.37,78.45,950.49,529,455.489,0,31.08,83.49,953.88,559.7,508.054,0,30.55,80.48,948.6,856.5,478.03,0,31.7,80,951.2,947.1,390.568,0,34.07,61.72,960.89,494.8,505.16,0,30.6,78.6,948.5,399.7,472.31,0,35.93,64.45,951.86,908.2,,0,33.56,66.75,960.9,571.2
2026-07-29 14:46:15,2026-07-29 14:40:00,488.233,0,33.87,73.42,950.37,755.1,455.482,0,32.81,75.97,953.78,714.3,508.061,0,30.69,78.07,948.44,353.7,,,,,,,390.566,0,34.4,62.45,960.68,498.2,,,,,,,472.323,0,33.41,68.42,951.89,393.9,,0,35.43,63.26,960.84,1054.3
2026-07-29 14:56:12,2026-07-29 14:50:00,488.22,0,34.59,72.92,950.01,873.6,455.481,0,33.99,75.56,953.51,876.1,508.061,0,29.8,81.99,948.2,249.5,,,,,,,390.571,0,34.11,64.3,960.44,427.4,,,,,,,472.323,0,32.57,76.01,951.56,288.2,,0,34.51,64.56,960.48,653
2026-07-29 15:06:11,2026-07-29 15:00:00,488.213,0,34.43,67.28,949.92,363.1,455.481,0,35.96,69.45,953.29,917.5,508.061,0.2,29.1,85.7,948.27,184,478.03,0,30.1,81.7,950.8,278.7,390.568,0,32.7,63.84,960.32,713.6,,0,29.6,77.9,948.1,185.1,472.317,0,33.06,79.01,951.36,691.8,,0,33.75,64.26,960.27,422.4
2026-07-29 15:16:13,2026-07-29 15:10:00,488.175,0,32.41,76,949.98,429.3,455.481,0,35.61,68.43,953.35,355.4,508.061,0.8,27.52,91.6,948.01,174,,,,,,,390.563,0,32.67,64.94,960.27,371.7,,,,,,,472.31,0,33.64,72.97,951.4,441.3,,0,34.65,61.16,960.23,360.2
2026-07-29 15:26:12,2026-07-29 15:20:00,488.175,0,32.74,74.78,949.84,241,455.481,0,32.99,70.34,953.25,237.5,508.056,1.2,26.41,95.39,947.94,149.1,,,,,,,390.561,0,32.72,65.35,960.25,676.5,,,,,,,472.31,0,34.54,65.56,951.26,422.6,,0,35.37,59.32,960.18,832.8
2026-07-29 15:46:12,2026-07-29 15:40:00,488.168,0,32.04,73.78,949.5,281.3,455.488,0,32.54,71.28,952.93,416.9,508.049,4,25.79,97.92,947.7,113.5,,,,,,,390.569,0,33.07,67.02,959.84,157.2,,,,,,,472.317,0,30.94,74.81,950.89,399.3,,0,32.41,64.87,959.78,129
2026-07-29 15:56:13,2026-07-29 15:50:00,488.175,0,30.9,76.65,949.35,204.1,455.488,0,31.96,71.82,952.78,218.4,508.049,5.4,25.21,97.56,947.72,106,,,,,,,390.575,0,33.1,67.27,959.87,105,,,,,,,472.31,0,32.89,76.41,950.75,593.9,,0,31.75,68.91,959.72,93.5
2026-07-29 16:06:15,2026-07-29 16:00:00,488.175,0,30.86,75.13,949.45,273.7,455.488,0,32.05,72.32,952.95,410.9,508.049,6,24.94,97.76,947.77,92.7,478.04,7.2,24.9,93.8,950.5,123.8,390.572,0,32.08,67.6,959.9,123.8,,0,32,73.4,947.5,347.7,472.317,0,32.24,73.63,950.81,262.4,,0,30.94,71.16,959.81,77.4
2026-07-29 16:16:13,2026-07-29 16:10:00,488.188,0,31.22,71.67,949.54,164.9,455.488,0,29.47,75.11,952.99,195.8,508.043,0.6,24.92,98.46,947.79,74.4,,,,,,,390.575,0,31.11,68.68,959.86,92.1,,,,,,,472.317,0,30.71,79.64,950.95,192.4,,0,30.48,73.91,959.88,85.6
2026-07-29 16:26:12,2026-07-29 16:20:00,488.201,0,30.47,71.02,949.52,169.4,455.481,0,29.63,75.95,952.93,156.4,508.049,1,24.8,98.24,947.68,95.2,,,,,,,390.577,0,30.62,71.76,959.9,105,,,,,,,472.317,0,28.92,83.05,950.96,69.4,,0,29.11,78.11,959.91,75.2
2026-07-29 16:46:14,2026-07-29 16:40:00,488.169,0,28.02,78.36,949.47,65.9,455.488,0,27.85,79.98,952.88,82,508.043,5.4,24.16,99.38,947.72,83.4,,,,,,,390.578,0,28.79,76.91,959.89,165.8,,,,,,,472.31,0,28.25,84.08,950.82,88.8,,1.6,26.83,86.15,959.75,87.6
2026-07-29 17:06:12,2026-07-29 17:00:00,488.175,0,28.23,80.66,949.4,78.9,455.488,0,28.02,82.66,952.86,89.1,508.043,7.2,23.93,99.63,947.63,100.1,478.06,2.8,24.8,95.1,950.2,98.6,390.581,0,31,72.78,959.89,258.3,505.16,0.6,27,92.6,947.5,192.2,472.31,0,28.32,87.84,950.87,178.7,,1.8,27.92,87.36,959.86,118
2026-07-29 17:16:13,2026-07-29 17:10:00,488.169,0,28.13,83.53,949.47,77.6,455.488,0,28.04,79.51,952.94,91,508.045,0.2,23.99,99.71,947.79,104.3,,,,,,,390.576,0,30.93,67.9,960.02,165.5,,,,,,,472.304,0,28.87,82.59,950.9,238.8,,0,28.37,85.29,959.97,139.1
2026-07-29 17:26:13,2026-07-29 17:20:00,488.169,0,27.88,84.37,949.57,83.2,455.488,0,27.71,87.93,953.03,84.7,508.043,0.4,24.24,99.97,947.9,108.9,,,,,,,390.576,0,30.46,73.69,960.01,112.7,,,,,,,472.303,0,29,82.61,951.07,146.3,,0,28.56,84.57,960.04,117.9
2026-07-29 17:36:13,2026-07-29 17:30:00,488.169,0,27.62,86.06,949.55,91,455.481,0.2,27.54,87.61,952.99,96,508.043,0.4,24.41,99.92,947.77,112,478.07,0,25.1,95.3,950.4,112.3,390.584,0,30.8,72.22,960.16,80,,0,27,91.8,947.7,99.9,472.303,0,28.42,85.53,950.98,110,,0,28.54,83.19,960.11,97.9
2026-07-29 17:46:13,2026-07-29 17:40:00,488.17,0,27.47,84.38,949.7,82.6,455.482,0.2,27.16,88.17,953.17,89.3,508.043,0.4,24.53,99.97,947.93,101.5,,,,,,,390.582,0,30.77,73.38,960.1,81.3,,,,,,,472.303,0,28.29,88.48,951.1,83.9,,0,28.52,83.54,960.18,84
2026-07-29 17:56:12,2026-07-29 17:50:00,488.163,0,27.59,89.49,949.85,73.1,455.482,0.2,27.06,88.19,953.32,81,508.043,0.4,24.88,99.99,947.98,85.5,,,,,,,390.579,0,30.89,74.49,960.24,94.9,,,,,,,472.303,0,28.15,88.05,951.25,68.1,,0,28.3,82.6,960.26,74.3
2026-07-29 18:06:12,2026-07-29 18:00:00,488.163,0,27.45,87.95,949.95,65.7,455.482,0.2,26.88,88.5,953.46,70.3,508.043,0.4,24.58,99.96,948.11,66.7,478.07,0,25.1,95.5,950.7,75.6,390.583,0,30.65,74.24,960.42,50,,0,26.6,94.9,947.9,56.8,472.303,0,27.96,88.63,951.3,56.6,,0,28.17,84.96,960.34,53.7
2026-07-29 18:16:12,2026-07-29 18:10:00,488.162,0,27.26,88.67,949.89,47.3,455.488,0,26.89,88.94,953.37,49,508.043,0,24.49,,948.17,44.7,,,,,,,390.584,0,29.87,76.73,960.39,31.7,,,,,,,472.303,0,27.49,89.08,951.31,38.1,,0,27.85,84.43,960.37,36.4
2026-07-29 18:26:12,2026-07-29 18:20:00,488.163,0,26.9,90.26,949.95,33.1,455.482,0,26.54,88.54,953.39,35,508.043,0,24.29,,948.13,30.5,,,,,,,390.585,0,29.44,79.13,960.32,23.2,,,,,,,472.304,0,27.05,91.06,951.33,26.3,,0,27.51,84.27,960.3,26.2
2026-07-29 18:36:13,2026-07-29 18:30:00,488.162,0,26.75,91.99,950.01,21.4,455.482,0,26.48,89.65,953.52,23.3,508.043,0,24.09,99.9,948.23,20.5,478.07,0,24.7,95.4,950.8,23.8,390.586,0,29.45,78.49,960.4,16.2,,0,26,96.5,948.1,17.7,472.304,0,26.7,91.31,951.44,17.9,,0,27.37,84.23,960.37,17.9
2026-07-29 18:56:13,2026-07-29 18:50:00,488.156,0,26.36,91.68,950,3.8,455.482,0,26.21,89.87,953.55,4.5,508.05,0,23.7,99.95,948.33,3.1,,,,,,,390.588,0,29.15,80.27,960.58,2.7,,,,,,,472.303,0,26.26,93.12,951.52,2.5,,0,27.11,88.03,960.56,2.2
2026-07-29 19:06:12,2026-07-29 19:00:00,488.156,0,26.11,93.4,950.1,0.3,455.482,0,25.73,90.81,953.69,0.8,508.043,0,23.59,,948.4,0.2,478.07,0,24.4,95.6,951,1,390.589,0,28.89,81.55,960.65,0.4,,0,25.7,97.8,948.2,0,472.303,0,26.06,93.86,951.54,0,,0,26.92,87.73,960.59,0
2026-07-29 19:16:17,2026-07-29 19:10:00,488.156,0,25.91,92.88,950.34,0,455.482,0,25.76,91.49,953.89,0.1,508.043,0,23.55,,948.59,0,,,,,,,390.591,0,28.83,82.19,960.81,0,,,,,,,472.303,0,25.91,94.27,951.78,0,,0,26.74,88.11,960.75,0
2026-07-29 19:26:13,2026-07-29 19:20:00,488.156,0,25.93,93.03,950.5,0,455.482,0,25.8,91.15,954.02,0.1,508.043,0,23.59,,948.66,0,,,,,,,390.59,0,28.22,84.05,960.95,0,,,,,,,472.303,0,25.72,94.39,951.9,0,,0,26.58,88.88,961,0
2026-07-29 19:36:13,2026-07-29 19:30:00,488.156,0,25.84,92.31,950.62,0,455.483,0,25.65,91.05,954.2,0.1,508.043,0,23.44,,948.82,0,478.07,0,24.3,95.7,951.4,0.2,390.591,0,28.07,84.67,961.06,0,,0,25.5,97.9,948.8,0,472.304,0,25.64,94.69,952.1,0,,0,26.48,89.68,961.15,0
2026-07-29 19:46:12,2026-07-29 19:40:00,488.156,0,25.75,92.29,950.64,0,455.482,0,25.53,90.88,954.23,0.2,508.043,0,23.34,,948.88,0,,,,,,,390.593,0,27.8,85.89,961.11,0,,,,,,,472.303,0,25.6,94.86,952.13,0,,0,26.62,90.05,961.18,0
2026-07-29 19:56:12,2026-07-29 19:50:00,488.15,0,25.67,92.92,950.85,0,455.482,0,25.54,91.26,954.34,0.2,508.043,0,23.35,,949.06,0,,,,,,,390.59,0,27.62,88.07,961.32,0,,,,,,,472.303,0,25.55,95.21,952.25,0,,0,26.51,90.1,961.34,0
2026-07-29 20:06:13,2026-07-29 20:00:00,488.15,0,25.4,93.32,950.98,0,455.483,0,25.62,90.42,954.56,0.1,508.044,0,23.4,,949.22,0,478.07,0,24.2,95.8,951.8,0.2,390.593,0,27.59,87.21,961.4,0,,0,25.3,98,949,0,472.304,0,25.58,94.54,952.39,0,,0,26.49,90.69,961.45,0
2026-07-29 20:16:12,2026-07-29 20:10:00,488.156,0,25.56,92.76,951.12,0,455.482,0,25.54,90.35,954.63,0.2,508.043,0,23.42,,949.38,0,,,,,,,390.595,0,27.68,86.2,961.59,0,,,,,,,472.303,0,25.51,95.09,952.51,0,,0,26.42,91.15,961.66,0
2026-07-29 20:26:14,2026-07-29 20:20:00,488.151,0,25.65,93.84,951.31,0,455.482,0,25.48,90.79,954.92,0.2,508.044,0,23.66,,949.57,0,,,,,,,390.592,0,27.65,86.07,961.75,0,,,,,,,472.297,0,25.36,95.41,952.68,0,,0,26.44,90.76,961.85,0
2026-07-29 20:36:14,2026-07-29 20:30:00,488.15,0,25.75,94.83,951.39,0,455.482,0,25.35,90.57,954.96,0.1,508.043,0,23.58,,949.63,0,478.07,0,24.2,95.8,952.2,0.2,390.595,0,27.63,84.77,961.98,0,,0,25.1,97.5,949.5,0,472.297,0,25.27,95.33,952.82,0,,0,26.31,90.96,961.97,0
2026-07-29 20:46:12,2026-07-29 20:40:00,488.143,0,25.52,92.17,951.39,0,455.482,0,25.33,91.09,955.03,0.1,508.038,0,23.66,,949.73,0,,,,,,,390.593,0,27.62,86.24,962,0,,,,,,,472.297,0,25.24,95.59,952.85,0,,0,26.24,91.4,961.99,0
2026-07-29 20:56:13,2026-07-29 20:50:00,488.15,0,25.49,94.51,951.48,0,455.482,0,25.23,91.17,955.1,0.2,508.044,0,23.47,,949.74,0,,,,,,,390.593,0,27.8,86.16,962.01,0,,,,,,,472.297,0,25.16,95.58,952.95,0,,0,26.31,92.04,962.01,0
2026-07-29 21:06:13,2026-07-29 21:00:00,488.151,0,25.36,94.73,951.59,0,455.482,0,25.14,90.96,955.22,0.2,508.044,0,23.51,,949.86,0,478.07,0,24.2,95.9,952.4,0.2,390.593,0,27.75,86.12,962.12,0,,0,25,97.7,949.8,0,472.297,0,25.1,95.56,953.03,0,,0,26.31,92.29,962.16,0
2026-07-29 21:16:14,2026-07-29 21:10:00,488.151,0,25.43,94.22,951.75,0,455.482,0,25.21,91.52,955.36,0.2,508.043,0,23.48,,950.12,0,,,,,,,390.596,0,27.63,88.67,962.33,0,,,,,,,472.297,0,25.12,95.97,953.16,0,,0,26.16,91.42,962.36,0
2026-07-29 21:36:13,2026-07-29 21:30:00,488.15,0,25.21,95.2,952.08,0,455.482,0,24.98,91.76,955.83,0.1,508.044,0,23.52,,950.48,0,478.07,0,24.3,96,952.9,0.2,390.595,0,27.56,88.28,962.74,0,,0,24.7,97.8,950.3,0,472.297,0,24.94,95.6,953.61,0,,0,25.95,91.27,962.8,0
2026-07-29 21:46:13,2026-07-29 21:40:00,488.15,0,25.26,95.68,952.17,0,455.482,0,24.85,92.54,955.9,0.2,508.043,0,23.52,,950.54,0,,,,,,,390.595,0,27.62,88.6,962.86,0,,,,,,,472.297,0,24.93,95.87,953.69,0,,0,25.9,91.07,962.92,0
2026-07-29 21:56:13,2026-07-29 21:50:00,488.143,0,25.19,94.09,952.26,0,455.483,0,24.75,92.25,956,0.1,508.043,0,23.56,,950.64,0,,,,,,,390.595,0,27.55,88.83,962.94,0,,,,,,,472.303,0,24.9,95.87,953.8,0,,0,25.96,91.65,962.98,0
2026-07-29 22:06:13,2026-07-29 22:00:00,488.143,0,25.15,95.42,952.38,0,455.483,0,24.78,92.54,956.09,0.2,508.044,0,23.65,,950.75,0,478.07,0,24.3,96,953.2,0.2,390.595,0,27.55,87.64,962.98,0,,0,24.6,97.5,950.6,0,472.297,0,24.87,95.83,953.91,0,,0,25.95,91.86,963.03,0
2026-07-29 22:16:13,2026-07-29 22:10:00,488.143,0,25.12,95.19,952.48,0,455.482,0,25.01,92.58,956.17,0.2,508.043,0,23.66,,950.75,0,,,,,,,390.595,0,27.56,88.66,963.06,0,,,,,,,472.297,0,24.79,95.87,953.96,0,,0,25.9,90.49,963.15,0
2026-07-29 22:26:13,2026-07-29 22:20:00,488.143,0,25.1,94.96,952.61,0,455.482,0,25.09,91.85,956.33,0.2,508.044,0,23.62,,950.94,0,,,,,,,390.596,0,27.52,88.28,963.1,0,,,,,,,472.297,0,24.82,96.08,954.05,0,,0,25.93,91.33,963.28,0
2026-07-29 22:36:12,2026-07-29 22:30:00,488.143,0,24.98,95.49,952.67,0,455.482,0,25.14,92.14,956.33,0.2,508.044,0,23.9,,951,0,478.07,0,24.3,96.1,953.5,0.2,390.597,0,27.58,86.81,963.15,0,,0,24.6,98.1,950.8,0,472.297,0,24.78,96.07,954.1,0,,0,26,91.16,963.26,0
2026-07-29 22:46:13,2026-07-29 22:40:00,488.144,0,25.19,95.58,952.64,0,455.482,0,25.08,91.63,956.31,0.2,508.043,0,23.86,,950.89,0,,,,,,,390.596,0,27.35,87.59,963.14,0,,,,,,,472.297,0,24.87,96.31,954.1,0,,0,26,90.82,963.32,0
2026-07-29 22:56:12,2026-07-29 22:50:00,488.143,0,25.12,95.45,952.46,0,455.483,0,25.08,91.84,956.15,0.2,508.043,0,23.88,,950.74,0,,,,,,,390.597,0,27.22,90.01,963.04,0,,,,,,,472.297,0,24.78,96.16,953.91,0,,0,25.95,90.99,963.09,0
2026-07-29 23:06:12,2026-07-29 23:00:00,488.143,0,25.08,95.16,952.47,0,455.482,0,25.04,91.64,956.12,0.1,508.044,0,23.89,,950.67,0,478.07,0,24.4,96.2,953.3,0.2,390.598,0,26.96,90.6,963.04,0,,0,24.5,98.6,950.6,0,472.297,0,24.73,96.21,953.86,0,,0,25.92,90.85,963.13,0
2026-07-29 23:16:13,2026-07-29 23:10:00,488.138,0,25.1,96.12,952.45,0,455.483,0,25.04,91.74,956.1,0.1,508.044,0,23.99,,950.74,0,,,,,,,390.599,0,26.83,90.85,963.06,0,,,,,,,472.297,0,24.89,96.53,953.9,0,,0,25.92,91.17,963.17,0
2026-07-29 23:26:13,2026-07-29 23:20:00,488.138,0,25.17,96.31,952.44,0,455.483,0,25.01,91.81,956.14,0.1,508.043,0,23.95,,950.71,0,,,,,,,390.597,0,26.59,91.9,963.07,0,,,,,,,472.297,0,24.78,96.42,953.92,0,,0,25.87,91.82,963.16,0
2026-07-29 23:36:12,2026-07-29 23:30:00,488.138,0,25.12,96.11,952.41,0,455.482,0,24.94,91.73,956.14,0.1,508.043,0,24.03,,950.75,0,478.07,0,24.5,96.1,953.3,0.2,390.599,0,26.53,91.85,963.12,0,,0,24.5,98.4,950.6,0,472.297,0,24.81,96.49,953.92,0,,0,25.83,92.06,963.17,0
2026-07-29 23:46:14,2026-07-29 23:40:00,488.137,0,25.1,95.68,952.35,0,455.483,0,24.91,91.98,956.08,0.2,508.044,0,23.89,,950.76,0,,,,,,,390.6,0,26.41,91.54,963.04,0,,,,,,,472.297,0,24.75,96.44,953.87,0,,0,25.83,91.85,963.17,0
2026-07-29 23:56:14,2026-07-29 23:50:00,488.138,0,25.1,95.99,952.22,0,455.483,0,24.84,91.87,955.93,0.1,508.043,0,23.86,,950.54,0,,,,,,,390.6,0,26.42,91.92,962.99,0,,,,,,,472.297,0,24.86,96.61,953.7,0,,0,25.89,92.25,963.02,0
2026-07-30 00:16:13,2026-07-30 00:10:00,488.138,0,25.1,96.52,951.96,0,455.482,0,24.91,92.12,955.68,0.2,508.043,0,23.92,,950.21,0,,,,,,,390.599,0,26.52,91.7,962.64,0,,,,,,,472.297,0,24.73,96.3,953.39,0,,0,25.96,92.6,962.61,0
2026-07-30 00:26:13,2026-07-30 00:20:00,488.131,0,25.04,96.31,951.85,0,455.482,0,24.95,91.89,955.56,0.1,508.044,0,24.06,,950.09,0,,,,,,,390.599,0,26.79,91.23,962.54,0,,,,,,,472.297,0,24.86,96.46,953.31,0,,0,25.93,92.6,962.58,0
2026-07-30 00:36:13,2026-07-30 00:30:00,488.138,0,25.08,96.82,951.75,0,455.482,0.2,25.04,92.67,955.5,0.1,508.043,0,24.03,,949.95,0,478.07,0,24.6,96.2,952.6,0.2,390.6,0,26.9,90.39,962.42,0,,0.2,24.4,98.9,949.8,0,472.297,0,24.78,95.41,953.11,0,,0,25.99,92.78,962.43,0
2026-07-30 00:46:13,2026-07-30 00:40:00,488.137,0,24.87,97.94,951.77,0,455.489,3.8,24.98,93.77,955.48,0.2,508.044,0,23.93,,949.95,0,,,,,,,390.599,0,26.83,91.56,962.39,0,,,,,,,472.303,0,24.76,96.01,953.23,0,,0,26.07,92.59,962.45,0
2026-07-30 00:56:14,2026-07-30 00:50:00,488.131,0.2,24.74,98.02,951.62,0,455.489,4,24.71,94.07,955.34,0.1,508.043,0,23.98,,950,0,,,,,,,390.6,0,26.76,91.49,962.23,0,,,,,,,472.297,0,24.73,96.28,953.04,0,,0,26.01,92.52,962.36,0
2026-07-30 01:06:12,2026-07-30 01:00:00,488.131,0.2,24.68,98.07,951.62,0,455.49,4,24.66,94.21,955.38,0.2,508.038,10.2,24.23,,949.93,0,478.08,8.2,24.3,96.1,952.4,0.2,390.603,0,26.66,92.18,962.31,0,,0.2,24.3,99.2,949.7,0,472.297,0,24.69,96.41,953.07,0,,0.4,26.13,93.56,962.31,0
2026-07-30 01:16:12,2026-07-30 01:10:00,488.131,0,24.8,98.14,951.55,0,455.49,0,24.75,94.36,955.29,0.1,508.043,8.2,23.45,,949.86,0,,,,,,,390.599,0,26.69,92.04,962.3,0,,,,,,,472.297,0,24.63,96.34,952.99,0,,0,25.9,93.05,962.38,0
2026-07-30 01:26:14,2026-07-30 01:20:00,488.131,0,24.73,98.09,951.52,0,455.489,0,24.67,94.35,955.28,0.1,508.044,12,23.22,,949.84,0,,,,,,,390.602,0,26.72,92.28,962.19,0,,,,,,,472.297,0,24.62,96.26,953.04,0,,0,25.79,92.75,962.35,0
2026-07-30 01:36:12,2026-07-30 01:30:00,488.131,0.2,24.74,98.03,951.62,0,455.489,3.8,24.51,94.37,955.42,0.1,508.044,24.6,23.11,,949.64,0,478.09,3.4,24,96.3,952.4,0.2,390.604,0,26.73,93.1,962.16,0,,0,24.4,99.5,949.8,0,472.297,1.6,24.59,96.54,953.04,0,,0,25.8,92.88,962.31,0
2026-07-30 01:46:12,2026-07-30 01:40:00,488.138,6.2,24.42,98.03,951.5,0,455.494,8,24.23,94.31,955.39,0.2,508.043,28.2,23.21,,950.04,0,,,,,,,390.607,0,26.62,92.29,962.08,0,,,,,,,472.297,4.4,24.59,96.86,953.03,0,,0,25.06,90.82,962.42,0
2026-07-30 01:56:13,2026-07-30 01:50:00,488.143,12,23.97,98,951.75,0,455.502,15.2,24.24,94.44,955.42,0.1,508.044,37,23.18,,949.89,0,,,,,,,390.622,0,26.49,91.62,962.08,0,,,,,,,472.297,12.8,24.45,96.98,952.96,0,,9.4,24.01,93.47,962.23,0
2026-07-30 02:16:12,2026-07-30 02:10:00,488.15,4.2,23.49,98.41,951.49,0,455.514,5.2,23.47,94.42,955.26,0.2,508.044,1,23.11,,949.94,0,,,,,,,390.631,0.4,25.2,94.12,962.32,0,,,,,,,472.297,3.2,23.79,97.15,952.88,0,,2.6,23.86,94.56,962.38,0
2026-07-30 02:26:14,2026-07-30 02:20:00,488.15,7.2,23.33,98.56,951.49,0,455.514,6,23.2,94.53,955.22,0.1,508.044,1.8,22.76,,949.95,0,,,,,,,390.633,13,24.07,96.45,962.18,0,,,,,,,472.297,7.2,23.59,97.17,952.89,0,,8.4,23.73,94.71,962.53,0
2026-07-30 02:36:13,2026-07-30 02:30:00,488.156,10.2,23.53,98.45,951.61,0,455.52,7.2,23.22,94.66,955.36,0.1,508.044,2.2,22.82,,950.09,0,478.21,4.8,23.1,96.3,952.5,0.2,390.646,15,24.18,96.73,962.39,0,,6.2,23.5,100,949.6,0,472.304,13.2,23.08,97.1,953.03,0,,17.4,23.82,94.85,962.32,0
2026-07-30 02:46:12,2026-07-30 02:40:00,488.156,12,23.03,98.3,951.62,0,455.521,9.2,23.29,94.71,955.47,0.1,508.044,3.8,22.8,,950.14,0,,,,,,,390.645,16.6,23.97,96.76,962.31,0,,,,,,,472.297,19.2,22.94,97.19,953.01,0,,24.4,23.73,94.93,962.59,0
2026-07-30 02:56:13,2026-07-30 02:50:00,488.163,15.2,23.09,98.44,951.67,0,455.526,13.6,23.18,94.74,955.42,0.1,508.044,7,22.94,,950.01,0,,,,,,,390.666,19.4,23.82,96.92,962.18,0,,,,,,,472.297,22.8,22.94,97.3,953.03,0,,25.4,23.69,94.98,962.46,0
2026-07-30 03:06:12,2026-07-30 03:00:00,488.163,16.8,23.12,98.48,951.49,0,455.534,14.8,23.13,94.72,955.28,0.1,508.044,10.2,22.78,,949.94,0,478.28,12.4,23.4,96.5,952.5,0.2,390.671,19.6,23.85,97.07,962.2,0,,18.8,22.8,100,949.7,0,472.297,26.6,22.98,97.34,953.03,0,,26.2,23.66,95.03,962.45,0
2026-07-30 03:16:12,2026-07-30 03:10:00,488.17,0.8,23.13,98.47,951.54,0,455.534,1.6,23.13,94.76,955.3,0.1,508.044,0.6,22.78,,949.92,0,,,,,,,390.664,0.4,23.96,97.17,962.22,0,,,,,,,472.297,2,22.98,97.35,952.89,0,,0.8,23.51,94.97,962.38,0
2026-07-30 03:26:12,2026-07-30 03:20:00,488.17,1.6,23.09,98.43,951.35,0,455.533,2.6,23.14,94.78,955.14,0.2,508.044,2.6,22.77,,949.9,0,,,,,,,390.661,1.8,23.82,97.21,962.24,0,,,,,,,472.297,3,23,97.42,952.78,0,,3,23.51,95.04,962.31,0
2026-07-30 03:36:14,2026-07-30 03:30:00,488.17,2,23.05,98.46,951.32,0,455.54,3.4,23.01,94.78,955.12,0.1,508.044,5,22.63,,949.78,0,478.31,3,23.2,96.5,952.2,0.2,390.664,4.4,23.89,97.28,962.1,0,,4.5,22.8,100,949.4,0,472.297,3.8,23,97.41,952.69,0,,4.4,23.44,94.97,962.19,0
2026-07-30 03:46:13,2026-07-30 03:40:00,488.176,3,23.12,98.59,951.21,0,455.54,4,23,94.81,955,0.1,508.044,6.8,22.63,,949.79,0,,,,,,,390.658,7.4,23.73,97.31,962.02,0,,,,,,,472.297,5,23.09,97.46,952.6,0,,5.2,23.37,94.94,962.16,0
2026-07-30 03:56:14,2026-07-30 03:50:00,488.176,3.6,23.01,98.5,951.33,0,455.547,4.8,23,94.89,955.1,0.1,508.044,8.2,22.56,,949.64,0,,,,,,,390.659,12.4,23.46,97.37,962.19,0,,,,,,,472.297,6.4,23.07,97.43,952.8,0,,8,23.35,95,962.26,0
2026-07-30 04:06:13,2026-07-30 04:00:00,488.176,4.2,23.2,98.57,951.35,0,455.547,5.6,22.93,94.84,955.07,0.1,508.044,8.6,22.77,,949.72,0,478.34,8.6,23.3,96.7,952.2,0.2,390.666,15.4,23.56,97.54,962.54,0,,5.5,22.8,100,949.5,0,472.297,7.6,23.07,97.49,952.84,0,,11,23.38,95.09,962.4,0
2026-07-30 04:16:12,2026-07-30 04:10:00,488.17,0.8,23.16,98.54,951.48,0,455.553,0.8,23.08,94.87,955.28,0.1,508.044,1.6,22.63,,949.85,0,,,,,,,390.667,5.6,23.63,97.48,962.57,0,,,,,,,472.297,0.8,23.05,97.45,952.92,0,,3.6,23.35,95.18,962.78,0
2026-07-30 04:26:13,2026-07-30 04:20:00,488.176,2,23.19,98.54,951.75,0,455.553,2.2,23.06,94.91,955.49,0.1,508.044,4,22.63,,950.05,0,,,,,,,390.673,14,23.66,97.6,962.61,0,,,,,,,472.297,2.2,23,97.5,953.16,0,,12.2,23.4,95.27,962.75,0
2026-07-30 04:46:13,2026-07-30 04:40:00,488.176,6.6,22.93,98.5,951.86,0,455.56,8.4,22.93,94.93,955.58,0.1,508.044,10,22.66,,950.21,0,,,,,,,390.687,18.6,23.42,97.6,962.63,0,,,,,,,472.297,5.8,23.02,97.52,953.22,0,,25.2,23.37,95.33,962.87,0
2026-07-30 04:56:12,2026-07-30 04:50:00,488.183,12.2,22.89,98.52,951.87,0,455.567,12.8,22.93,94.95,955.59,0.1,508.044,14.4,22.62,,950.17,0,,,,,,,390.686,20.6,23.21,97.68,962.51,0,,,,,,,472.297,7.4,22.94,97.53,953.25,0,,28.8,23.17,95.3,962.75,0
2026-07-30 05:16:12,2026-07-30 05:10:00,488.189,1,22.86,98.57,951.79,0,455.58,1.2,22.86,94.94,955.47,0.1,508.044,1.8,22.56,,950.1,0,,,,,,,390.706,1,23.11,97.72,962.46,0,,,,,,,472.297,0.8,22.95,97.57,953.15,0,,1.4,23.09,95.41,962.7,0
2026-07-30 05:26:13,2026-07-30 05:20:00,488.196,2.4,22.83,98.52,951.73,0,455.58,3,22.85,95,955.43,0.1,508.044,3.4,22.53,,949.99,0,,,,,,,390.705,1.6,23.23,97.81,962.5,0,,,,,,,472.297,2.2,22.97,97.57,953.12,0,,2.6,23,95.45,962.68,0
2026-07-30 05:36:13,2026-07-30 05:30:00,488.196,3.6,22.86,98.61,951.79,0,455.586,5,22.89,95.06,955.45,0.1,508.044,5,22.52,,949.98,0,478.41,3.1,23,96.7,952.5,0.2,390.706,2.2,23.25,97.89,962.43,0,,3.8,22.7,100,949.8,0,472.297,3.4,22.86,97.56,953.14,0,,3.2,23.21,95.48,962.71,0
2026-07-30 05:46:13,2026-07-30 05:40:00,488.195,4.4,22.88,98.59,951.67,0,455.593,5.8,22.89,95.06,955.37,0.1,508.044,5.8,22.47,,949.89,0,,,,,,,390.708,2.8,23.34,97.94,962.41,0,,,,,,,472.297,4,22.84,97.56,953.1,0,,3.8,23.11,95.39,962.73,0
2026-07-30 05:56:12,2026-07-30 05:50:00,488.195,4.8,22.96,98.6,951.65,0,455.599,6.2,23.03,95.09,955.38,0.2,508.044,6.4,22.5,,949.91,0,,,,,,,390.712,3.6,23.41,97.98,962.4,0,,,,,,,472.297,4.4,22.8,97.63,953.08,0,,4.8,23.01,95.42,962.71,0
2026-07-30 06:06:13,2026-07-30 06:00:00,488.196,4.8,22.93,98.61,951.75,0,455.599,6.4,22.91,95.11,955.51,0.6,508.044,6.6,22.4,,949.97,0.1,478.42,4.3,22.9,96.7,952.5,0.7,390.714,4,23.3,97.97,962.46,0.3,,5.4,22.7,100,949.9,0,472.297,4.8,22.74,97.63,953.14,0,,5.6,23.1,95.5,962.71,0
2026-07-30 06:16:13,2026-07-30 06:10:00,488.195,0.4,22.89,98.6,951.87,1.8,455.599,0.6,22.82,95.09,955.65,2.4,508.044,0.2,22.42,,950.05,1.9,,,,,,,390.714,0.4,23.27,97.97,962.61,2.7,,,,,,,472.297,0.4,22.84,97.65,953.26,0.8,,0.4,23.1,95.48,962.88,1
2026-07-30 06:26:12,2026-07-30 06:20:00,488.202,1,22.79,98.58,951.97,4.1,455.605,1.2,22.9,95.1,955.7,4.7,508.044,0.4,22.35,,950.06,5.4,,,,,,,390.716,0.8,23.21,98,962.64,8.9,,,,,,,472.297,0.8,22.86,97.66,953.37,2.8,,0.8,23.25,95.51,962.93,5.5
2026-07-30 06:36:13,2026-07-30 06:30:00,488.202,1.4,22.8,98.59,952.02,8.2,455.612,1.6,22.89,95.09,955.76,10.6,508.044,0.8,22.57,,950.22,12.1,478.44,0.8,23,96.7,952.8,12.1,390.718,1,23.14,98.01,962.69,16.2,,1.2,22.8,100,950.1,6.1,472.297,1.6,22.89,97.65,953.41,7.1,,1.2,23.37,95.52,963.02,14.3
2026-07-30 06:46:13,2026-07-30 06:40:00,488.202,1.8,22.95,98.65,952.04,14.8,455.612,2,23.07,95.13,955.84,19.3,508.044,1,22.59,,950.39,22.3,,,,,,,390.718,1.2,23.44,98.18,962.77,20.9,,,,,,,,,,,,,,1.4,23.34,95.51,963.05,28
2026-07-30 06:56:13,2026-07-30 06:50:00,488.202,2,23.05,98.64,952.23,27.7,455.617,2.2,23.08,95.13,955.99,33.6,508.044,1.2,22.73,,950.46,34.5,,,,,,,390.713,1.2,23.55,98.18,962.9,26.6,,,,,,,472.29,2.4,23.07,97.67,953.53,35.7,,1.6,23.55,95.49,963.17,33.2
2026-07-30 07:06:14,2026-07-30 07:00:00,488.202,2,23.17,98.6,952.31,48.7,455.618,2.4,23.35,95.18,956,43,508.044,1.2,22.74,,950.51,44.8,478.46,1.2,23.2,96.8,953,46.8,390.722,1.4,23.61,98.13,963.03,34.7,,2.4,22.8,100,950.3,44.6,472.298,2.6,23.28,97.73,953.62,45.7,,1.6,23.58,95.45,963.29,36
2026-07-30 07:16:13,2026-07-30 07:10:00,488.209,0,23.6,98.72,952.4,58.4,455.617,0,23.64,95.19,956.15,60.9,508.044,0,22.9,,950.68,57,,,,,,,390.727,0,23.7,98.21,963.09,39.3,,,,,,,472.298,0,23.56,97.74,953.7,59.4,,0,23.65,95.42,963.41,40.2
2026-07-30 07:26:19,2026-07-30 07:20:00,488.202,0,23.49,98.63,952.45,52.4,455.624,0,23.89,95.25,956.12,61.7,508.044,0,22.97,,950.64,62.5,,,,,,,390.727,0,23.86,98.23,963.13,41,,,,,,,472.297,0,23.65,97.76,953.68,70.2,,0,23.95,95.4,963.42,39.1
2026-07-30 07:36:12,2026-07-30 07:30:00,488.209,0,23.88,98.71,952.38,90.2,455.624,0,24.06,95.23,956.1,86.2,508.044,0,23.03,,950.57,73.9,478.47,0.2,23.5,96.8,953.1,80.9,390.729,0,23.92,98.24,963.05,63.4,,0.2,23.5,100,950.4,74.5,472.297,0,23.9,97.75,953.69,68.3,,0,23.91,95.27,963.42,50.4
2026-07-30 07:46:13,2026-07-30 07:40:00,488.208,0,24.3,98.72,952.3,107.8,455.624,0,24.19,95.22,956.12,116.5,508.044,0,23.59,,950.56,117.9,,,,,,,390.729,0,24.01,98.25,963.09,83.6,,,,,,,472.29,0,24.17,97.76,953.68,87,,0,24.11,95.11,963.43,72.5
2026-07-30 07:56:13,2026-07-30 07:50:00,488.208,0,24.49,98.65,952.38,88.5,455.624,0,24.43,95.27,956.2,102.2,508.043,0,23.59,,950.61,93.3,,,,,,,390.732,0,24.17,98.27,963.15,85.9,,,,,,,472.297,0,24.23,97.75,953.8,75.2,,0,24.27,95,963.42,106
2026-07-30 08:06:13,2026-07-30 08:00:00,488.208,0,24.16,98.54,952.57,89.4,455.624,0,24.31,95.23,956.31,95.7,508.043,0.2,23.37,,950.75,80,478.48,0.4,24,96.9,953.3,108.6,390.729,0,24.32,98.33,963.3,56.3,,0.2,24,100,950.6,133,472.29,0,24.15,97.74,953.84,121.2,,0,24.28,94.85,963.54,116.6
2026-07-30 08:16:12,2026-07-30 08:10:00,488.215,0,24.49,98.63,952.6,116.1,455.631,0,24.44,95.21,956.43,99.7,508.044,0,23.54,,950.86,107.7,,,,,,,390.734,0,24.18,98.24,963.29,96.8,,,,,,,472.29,0,24.08,97.7,953.92,172,,0,24.42,94.47,963.6,129.6
2026-07-30 08:26:15,2026-07-30 08:20:00,488.215,0,24.5,98.61,952.73,146.9,455.631,0,24.44,95.23,956.52,139.4,508.043,0,23.52,,950.99,86.9,,,,,,,390.73,0,24.23,98.28,963.49,77,,,,,,,472.29,0,24.54,97.74,954.07,161.5,,0,24.61,94.04,963.77,124.3
2026-07-30 08:36:12,2026-07-30 08:30:00,488.214,0,25.11,98.66,952.91,146.2,455.63,0,24.84,95.28,956.69,152.2,508.043,0,23.59,,951.16,78.6,478.48,0,23.8,96.9,953.7,108.7,390.736,0,24.14,98.27,963.59,94.2,,0,24.5,100,951,185.1,472.298,0,25.16,97.67,954.18,175.9,,0,24.86,93.82,963.89,132.6
2026-07-30 08:46:13,2026-07-30 08:40:00,488.208,0,25.07,98.59,953.05,193.2,455.63,0,25.07,95.29,956.79,195.1,508.043,0,23.7,,951.28,153.1,,,,,,,390.735,0,24.23,98.28,963.74,118.3,,,,,,,472.297,0,25.48,96.34,954.32,190.8,,0,25.1,93.15,964.04,140.6
2026-07-30 08:56:13,2026-07-30 08:50:00,488.214,0,25.45,98.58,953.18,217.9,455.63,0,25.79,95.33,957.01,203.8,508.037,0,24.02,,951.36,163.6,,,,,,,390.734,0,24.56,98.35,963.86,144.7,,,,,,,472.304,0,25.57,94.24,954.53,154.9,,0,25.18,91.29,964.16,171.7
2026-07-30 09:06:12,2026-07-30 09:00:00,488.208,0,25.15,98.41,953.28,208.5,455.637,0,25.46,95.17,957.02,246,508.043,0,24.07,,951.45,132.8,478.49,0,24.3,96.9,954,149,390.739,0,24.75,98.35,963.95,162.8,,0,24.8,100,951.4,202.8,472.297,0,26,93.66,954.6,192.5,,0,25.97,89.48,964.21,204.6
2026-07-30 09:26:15,2026-07-30 09:20:00,488.22,0,25.5,98.41,953.27,266.5,455.636,0,25.91,95.17,957.07,256.9,508.037,0,24.21,,951.43,168.9,,,,,,,390.739,0,24.87,98.37,963.9,144.5,,,,,,,472.303,0,27.46,84.68,954.51,262.8,,0,26.55,86.58,964.23,184.3
2026-07-30 09:36:11,2026-07-30 09:30:00,488.214,0,26.05,98.49,953.25,354.4,455.637,0,26.4,95.29,957.05,349.6,508.043,0,24.34,,951.44,224.3,478.5,0,25,97,954,216.5,390.74,0,24.89,98.35,963.9,152.5,,0,25.3,100,951.3,452.3,472.303,0,27.38,90.12,954.54,205.5,,0,26.58,85.37,964.24,208.6
2026-07-30 09:46:14,2026-07-30 09:40:00,488.22,0,26.83,98.42,953.32,435.7,455.636,0,26.48,95.23,957.12,334,508.043,0,24.24,,951.59,172,,,,,,,390.74,0,24.8,98.23,963.95,172.5,,,,,,,472.303,0,27.96,88.6,954.58,339.6,,0,27,85.53,964.33,219.8
2026-07-30 09:56:12,2026-07-30 09:50:00,488.208,0,26.89,98.02,953.45,349,455.643,0,26.16,95.14,957.19,474.7,508.043,0,24.58,,951.7,307.3,,,,,,,390.741,0,24.66,98.24,963.94,169.7,,,,,,,472.297,0,29.31,84.29,954.6,427.5,,0,27.51,86.6,964.25,256.7
2026-07-30 10:06:11,2026-07-30 10:00:00,488.22,0,26.76,98.04,953.43,390.1,455.643,0,26.47,95.19,957.14,406.9,508.049,0,25.23,,951.63,333.3,478.5,0,24.8,96.8,954.1,303.6,390.743,0,24.83,98.24,963.94,256.5,,0,26.4,100,951.4,612,472.303,0,30.66,80.25,954.59,431.8,,0,27.93,86.09,964.3,277
2026-07-30 10:36:11,2026-07-30 10:30:00,488.213,0,26.83,97.6,953.35,362.4,455.643,0,25.69,94.71,957.06,459.8,508.049,0,25.49,,951.51,403.4,478.5,0,26.8,97.1,954.1,593,390.739,0,24.83,97.86,963.87,468.2,,0,27.9,89.8,951.4,356.4,472.303,0,29.83,80.85,954.61,293.2,,0,28.83,79.17,964.24,540.6
2026-07-30 10:46:13,2026-07-30 10:40:00,488.22,0,28.78,84.85,953.35,530.1,455.643,0,25.83,94.68,956.99,624.7,508.048,0,25.54,,951.41,476.9,,,,,,,390.747,0,25.32,98.03,963.79,570,,,,,,,472.31,0,29.86,84.81,954.54,438.2,,0,30.65,72.92,964.22,664
2026-07-30 10:56:13,2026-07-30 10:50:00,488.214,0,29.81,81.17,953.26,490.6,455.643,0,26.28,94.63,956.91,527.9,508.048,0,25.73,,951.47,412.4,,,,,,,390.742,0,25.27,97.73,963.84,430.3,,,,,,,472.31,0,30.53,79.61,954.48,509.3,,0,30.66,74.13,964.14,568.2
2026-07-30 11:06:12,2026-07-30 11:00:00,488.213,0,30.97,75.71,953.26,549.3,455.643,0,26.4,94.52,956.89,549.9,508.048,0,26.37,,951.4,476.7,478.51,0,26.4,96.8,953.9,539.5,390.74,0,25.09,97.82,963.69,429.2,,0,29,83,951.3,457.6,472.31,0,31.28,81.22,954.46,663.7,,0,30.76,70.87,964.06,573.7
2026-07-30 11:16:13,2026-07-30 11:10:00,488.22,0,31.35,78.37,953.2,525,455.643,0,26.83,94.52,956.76,611.6,508.055,0,26.47,,951.24,439.7,,,,,,,390.741,0,25.58,98.04,963.57,508.7,,,,,,,472.317,0,31.53,80.74,954.39,412.9,,0,31.07,73.31,963.88,550.1
2026-07-30 11:26:13,2026-07-30 11:20:00,488.257,0,30.83,72.53,953.03,596,455.643,0,25.93,93.65,956.53,708.4,508.048,0,26.78,,951.14,350.2,,,,,,,390.738,0,25.94,94.65,963.37,421.6,,,,,,,472.31,0,31.25,77.13,954.15,428,,0,30.79,69.42,963.67,540.5
2026-07-30 11:36:11,2026-07-30 11:30:00,488.207,0,31.48,72.4,952.95,471.2,455.649,0,27.03,94.37,956.46,554.9,508.048,0,25.84,99.93,951.04,545.7,478.51,0,26.8,96.7,953.6,574.3,390.742,0,26.96,88.7,963.32,288,,0,30,77.7,950.9,441,472.31,0,31.45,80.45,954.12,413.3,,0,31.52,71.56,963.56,519
2026-07-30 11:46:14,2026-07-30 11:40:00,488.214,0,31.45,74.38,952.84,443.8,455.643,0,27.22,94.3,956.44,579.4,508.054,0,26.74,,951.01,398.9,,,,,,,390.742,0,27.48,85.43,963.33,353.6,,,,,,,472.31,0,31.98,77.24,954.1,471.1,,0,31.1,70.48,963.6,382.3
2026-07-30 11:56:14,2026-07-30 11:50:00,488.22,0,32.13,73.97,952.83,451.7,455.649,0,27.23,93.79,956.36,494.2,508.048,0,26.31,,950.89,421.8,,,,,,,390.745,0,27.9,84.14,963.25,443.8,,,,,,,472.303,0,31.18,79.89,954.09,379.6,,0,30.65,68.6,963.47,463.7
2026-07-30 12:06:13,2026-07-30 12:00:00,488.214,0,31.96,73.3,952.72,470.2,455.649,0,27.85,94.24,956.28,524.9,508.061,0,26.82,,950.8,442.9,478.51,0,27,96.7,953.4,453.7,390.747,0,28.13,82.92,963.18,482,,0,30.2,80.8,950.7,546,472.31,0,31.57,77.44,953.97,536.8,,0,31.85,67.19,963.39,548.3
2026-07-30 12:16:12,2026-07-30 12:10:00,488.207,0,32.04,71.22,952.73,456,455.649,0,27.84,93.71,956.23,589.3,508.054,0,26.95,99.9,950.76,501.2,,,,,,,390.747,0,28.2,84.39,963.08,360.3,,,,,,,472.31,0,32.12,79.21,953.96,540.5,,0,32.26,69.09,963.39,616.8
2026-07-30 12:26:13,2026-07-30 12:20:00,488.22,0,32.17,75.01,952.6,672.9,455.643,0,27.88,93.58,956.12,668.5,508.054,0,27.02,,950.62,734.8,,,,,,,390.745,0,28.35,82.41,962.9,385.5,,,,,,,472.303,0,33.03,75.91,953.77,529.7,,0,32.06,71.9,963.18,464.6
2026-07-30 12:36:11,2026-07-30 12:30:00,488.201,0,32.78,69.14,952.35,525.2,455.649,0,29.96,82.45,955.9,555,508.054,0,27.19,,950.46,502.3,478.51,0,28.3,96.9,953.1,483.1,390.752,0,28.95,80.17,962.78,409.5,,0,30.7,70.6,950.3,470.5,472.31,0,32.32,74.16,953.59,458.5,,0,31.6,71.09,963.02,546.3
2026-07-30 12:46:13,2026-07-30 12:40:00,488.226,0,32.37,67.65,952.2,534.2,455.649,0,32.1,76.44,955.71,640.8,508.055,0,27.73,89.2,950.31,409.4,,,,,,,390.759,0,29.9,78.81,962.67,350.9,,,,,,,472.31,0,33.02,75.69,953.48,786.7,,0,32.33,70.1,962.9,484.5
2026-07-30 12:56:12,2026-07-30 12:50:00,488.27,0,32.47,66.4,952.17,604.9,455.649,0,32.68,67.05,955.73,590.2,508.061,0,29.17,81.16,950.36,405.4,,,,,,,390.753,0,30.22,77.42,962.64,299.3,,,,,,,472.303,0,34.13,70.11,953.41,593.6,,0,32.26,68.37,962.83,423.8
2026-07-30 13:06:12,2026-07-30 13:00:00,488.245,0,32.26,70.4,952.04,463.6,455.649,0,33.08,72.92,955.55,496.5,508.047,0,29.46,78.27,950.11,362.9,478.51,0,27.4,96.7,952.7,401,390.755,0,30.42,76.59,962.49,277.3,,0,31.8,74.3,950,527.7,472.317,0,33.44,70.64,953.35,499.3,,0,31.83,69.77,962.69,401.8
2026-07-30 13:26:12,2026-07-30 13:20:00,488.226,0,31.79,75.35,951.74,338.3,455.656,0,31.79,71.65,955.19,374.2,508.048,0,28.85,79.93,949.82,419.6,,,,,,,390.755,0,29.7,80.81,962.18,289.6,,,,,,,472.317,0,31.77,75.78,952.94,383.9,,0,31.42,71.08,962.24,329.7
2026-07-30 13:36:13,2026-07-30 13:30:00,488.233,0,31.02,73.93,951.61,330.8,455.649,0,31.11,71.47,955.15,373.2,508.061,0,30.29,75.5,949.75,507,478.52,0,27,96.5,952.4,376.6,390.755,0,29.73,79.37,961.97,314.8,,0,29.6,78.2,949.6,374.1,472.31,0,31.6,74.75,952.85,367,,0,31.03,74.94,962.14,328.5
2026-07-30 13:46:13,2026-07-30 13:40:00,488.239,0,31.69,71.5,951.52,449,455.649,0,31.26,77.14,954.98,514.9,508.061,0,30.83,79.44,949.62,1000.3,,,,,,,390.752,0,29.96,77.97,961.94,330.9,,,,,,,472.31,0,31.5,73.79,952.75,408,,0,31.41,73.95,962,455.1
2026-07-30 13:56:20,2026-07-30 13:50:00,488.263,0,32.12,69.69,951.43,623.5,455.649,0,32.37,72.07,954.85,640.4,508.067,0,31.75,69.67,949.48,1012.1,,,,,,,390.753,0,30.18,77.65,961.79,349.8,,,,,,,472.31,0,31.6,70.15,952.65,349.9,,0,31.86,72.76,961.91,377.3
2026-07-30 14:06:11,2026-07-30 14:00:00,488.251,0,33.13,73.05,951.25,517.8,455.649,0,33.24,71.11,954.72,472.3,508.068,0,31.57,75.93,949.31,1064.6,478.52,0,29.1,96.6,951.9,771.7,390.764,0,30.55,75.57,961.6,345.8,,0,29.3,80.9,949.3,351.6,472.31,0,31.35,80.57,952.54,361.1,,0,32.28,73.6,961.71,596.1
2026-07-30 14:16:13,2026-07-30 14:10:00,488.239,0,32.71,74.07,951.09,532.1,455.649,0,34.08,67.64,954.46,815.4,508.061,0,32.77,71.34,949.03,810.3,,,,,,,390.767,0,31.08,73.75,961.54,341.3,,,,,,,472.303,0,31.9,77.29,952.33,377.4,,0,32.48,67.68,961.55,524.5
2026-07-30 14:36:12,2026-07-30 14:30:00,488.251,0,33.15,65.33,950.77,515.5,455.656,0,32.98,66.93,954.2,558.1,508.067,0,31.91,72.51,948.74,612.3,478.52,0,27.8,95.9,951.5,644.5,390.772,0,32.31,68.99,961.2,544.6,,0,30.1,79.1,948.8,433.9,472.31,0,32.25,72.82,952,381.3,,0,32.7,68.43,961.23,556.7
2026-07-30 14:46:13,2026-07-30 14:40:00,488.22,0,32.64,66.96,950.77,479.9,455.656,0,33.5,63.96,954.18,596.1,508.067,0,31.65,70.83,948.71,492.8,,,,,,,390.77,0,33.79,64.43,961.06,701.8,,,,,,,472.31,0,32.34,75.56,951.99,582.4,,0,32.67,70.19,961.19,564
2026-07-30 14:56:12,2026-07-30 14:50:00,488.239,0,33.1,64.5,950.68,587.2,455.656,0,33.77,69.13,954.01,614.7,508.067,0,32.37,72.13,948.64,849.4,,,,,,,390.77,0,33.27,63.92,960.86,766.3,,,,,,,472.31,0,32.9,71.59,951.87,496.2,,0,34.03,62.94,961.06,594.8
2026-07-30 15:06:11,2026-07-30 15:00:00,488.214,0,32.9,64.37,950.5,701.1,455.656,0,33.96,59.14,953.86,852.7,508.066,0,32.93,65.5,948.49,729.6,478.52,0,28.4,95.9,951.2,749.6,390.769,0,34.25,60.48,960.8,714.6,,0,31.3,72.5,948.4,705.2,472.309,0,33.58,72.77,951.72,330.1,,0,33.87,65.31,960.88,893.8
2026-07-30 15:16:12,2026-07-30 15:10:00,488.22,0,33.75,62.09,950.34,823.5,455.655,0,34.84,56.71,953.69,916.4,508.067,0,32.56,68.46,948.3,656.5,,,,,,,390.773,0,34.11,60.53,960.59,435.7,,,,,,,472.31,0,35.16,64.97,951.57,896.6,,0,34.36,61.64,960.68,592.7
2026-07-30 15:26:14,2026-07-30 15:20:00,488.233,0,32.69,67.39,950.14,870.3,455.655,0,36.28,57.28,953.52,881.3,508.067,0,31.95,74.54,948.19,412.3,,,,,,,390.772,0,33.76,62.96,960.4,318,,,,,,,472.317,0,33.74,67.18,951.31,306.9,,0,34.16,63.2,960.48,582.7
2026-07-30 15:36:11,2026-07-30 15:30:00,488.239,0,33.26,66.69,949.92,659.4,455.656,0,35.88,55.96,953.3,711.1,508.067,0,30.31,74.31,947.97,322,478.53,0,29,85.3,950.6,329.7,390.775,0,32.7,65.63,960.16,298.2,,0,33.2,64.3,947.8,507.3,472.317,0,32.8,66.92,951.07,323.7,,0,33.36,62.36,960.2,465.5
2026-07-30 15:46:13,2026-07-30 15:40:00,488.239,0,34.66,59.03,949.76,606.4,455.656,0,35.32,61.71,953.1,574,508.061,0,29.87,77.27,947.76,280.2,,,,,,,390.768,0,32.51,66.39,959.96,224.4,,,,,,,472.31,0,32.61,71.62,950.93,553.2,,0,32.78,65.66,960.1,332.1
2026-07-30 15:56:14,2026-07-30 15:50:00,488.244,0,33.71,61.91,949.68,521.6,455.656,0,34.13,64.9,953,440.5,508.061,0,29.87,76.44,947.67,289.5,,,,,,,390.777,0,32.12,67.13,959.96,185,,,,,,,472.313,0,33.47,65.61,950.85,315.6,,0,32.33,65.36,959.97,222.5
2026-07-30 16:06:12,2026-07-30 16:00:00,488.194,0,32.69,68.8,949.65,263.2,455.656,0,32.87,71.57,952.92,278.9,508.054,0,29.49,80.37,947.7,191.4,478.53,0,29.6,85.4,950.3,229.4,390.777,0,32,67.46,959.9,260.7,,0,30.5,78.7,947.6,197.7,472.317,0,31.84,76.34,950.83,220.9,,0,32.13,64.08,959.87,207.4
2026-07-30 16:16:13,2026-07-30 16:10:00,488.194,0,32.09,62.92,949.6,220.5,455.656,0,32.34,72.2,952.87,265.6,508.054,0,29.53,80.66,947.66,183.4,,,,,,,390.782,0,32.03,67.25,959.9,257.1,,,,,,,472.31,0,31.18,80.27,950.86,198.3,,0,31.96,67.67,959.88,221.2
2026-07-30 16:26:12,2026-07-30 16:20:00,488.194,0,31.37,73.27,949.57,201.1,455.656,0,32.1,73.16,952.83,273.5,508.055,0,29.2,80.87,947.67,170.8,,,,,,,390.777,0,32.08,66.47,959.9,256.3,,,,,,,472.31,0,30.82,79.77,950.82,238.1,,0,32.05,68.04,959.86,268.2
2026-07-30 16:36:11,2026-07-30 16:30:00,488.201,0,30.95,73.99,949.57,199,455.656,0,32.15,70.98,952.82,464.8,508.054,0,28.75,85.07,947.59,153.9,478.53,0,28.8,88.3,950.2,195.6,390.774,0,32.14,68.06,959.8,217,505.16,0,29.2,82.6,947.5,215.4,472.31,0,31.12,83.05,950.81,313.2,,0,32.06,67.79,959.8,308.4
2026-07-30 16:46:13,2026-07-30 16:40:00,488.201,0,30.42,76.64,949.51,171.3,455.655,0,31.92,70.36,952.8,222.8,508.048,0,28.47,84.21,947.59,138,,,,,,,390.783,0,31.97,68.99,959.75,165.2,,,,,,,472.304,0,33.41,74.5,950.75,520.4,,0,32.44,64.67,959.82,293
2026-07-30 16:56:12,2026-07-30 16:50:00,488.208,0,30.08,76.37,949.45,149.7,455.656,0,31.14,76.03,952.71,182.6,508.047,0,28.12,84.74,947.46,122.5,,,,,,,390.783,0,31.73,68.99,959.73,141.3,,,,,,,472.316,0,32.48,72.3,950.78,202.5,,0,32.68,67.16,959.66,305.8
2026-07-30 17:06:13,2026-07-30 17:00:00,488.194,0,29.68,78.31,949.52,118.5,455.656,0,30.5,77.89,952.7,139.6,508.055,0,28.11,83.61,947.48,113.8,478.53,0,29.2,85.9,950.1,238.7,390.787,0,31.75,70.23,959.74,183.9,505.16,0,29.8,77.3,947.4,122.4,472.317,0,31.36,76.66,950.76,132,,0,32.16,65.9,959.67,191.6
2026-07-30 17:16:14,2026-07-30 17:10:00,488.188,0,29.67,79.9,949.4,104.7,455.656,0,30.16,76.06,952.56,112,508.055,0,28.21,82.56,947.38,98.1,,,,,,,390.779,0,32.87,67.18,959.58,312.5,,,,,,,472.31,0,30.3,79.28,950.68,76.6,,0,31.9,66.08,959.65,203
2026-07-30 17:26:12,2026-07-30 17:20:00,488.188,0,29.58,77.46,949.36,75.7,455.663,0,29.86,80.17,952.52,100.4,508.048,0,27.87,87.14,947.38,70.5,,,,,,,390.782,0,33.51,63.62,959.62,254.2,,,,,,,472.31,0,29.3,82.24,950.6,59.1,,0,32.51,67.18,959.51,285.7
2026-07-30 17:36:12,2026-07-30 17:30:00,488.181,0,28.91,83.56,949.36,64.9,455.656,0,29.4,77.77,952.59,76.5,508.048,0,27.58,86.26,947.42,67.3,478.53,0,28.9,86.7,950.1,259.5,390.782,0,32.77,64.25,959.63,80.6,505.16,0,27.6,90.6,947.3,48.3,472.31,0,28.62,85.23,950.61,51.2,,0,31.97,66.27,959.58,118.4
2026-07-30 17:46:12,2026-07-30 17:40:00,488.175,0,28.65,88.19,949.38,56.1,455.656,0,28.92,79.58,952.57,65.1,508.049,0,27.35,89.81,947.43,55.8,,,,,,,390.79,0,31.88,67.7,959.67,66.5,,,,,,,472.303,0,28.01,87.27,950.7,43.8,,0,30.66,70.1,959.58,63.8
2026-07-30 17:56:13,2026-07-30 17:50:00,488.182,0,27.82,88.77,949.44,41.7,455.656,0,28.51,80.52,952.65,51.1,508.049,0,26.95,91.33,947.61,47.4,,,,,,,390.793,0,31.17,71.16,959.72,55,,,,,,,472.304,0,27.41,88.11,950.73,38.1,,0,30.1,74.45,959.63,54.2
2026-07-30 18:16:13,2026-07-30 18:10:00,488.175,0,27.18,92.26,949.92,32.9,455.663,0,27.97,86.48,953.13,40.9,508.049,0,26.59,93.46,948,36,,,,,,,390.797,0,30.29,74.78,960.14,38.7,,,,,,,472.303,0,26.83,90.46,951.13,32.4,,0,29.59,77.21,960.05,42.4
2026-07-30 18:36:13,2026-07-30 18:30:00,488.175,0,26.85,93.78,949.94,15.5,455.656,0,27.22,87.97,953.22,19,508.05,0,26.26,94.95,948.06,14.6,478.53,0,26.6,92.3,950.6,17.1,390.801,0,29.8,76.86,960.3,19.1,,0,26.4,92.3,948,16.2,472.304,0,26.46,91.82,951.31,16.4,,0,28.71,80.95,960.23,18.8
2026-07-30 18:46:20,2026-07-30 18:40:00,488.176,0,26.72,91.56,950.17,8.9,455.656,0,26.96,87.7,953.54,11.4,508.049,0,25.94,94.58,948.2,10.4,,,,,,,390.801,0,29.34,80.08,960.44,13.2,,,,,,,472.304,0,26.23,92.33,951.51,9.2,,0,28.37,81.41,960.39,11.9
2026-07-30 19:16:14,2026-07-30 19:10:00,488.176,0,26.35,89.79,950.39,0,455.663,0,26.38,85.95,953.67,0.2,508.05,0,25.36,95.86,948.49,0,,,,,,,390.809,0,28.46,82.73,960.76,0,,,,,,,472.304,0,25.42,92.63,951.65,0,,0,27.62,83.48,960.68,0
2026-07-30 19:26:12,2026-07-30 19:20:00,488.17,0,26.34,88.95,950.52,0,455.663,0,26.24,87.14,953.86,0.1,508.05,0,25.22,96.15,948.6,0,,,,,,,390.81,0,28.41,82.25,960.98,0,,,,,,,472.304,0,25.23,92.46,951.85,0,,0,27.48,84.91,960.86,0
2026-07-30 19:46:13,2026-07-30 19:40:00,488.176,0,26.03,88,950.94,0,455.663,0,26.08,88.17,954.29,0.1,508.05,0,25.07,96.81,948.98,0,,,,,,,390.814,0,28.21,83.96,961.27,0,,,,,,,472.303,0,24.97,93.33,952.28,0,,0,27.33,86.6,961.28,0
2026-07-30 19:56:15,2026-07-30 19:50:00,488.17,0,26.25,91.91,951.02,0,455.663,0,25.89,88.13,954.4,0.1,508.043,0,24.98,97.09,949.07,0,,,,,,,390.816,0,28.04,83.64,961.36,0,,,,,,,472.303,0,24.96,94.3,952.45,0,,0,27.26,86.59,961.39,0
2026-07-30 20:06:13,2026-07-30 20:00:00,488.17,0,25.91,92.85,951.2,0,455.663,0,26.01,87.89,954.59,0.1,508.043,0,25.01,97.34,949.32,0,478.53,0,25.4,93.4,951.9,0.2,390.816,0,27.96,84.12,961.53,0,,0,24.9,94.9,949.1,0,472.303,0,24.75,92.45,952.44,0,,0,27.15,87.07,961.51,0
2026-07-30 20:16:14,2026-07-30 20:10:00,488.17,0,25.8,92.64,951.36,0,455.663,0,25.94,88.41,954.72,0.1,508.043,0,24.91,97.1,949.47,0,,,,,,,390.82,0,27.97,84.89,961.77,0,,,,,,,472.297,0,24.83,94.27,952.68,0,,0,27.07,88.21,961.74,0
2026-07-30 20:26:12,2026-07-30 20:20:00,488.17,0,25.63,92.65,951.52,0,455.663,0,25.75,88.39,954.89,0.1,508.043,0,24.78,96.45,949.63,0,,,,,,,390.821,0,27.87,85.24,961.9,0,,,,,,,472.303,0,24.59,93.28,952.88,0,,0,26.93,88.48,961.93,0
2026-07-30 20:36:14,2026-07-30 20:30:00,488.17,0,25.53,94.78,951.72,0,455.663,0,25.7,88.1,955.03,0.2,508.043,0,24.63,95.79,949.74,0,478.53,0,25.2,93.1,952.3,0.2,390.82,0,27.72,86.53,962.13,0,,0,24.7,94.8,949.7,0,472.303,0,24.62,94.06,953,0,,0,26.87,88.77,962.14,0
2026-07-30 20:46:14,2026-07-30 20:40:00,488.17,0,25.6,94.65,951.93,0,455.663,0,25.5,88.15,955.31,0.1,508.043,0,24.64,95.54,950.03,0,,,,,,,390.822,0,27.6,85.49,962.37,0,,,,,,,472.297,0,24.62,93.93,953.25,0,,0,26.92,87.86,962.31,0
2026-07-30 20:56:12,2026-07-30 20:50:00,488.17,0,25.66,94.25,952.1,0,455.663,0,25.56,89.44,955.47,0.2,508.044,0,24.74,95.26,950.18,0,,,,,,,390.823,0,27.6,85.85,962.4,0,,,,,,,472.297,0,24.63,93.65,953.47,0,,0,26.85,86.99,962.48,0
2026-07-30 21:06:13,2026-07-30 21:00:00,488.17,0,25.5,94.77,952.09,0,455.663,0,25.58,89.25,955.47,0.1,508.05,0,24.78,94.45,950.13,0,478.53,0,25.1,92.9,952.7,0.2,390.824,0,27.63,85.2,962.52,0,,0,24.6,94.1,950.2,0,472.297,0,24.68,93.99,953.48,0,,0,26.81,85.78,962.56,0
2026-07-30 21:16:14,2026-07-30 21:10:00,488.17,0,25.32,94.74,952.27,0,455.663,0,25.53,89.2,955.72,0.1,508.05,0,24.75,94.97,950.32,0,,,,,,,390.825,0,27.56,86.52,962.77,0,,,,,,,472.297,0,24.62,94.32,953.71,0,,0,26.71,86.76,962.79,0
2026-07-30 21:26:13,2026-07-30 21:20:00,488.17,0,25.4,95.05,952.55,0,455.663,0,25.43,89.07,956.03,0.1,508.043,0,24.68,94.64,950.55,0,,,,,,,390.828,0,27.51,86.08,962.92,0,,,,,,,472.297,0,24.65,94.45,953.87,0,,0,26.66,87.22,962.96,0
2026-07-30 21:36:14,2026-07-30 21:30:00,488.17,0,25.54,95.45,952.65,0,455.663,0,25.58,89.67,956.1,0.2,508.05,0,24.56,95.19,950.78,0,478.53,0,25.1,93.3,953.5,0.2,390.828,0,27.51,85.95,963.06,0,,0,24.7,94.9,950.7,0,472.297,0,24.72,94.77,954.01,0,,0,26.59,86.93,963.04,0
2026-07-30 21:46:18,2026-07-30 21:40:00,488.17,0,25.49,95.3,952.66,0,455.663,0,25.5,89.98,956.18,0.1,508.043,0,24.64,95.55,950.83,0,,,,,,,390.831,0,27.42,86.4,963.12,0,,,,,,,472.297,0,24.66,94.54,954.05,0,,0,26.6,87.22,963.16,0
2026-07-30 22:06:20,2026-07-30 22:00:00,488.163,0,25.23,94.88,952.81,0,455.663,0,25.43,90.36,956.24,0.1,508.043,0,24.36,96.08,950.9,0,478.53,0,25,93.8,953.5,0.2,390.832,0,27.35,87.35,963.28,0,,0,24.6,94.5,950.8,0,472.303,0,24.45,94.51,954.15,0,,0,26.54,88.37,963.24,0
2026-07-30 22:16:15,2026-07-30 22:10:00,488.163,0,25.39,95.81,952.77,0,455.663,0,25.54,89.61,956.24,0.1,508.043,0,24.31,96.66,950.87,0,,,,,,,390.835,0,27.31,87.42,963.29,0,,,,,,,472.297,0,24.44,94.63,954.12,0,,0,26.54,87.97,963.22,0
2026-07-30 22:26:17,2026-07-30 22:20:00,488.163,0,25.29,94.51,952.77,0,455.663,0,25.21,90.68,956.27,0.2,508.05,0,24.24,96.28,950.91,0,,,,,,,390.832,0,27.29,87.08,963.34,0,,,,,,,472.297,0,24.42,94.89,954.22,0,,0,26.45,88.7,963.24,0
2026-07-30 22:38:21,2026-07-30 22:30:00,488.163,0,25.43,96.73,952.81,0,455.663,0,25.38,89.54,956.35,0.2,508.05,0,24.19,96.09,950.95,0,478.53,0,24.8,93.7,953.6,0.2,390.835,0,27.25,87.56,963.35,0,,0,24.6,95.7,950.9,0,472.297,0,24.38,94.84,954.19,0,,0,26.32,88.06,963.3,0
2026-07-30 22:46:11,2026-07-30 22:40:00,488.163,0,25.23,95.99,952.82,0,455.663,0,25.52,90,956.39,0.1,508.043,0,24.13,96.72,951.03,0,,,,,,,390.836,0,27.21,86.47,963.43,0,,,,,,,472.297,0,24.38,95.2,954.22,0,,0,26.24,89.34,963.39,0
2026-07-30 22:56:13,2026-07-30 22:50:00,488.163,0,25.11,95.74,953,0,455.663,0,25.22,90.59,956.54,0.2,508.044,0,23.96,96.73,951.15,0,,,,,,,390.837,0,27.15,87.63,963.41,0,,,,,,,472.297,0,24.44,95.61,954.3,0,,0,26.19,88.98,963.48,0
2026-07-30 23:06:12,2026-07-30 23:00:00,488.156,0,24.91,96.14,952.89,0,455.663,0,24.99,91.57,956.43,0.1,508.043,0,24.1,97.65,950.97,0,478.53,0,24.6,94,953.6,0.2,390.839,0,27.15,87.59,963.25,0,,0,24.3,96.5,950.9,0,472.297,0,24.32,95.56,954.32,0,,0,26.26,88.91,963.3,0
2026-07-30 23:16:14,2026-07-30 23:10:00,488.163,0,24.9,96.46,952.84,0,455.663,0,25.07,91.35,956.38,0.2,508.044,0,23.85,97.39,950.87,0,,,,,,,390.838,0,27.14,89.29,963.28,0,,,,,,,472.298,0,24.38,95.6,954.19,0,,0,26.23,89.59,963.27,0
2026-07-30 23:26:12,2026-07-30 23:20:00,488.163,0,25.1,96.76,952.79,0,455.663,0,25.11,91.49,956.26,0.1,508.044,0,23.82,97.71,950.89,0,,,,,,,390.842,0,26.93,88.81,963.26,0,,,,,,,472.297,0,24.34,95.43,954.16,0,,0,26.21,89.91,963.27,0
2026-07-30 23:36:13,2026-07-30 23:30:00,488.163,0,24.98,95.47,952.76,0,455.663,0,25.02,91.38,956.26,0.1,508.044,0,23.78,97.79,950.86,0,478.54,0,24.4,93.9,953.5,0.2,390.844,0,26.93,89.06,963.19,0,,0,24.4,97,950.7,0,472.297,0,24.31,94.98,954.07,0,,0,26.2,89.7,963.2,0
2026-07-30 23:46:13,2026-07-30 23:40:00,488.163,0,25.15,96.55,952.65,0,455.663,0,24.99,91.49,956.15,0.2,508.044,0,23.65,97.83,950.87,0,,,,,,,390.845,0,26.89,89.37,963.14,0,,,,,,,472.297,0,24.2,95.08,953.98,0,,0,26.07,90.03,963.1,0
2026-07-30 23:56:13,2026-07-30 23:50:00,488.163,0,25.07,96.63,952.61,0,455.663,0,24.92,91.34,956.13,0.1,508.044,0,23.55,97.69,950.77,0,,,,,,,390.847,0,26.89,89.3,963.08,0,,,,,,,472.297,0,24.24,95.47,953.9,0,,0,26,90.72,963.11,0
2026-07-31 00:16:13,2026-07-31 00:10:00,488.156,0,24.7,96.01,952.57,0,455.663,0,24.97,91.5,956,0.1,508.051,0,23.59,98.15,950.7,0,,,,,,,390.849,0,26.79,90.11,963.11,0,,,,,,,472.297,0,24.24,95.79,953.88,0,,0,25.86,91.34,963.1,0
2026-07-31 00:26:12,2026-07-31 00:20:00,488.156,0,24.75,96.34,952.62,0,455.663,0,24.95,91.37,956.07,0.1,508.043,0,23.72,98.25,950.66,0,,,,,,,390.85,0,26.78,90.27,963,0,,,,,,,472.297,0,24.13,95.56,953.87,0,,0,25.8,91.58,963.07,0
2026-07-31 00:36:24,2026-07-31 00:30:00,488.156,0,24.77,97.08,952.35,0,455.663,0,25.21,91.47,955.83,0.1,508.044,0,23.52,97.88,950.44,0,478.54,0,24.3,94.4,953,0.2,390.85,0,26.7,90.29,962.84,0,,0,24.2,97,950.4,0,472.297,0,24.14,95.84,953.72,0,,0,25.69,91.39,962.85,0
2026-07-31 00:46:13,2026-07-31 00:40:00,488.156,0,24.67,96.66,952.22,0,455.663,0,25.08,90.34,955.64,0.1,508.044,0,23.44,98.27,950.38,0,,,,,,,390.852,0,26.66,91.1,962.68,0,,,,,,,472.297,0,24.01,95.51,953.44,0,,0,25.62,91.8,962.73,0
2026-07-31 01:06:13,2026-07-31 01:00:00,488.157,0,24.54,96.72,952.22,0,455.663,0,24.49,92.19,955.71,0.2,508.044,0,23.56,98.37,950.31,0,478.54,0,24.2,94.3,952.8,0.2,390.852,0,26.41,92,962.69,0,,0,24,97.5,950.1,0,472.303,0,23.88,95.9,953.45,0,,0,25.51,91.48,962.7,0
2026-07-31 01:16:12,2026-07-31 01:10:00,488.156,0,24.6,96.82,952.1,0,455.663,0,24.36,92.52,955.64,0.1,508.044,0,23.52,98.55,950.29,0,,,,,,,390.856,0,26.21,92.54,962.68,0,,,,,,,472.297,0,23.83,96.14,953.43,0,,0,25.49,91.51,962.72,0
2026-07-31 01:26:12,2026-07-31 01:20:00,488.156,0,24.63,97,951.97,0,455.663,0,24.47,92.65,955.52,0.1,508.044,0,23.54,98.41,950.1,0,,,,,,,390.854,0,26.27,93.02,962.56,0,,,,,,,472.297,0,23.7,95.96,953.34,0,,0,25.45,91.49,962.59,0
2026-07-31 01:36:12,2026-07-31 01:30:00,488.15,0,24.49,97.04,951.9,0,455.663,0,24.21,92.41,955.43,0.1,508.044,0,23.47,98.32,949.97,0,478.54,0,24.1,94.3,952.6,0.2,390.857,0,26.17,92.57,962.38,0,,0,23.9,97.9,949.9,0,472.297,0,23.81,95.86,953.25,0,,0,25.37,91.4,962.45,0
2026-07-31 01:46:14,2026-07-31 01:40:00,488.157,0,24.44,97.34,951.81,0,455.663,0,24.29,92.37,955.35,0.1,508.044,0,23.58,98.63,949.93,0,,,,,,,390.861,0,26.16,92.3,962.27,0,,,,,,,472.297,0,23.73,95.96,953.09,0,,0,25.38,92.1,962.4,0
2026-07-31 01:56:12,2026-07-31 01:50:00,488.156,0,24.4,97.28,951.71,0,455.663,0,24.44,92.55,955.22,0.2,508.044,0,23.41,98.48,949.83,0,,,,,,,390.859,0,26.31,93.49,962.18,0,,,,,,,472.297,0,23.65,96.21,953.03,0,,0,25.45,91.93,962.34,0
2026-07-31 02:06:12,2026-07-31 02:00:00,488.156,0,24.46,97.49,951.64,0,455.663,0,24.46,92.24,955.15,0.2,508.044,0,23.49,98.6,949.72,0,478.54,0,24.1,94.6,952.3,0.2,390.859,0,26.27,92.88,962.1,0,,0,23.8,98.3,949.6,0,472.297,0,23.69,96.38,952.94,0,,0,25.46,91.86,962.15,0
2026-07-31 02:16:14,2026-07-31 02:10:00,488.15,0,24.5,97.34,951.58,0,455.663,0,24.54,92.57,955.05,0.1,508.044,0,23.47,98.53,949.72,0,,,,,,,390.858,0,26.3,93.66,962,0,,,,,,,472.297,0,23.72,96.36,952.85,0,,0,25.52,91.64,962.12,0
2026-07-31 02:26:15,2026-07-31 02:20:00,488.156,0,24.5,97.3,951.53,0,455.67,0,24.53,92.38,955.06,0.1,508.044,0,23.54,98.44,949.69,0,,,,,,,390.863,0,26.23,92.85,961.95,0,,,,,,,472.297,0,23.66,96.25,952.8,0,,0,25.52,91.51,962.08,0
2026-07-31 02:36:13,2026-07-31 02:30:00,488.15,0,24.47,97.4,951.57,0,455.67,0,24.46,92.34,955.07,0.1,508.044,0,23.55,98.29,949.66,0,478.54,0,24.1,94.7,952.2,0.2,390.864,0,26.05,92.98,962.04,0,,0,23.8,98,949.5,0,472.297,0,23.79,96.4,952.82,0,,0,25.48,91.01,962.16,0
2026-07-31 02:46:13,2026-07-31 02:40:00,488.15,0,24.46,97.51,951.64,0,455.67,0,24.36,92.43,955.19,0.1,508.044,0,23.58,98.35,949.74,0,,,,,,,390.865,0,26.12,93.16,962.13,0,,,,,,,472.298,0,23.81,96.24,952.93,0,,0,25.46,91.33,962.24,0
2026-07-31 02:56:13,2026-07-31 02:50:00,488.15,0,24.46,97.53,951.69,0,455.663,0,24.44,92.65,955.22,0.2,508.044,0,23.56,98.6,949.81,0,,,,,,,390.864,0,26.08,92.59,962.2,0,,,,,,,472.297,0,23.94,96.31,952.98,0,,0,25.44,91.08,962.3,0
2026-07-31 03:06:13,2026-07-31 03:00:00,488.15,0,24.46,97.28,951.7,0,455.67,0,24.43,92.95,955.18,0.1,508.044,0,23.68,98.78,949.82,0,478.54,0,24.2,94.9,952.4,0.2,390.868,0,26.18,93.03,962.11,0,,0,23.9,98.3,949.6,0,472.297,0,24.01,96.34,952.95,0,,0,25.46,91.22,962.21,0
2026-07-31 03:16:13,2026-07-31 03:10:00,488.15,0,24.54,97.64,951.58,0,455.67,0,24.57,92.95,955.1,0.1,508.044,0,23.61,98.87,949.68,0,,,,,,,390.866,0,26.14,92.57,962.16,0,,,,,,,472.297,0,24.06,96.42,952.9,0,,0,25.45,91.44,962.16,0
2026-07-31 03:26:13,2026-07-31 03:20:00,488.151,0,24.47,97.38,951.63,0,455.67,0,24.49,92.72,955.15,0.1,508.044,0,23.49,98.76,949.59,0,,,,,,,390.869,0,26.16,92.82,962,0,,,,,,,472.297,0,24.07,96.4,952.92,0,,0,25.32,91.45,962.18,0
2026-07-31 03:36:12,2026-07-31 03:30:00,488.143,0,24.36,97.08,951.54,0,455.663,0,24.46,92.76,955.1,0.1,508.044,0,23.48,98.79,949.64,0,478.54,0,24.5,95.3,952.2,0.2,390.869,0,26.12,92.58,962.04,0,,0,24,98.2,949.6,0,472.297,0,24.07,96.3,952.8,0,,0,25.28,91.76,962.09,0
2026-07-31 03:46:14,2026-07-31 03:40:00,488.15,0,24.44,97.48,951.49,0,455.67,0,24.31,92.61,955.04,0.1,508.044,0,23.47,98.91,949.71,0,,,,,,,390.871,0,26.08,92.97,962.06,0,,,,,,,472.297,0,24.13,95.65,952.75,0,,0,25.27,92.22,962.19,0
2026-07-31 03:56:12,2026-07-31 03:50:00,488.15,0,24.37,97.54,951.65,0,455.67,0,24.44,92.98,955.24,0.1,508.044,0,23.51,99.04,949.8,0,,,,,,,390.872,0,26.04,92.97,962.23,0,,,,,,,472.297,0,24.04,94.62,952.87,0,,0,25.28,91.75,962.36,0
2026-07-31 04:06:13,2026-07-31 04:00:00,488.15,0,24.42,97.52,951.64,0,455.67,0,24.43,93.02,955.17,0.1,508.044,0,23.61,98.89,949.79,0,478.54,0,24.2,95.2,952.3,0.2,390.872,0,26,92.69,962.21,0,,0,23.5,98.5,949.7,0,472.303,0,24,94.42,953,0,,0,25.35,91.87,962.35,0
2026-07-31 04:16:14,2026-07-31 04:10:00,488.15,0,24.39,97.65,951.68,0,455.663,0,24.46,93.51,955.26,0.1,508.044,0,23.59,98.82,949.75,0,,,,,,,390.873,0,26.01,92.52,962.2,0,,,,,,,472.303,0,23.9,94.08,952.91,0,,0,25.35,91.63,962.29,0
2026-07-31 04:26:20,2026-07-31 04:20:00,488.143,0,24.33,97.78,951.72,0,455.67,0,24.39,93.37,955.27,0.1,508.043,0,23.65,98.99,949.86,0,,,,,,,390.873,0,25.97,91.79,962.22,0,,,,,,,472.297,0,23.93,94.71,952.91,0,,0,25.41,91.42,962.36,0
2026-07-31 04:36:13,2026-07-31 04:30:00,488.143,0,24.3,97.79,951.77,0,455.67,0,24.41,93.42,955.26,0.1,508.044,0,23.64,98.96,949.78,0,478.54,0,24.3,95.2,952.3,0.2,390.876,0,25.96,92.33,962.16,0,,0,23.7,98.8,949.6,0,472.297,0,23.9,95.25,952.92,0,,0,25.51,91.63,962.33,0
2026-07-31 04:46:13,2026-07-31 04:40:00,488.143,0,24.32,97.86,951.68,0,455.67,0,24.31,93.07,955.2,0.1,508.044,0,23.68,98.91,949.75,0,,,,,,,390.882,0,25.83,91.49,962.22,0,,,,,,,472.297,0,23.86,95.74,952.89,0,,0,25.48,91.3,962.29,0
2026-07-31 04:56:12,2026-07-31 04:50:00,488.143,0,24.3,97.69,951.59,0,455.67,0,24.39,93.12,955.18,0.2,508.044,0,23.68,99.01,949.74,0,,,,,,,390.88,0,25.83,91.6,962.25,0,,,,,,,472.297,0,23.74,95.89,952.85,0,,0,25.45,90.99,962.28,0
2026-07-31 05:06:12,2026-07-31 05:00:00,488.143,0,24.27,97.79,951.71,0,455.671,0,24.31,93.3,955.25,0.1,508.044,0,23.72,99.15,949.83,0,478.54,0,24.2,95.1,952.5,0.2,390.884,0,25.66,88.94,962.41,0,,0,23.6,99.5,949.7,0,472.297,0,23.66,96.06,953.04,0,,0,25.48,91.07,962.4,0
2026-07-31 05:16:12,2026-07-31 05:10:00,488.144,0,24.19,97.85,951.96,0,455.67,0,24.27,93.54,955.47,0.1,508.044,0,23.72,99.29,950.02,0,,,,,,,390.88,0,25.34,90.62,962.55,0,,,,,,,472.297,0,23.66,95.64,953.24,0,,0,25.44,90.92,962.6,0
2026-07-31 05:26:12,2026-07-31 05:20:00,488.143,0,24.18,97.93,952.04,0,455.67,0,24.17,93.33,955.54,0.1,508.044,0.2,23.79,99.12,950.18,0,,,,,,,390.886,0,24.82,90.5,962.56,0,,,,,,,472.297,0,23.76,96.21,953.32,0,,0,25.46,91.08,962.63,0
2026-07-31 05:36:12,2026-07-31 05:30:00,488.143,0,24.13,97.88,952.06,0,455.67,0,24.27,93.4,955.64,0.1,508.044,1.8,23.75,99.34,950.17,0,478.54,0.4,24.3,95.4,952.8,0.2,390.889,0,24.55,91.64,962.58,0,,0.2,23.7,99.3,949.9,0,472.297,0,23.77,96.23,953.28,0,,0.8,25.23,91.57,962.68,0
2026-07-31 05:46:12,2026-07-31 05:40:00,488.144,0,24.15,97.94,951.94,0,455.67,0,24.17,93.25,955.51,0.1,508.044,2.4,23.68,99.29,950.05,0,,,,,,,390.88,0,24.69,93.75,962.64,0,,,,,,,472.297,0,23.86,96.19,953.22,0,,0.8,24.9,92.15,962.68,0
2026-07-31 05:56:13,2026-07-31 05:50:00,488.138,0,24.13,97.96,952.02,0,455.67,0.2,24.23,93.86,955.58,0.1,508.043,2.8,23.61,99.44,950.05,0,,,,,,,390.88,1.8,24.38,95.12,962.59,0,,,,,,,472.297,0,23.8,96.25,953.34,0,,0.8,24.68,91.99,962.64,0
2026-07-31 06:06:14,2026-07-31 06:00:00,488.138,0.6,24.08,97.99,952.06,0.1,455.67,1,24.02,93.8,955.62,0.6,508.044,3,23.58,99.72,950.15,0.1,478.54,3.4,24,95.7,952.7,0.8,390.886,2.2,24.4,95.78,962.64,0,,0.2,23.5,99.4,950,0,472.297,0,23.66,96.07,953.33,0,,1.4,24.58,92.72,962.71,0
2026-07-31 06:16:13,2026-07-31 06:10:00,488.143,0.2,23.98,97.99,952.08,2.4,455.67,0,23.86,93.79,955.65,2.3,508.044,0.4,23.62,99.77,950.19,4.3,,,,,,,390.884,0.6,24.3,96.13,962.85,2,,,,,,,472.297,0,23.58,96.19,953.4,0.5,,1,24.63,93.56,962.86,1.7
2026-07-31 06:26:13,2026-07-31 06:20:00,488.143,0.2,23.91,98.04,952.31,5.9,455.671,0,23.73,93.79,955.88,8.8,508.044,0.8,23.58,99.84,950.36,14.2,,,,,,,390.892,1.2,24.34,96.37,962.95,7.2,,,,,,,472.297,0.4,23.48,96.25,953.62,3.1,,1.4,24.7,93.91,963.09,7.3
2026-07-31 06:36:12,2026-07-31 06:30:00,488.138,0.2,23.81,97.94,952.59,13.7,455.67,0.2,23.65,93.75,956.09,13.9,508.044,0.8,23.69,99.89,950.65,19.7,478.55,0.6,24,95.9,953.2,9.7,390.891,1.4,24.49,96.45,963.09,22.2,,0.6,23.3,99.6,950.5,5.3,472.298,0.8,23.53,96.58,953.81,6.2,,1.8,24.73,93.9,963.33,18.6
2026-07-31 06:46:12,2026-07-31 06:40:00,488.138,0.4,23.7,97.95,952.82,12.1,455.67,0.2,23.66,93.8,956.27,22,508.044,1,23.85,99.86,950.82,29.3,,,,,,,390.893,1.8,24.63,96.54,963.36,42.3,,,,,,,472.297,1,23.59,96.72,954.01,8.9,,1.8,24.85,93.63,963.48,44
2026-07-31 06:56:12,2026-07-31 06:50:00,488.138,0.4,23.65,97.81,952.92,27.2,455.67,0.2,23.62,93.26,956.39,47.9,508.044,1,23.98,99.62,950.94,44.8,,,,,,,390.898,2,24.68,96.45,963.35,68.5,,,,,,,472.297,1,23.72,96.85,954.07,13.2,,1.8,25.09,92.94,963.58,75.8
2026-07-31 07:06:12,2026-07-31 07:00:00,488.143,0.4,23.98,97.76,952.94,63.9,455.67,0.2,23.88,92.64,956.48,99.7,508.044,1.2,24.12,99.19,950.93,71.8,478.55,0.8,23.8,96,953.5,82.8,390.899,2,24.7,96.2,963.57,73.7,,1,23.4,99.5,950.9,33.9,472.297,1,23.58,96.2,954.14,25,,1.8,25.34,92.16,963.69,55.1
2026-07-31 07:16:13,2026-07-31 07:10:00,488.144,0,24.16,97.3,953.06,83.9,455.67,0,24.3,92.74,956.53,95,508.044,0,24,98.79,951.08,77.7,,,,,,,390.903,0,24.69,95.98,963.57,73.8,,,,,,,472.297,0.2,23.91,96.4,954.23,52.4,,0,25.32,91.88,963.79,55.2
2026-07-31 07:36:13,2026-07-31 07:30:00,488.143,0,24.71,95.74,953.12,88.4,455.67,0,24.82,91.89,956.69,126.4,508.044,0,24.27,98.38,951.15,118.8,478.55,0,23.9,95.9,953.7,113.9,390.903,0,25.15,95.39,963.64,121.7,,0,23.8,98.6,951.1,62.1,472.297,0.2,24.01,95.17,954.31,58.6,,0,25.38,92.08,963.87,79.7
2026-07-31 07:46:12,2026-07-31 07:40:00,488.143,0,24.98,95.98,953.17,123.6,455.67,0,25.19,91.33,956.73,161.4,508.044,0,24.72,97.31,951.22,121,,,,,,,390.904,0,25.28,94.92,963.76,103.3,,,,,,,472.298,0.2,24.32,95.21,954.38,72.1,,0,25.8,90.29,963.88,116.5
2026-07-31 07:56:12,2026-07-31 07:50:00,488.143,0,25.58,94.06,953.22,186.7,455.67,0,25.66,90.27,956.77,167.3,508.043,0,24.87,96.43,951.18,121.5,,,,,,,390.903,0,25.42,94.47,963.82,77.7,,,,,,,472.297,0.2,24.69,93.65,954.46,109.1,,0,25.86,90.36,963.93,67.2
2026-07-31 08:06:12,2026-07-31 08:00:00,488.156,0,26.28,93.78,953.3,178.8,455.67,0,26.05,90.32,956.87,147.8,508.043,0,24.78,97.1,951.25,78.7,478.55,0.2,24.8,95.7,953.9,132,390.903,0,25.49,93.84,963.85,114.9,,0.2,25.3,95.3,951.2,199.1,472.297,0.2,25.3,92.73,954.53,147.7,,0,25.64,90.8,964.02,53.5
2026-07-31 08:16:12,2026-07-31 08:10:00,488.143,0,26.45,92.54,953.46,135,455.67,0,25.87,89.38,957,169.7,508.044,0,24.6,97.07,951.37,79.2,,,,,,,390.904,0,25.59,92.39,963.82,175.6,,,,,,,472.297,0,25.99,91.92,954.63,190.7,,0,25.41,91.17,964.09,49.8
2026-07-31 08:26:13,2026-07-31 08:20:00,488.143,0,26.24,93.68,953.5,179.2,455.67,0,26.47,89.71,957.06,223,508.043,0,24.9,97.2,951.47,105.9,,,,,,,390.906,0,26.05,92.18,963.94,243.8,,,,,,,472.303,0,26.57,90.56,954.64,208,,0,25.28,90.96,964.18,46.3
2026-07-31 08:36:12,2026-07-31 08:30:00,488.143,0,27.29,91.49,953.53,377.5,455.669,0,27.28,86.84,957.14,462.4,508.043,0,25.42,96.21,951.53,182,478.55,0,25.4,95.5,954.2,191.6,390.906,0,26.55,90.97,963.99,274.7,,0,26.2,92.6,951.5,202.3,472.298,0,27.19,89.33,954.76,206.7,,0,25.79,91.08,964.23,108.9
2026-07-31 08:46:11,2026-07-31 08:40:00,488.15,0,28.2,85.8,953.63,497,455.669,0,28.19,84.46,957.15,410.3,508.043,0,25.76,94.14,951.57,167.3,,,,,,,390.909,0,26.91,89.21,964.06,294.9,,,,,,,472.297,0,27.66,86.78,954.8,347.6,,0,26.38,90.19,964.29,173.7
2026-07-31 08:56:12,2026-07-31 08:50:00,488.149,0,29.58,81.84,953.61,565.4,455.669,0,28.67,85.24,957.1,386.6,508.043,0,25.89,94.68,951.55,208.3,,,,,,,390.909,0,27.46,87.21,964.01,529.7,,,,,,,472.298,0,29.17,84.5,954.72,323.9,,0,26.71,87.69,964.3,139
2026-07-31 09:06:11,2026-07-31 09:00:00,488.15,0,30.65,80.38,953.51,643.8,455.669,0,28.58,84.65,957.04,297.2,508.043,0,26.55,93.58,951.54,252.1,478.55,0,26,94.5,954.1,245.3,390.909,0,27.97,84.79,963.98,259.1,,0,26.8,90.8,951.3,296.3,472.304,0,29.11,86.17,954.62,342.5,,0,27.45,84.6,964.31,271.5
2026-07-31 09:16:11,2026-07-31 09:10:00,488.143,0,30.42,80.63,953.41,397.9,455.669,0,28.53,85.73,956.94,221.4,508.043,0,27.43,89.57,951.49,408.2,,,,,,,390.91,0,28.07,84.31,963.9,288.7,,,,,,,472.298,0,30.05,85.87,954.62,459.2,,0,30.64,79.18,964.23,543.6
2026-07-31 09:26:12,2026-07-31 09:20:00,488.143,0,29.45,83.38,953.39,310.9,455.669,0,28.53,84.73,956.95,295.3,508.049,0,27.3,90.32,951.4,180.2,,,,,,,390.909,0,28.14,84.84,963.84,209.5,,,,,,,472.317,0,29.95,79.44,954.61,291.1,,0,31.37,72.38,964.14,254.7
2026-07-31 09:36:12,2026-07-31 09:30:00,488.137,0,30.21,81.75,953.46,354.5,455.669,0,28.87,85.88,956.93,370.9,508.049,0.2,26.5,93.27,951.47,179.4,478.55,0,27.3,91.1,954,285.4,390.909,0,27.84,85.64,963.83,581.9,,0,26.8,90.4,951.3,230,472.31,0,28.76,85.86,954.64,186.8,,0,29.78,76.26,964.14,625.6