run_timestamp,as_of_date,year,week,zone,MEI,MEI_lag4,MEI_lag8,mei_reporting_lag_risk,mei_fetch_error,P_mm_week,P_eff_mm,P_mm_week_lag1,P_mm_week_lag2,P_mm_week_lag4,SPI_4,drought_flag,chirps_data_type,chirps_n_days_in_week,chirps_is_rolling_estimate,chirps_fetch_error,ET0_mm_week,T_mean,RH_pct,VPD_kPa,u2_ms,Rn_MJ,era5t_n_days_in_week,era5t_is_rolling_estimate,era5t_fetch_error,AI_week,AI_week_status,NIR_A_m3,GIR_B_m3,wd_area_basis,wd_nir_gir_status
2026-07-26T03:05:41.340784+00:00,2026-04-12,2026,15,zone_A,,,,,historical backfill row -- ไม่ได้ re-fetch MEI (ดู docstring backfill_historical_weeks()),0.0,0.0,0.0,9.647,0.0,-0.632,0,final,7,False,,17.3033,32.4421,40.9556,2.8787,1.7343,-0.2221,7,False,,,historical backfill 2026-07-25 (deep backfill ก่อน W27 -- ดู backfill_historical_weeks()),,,,backfill row -- ไม่ได้คำนวณ NIR/GIR ย้อนหลัง (ดู docstring backfill_historical_weeks())
2026-07-26T03:06:18.791364+00:00,2026-04-19,2026,16,zone_A,,,,,historical backfill row -- ไม่ได้ re-fetch MEI (ดู docstring backfill_historical_weeks()),5.445,0.378,0.0,0.0,5.2,-0.872,0,final,7,False,,14.7554,32.8904,41.3244,2.94,1.4574,-0.2197,7,False,,2.70989898989899,historical backfill 2026-07-25 (deep backfill ก่อน W27 -- ดู backfill_historical_weeks()),,,,backfill row -- ไม่ได้คำนวณ NIR/GIR ย้อนหลัง (ดู docstring backfill_historical_weeks())
2026-07-26T03:06:58.793274+00:00,2026-04-26,2026,17,zone_A,,,,,historical backfill row -- ไม่ได้ re-fetch MEI (ดู docstring backfill_historical_weeks()),19.177,12.051,5.445,0.0,9.647,-0.939,0,final,7,False,,9.9498,30.801,57.7507,1.9879,1.3227,-0.169,7,False,,0.5188402774156542,historical backfill 2026-07-25 (deep backfill ก่อน W27 -- ดู backfill_historical_weeks()),,,,backfill row -- ไม่ได้คำนวณ NIR/GIR ย้อนหลัง (ดู docstring backfill_historical_weeks())
2026-07-26T03:08:19.946117+00:00,2026-05-03,2026,18,zone_A,,,,,historical backfill row -- ไม่ได้ re-fetch MEI (ดู docstring backfill_historical_weeks()),13.307,7.061,19.177,5.445,0.0,-0.764,0,final,7,False,,7.7419,29.2113,64.2676,1.4975,1.3472,-0.1267,7,False,,0.581791538288119,historical backfill 2026-07-25 (deep backfill ก่อน W27 -- ดู backfill_historical_weeks()),,,,backfill row -- ไม่ได้คำนวณ NIR/GIR ย้อนหลัง (ดู docstring backfill_historical_weeks())
2026-07-26T03:08:58.703596+00:00,2026-05-10,2026,19,zone_A,,,,,historical backfill row -- ไม่ได้ re-fetch MEI (ดู docstring backfill_historical_weeks()),70.291,55.497,13.307,19.177,0.0,-0.148,0,final,7,False,,3.2891,28.265,73.0292,1.0825,0.6675,-0.1043,7,False,,0.04679261925424308,historical backfill 2026-07-25 (deep backfill ก่อน W27 -- ดู backfill_historical_weeks()),,,,backfill row -- ไม่ได้คำนวณ NIR/GIR ย้อนหลัง (ดู docstring backfill_historical_weeks())
2026-07-26T03:09:52.703742+00:00,2026-05-17,2026,20,zone_A,,,,,historical backfill row -- ไม่ได้ re-fetch MEI (ดู docstring backfill_historical_weeks()),48.604,37.063,70.291,13.307,5.445,-0.052,0,final,7,False,,3.7352,27.7884,79.9619,0.7931,1.041,-0.0649,7,False,,0.07684964200477327,historical backfill 2026-07-25 (deep backfill ก่อน W27 -- ดู backfill_historical_weeks()),,,,backfill row -- ไม่ได้คำนวณ NIR/GIR ย้อนหลัง (ดู docstring backfill_historical_weeks())
2026-07-26T03:10:47.053431+00:00,2026-05-24,2026,21,zone_A,,,,,historical backfill row -- ไม่ได้ re-fetch MEI (ดู docstring backfill_historical_weeks()),25.842,17.715,48.604,70.291,19.177,0.418,0,final,7,False,,5.6311,28.0709,77.0339,0.8759,1.5865,-0.0585,7,False,,0.21790496091633776,historical backfill 2026-07-25 (deep backfill ก่อน W27 -- ดู backfill_historical_weeks()),,,,backfill row -- ไม่ได้คำนวณ NIR/GIR ย้อนหลัง (ดู docstring backfill_historical_weeks())
2026-07-26T03:11:25.732551+00:00,2026-05-31,2026,22,zone_A,,,,,historical backfill row -- ไม่ได้ re-fetch MEI (ดู docstring backfill_historical_weeks()),125.099,102.084,25.842,48.604,13.307,1.531,0,final,7,False,,5.9317,29.121,70.0509,1.2314,1.2326,-0.0783,7,False,,0.04741604649117899,historical backfill 2026-07-25 (deep backfill ก่อน W27 -- ดู backfill_historical_weeks()),,,,backfill row -- ไม่ได้คำนวณ NIR/GIR ย้อนหลัง (ดู docstring backfill_historical_weeks())
2026-07-26T03:12:05.782522+00:00,2026-06-07,2026,23,zone_A,,,,,historical backfill row -- ไม่ได้ re-fetch MEI (ดู docstring backfill_historical_weeks()),16.326,9.627,125.099,25.842,70.291,1.065,0,prelim_ftp,7,False,,7.3757,29.2874,68.4832,1.3247,1.5083,-0.0791,7,False,,0.4517763077300012,historical backfill 2026-07-25 (deep backfill ก่อน W27 -- ดู backfill_historical_weeks()),,,,backfill row -- ไม่ได้คำนวณ NIR/GIR ย้อนหลัง (ดู docstring backfill_historical_weeks())
2026-07-26T03:12:46.498902+00:00,2026-06-14,2026,24,zone_A,,,,,historical backfill row -- ไม่ได้ re-fetch MEI (ดู docstring backfill_historical_weeks()),6.924,1.636,16.326,125.099,48.604,1.018,0,prelim_ftp,7,False,,5.6045,26.972,80.433,0.7043,1.8855,-0.0254,7,False,,0.8094309647602541,historical backfill 2026-07-25 (deep backfill ก่อน W27 -- ดู backfill_historical_weeks()),,,,backfill row -- ไม่ได้คำนวณ NIR/GIR ย้อนหลัง (ดู docstring backfill_historical_weeks())
2026-07-26T03:13:25.546684+00:00,2026-06-21,2026,25,zone_A,,,,,historical backfill row -- ไม่ได้ re-fetch MEI (ดู docstring backfill_historical_weeks()),17.409,10.547,6.924,16.326,25.842,0.95,0,prelim_ftp,7,False,,4.8503,27.7081,78.8786,0.7957,1.4681,-0.044,7,False,,0.2786087655810213,historical backfill 2026-07-25 (deep backfill ก่อน W27 -- ดู backfill_historical_weeks()),,,,backfill row -- ไม่ได้คำนวณ NIR/GIR ย้อนหลัง (ดู docstring backfill_historical_weeks())
2026-07-26T03:14:25.083541+00:00,2026-06-28,2026,26,zone_A,,,,,historical backfill row -- ไม่ได้ re-fetch MEI (ดู docstring backfill_historical_weeks()),13.744,7.433,17.409,6.924,125.099,-1.412,1,prelim_ftp,7,False,,7.9788,29.5731,67.117,1.3656,1.4797,-0.0501,7,False,,0.5805296856810245,historical backfill 2026-07-25 (deep backfill ก่อน W27 -- ดู backfill_historical_weeks()),,,,backfill row -- ไม่ได้คำนวณ NIR/GIR ย้อนหลัง (ดู docstring backfill_historical_weeks())
2026-08-12T08:26:13.929709+00:00,2026-07-05,2026,27,zone_A,,,,,historical backfill row -- ไม่ได้ re-fetch MEI (ดู docstring backfill_historical_weeks()),51.474,39.503,13.744,25.26,28.877,-0.973,0,prelim_ftp,7,False,,4.4513,27.7058,78.9912,0.7909,1.3127,-0.0322,7,False,,0.08647666783230369,historical backfill 2026-07-25 (deep backfill ก่อน W27 -- ดู backfill_historical_weeks()),,,,backfill row -- ไม่ได้คำนวณ NIR/GIR ย้อนหลัง (ดู docstring backfill_historical_weeks())
2026-08-12T08:27:01.424069+00:00,2026-07-12,2026,28,zone_A,,,,,historical backfill row -- ไม่ได้ re-fetch MEI (ดู docstring backfill_historical_weeks()),0.749,0.0,51.474,13.744,0.0,-1.065,1,prelim_ftp,7,False,,2.8795,26.4982,86.3228,0.4899,1.3828,-0.0338,7,False,,3.8444592790387184,historical backfill 2026-07-25 (deep backfill ก่อน W27 -- ดู backfill_historical_weeks()),,,,backfill row -- ไม่ได้คำนวณ NIR/GIR ย้อนหลัง (ดู docstring backfill_historical_weeks())
2026-08-12T08:27:49.876804+00:00,2026-07-19,2026,29,zone_A,,,,,historical backfill row -- ไม่ได้ re-fetch MEI (ดู docstring backfill_historical_weeks()),25.694,17.59,0.749,51.474,25.26,-1.214,1,prelim_ftp,7,False,,3.9927,26.5428,82.5484,0.6133,1.3914,-0.0389,7,False,,0.1553942554682027,historical backfill 2026-07-25 (deep backfill ก่อน W27 -- ดู backfill_historical_weeks()),,,,backfill row -- ไม่ได้คำนวณ NIR/GIR ย้อนหลัง (ดู docstring backfill_historical_weeks())
2026-07-26T03:16:49.881668+00:00,2026-07-26,2026,30,zone_A,1.52,1.52,0.27,False,,1.168,0.0,28.18,0.749,13.744,-1.245,1,prelim_ftp,1,False,,0.2562,25.2123,87.5849,0.3983,0.9646,-0.0565,1,False,,0.21934931506849314,"low_confidence: CHIRPS เป็นข้อมูล prelim_ftp (ตรงจาก CHC FTP, ยังไม่ใช่ final); ERA5T มีข้อมูลแค่ 1/7 วันของสัปดาห์",9320.13,,sar_live,ok
2026-07-26T03:23:41.276201+00:00,2026-07-26,2026,30,zone_A,1.52,1.52,0.27,False,,1.168,0.0,28.18,0.749,13.744,-1.245,1,prelim_ftp,1,False,,0.2562,25.2123,87.5849,0.3983,0.9646,-0.0565,1,False,,0.21934931506849314,"low_confidence: CHIRPS เป็นข้อมูล prelim_ftp (ตรงจาก CHC FTP, ยังไม่ใช่ final); ERA5T มีข้อมูลแค่ 1/7 วันของสัปดาห์",9320.13,,sar_live,ok
2026-07-26T10:26:23.013556+00:00,2026-07-26,2026,30,zone_A,1.52,1.52,0.27,False,,1.168,0.0,28.18,0.749,13.744,-1.245,1,prelim_ftp,1,False,,0.2562,25.2123,87.5849,0.3983,0.9646,-0.0565,1,False,,0.21934931506849314,"low_confidence: CHIRPS เป็นข้อมูล prelim_ftp (ตรงจาก CHC FTP, ยังไม่ใช่ final); ERA5T มีข้อมูลแค่ 1/7 วันของสัปดาห์",9320.13,,sar_live,ok
2026-08-09T01:44:47.649995+00:00,2026-07-26,2026,30,zone_A,,,,,backfill row -- ไม่ได้ re-fetch MEI (ดู docstring ฟังก์ชันนี้),15.317,8.769,25.694,0.749,13.744,-1.139,1,prelim_ftp,7,False,,3.4034,27.0236,81.6841,0.6703,1.216,-0.0304,7,False,,0.22219755826859044,backfilled 2026-07-18 (ดึงย้อนหลังหลังข้อมูล final ออกแล้ว),,,,backfill row -- ไม่ได้คำนวณ NIR/GIR ย้อนหลัง (ดู docstring ฟังก์ชันนี้)
2026-07-27T01:39:48.825911+00:00,2026-07-27,2026,31,zone_A,1.52,1.52,1.52,True,,29.348,20.696,1.168,28.18,51.474,-1.565,1,rolling_estimate,7,True,,0.5351,25.0147,90.0526,0.3163,1.3811,-0.0378,2,True,,0.01823292899005043,low_confidence: CHIRPS เป็นค่า rolling estimate (สัปดาห์ปฏิทินยังไม่มีข้อมูลจริงเลย ใช้ค่า ประมาณจาก 7 วันล่าสุดที่มีข้อมูลจริงแทน); CHIRPS ของสัปดาห์นี้ยังไม่ครบ 7 วัน (as_of ไม่ใช่วันอาทิตย์); ERA5T มีข้อมูลแค่ 2/7 วันของสัปดาห์,0.0,,sar_live,ok
2026-07-27T03:01:07.980044+00:00,2026-07-27,2026,31,zone_A,1.52,1.52,1.52,True,,29.348,20.696,1.168,28.18,51.474,-1.565,1,rolling_estimate,7,True,,0.5351,25.0147,90.0526,0.3163,1.3811,-0.0378,2,True,,0.01823292899005043,low_confidence: CHIRPS เป็นค่า rolling estimate (สัปดาห์ปฏิทินยังไม่มีข้อมูลจริงเลย ใช้ค่า ประมาณจาก 7 วันล่าสุดที่มีข้อมูลจริงแทน); CHIRPS ของสัปดาห์นี้ยังไม่ครบ 7 วัน (as_of ไม่ใช่วันอาทิตย์); ERA5T มีข้อมูลแค่ 2/7 วันของสัปดาห์,0.0,,sar_live,ok
2026-07-28T02:19:02.237705+00:00,2026-07-28,2026,31,zone_A,1.52,1.52,1.52,True,,16.626,9.882,13.534,28.18,51.474,-1.566,1,rolling_estimate,7,True,,1.0151,26.4011,83.9453,0.5823,1.5391,-0.0151,2,True,,0.06105497413689401,low_confidence: CHIRPS เป็นค่า rolling estimate (สัปดาห์ปฏิทินยังไม่มีข้อมูลจริงเลย ใช้ค่า ประมาณจาก 7 วันล่าสุดที่มีข้อมูลจริงแทน); CHIRPS ของสัปดาห์นี้ยังไม่ครบ 7 วัน (as_of ไม่ใช่วันอาทิตย์); ERA5T มีข้อมูลแค่ 2/7 วันของสัปดาห์,0.0,,sar_live,ok
2026-07-29T02:38:58.546173+00:00,2026-07-29,2026,31,zone_A,1.52,1.52,1.52,True,,16.626,9.882,13.534,28.18,51.474,-1.566,1,rolling_estimate,7,True,,1.3453,27.4892,77.4112,0.8312,1.2867,-0.0076,2,True,,0.08091543365812581,low_confidence: CHIRPS เป็นค่า rolling estimate (สัปดาห์ปฏิทินยังไม่มีข้อมูลจริงเลย ใช้ค่า ประมาณจาก 7 วันล่าสุดที่มีข้อมูลจริงแทน); CHIRPS ของสัปดาห์นี้ยังไม่ครบ 7 วัน (as_of ไม่ใช่วันอาทิตย์); ERA5T มีข้อมูลแค่ 2/7 วันของสัปดาห์,0.0,,sar_live,ok
2026-07-30T02:05:21.353211+00:00,2026-07-30,2026,31,zone_A,1.52,1.52,1.52,True,,16.626,9.882,13.534,28.18,51.474,-1.566,1,rolling_estimate,7,True,,1.0779,27.4964,81.1759,0.6893,1.2415,-0.0221,2,True,,0.06483219054492963,low_confidence: CHIRPS เป็นค่า rolling estimate (สัปดาห์ปฏิทินยังไม่มีข้อมูลจริงเลย ใช้ค่า ประมาณจาก 7 วันล่าสุดที่มีข้อมูลจริงแทน); CHIRPS ของสัปดาห์นี้ยังไม่ครบ 7 วัน (as_of ไม่ใช่วันอาทิตย์); ERA5T มีข้อมูลแค่ 2/7 วันของสัปดาห์,0.0,,sar_live,ok
2026-07-31T02:10:13.979793+00:00,2026-07-31,2026,31,zone_A,1.52,1.52,1.52,True,,16.626,9.882,13.534,28.18,51.474,-1.566,1,rolling_estimate,7,True,,0.9055,28.2184,79.3608,0.7919,0.9726,-0.0391,2,True,,0.05446288945025862,low_confidence: CHIRPS เป็นค่า rolling estimate (สัปดาห์ปฏิทินยังไม่มีข้อมูลจริงเลย ใช้ค่า ประมาณจาก 7 วันล่าสุดที่มีข้อมูลจริงแทน); CHIRPS ของสัปดาห์นี้ยังไม่ครบ 7 วัน (as_of ไม่ใช่วันอาทิตย์); ERA5T มีข้อมูลแค่ 2/7 วันของสัปดาห์,0.0,,sar_live,ok
2026-08-01T02:04:35.256469+00:00,2026-08-01,2026,31,zone_A,1.52,1.52,1.52,True,,16.626,9.882,13.534,28.18,51.474,-1.566,1,rolling_estimate,7,True,,1.0541,28.0791,76.9806,0.8752,0.993,-0.0408,2,True,,0.06340069770239384,low_confidence: CHIRPS เป็นค่า rolling estimate (สัปดาห์ปฏิทินยังไม่มีข้อมูลจริงเลย ใช้ค่า ประมาณจาก 7 วันล่าสุดที่มีข้อมูลจริงแทน); CHIRPS ของสัปดาห์นี้ยังไม่ครบ 7 วัน (as_of ไม่ใช่วันอาทิตย์); ERA5T มีข้อมูลแค่ 2/7 วันของสัปดาห์,0.0,,sar_live,ok
2026-08-02T02:06:27.945133+00:00,2026-08-02,2026,31,zone_A,1.52,1.52,1.52,True,,16.626,9.882,13.534,28.18,51.474,-1.566,1,rolling_estimate,7,True,,0.4164,27.2703,84.6816,0.5549,1.2067,-0.0464,1,False,,0.025045110068567304,low_confidence: CHIRPS เป็นค่า rolling estimate (สัปดาห์ปฏิทินยังไม่มีข้อมูลจริงเลย ใช้ค่า ประมาณจาก 7 วันล่าสุดที่มีข้อมูลจริงแทน); ERA5T มีข้อมูลแค่ 1/7 วันของสัปดาห์,0.0,,sar_live,ok
2026-08-03T03:08:22.270219+00:00,2026-08-03,2026,32,zone_A,1.52,1.52,1.52,True,,38.037,28.081,31.659,15.317,0.749,-1.447,1,rolling_estimate,7,True,,1.2996,27.445,82.0143,0.6592,1.5762,-0.0413,2,True,,0.034166732392144496,low_confidence: CHIRPS เป็นค่า rolling estimate (สัปดาห์ปฏิทินยังไม่มีข้อมูลจริงเลย ใช้ค่า ประมาณจาก 7 วันล่าสุดที่มีข้อมูลจริงแทน); CHIRPS ของสัปดาห์นี้ยังไม่ครบ 7 วัน (as_of ไม่ใช่วันอาทิตย์); ERA5T มีข้อมูลแค่ 2/7 วันของสัปดาห์,0.0,,sar_live,ok
2026-08-04T01:41:29.393723+00:00,2026-08-04,2026,32,zone_A,1.52,1.52,1.52,True,,38.037,28.081,31.659,15.317,0.749,-1.447,1,rolling_estimate,7,True,,1.1068,27.4037,82.5902,0.6371,1.307,-0.0266,2,True,,0.029097983542340354,low_confidence: CHIRPS เป็นค่า rolling estimate (สัปดาห์ปฏิทินยังไม่มีข้อมูลจริงเลย ใช้ค่า ประมาณจาก 7 วันล่าสุดที่มีข้อมูลจริงแทน); CHIRPS ของสัปดาห์นี้ยังไม่ครบ 7 วัน (as_of ไม่ใช่วันอาทิตย์); ERA5T มีข้อมูลแค่ 2/7 วันของสัปดาห์,0.0,,sar_live,ok
2026-08-05T02:07:34.671987+00:00,2026-08-05,2026,32,zone_A,2.41,2.41,1.52,False,,38.037,28.081,31.659,15.317,0.749,-1.447,1,rolling_estimate,7,True,,0.5572,26.9841,84.5642,0.5493,0.7782,-0.0366,2,True,,0.014648894497462997,low_confidence: CHIRPS เป็นค่า rolling estimate (สัปดาห์ปฏิทินยังไม่มีข้อมูลจริงเลย ใช้ค่า ประมาณจาก 7 วันล่าสุดที่มีข้อมูลจริงแทน); CHIRPS ของสัปดาห์นี้ยังไม่ครบ 7 วัน (as_of ไม่ใช่วันอาทิตย์); ERA5T มีข้อมูลแค่ 2/7 วันของสัปดาห์,0.0,,sar_live,ok
2026-08-06T01:48:54.630562+00:00,2026-08-06,2026,32,zone_A,2.41,2.41,1.52,False,,38.037,28.081,31.659,15.317,0.749,-1.447,1,rolling_estimate,7,True,,0.898,27.0888,82.8404,0.6154,1.1541,-0.0449,2,True,,0.023608591634461183,low_confidence: CHIRPS เป็นค่า rolling estimate (สัปดาห์ปฏิทินยังไม่มีข้อมูลจริงเลย ใช้ค่า ประมาณจาก 7 วันล่าสุดที่มีข้อมูลจริงแทน); CHIRPS ของสัปดาห์นี้ยังไม่ครบ 7 วัน (as_of ไม่ใช่วันอาทิตย์); ERA5T มีข้อมูลแค่ 2/7 วันของสัปดาห์,0.0,,sar_live,ok
2026-08-07T01:37:39.262682+00:00,2026-08-07,2026,32,zone_A,2.41,2.41,1.52,False,,38.037,28.081,31.659,15.317,0.749,-1.447,1,rolling_estimate,7,True,,1.1884,27.4303,81.7751,0.6664,1.4521,-0.0447,2,True,,0.031243263138523016,low_confidence: CHIRPS เป็นค่า rolling estimate (สัปดาห์ปฏิทินยังไม่มีข้อมูลจริงเลย ใช้ค่า ประมาณจาก 7 วันล่าสุดที่มีข้อมูลจริงแทน); CHIRPS ของสัปดาห์นี้ยังไม่ครบ 7 วัน (as_of ไม่ใช่วันอาทิตย์); ERA5T มีข้อมูลแค่ 2/7 วันของสัปดาห์,0.0,,sar_live,ok
2026-08-08T02:14:58.377777+00:00,2026-08-08,2026,32,zone_A,2.41,2.41,1.52,False,,37.078,27.266,62.39,15.317,0.749,-1.235,1,prelim_ftp,3,False,,1.0186,26.8601,84.0561,0.5677,1.4269,-0.0413,2,True,,0.02747181617131452,"low_confidence: CHIRPS เป็นข้อมูล prelim_ftp (ตรงจาก CHC FTP, ยังไม่ใช่ final); CHIRPS ของสัปดาห์นี้ยังไม่ครบ 7 วัน (as_of ไม่ใช่วันอาทิตย์); ERA5T มีข้อมูลแค่ 2/7 วันของสัปดาห์",0.0,,sar_live,ok
2026-08-09T01:43:09.582645+00:00,2026-08-09,2026,32,zone_A,2.41,2.41,1.52,False,,37.078,27.266,62.39,15.317,0.749,-1.235,1,prelim_ftp,3,False,,0.6549,28.5112,79.124,0.8129,1.3672,-0.0593,1,False,,0.017662764981929986,"low_confidence: CHIRPS เป็นข้อมูล prelim_ftp (ตรงจาก CHC FTP, ยังไม่ใช่ final); ERA5T มีข้อมูลแค่ 1/7 วันของสัปดาห์",0.0,,sar_live,ok
2026-08-10T01:54:14.323336+00:00,2026-08-10,2026,33,zone_A,2.41,2.41,1.52,False,,79.947,63.705,37.078,62.39,25.694,-0.774,0,rolling_estimate,7,True,,1.0186,27.4325,83.2088,0.6245,1.342,-0.0567,2,True,,0.012740940873328579,low_confidence: CHIRPS เป็นค่า rolling estimate (สัปดาห์ปฏิทินยังไม่มีข้อมูลจริงเลย ใช้ค่า ประมาณจาก 7 วันล่าสุดที่มีข้อมูลจริงแทน); CHIRPS ของสัปดาห์นี้ยังไม่ครบ 7 วัน (as_of ไม่ใช่วันอาทิตย์); ERA5T มีข้อมูลแค่ 2/7 วันของสัปดาห์,0.0,,sar_live,ok
2026-08-10T03:01:33.259948+00:00,2026-08-10,2026,33,zone_A,2.41,2.41,1.52,False,,79.947,63.705,37.078,62.39,25.694,-0.774,0,rolling_estimate,7,True,,1.0186,27.4325,83.2088,0.6245,1.342,-0.0567,2,True,,0.012740940873328579,low_confidence: CHIRPS เป็นค่า rolling estimate (สัปดาห์ปฏิทินยังไม่มีข้อมูลจริงเลย ใช้ค่า ประมาณจาก 7 วันล่าสุดที่มีข้อมูลจริงแทน); CHIRPS ของสัปดาห์นี้ยังไม่ครบ 7 วัน (as_of ไม่ใช่วันอาทิตย์); ERA5T มีข้อมูลแค่ 2/7 วันของสัปดาห์,0.0,,sar_live,ok
2026-08-11T02:10:16.345700+00:00,2026-08-11,2026,33,zone_A,2.41,2.41,1.52,False,,79.947,63.705,37.078,62.39,25.694,-0.774,0,rolling_estimate,7,True,,0.5717,25.9881,89.5246,0.3536,1.2439,-0.0444,2,True,,0.00715098752923812,low_confidence: CHIRPS เป็นค่า rolling estimate (สัปดาห์ปฏิทินยังไม่มีข้อมูลจริงเลย ใช้ค่า ประมาณจาก 7 วันล่าสุดที่มีข้อมูลจริงแทน); CHIRPS ของสัปดาห์นี้ยังไม่ครบ 7 วัน (as_of ไม่ใช่วันอาทิตย์); ERA5T มีข้อมูลแค่ 2/7 วันของสัปดาห์,0.0,,sar_live,ok
2026-08-12T02:21:00.266509+00:00,2026-08-12,2026,33,zone_A,2.41,2.41,1.52,False,,79.947,63.705,37.078,62.39,25.694,-0.774,0,rolling_estimate,7,True,,0.5029,26.2569,89.0162,0.3786,1.0573,-0.0343,2,True,,0.006290417401528512,low_confidence: CHIRPS เป็นค่า rolling estimate (สัปดาห์ปฏิทินยังไม่มีข้อมูลจริงเลย ใช้ค่า ประมาณจาก 7 วันล่าสุดที่มีข้อมูลจริงแทน); CHIRPS ของสัปดาห์นี้ยังไม่ครบ 7 วัน (as_of ไม่ใช่วันอาทิตย์); ERA5T มีข้อมูลแค่ 2/7 วันของสัปดาห์,0.0,,sar_live,ok
2026-07-26T03:05:42.027096+00:00,2026-04-12,2026,15,zone_B,,,,,historical backfill row -- ไม่ได้ re-fetch MEI (ดู docstring backfill_historical_weeks()),0.0,0.0,0.0,9.647,0.0,-0.632,0,final,7,False,,17.3033,32.4421,40.9556,2.8787,1.7343,-0.2221,7,False,,,historical backfill 2026-07-25 (deep backfill ก่อน W27 -- ดู backfill_historical_weeks()),,,,backfill row -- ไม่ได้คำนวณ NIR/GIR ย้อนหลัง (ดู docstring backfill_historical_weeks())
2026-07-26T03:06:19.410542+00:00,2026-04-19,2026,16,zone_B,,,,,historical backfill row -- ไม่ได้ re-fetch MEI (ดู docstring backfill_historical_weeks()),5.445,4.356,0.0,0.0,5.2,-0.872,0,final,7,False,,14.7554,32.8904,41.3244,2.94,1.4574,-0.2197,7,False,,2.70989898989899,historical backfill 2026-07-25 (deep backfill ก่อน W27 -- ดู backfill_historical_weeks()),,,,backfill row -- ไม่ได้คำนวณ NIR/GIR ย้อนหลัง (ดู docstring backfill_historical_weeks())
2026-07-26T03:06:59.426859+00:00,2026-04-26,2026,17,zone_B,,,,,historical backfill row -- ไม่ได้ re-fetch MEI (ดู docstring backfill_historical_weeks()),19.177,15.342,5.445,0.0,9.647,-0.939,0,final,7,False,,9.9498,30.801,57.7507,1.9879,1.3227,-0.169,7,False,,0.5188402774156542,historical backfill 2026-07-25 (deep backfill ก่อน W27 -- ดู backfill_historical_weeks()),,,,backfill row -- ไม่ได้คำนวณ NIR/GIR ย้อนหลัง (ดู docstring backfill_historical_weeks())
2026-07-26T03:08:20.423815+00:00,2026-05-03,2026,18,zone_B,,,,,historical backfill row -- ไม่ได้ re-fetch MEI (ดู docstring backfill_historical_weeks()),13.307,10.646,19.177,5.445,0.0,-0.764,0,final,7,False,,7.7419,29.2113,64.2676,1.4975,1.3472,-0.1267,7,False,,0.581791538288119,historical backfill 2026-07-25 (deep backfill ก่อน W27 -- ดู backfill_historical_weeks()),,,,backfill row -- ไม่ได้คำนวณ NIR/GIR ย้อนหลัง (ดู docstring backfill_historical_weeks())
2026-07-26T03:08:59.186763+00:00,2026-05-10,2026,19,zone_B,,,,,historical backfill row -- ไม่ได้ re-fetch MEI (ดู docstring backfill_historical_weeks()),70.291,56.233,13.307,19.177,0.0,-0.148,0,final,7,False,,3.2891,28.265,73.0292,1.0825,0.6675,-0.1043,7,False,,0.04679261925424308,historical backfill 2026-07-25 (deep backfill ก่อน W27 -- ดู backfill_historical_weeks()),,,,backfill row -- ไม่ได้คำนวณ NIR/GIR ย้อนหลัง (ดู docstring backfill_historical_weeks())
2026-07-26T03:09:53.323843+00:00,2026-05-17,2026,20,zone_B,,,,,historical backfill row -- ไม่ได้ re-fetch MEI (ดู docstring backfill_historical_weeks()),48.604,38.883,70.291,13.307,5.445,-0.052,0,final,7,False,,3.7352,27.7884,79.9619,0.7931,1.041,-0.0649,7,False,,0.07684964200477327,historical backfill 2026-07-25 (deep backfill ก่อน W27 -- ดู backfill_historical_weeks()),,,,backfill row -- ไม่ได้คำนวณ NIR/GIR ย้อนหลัง (ดู docstring backfill_historical_weeks())
2026-07-26T03:10:47.641512+00:00,2026-05-24,2026,21,zone_B,,,,,historical backfill row -- ไม่ได้ re-fetch MEI (ดู docstring backfill_historical_weeks()),25.842,20.673,48.604,70.291,19.177,0.418,0,final,7,False,,5.6311,28.0709,77.0339,0.8759,1.5865,-0.0585,7,False,,0.21790496091633776,historical backfill 2026-07-25 (deep backfill ก่อน W27 -- ดู backfill_historical_weeks()),,,,backfill row -- ไม่ได้คำนวณ NIR/GIR ย้อนหลัง (ดู docstring backfill_historical_weeks())
2026-07-26T03:11:26.340595+00:00,2026-05-31,2026,22,zone_B,,,,,historical backfill row -- ไม่ได้ re-fetch MEI (ดู docstring backfill_historical_weeks()),125.099,100.079,25.842,48.604,13.307,1.531,0,final,7,False,,5.9317,29.121,70.0509,1.2314,1.2326,-0.0783,7,False,,0.04741604649117899,historical backfill 2026-07-25 (deep backfill ก่อน W27 -- ดู backfill_historical_weeks()),,,,backfill row -- ไม่ได้คำนวณ NIR/GIR ย้อนหลัง (ดู docstring backfill_historical_weeks())
2026-07-26T03:12:07.227043+00:00,2026-06-07,2026,23,zone_B,,,,,historical backfill row -- ไม่ได้ re-fetch MEI (ดู docstring backfill_historical_weeks()),16.326,13.061,125.099,25.842,70.291,1.065,0,prelim_ftp,7,False,,7.3757,29.2874,68.4832,1.3247,1.5083,-0.0791,7,False,,0.4517763077300012,historical backfill 2026-07-25 (deep backfill ก่อน W27 -- ดู backfill_historical_weeks()),,,,backfill row -- ไม่ได้คำนวณ NIR/GIR ย้อนหลัง (ดู docstring backfill_historical_weeks())
2026-07-26T03:12:48.068151+00:00,2026-06-14,2026,24,zone_B,,,,,historical backfill row -- ไม่ได้ re-fetch MEI (ดู docstring backfill_historical_weeks()),6.924,5.539,16.326,125.099,48.604,1.018,0,prelim_ftp,7,False,,5.6045,26.972,80.433,0.7043,1.8855,-0.0254,7,False,,0.8094309647602541,historical backfill 2026-07-25 (deep backfill ก่อน W27 -- ดู backfill_historical_weeks()),,,,backfill row -- ไม่ได้คำนวณ NIR/GIR ย้อนหลัง (ดู docstring backfill_historical_weeks())
2026-07-26T03:13:26.691537+00:00,2026-06-21,2026,25,zone_B,,,,,historical backfill row -- ไม่ได้ re-fetch MEI (ดู docstring backfill_historical_weeks()),17.409,13.927,6.924,16.326,25.842,0.95,0,prelim_ftp,7,False,,4.8503,27.7081,78.8786,0.7957,1.4681,-0.044,7,False,,0.2786087655810213,historical backfill 2026-07-25 (deep backfill ก่อน W27 -- ดู backfill_historical_weeks()),,,,backfill row -- ไม่ได้คำนวณ NIR/GIR ย้อนหลัง (ดู docstring backfill_historical_weeks())
2026-07-26T03:14:26.132013+00:00,2026-06-28,2026,26,zone_B,,,,,historical backfill row -- ไม่ได้ re-fetch MEI (ดู docstring backfill_historical_weeks()),13.744,10.995,17.409,6.924,125.099,-1.412,1,prelim_ftp,7,False,,7.9788,29.5731,67.117,1.3656,1.4797,-0.0501,7,False,,0.5805296856810245,historical backfill 2026-07-25 (deep backfill ก่อน W27 -- ดู backfill_historical_weeks()),,,,backfill row -- ไม่ได้คำนวณ NIR/GIR ย้อนหลัง (ดู docstring backfill_historical_weeks())
2026-08-12T08:26:15.373807+00:00,2026-07-05,2026,27,zone_B,,,,,historical backfill row -- ไม่ได้ re-fetch MEI (ดู docstring backfill_historical_weeks()),51.474,41.179,13.744,25.26,28.877,-0.973,0,prelim_ftp,7,False,,4.4513,27.7058,78.9912,0.7909,1.3127,-0.0322,7,False,,0.08647666783230369,historical backfill 2026-07-25 (deep backfill ก่อน W27 -- ดู backfill_historical_weeks()),,,,backfill row -- ไม่ได้คำนวณ NIR/GIR ย้อนหลัง (ดู docstring backfill_historical_weeks())
2026-08-12T08:27:02.612850+00:00,2026-07-12,2026,28,zone_B,,,,,historical backfill row -- ไม่ได้ re-fetch MEI (ดู docstring backfill_historical_weeks()),0.749,0.599,51.474,13.744,0.0,-1.065,1,prelim_ftp,7,False,,2.8795,26.4982,86.3228,0.4899,1.3828,-0.0338,7,False,,3.8444592790387184,historical backfill 2026-07-25 (deep backfill ก่อน W27 -- ดู backfill_historical_weeks()),,,,backfill row -- ไม่ได้คำนวณ NIR/GIR ย้อนหลัง (ดู docstring backfill_historical_weeks())
2026-08-12T08:27:51.487096+00:00,2026-07-19,2026,29,zone_B,,,,,historical backfill row -- ไม่ได้ re-fetch MEI (ดู docstring backfill_historical_weeks()),25.694,20.555,0.749,51.474,25.26,-1.214,1,prelim_ftp,7,False,,3.9927,26.5428,82.5484,0.6133,1.3914,-0.0389,7,False,,0.1553942554682027,historical backfill 2026-07-25 (deep backfill ก่อน W27 -- ดู backfill_historical_weeks()),,,,backfill row -- ไม่ได้คำนวณ NIR/GIR ย้อนหลัง (ดู docstring backfill_historical_weeks())
2026-07-26T03:16:49.891578+00:00,2026-07-26,2026,30,zone_B,1.52,1.52,0.27,False,,1.168,0.935,28.18,0.749,13.744,-1.245,1,prelim_ftp,1,False,,0.2562,25.2123,87.5849,0.3983,0.9646,-0.0565,1,False,,0.21934931506849314,"low_confidence: CHIRPS เป็นข้อมูล prelim_ftp (ตรงจาก CHC FTP, ยังไม่ใช่ final); ERA5T มีข้อมูลแค่ 1/7 วันของสัปดาห์",,0.0,sar_live,ok
2026-07-26T03:23:41.286983+00:00,2026-07-26,2026,30,zone_B,1.52,1.52,0.27,False,,1.168,0.935,28.18,0.749,13.744,-1.245,1,prelim_ftp,1,False,,0.2562,25.2123,87.5849,0.3983,0.9646,-0.0565,1,False,,0.21934931506849314,"low_confidence: CHIRPS เป็นข้อมูล prelim_ftp (ตรงจาก CHC FTP, ยังไม่ใช่ final); ERA5T มีข้อมูลแค่ 1/7 วันของสัปดาห์",,0.0,sar_live,ok
2026-07-26T10:26:23.014160+00:00,2026-07-26,2026,30,zone_B,1.52,1.52,0.27,False,,1.168,0.935,28.18,0.749,13.744,-1.245,1,prelim_ftp,1,False,,0.2562,25.2123,87.5849,0.3983,0.9646,-0.0565,1,False,,0.21934931506849314,"low_confidence: CHIRPS เป็นข้อมูล prelim_ftp (ตรงจาก CHC FTP, ยังไม่ใช่ final); ERA5T มีข้อมูลแค่ 1/7 วันของสัปดาห์",,0.0,sar_live,ok
2026-08-09T01:43:45.995039+00:00,2026-07-26,2026,30,zone_B,,,,,backfill row -- ไม่ได้ re-fetch MEI (ดู docstring ฟังก์ชันนี้),15.317,12.254,25.694,0.749,13.744,-1.139,1,prelim_ftp,7,False,,3.4034,27.0236,81.6841,0.6703,1.216,-0.0304,7,False,,0.22219755826859044,backfilled 2026-07-18 (ดึงย้อนหลังหลังข้อมูล final ออกแล้ว),,,,backfill row -- ไม่ได้คำนวณ NIR/GIR ย้อนหลัง (ดู docstring ฟังก์ชันนี้)
2026-07-27T01:39:48.826815+00:00,2026-07-27,2026,31,zone_B,1.52,1.52,1.52,True,,29.348,23.478,1.168,28.18,51.474,-1.565,1,rolling_estimate,7,True,,0.5351,25.0147,90.0526,0.3163,1.3811,-0.0378,2,True,,0.01823292899005043,low_confidence: CHIRPS เป็นค่า rolling estimate (สัปดาห์ปฏิทินยังไม่มีข้อมูลจริงเลย ใช้ค่า ประมาณจาก 7 วันล่าสุดที่มีข้อมูลจริงแทน); CHIRPS ของสัปดาห์นี้ยังไม่ครบ 7 วัน (as_of ไม่ใช่วันอาทิตย์); ERA5T มีข้อมูลแค่ 2/7 วันของสัปดาห์,,0.0,sar_live,ok
2026-07-27T03:01:07.985716+00:00,2026-07-27,2026,31,zone_B,1.52,1.52,1.52,True,,29.348,23.478,1.168,28.18,51.474,-1.565,1,rolling_estimate,7,True,,0.5351,25.0147,90.0526,0.3163,1.3811,-0.0378,2,True,,0.01823292899005043,low_confidence: CHIRPS เป็นค่า rolling estimate (สัปดาห์ปฏิทินยังไม่มีข้อมูลจริงเลย ใช้ค่า ประมาณจาก 7 วันล่าสุดที่มีข้อมูลจริงแทน); CHIRPS ของสัปดาห์นี้ยังไม่ครบ 7 วัน (as_of ไม่ใช่วันอาทิตย์); ERA5T มีข้อมูลแค่ 2/7 วันของสัปดาห์,,0.0,sar_live,ok
2026-07-28T02:19:02.244184+00:00,2026-07-28,2026,31,zone_B,1.52,1.52,1.52,True,,16.626,13.3,13.534,28.18,51.474,-1.566,1,rolling_estimate,7,True,,1.0151,26.4011,83.9453,0.5823,1.5391,-0.0151,2,True,,0.06105497413689401,low_confidence: CHIRPS เป็นค่า rolling estimate (สัปดาห์ปฏิทินยังไม่มีข้อมูลจริงเลย ใช้ค่า ประมาณจาก 7 วันล่าสุดที่มีข้อมูลจริงแทน); CHIRPS ของสัปดาห์นี้ยังไม่ครบ 7 วัน (as_of ไม่ใช่วันอาทิตย์); ERA5T มีข้อมูลแค่ 2/7 วันของสัปดาห์,,0.0,sar_live,ok
2026-07-29T02:38:58.552872+00:00,2026-07-29,2026,31,zone_B,1.52,1.52,1.52,True,,16.626,13.3,13.534,28.18,51.474,-1.566,1,rolling_estimate,7,True,,1.3453,27.4892,77.4112,0.8312,1.2867,-0.0076,2,True,,0.08091543365812581,low_confidence: CHIRPS เป็นค่า rolling estimate (สัปดาห์ปฏิทินยังไม่มีข้อมูลจริงเลย ใช้ค่า ประมาณจาก 7 วันล่าสุดที่มีข้อมูลจริงแทน); CHIRPS ของสัปดาห์นี้ยังไม่ครบ 7 วัน (as_of ไม่ใช่วันอาทิตย์); ERA5T มีข้อมูลแค่ 2/7 วันของสัปดาห์,,0.0,sar_live,ok
2026-07-30T02:05:21.364829+00:00,2026-07-30,2026,31,zone_B,1.52,1.52,1.52,True,,16.626,13.3,13.534,28.18,51.474,-1.566,1,rolling_estimate,7,True,,1.0779,27.4964,81.1759,0.6893,1.2415,-0.0221,2,True,,0.06483219054492963,low_confidence: CHIRPS เป็นค่า rolling estimate (สัปดาห์ปฏิทินยังไม่มีข้อมูลจริงเลย ใช้ค่า ประมาณจาก 7 วันล่าสุดที่มีข้อมูลจริงแทน); CHIRPS ของสัปดาห์นี้ยังไม่ครบ 7 วัน (as_of ไม่ใช่วันอาทิตย์); ERA5T มีข้อมูลแค่ 2/7 วันของสัปดาห์,,0.0,sar_live,ok
2026-07-31T02:10:13.986013+00:00,2026-07-31,2026,31,zone_B,1.52,1.52,1.52,True,,16.626,13.3,13.534,28.18,51.474,-1.566,1,rolling_estimate,7,True,,0.9055,28.2184,79.3608,0.7919,0.9726,-0.0391,2,True,,0.05446288945025862,low_confidence: CHIRPS เป็นค่า rolling estimate (สัปดาห์ปฏิทินยังไม่มีข้อมูลจริงเลย ใช้ค่า ประมาณจาก 7 วันล่าสุดที่มีข้อมูลจริงแทน); CHIRPS ของสัปดาห์นี้ยังไม่ครบ 7 วัน (as_of ไม่ใช่วันอาทิตย์); ERA5T มีข้อมูลแค่ 2/7 วันของสัปดาห์,,0.0,sar_live,ok
2026-08-01T02:04:35.266218+00:00,2026-08-01,2026,31,zone_B,1.52,1.52,1.52,True,,16.626,13.3,13.534,28.18,51.474,-1.566,1,rolling_estimate,7,True,,1.0541,28.0791,76.9806,0.8752,0.993,-0.0408,2,True,,0.06340069770239384,low_confidence: CHIRPS เป็นค่า rolling estimate (สัปดาห์ปฏิทินยังไม่มีข้อมูลจริงเลย ใช้ค่า ประมาณจาก 7 วันล่าสุดที่มีข้อมูลจริงแทน); CHIRPS ของสัปดาห์นี้ยังไม่ครบ 7 วัน (as_of ไม่ใช่วันอาทิตย์); ERA5T มีข้อมูลแค่ 2/7 วันของสัปดาห์,,0.0,sar_live,ok
2026-08-02T02:06:27.951225+00:00,2026-08-02,2026,31,zone_B,1.52,1.52,1.52,True,,16.626,13.3,13.534,28.18,51.474,-1.566,1,rolling_estimate,7,True,,0.4164,27.2703,84.6816,0.5549,1.2067,-0.0464,1,False,,0.025045110068567304,low_confidence: CHIRPS เป็นค่า rolling estimate (สัปดาห์ปฏิทินยังไม่มีข้อมูลจริงเลย ใช้ค่า ประมาณจาก 7 วันล่าสุดที่มีข้อมูลจริงแทน); ERA5T มีข้อมูลแค่ 1/7 วันของสัปดาห์,,0.0,sar_live,ok
2026-08-03T03:08:22.280121+00:00,2026-08-03,2026,32,zone_B,1.52,1.52,1.52,True,,38.037,30.43,31.659,15.317,0.749,-1.447,1,rolling_estimate,7,True,,1.2996,27.445,82.0143,0.6592,1.5762,-0.0413,2,True,,0.034166732392144496,low_confidence: CHIRPS เป็นค่า rolling estimate (สัปดาห์ปฏิทินยังไม่มีข้อมูลจริงเลย ใช้ค่า ประมาณจาก 7 วันล่าสุดที่มีข้อมูลจริงแทน); CHIRPS ของสัปดาห์นี้ยังไม่ครบ 7 วัน (as_of ไม่ใช่วันอาทิตย์); ERA5T มีข้อมูลแค่ 2/7 วันของสัปดาห์,,0.0,sar_live,ok
2026-08-04T01:41:29.400103+00:00,2026-08-04,2026,32,zone_B,1.52,1.52,1.52,True,,38.037,30.43,31.659,15.317,0.749,-1.447,1,rolling_estimate,7,True,,1.1068,27.4037,82.5902,0.6371,1.307,-0.0266,2,True,,0.029097983542340354,low_confidence: CHIRPS เป็นค่า rolling estimate (สัปดาห์ปฏิทินยังไม่มีข้อมูลจริงเลย ใช้ค่า ประมาณจาก 7 วันล่าสุดที่มีข้อมูลจริงแทน); CHIRPS ของสัปดาห์นี้ยังไม่ครบ 7 วัน (as_of ไม่ใช่วันอาทิตย์); ERA5T มีข้อมูลแค่ 2/7 วันของสัปดาห์,,0.0,sar_live,ok
2026-08-05T02:07:34.679354+00:00,2026-08-05,2026,32,zone_B,2.41,2.41,1.52,False,,38.037,30.43,31.659,15.317,0.749,-1.447,1,rolling_estimate,7,True,,0.5572,26.9841,84.5642,0.5493,0.7782,-0.0366,2,True,,0.014648894497462997,low_confidence: CHIRPS เป็นค่า rolling estimate (สัปดาห์ปฏิทินยังไม่มีข้อมูลจริงเลย ใช้ค่า ประมาณจาก 7 วันล่าสุดที่มีข้อมูลจริงแทน); CHIRPS ของสัปดาห์นี้ยังไม่ครบ 7 วัน (as_of ไม่ใช่วันอาทิตย์); ERA5T มีข้อมูลแค่ 2/7 วันของสัปดาห์,,0.0,sar_live,ok
2026-08-06T01:48:54.641381+00:00,2026-08-06,2026,32,zone_B,2.41,2.41,1.52,False,,38.037,30.43,31.659,15.317,0.749,-1.447,1,rolling_estimate,7,True,,0.898,27.0888,82.8404,0.6154,1.1541,-0.0449,2,True,,0.023608591634461183,low_confidence: CHIRPS เป็นค่า rolling estimate (สัปดาห์ปฏิทินยังไม่มีข้อมูลจริงเลย ใช้ค่า ประมาณจาก 7 วันล่าสุดที่มีข้อมูลจริงแทน); CHIRPS ของสัปดาห์นี้ยังไม่ครบ 7 วัน (as_of ไม่ใช่วันอาทิตย์); ERA5T มีข้อมูลแค่ 2/7 วันของสัปดาห์,,0.0,sar_live,ok
2026-08-07T01:37:39.272346+00:00,2026-08-07,2026,32,zone_B,2.41,2.41,1.52,False,,38.037,30.43,31.659,15.317,0.749,-1.447,1,rolling_estimate,7,True,,1.1884,27.4303,81.7751,0.6664,1.4521,-0.0447,2,True,,0.031243263138523016,low_confidence: CHIRPS เป็นค่า rolling estimate (สัปดาห์ปฏิทินยังไม่มีข้อมูลจริงเลย ใช้ค่า ประมาณจาก 7 วันล่าสุดที่มีข้อมูลจริงแทน); CHIRPS ของสัปดาห์นี้ยังไม่ครบ 7 วัน (as_of ไม่ใช่วันอาทิตย์); ERA5T มีข้อมูลแค่ 2/7 วันของสัปดาห์,,0.0,sar_live,ok
2026-08-08T02:14:58.383764+00:00,2026-08-08,2026,32,zone_B,2.41,2.41,1.52,False,,37.078,29.662,62.39,15.317,0.749,-1.235,1,prelim_ftp,3,False,,1.0186,26.8601,84.0561,0.5677,1.4269,-0.0413,2,True,,0.02747181617131452,"low_confidence: CHIRPS เป็นข้อมูล prelim_ftp (ตรงจาก CHC FTP, ยังไม่ใช่ final); CHIRPS ของสัปดาห์นี้ยังไม่ครบ 7 วัน (as_of ไม่ใช่วันอาทิตย์); ERA5T มีข้อมูลแค่ 2/7 วันของสัปดาห์",,0.0,sar_live,ok
2026-08-09T01:43:09.588550+00:00,2026-08-09,2026,32,zone_B,2.41,2.41,1.52,False,,37.078,29.662,62.39,15.317,0.749,-1.235,1,prelim_ftp,3,False,,0.6549,28.5112,79.124,0.8129,1.3672,-0.0593,1,False,,0.017662764981929986,"low_confidence: CHIRPS เป็นข้อมูล prelim_ftp (ตรงจาก CHC FTP, ยังไม่ใช่ final); ERA5T มีข้อมูลแค่ 1/7 วันของสัปดาห์",,0.0,sar_live,ok
2026-08-10T01:54:14.331084+00:00,2026-08-10,2026,33,zone_B,2.41,2.41,1.52,False,,79.947,63.958,37.078,62.39,25.694,-0.774,0,rolling_estimate,7,True,,1.0186,27.4325,83.2088,0.6245,1.342,-0.0567,2,True,,0.012740940873328579,low_confidence: CHIRPS เป็นค่า rolling estimate (สัปดาห์ปฏิทินยังไม่มีข้อมูลจริงเลย ใช้ค่า ประมาณจาก 7 วันล่าสุดที่มีข้อมูลจริงแทน); CHIRPS ของสัปดาห์นี้ยังไม่ครบ 7 วัน (as_of ไม่ใช่วันอาทิตย์); ERA5T มีข้อมูลแค่ 2/7 วันของสัปดาห์,,0.0,sar_live,ok
2026-08-10T03:01:33.269398+00:00,2026-08-10,2026,33,zone_B,2.41,2.41,1.52,False,,79.947,63.958,37.078,62.39,25.694,-0.774,0,rolling_estimate,7,True,,1.0186,27.4325,83.2088,0.6245,1.342,-0.0567,2,True,,0.012740940873328579,low_confidence: CHIRPS เป็นค่า rolling estimate (สัปดาห์ปฏิทินยังไม่มีข้อมูลจริงเลย ใช้ค่า ประมาณจาก 7 วันล่าสุดที่มีข้อมูลจริงแทน); CHIRPS ของสัปดาห์นี้ยังไม่ครบ 7 วัน (as_of ไม่ใช่วันอาทิตย์); ERA5T มีข้อมูลแค่ 2/7 วันของสัปดาห์,,0.0,sar_live,ok
2026-08-11T02:10:16.353161+00:00,2026-08-11,2026,33,zone_B,2.41,2.41,1.52,False,,79.947,63.958,37.078,62.39,25.694,-0.774,0,rolling_estimate,7,True,,0.5717,25.9881,89.5246,0.3536,1.2439,-0.0444,2,True,,0.00715098752923812,low_confidence: CHIRPS เป็นค่า rolling estimate (สัปดาห์ปฏิทินยังไม่มีข้อมูลจริงเลย ใช้ค่า ประมาณจาก 7 วันล่าสุดที่มีข้อมูลจริงแทน); CHIRPS ของสัปดาห์นี้ยังไม่ครบ 7 วัน (as_of ไม่ใช่วันอาทิตย์); ERA5T มีข้อมูลแค่ 2/7 วันของสัปดาห์,,0.0,sar_live,ok
2026-08-12T02:21:00.278262+00:00,2026-08-12,2026,33,zone_B,2.41,2.41,1.52,False,,79.947,63.958,37.078,62.39,25.694,-0.774,0,rolling_estimate,7,True,,0.5029,26.2569,89.0162,0.3786,1.0573,-0.0343,2,True,,0.006290417401528512,low_confidence: CHIRPS เป็นค่า rolling estimate (สัปดาห์ปฏิทินยังไม่มีข้อมูลจริงเลย ใช้ค่า ประมาณจาก 7 วันล่าสุดที่มีข้อมูลจริงแทน); CHIRPS ของสัปดาห์นี้ยังไม่ครบ 7 วัน (as_of ไม่ใช่วันอาทิตย์); ERA5T มีข้อมูลแค่ 2/7 วันของสัปดาห์,,0.0,sar_live,ok
2026-08-12T16:23:12.971864,2026-07-05,2026,27,zone_A,,,,,historical backfill row -- ไม่ได้ re-fetch MEI (ดู docstring backfill_historical_weeks()),51.474,39.503,13.744,25.26,28.877,-0.973,0,prelim_ftp,7,False,,4.4513,27.7058,78.9912,0.7909,1.3127,-0.0322,7,False,,0.08647666783230369,historical backfill 2026-07-25 (deep backfill ก่อน W27 -- ดู backfill_historical_weeks()),0.0,,hardcoded_2020,"ok (retroactive backfill 2026-08-12 -- ดู backfill_nir_gir_weeks.py, area_source=hardcoded_2020)"
2026-08-12T16:23:12.971864,2026-07-05,2026,27,zone_B,,,,,historical backfill row -- ไม่ได้ re-fetch MEI (ดู docstring backfill_historical_weeks()),51.474,41.179,13.744,25.26,28.877,-0.973,0,prelim_ftp,7,False,,4.4513,27.7058,78.9912,0.7909,1.3127,-0.0322,7,False,,0.08647666783230369,historical backfill 2026-07-25 (deep backfill ก่อน W27 -- ดู backfill_historical_weeks()),,0.0,hardcoded_2020,"ok (retroactive backfill 2026-08-12 -- ดู backfill_nir_gir_weeks.py, area_source=hardcoded_2020)"
2026-08-12T16:23:12.971864,2026-07-12,2026,28,zone_A,,,,,historical backfill row -- ไม่ได้ re-fetch MEI (ดู docstring backfill_historical_weeks()),0.749,0.0,51.474,13.744,0.0,-1.065,1,prelim_ftp,7,False,,2.8795,26.4982,86.3228,0.4899,1.3828,-0.0338,7,False,,3.8444592790387184,historical backfill 2026-07-25 (deep backfill ก่อน W27 -- ดู backfill_historical_weeks()),66255.13,,sar_live,"ok (retroactive backfill 2026-08-12 -- ดู backfill_nir_gir_weeks.py, area_source=sar_result_2026_2026-07-11.json)"
2026-08-12T16:23:12.971864,2026-07-12,2026,28,zone_B,,,,,historical backfill row -- ไม่ได้ re-fetch MEI (ดู docstring backfill_historical_weeks()),0.749,0.599,51.474,13.744,0.0,-1.065,1,prelim_ftp,7,False,,2.8795,26.4982,86.3228,0.4899,1.3828,-0.0338,7,False,,3.8444592790387184,historical backfill 2026-07-25 (deep backfill ก่อน W27 -- ดู backfill_historical_weeks()),,14824.2,sar_live,"ok (retroactive backfill 2026-08-12 -- ดู backfill_nir_gir_weeks.py, area_source=sar_result_2026_2026-07-11.json)"
2026-08-12T16:23:12.971864,2026-07-19,2026,29,zone_A,,,,,historical backfill row -- ไม่ได้ re-fetch MEI (ดู docstring backfill_historical_weeks()),25.694,17.59,0.749,51.474,25.26,-1.214,1,prelim_ftp,7,False,,3.9927,26.5428,82.5484,0.6133,1.3914,-0.0389,7,False,,0.1553942554682027,historical backfill 2026-07-25 (deep backfill ก่อน W27 -- ดู backfill_historical_weeks()),0.0,,sar_live,"ok (retroactive backfill 2026-08-12 -- ดู backfill_nir_gir_weeks.py, area_source=sar_result_2026_2026-07-11.json)"
2026-08-12T16:23:12.971864,2026-07-19,2026,29,zone_B,,,,,historical backfill row -- ไม่ได้ re-fetch MEI (ดู docstring backfill_historical_weeks()),25.694,20.555,0.749,51.474,25.26,-1.214,1,prelim_ftp,7,False,,3.9927,26.5428,82.5484,0.6133,1.3914,-0.0389,7,False,,0.1553942554682027,historical backfill 2026-07-25 (deep backfill ก่อน W27 -- ดู backfill_historical_weeks()),,0.0,sar_live,"ok (retroactive backfill 2026-08-12 -- ดู backfill_nir_gir_weeks.py, area_source=sar_result_2026_2026-07-11.json)"
2026-08-12T16:24:05.194014,2026-07-26,2026,30,zone_A,,,,,backfill row -- ไม่ได้ re-fetch MEI (ดู docstring ฟังก์ชันนี้),15.317,8.769,25.694,0.749,13.744,-1.139,1,prelim_ftp,7,False,,3.4034,27.0236,81.6841,0.6703,1.216,-0.0304,7,False,,0.22219755826859044,backfilled 2026-07-18 (ดึงย้อนหลังหลังข้อมูล final ออกแล้ว),0.0,,sar_live,"ok (retroactive backfill 2026-08-12 -- ดู backfill_nir_gir_weeks.py, area_source=sar_result_2026_2026-07-22.json)"
2026-08-12T16:24:05.194014,2026-07-26,2026,30,zone_B,,,,,backfill row -- ไม่ได้ re-fetch MEI (ดู docstring ฟังก์ชันนี้),15.317,12.254,25.694,0.749,13.744,-1.139,1,prelim_ftp,7,False,,3.4034,27.0236,81.6841,0.6703,1.216,-0.0304,7,False,,0.22219755826859044,backfilled 2026-07-18 (ดึงย้อนหลังหลังข้อมูล final ออกแล้ว),,0.0,sar_live,"ok (retroactive backfill 2026-08-12 -- ดู backfill_nir_gir_weeks.py, area_source=sar_result_2026_2026-07-22.json)"
2026-08-12T09:39:26.728730+00:00,2026-08-12,2026,33,zone_A,2.41,2.41,1.52,False,,79.947,63.705,37.078,62.39,25.694,-0.774,0,rolling_estimate,7,True,,0.5029,26.2569,89.0162,0.3786,1.0573,-0.0343,2,True,,0.006290417401528512,low_confidence: CHIRPS เป็นค่า rolling estimate (สัปดาห์ปฏิทินยังไม่มีข้อมูลจริงเลย ใช้ค่า ประมาณจาก 7 วันล่าสุดที่มีข้อมูลจริงแทน); CHIRPS ของสัปดาห์นี้ยังไม่ครบ 7 วัน (as_of ไม่ใช่วันอาทิตย์); ERA5T มีข้อมูลแค่ 2/7 วันของสัปดาห์,0.0,,sar_live,ok
2026-08-12T09:39:26.729881+00:00,2026-08-12,2026,33,zone_B,2.41,2.41,1.52,False,,79.947,63.958,37.078,62.39,25.694,-0.774,0,rolling_estimate,7,True,,0.5029,26.2569,89.0162,0.3786,1.0573,-0.0343,2,True,,0.006290417401528512,low_confidence: CHIRPS เป็นค่า rolling estimate (สัปดาห์ปฏิทินยังไม่มีข้อมูลจริงเลย ใช้ค่า ประมาณจาก 7 วันล่าสุดที่มีข้อมูลจริงแทน); CHIRPS ของสัปดาห์นี้ยังไม่ครบ 7 วัน (as_of ไม่ใช่วันอาทิตย์); ERA5T มีข้อมูลแค่ 2/7 วันของสัปดาห์,,0.0,sar_live,ok
2026-08-13T01:31:22.424916+00:00,2026-08-13,2026,33,zone_A,2.41,2.41,1.52,False,,14.391,7.982,116.995,62.39,25.694,-0.586,0,prelim_ftp,1,False,,0.5183,26.3192,86.8905,0.45,0.8718,-0.033,2,True,,0.036015565283857964,"low_confidence: CHIRPS เป็นข้อมูล prelim_ftp (ตรงจาก CHC FTP, ยังไม่ใช่ final); CHIRPS ของสัปดาห์นี้ยังไม่ครบ 7 วัน (as_of ไม่ใช่วันอาทิตย์); ERA5T มีข้อมูลแค่ 2/7 วันของสัปดาห์",0.0,,sar_live,ok
2026-08-13T01:31:22.425676+00:00,2026-08-13,2026,33,zone_B,2.41,2.41,1.52,False,,14.391,11.512,116.995,62.39,25.694,-0.586,0,prelim_ftp,1,False,,0.5183,26.3192,86.8905,0.45,0.8718,-0.033,2,True,,0.036015565283857964,"low_confidence: CHIRPS เป็นข้อมูล prelim_ftp (ตรงจาก CHC FTP, ยังไม่ใช่ final); CHIRPS ของสัปดาห์นี้ยังไม่ครบ 7 วัน (as_of ไม่ใช่วันอาทิตย์); ERA5T มีข้อมูลแค่ 2/7 วันของสัปดาห์",,0.0,sar_live,ok
2026-08-13T02:02:50.025533+00:00,2026-08-13,2026,33,zone_A,2.41,2.41,1.52,False,,14.391,7.982,116.995,62.39,25.694,-0.586,0,prelim_ftp,1,False,,0.5183,26.3192,86.8905,0.45,0.8718,-0.033,2,True,,0.036015565283857964,"low_confidence: CHIRPS เป็นข้อมูล prelim_ftp (ตรงจาก CHC FTP, ยังไม่ใช่ final); CHIRPS ของสัปดาห์นี้ยังไม่ครบ 7 วัน (as_of ไม่ใช่วันอาทิตย์); ERA5T มีข้อมูลแค่ 2/7 วันของสัปดาห์",0.0,,sar_live,ok
2026-08-13T02:02:50.282327+00:00,2026-08-13,2026,33,zone_B,2.41,2.41,1.52,False,,14.391,11.512,116.995,62.39,25.694,-0.586,0,prelim_ftp,1,False,,0.5183,26.3192,86.8905,0.45,0.8718,-0.033,2,True,,0.036015565283857964,"low_confidence: CHIRPS เป็นข้อมูล prelim_ftp (ตรงจาก CHC FTP, ยังไม่ใช่ final); CHIRPS ของสัปดาห์นี้ยังไม่ครบ 7 วัน (as_of ไม่ใช่วันอาทิตย์); ERA5T มีข้อมูลแค่ 2/7 วันของสัปดาห์",,0.0,sar_live,ok
2026-08-14T01:27:52.897746+00:00,2026-08-14,2026,33,zone_A,2.41,2.41,1.52,False,,14.391,7.982,116.995,62.39,25.694,-0.586,0,prelim_ftp,1,False,,0.5513,25.7139,88.321,0.386,1.0986,-0.032,2,True,,0.038308665137933434,"low_confidence: CHIRPS เป็นข้อมูล prelim_ftp (ตรงจาก CHC FTP, ยังไม่ใช่ final); CHIRPS ของสัปดาห์นี้ยังไม่ครบ 7 วัน (as_of ไม่ใช่วันอาทิตย์); ERA5T มีข้อมูลแค่ 2/7 วันของสัปดาห์",0.0,,sar_live,ok
2026-08-14T01:27:52.899652+00:00,2026-08-14,2026,33,zone_B,2.41,2.41,1.52,False,,14.391,11.512,116.995,62.39,25.694,-0.586,0,prelim_ftp,1,False,,0.5513,25.7139,88.321,0.386,1.0986,-0.032,2,True,,0.038308665137933434,"low_confidence: CHIRPS เป็นข้อมูล prelim_ftp (ตรงจาก CHC FTP, ยังไม่ใช่ final); CHIRPS ของสัปดาห์นี้ยังไม่ครบ 7 วัน (as_of ไม่ใช่วันอาทิตย์); ERA5T มีข้อมูลแค่ 2/7 วันของสัปดาห์",,0.0,sar_live,ok
2026-08-14T01:36:26.914210+00:00,2026-08-14,2026,33,zone_A,2.41,2.41,1.52,False,,14.391,7.982,116.995,62.39,25.694,-0.586,0,prelim_ftp,1,False,,0.5513,25.7139,88.321,0.386,1.0986,-0.032,2,True,,0.038308665137933434,"low_confidence: CHIRPS เป็นข้อมูล prelim_ftp (ตรงจาก CHC FTP, ยังไม่ใช่ final); CHIRPS ของสัปดาห์นี้ยังไม่ครบ 7 วัน (as_of ไม่ใช่วันอาทิตย์); ERA5T มีข้อมูลแค่ 2/7 วันของสัปดาห์",0.0,,sar_live,ok
2026-08-14T01:36:27.207683+00:00,2026-08-14,2026,33,zone_B,2.41,2.41,1.52,False,,14.391,11.512,116.995,62.39,25.694,-0.586,0,prelim_ftp,1,False,,0.5513,25.7139,88.321,0.386,1.0986,-0.032,2,True,,0.038308665137933434,"low_confidence: CHIRPS เป็นข้อมูล prelim_ftp (ตรงจาก CHC FTP, ยังไม่ใช่ final); CHIRPS ของสัปดาห์นี้ยังไม่ครบ 7 วัน (as_of ไม่ใช่วันอาทิตย์); ERA5T มีข้อมูลแค่ 2/7 วันของสัปดาห์",,0.0,sar_live,ok
2026-08-15T01:59:38.125262+00:00,2026-08-15,2026,33,zone_A,2.41,2.41,1.52,False,,14.391,7.982,116.995,62.39,25.694,-0.586,0,prelim_ftp,1,False,,0.7371,25.8938,88.3269,0.3903,1.465,-0.0433,2,True,,0.05121951219512195,"low_confidence: CHIRPS เป็นข้อมูล prelim_ftp (ตรงจาก CHC FTP, ยังไม่ใช่ final); CHIRPS ของสัปดาห์นี้ยังไม่ครบ 7 วัน (as_of ไม่ใช่วันอาทิตย์); ERA5T มีข้อมูลแค่ 2/7 วันของสัปดาห์",0.0,,sar_live,ok
2026-08-15T01:59:38.131282+00:00,2026-08-15,2026,33,zone_B,2.41,2.41,1.52,False,,14.391,11.512,116.995,62.39,25.694,-0.586,0,prelim_ftp,1,False,,0.7371,25.8938,88.3269,0.3903,1.465,-0.0433,2,True,,0.05121951219512195,"low_confidence: CHIRPS เป็นข้อมูล prelim_ftp (ตรงจาก CHC FTP, ยังไม่ใช่ final); CHIRPS ของสัปดาห์นี้ยังไม่ครบ 7 วัน (as_of ไม่ใช่วันอาทิตย์); ERA5T มีข้อมูลแค่ 2/7 วันของสัปดาห์",,0.0,sar_live,ok
2026-08-15T02:24:49.781782+00:00,2026-08-15,2026,33,zone_A,2.41,2.41,1.52,False,,14.391,7.982,116.995,62.39,25.694,-0.586,0,prelim_ftp,1,False,,0.7371,25.8938,88.3269,0.3903,1.465,-0.0433,2,True,,0.05121951219512195,"low_confidence: CHIRPS เป็นข้อมูล prelim_ftp (ตรงจาก CHC FTP, ยังไม่ใช่ final); CHIRPS ของสัปดาห์นี้ยังไม่ครบ 7 วัน (as_of ไม่ใช่วันอาทิตย์); ERA5T มีข้อมูลแค่ 2/7 วันของสัปดาห์",0.0,,sar_live,ok
2026-08-15T02:24:50.582383+00:00,2026-08-15,2026,33,zone_B,2.41,2.41,1.52,False,,14.391,11.512,116.995,62.39,25.694,-0.586,0,prelim_ftp,1,False,,0.7371,25.8938,88.3269,0.3903,1.465,-0.0433,2,True,,0.05121951219512195,"low_confidence: CHIRPS เป็นข้อมูล prelim_ftp (ตรงจาก CHC FTP, ยังไม่ใช่ final); CHIRPS ของสัปดาห์นี้ยังไม่ครบ 7 วัน (as_of ไม่ใช่วันอาทิตย์); ERA5T มีข้อมูลแค่ 2/7 วันของสัปดาห์",,0.0,sar_live,ok
2026-08-16T02:07:40.745914+00:00,2026-08-16,2026,33,zone_A,2.41,2.41,1.52,False,,14.391,7.982,116.995,62.39,25.694,-0.586,0,prelim_ftp,1,False,,0.539,27.905,79.0551,0.7873,1.1203,-0.0575,1,False,,0.037453964283232576,"low_confidence: CHIRPS เป็นข้อมูล prelim_ftp (ตรงจาก CHC FTP, ยังไม่ใช่ final); ERA5T มีข้อมูลแค่ 1/7 วันของสัปดาห์",0.0,,sar_live,ok
2026-08-16T02:07:40.766504+00:00,2026-08-16,2026,33,zone_B,2.41,2.41,1.52,False,,14.391,11.512,116.995,62.39,25.694,-0.586,0,prelim_ftp,1,False,,0.539,27.905,79.0551,0.7873,1.1203,-0.0575,1,False,,0.037453964283232576,"low_confidence: CHIRPS เป็นข้อมูล prelim_ftp (ตรงจาก CHC FTP, ยังไม่ใช่ final); ERA5T มีข้อมูลแค่ 1/7 วันของสัปดาห์",,0.0,sar_live,ok
2026-08-16T02:09:42.120161+00:00,2026-08-02,2026,31,zone_A,,,,,backfill row -- ไม่ได้ re-fetch MEI (ดู docstring ฟังก์ชันนี้),62.39,48.781,15.317,25.694,51.474,-1.293,1,prelim_ftp,7,False,,3.4399,27.1394,83.3793,0.5993,1.2832,-0.0388,7,False,,0.0551354383715339,backfilled 2026-07-18 (ดึงย้อนหลังหลังข้อมูล final ออกแล้ว),,,,backfill row -- ไม่ได้คำนวณ NIR/GIR ย้อนหลัง (ดู docstring ฟังก์ชันนี้)
2026-08-16T02:11:24.931487+00:00,2026-08-02,2026,31,zone_B,,,,,backfill row -- ไม่ได้ re-fetch MEI (ดู docstring ฟังก์ชันนี้),62.39,49.912,15.317,25.694,51.474,-1.293,1,prelim_ftp,7,False,,3.4399,27.1394,83.3793,0.5993,1.2832,-0.0388,7,False,,0.0551354383715339,backfilled 2026-07-18 (ดึงย้อนหลังหลังข้อมูล final ออกแล้ว),,,,backfill row -- ไม่ได้คำนวณ NIR/GIR ย้อนหลัง (ดู docstring ฟังก์ชันนี้)
2026-08-16T02:20:24.589193+00:00,2026-08-16,2026,33,zone_A,2.41,2.41,1.52,False,,14.391,7.982,116.995,62.39,25.694,-0.586,0,prelim_ftp,1,False,,0.539,27.905,79.0551,0.7873,1.1203,-0.0575,1,False,,0.037453964283232576,"low_confidence: CHIRPS เป็นข้อมูล prelim_ftp (ตรงจาก CHC FTP, ยังไม่ใช่ final); ERA5T มีข้อมูลแค่ 1/7 วันของสัปดาห์",0.0,,sar_live,ok
2026-08-16T02:20:24.893584+00:00,2026-08-16,2026,33,zone_B,2.41,2.41,1.52,False,,14.391,11.512,116.995,62.39,25.694,-0.586,0,prelim_ftp,1,False,,0.539,27.905,79.0551,0.7873,1.1203,-0.0575,1,False,,0.037453964283232576,"low_confidence: CHIRPS เป็นข้อมูล prelim_ftp (ตรงจาก CHC FTP, ยังไม่ใช่ final); ERA5T มีข้อมูลแค่ 1/7 วันของสัปดาห์",,0.0,sar_live,ok
2026-08-17T01:53:00.633496+00:00,2026-08-17,2026,34,zone_A,2.41,2.41,1.52,False,,121.374,98.918,14.391,116.995,15.317,0.179,0,rolling_estimate,7,True,,1.2041,27.3764,80.9636,0.6963,1.458,-0.0551,2,True,,0.009920576070657636,low_confidence: CHIRPS เป็นค่า rolling estimate (สัปดาห์ปฏิทินยังไม่มีข้อมูลจริงเลย ใช้ค่า ประมาณจาก 7 วันล่าสุดที่มีข้อมูลจริงแทน); CHIRPS ของสัปดาห์นี้ยังไม่ครบ 7 วัน (as_of ไม่ใช่วันอาทิตย์); ERA5T มีข้อมูลแค่ 2/7 วันของสัปดาห์,0.0,,sar_live,ok
2026-08-17T01:53:00.640209+00:00,2026-08-17,2026,34,zone_B,2.41,2.41,1.52,False,,121.374,97.099,14.391,116.995,15.317,0.179,0,rolling_estimate,7,True,,1.2041,27.3764,80.9636,0.6963,1.458,-0.0551,2,True,,0.009920576070657636,low_confidence: CHIRPS เป็นค่า rolling estimate (สัปดาห์ปฏิทินยังไม่มีข้อมูลจริงเลย ใช้ค่า ประมาณจาก 7 วันล่าสุดที่มีข้อมูลจริงแทน); CHIRPS ของสัปดาห์นี้ยังไม่ครบ 7 วัน (as_of ไม่ใช่วันอาทิตย์); ERA5T มีข้อมูลแค่ 2/7 วันของสัปดาห์,,0.0,sar_live,ok
2026-08-17T02:02:21.369022+00:00,2026-08-17,2026,34,zone_A,2.41,2.41,1.52,False,,121.374,98.918,14.391,116.995,15.317,0.179,0,rolling_estimate,7,True,,1.2041,27.3764,80.9636,0.6963,1.458,-0.0551,2,True,,0.009920576070657636,low_confidence: CHIRPS เป็นค่า rolling estimate (สัปดาห์ปฏิทินยังไม่มีข้อมูลจริงเลย ใช้ค่า ประมาณจาก 7 วันล่าสุดที่มีข้อมูลจริงแทน); CHIRPS ของสัปดาห์นี้ยังไม่ครบ 7 วัน (as_of ไม่ใช่วันอาทิตย์); ERA5T มีข้อมูลแค่ 2/7 วันของสัปดาห์,0.0,,sar_live,ok
2026-08-17T02:02:21.630801+00:00,2026-08-17,2026,34,zone_B,2.41,2.41,1.52,False,,121.374,97.099,14.391,116.995,15.317,0.179,0,rolling_estimate,7,True,,1.2041,27.3764,80.9636,0.6963,1.458,-0.0551,2,True,,0.009920576070657636,low_confidence: CHIRPS เป็นค่า rolling estimate (สัปดาห์ปฏิทินยังไม่มีข้อมูลจริงเลย ใช้ค่า ประมาณจาก 7 วันล่าสุดที่มีข้อมูลจริงแทน); CHIRPS ของสัปดาห์นี้ยังไม่ครบ 7 วัน (as_of ไม่ใช่วันอาทิตย์); ERA5T มีข้อมูลแค่ 2/7 วันของสัปดาห์,,0.0,sar_live,ok
2026-08-17T03:01:08.680046+00:00,2026-08-17,2026,34,zone_A,2.41,2.41,1.52,False,,121.374,98.918,14.391,116.995,15.317,0.179,0,rolling_estimate,7,True,,1.2041,27.3764,80.9636,0.6963,1.458,-0.0551,2,True,,0.009920576070657636,low_confidence: CHIRPS เป็นค่า rolling estimate (สัปดาห์ปฏิทินยังไม่มีข้อมูลจริงเลย ใช้ค่า ประมาณจาก 7 วันล่าสุดที่มีข้อมูลจริงแทน); CHIRPS ของสัปดาห์นี้ยังไม่ครบ 7 วัน (as_of ไม่ใช่วันอาทิตย์); ERA5T มีข้อมูลแค่ 2/7 วันของสัปดาห์,0.0,,sar_live,ok
2026-08-17T03:01:08.680704+00:00,2026-08-17,2026,34,zone_B,2.41,2.41,1.52,False,,121.374,97.099,14.391,116.995,15.317,0.179,0,rolling_estimate,7,True,,1.2041,27.3764,80.9636,0.6963,1.458,-0.0551,2,True,,0.009920576070657636,low_confidence: CHIRPS เป็นค่า rolling estimate (สัปดาห์ปฏิทินยังไม่มีข้อมูลจริงเลย ใช้ค่า ประมาณจาก 7 วันล่าสุดที่มีข้อมูลจริงแทน); CHIRPS ของสัปดาห์นี้ยังไม่ครบ 7 วัน (as_of ไม่ใช่วันอาทิตย์); ERA5T มีข้อมูลแค่ 2/7 วันของสัปดาห์,,0.0,sar_live,ok
2026-08-18T01:25:38.892311+00:00,2026-08-18,2026,34,zone_A,2.41,2.41,1.52,False,,51.537,39.556,40.489,116.995,15.317,-0.188,0,rolling_estimate,7,True,,1.1113,27.3158,82.0022,0.6547,1.4094,-0.0488,2,True,,0.0215631488057124,low_confidence: CHIRPS เป็นค่า rolling estimate (สัปดาห์ปฏิทินยังไม่มีข้อมูลจริงเลย ใช้ค่า ประมาณจาก 7 วันล่าสุดที่มีข้อมูลจริงแทน); CHIRPS ของสัปดาห์นี้ยังไม่ครบ 7 วัน (as_of ไม่ใช่วันอาทิตย์); ERA5T มีข้อมูลแค่ 2/7 วันของสัปดาห์,0.0,,sar_live,ok
2026-08-18T01:25:38.900096+00:00,2026-08-18,2026,34,zone_B,2.41,2.41,1.52,False,,51.537,41.229,40.489,116.995,15.317,-0.188,0,rolling_estimate,7,True,,1.1113,27.3158,82.0022,0.6547,1.4094,-0.0488,2,True,,0.0215631488057124,low_confidence: CHIRPS เป็นค่า rolling estimate (สัปดาห์ปฏิทินยังไม่มีข้อมูลจริงเลย ใช้ค่า ประมาณจาก 7 วันล่าสุดที่มีข้อมูลจริงแทน); CHIRPS ของสัปดาห์นี้ยังไม่ครบ 7 วัน (as_of ไม่ใช่วันอาทิตย์); ERA5T มีข้อมูลแค่ 2/7 วันของสัปดาห์,,0.0,sar_live,ok
2026-08-18T02:08:35.983398+00:00,2026-08-18,2026,34,zone_A,2.41,2.41,1.52,False,,51.537,39.556,40.489,116.995,15.317,-0.188,0,rolling_estimate,7,True,,1.1113,27.3158,82.0022,0.6547,1.4094,-0.0488,2,True,,0.0215631488057124,low_confidence: CHIRPS เป็นค่า rolling estimate (สัปดาห์ปฏิทินยังไม่มีข้อมูลจริงเลย ใช้ค่า ประมาณจาก 7 วันล่าสุดที่มีข้อมูลจริงแทน); CHIRPS ของสัปดาห์นี้ยังไม่ครบ 7 วัน (as_of ไม่ใช่วันอาทิตย์); ERA5T มีข้อมูลแค่ 2/7 วันของสัปดาห์,0.0,,sar_live,ok
2026-08-18T02:08:36.204873+00:00,2026-08-18,2026,34,zone_B,2.41,2.41,1.52,False,,51.537,41.229,40.489,116.995,15.317,-0.188,0,rolling_estimate,7,True,,1.1113,27.3158,82.0022,0.6547,1.4094,-0.0488,2,True,,0.0215631488057124,low_confidence: CHIRPS เป็นค่า rolling estimate (สัปดาห์ปฏิทินยังไม่มีข้อมูลจริงเลย ใช้ค่า ประมาณจาก 7 วันล่าสุดที่มีข้อมูลจริงแทน); CHIRPS ของสัปดาห์นี้ยังไม่ครบ 7 วัน (as_of ไม่ใช่วันอาทิตย์); ERA5T มีข้อมูลแค่ 2/7 วันของสัปดาห์,,0.0,sar_live,ok
2026-08-19T02:21:05.425101+00:00,2026-08-19,2026,34,zone_A,2.41,2.41,1.52,False,,51.537,39.556,40.489,116.995,15.317,-0.188,0,rolling_estimate,7,True,,1.0281,28.1376,78.9611,0.8035,1.0569,-0.0659,2,True,,0.01994877466674428,low_confidence: CHIRPS เป็นค่า rolling estimate (สัปดาห์ปฏิทินยังไม่มีข้อมูลจริงเลย ใช้ค่า ประมาณจาก 7 วันล่าสุดที่มีข้อมูลจริงแทน); CHIRPS ของสัปดาห์นี้ยังไม่ครบ 7 วัน (as_of ไม่ใช่วันอาทิตย์); ERA5T มีข้อมูลแค่ 2/7 วันของสัปดาห์,0.0,,sar_live,ok
2026-08-19T02:21:05.433562+00:00,2026-08-19,2026,34,zone_B,2.41,2.41,1.52,False,,51.537,41.229,40.489,116.995,15.317,-0.188,0,rolling_estimate,7,True,,1.0281,28.1376,78.9611,0.8035,1.0569,-0.0659,2,True,,0.01994877466674428,low_confidence: CHIRPS เป็นค่า rolling estimate (สัปดาห์ปฏิทินยังไม่มีข้อมูลจริงเลย ใช้ค่า ประมาณจาก 7 วันล่าสุดที่มีข้อมูลจริงแทน); CHIRPS ของสัปดาห์นี้ยังไม่ครบ 7 วัน (as_of ไม่ใช่วันอาทิตย์); ERA5T มีข้อมูลแค่ 2/7 วันของสัปดาห์,,0.0,sar_live,ok
2026-08-19T02:52:01.382495+00:00,2026-08-19,2026,34,zone_A,2.41,2.41,1.52,False,,51.537,39.556,40.489,116.995,15.317,-0.188,0,rolling_estimate,7,True,,1.0281,28.1376,78.9611,0.8035,1.0569,-0.0659,2,True,,0.01994877466674428,low_confidence: CHIRPS เป็นค่า rolling estimate (สัปดาห์ปฏิทินยังไม่มีข้อมูลจริงเลย ใช้ค่า ประมาณจาก 7 วันล่าสุดที่มีข้อมูลจริงแทน); CHIRPS ของสัปดาห์นี้ยังไม่ครบ 7 วัน (as_of ไม่ใช่วันอาทิตย์); ERA5T มีข้อมูลแค่ 2/7 วันของสัปดาห์,0.0,,sar_live,ok
2026-08-19T02:52:01.719910+00:00,2026-08-19,2026,34,zone_B,2.41,2.41,1.52,False,,51.537,41.229,40.489,116.995,15.317,-0.188,0,rolling_estimate,7,True,,1.0281,28.1376,78.9611,0.8035,1.0569,-0.0659,2,True,,0.01994877466674428,low_confidence: CHIRPS เป็นค่า rolling estimate (สัปดาห์ปฏิทินยังไม่มีข้อมูลจริงเลย ใช้ค่า ประมาณจาก 7 วันล่าสุดที่มีข้อมูลจริงแทน); CHIRPS ของสัปดาห์นี้ยังไม่ครบ 7 วัน (as_of ไม่ใช่วันอาทิตย์); ERA5T มีข้อมูลแค่ 2/7 วันของสัปดาห์,,0.0,sar_live,ok
2026-08-20T01:35:33.754583+00:00,2026-08-20,2026,34,zone_A,2.41,2.41,1.52,False,,51.537,39.556,40.489,116.995,15.317,-0.188,0,rolling_estimate,7,True,,1.325,27.8775,77.145,0.8587,1.287,-0.0745,2,True,,0.025709684304480274,low_confidence: CHIRPS เป็นค่า rolling estimate (สัปดาห์ปฏิทินยังไม่มีข้อมูลจริงเลย ใช้ค่า ประมาณจาก 7 วันล่าสุดที่มีข้อมูลจริงแทน); CHIRPS ของสัปดาห์นี้ยังไม่ครบ 7 วัน (as_of ไม่ใช่วันอาทิตย์); ERA5T มีข้อมูลแค่ 2/7 วันของสัปดาห์,0.0,,sar_live,ok
2026-08-20T01:35:33.761653+00:00,2026-08-20,2026,34,zone_B,2.41,2.41,1.52,False,,51.537,41.229,40.489,116.995,15.317,-0.188,0,rolling_estimate,7,True,,1.325,27.8775,77.145,0.8587,1.287,-0.0745,2,True,,0.025709684304480274,low_confidence: CHIRPS เป็นค่า rolling estimate (สัปดาห์ปฏิทินยังไม่มีข้อมูลจริงเลย ใช้ค่า ประมาณจาก 7 วันล่าสุดที่มีข้อมูลจริงแทน); CHIRPS ของสัปดาห์นี้ยังไม่ครบ 7 วัน (as_of ไม่ใช่วันอาทิตย์); ERA5T มีข้อมูลแค่ 2/7 วันของสัปดาห์,,0.0,sar_live,ok
2026-08-20T02:12:35.931223+00:00,2026-08-20,2026,34,zone_A,2.41,2.41,1.52,False,,51.537,39.556,40.489,116.995,15.317,-0.188,0,rolling_estimate,7,True,,1.325,27.8775,77.145,0.8587,1.287,-0.0745,2,True,,0.025709684304480274,low_confidence: CHIRPS เป็นค่า rolling estimate (สัปดาห์ปฏิทินยังไม่มีข้อมูลจริงเลย ใช้ค่า ประมาณจาก 7 วันล่าสุดที่มีข้อมูลจริงแทน); CHIRPS ของสัปดาห์นี้ยังไม่ครบ 7 วัน (as_of ไม่ใช่วันอาทิตย์); ERA5T มีข้อมูลแค่ 2/7 วันของสัปดาห์,0.0,,sar_live,ok
2026-08-20T02:12:36.792739+00:00,2026-08-20,2026,34,zone_B,2.41,2.41,1.52,False,,51.537,41.229,40.489,116.995,15.317,-0.188,0,rolling_estimate,7,True,,1.325,27.8775,77.145,0.8587,1.287,-0.0745,2,True,,0.025709684304480274,low_confidence: CHIRPS เป็นค่า rolling estimate (สัปดาห์ปฏิทินยังไม่มีข้อมูลจริงเลย ใช้ค่า ประมาณจาก 7 วันล่าสุดที่มีข้อมูลจริงแทน); CHIRPS ของสัปดาห์นี้ยังไม่ครบ 7 วัน (as_of ไม่ใช่วันอาทิตย์); ERA5T มีข้อมูลแค่ 2/7 วันของสัปดาห์,,0.0,sar_live,ok
2026-08-20T17:34:31.709787,2026-08-02,2026,31,zone_A,,,,,backfill row -- ไม่ได้ re-fetch MEI (ดู docstring ฟังก์ชันนี้),62.39,48.781,15.317,25.694,51.474,-1.293,1,prelim_ftp,7,False,,3.4399,27.1394,83.3793,0.5993,1.2832,-0.0388,7,False,,0.0551354383715339,backfilled 2026-07-18 (ดึงย้อนหลังหลังข้อมูล final ออกแล้ว),0.0,,sar_live,"ok (retroactive backfill 2026-08-20 -- ดู backfill_nir_gir_weeks.py, area_source=sar_result_2026_2026-07-22.json)"
2026-08-20T17:34:31.709787,2026-08-02,2026,31,zone_B,,,,,backfill row -- ไม่ได้ re-fetch MEI (ดู docstring ฟังก์ชันนี้),62.39,49.912,15.317,25.694,51.474,-1.293,1,prelim_ftp,7,False,,3.4399,27.1394,83.3793,0.5993,1.2832,-0.0388,7,False,,0.0551354383715339,backfilled 2026-07-18 (ดึงย้อนหลังหลังข้อมูล final ออกแล้ว),,0.0,sar_live,"ok (retroactive backfill 2026-08-20 -- ดู backfill_nir_gir_weeks.py, area_source=sar_result_2026_2026-07-22.json)"
2026-08-21T01:45:42.471928+00:00,2026-08-21,2026,34,zone_A,2.41,2.41,1.52,False,,51.537,39.556,40.489,116.995,15.317,-0.188,0,rolling_estimate,7,True,,1.4404,27.4895,77.8863,0.8112,1.4565,-0.0656,2,True,,0.027948852280885575,low_confidence: CHIRPS เป็นค่า rolling estimate (สัปดาห์ปฏิทินยังไม่มีข้อมูลจริงเลย ใช้ค่า ประมาณจาก 7 วันล่าสุดที่มีข้อมูลจริงแทน); CHIRPS ของสัปดาห์นี้ยังไม่ครบ 7 วัน (as_of ไม่ใช่วันอาทิตย์); ERA5T มีข้อมูลแค่ 2/7 วันของสัปดาห์,0.0,,sar_live,ok
2026-08-21T01:45:42.478473+00:00,2026-08-21,2026,34,zone_B,2.41,2.41,1.52,False,,51.537,41.229,40.489,116.995,15.317,-0.188,0,rolling_estimate,7,True,,1.4404,27.4895,77.8863,0.8112,1.4565,-0.0656,2,True,,0.027948852280885575,low_confidence: CHIRPS เป็นค่า rolling estimate (สัปดาห์ปฏิทินยังไม่มีข้อมูลจริงเลย ใช้ค่า ประมาณจาก 7 วันล่าสุดที่มีข้อมูลจริงแทน); CHIRPS ของสัปดาห์นี้ยังไม่ครบ 7 วัน (as_of ไม่ใช่วันอาทิตย์); ERA5T มีข้อมูลแค่ 2/7 วันของสัปดาห์,,0.0,sar_live,ok
2026-08-21T01:53:51.952453+00:00,2026-08-21,2026,34,zone_A,2.41,2.41,1.52,False,,51.537,39.556,40.489,116.995,15.317,-0.188,0,rolling_estimate,7,True,,1.4404,27.4895,77.8863,0.8112,1.4565,-0.0656,2,True,,0.027948852280885575,low_confidence: CHIRPS เป็นค่า rolling estimate (สัปดาห์ปฏิทินยังไม่มีข้อมูลจริงเลย ใช้ค่า ประมาณจาก 7 วันล่าสุดที่มีข้อมูลจริงแทน); CHIRPS ของสัปดาห์นี้ยังไม่ครบ 7 วัน (as_of ไม่ใช่วันอาทิตย์); ERA5T มีข้อมูลแค่ 2/7 วันของสัปดาห์,0.0,,sar_live,ok
2026-08-21T01:53:52.229484+00:00,2026-08-21,2026,34,zone_B,2.41,2.41,1.52,False,,51.537,41.229,40.489,116.995,15.317,-0.188,0,rolling_estimate,7,True,,1.4404,27.4895,77.8863,0.8112,1.4565,-0.0656,2,True,,0.027948852280885575,low_confidence: CHIRPS เป็นค่า rolling estimate (สัปดาห์ปฏิทินยังไม่มีข้อมูลจริงเลย ใช้ค่า ประมาณจาก 7 วันล่าสุดที่มีข้อมูลจริงแทน); CHIRPS ของสัปดาห์นี้ยังไม่ครบ 7 วัน (as_of ไม่ใช่วันอาทิตย์); ERA5T มีข้อมูลแค่ 2/7 วันของสัปดาห์,,0.0,sar_live,ok
2026-08-22T01:44:42.281157+00:00,2026-08-22,2026,34,zone_A,2.41,2.41,1.52,False,,51.537,39.556,40.489,116.995,15.317,-0.188,0,rolling_estimate,7,True,,1.4379,27.5397,78.1945,0.8024,1.4802,-0.0734,2,True,,0.027900343442575238,low_confidence: CHIRPS เป็นค่า rolling estimate (สัปดาห์ปฏิทินยังไม่มีข้อมูลจริงเลย ใช้ค่า ประมาณจาก 7 วันล่าสุดที่มีข้อมูลจริงแทน); CHIRPS ของสัปดาห์นี้ยังไม่ครบ 7 วัน (as_of ไม่ใช่วันอาทิตย์); ERA5T มีข้อมูลแค่ 2/7 วันของสัปดาห์,0.0,,sar_live,ok
2026-08-22T01:44:42.287224+00:00,2026-08-22,2026,34,zone_B,2.41,2.41,1.52,False,,51.537,41.229,40.489,116.995,15.317,-0.188,0,rolling_estimate,7,True,,1.4379,27.5397,78.1945,0.8024,1.4802,-0.0734,2,True,,0.027900343442575238,low_confidence: CHIRPS เป็นค่า rolling estimate (สัปดาห์ปฏิทินยังไม่มีข้อมูลจริงเลย ใช้ค่า ประมาณจาก 7 วันล่าสุดที่มีข้อมูลจริงแทน); CHIRPS ของสัปดาห์นี้ยังไม่ครบ 7 วัน (as_of ไม่ใช่วันอาทิตย์); ERA5T มีข้อมูลแค่ 2/7 วันของสัปดาห์,,0.0,sar_live,ok
2026-08-22T01:53:06.598929+00:00,2026-08-22,2026,34,zone_A,2.41,2.41,1.52,False,,51.537,39.556,40.489,116.995,15.317,-0.188,0,rolling_estimate,7,True,,1.4379,27.5397,78.1945,0.8024,1.4802,-0.0734,2,True,,0.027900343442575238,low_confidence: CHIRPS เป็นค่า rolling estimate (สัปดาห์ปฏิทินยังไม่มีข้อมูลจริงเลย ใช้ค่า ประมาณจาก 7 วันล่าสุดที่มีข้อมูลจริงแทน); CHIRPS ของสัปดาห์นี้ยังไม่ครบ 7 วัน (as_of ไม่ใช่วันอาทิตย์); ERA5T มีข้อมูลแค่ 2/7 วันของสัปดาห์,0.0,,sar_live,ok
2026-08-22T01:53:06.935081+00:00,2026-08-22,2026,34,zone_B,2.41,2.41,1.52,False,,51.537,41.229,40.489,116.995,15.317,-0.188,0,rolling_estimate,7,True,,1.4379,27.5397,78.1945,0.8024,1.4802,-0.0734,2,True,,0.027900343442575238,low_confidence: CHIRPS เป็นค่า rolling estimate (สัปดาห์ปฏิทินยังไม่มีข้อมูลจริงเลย ใช้ค่า ประมาณจาก 7 วันล่าสุดที่มีข้อมูลจริงแทน); CHIRPS ของสัปดาห์นี้ยังไม่ครบ 7 วัน (as_of ไม่ใช่วันอาทิตย์); ERA5T มีข้อมูลแค่ 2/7 วันของสัปดาห์,,0.0,sar_live,ok
2026-08-23T01:32:51.537333+00:00,2026-08-23,2026,34,zone_A,2.41,2.41,1.52,False,,35.52,25.942,42.494,116.995,15.317,-0.304,0,prelim_ftp,4,False,,0.5351,27.5128,80.1993,0.7275,1.2194,-0.0989,1,False,,0.015064752252252251,"low_confidence: CHIRPS เป็นข้อมูล prelim_ftp (ตรงจาก CHC FTP, ยังไม่ใช่ final); ERA5T มีข้อมูลแค่ 1/7 วันของสัปดาห์",0.0,,sar_live,ok
2026-08-23T01:32:51.543317+00:00,2026-08-23,2026,34,zone_B,2.41,2.41,1.52,False,,35.52,28.416,42.494,116.995,15.317,-0.304,0,prelim_ftp,4,False,,0.5351,27.5128,80.1993,0.7275,1.2194,-0.0989,1,False,,0.015064752252252251,"low_confidence: CHIRPS เป็นข้อมูล prelim_ftp (ตรงจาก CHC FTP, ยังไม่ใช่ final); ERA5T มีข้อมูลแค่ 1/7 วันของสัปดาห์",,0.0,sar_live,ok
2026-08-23T01:33:36.078351+00:00,2026-08-09,2026,32,zone_B,,,,,backfill row -- ไม่ได้ re-fetch MEI (ดู docstring ฟังก์ชันนี้),116.995,93.596,62.39,15.317,0.749,-0.203,0,prelim_ftp,7,False,,2.4819,26.4162,86.944,0.4572,1.2184,-0.043,7,False,,0.021213727082353945,backfilled 2026-07-18 (ดึงย้อนหลังหลังข้อมูล final ออกแล้ว),,0.0,sar_live,"ok (auto-backfill 2026-08-23 -- _backfill_incomplete_climate_weeks, area_source=sar_result_2026_2026-07-22.json)"
2026-08-23T01:34:10.654746+00:00,2026-08-09,2026,32,zone_A,,,,,backfill row -- ไม่ได้ re-fetch MEI (ดู docstring ฟังก์ชันนี้),116.995,95.196,62.39,15.317,0.749,-0.203,0,prelim_ftp,7,False,,2.4819,26.4162,86.944,0.4572,1.2184,-0.043,7,False,,0.021213727082353945,backfilled 2026-07-18 (ดึงย้อนหลังหลังข้อมูล final ออกแล้ว),0.0,,sar_live,"ok (auto-backfill 2026-08-23 -- _backfill_incomplete_climate_weeks, area_source=sar_result_2026_2026-07-22.json)"
2026-08-23T01:52:55.197170+00:00,2026-08-23,2026,34,zone_A,2.41,2.41,1.52,False,,35.52,25.942,42.494,116.995,15.317,-0.304,0,prelim_ftp,4,False,,0.5351,27.5128,80.1993,0.7275,1.2194,-0.0989,1,False,,0.015064752252252251,"low_confidence: CHIRPS เป็นข้อมูล prelim_ftp (ตรงจาก CHC FTP, ยังไม่ใช่ final); ERA5T มีข้อมูลแค่ 1/7 วันของสัปดาห์",0.0,,sar_live,ok
2026-08-23T01:52:55.441726+00:00,2026-08-23,2026,34,zone_B,2.41,2.41,1.52,False,,35.52,28.416,42.494,116.995,15.317,-0.304,0,prelim_ftp,4,False,,0.5351,27.5128,80.1993,0.7275,1.2194,-0.0989,1,False,,0.015064752252252251,"low_confidence: CHIRPS เป็นข้อมูล prelim_ftp (ตรงจาก CHC FTP, ยังไม่ใช่ final); ERA5T มีข้อมูลแค่ 1/7 วันของสัปดาห์",,0.0,sar_live,ok
2026-08-23T01:53:22.426074+00:00,2026-08-09,2026,32,zone_A,,,,,backfill row -- ไม่ได้ re-fetch MEI (ดู docstring ฟังก์ชันนี้),116.995,95.196,62.39,15.317,0.749,-0.203,0,prelim_ftp,7,False,,2.4819,26.4162,86.944,0.4572,1.2184,-0.043,7,False,,0.021213727082353945,backfilled 2026-07-18 (ดึงย้อนหลังหลังข้อมูล final ออกแล้ว),0.0,,sar_live,"ok (auto-backfill 2026-08-23 -- _backfill_incomplete_climate_weeks, area_source=sar_result_2026_2026-07-22.json)"
2026-08-23T01:54:01.551006+00:00,2026-08-09,2026,32,zone_B,,,,,backfill row -- ไม่ได้ re-fetch MEI (ดู docstring ฟังก์ชันนี้),116.995,93.596,62.39,15.317,0.749,-0.203,0,prelim_ftp,7,False,,2.4819,26.4162,86.944,0.4572,1.2184,-0.043,7,False,,0.021213727082353945,backfilled 2026-07-18 (ดึงย้อนหลังหลังข้อมูล final ออกแล้ว),,0.0,sar_live,"ok (auto-backfill 2026-08-23 -- _backfill_incomplete_climate_weeks, area_source=sar_result_2026_2026-07-22.json)"
2026-08-24T01:40:18.754478+00:00,2026-08-24,2026,35,zone_A,2.41,2.41,1.52,False,,43.122,32.404,35.52,42.494,62.39,-0.293,0,rolling_estimate,7,True,,1.3885,28.439,76.9583,0.9014,1.3037,-0.0809,2,True,,0.03219934140345995,low_confidence: CHIRPS เป็นค่า rolling estimate (สัปดาห์ปฏิทินยังไม่มีข้อมูลจริงเลย ใช้ค่า ประมาณจาก 7 วันล่าสุดที่มีข้อมูลจริงแทน); CHIRPS ของสัปดาห์นี้ยังไม่ครบ 7 วัน (as_of ไม่ใช่วันอาทิตย์); ERA5T มีข้อมูลแค่ 2/7 วันของสัปดาห์,0.0,,sar_live,ok
2026-08-24T01:40:18.760926+00:00,2026-08-24,2026,35,zone_B,2.41,2.41,1.52,False,,43.122,34.497,35.52,42.494,62.39,-0.293,0,rolling_estimate,7,True,,1.3885,28.439,76.9583,0.9014,1.3037,-0.0809,2,True,,0.03219934140345995,low_confidence: CHIRPS เป็นค่า rolling estimate (สัปดาห์ปฏิทินยังไม่มีข้อมูลจริงเลย ใช้ค่า ประมาณจาก 7 วันล่าสุดที่มีข้อมูลจริงแทน); CHIRPS ของสัปดาห์นี้ยังไม่ครบ 7 วัน (as_of ไม่ใช่วันอาทิตย์); ERA5T มีข้อมูลแค่ 2/7 วันของสัปดาห์,,0.0,sar_live,ok
2026-08-24T02:18:13.154299+00:00,2026-08-24,2026,35,zone_A,2.41,2.41,1.52,False,,43.122,32.404,35.52,42.494,62.39,-0.293,0,rolling_estimate,7,True,,1.3885,28.439,76.9583,0.9014,1.3037,-0.0809,2,True,,0.03219934140345995,low_confidence: CHIRPS เป็นค่า rolling estimate (สัปดาห์ปฏิทินยังไม่มีข้อมูลจริงเลย ใช้ค่า ประมาณจาก 7 วันล่าสุดที่มีข้อมูลจริงแทน); CHIRPS ของสัปดาห์นี้ยังไม่ครบ 7 วัน (as_of ไม่ใช่วันอาทิตย์); ERA5T มีข้อมูลแค่ 2/7 วันของสัปดาห์,0.0,,sar_live,ok
2026-08-24T02:18:13.420012+00:00,2026-08-24,2026,35,zone_B,2.41,2.41,1.52,False,,43.122,34.497,35.52,42.494,62.39,-0.293,0,rolling_estimate,7,True,,1.3885,28.439,76.9583,0.9014,1.3037,-0.0809,2,True,,0.03219934140345995,low_confidence: CHIRPS เป็นค่า rolling estimate (สัปดาห์ปฏิทินยังไม่มีข้อมูลจริงเลย ใช้ค่า ประมาณจาก 7 วันล่าสุดที่มีข้อมูลจริงแทน); CHIRPS ของสัปดาห์นี้ยังไม่ครบ 7 วัน (as_of ไม่ใช่วันอาทิตย์); ERA5T มีข้อมูลแค่ 2/7 วันของสัปดาห์,,0.0,sar_live,ok
2026-08-24T03:01:04.091443+00:00,2026-08-24,2026,35,zone_A,2.41,2.41,1.52,False,,43.122,32.404,35.52,42.494,62.39,-0.293,0,rolling_estimate,7,True,,1.3885,28.439,76.9583,0.9014,1.3037,-0.0809,2,True,,0.03219934140345995,low_confidence: CHIRPS เป็นค่า rolling estimate (สัปดาห์ปฏิทินยังไม่มีข้อมูลจริงเลย ใช้ค่า ประมาณจาก 7 วันล่าสุดที่มีข้อมูลจริงแทน); CHIRPS ของสัปดาห์นี้ยังไม่ครบ 7 วัน (as_of ไม่ใช่วันอาทิตย์); ERA5T มีข้อมูลแค่ 2/7 วันของสัปดาห์,0.0,,sar_live,ok
2026-08-24T03:01:04.099055+00:00,2026-08-24,2026,35,zone_B,2.41,2.41,1.52,False,,43.122,34.497,35.52,42.494,62.39,-0.293,0,rolling_estimate,7,True,,1.3885,28.439,76.9583,0.9014,1.3037,-0.0809,2,True,,0.03219934140345995,low_confidence: CHIRPS เป็นค่า rolling estimate (สัปดาห์ปฏิทินยังไม่มีข้อมูลจริงเลย ใช้ค่า ประมาณจาก 7 วันล่าสุดที่มีข้อมูลจริงแทน); CHIRPS ของสัปดาห์นี้ยังไม่ครบ 7 วัน (as_of ไม่ใช่วันอาทิตย์); ERA5T มีข้อมูลแค่ 2/7 วันของสัปดาห์,,0.0,sar_live,ok
2026-08-25T01:38:25.043240+00:00,2026-08-25,2026,35,zone_A,,,,False,"HTTPSConnectionPool(host='psl.noaa.gov', port=443): Max retries exceeded with url: /enso/mei/data/meiv2.data (Caused by ConnectTimeoutError(<HTTPSConnection(host='psl.noaa.gov', port=443) at 0x213699939d0>, 'Connection to psl.noaa.gov timed out. (connect timeout=30)'))",43.122,32.404,35.52,42.494,62.39,-0.293,0,rolling_estimate,7,True,,1.0155,27.8587,82.1215,0.7002,1.0912,-0.0575,2,True,,0.023549464310560736,low_confidence: CHIRPS เป็นค่า rolling estimate (สัปดาห์ปฏิทินยังไม่มีข้อมูลจริงเลย ใช้ค่า ประมาณจาก 7 วันล่าสุดที่มีข้อมูลจริงแทน); CHIRPS ของสัปดาห์นี้ยังไม่ครบ 7 วัน (as_of ไม่ใช่วันอาทิตย์); ERA5T มีข้อมูลแค่ 2/7 วันของสัปดาห์,0.0,,sar_live,ok
2026-08-25T01:38:25.050237+00:00,2026-08-25,2026,35,zone_B,,,,False,"HTTPSConnectionPool(host='psl.noaa.gov', port=443): Max retries exceeded with url: /enso/mei/data/meiv2.data (Caused by ConnectTimeoutError(<HTTPSConnection(host='psl.noaa.gov', port=443) at 0x213699939d0>, 'Connection to psl.noaa.gov timed out. (connect timeout=30)'))",43.122,34.497,35.52,42.494,62.39,-0.293,0,rolling_estimate,7,True,,1.0155,27.8587,82.1215,0.7002,1.0912,-0.0575,2,True,,0.023549464310560736,low_confidence: CHIRPS เป็นค่า rolling estimate (สัปดาห์ปฏิทินยังไม่มีข้อมูลจริงเลย ใช้ค่า ประมาณจาก 7 วันล่าสุดที่มีข้อมูลจริงแทน); CHIRPS ของสัปดาห์นี้ยังไม่ครบ 7 วัน (as_of ไม่ใช่วันอาทิตย์); ERA5T มีข้อมูลแค่ 2/7 วันของสัปดาห์,,0.0,sar_live,ok
2026-08-25T01:52:52.975236+00:00,2026-08-25,2026,35,zone_A,,,,False,"HTTPSConnectionPool(host='psl.noaa.gov', port=443): Max retries exceeded with url: /enso/mei/data/meiv2.data (Caused by ConnectTimeoutError(<urllib3.connection.HTTPSConnection object at 0x7a261c1b5950>, 'Connection to psl.noaa.gov timed out. (connect timeout=30)'))",43.122,32.404,35.52,42.494,62.39,-0.293,0,rolling_estimate,7,True,,1.0155,27.8587,82.1215,0.7002,1.0912,-0.0575,2,True,,0.023549464310560736,low_confidence: CHIRPS เป็นค่า rolling estimate (สัปดาห์ปฏิทินยังไม่มีข้อมูลจริงเลย ใช้ค่า ประมาณจาก 7 วันล่าสุดที่มีข้อมูลจริงแทน); CHIRPS ของสัปดาห์นี้ยังไม่ครบ 7 วัน (as_of ไม่ใช่วันอาทิตย์); ERA5T มีข้อมูลแค่ 2/7 วันของสัปดาห์,0.0,,sar_live,ok
2026-08-25T01:52:53.252967+00:00,2026-08-25,2026,35,zone_B,,,,False,"HTTPSConnectionPool(host='psl.noaa.gov', port=443): Max retries exceeded with url: /enso/mei/data/meiv2.data (Caused by ConnectTimeoutError(<urllib3.connection.HTTPSConnection object at 0x7a261c1b5950>, 'Connection to psl.noaa.gov timed out. (connect timeout=30)'))",43.122,34.497,35.52,42.494,62.39,-0.293,0,rolling_estimate,7,True,,1.0155,27.8587,82.1215,0.7002,1.0912,-0.0575,2,True,,0.023549464310560736,low_confidence: CHIRPS เป็นค่า rolling estimate (สัปดาห์ปฏิทินยังไม่มีข้อมูลจริงเลย ใช้ค่า ประมาณจาก 7 วันล่าสุดที่มีข้อมูลจริงแทน); CHIRPS ของสัปดาห์นี้ยังไม่ครบ 7 วัน (as_of ไม่ใช่วันอาทิตย์); ERA5T มีข้อมูลแค่ 2/7 วันของสัปดาห์,,0.0,sar_live,ok
2026-08-26T01:46:52.469399+00:00,2026-08-26,2026,35,zone_A,2.41,2.41,1.52,False,,43.122,32.404,35.52,42.494,62.39,-0.293,0,rolling_estimate,7,True,,0.5518,26.4548,88.7832,0.3877,1.0863,-0.0522,2,True,,0.012796252492927044,low_confidence: CHIRPS เป็นค่า rolling estimate (สัปดาห์ปฏิทินยังไม่มีข้อมูลจริงเลย ใช้ค่า ประมาณจาก 7 วันล่าสุดที่มีข้อมูลจริงแทน); CHIRPS ของสัปดาห์นี้ยังไม่ครบ 7 วัน (as_of ไม่ใช่วันอาทิตย์); ERA5T มีข้อมูลแค่ 2/7 วันของสัปดาห์,0.0,,sar_live,ok
2026-08-26T01:46:52.476258+00:00,2026-08-26,2026,35,zone_B,2.41,2.41,1.52,False,,43.122,34.497,35.52,42.494,62.39,-0.293,0,rolling_estimate,7,True,,0.5518,26.4548,88.7832,0.3877,1.0863,-0.0522,2,True,,0.012796252492927044,low_confidence: CHIRPS เป็นค่า rolling estimate (สัปดาห์ปฏิทินยังไม่มีข้อมูลจริงเลย ใช้ค่า ประมาณจาก 7 วันล่าสุดที่มีข้อมูลจริงแทน); CHIRPS ของสัปดาห์นี้ยังไม่ครบ 7 วัน (as_of ไม่ใช่วันอาทิตย์); ERA5T มีข้อมูลแค่ 2/7 วันของสัปดาห์,,0.0,sar_live,ok
2026-08-26T01:57:48.813097+00:00,2026-08-26,2026,35,zone_A,2.41,2.41,1.52,False,,43.122,32.404,35.52,42.494,62.39,-0.293,0,rolling_estimate,7,True,,0.5518,26.4548,88.7832,0.3877,1.0863,-0.0522,2,True,,0.012796252492927044,low_confidence: CHIRPS เป็นค่า rolling estimate (สัปดาห์ปฏิทินยังไม่มีข้อมูลจริงเลย ใช้ค่า ประมาณจาก 7 วันล่าสุดที่มีข้อมูลจริงแทน); CHIRPS ของสัปดาห์นี้ยังไม่ครบ 7 วัน (as_of ไม่ใช่วันอาทิตย์); ERA5T มีข้อมูลแค่ 2/7 วันของสัปดาห์,0.0,,sar_live,ok
2026-08-26T01:57:49.105156+00:00,2026-08-26,2026,35,zone_B,2.41,2.41,1.52,False,,43.122,34.497,35.52,42.494,62.39,-0.293,0,rolling_estimate,7,True,,0.5518,26.4548,88.7832,0.3877,1.0863,-0.0522,2,True,,0.012796252492927044,low_confidence: CHIRPS เป็นค่า rolling estimate (สัปดาห์ปฏิทินยังไม่มีข้อมูลจริงเลย ใช้ค่า ประมาณจาก 7 วันล่าสุดที่มีข้อมูลจริงแทน); CHIRPS ของสัปดาห์นี้ยังไม่ครบ 7 วัน (as_of ไม่ใช่วันอาทิตย์); ERA5T มีข้อมูลแค่ 2/7 วันของสัปดาห์,,0.0,sar_live,ok
2026-08-27T00:14:29.273418+00:00,2026-08-27,2026,35,zone_A,2.41,2.41,1.52,False,,43.122,32.404,35.52,42.494,62.39,-0.293,0,rolling_estimate,7,True,,1.392,26.9929,83.1395,0.6046,1.8284,-0.0662,2,True,,0.032280506470015305,low_confidence: CHIRPS เป็นค่า rolling estimate (สัปดาห์ปฏิทินยังไม่มีข้อมูลจริงเลย ใช้ค่า ประมาณจาก 7 วันล่าสุดที่มีข้อมูลจริงแทน); CHIRPS ของสัปดาห์นี้ยังไม่ครบ 7 วัน (as_of ไม่ใช่วันอาทิตย์); ERA5T มีข้อมูลแค่ 2/7 วันของสัปดาห์,0.0,,sar_live,ok
2026-08-27T00:14:29.281022+00:00,2026-08-27,2026,35,zone_B,2.41,2.41,1.52,False,,43.122,34.497,35.52,42.494,62.39,-0.293,0,rolling_estimate,7,True,,1.392,26.9929,83.1395,0.6046,1.8284,-0.0662,2,True,,0.032280506470015305,low_confidence: CHIRPS เป็นค่า rolling estimate (สัปดาห์ปฏิทินยังไม่มีข้อมูลจริงเลย ใช้ค่า ประมาณจาก 7 วันล่าสุดที่มีข้อมูลจริงแทน); CHIRPS ของสัปดาห์นี้ยังไม่ครบ 7 วัน (as_of ไม่ใช่วันอาทิตย์); ERA5T มีข้อมูลแค่ 2/7 วันของสัปดาห์,,0.0,sar_live,ok
2026-08-27T00:31:34.722878+00:00,2026-08-27,2026,35,zone_A,2.41,2.41,1.52,False,,43.122,32.404,35.52,42.494,62.39,-0.293,0,rolling_estimate,7,True,,1.392,26.9929,83.1395,0.6046,1.8284,-0.0662,2,True,,0.032280506470015305,low_confidence: CHIRPS เป็นค่า rolling estimate (สัปดาห์ปฏิทินยังไม่มีข้อมูลจริงเลย ใช้ค่า ประมาณจาก 7 วันล่าสุดที่มีข้อมูลจริงแทน); CHIRPS ของสัปดาห์นี้ยังไม่ครบ 7 วัน (as_of ไม่ใช่วันอาทิตย์); ERA5T มีข้อมูลแค่ 2/7 วันของสัปดาห์,0.0,,sar_live,ok
2026-08-27T00:31:34.997698+00:00,2026-08-27,2026,35,zone_B,2.41,2.41,1.52,False,,43.122,34.497,35.52,42.494,62.39,-0.293,0,rolling_estimate,7,True,,1.392,26.9929,83.1395,0.6046,1.8284,-0.0662,2,True,,0.032280506470015305,low_confidence: CHIRPS เป็นค่า rolling estimate (สัปดาห์ปฏิทินยังไม่มีข้อมูลจริงเลย ใช้ค่า ประมาณจาก 7 วันล่าสุดที่มีข้อมูลจริงแทน); CHIRPS ของสัปดาห์นี้ยังไม่ครบ 7 วัน (as_of ไม่ใช่วันอาทิตย์); ERA5T มีข้อมูลแค่ 2/7 วันของสัปดาห์,,0.0,sar_live,ok
2026-08-27T22:51:08.964189+00:00,2026-08-27,2026,35,zone_A,2.41,2.41,1.52,False,,0.0,0.0,35.52,42.494,62.39,-0.626,0,prelim_ftp,2,False,,2.6336,27.3593,80.1463,0.7304,1.9593,-0.0729,3,True,,,"AI_week unavailable (P_mm_week = 0, หารด้วยศูนย์ไม่ได้)",66717.73,,sar_live,ok
2026-08-27T22:51:08.971293+00:00,2026-08-27,2026,35,zone_B,2.41,2.41,1.52,False,,0.0,0.0,35.52,42.494,62.39,-0.626,0,prelim_ftp,2,False,,2.6336,27.3593,80.1463,0.7304,1.9593,-0.0729,3,True,,,"AI_week unavailable (P_mm_week = 0, หารด้วยศูนย์ไม่ได้)",,21428.4,sar_live,ok
2026-08-27T23:40:07.402555+00:00,2026-08-27,2026,35,zone_A,2.41,2.41,1.52,False,,0.0,0.0,35.52,42.494,62.39,-0.626,0,prelim_ftp,2,False,,2.6336,27.3593,80.1463,0.7304,1.9593,-0.0729,3,True,,,"AI_week unavailable (P_mm_week = 0, หารด้วยศูนย์ไม่ได้)",66717.73,,sar_live,ok
2026-08-27T23:40:07.721141+00:00,2026-08-27,2026,35,zone_B,2.41,2.41,1.52,False,,0.0,0.0,35.52,42.494,62.39,-0.626,0,prelim_ftp,2,False,,2.6336,27.3593,80.1463,0.7304,1.9593,-0.0729,3,True,,,"AI_week unavailable (P_mm_week = 0, หารด้วยศูนย์ไม่ได้)",,21428.4,sar_live,ok
2026-08-29T01:45:26.011164+00:00,2026-08-29,2026,35,zone_A,2.41,2.41,1.52,False,,0.0,0.0,35.52,42.494,62.39,-0.626,0,prelim_ftp,2,False,,1.8328,27.7304,77.8638,0.8268,1.838,-0.0829,2,True,,,"AI_week unavailable (P_mm_week = 0, หารด้วยศูนย์ไม่ได้)",46430.84,,sar_live,ok
2026-08-29T01:45:26.018392+00:00,2026-08-29,2026,35,zone_B,2.41,2.41,1.52,False,,0.0,0.0,35.52,42.494,62.39,-0.626,0,prelim_ftp,2,False,,1.8328,27.7304,77.8638,0.8268,1.838,-0.0829,2,True,,,"AI_week unavailable (P_mm_week = 0, หารด้วยศูนย์ไม่ได้)",,14912.66,sar_live,ok
2026-08-29T01:57:23.793362+00:00,2026-08-29,2026,35,zone_A,2.41,2.41,1.52,False,,0.0,0.0,35.52,42.494,62.39,-0.626,0,prelim_ftp,2,False,,1.8328,27.7304,77.8638,0.8268,1.838,-0.0829,2,True,,,"AI_week unavailable (P_mm_week = 0, หารด้วยศูนย์ไม่ได้)",46430.84,,sar_live,ok
2026-08-29T01:57:24.117954+00:00,2026-08-29,2026,35,zone_B,2.41,2.41,1.52,False,,0.0,0.0,35.52,42.494,62.39,-0.626,0,prelim_ftp,2,False,,1.8328,27.7304,77.8638,0.8268,1.838,-0.0829,2,True,,,"AI_week unavailable (P_mm_week = 0, หารด้วยศูนย์ไม่ได้)",,14912.66,sar_live,ok
2026-08-30T02:06:26.160137+00:00,2026-08-30,2026,35,zone_A,2.41,2.41,1.52,False,,0.0,0.0,35.52,42.494,62.39,-0.626,0,prelim_ftp,2,False,,0.6735,28.6982,77.2405,0.8959,1.2812,-0.0674,1,False,,,"AI_week unavailable (P_mm_week = 0, หารด้วยศูนย์ไม่ได้)",17061.97,,sar_live,ok
2026-08-30T02:06:26.170294+00:00,2026-08-30,2026,35,zone_B,2.41,2.41,1.52,False,,0.0,0.0,35.52,42.494,62.39,-0.626,0,prelim_ftp,2,False,,0.6735,28.6982,77.2405,0.8959,1.2812,-0.0674,1,False,,,"AI_week unavailable (P_mm_week = 0, หารด้วยศูนย์ไม่ได้)",,5479.96,sar_live,ok
2026-08-30T02:07:05.859877+00:00,2026-08-16,2026,33,zone_B,,,,,backfill row -- ไม่ได้ re-fetch MEI (ดู docstring ฟังก์ชันนี้),42.494,33.996,116.995,62.39,25.694,-0.17,0,prelim_ftp,7,False,,4.413,27.6244,79.1055,0.7742,1.3534,-0.0644,7,False,,0.10384995528780534,backfilled 2026-07-18 (ดึงย้อนหลังหลังข้อมูล final ออกแล้ว),,0.0,sar_live,"ok (auto-backfill 2026-08-30 -- _backfill_incomplete_climate_weeks, area_source=sar_result_2026_2026-07-22.json)"
2026-08-30T02:08:10.807226+00:00,2026-08-16,2026,33,zone_A,,,,,backfill row -- ไม่ได้ re-fetch MEI (ดู docstring ฟังก์ชันนี้),42.494,31.87,116.995,62.39,25.694,-0.17,0,prelim_ftp,7,False,,4.413,27.6244,79.1055,0.7742,1.3534,-0.0644,7,False,,0.10384995528780534,backfilled 2026-07-18 (ดึงย้อนหลังหลังข้อมูล final ออกแล้ว),0.0,,sar_live,"ok (auto-backfill 2026-08-30 -- _backfill_incomplete_climate_weeks, area_source=sar_result_2026_2026-07-22.json)"
2026-08-30T02:27:00.289676+00:00,2026-08-30,2026,35,zone_A,2.41,2.41,1.52,False,,0.0,0.0,35.52,42.494,62.39,-0.626,0,prelim_ftp,2,False,,0.6735,28.6982,77.2405,0.8959,1.2812,-0.0674,1,False,,,"AI_week unavailable (P_mm_week = 0, หารด้วยศูนย์ไม่ได้)",17061.97,,sar_live,ok
2026-08-30T02:27:00.895533+00:00,2026-08-30,2026,35,zone_B,2.41,2.41,1.52,False,,0.0,0.0,35.52,42.494,62.39,-0.626,0,prelim_ftp,2,False,,0.6735,28.6982,77.2405,0.8959,1.2812,-0.0674,1,False,,,"AI_week unavailable (P_mm_week = 0, หารด้วยศูนย์ไม่ได้)",,5479.96,sar_live,ok
2026-08-31T01:31:24.932575+00:00,2026-08-31,2026,36,zone_A,2.41,2.41,2.41,True,,25.752,17.639,0.0,35.52,116.995,-1.405,1,rolling_estimate,7,True,,1.2176,27.986,79.7063,0.7709,1.3395,-0.0822,2,True,,0.04728176452314384,low_confidence: CHIRPS เป็นค่า rolling estimate (สัปดาห์ปฏิทินยังไม่มีข้อมูลจริงเลย ใช้ค่า ประมาณจาก 7 วันล่าสุดที่มีข้อมูลจริงแทน); CHIRPS ของสัปดาห์นี้ยังไม่ครบ 7 วัน (as_of ไม่ใช่วันอาทิตย์); ERA5T มีข้อมูลแค่ 2/7 วันของสัปดาห์,0.0,,sar_live,ok
2026-08-31T01:31:24.939184+00:00,2026-08-31,2026,36,zone_B,2.41,2.41,2.41,True,,25.752,20.602,0.0,35.52,116.995,-1.405,1,rolling_estimate,7,True,,1.2176,27.986,79.7063,0.7709,1.3395,-0.0822,2,True,,0.04728176452314384,low_confidence: CHIRPS เป็นค่า rolling estimate (สัปดาห์ปฏิทินยังไม่มีข้อมูลจริงเลย ใช้ค่า ประมาณจาก 7 วันล่าสุดที่มีข้อมูลจริงแทน); CHIRPS ของสัปดาห์นี้ยังไม่ครบ 7 วัน (as_of ไม่ใช่วันอาทิตย์); ERA5T มีข้อมูลแค่ 2/7 วันของสัปดาห์,,0.0,sar_live,ok
2026-08-31T01:58:00.403254+00:00,2026-08-31,2026,36,zone_A,2.41,2.41,2.41,True,,25.752,17.639,0.0,35.52,116.995,-1.405,1,rolling_estimate,7,True,,1.2176,27.986,79.7063,0.7709,1.3395,-0.0822,2,True,,0.04728176452314384,low_confidence: CHIRPS เป็นค่า rolling estimate (สัปดาห์ปฏิทินยังไม่มีข้อมูลจริงเลย ใช้ค่า ประมาณจาก 7 วันล่าสุดที่มีข้อมูลจริงแทน); CHIRPS ของสัปดาห์นี้ยังไม่ครบ 7 วัน (as_of ไม่ใช่วันอาทิตย์); ERA5T มีข้อมูลแค่ 2/7 วันของสัปดาห์,0.0,,sar_live,ok
2026-08-31T01:58:00.720948+00:00,2026-08-31,2026,36,zone_B,2.41,2.41,2.41,True,,25.752,20.602,0.0,35.52,116.995,-1.405,1,rolling_estimate,7,True,,1.2176,27.986,79.7063,0.7709,1.3395,-0.0822,2,True,,0.04728176452314384,low_confidence: CHIRPS เป็นค่า rolling estimate (สัปดาห์ปฏิทินยังไม่มีข้อมูลจริงเลย ใช้ค่า ประมาณจาก 7 วันล่าสุดที่มีข้อมูลจริงแทน); CHIRPS ของสัปดาห์นี้ยังไม่ครบ 7 วัน (as_of ไม่ใช่วันอาทิตย์); ERA5T มีข้อมูลแค่ 2/7 วันของสัปดาห์,,0.0,sar_live,ok
2026-08-31T03:02:48.028719+00:00,2026-08-31,2026,36,zone_A,2.41,2.41,2.41,True,,25.752,17.639,0.0,35.52,116.995,-1.405,1,rolling_estimate,7,True,,1.2176,27.986,79.7063,0.7709,1.3395,-0.0822,2,True,,0.04728176452314384,low_confidence: CHIRPS เป็นค่า rolling estimate (สัปดาห์ปฏิทินยังไม่มีข้อมูลจริงเลย ใช้ค่า ประมาณจาก 7 วันล่าสุดที่มีข้อมูลจริงแทน); CHIRPS ของสัปดาห์นี้ยังไม่ครบ 7 วัน (as_of ไม่ใช่วันอาทิตย์); ERA5T มีข้อมูลแค่ 2/7 วันของสัปดาห์,0.0,,sar_live,ok
2026-08-31T03:02:48.034566+00:00,2026-08-31,2026,36,zone_B,2.41,2.41,2.41,True,,25.752,20.602,0.0,35.52,116.995,-1.405,1,rolling_estimate,7,True,,1.2176,27.986,79.7063,0.7709,1.3395,-0.0822,2,True,,0.04728176452314384,low_confidence: CHIRPS เป็นค่า rolling estimate (สัปดาห์ปฏิทินยังไม่มีข้อมูลจริงเลย ใช้ค่า ประมาณจาก 7 วันล่าสุดที่มีข้อมูลจริงแทน); CHIRPS ของสัปดาห์นี้ยังไม่ครบ 7 วัน (as_of ไม่ใช่วันอาทิตย์); ERA5T มีข้อมูลแค่ 2/7 วันของสัปดาห์,,0.0,sar_live,ok
2026-09-01T02:07:13.272778+00:00,2026-09-01,2026,36,zone_A,2.41,2.41,2.41,True,,25.752,17.639,0.0,35.52,116.995,-1.405,1,rolling_estimate,7,True,,1.216,27.2576,82.3669,0.6383,1.579,-0.0733,2,True,,0.04721963342652998,low_confidence: CHIRPS เป็นค่า rolling estimate (สัปดาห์ปฏิทินยังไม่มีข้อมูลจริงเลย ใช้ค่า ประมาณจาก 7 วันล่าสุดที่มีข้อมูลจริงแทน); CHIRPS ของสัปดาห์นี้ยังไม่ครบ 7 วัน (as_of ไม่ใช่วันอาทิตย์); ERA5T มีข้อมูลแค่ 2/7 วันของสัปดาห์,0.0,,sar_live,ok
2026-09-01T02:07:13.279037+00:00,2026-09-01,2026,36,zone_B,2.41,2.41,2.41,True,,25.752,20.602,0.0,35.52,116.995,-1.405,1,rolling_estimate,7,True,,1.216,27.2576,82.3669,0.6383,1.579,-0.0733,2,True,,0.04721963342652998,low_confidence: CHIRPS เป็นค่า rolling estimate (สัปดาห์ปฏิทินยังไม่มีข้อมูลจริงเลย ใช้ค่า ประมาณจาก 7 วันล่าสุดที่มีข้อมูลจริงแทน); CHIRPS ของสัปดาห์นี้ยังไม่ครบ 7 วัน (as_of ไม่ใช่วันอาทิตย์); ERA5T มีข้อมูลแค่ 2/7 วันของสัปดาห์,,0.0,sar_live,ok
2026-09-01T02:16:25.802112+00:00,2026-09-01,2026,36,zone_A,2.41,2.41,2.41,True,,25.752,17.639,0.0,35.52,116.995,-1.405,1,rolling_estimate,7,True,,1.216,27.2576,82.3669,0.6383,1.579,-0.0733,2,True,,0.04721963342652998,low_confidence: CHIRPS เป็นค่า rolling estimate (สัปดาห์ปฏิทินยังไม่มีข้อมูลจริงเลย ใช้ค่า ประมาณจาก 7 วันล่าสุดที่มีข้อมูลจริงแทน); CHIRPS ของสัปดาห์นี้ยังไม่ครบ 7 วัน (as_of ไม่ใช่วันอาทิตย์); ERA5T มีข้อมูลแค่ 2/7 วันของสัปดาห์,0.0,,sar_live,ok
2026-09-01T02:16:26.100590+00:00,2026-09-01,2026,36,zone_B,2.41,2.41,2.41,True,,25.752,20.602,0.0,35.52,116.995,-1.405,1,rolling_estimate,7,True,,1.216,27.2576,82.3669,0.6383,1.579,-0.0733,2,True,,0.04721963342652998,low_confidence: CHIRPS เป็นค่า rolling estimate (สัปดาห์ปฏิทินยังไม่มีข้อมูลจริงเลย ใช้ค่า ประมาณจาก 7 วันล่าสุดที่มีข้อมูลจริงแทน); CHIRPS ของสัปดาห์นี้ยังไม่ครบ 7 วัน (as_of ไม่ใช่วันอาทิตย์); ERA5T มีข้อมูลแค่ 2/7 วันของสัปดาห์,,0.0,sar_live,ok
2026-09-02T02:24:21.941425+00:00,2026-09-02,2026,36,zone_A,2.41,2.41,2.41,True,,25.752,17.639,0.0,35.52,116.995,-1.405,1,rolling_estimate,7,True,,1.4833,27.2631,81.6955,0.6628,1.8641,-0.0614,2,True,,0.05759940975458217,low_confidence: CHIRPS เป็นค่า rolling estimate (สัปดาห์ปฏิทินยังไม่มีข้อมูลจริงเลย ใช้ค่า ประมาณจาก 7 วันล่าสุดที่มีข้อมูลจริงแทน); CHIRPS ของสัปดาห์นี้ยังไม่ครบ 7 วัน (as_of ไม่ใช่วันอาทิตย์); ERA5T มีข้อมูลแค่ 2/7 วันของสัปดาห์,0.0,,sar_live,ok
2026-09-02T02:24:21.948649+00:00,2026-09-02,2026,36,zone_B,2.41,2.41,2.41,True,,25.752,20.602,0.0,35.52,116.995,-1.405,1,rolling_estimate,7,True,,1.4833,27.2631,81.6955,0.6628,1.8641,-0.0614,2,True,,0.05759940975458217,low_confidence: CHIRPS เป็นค่า rolling estimate (สัปดาห์ปฏิทินยังไม่มีข้อมูลจริงเลย ใช้ค่า ประมาณจาก 7 วันล่าสุดที่มีข้อมูลจริงแทน); CHIRPS ของสัปดาห์นี้ยังไม่ครบ 7 วัน (as_of ไม่ใช่วันอาทิตย์); ERA5T มีข้อมูลแค่ 2/7 วันของสัปดาห์,,0.0,sar_live,ok
2026-09-02T02:46:08.458564+00:00,2026-09-02,2026,36,zone_A,2.41,2.41,2.41,True,,25.752,17.639,0.0,35.52,116.995,-1.405,1,rolling_estimate,7,True,,1.4833,27.2631,81.6955,0.6628,1.8641,-0.0614,2,True,,0.05759940975458217,low_confidence: CHIRPS เป็นค่า rolling estimate (สัปดาห์ปฏิทินยังไม่มีข้อมูลจริงเลย ใช้ค่า ประมาณจาก 7 วันล่าสุดที่มีข้อมูลจริงแทน); CHIRPS ของสัปดาห์นี้ยังไม่ครบ 7 วัน (as_of ไม่ใช่วันอาทิตย์); ERA5T มีข้อมูลแค่ 2/7 วันของสัปดาห์,0.0,,sar_live,ok
2026-09-02T02:46:08.793158+00:00,2026-09-02,2026,36,zone_B,2.41,2.41,2.41,True,,25.752,20.602,0.0,35.52,116.995,-1.405,1,rolling_estimate,7,True,,1.4833,27.2631,81.6955,0.6628,1.8641,-0.0614,2,True,,0.05759940975458217,low_confidence: CHIRPS เป็นค่า rolling estimate (สัปดาห์ปฏิทินยังไม่มีข้อมูลจริงเลย ใช้ค่า ประมาณจาก 7 วันล่าสุดที่มีข้อมูลจริงแทน); CHIRPS ของสัปดาห์นี้ยังไม่ครบ 7 วัน (as_of ไม่ใช่วันอาทิตย์); ERA5T มีข้อมูลแค่ 2/7 วันของสัปดาห์,,0.0,sar_live,ok
2026-09-03T02:20:03.518895+00:00,2026-09-03,2026,36,zone_A,2.41,2.41,2.41,True,,2.364,0.0,24.81,35.52,116.995,-1.399,1,prelim_ftp,1,False,,,,,,,,0,False,n_days_in_week=0 — ยังไม่มีวันไหนของสัปดาห์นี้ที่ ERA5T ดึงข้อมูลได้จริง (มักเกิดตอนต้นสัปดาห์ ที่ ERA5T latency ยังไม่ทันข้อมูลของวันก่อนหน้า) — ET0_mm_week/AI_week ของรอบนี้จึงไม่พร้อมใช้,,AI_week unavailable (ET0_mm_week ไม่พร้อมใช้ — ERA5T ของสัปดาห์นี้ยังไม่ครบ),,,sar_live,blocked (ET0_mm_week หรือ P_eff_mm ยังไม่พร้อมใช้ในสัปดาห์นี้ หรือไม่มีพื้นที่ crop ให้คำนวณ)
2026-09-03T02:20:03.519082+00:00,2026-09-03,2026,36,zone_B,2.41,2.41,2.41,True,,2.364,1.891,24.81,35.52,116.995,-1.399,1,prelim_ftp,1,False,,,,,,,,0,False,n_days_in_week=0 — ยังไม่มีวันไหนของสัปดาห์นี้ที่ ERA5T ดึงข้อมูลได้จริง (มักเกิดตอนต้นสัปดาห์ ที่ ERA5T latency ยังไม่ทันข้อมูลของวันก่อนหน้า) — ET0_mm_week/AI_week ของรอบนี้จึงไม่พร้อมใช้,,AI_week unavailable (ET0_mm_week ไม่พร้อมใช้ — ERA5T ของสัปดาห์นี้ยังไม่ครบ),,,sar_live,blocked (ET0_mm_week หรือ P_eff_mm ยังไม่พร้อมใช้ในสัปดาห์นี้ หรือไม่มีพื้นที่ crop ให้คำนวณ)
2026-09-03T02:34:56.413425+00:00,2026-09-03,2026,36,zone_A,2.41,2.41,2.41,True,,2.364,0.0,24.81,35.52,116.995,-1.399,1,prelim_ftp,1,False,,,,,,,,0,False,n_days_in_week=0 — ยังไม่มีวันไหนของสัปดาห์นี้ที่ ERA5T ดึงข้อมูลได้จริง (มักเกิดตอนต้นสัปดาห์ ที่ ERA5T latency ยังไม่ทันข้อมูลของวันก่อนหน้า) — ET0_mm_week/AI_week ของรอบนี้จึงไม่พร้อมใช้,,AI_week unavailable (ET0_mm_week ไม่พร้อมใช้ — ERA5T ของสัปดาห์นี้ยังไม่ครบ),,,sar_live,blocked (ET0_mm_week หรือ P_eff_mm ยังไม่พร้อมใช้ในสัปดาห์นี้ หรือไม่มีพื้นที่ crop ให้คำนวณ)
2026-09-03T02:34:56.415003+00:00,2026-09-03,2026,36,zone_B,2.41,2.41,2.41,True,,2.364,1.891,24.81,35.52,116.995,-1.399,1,prelim_ftp,1,False,,,,,,,,0,False,n_days_in_week=0 — ยังไม่มีวันไหนของสัปดาห์นี้ที่ ERA5T ดึงข้อมูลได้จริง (มักเกิดตอนต้นสัปดาห์ ที่ ERA5T latency ยังไม่ทันข้อมูลของวันก่อนหน้า) — ET0_mm_week/AI_week ของรอบนี้จึงไม่พร้อมใช้,,AI_week unavailable (ET0_mm_week ไม่พร้อมใช้ — ERA5T ของสัปดาห์นี้ยังไม่ครบ),,,sar_live,blocked (ET0_mm_week หรือ P_eff_mm ยังไม่พร้อมใช้ในสัปดาห์นี้ หรือไม่มีพื้นที่ crop ให้คำนวณ)
2026-09-04T01:33:26.271968+00:00,2026-09-04,2026,36,zone_A,2.41,2.41,2.41,True,,7.333,1.983,44.668,55.513,114.451,-1.072,1,prelim,1,False,,0.9885,26.8663,83.7895,0.5738,1.3626,-0.0505,2,True,,0.13480158189008593,low_confidence: CHIRPS เป็นข้อมูล prelim (ยังไม่ใช่ final); CHIRPS ของสัปดาห์นี้ยังไม่ครบ 7 วัน (as_of ไม่ใช่วันอาทิตย์); ERA5T มีข้อมูลแค่ 2/7 วันของสัปดาห์,0.0,,sar_live,ok
2026-09-04T01:33:26.276918+00:00,2026-09-04,2026,36,zone_B,2.41,2.41,2.41,True,,7.333,5.866,44.668,55.513,114.451,-1.072,1,prelim,1,False,,0.9885,26.8663,83.7895,0.5738,1.3626,-0.0505,2,True,,0.13480158189008593,low_confidence: CHIRPS เป็นข้อมูล prelim (ยังไม่ใช่ final); CHIRPS ของสัปดาห์นี้ยังไม่ครบ 7 วัน (as_of ไม่ใช่วันอาทิตย์); ERA5T มีข้อมูลแค่ 2/7 วันของสัปดาห์,,0.0,sar_live,ok
2026-09-04T01:55:09.132773+00:00,2026-09-04,2026,36,zone_A,2.41,2.41,2.41,True,,7.333,1.983,44.668,55.513,114.451,-1.072,1,prelim,1,False,,0.9885,26.8663,83.7895,0.5738,1.3626,-0.0505,2,True,,0.13480158189008593,low_confidence: CHIRPS เป็นข้อมูล prelim (ยังไม่ใช่ final); CHIRPS ของสัปดาห์นี้ยังไม่ครบ 7 วัน (as_of ไม่ใช่วันอาทิตย์); ERA5T มีข้อมูลแค่ 2/7 วันของสัปดาห์,0.0,,sar_live,ok
2026-09-04T01:55:10.957165+00:00,2026-09-04,2026,36,zone_B,2.41,2.41,2.41,True,,7.333,5.866,44.668,55.513,114.451,-1.072,1,prelim,1,False,,0.9885,26.8663,83.7895,0.5738,1.3626,-0.0505,2,True,,0.13480158189008593,low_confidence: CHIRPS เป็นข้อมูล prelim (ยังไม่ใช่ final); CHIRPS ของสัปดาห์นี้ยังไม่ครบ 7 วัน (as_of ไม่ใช่วันอาทิตย์); ERA5T มีข้อมูลแค่ 2/7 วันของสัปดาห์,,0.0,sar_live,ok
2026-09-05T01:49:39.515234+00:00,2026-09-05,2026,36,zone_A,2.41,2.41,2.41,True,,2.364,0.0,24.81,35.52,116.995,-1.399,1,prelim_ftp,1,False,,0.4897,25.7118,89.4937,0.3566,1.0129,-0.054,2,True,,0.20714890016920476,"low_confidence: CHIRPS เป็นข้อมูล prelim_ftp (ตรงจาก CHC FTP, ยังไม่ใช่ final); CHIRPS ของสัปดาห์นี้ยังไม่ครบ 7 วัน (as_of ไม่ใช่วันอาทิตย์); ERA5T มีข้อมูลแค่ 2/7 วันของสัปดาห์",12405.71,,sar_live,ok
2026-09-05T01:49:39.520446+00:00,2026-09-05,2026,36,zone_B,2.41,2.41,2.41,True,,2.364,1.891,24.81,35.52,116.995,-1.399,1,prelim_ftp,1,False,,0.4897,25.7118,89.4937,0.3566,1.0129,-0.054,2,True,,0.20714890016920476,"low_confidence: CHIRPS เป็นข้อมูล prelim_ftp (ตรงจาก CHC FTP, ยังไม่ใช่ final); CHIRPS ของสัปดาห์นี้ยังไม่ครบ 7 วัน (as_of ไม่ใช่วันอาทิตย์); ERA5T มีข้อมูลแค่ 2/7 วันของสัปดาห์",,0.0,sar_live,ok
2026-09-05T02:16:31.467979+00:00,2026-09-05,2026,36,zone_A,2.41,2.41,2.41,True,,2.364,0.0,24.81,35.52,116.995,-1.399,1,prelim_ftp,1,False,,0.4897,25.7118,89.4937,0.3566,1.0129,-0.054,2,True,,0.20714890016920476,"low_confidence: CHIRPS เป็นข้อมูล prelim_ftp (ตรงจาก CHC FTP, ยังไม่ใช่ final); CHIRPS ของสัปดาห์นี้ยังไม่ครบ 7 วัน (as_of ไม่ใช่วันอาทิตย์); ERA5T มีข้อมูลแค่ 2/7 วันของสัปดาห์",12405.71,,sar_live,ok
2026-09-05T02:16:31.793429+00:00,2026-09-05,2026,36,zone_B,2.41,2.41,2.41,True,,2.364,1.891,24.81,35.52,116.995,-1.399,1,prelim_ftp,1,False,,0.4897,25.7118,89.4937,0.3566,1.0129,-0.054,2,True,,0.20714890016920476,"low_confidence: CHIRPS เป็นข้อมูล prelim_ftp (ตรงจาก CHC FTP, ยังไม่ใช่ final); CHIRPS ของสัปดาห์นี้ยังไม่ครบ 7 วัน (as_of ไม่ใช่วันอาทิตย์); ERA5T มีข้อมูลแค่ 2/7 วันของสัปดาห์",,0.0,sar_live,ok
2026-09-06T01:55:33.251948+00:00,2026-09-06,2026,36,zone_A,2.41,2.41,2.41,True,,2.364,0.0,24.81,35.52,116.995,-1.399,1,prelim_ftp,1,False,,0.2881,26.14,88.2961,0.3967,1.1944,-0.1065,1,False,,0.12186971235194587,"low_confidence: CHIRPS เป็นข้อมูล prelim_ftp (ตรงจาก CHC FTP, ยังไม่ใช่ final); ERA5T มีข้อมูลแค่ 1/7 วันของสัปดาห์",7298.52,,sar_live,ok
2026-09-06T01:55:33.258646+00:00,2026-09-06,2026,36,zone_B,2.41,2.41,2.41,True,,2.364,1.891,24.81,35.52,116.995,-1.399,1,prelim_ftp,1,False,,0.2881,26.14,88.2961,0.3967,1.1944,-0.1065,1,False,,0.12186971235194587,"low_confidence: CHIRPS เป็นข้อมูล prelim_ftp (ตรงจาก CHC FTP, ยังไม่ใช่ final); ERA5T มีข้อมูลแค่ 1/7 วันของสัปดาห์",,0.0,sar_live,ok
2026-09-06T01:56:05.933192+00:00,2026-08-23,2026,34,zone_B,,,,,backfill row -- ไม่ได้ re-fetch MEI (ดู docstring ฟังก์ชันนี้),35.52,28.416,42.494,116.995,15.317,-0.304,0,prelim_ftp,7,False,,4.7754,27.5252,80.9213,0.7129,1.5335,-0.0732,7,False,,0.13444256756756756,backfilled 2026-07-18 (ดึงย้อนหลังหลังข้อมูล final ออกแล้ว),,0.0,sar_live,"ok (auto-backfill 2026-09-06 -- _backfill_incomplete_climate_weeks, area_source=sar_result_2026_2026-08-21.json)"
2026-09-06T01:56:41.076580+00:00,2026-08-23,2026,34,zone_A,,,,,backfill row -- ไม่ได้ re-fetch MEI (ดู docstring ฟังก์ชันนี้),35.52,25.942,42.494,116.995,15.317,-0.304,0,prelim_ftp,7,False,,4.7754,27.5252,80.9213,0.7129,1.5335,-0.0732,7,False,,0.13444256756756756,backfilled 2026-07-18 (ดึงย้อนหลังหลังข้อมูล final ออกแล้ว),0.0,,sar_live,"ok (auto-backfill 2026-09-06 -- _backfill_incomplete_climate_weeks, area_source=sar_result_2026_2026-08-21.json)"
2026-09-06T02:09:58.100430+00:00,2026-09-06,2026,36,zone_A,2.41,2.41,2.41,True,,2.364,0.0,24.81,35.52,116.995,-1.399,1,prelim_ftp,1,False,,0.2881,26.14,88.2961,0.3967,1.1944,-0.1065,1,False,,0.12186971235194587,"low_confidence: CHIRPS เป็นข้อมูล prelim_ftp (ตรงจาก CHC FTP, ยังไม่ใช่ final); ERA5T มีข้อมูลแค่ 1/7 วันของสัปดาห์",7298.52,,sar_live,ok
2026-09-06T02:09:58.392601+00:00,2026-09-06,2026,36,zone_B,2.41,2.41,2.41,True,,2.364,1.891,24.81,35.52,116.995,-1.399,1,prelim_ftp,1,False,,0.2881,26.14,88.2961,0.3967,1.1944,-0.1065,1,False,,0.12186971235194587,"low_confidence: CHIRPS เป็นข้อมูล prelim_ftp (ตรงจาก CHC FTP, ยังไม่ใช่ final); ERA5T มีข้อมูลแค่ 1/7 วันของสัปดาห์",,0.0,sar_live,ok
2026-09-07T02:20:55.828536+00:00,2026-09-07,2026,37,zone_A,2.41,2.41,2.41,True,,27.174,18.848,2.364,24.81,42.494,-1.682,1,rolling_estimate,7,True,,0.8351,27.043,85.1788,0.5363,1.2889,-0.1065,2,True,,0.03073158165893869,low_confidence: CHIRPS เป็นค่า rolling estimate (สัปดาห์ปฏิทินยังไม่มีข้อมูลจริงเลย ใช้ค่า ประมาณจาก 7 วันล่าสุดที่มีข้อมูลจริงแทน); CHIRPS ของสัปดาห์นี้ยังไม่ครบ 7 วัน (as_of ไม่ใช่วันอาทิตย์); ERA5T มีข้อมูลแค่ 2/7 วันของสัปดาห์,0.0,,sar_live,ok
2026-09-07T02:20:55.835882+00:00,2026-09-07,2026,37,zone_B,2.41,2.41,2.41,True,,27.174,21.739,2.364,24.81,42.494,-1.682,1,rolling_estimate,7,True,,0.8351,27.043,85.1788,0.5363,1.2889,-0.1065,2,True,,0.03073158165893869,low_confidence: CHIRPS เป็นค่า rolling estimate (สัปดาห์ปฏิทินยังไม่มีข้อมูลจริงเลย ใช้ค่า ประมาณจาก 7 วันล่าสุดที่มีข้อมูลจริงแทน); CHIRPS ของสัปดาห์นี้ยังไม่ครบ 7 วัน (as_of ไม่ใช่วันอาทิตย์); ERA5T มีข้อมูลแค่ 2/7 วันของสัปดาห์,,0.0,sar_live,ok
2026-09-07T02:29:11.954148+00:00,2026-09-07,2026,37,zone_A,2.41,2.41,2.41,True,,27.174,18.848,2.364,24.81,42.494,-1.682,1,rolling_estimate,7,True,,0.8351,27.043,85.1788,0.5363,1.2889,-0.1065,2,True,,0.03073158165893869,low_confidence: CHIRPS เป็นค่า rolling estimate (สัปดาห์ปฏิทินยังไม่มีข้อมูลจริงเลย ใช้ค่า ประมาณจาก 7 วันล่าสุดที่มีข้อมูลจริงแทน); CHIRPS ของสัปดาห์นี้ยังไม่ครบ 7 วัน (as_of ไม่ใช่วันอาทิตย์); ERA5T มีข้อมูลแค่ 2/7 วันของสัปดาห์,0.0,,sar_live,ok
2026-09-07T02:29:12.234205+00:00,2026-09-07,2026,37,zone_B,2.41,2.41,2.41,True,,27.174,21.739,2.364,24.81,42.494,-1.682,1,rolling_estimate,7,True,,0.8351,27.043,85.1788,0.5363,1.2889,-0.1065,2,True,,0.03073158165893869,low_confidence: CHIRPS เป็นค่า rolling estimate (สัปดาห์ปฏิทินยังไม่มีข้อมูลจริงเลย ใช้ค่า ประมาณจาก 7 วันล่าสุดที่มีข้อมูลจริงแทน); CHIRPS ของสัปดาห์นี้ยังไม่ครบ 7 วัน (as_of ไม่ใช่วันอาทิตย์); ERA5T มีข้อมูลแค่ 2/7 วันของสัปดาห์,,0.0,sar_live,ok
2026-09-07T03:02:22.163703+00:00,2026-09-07,2026,37,zone_A,2.41,2.41,2.41,True,,27.174,18.848,2.364,24.81,42.494,-1.682,1,rolling_estimate,7,True,,0.8351,27.043,85.1788,0.5363,1.2889,-0.1065,2,True,,0.03073158165893869,low_confidence: CHIRPS เป็นค่า rolling estimate (สัปดาห์ปฏิทินยังไม่มีข้อมูลจริงเลย ใช้ค่า ประมาณจาก 7 วันล่าสุดที่มีข้อมูลจริงแทน); CHIRPS ของสัปดาห์นี้ยังไม่ครบ 7 วัน (as_of ไม่ใช่วันอาทิตย์); ERA5T มีข้อมูลแค่ 2/7 วันของสัปดาห์,0.0,,sar_live,ok
2026-09-07T03:02:22.168704+00:00,2026-09-07,2026,37,zone_B,2.41,2.41,2.41,True,,27.174,21.739,2.364,24.81,42.494,-1.682,1,rolling_estimate,7,True,,0.8351,27.043,85.1788,0.5363,1.2889,-0.1065,2,True,,0.03073158165893869,low_confidence: CHIRPS เป็นค่า rolling estimate (สัปดาห์ปฏิทินยังไม่มีข้อมูลจริงเลย ใช้ค่า ประมาณจาก 7 วันล่าสุดที่มีข้อมูลจริงแทน); CHIRPS ของสัปดาห์นี้ยังไม่ครบ 7 วัน (as_of ไม่ใช่วันอาทิตย์); ERA5T มีข้อมูลแค่ 2/7 วันของสัปดาห์,,0.0,sar_live,ok
2026-09-07T08:10:51.870162+00:00,2026-09-07,2026,37,zone_A,2.41,2.41,2.41,True,,27.174,18.848,2.364,24.81,42.494,-1.682,1,rolling_estimate,7,True,,0.8351,27.043,85.1788,0.5363,1.2889,-0.1065,2,True,,0.03073158165893869,low_confidence: CHIRPS เป็นค่า rolling estimate (สัปดาห์ปฏิทินยังไม่มีข้อมูลจริงเลย ใช้ค่า ประมาณจาก 7 วันล่าสุดที่มีข้อมูลจริงแทน); CHIRPS ของสัปดาห์นี้ยังไม่ครบ 7 วัน (as_of ไม่ใช่วันอาทิตย์); ERA5T มีข้อมูลแค่ 2/7 วันของสัปดาห์,0.0,,sar_live,ok
2026-09-07T08:10:51.875003+00:00,2026-09-07,2026,37,zone_B,2.41,2.41,2.41,True,,27.174,21.739,2.364,24.81,42.494,-1.682,1,rolling_estimate,7,True,,0.8351,27.043,85.1788,0.5363,1.2889,-0.1065,2,True,,0.03073158165893869,low_confidence: CHIRPS เป็นค่า rolling estimate (สัปดาห์ปฏิทินยังไม่มีข้อมูลจริงเลย ใช้ค่า ประมาณจาก 7 วันล่าสุดที่มีข้อมูลจริงแทน); CHIRPS ของสัปดาห์นี้ยังไม่ครบ 7 วัน (as_of ไม่ใช่วันอาทิตย์); ERA5T มีข้อมูลแค่ 2/7 วันของสัปดาห์,,0.0,sar_live,ok
2026-09-07T08:21:51.974135+00:00,2026-09-07,2026,37,zone_A,2.41,2.41,2.41,True,,27.174,18.848,2.364,24.81,42.494,-1.682,1,rolling_estimate,7,True,,0.8351,27.043,85.1788,0.5363,1.2889,-0.1065,2,True,,0.03073158165893869,low_confidence: CHIRPS เป็นค่า rolling estimate (สัปดาห์ปฏิทินยังไม่มีข้อมูลจริงเลย ใช้ค่า ประมาณจาก 7 วันล่าสุดที่มีข้อมูลจริงแทน); CHIRPS ของสัปดาห์นี้ยังไม่ครบ 7 วัน (as_of ไม่ใช่วันอาทิตย์); ERA5T มีข้อมูลแค่ 2/7 วันของสัปดาห์,0.0,,sar_live,ok
2026-09-07T08:21:52.239444+00:00,2026-09-07,2026,37,zone_B,2.41,2.41,2.41,True,,27.174,21.739,2.364,24.81,42.494,-1.682,1,rolling_estimate,7,True,,0.8351,27.043,85.1788,0.5363,1.2889,-0.1065,2,True,,0.03073158165893869,low_confidence: CHIRPS เป็นค่า rolling estimate (สัปดาห์ปฏิทินยังไม่มีข้อมูลจริงเลย ใช้ค่า ประมาณจาก 7 วันล่าสุดที่มีข้อมูลจริงแทน); CHIRPS ของสัปดาห์นี้ยังไม่ครบ 7 วัน (as_of ไม่ใช่วันอาทิตย์); ERA5T มีข้อมูลแค่ 2/7 วันของสัปดาห์,,0.0,sar_live,ok
2026-09-07T08:33:24.123067+00:00,2026-09-07,2026,37,zone_A,2.41,2.41,2.41,True,,27.174,18.848,2.364,24.81,42.494,-1.682,1,rolling_estimate,7,True,,0.8351,27.043,85.1788,0.5363,1.2889,-0.1065,2,True,,0.03073158165893869,low_confidence: CHIRPS เป็นค่า rolling estimate (สัปดาห์ปฏิทินยังไม่มีข้อมูลจริงเลย ใช้ค่า ประมาณจาก 7 วันล่าสุดที่มีข้อมูลจริงแทน); CHIRPS ของสัปดาห์นี้ยังไม่ครบ 7 วัน (as_of ไม่ใช่วันอาทิตย์); ERA5T มีข้อมูลแค่ 2/7 วันของสัปดาห์,0.0,,sar_live,ok
2026-09-07T08:33:24.128425+00:00,2026-09-07,2026,37,zone_B,2.41,2.41,2.41,True,,27.174,21.739,2.364,24.81,42.494,-1.682,1,rolling_estimate,7,True,,0.8351,27.043,85.1788,0.5363,1.2889,-0.1065,2,True,,0.03073158165893869,low_confidence: CHIRPS เป็นค่า rolling estimate (สัปดาห์ปฏิทินยังไม่มีข้อมูลจริงเลย ใช้ค่า ประมาณจาก 7 วันล่าสุดที่มีข้อมูลจริงแทน); CHIRPS ของสัปดาห์นี้ยังไม่ครบ 7 วัน (as_of ไม่ใช่วันอาทิตย์); ERA5T มีข้อมูลแค่ 2/7 วันของสัปดาห์,,0.0,sar_live,ok
2026-09-07T08:54:12.978568+00:00,2026-09-07,2026,37,zone_A,2.41,2.41,2.41,True,,27.174,18.848,2.364,24.81,42.494,-1.682,1,rolling_estimate,7,True,,0.8351,27.043,85.1788,0.5363,1.2889,-0.1065,2,True,,0.03073158165893869,low_confidence: CHIRPS เป็นค่า rolling estimate (สัปดาห์ปฏิทินยังไม่มีข้อมูลจริงเลย ใช้ค่า ประมาณจาก 7 วันล่าสุดที่มีข้อมูลจริงแทน); CHIRPS ของสัปดาห์นี้ยังไม่ครบ 7 วัน (as_of ไม่ใช่วันอาทิตย์); ERA5T มีข้อมูลแค่ 2/7 วันของสัปดาห์,0.0,,sar_live,ok
2026-09-07T08:54:12.986699+00:00,2026-09-07,2026,37,zone_B,2.41,2.41,2.41,True,,27.174,21.739,2.364,24.81,42.494,-1.682,1,rolling_estimate,7,True,,0.8351,27.043,85.1788,0.5363,1.2889,-0.1065,2,True,,0.03073158165893869,low_confidence: CHIRPS เป็นค่า rolling estimate (สัปดาห์ปฏิทินยังไม่มีข้อมูลจริงเลย ใช้ค่า ประมาณจาก 7 วันล่าสุดที่มีข้อมูลจริงแทน); CHIRPS ของสัปดาห์นี้ยังไม่ครบ 7 วัน (as_of ไม่ใช่วันอาทิตย์); ERA5T มีข้อมูลแค่ 2/7 วันของสัปดาห์,,0.0,sar_live,ok
2026-09-07T15:31:42.342615+00:00,2026-09-07,2026,37,zone_A,2.41,2.41,2.41,True,,27.174,18.848,2.364,24.81,42.494,-1.682,1,rolling_estimate,7,True,,1.1392,26.7564,84.6648,0.5429,1.1395,-0.0914,3,True,,0.041922425848237285,low_confidence: CHIRPS เป็นค่า rolling estimate (สัปดาห์ปฏิทินยังไม่มีข้อมูลจริงเลย ใช้ค่า ประมาณจาก 7 วันล่าสุดที่มีข้อมูลจริงแทน); CHIRPS ของสัปดาห์นี้ยังไม่ครบ 7 วัน (as_of ไม่ใช่วันอาทิตย์); ERA5T มีข้อมูลแค่ 3/7 วันของสัปดาห์,0.0,,sar_live,ok
2026-09-07T15:31:42.343165+00:00,2026-09-07,2026,37,zone_B,2.41,2.41,2.41,True,,27.174,21.739,2.364,24.81,42.494,-1.682,1,rolling_estimate,7,True,,1.1392,26.7564,84.6648,0.5429,1.1395,-0.0914,3,True,,0.041922425848237285,low_confidence: CHIRPS เป็นค่า rolling estimate (สัปดาห์ปฏิทินยังไม่มีข้อมูลจริงเลย ใช้ค่า ประมาณจาก 7 วันล่าสุดที่มีข้อมูลจริงแทน); CHIRPS ของสัปดาห์นี้ยังไม่ครบ 7 วัน (as_of ไม่ใช่วันอาทิตย์); ERA5T มีข้อมูลแค่ 3/7 วันของสัปดาห์,,0.0,sar_live,ok
2026-09-07T15:41:35.130965+00:00,2026-09-07,2026,37,zone_A,2.41,2.41,2.41,True,,27.174,18.848,2.364,24.81,42.494,-1.682,1,rolling_estimate,7,True,,1.1392,26.7564,84.6648,0.5429,1.1395,-0.0914,3,True,,0.041922425848237285,low_confidence: CHIRPS เป็นค่า rolling estimate (สัปดาห์ปฏิทินยังไม่มีข้อมูลจริงเลย ใช้ค่า ประมาณจาก 7 วันล่าสุดที่มีข้อมูลจริงแทน); CHIRPS ของสัปดาห์นี้ยังไม่ครบ 7 วัน (as_of ไม่ใช่วันอาทิตย์); ERA5T มีข้อมูลแค่ 3/7 วันของสัปดาห์,0.0,,sar_live,ok
2026-09-07T15:41:35.131900+00:00,2026-09-07,2026,37,zone_B,2.41,2.41,2.41,True,,27.174,21.739,2.364,24.81,42.494,-1.682,1,rolling_estimate,7,True,,1.1392,26.7564,84.6648,0.5429,1.1395,-0.0914,3,True,,0.041922425848237285,low_confidence: CHIRPS เป็นค่า rolling estimate (สัปดาห์ปฏิทินยังไม่มีข้อมูลจริงเลย ใช้ค่า ประมาณจาก 7 วันล่าสุดที่มีข้อมูลจริงแทน); CHIRPS ของสัปดาห์นี้ยังไม่ครบ 7 วัน (as_of ไม่ใช่วันอาทิตย์); ERA5T มีข้อมูลแค่ 3/7 วันของสัปดาห์,,0.0,sar_live,ok
2026-09-09T03:19:33.650144+00:00,2026-09-09,2026,37,zone_A,2.41,2.41,2.41,True,,58.884,45.801,45.108,24.81,42.494,-1.358,1,rolling_estimate,7,True,,0.6216,26.8605,82.8842,0.6067,0.8186,-0.0734,2,True,,0.010556348074179744,low_confidence: CHIRPS เป็นค่า rolling estimate (สัปดาห์ปฏิทินยังไม่มีข้อมูลจริงเลย ใช้ค่า ประมาณจาก 7 วันล่าสุดที่มีข้อมูลจริงแทน); CHIRPS ของสัปดาห์นี้ยังไม่ครบ 7 วัน (as_of ไม่ใช่วันอาทิตย์); ERA5T มีข้อมูลแค่ 2/7 วันของสัปดาห์,0.0,,sar_live,ok
2026-09-09T03:19:33.656691+00:00,2026-09-09,2026,37,zone_B,2.41,2.41,2.41,True,,58.884,47.107,45.108,24.81,42.494,-1.358,1,rolling_estimate,7,True,,0.6216,26.8605,82.8842,0.6067,0.8186,-0.0734,2,True,,0.010556348074179744,low_confidence: CHIRPS เป็นค่า rolling estimate (สัปดาห์ปฏิทินยังไม่มีข้อมูลจริงเลย ใช้ค่า ประมาณจาก 7 วันล่าสุดที่มีข้อมูลจริงแทน); CHIRPS ของสัปดาห์นี้ยังไม่ครบ 7 วัน (as_of ไม่ใช่วันอาทิตย์); ERA5T มีข้อมูลแค่ 2/7 วันของสัปดาห์,,0.0,sar_live,ok
2026-09-09T03:56:35.516428+00:00,2026-09-09,2026,37,zone_A,2.41,2.41,2.41,True,,58.884,45.801,45.108,24.81,42.494,-1.358,1,rolling_estimate,7,True,,0.6216,26.8605,82.8842,0.6067,0.8186,-0.0734,2,True,,0.010556348074179744,low_confidence: CHIRPS เป็นค่า rolling estimate (สัปดาห์ปฏิทินยังไม่มีข้อมูลจริงเลย ใช้ค่า ประมาณจาก 7 วันล่าสุดที่มีข้อมูลจริงแทน); CHIRPS ของสัปดาห์นี้ยังไม่ครบ 7 วัน (as_of ไม่ใช่วันอาทิตย์); ERA5T มีข้อมูลแค่ 2/7 วันของสัปดาห์,0.0,,sar_live,ok
2026-09-09T03:56:35.517094+00:00,2026-09-09,2026,37,zone_B,2.41,2.41,2.41,True,,58.884,47.107,45.108,24.81,42.494,-1.358,1,rolling_estimate,7,True,,0.6216,26.8605,82.8842,0.6067,0.8186,-0.0734,2,True,,0.010556348074179744,low_confidence: CHIRPS เป็นค่า rolling estimate (สัปดาห์ปฏิทินยังไม่มีข้อมูลจริงเลย ใช้ค่า ประมาณจาก 7 วันล่าสุดที่มีข้อมูลจริงแทน); CHIRPS ของสัปดาห์นี้ยังไม่ครบ 7 วัน (as_of ไม่ใช่วันอาทิตย์); ERA5T มีข้อมูลแค่ 2/7 วันของสัปดาห์,,0.0,sar_live,ok
2026-09-09T05:45:30.663402+00:00,2026-09-09,2026,37,zone_A,2.41,2.41,2.41,True,,58.884,45.801,45.108,24.81,42.494,-1.358,1,rolling_estimate,7,True,,0.6216,26.8605,82.8842,0.6067,0.8186,-0.0734,2,True,,0.010556348074179744,low_confidence: CHIRPS เป็นค่า rolling estimate (สัปดาห์ปฏิทินยังไม่มีข้อมูลจริงเลย ใช้ค่า ประมาณจาก 7 วันล่าสุดที่มีข้อมูลจริงแทน); CHIRPS ของสัปดาห์นี้ยังไม่ครบ 7 วัน (as_of ไม่ใช่วันอาทิตย์); ERA5T มีข้อมูลแค่ 2/7 วันของสัปดาห์,0.0,,sar_live,ok
2026-09-09T05:45:30.664074+00:00,2026-09-09,2026,37,zone_B,2.41,2.41,2.41,True,,58.884,47.107,45.108,24.81,42.494,-1.358,1,rolling_estimate,7,True,,0.6216,26.8605,82.8842,0.6067,0.8186,-0.0734,2,True,,0.010556348074179744,low_confidence: CHIRPS เป็นค่า rolling estimate (สัปดาห์ปฏิทินยังไม่มีข้อมูลจริงเลย ใช้ค่า ประมาณจาก 7 วันล่าสุดที่มีข้อมูลจริงแทน); CHIRPS ของสัปดาห์นี้ยังไม่ครบ 7 วัน (as_of ไม่ใช่วันอาทิตย์); ERA5T มีข้อมูลแค่ 2/7 วันของสัปดาห์,,0.0,sar_live,ok
2026-09-10T02:15:09.361630+00:00,2026-09-10,2026,37,zone_A,2.54,2.54,2.41,False,,58.884,45.801,45.108,24.81,42.494,-1.358,1,rolling_estimate,7,True,,0.778,26.8785,82.6408,0.6156,1.0321,-0.0847,2,True,,0.013212417634671557,low_confidence: CHIRPS เป็นค่า rolling estimate (สัปดาห์ปฏิทินยังไม่มีข้อมูลจริงเลย ใช้ค่า ประมาณจาก 7 วันล่าสุดที่มีข้อมูลจริงแทน); CHIRPS ของสัปดาห์นี้ยังไม่ครบ 7 วัน (as_of ไม่ใช่วันอาทิตย์); ERA5T มีข้อมูลแค่ 2/7 วันของสัปดาห์,0.0,,sar_live,ok
2026-09-10T02:15:09.362729+00:00,2026-09-10,2026,37,zone_B,2.54,2.54,2.41,False,,58.884,47.107,45.108,24.81,42.494,-1.358,1,rolling_estimate,7,True,,0.778,26.8785,82.6408,0.6156,1.0321,-0.0847,2,True,,0.013212417634671557,low_confidence: CHIRPS เป็นค่า rolling estimate (สัปดาห์ปฏิทินยังไม่มีข้อมูลจริงเลย ใช้ค่า ประมาณจาก 7 วันล่าสุดที่มีข้อมูลจริงแทน); CHIRPS ของสัปดาห์นี้ยังไม่ครบ 7 วัน (as_of ไม่ใช่วันอาทิตย์); ERA5T มีข้อมูลแค่ 2/7 วันของสัปดาห์,,0.0,sar_live,ok
2026-09-10T02:30:26.336369+00:00,2026-09-10,2026,37,zone_A,2.54,2.54,2.41,False,,58.884,45.801,45.108,24.81,42.494,-1.358,1,rolling_estimate,7,True,,0.778,26.8785,82.6408,0.6156,1.0321,-0.0847,2,True,,0.013212417634671557,low_confidence: CHIRPS เป็นค่า rolling estimate (สัปดาห์ปฏิทินยังไม่มีข้อมูลจริงเลย ใช้ค่า ประมาณจาก 7 วันล่าสุดที่มีข้อมูลจริงแทน); CHIRPS ของสัปดาห์นี้ยังไม่ครบ 7 วัน (as_of ไม่ใช่วันอาทิตย์); ERA5T มีข้อมูลแค่ 2/7 วันของสัปดาห์,0.0,,sar_live,ok
2026-09-10T02:30:26.344097+00:00,2026-09-10,2026,37,zone_B,2.54,2.54,2.41,False,,58.884,47.107,45.108,24.81,42.494,-1.358,1,rolling_estimate,7,True,,0.778,26.8785,82.6408,0.6156,1.0321,-0.0847,2,True,,0.013212417634671557,low_confidence: CHIRPS เป็นค่า rolling estimate (สัปดาห์ปฏิทินยังไม่มีข้อมูลจริงเลย ใช้ค่า ประมาณจาก 7 วันล่าสุดที่มีข้อมูลจริงแทน); CHIRPS ของสัปดาห์นี้ยังไม่ครบ 7 วัน (as_of ไม่ใช่วันอาทิตย์); ERA5T มีข้อมูลแค่ 2/7 วันของสัปดาห์,,0.0,sar_live,ok
2026-09-10T05:38:03.775290+00:00,2026-09-10,2026,37,zone_A,2.54,2.54,2.41,False,,58.884,45.801,45.108,24.81,42.494,-1.358,1,rolling_estimate,7,True,,0.778,26.8785,82.6408,0.6156,1.0321,-0.0847,2,True,,0.013212417634671557,low_confidence: CHIRPS เป็นค่า rolling estimate (สัปดาห์ปฏิทินยังไม่มีข้อมูลจริงเลย ใช้ค่า ประมาณจาก 7 วันล่าสุดที่มีข้อมูลจริงแทน); CHIRPS ของสัปดาห์นี้ยังไม่ครบ 7 วัน (as_of ไม่ใช่วันอาทิตย์); ERA5T มีข้อมูลแค่ 2/7 วันของสัปดาห์,0.0,,sar_live,ok
2026-09-10T05:38:03.775770+00:00,2026-09-10,2026,37,zone_B,2.54,2.54,2.41,False,,58.884,47.107,45.108,24.81,42.494,-1.358,1,rolling_estimate,7,True,,0.778,26.8785,82.6408,0.6156,1.0321,-0.0847,2,True,,0.013212417634671557,low_confidence: CHIRPS เป็นค่า rolling estimate (สัปดาห์ปฏิทินยังไม่มีข้อมูลจริงเลย ใช้ค่า ประมาณจาก 7 วันล่าสุดที่มีข้อมูลจริงแทน); CHIRPS ของสัปดาห์นี้ยังไม่ครบ 7 วัน (as_of ไม่ใช่วันอาทิตย์); ERA5T มีข้อมูลแค่ 2/7 วันของสัปดาห์,,0.0,sar_live,ok
2026-09-11T03:20:20.202741+00:00,2026-09-11,2026,37,zone_A,2.54,2.54,2.41,False,,58.884,45.801,45.108,24.81,42.494,-1.358,1,rolling_estimate,7,True,,0.6401,26.8145,82.4554,0.6199,0.8703,-0.0962,2,True,,0.010870525100196997,low_confidence: CHIRPS เป็นค่า rolling estimate (สัปดาห์ปฏิทินยังไม่มีข้อมูลจริงเลย ใช้ค่า ประมาณจาก 7 วันล่าสุดที่มีข้อมูลจริงแทน); CHIRPS ของสัปดาห์นี้ยังไม่ครบ 7 วัน (as_of ไม่ใช่วันอาทิตย์); ERA5T มีข้อมูลแค่ 2/7 วันของสัปดาห์,0.0,,sar_live,ok
2026-09-11T03:20:20.206906+00:00,2026-09-11,2026,37,zone_B,2.54,2.54,2.41,False,,58.884,47.107,45.108,24.81,42.494,-1.358,1,rolling_estimate,7,True,,0.6401,26.8145,82.4554,0.6199,0.8703,-0.0962,2,True,,0.010870525100196997,low_confidence: CHIRPS เป็นค่า rolling estimate (สัปดาห์ปฏิทินยังไม่มีข้อมูลจริงเลย ใช้ค่า ประมาณจาก 7 วันล่าสุดที่มีข้อมูลจริงแทน); CHIRPS ของสัปดาห์นี้ยังไม่ครบ 7 วัน (as_of ไม่ใช่วันอาทิตย์); ERA5T มีข้อมูลแค่ 2/7 วันของสัปดาห์,,0.0,sar_live,ok
2026-09-11T05:39:18.883283+00:00,2026-09-11,2026,37,zone_A,2.54,2.54,2.41,False,,58.884,45.801,45.108,24.81,42.494,-1.358,1,rolling_estimate,7,True,,0.6401,26.8145,82.4554,0.6199,0.8703,-0.0962,2,True,,0.010870525100196997,low_confidence: CHIRPS เป็นค่า rolling estimate (สัปดาห์ปฏิทินยังไม่มีข้อมูลจริงเลย ใช้ค่า ประมาณจาก 7 วันล่าสุดที่มีข้อมูลจริงแทน); CHIRPS ของสัปดาห์นี้ยังไม่ครบ 7 วัน (as_of ไม่ใช่วันอาทิตย์); ERA5T มีข้อมูลแค่ 2/7 วันของสัปดาห์,0.0,,sar_live,ok
2026-09-12T01:47:00.503251+00:00,2026-09-12,2026,37,zone_A,2.54,2.54,2.41,False,,58.884,45.801,45.108,24.81,42.494,-1.358,1,rolling_estimate,7,True,,0.8512,28.1149,78.8155,0.8113,0.8476,-0.1124,2,True,,0.014455539705183072,low_confidence: CHIRPS เป็นค่า rolling estimate (สัปดาห์ปฏิทินยังไม่มีข้อมูลจริงเลย ใช้ค่า ประมาณจาก 7 วันล่าสุดที่มีข้อมูลจริงแทน); CHIRPS ของสัปดาห์นี้ยังไม่ครบ 7 วัน (as_of ไม่ใช่วันอาทิตย์); ERA5T มีข้อมูลแค่ 2/7 วันของสัปดาห์,0.0,,sar_live,ok
2026-09-12T01:47:00.508814+00:00,2026-09-12,2026,37,zone_B,2.54,2.54,2.41,False,,58.884,47.107,45.108,24.81,42.494,-1.358,1,rolling_estimate,7,True,,0.8512,28.1149,78.8155,0.8113,0.8476,-0.1124,2,True,,0.014455539705183072,low_confidence: CHIRPS เป็นค่า rolling estimate (สัปดาห์ปฏิทินยังไม่มีข้อมูลจริงเลย ใช้ค่า ประมาณจาก 7 วันล่าสุดที่มีข้อมูลจริงแทน); CHIRPS ของสัปดาห์นี้ยังไม่ครบ 7 วัน (as_of ไม่ใช่วันอาทิตย์); ERA5T มีข้อมูลแค่ 2/7 วันของสัปดาห์,,0.0,sar_live,ok
2026-09-11T05:39:18.883875+00:00,2026-09-11,2026,37,zone_B,2.54,2.54,2.41,False,,58.884,47.107,45.108,24.81,42.494,-1.358,1,rolling_estimate,7,True,,0.6401,26.8145,82.4554,0.6199,0.8703,-0.0962,2,True,,0.010870525100196997,low_confidence: CHIRPS เป็นค่า rolling estimate (สัปดาห์ปฏิทินยังไม่มีข้อมูลจริงเลย ใช้ค่า ประมาณจาก 7 วันล่าสุดที่มีข้อมูลจริงแทน); CHIRPS ของสัปดาห์นี้ยังไม่ครบ 7 วัน (as_of ไม่ใช่วันอาทิตย์); ERA5T มีข้อมูลแค่ 2/7 วันของสัปดาห์,,0.0,sar_live,ok
2026-09-12T02:25:40.275971+00:00,2026-09-12,2026,37,zone_A,2.54,2.54,2.41,False,,58.884,45.801,45.108,24.81,42.494,-1.358,1,rolling_estimate,7,True,,0.8512,28.1149,78.8155,0.8113,0.8476,-0.1124,2,True,,0.014455539705183072,low_confidence: CHIRPS เป็นค่า rolling estimate (สัปดาห์ปฏิทินยังไม่มีข้อมูลจริงเลย ใช้ค่า ประมาณจาก 7 วันล่าสุดที่มีข้อมูลจริงแทน); CHIRPS ของสัปดาห์นี้ยังไม่ครบ 7 วัน (as_of ไม่ใช่วันอาทิตย์); ERA5T มีข้อมูลแค่ 2/7 วันของสัปดาห์,0.0,,sar_live,ok
2026-09-12T02:25:40.282307+00:00,2026-09-12,2026,37,zone_B,2.54,2.54,2.41,False,,58.884,47.107,45.108,24.81,42.494,-1.358,1,rolling_estimate,7,True,,0.8512,28.1149,78.8155,0.8113,0.8476,-0.1124,2,True,,0.014455539705183072,low_confidence: CHIRPS เป็นค่า rolling estimate (สัปดาห์ปฏิทินยังไม่มีข้อมูลจริงเลย ใช้ค่า ประมาณจาก 7 วันล่าสุดที่มีข้อมูลจริงแทน); CHIRPS ของสัปดาห์นี้ยังไม่ครบ 7 วัน (as_of ไม่ใช่วันอาทิตย์); ERA5T มีข้อมูลแค่ 2/7 วันของสัปดาห์,,0.0,sar_live,ok
2026-09-13T01:50:30.432367+00:00,2026-09-13,2026,37,zone_A,2.54,2.54,2.41,False,,46.214,35.032,50.878,24.81,42.494,-1.401,1,prelim_ftp,4,False,,0.452,27.7002,81.3231,0.6937,1.0688,-0.071,1,False,,0.009780585969619596,"low_confidence: CHIRPS เป็นข้อมูล prelim_ftp (ตรงจาก CHC FTP, ยังไม่ใช่ final); ERA5T มีข้อมูลแค่ 1/7 วันของสัปดาห์",0.0,,sar_live,ok
2026-09-13T01:50:30.443079+00:00,2026-09-13,2026,37,zone_B,2.54,2.54,2.41,False,,46.214,36.971,50.878,24.81,42.494,-1.401,1,prelim_ftp,4,False,,0.452,27.7002,81.3231,0.6937,1.0688,-0.071,1,False,,0.009780585969619596,"low_confidence: CHIRPS เป็นข้อมูล prelim_ftp (ตรงจาก CHC FTP, ยังไม่ใช่ final); ERA5T มีข้อมูลแค่ 1/7 วันของสัปดาห์",,0.0,sar_live,ok
2026-09-13T01:51:22.671708+00:00,2026-08-30,2026,35,zone_B,,,,,backfill row -- ไม่ได้ re-fetch MEI (ดู docstring ฟังก์ชันนี้),24.81,19.848,35.52,42.494,62.39,-0.439,0,prelim_ftp,7,False,,3.7958,26.9847,83.4548,0.6011,1.4269,-0.0625,7,False,,0.15299476017734784,backfilled 2026-07-18 (ดึงย้อนหลังหลังข้อมูล final ออกแล้ว),,0.0,sar_live,"ok (auto-backfill 2026-09-13 -- _backfill_incomplete_climate_weeks, area_source=sar_result_2026_2026-08-21.json)"
2026-09-13T01:51:55.720639+00:00,2026-08-30,2026,35,zone_A,,,,,backfill row -- ไม่ได้ re-fetch MEI (ดู docstring ฟังก์ชันนี้),24.81,16.838,35.52,42.494,62.39,-0.439,0,prelim_ftp,7,False,,3.7958,26.9847,83.4548,0.6011,1.4269,-0.0625,7,False,,0.15299476017734784,backfilled 2026-07-18 (ดึงย้อนหลังหลังข้อมูล final ออกแล้ว),0.0,,sar_live,"ok (auto-backfill 2026-09-13 -- _backfill_incomplete_climate_weeks, area_source=sar_result_2026_2026-08-21.json)"
2026-09-13T02:03:40.286271+00:00,2026-09-13,2026,37,zone_A,2.54,2.54,2.41,False,,46.214,35.032,50.878,24.81,42.494,-1.401,1,prelim_ftp,4,False,,0.452,27.7002,81.3231,0.6937,1.0688,-0.071,1,False,,0.009780585969619596,"low_confidence: CHIRPS เป็นข้อมูล prelim_ftp (ตรงจาก CHC FTP, ยังไม่ใช่ final); ERA5T มีข้อมูลแค่ 1/7 วันของสัปดาห์",0.0,,sar_live,ok
2026-09-13T02:03:40.290051+00:00,2026-09-13,2026,37,zone_B,2.54,2.54,2.41,False,,46.214,36.971,50.878,24.81,42.494,-1.401,1,prelim_ftp,4,False,,0.452,27.7002,81.3231,0.6937,1.0688,-0.071,1,False,,0.009780585969619596,"low_confidence: CHIRPS เป็นข้อมูล prelim_ftp (ตรงจาก CHC FTP, ยังไม่ใช่ final); ERA5T มีข้อมูลแค่ 1/7 วันของสัปดาห์",,0.0,sar_live,ok
2026-09-14T02:09:47.357243+00:00,2026-09-14,2026,38,zone_A,2.54,2.54,2.41,False,,68.976,54.379,46.214,50.878,35.52,-0.994,0,rolling_estimate,7,True,,0.8439,27.3345,82.3529,0.6426,1.0701,-0.0769,2,True,,0.012234690327070285,low_confidence: CHIRPS เป็นค่า rolling estimate (สัปดาห์ปฏิทินยังไม่มีข้อมูลจริงเลย ใช้ค่า ประมาณจาก 7 วันล่าสุดที่มีข้อมูลจริงแทน); CHIRPS ของสัปดาห์นี้ยังไม่ครบ 7 วัน (as_of ไม่ใช่วันอาทิตย์); ERA5T มีข้อมูลแค่ 2/7 วันของสัปดาห์,0.0,,sar_live,ok
2026-09-14T02:09:47.364129+00:00,2026-09-14,2026,38,zone_B,2.54,2.54,2.41,False,,68.976,55.181,46.214,50.878,35.52,-0.994,0,rolling_estimate,7,True,,0.8439,27.3345,82.3529,0.6426,1.0701,-0.0769,2,True,,0.012234690327070285,low_confidence: CHIRPS เป็นค่า rolling estimate (สัปดาห์ปฏิทินยังไม่มีข้อมูลจริงเลย ใช้ค่า ประมาณจาก 7 วันล่าสุดที่มีข้อมูลจริงแทน); CHIRPS ของสัปดาห์นี้ยังไม่ครบ 7 วัน (as_of ไม่ใช่วันอาทิตย์); ERA5T มีข้อมูลแค่ 2/7 วันของสัปดาห์,,0.0,sar_live,ok
2026-09-14T02:38:14.409659+00:00,2026-09-14,2026,38,zone_A,2.54,2.54,2.41,False,,68.976,54.379,46.214,50.878,35.52,-0.994,0,rolling_estimate,7,True,,0.8439,27.3345,82.3529,0.6426,1.0701,-0.0769,2,True,,0.012234690327070285,low_confidence: CHIRPS เป็นค่า rolling estimate (สัปดาห์ปฏิทินยังไม่มีข้อมูลจริงเลย ใช้ค่า ประมาณจาก 7 วันล่าสุดที่มีข้อมูลจริงแทน); CHIRPS ของสัปดาห์นี้ยังไม่ครบ 7 วัน (as_of ไม่ใช่วันอาทิตย์); ERA5T มีข้อมูลแค่ 2/7 วันของสัปดาห์,0.0,,sar_live,ok
2026-09-14T02:38:14.415309+00:00,2026-09-14,2026,38,zone_B,2.54,2.54,2.41,False,,68.976,55.181,46.214,50.878,35.52,-0.994,0,rolling_estimate,7,True,,0.8439,27.3345,82.3529,0.6426,1.0701,-0.0769,2,True,,0.012234690327070285,low_confidence: CHIRPS เป็นค่า rolling estimate (สัปดาห์ปฏิทินยังไม่มีข้อมูลจริงเลย ใช้ค่า ประมาณจาก 7 วันล่าสุดที่มีข้อมูลจริงแทน); CHIRPS ของสัปดาห์นี้ยังไม่ครบ 7 วัน (as_of ไม่ใช่วันอาทิตย์); ERA5T มีข้อมูลแค่ 2/7 วันของสัปดาห์,,0.0,sar_live,ok
2026-09-15T02:07:11.904057+00:00,2026-09-15,2026,38,zone_A,2.54,2.54,2.41,False,,68.976,54.379,46.214,50.878,35.52,-0.994,0,rolling_estimate,7,True,,0.526,26.5698,86.3541,0.4769,0.8481,-0.0832,2,True,,0.007625840872187428,low_confidence: CHIRPS เป็นค่า rolling estimate (สัปดาห์ปฏิทินยังไม่มีข้อมูลจริงเลย ใช้ค่า ประมาณจาก 7 วันล่าสุดที่มีข้อมูลจริงแทน); CHIRPS ของสัปดาห์นี้ยังไม่ครบ 7 วัน (as_of ไม่ใช่วันอาทิตย์); ERA5T มีข้อมูลแค่ 2/7 วันของสัปดาห์,0.0,,sar_live,ok
2026-09-15T02:07:11.909638+00:00,2026-09-15,2026,38,zone_B,2.54,2.54,2.41,False,,68.976,55.181,46.214,50.878,35.52,-0.994,0,rolling_estimate,7,True,,0.526,26.5698,86.3541,0.4769,0.8481,-0.0832,2,True,,0.007625840872187428,low_confidence: CHIRPS เป็นค่า rolling estimate (สัปดาห์ปฏิทินยังไม่มีข้อมูลจริงเลย ใช้ค่า ประมาณจาก 7 วันล่าสุดที่มีข้อมูลจริงแทน); CHIRPS ของสัปดาห์นี้ยังไม่ครบ 7 วัน (as_of ไม่ใช่วันอาทิตย์); ERA5T มีข้อมูลแค่ 2/7 วันของสัปดาห์,,0.0,sar_live,ok
2026-09-15T02:21:34.303156+00:00,2026-09-15,2026,38,zone_A,2.54,2.54,2.41,False,,68.976,54.379,46.214,50.878,35.52,-0.994,0,rolling_estimate,7,True,,0.526,26.5698,86.3541,0.4769,0.8481,-0.0832,2,True,,0.007625840872187428,low_confidence: CHIRPS เป็นค่า rolling estimate (สัปดาห์ปฏิทินยังไม่มีข้อมูลจริงเลย ใช้ค่า ประมาณจาก 7 วันล่าสุดที่มีข้อมูลจริงแทน); CHIRPS ของสัปดาห์นี้ยังไม่ครบ 7 วัน (as_of ไม่ใช่วันอาทิตย์); ERA5T มีข้อมูลแค่ 2/7 วันของสัปดาห์,0.0,,sar_live,ok
2026-09-15T02:21:34.310076+00:00,2026-09-15,2026,38,zone_B,2.54,2.54,2.41,False,,68.976,55.181,46.214,50.878,35.52,-0.994,0,rolling_estimate,7,True,,0.526,26.5698,86.3541,0.4769,0.8481,-0.0832,2,True,,0.007625840872187428,low_confidence: CHIRPS เป็นค่า rolling estimate (สัปดาห์ปฏิทินยังไม่มีข้อมูลจริงเลย ใช้ค่า ประมาณจาก 7 วันล่าสุดที่มีข้อมูลจริงแทน); CHIRPS ของสัปดาห์นี้ยังไม่ครบ 7 วัน (as_of ไม่ใช่วันอาทิตย์); ERA5T มีข้อมูลแค่ 2/7 วันของสัปดาห์,,0.0,sar_live,ok
2026-09-16T02:11:48.664565+00:00,2026-09-16,2026,38,zone_A,2.54,2.54,2.41,False,,68.976,54.379,46.214,50.878,35.52,-0.994,0,rolling_estimate,7,True,,0.2007,26.3446,87.1088,0.443,0.4528,-0.1043,2,True,,0.002909707724425887,low_confidence: CHIRPS เป็นค่า rolling estimate (สัปดาห์ปฏิทินยังไม่มีข้อมูลจริงเลย ใช้ค่า ประมาณจาก 7 วันล่าสุดที่มีข้อมูลจริงแทน); CHIRPS ของสัปดาห์นี้ยังไม่ครบ 7 วัน (as_of ไม่ใช่วันอาทิตย์); ERA5T มีข้อมูลแค่ 2/7 วันของสัปดาห์,0.0,,sar_live,ok
2026-09-16T02:11:48.669196+00:00,2026-09-16,2026,38,zone_B,2.54,2.54,2.41,False,,68.976,55.181,46.214,50.878,35.52,-0.994,0,rolling_estimate,7,True,,0.2007,26.3446,87.1088,0.443,0.4528,-0.1043,2,True,,0.002909707724425887,low_confidence: CHIRPS เป็นค่า rolling estimate (สัปดาห์ปฏิทินยังไม่มีข้อมูลจริงเลย ใช้ค่า ประมาณจาก 7 วันล่าสุดที่มีข้อมูลจริงแทน); CHIRPS ของสัปดาห์นี้ยังไม่ครบ 7 วัน (as_of ไม่ใช่วันอาทิตย์); ERA5T มีข้อมูลแค่ 2/7 วันของสัปดาห์,,0.0,sar_live,ok
2026-09-16T02:28:02.935827+00:00,2026-09-16,2026,38,zone_A,2.54,2.54,2.41,False,,68.976,54.379,46.214,50.878,35.52,-0.994,0,rolling_estimate,7,True,,0.2007,26.3446,87.1088,0.443,0.4528,-0.1043,2,True,,0.002909707724425887,low_confidence: CHIRPS เป็นค่า rolling estimate (สัปดาห์ปฏิทินยังไม่มีข้อมูลจริงเลย ใช้ค่า ประมาณจาก 7 วันล่าสุดที่มีข้อมูลจริงแทน); CHIRPS ของสัปดาห์นี้ยังไม่ครบ 7 วัน (as_of ไม่ใช่วันอาทิตย์); ERA5T มีข้อมูลแค่ 2/7 วันของสัปดาห์,0.0,,sar_live,ok
2026-09-16T02:28:02.938585+00:00,2026-09-16,2026,38,zone_B,2.54,2.54,2.41,False,,68.976,55.181,46.214,50.878,35.52,-0.994,0,rolling_estimate,7,True,,0.2007,26.3446,87.1088,0.443,0.4528,-0.1043,2,True,,0.002909707724425887,low_confidence: CHIRPS เป็นค่า rolling estimate (สัปดาห์ปฏิทินยังไม่มีข้อมูลจริงเลย ใช้ค่า ประมาณจาก 7 วันล่าสุดที่มีข้อมูลจริงแทน); CHIRPS ของสัปดาห์นี้ยังไม่ครบ 7 วัน (as_of ไม่ใช่วันอาทิตย์); ERA5T มีข้อมูลแค่ 2/7 วันของสัปดาห์,,0.0,sar_live,ok
2026-09-17T01:43:08.218051+00:00,2026-09-17,2026,38,zone_A,2.54,2.54,2.41,False,,68.976,54.379,46.214,50.878,35.52,-0.994,0,rolling_estimate,7,True,,0.2374,25.7601,85.7324,0.4745,0.4678,-0.1203,2,True,,0.0034417768499188125,low_confidence: CHIRPS เป็นค่า rolling estimate (สัปดาห์ปฏิทินยังไม่มีข้อมูลจริงเลย ใช้ค่า ประมาณจาก 7 วันล่าสุดที่มีข้อมูลจริงแทน); CHIRPS ของสัปดาห์นี้ยังไม่ครบ 7 วัน (as_of ไม่ใช่วันอาทิตย์); ERA5T มีข้อมูลแค่ 2/7 วันของสัปดาห์,0.0,,sar_live,ok
2026-09-17T01:43:08.225081+00:00,2026-09-17,2026,38,zone_B,2.54,2.54,2.41,False,,68.976,55.181,46.214,50.878,35.52,-0.994,0,rolling_estimate,7,True,,0.2374,25.7601,85.7324,0.4745,0.4678,-0.1203,2,True,,0.0034417768499188125,low_confidence: CHIRPS เป็นค่า rolling estimate (สัปดาห์ปฏิทินยังไม่มีข้อมูลจริงเลย ใช้ค่า ประมาณจาก 7 วันล่าสุดที่มีข้อมูลจริงแทน); CHIRPS ของสัปดาห์นี้ยังไม่ครบ 7 วัน (as_of ไม่ใช่วันอาทิตย์); ERA5T มีข้อมูลแค่ 2/7 วันของสัปดาห์,,0.0,sar_live,ok
2026-09-17T02:11:15.705152+00:00,2026-09-17,2026,38,zone_A,2.54,2.54,2.41,False,,68.976,54.379,46.214,50.878,35.52,-0.994,0,rolling_estimate,7,True,,0.2374,25.7601,85.7324,0.4745,0.4678,-0.1203,2,True,,0.0034417768499188125,low_confidence: CHIRPS เป็นค่า rolling estimate (สัปดาห์ปฏิทินยังไม่มีข้อมูลจริงเลย ใช้ค่า ประมาณจาก 7 วันล่าสุดที่มีข้อมูลจริงแทน); CHIRPS ของสัปดาห์นี้ยังไม่ครบ 7 วัน (as_of ไม่ใช่วันอาทิตย์); ERA5T มีข้อมูลแค่ 2/7 วันของสัปดาห์,0.0,,sar_live,ok
2026-09-17T02:11:15.712766+00:00,2026-09-17,2026,38,zone_B,2.54,2.54,2.41,False,,68.976,55.181,46.214,50.878,35.52,-0.994,0,rolling_estimate,7,True,,0.2374,25.7601,85.7324,0.4745,0.4678,-0.1203,2,True,,0.0034417768499188125,low_confidence: CHIRPS เป็นค่า rolling estimate (สัปดาห์ปฏิทินยังไม่มีข้อมูลจริงเลย ใช้ค่า ประมาณจาก 7 วันล่าสุดที่มีข้อมูลจริงแทน); CHIRPS ของสัปดาห์นี้ยังไม่ครบ 7 วัน (as_of ไม่ใช่วันอาทิตย์); ERA5T มีข้อมูลแค่ 2/7 วันของสัปดาห์,,0.0,sar_live,ok
2026-09-17T03:22:02.055306+00:00,2026-09-17,2026,38,zone_A,2.54,2.54,2.41,False,,68.976,54.379,46.214,50.878,35.52,-0.994,0,rolling_estimate,7,True,,0.2374,25.7601,85.7324,0.4745,0.4678,-0.1203,2,True,,0.0034417768499188125,low_confidence: CHIRPS เป็นค่า rolling estimate (สัปดาห์ปฏิทินยังไม่มีข้อมูลจริงเลย ใช้ค่า ประมาณจาก 7 วันล่าสุดที่มีข้อมูลจริงแทน); CHIRPS ของสัปดาห์นี้ยังไม่ครบ 7 วัน (as_of ไม่ใช่วันอาทิตย์); ERA5T มีข้อมูลแค่ 2/7 วันของสัปดาห์,0.0,,sar_live,ok
2026-09-17T03:22:02.055940+00:00,2026-09-17,2026,38,zone_B,2.54,2.54,2.41,False,,68.976,55.181,46.214,50.878,35.52,-0.994,0,rolling_estimate,7,True,,0.2374,25.7601,85.7324,0.4745,0.4678,-0.1203,2,True,,0.0034417768499188125,low_confidence: CHIRPS เป็นค่า rolling estimate (สัปดาห์ปฏิทินยังไม่มีข้อมูลจริงเลย ใช้ค่า ประมาณจาก 7 วันล่าสุดที่มีข้อมูลจริงแทน); CHIRPS ของสัปดาห์นี้ยังไม่ครบ 7 วัน (as_of ไม่ใช่วันอาทิตย์); ERA5T มีข้อมูลแค่ 2/7 วันของสัปดาห์,,0.0,sar_live,ok
2026-09-18T02:13:42.369146+00:00,2026-09-18,2026,38,zone_A,2.54,2.54,2.41,False,,0.749,0.0,46.836,50.878,35.52,-1.393,1,prelim_ftp,2,False,,,,,,,,,False,subprocess ไป era5t_worker.py timeout หลังผ่านไป 600 วินาที (CDS queue อาจช้าผิดปกติ),,AI_week unavailable (ET0_mm_week ไม่พร้อมใช้ — ERA5T ของสัปดาห์นี้ยังไม่ครบ),,,sar_live,blocked (ET0_mm_week หรือ P_eff_mm ยังไม่พร้อมใช้ในสัปดาห์นี้ หรือไม่มีพื้นที่ crop ให้คำนวณ)
2026-09-18T02:13:42.369397+00:00,2026-09-18,2026,38,zone_B,2.54,2.54,2.41,False,,0.749,0.599,46.836,50.878,35.52,-1.393,1,prelim_ftp,2,False,,,,,,,,,False,subprocess ไป era5t_worker.py timeout หลังผ่านไป 600 วินาที (CDS queue อาจช้าผิดปกติ),,AI_week unavailable (ET0_mm_week ไม่พร้อมใช้ — ERA5T ของสัปดาห์นี้ยังไม่ครบ),,,sar_live,blocked (ET0_mm_week หรือ P_eff_mm ยังไม่พร้อมใช้ในสัปดาห์นี้ หรือไม่มีพื้นที่ crop ให้คำนวณ)
2026-09-18T02:25:22.241284+00:00,2026-09-18,2026,38,zone_A,2.54,2.54,2.41,False,,0.749,0.0,46.836,50.878,35.52,-1.393,1,prelim_ftp,2,False,,0.5879,25.5795,81.3511,0.6176,0.749,-0.1506,2,True,,0.784913217623498,"low_confidence: CHIRPS เป็นข้อมูล prelim_ftp (ตรงจาก CHC FTP, ยังไม่ใช่ final); CHIRPS ของสัปดาห์นี้ยังไม่ครบ 7 วัน (as_of ไม่ใช่วันอาทิตย์); ERA5T มีข้อมูลแค่ 2/7 วันของสัปดาห์",14895.81,,sar_live,ok
2026-09-18T02:25:22.244482+00:00,2026-09-18,2026,38,zone_B,2.54,2.54,2.41,False,,0.749,0.599,46.836,50.878,35.52,-1.393,1,prelim_ftp,2,False,,0.5879,25.5795,81.3511,0.6176,0.749,-0.1506,2,True,,0.784913217623498,"low_confidence: CHIRPS เป็นข้อมูล prelim_ftp (ตรงจาก CHC FTP, ยังไม่ใช่ final); CHIRPS ของสัปดาห์นี้ยังไม่ครบ 7 วัน (as_of ไม่ใช่วันอาทิตย์); ERA5T มีข้อมูลแค่ 2/7 วันของสัปดาห์",,411.42,sar_live,ok
2026-09-18T02:40:37.394017+00:00,2026-09-18,2026,38,zone_A,2.54,2.54,2.41,False,,0.749,0.0,46.836,50.878,35.52,-1.393,1,prelim_ftp,2,False,,0.5879,25.5795,81.3511,0.6176,0.749,-0.1506,2,True,,0.784913217623498,"low_confidence: CHIRPS เป็นข้อมูล prelim_ftp (ตรงจาก CHC FTP, ยังไม่ใช่ final); CHIRPS ของสัปดาห์นี้ยังไม่ครบ 7 วัน (as_of ไม่ใช่วันอาทิตย์); ERA5T มีข้อมูลแค่ 2/7 วันของสัปดาห์",14895.81,,sar_live,ok
2026-09-18T02:40:37.400866+00:00,2026-09-18,2026,38,zone_B,2.54,2.54,2.41,False,,0.749,0.599,46.836,50.878,35.52,-1.393,1,prelim_ftp,2,False,,0.5879,25.5795,81.3511,0.6176,0.749,-0.1506,2,True,,0.784913217623498,"low_confidence: CHIRPS เป็นข้อมูล prelim_ftp (ตรงจาก CHC FTP, ยังไม่ใช่ final); CHIRPS ของสัปดาห์นี้ยังไม่ครบ 7 วัน (as_of ไม่ใช่วันอาทิตย์); ERA5T มีข้อมูลแค่ 2/7 วันของสัปดาห์",,411.42,sar_live,ok
2026-09-18T02:42:43.406193+00:00,2026-09-18,2026,38,zone_A,2.54,2.54,2.41,False,,0.749,0.0,46.836,50.878,35.52,-1.393,1,prelim_ftp,2,False,,0.5879,25.5795,81.3511,0.6176,0.749,-0.1506,2,True,,0.784913217623498,"low_confidence: CHIRPS เป็นข้อมูล prelim_ftp (ตรงจาก CHC FTP, ยังไม่ใช่ final); CHIRPS ของสัปดาห์นี้ยังไม่ครบ 7 วัน (as_of ไม่ใช่วันอาทิตย์); ERA5T มีข้อมูลแค่ 2/7 วันของสัปดาห์",14895.81,,sar_live,ok
2026-09-18T02:42:43.406807+00:00,2026-09-18,2026,38,zone_B,2.54,2.54,2.41,False,,0.749,0.599,46.836,50.878,35.52,-1.393,1,prelim_ftp,2,False,,0.5879,25.5795,81.3511,0.6176,0.749,-0.1506,2,True,,0.784913217623498,"low_confidence: CHIRPS เป็นข้อมูล prelim_ftp (ตรงจาก CHC FTP, ยังไม่ใช่ final); CHIRPS ของสัปดาห์นี้ยังไม่ครบ 7 วัน (as_of ไม่ใช่วันอาทิตย์); ERA5T มีข้อมูลแค่ 2/7 วันของสัปดาห์",,411.42,sar_live,ok
2026-09-18T02:45:10.447743+00:00,2026-09-18,2026,38,zone_A,2.54,2.54,2.41,False,,0.749,0.0,46.836,50.878,35.52,-1.393,1,prelim_ftp,2,False,,0.5879,25.5795,81.3511,0.6176,0.749,-0.1506,2,True,,0.784913217623498,"low_confidence: CHIRPS เป็นข้อมูล prelim_ftp (ตรงจาก CHC FTP, ยังไม่ใช่ final); CHIRPS ของสัปดาห์นี้ยังไม่ครบ 7 วัน (as_of ไม่ใช่วันอาทิตย์); ERA5T มีข้อมูลแค่ 2/7 วันของสัปดาห์",14895.81,,sar_live,ok
2026-09-18T02:45:10.448286+00:00,2026-09-18,2026,38,zone_B,2.54,2.54,2.41,False,,0.749,0.599,46.836,50.878,35.52,-1.393,1,prelim_ftp,2,False,,0.5879,25.5795,81.3511,0.6176,0.749,-0.1506,2,True,,0.784913217623498,"low_confidence: CHIRPS เป็นข้อมูล prelim_ftp (ตรงจาก CHC FTP, ยังไม่ใช่ final); CHIRPS ของสัปดาห์นี้ยังไม่ครบ 7 วัน (as_of ไม่ใช่วันอาทิตย์); ERA5T มีข้อมูลแค่ 2/7 วันของสัปดาห์",,411.42,sar_live,ok
2026-09-18T02:55:09.283179+00:00,2026-09-18,2026,38,zone_A,2.54,2.54,2.41,False,,0.749,0.0,46.836,50.878,35.52,-1.393,1,prelim_ftp,2,False,,0.5879,25.5795,81.3511,0.6176,0.749,-0.1506,2,True,,0.784913217623498,"low_confidence: CHIRPS เป็นข้อมูล prelim_ftp (ตรงจาก CHC FTP, ยังไม่ใช่ final); CHIRPS ของสัปดาห์นี้ยังไม่ครบ 7 วัน (as_of ไม่ใช่วันอาทิตย์); ERA5T มีข้อมูลแค่ 2/7 วันของสัปดาห์",14895.81,,sar_live,ok
2026-09-18T02:55:09.283736+00:00,2026-09-18,2026,38,zone_B,2.54,2.54,2.41,False,,0.749,0.599,46.836,50.878,35.52,-1.393,1,prelim_ftp,2,False,,0.5879,25.5795,81.3511,0.6176,0.749,-0.1506,2,True,,0.784913217623498,"low_confidence: CHIRPS เป็นข้อมูล prelim_ftp (ตรงจาก CHC FTP, ยังไม่ใช่ final); CHIRPS ของสัปดาห์นี้ยังไม่ครบ 7 วัน (as_of ไม่ใช่วันอาทิตย์); ERA5T มีข้อมูลแค่ 2/7 วันของสัปดาห์",,411.42,sar_live,ok
2026-09-19T02:07:33.638486+00:00,2026-09-19,2026,38,zone_A,2.54,2.54,2.41,False,,0.749,0.0,46.836,50.878,35.52,-1.393,1,prelim_ftp,2,False,,1.0907,26.8706,75.2463,0.8779,1.0119,-0.1548,2,True,,1.4562082777036047,"low_confidence: CHIRPS เป็นข้อมูล prelim_ftp (ตรงจาก CHC FTP, ยังไม่ใช่ final); CHIRPS ของสัปดาห์นี้ยังไม่ครบ 7 วัน (as_of ไม่ใช่วันอาทิตย์); ERA5T มีข้อมูลแค่ 2/7 วันของสัปดาห์",27635.41,,sar_live,ok
2026-09-19T02:07:33.644758+00:00,2026-09-19,2026,38,zone_B,2.54,2.54,2.41,False,,0.749,0.599,46.836,50.878,35.52,-1.393,1,prelim_ftp,2,False,,1.0907,26.8706,75.2463,0.8779,1.0119,-0.1548,2,True,,1.4562082777036047,"low_confidence: CHIRPS เป็นข้อมูล prelim_ftp (ตรงจาก CHC FTP, ยังไม่ใช่ final); CHIRPS ของสัปดาห์นี้ยังไม่ครบ 7 วัน (as_of ไม่ใช่วันอาทิตย์); ERA5T มีข้อมูลแค่ 2/7 วันของสัปดาห์",,3208.97,sar_live,ok
2026-09-19T02:19:57.418058+00:00,2026-09-19,2026,38,zone_A,2.54,2.54,2.41,False,,0.749,0.0,46.836,50.878,35.52,-1.393,1,prelim_ftp,2,False,,1.0907,26.8706,75.2463,0.8779,1.0119,-0.1548,2,True,,1.4562082777036047,"low_confidence: CHIRPS เป็นข้อมูล prelim_ftp (ตรงจาก CHC FTP, ยังไม่ใช่ final); CHIRPS ของสัปดาห์นี้ยังไม่ครบ 7 วัน (as_of ไม่ใช่วันอาทิตย์); ERA5T มีข้อมูลแค่ 2/7 วันของสัปดาห์",27635.41,,sar_live,ok
2026-09-19T02:19:57.425739+00:00,2026-09-19,2026,38,zone_B,2.54,2.54,2.41,False,,0.749,0.599,46.836,50.878,35.52,-1.393,1,prelim_ftp,2,False,,1.0907,26.8706,75.2463,0.8779,1.0119,-0.1548,2,True,,1.4562082777036047,"low_confidence: CHIRPS เป็นข้อมูล prelim_ftp (ตรงจาก CHC FTP, ยังไม่ใช่ final); CHIRPS ของสัปดาห์นี้ยังไม่ครบ 7 วัน (as_of ไม่ใช่วันอาทิตย์); ERA5T มีข้อมูลแค่ 2/7 วันของสัปดาห์",,3208.97,sar_live,ok
2026-09-20T02:18:54.968607+00:00,2026-09-20,2026,38,zone_A,2.54,2.54,2.41,False,,0.749,0.0,46.836,50.878,35.52,-1.393,1,prelim_ftp,2,False,,1.0822,27.3417,68.0715,1.1614,1.5451,-0.1386,1,False,,1.4448598130841122,"low_confidence: CHIRPS เป็นข้อมูล prelim_ftp (ตรงจาก CHC FTP, ยังไม่ใช่ final); ERA5T มีข้อมูลแค่ 1/7 วันของสัปดาห์",27375.55,,sar_live,ok
2026-09-20T02:18:54.973383+00:00,2026-09-20,2026,38,zone_B,2.54,2.54,2.41,False,,0.749,0.599,46.836,50.878,35.52,-1.393,1,prelim_ftp,2,False,,1.0822,27.3417,68.0715,1.1614,1.5451,-0.1386,1,False,,1.4448598130841122,"low_confidence: CHIRPS เป็นข้อมูล prelim_ftp (ตรงจาก CHC FTP, ยังไม่ใช่ final); ERA5T มีข้อมูลแค่ 1/7 วันของสัปดาห์",,3125.4,sar_live,ok
2026-09-20T02:19:46.688023+00:00,2026-09-06,2026,36,zone_A,,,,,backfill row -- ไม่ได้ re-fetch MEI (ดู docstring ฟังก์ชันนี้),50.878,38.996,24.81,35.52,116.995,-1.133,1,prelim_ftp,7,False,,2.7685,27.1795,82.4153,0.6404,1.0254,-0.0955,7,False,,0.054414481701324735,backfilled 2026-07-18 (ดึงย้อนหลังหลังข้อมูล final ออกแล้ว),0.0,,sar_live,"ok (auto-backfill 2026-09-20 -- _backfill_incomplete_climate_weeks, area_source=sar_result_2026_2026-08-21.json)"
2026-09-20T02:19:59.147602+00:00,2026-09-06,2026,36,zone_B,,,,,backfill row -- ไม่ได้ re-fetch MEI (ดู docstring ฟังก์ชันนี้),50.878,40.702,24.81,35.52,116.995,-1.133,1,prelim_ftp,7,False,,2.7685,27.1795,82.4153,0.6404,1.0254,-0.0955,7,False,,0.054414481701324735,backfilled 2026-07-18 (ดึงย้อนหลังหลังข้อมูล final ออกแล้ว),,0.0,sar_live,"ok (auto-backfill 2026-09-20 -- _backfill_incomplete_climate_weeks, area_source=sar_result_2026_2026-08-21.json)"
2026-09-20T02:33:12.265444+00:00,2026-09-20,2026,38,zone_A,2.54,2.54,2.41,False,,0.749,0.0,46.836,50.878,35.52,-1.393,1,prelim_ftp,2,False,,1.0822,27.3417,68.0715,1.1614,1.5451,-0.1386,1,False,,1.4448598130841122,"low_confidence: CHIRPS เป็นข้อมูล prelim_ftp (ตรงจาก CHC FTP, ยังไม่ใช่ final); ERA5T มีข้อมูลแค่ 1/7 วันของสัปดาห์",27375.55,,sar_live,ok
2026-09-20T02:33:12.270964+00:00,2026-09-20,2026,38,zone_B,2.54,2.54,2.41,False,,0.749,0.599,46.836,50.878,35.52,-1.393,1,prelim_ftp,2,False,,1.0822,27.3417,68.0715,1.1614,1.5451,-0.1386,1,False,,1.4448598130841122,"low_confidence: CHIRPS เป็นข้อมูล prelim_ftp (ตรงจาก CHC FTP, ยังไม่ใช่ final); ERA5T มีข้อมูลแค่ 1/7 วันของสัปดาห์",,3125.4,sar_live,ok
2026-09-21T01:58:52.156988+00:00,2026-09-21,2026,39,zone_A,2.54,2.54,2.41,False,,39.628,29.433,0.749,46.836,24.81,-1.271,1,rolling_estimate,7,True,,1.4503,27.5136,73.9251,0.9559,1.1814,-0.1211,2,True,,0.03659786009891995,low_confidence: CHIRPS เป็นค่า rolling estimate (สัปดาห์ปฏิทินยังไม่มีข้อมูลจริงเลย ใช้ค่า ประมาณจาก 7 วันล่าสุดที่มีข้อมูลจริงแทน); CHIRPS ของสัปดาห์นี้ยังไม่ครบ 7 วัน (as_of ไม่ใช่วันอาทิตย์); ERA5T มีข้อมูลแค่ 2/7 วันของสัปดาห์,0.0,,sar_live,ok
2026-09-21T01:58:52.163767+00:00,2026-09-21,2026,39,zone_B,2.54,2.54,2.41,False,,39.628,31.702,0.749,46.836,24.81,-1.271,1,rolling_estimate,7,True,,1.4503,27.5136,73.9251,0.9559,1.1814,-0.1211,2,True,,0.03659786009891995,low_confidence: CHIRPS เป็นค่า rolling estimate (สัปดาห์ปฏิทินยังไม่มีข้อมูลจริงเลย ใช้ค่า ประมาณจาก 7 วันล่าสุดที่มีข้อมูลจริงแทน); CHIRPS ของสัปดาห์นี้ยังไม่ครบ 7 วัน (as_of ไม่ใช่วันอาทิตย์); ERA5T มีข้อมูลแค่ 2/7 วันของสัปดาห์,,0.0,sar_live,ok
2026-09-21T02:30:04.506494+00:00,2026-09-21,2026,39,zone_A,2.54,2.54,2.41,False,,39.628,29.433,0.749,46.836,24.81,-1.271,1,rolling_estimate,7,True,,1.4503,27.5136,73.9251,0.9559,1.1814,-0.1211,2,True,,0.03659786009891995,low_confidence: CHIRPS เป็นค่า rolling estimate (สัปดาห์ปฏิทินยังไม่มีข้อมูลจริงเลย ใช้ค่า ประมาณจาก 7 วันล่าสุดที่มีข้อมูลจริงแทน); CHIRPS ของสัปดาห์นี้ยังไม่ครบ 7 วัน (as_of ไม่ใช่วันอาทิตย์); ERA5T มีข้อมูลแค่ 2/7 วันของสัปดาห์,0.0,,sar_live,ok
2026-09-21T02:30:04.513299+00:00,2026-09-21,2026,39,zone_B,2.54,2.54,2.41,False,,39.628,31.702,0.749,46.836,24.81,-1.271,1,rolling_estimate,7,True,,1.4503,27.5136,73.9251,0.9559,1.1814,-0.1211,2,True,,0.03659786009891995,low_confidence: CHIRPS เป็นค่า rolling estimate (สัปดาห์ปฏิทินยังไม่มีข้อมูลจริงเลย ใช้ค่า ประมาณจาก 7 วันล่าสุดที่มีข้อมูลจริงแทน); CHIRPS ของสัปดาห์นี้ยังไม่ครบ 7 วัน (as_of ไม่ใช่วันอาทิตย์); ERA5T มีข้อมูลแค่ 2/7 วันของสัปดาห์,,0.0,sar_live,ok
2026-09-21T03:01:05.746611+00:00,2026-09-21,2026,39,zone_A,2.54,2.54,2.41,False,,39.628,29.433,0.749,46.836,24.81,-1.271,1,rolling_estimate,7,True,,1.4503,27.5136,73.9251,0.9559,1.1814,-0.1211,2,True,,0.03659786009891995,low_confidence: CHIRPS เป็นค่า rolling estimate (สัปดาห์ปฏิทินยังไม่มีข้อมูลจริงเลย ใช้ค่า ประมาณจาก 7 วันล่าสุดที่มีข้อมูลจริงแทน); CHIRPS ของสัปดาห์นี้ยังไม่ครบ 7 วัน (as_of ไม่ใช่วันอาทิตย์); ERA5T มีข้อมูลแค่ 2/7 วันของสัปดาห์,0.0,,sar_live,ok
2026-09-21T03:01:05.747262+00:00,2026-09-21,2026,39,zone_B,2.54,2.54,2.41,False,,39.628,31.702,0.749,46.836,24.81,-1.271,1,rolling_estimate,7,True,,1.4503,27.5136,73.9251,0.9559,1.1814,-0.1211,2,True,,0.03659786009891995,low_confidence: CHIRPS เป็นค่า rolling estimate (สัปดาห์ปฏิทินยังไม่มีข้อมูลจริงเลย ใช้ค่า ประมาณจาก 7 วันล่าสุดที่มีข้อมูลจริงแทน); CHIRPS ของสัปดาห์นี้ยังไม่ครบ 7 วัน (as_of ไม่ใช่วันอาทิตย์); ERA5T มีข้อมูลแค่ 2/7 วันของสัปดาห์,,0.0,sar_live,ok
2026-09-21T06:08:50.800643+00:00,2026-09-21,2026,39,zone_A,2.54,2.54,2.41,False,,39.628,29.433,0.749,46.836,24.81,-1.271,1,rolling_estimate,7,True,,1.4503,27.5136,73.9251,0.9559,1.1814,-0.1211,2,True,,0.03659786009891995,low_confidence: CHIRPS เป็นค่า rolling estimate (สัปดาห์ปฏิทินยังไม่มีข้อมูลจริงเลย ใช้ค่า ประมาณจาก 7 วันล่าสุดที่มีข้อมูลจริงแทน); CHIRPS ของสัปดาห์นี้ยังไม่ครบ 7 วัน (as_of ไม่ใช่วันอาทิตย์); ERA5T มีข้อมูลแค่ 2/7 วันของสัปดาห์,0.0,,sar_live,ok
2026-09-21T06:08:50.801661+00:00,2026-09-21,2026,39,zone_B,2.54,2.54,2.41,False,,39.628,31.702,0.749,46.836,24.81,-1.271,1,rolling_estimate,7,True,,1.4503,27.5136,73.9251,0.9559,1.1814,-0.1211,2,True,,0.03659786009891995,low_confidence: CHIRPS เป็นค่า rolling estimate (สัปดาห์ปฏิทินยังไม่มีข้อมูลจริงเลย ใช้ค่า ประมาณจาก 7 วันล่าสุดที่มีข้อมูลจริงแทน); CHIRPS ของสัปดาห์นี้ยังไม่ครบ 7 วัน (as_of ไม่ใช่วันอาทิตย์); ERA5T มีข้อมูลแค่ 2/7 วันของสัปดาห์,,0.0,sar_live,ok
2026-09-22T02:01:54.735925+00:00,2026-09-22,2026,39,zone_A,2.54,2.54,2.41,False,,39.628,29.433,0.749,46.836,24.81,-1.271,1,rolling_estimate,7,True,,0.6137,27.3121,82.0039,0.6554,0.771,-0.0992,2,True,,0.015486524679519532,low_confidence: CHIRPS เป็นค่า rolling estimate (สัปดาห์ปฏิทินยังไม่มีข้อมูลจริงเลย ใช้ค่า ประมาณจาก 7 วันล่าสุดที่มีข้อมูลจริงแทน); CHIRPS ของสัปดาห์นี้ยังไม่ครบ 7 วัน (as_of ไม่ใช่วันอาทิตย์); ERA5T มีข้อมูลแค่ 2/7 วันของสัปดาห์,0.0,,sar_live,ok
2026-09-22T02:01:54.742682+00:00,2026-09-22,2026,39,zone_B,2.54,2.54,2.41,False,,39.628,31.702,0.749,46.836,24.81,-1.271,1,rolling_estimate,7,True,,0.6137,27.3121,82.0039,0.6554,0.771,-0.0992,2,True,,0.015486524679519532,low_confidence: CHIRPS เป็นค่า rolling estimate (สัปดาห์ปฏิทินยังไม่มีข้อมูลจริงเลย ใช้ค่า ประมาณจาก 7 วันล่าสุดที่มีข้อมูลจริงแทน); CHIRPS ของสัปดาห์นี้ยังไม่ครบ 7 วัน (as_of ไม่ใช่วันอาทิตย์); ERA5T มีข้อมูลแค่ 2/7 วันของสัปดาห์,,0.0,sar_live,ok
2026-09-22T02:34:36.534155+00:00,2026-09-22,2026,39,zone_A,2.54,2.54,2.41,False,,39.628,29.433,0.749,46.836,24.81,-1.271,1,rolling_estimate,7,True,,0.6137,27.3121,82.0039,0.6554,0.771,-0.0992,2,True,,0.015486524679519532,low_confidence: CHIRPS เป็นค่า rolling estimate (สัปดาห์ปฏิทินยังไม่มีข้อมูลจริงเลย ใช้ค่า ประมาณจาก 7 วันล่าสุดที่มีข้อมูลจริงแทน); CHIRPS ของสัปดาห์นี้ยังไม่ครบ 7 วัน (as_of ไม่ใช่วันอาทิตย์); ERA5T มีข้อมูลแค่ 2/7 วันของสัปดาห์,0.0,,sar_live,ok
2026-09-22T02:34:36.536678+00:00,2026-09-22,2026,39,zone_B,2.54,2.54,2.41,False,,39.628,31.702,0.749,46.836,24.81,-1.271,1,rolling_estimate,7,True,,0.6137,27.3121,82.0039,0.6554,0.771,-0.0992,2,True,,0.015486524679519532,low_confidence: CHIRPS เป็นค่า rolling estimate (สัปดาห์ปฏิทินยังไม่มีข้อมูลจริงเลย ใช้ค่า ประมาณจาก 7 วันล่าสุดที่มีข้อมูลจริงแทน); CHIRPS ของสัปดาห์นี้ยังไม่ครบ 7 วัน (as_of ไม่ใช่วันอาทิตย์); ERA5T มีข้อมูลแค่ 2/7 วันของสัปดาห์,,0.0,sar_live,ok
2026-09-22T04:03:33.356101+00:00,2026-09-22,2026,39,zone_A,2.54,2.54,2.41,False,,39.628,29.433,0.749,46.836,24.81,-1.271,1,rolling_estimate,7,True,,0.6137,27.3121,82.0039,0.6554,0.771,-0.0992,2,True,,0.015486524679519532,low_confidence: CHIRPS เป็นค่า rolling estimate (สัปดาห์ปฏิทินยังไม่มีข้อมูลจริงเลย ใช้ค่า ประมาณจาก 7 วันล่าสุดที่มีข้อมูลจริงแทน); CHIRPS ของสัปดาห์นี้ยังไม่ครบ 7 วัน (as_of ไม่ใช่วันอาทิตย์); ERA5T มีข้อมูลแค่ 2/7 วันของสัปดาห์,0.0,,sar_live,ok
2026-09-22T04:03:33.356651+00:00,2026-09-22,2026,39,zone_B,2.54,2.54,2.41,False,,39.628,31.702,0.749,46.836,24.81,-1.271,1,rolling_estimate,7,True,,0.6137,27.3121,82.0039,0.6554,0.771,-0.0992,2,True,,0.015486524679519532,low_confidence: CHIRPS เป็นค่า rolling estimate (สัปดาห์ปฏิทินยังไม่มีข้อมูลจริงเลย ใช้ค่า ประมาณจาก 7 วันล่าสุดที่มีข้อมูลจริงแทน); CHIRPS ของสัปดาห์นี้ยังไม่ครบ 7 วัน (as_of ไม่ใช่วันอาทิตย์); ERA5T มีข้อมูลแค่ 2/7 วันของสัปดาห์,,0.0,sar_live,ok
2026-09-23T02:13:25.552591+00:00,2026-09-23,2026,39,zone_A,2.54,2.54,2.41,False,,54.952,42.459,54.952,46.836,24.81,-0.865,0,rolling_estimate,7,True,,0.3996,26.1088,88.1487,0.4079,0.8618,-0.0937,2,True,,0.007271800844373272,low_confidence: CHIRPS เป็นค่า rolling estimate (สัปดาห์ปฏิทินยังไม่มีข้อมูลจริงเลย ใช้ค่า ประมาณจาก 7 วันล่าสุดที่มีข้อมูลจริงแทน); CHIRPS ของสัปดาห์นี้ยังไม่ครบ 7 วัน (as_of ไม่ใช่วันอาทิตย์); ERA5T มีข้อมูลแค่ 2/7 วันของสัปดาห์,0.0,,sar_live,ok
2026-09-23T02:13:25.558719+00:00,2026-09-23,2026,39,zone_B,2.54,2.54,2.41,False,,54.952,43.962,54.952,46.836,24.81,-0.865,0,rolling_estimate,7,True,,0.3996,26.1088,88.1487,0.4079,0.8618,-0.0937,2,True,,0.007271800844373272,low_confidence: CHIRPS เป็นค่า rolling estimate (สัปดาห์ปฏิทินยังไม่มีข้อมูลจริงเลย ใช้ค่า ประมาณจาก 7 วันล่าสุดที่มีข้อมูลจริงแทน); CHIRPS ของสัปดาห์นี้ยังไม่ครบ 7 วัน (as_of ไม่ใช่วันอาทิตย์); ERA5T มีข้อมูลแค่ 2/7 วันของสัปดาห์,,0.0,sar_live,ok
2026-09-23T02:25:44.741218+00:00,2026-09-23,2026,39,zone_A,2.54,2.54,2.41,False,,54.952,42.459,54.952,46.836,24.81,-0.865,0,rolling_estimate,7,True,,0.3996,26.1088,88.1487,0.4079,0.8618,-0.0937,2,True,,0.007271800844373272,low_confidence: CHIRPS เป็นค่า rolling estimate (สัปดาห์ปฏิทินยังไม่มีข้อมูลจริงเลย ใช้ค่า ประมาณจาก 7 วันล่าสุดที่มีข้อมูลจริงแทน); CHIRPS ของสัปดาห์นี้ยังไม่ครบ 7 วัน (as_of ไม่ใช่วันอาทิตย์); ERA5T มีข้อมูลแค่ 2/7 วันของสัปดาห์,0.0,,sar_live,ok
2026-09-23T02:25:44.743296+00:00,2026-09-23,2026,39,zone_B,2.54,2.54,2.41,False,,54.952,43.962,54.952,46.836,24.81,-0.865,0,rolling_estimate,7,True,,0.3996,26.1088,88.1487,0.4079,0.8618,-0.0937,2,True,,0.007271800844373272,low_confidence: CHIRPS เป็นค่า rolling estimate (สัปดาห์ปฏิทินยังไม่มีข้อมูลจริงเลย ใช้ค่า ประมาณจาก 7 วันล่าสุดที่มีข้อมูลจริงแทน); CHIRPS ของสัปดาห์นี้ยังไม่ครบ 7 วัน (as_of ไม่ใช่วันอาทิตย์); ERA5T มีข้อมูลแค่ 2/7 วันของสัปดาห์,,0.0,sar_live,ok
2026-09-23T02:44:48.713988+00:00,2026-09-23,2026,39,zone_A,2.54,2.54,2.41,False,,54.952,42.459,54.952,46.836,24.81,-0.865,0,rolling_estimate,7,True,,0.3996,26.1088,88.1487,0.4079,0.8618,-0.0937,2,True,,0.007271800844373272,low_confidence: CHIRPS เป็นค่า rolling estimate (สัปดาห์ปฏิทินยังไม่มีข้อมูลจริงเลย ใช้ค่า ประมาณจาก 7 วันล่าสุดที่มีข้อมูลจริงแทน); CHIRPS ของสัปดาห์นี้ยังไม่ครบ 7 วัน (as_of ไม่ใช่วันอาทิตย์); ERA5T มีข้อมูลแค่ 2/7 วันของสัปดาห์,0.0,,sar_live,ok
2026-09-23T02:44:48.714685+00:00,2026-09-23,2026,39,zone_B,2.54,2.54,2.41,False,,54.952,43.962,54.952,46.836,24.81,-0.865,0,rolling_estimate,7,True,,0.3996,26.1088,88.1487,0.4079,0.8618,-0.0937,2,True,,0.007271800844373272,low_confidence: CHIRPS เป็นค่า rolling estimate (สัปดาห์ปฏิทินยังไม่มีข้อมูลจริงเลย ใช้ค่า ประมาณจาก 7 วันล่าสุดที่มีข้อมูลจริงแทน); CHIRPS ของสัปดาห์นี้ยังไม่ครบ 7 วัน (as_of ไม่ใช่วันอาทิตย์); ERA5T มีข้อมูลแค่ 2/7 วันของสัปดาห์,,0.0,sar_live,ok
2026-09-23T03:03:39.171156+00:00,2026-09-23,2026,39,zone_A,2.54,2.54,2.41,False,,54.952,42.459,54.952,46.836,24.81,-0.865,0,rolling_estimate,7,True,,0.3996,26.1088,88.1487,0.4079,0.8618,-0.0937,2,True,,0.007271800844373272,low_confidence: CHIRPS เป็นค่า rolling estimate (สัปดาห์ปฏิทินยังไม่มีข้อมูลจริงเลย ใช้ค่า ประมาณจาก 7 วันล่าสุดที่มีข้อมูลจริงแทน); CHIRPS ของสัปดาห์นี้ยังไม่ครบ 7 วัน (as_of ไม่ใช่วันอาทิตย์); ERA5T มีข้อมูลแค่ 2/7 วันของสัปดาห์,0.0,,sar_live,ok
2026-09-23T03:03:39.171850+00:00,2026-09-23,2026,39,zone_B,2.54,2.54,2.41,False,,54.952,43.962,54.952,46.836,24.81,-0.865,0,rolling_estimate,7,True,,0.3996,26.1088,88.1487,0.4079,0.8618,-0.0937,2,True,,0.007271800844373272,low_confidence: CHIRPS เป็นค่า rolling estimate (สัปดาห์ปฏิทินยังไม่มีข้อมูลจริงเลย ใช้ค่า ประมาณจาก 7 วันล่าสุดที่มีข้อมูลจริงแทน); CHIRPS ของสัปดาห์นี้ยังไม่ครบ 7 วัน (as_of ไม่ใช่วันอาทิตย์); ERA5T มีข้อมูลแค่ 2/7 วันของสัปดาห์,,0.0,sar_live,ok
2026-09-23T06:01:32.199503+00:00,2025-01-05,2025,1,zone_A,-0.77,-0.91,-0.68,False,,0.0,0.0,0.0,10.502,7.79,0.695,0,final,7,False,,3.8377,21.9994,75.1649,0.6631,1.1576,-0.2124,7,False,,,"AI_week unavailable (P_mm_week = 0, หารด้วยศูนย์ไม่ได้)",17658.94,,hardcoded_2020,ok
2026-09-23T06:01:32.201446+00:00,2025-01-05,2025,1,zone_B,-0.77,-0.91,-0.68,False,,0.0,0.0,0.0,10.502,7.79,0.695,0,final,7,False,,3.8377,21.9994,75.1649,0.6631,1.1576,-0.2124,7,False,,,"AI_week unavailable (P_mm_week = 0, หารด้วยศูนย์ไม่ได้)",,7268.78,hardcoded_2020,ok
2026-09-23T06:01:46.373639+00:00,2025-01-12,2025,2,zone_A,-1.0,-0.91,-0.68,False,,0.0,0.0,0.0,0.0,6.441,0.0,0,final,7,False,,4.6524,21.3909,71.1754,0.7374,1.2099,-0.2255,7,False,,,"AI_week unavailable (P_mm_week = 0, หารด้วยศูนย์ไม่ได้)",21407.74,,hardcoded_2020,ok
2026-09-23T06:01:46.373670+00:00,2025-01-12,2025,2,zone_B,-1.0,-0.91,-0.68,False,,0.0,0.0,0.0,0.0,6.441,0.0,0,final,7,False,,4.6524,21.3909,71.1754,0.7374,1.2099,-0.2255,7,False,,,"AI_week unavailable (P_mm_week = 0, หารด้วยศูนย์ไม่ได้)",,8811.86,hardcoded_2020,ok
2026-09-23T06:02:03.801119+00:00,2025-01-19,2025,3,zone_A,-1.0,-0.91,-0.68,False,,0.0,0.0,0.0,0.0,10.502,0.0,0,final,7,False,,4.8335,21.143,68.7835,0.7881,1.2217,-0.2796,7,False,,,"AI_week unavailable (P_mm_week = 0, หารด้วยศูนย์ไม่ได้)",22241.06,,hardcoded_2020,ok
2026-09-23T06:02:03.801152+00:00,2025-01-19,2025,3,zone_B,-1.0,-0.91,-0.68,False,,0.0,0.0,0.0,0.0,10.502,0.0,0,final,7,False,,4.8335,21.143,68.7835,0.7881,1.2217,-0.2796,7,False,,,"AI_week unavailable (P_mm_week = 0, หารด้วยศูนย์ไม่ได้)",,9154.87,hardcoded_2020,ok
2026-09-23T06:02:21.554792+00:00,2025-01-26,2025,4,zone_A,-1.0,-0.91,-0.68,False,,1.9,0.0,0.0,0.0,0.0,0.0,0,final,7,False,,7.3772,24.3956,64.7886,1.0844,1.5233,-0.2738,7,False,,3.8827368421052633,ok,33945.74,,hardcoded_2020,ok
2026-09-23T06:02:21.554827+00:00,2025-01-26,2025,4,zone_B,-1.0,-0.91,-0.68,False,,1.9,1.52,0.0,0.0,0.0,0.0,0,final,7,False,,7.3772,24.3956,64.7886,1.0844,1.5233,-0.2738,7,False,,3.8827368421052633,ok,,11085.43,hardcoded_2020,ok
2026-09-23T06:02:36.523203+00:00,2025-02-02,2025,5,zone_A,-1.0,-0.77,-0.91,False,,0.0,0.0,1.9,0.0,0.0,-0.269,0,final,7,False,,5.0689,23.5576,62.6913,1.1272,1.0395,-0.2295,7,False,,,"AI_week unavailable (P_mm_week = 0, หารด้วยศูนย์ไม่ได้)",23324.24,,hardcoded_2020,ok
2026-09-23T06:02:36.523237+00:00,2025-02-02,2025,5,zone_B,-1.0,-0.77,-0.91,False,,0.0,0.0,1.9,0.0,0.0,-0.269,0,final,7,False,,5.0689,23.5576,62.6913,1.1272,1.0395,-0.2295,7,False,,,"AI_week unavailable (P_mm_week = 0, หารด้วยศูนย์ไม่ได้)",,9600.73,hardcoded_2020,ok
2026-09-23T06:02:51.852892+00:00,2025-02-09,2025,6,zone_A,-0.83,-1.0,-0.91,False,,13.225,6.991,0.0,1.9,0.0,0.324,0,final,7,False,,9.3062,27.0025,57.4852,1.5211,1.4346,-0.2153,7,False,,0.7036824196597354,ok,10557.05,,hardcoded_2020,ok
2026-09-23T06:02:51.852924+00:00,2025-02-09,2025,6,zone_B,-0.83,-1.0,-0.91,False,,13.225,10.58,0.0,1.9,0.0,0.324,0,final,7,False,,9.3062,27.0025,57.4852,1.5211,1.4346,-0.2153,7,False,,0.7036824196597354,ok,,0.0,hardcoded_2020,ok
2026-09-23T06:03:04.987790+00:00,2025-02-16,2025,7,zone_A,-0.83,-1.0,-0.91,False,,0.0,0.0,13.225,0.0,0.0,-0.056,0,final,7,False,,11.6903,26.8811,51.3429,1.7221,1.6203,-0.2868,7,False,,,"AI_week unavailable (P_mm_week = 0, หารด้วยศูนย์ไม่ได้)",53792.2,,hardcoded_2020,ok
2026-09-23T06:03:04.987826+00:00,2025-02-16,2025,7,zone_B,-0.83,-1.0,-0.91,False,,0.0,0.0,13.225,0.0,0.0,-0.056,0,final,7,False,,11.6903,26.8811,51.3429,1.7221,1.6203,-0.2868,7,False,,,"AI_week unavailable (P_mm_week = 0, หารด้วยศูนย์ไม่ได้)",,22141.96,hardcoded_2020,ok
2026-09-23T06:03:19.093472+00:00,2025-02-23,2025,8,zone_A,-0.83,-1.0,-0.91,False,,0.0,0.0,0.0,13.225,1.9,-0.444,0,final,7,False,,8.558,27.9919,57.1669,1.6372,1.3608,-0.2196,7,False,,,"AI_week unavailable (P_mm_week = 0, หารด้วยศูนย์ไม่ได้)",39364.74,,hardcoded_2020,ok
2026-09-23T06:03:19.093504+00:00,2025-02-23,2025,8,zone_B,-0.83,-1.0,-0.91,False,,0.0,0.0,0.0,13.225,1.9,-0.444,0,final,7,False,,8.558,27.9919,57.1669,1.6372,1.3608,-0.2196,7,False,,,"AI_week unavailable (P_mm_week = 0, หารด้วยศูนย์ไม่ได้)",,16177.29,hardcoded_2020,ok
2026-09-23T06:03:38.026107+00:00,2025-03-02,2025,9,zone_A,-0.83,-1.0,-0.77,False,,10.676,4.825,0.0,0.0,0.0,0.489,0,final,7,False,,9.6634,28.7548,50.8894,1.9886,1.3046,-0.2388,7,False,,0.9051517422255526,ok,10507.93,,hardcoded_2020,ok
2026-09-23T06:03:38.026137+00:00,2025-03-02,2025,9,zone_B,-0.83,-1.0,-0.77,False,,10.676,8.541,0.0,0.0,0.0,0.489,0,final,7,False,,9.6634,28.7548,50.8894,1.9886,1.3046,-0.2388,7,False,,0.9051517422255526,ok,,0.0,hardcoded_2020,ok
2026-09-23T06:03:49.924171+00:00,2025-03-09,2025,10,zone_A,-0.68,-0.83,-1.0,False,,0.0,0.0,10.676,0.0,13.225,-0.516,0,final,7,False,,10.8373,29.3661,49.7158,2.0941,1.4993,-0.2507,7,False,,,"AI_week unavailable (P_mm_week = 0, หารด้วยศูนย์ไม่ได้)",36749.24,,hardcoded_2020,ok
2026-09-23T06:03:49.924213+00:00,2025-03-09,2025,10,zone_B,-0.68,-0.83,-1.0,False,,0.0,0.0,10.676,0.0,13.225,-0.516,0,final,7,False,,10.8373,29.3661,49.7158,2.0941,1.4993,-0.2507,7,False,,,"AI_week unavailable (P_mm_week = 0, หารด้วยศูนย์ไม่ได้)",,15102.43,hardcoded_2020,ok
2026-09-23T06:04:01.615645+00:00,2025-03-16,2025,11,zone_A,-0.68,-0.83,-1.0,False,,2.466,0.0,0.0,10.676,0.0,-0.458,0,final,7,False,,11.8223,30.9825,47.5388,2.3566,1.3718,-0.2697,7,False,,4.7941200324412,ok,40089.37,,hardcoded_2020,ok
2026-09-23T06:04:01.615678+00:00,2025-03-16,2025,11,zone_B,-0.68,-0.83,-1.0,False,,2.466,1.973,0.0,10.676,0.0,-0.458,0,final,7,False,,11.8223,30.9825,47.5388,2.3566,1.3718,-0.2697,7,False,,4.7941200324412,ok,,12734.28,hardcoded_2020,ok
2026-09-23T06:04:12.120399+00:00,2025-03-23,2025,12,zone_A,-0.68,-0.83,-1.0,False,,0.0,0.0,2.466,0.0,0.0,-0.546,0,final,7,False,,9.5605,27.7769,57.2164,1.7071,1.4546,-0.2061,7,False,,,"AI_week unavailable (P_mm_week = 0, หารด้วยศูนย์ไม่ได้)",32419.62,,hardcoded_2020,ok
2026-09-23T06:04:12.120431+00:00,2025-03-23,2025,12,zone_B,-0.68,-0.83,-1.0,False,,0.0,0.0,2.466,0.0,0.0,-0.546,0,final,7,False,,9.5605,27.7769,57.2164,1.7071,1.4546,-0.2061,7,False,,,"AI_week unavailable (P_mm_week = 0, หารด้วยศูนย์ไม่ได้)",,13323.13,hardcoded_2020,ok
2026-09-23T06:04:24.966343+00:00,2025-03-30,2025,13,zone_A,-0.68,-0.83,-1.0,False,,0.0,0.0,0.0,2.466,10.676,-0.773,0,final,7,False,,13.8467,31.1017,42.9306,2.5781,1.4857,-0.2766,7,False,,,"AI_week unavailable (P_mm_week = 0, หารด้วยศูนย์ไม่ได้)",46954.1,,hardcoded_2020,ok
2026-09-23T06:04:24.966376+00:00,2025-03-30,2025,13,zone_B,-0.68,-0.83,-1.0,False,,0.0,0.0,0.0,2.466,10.676,-0.773,0,final,7,False,,13.8467,31.1017,42.9306,2.5781,1.4857,-0.2766,7,False,,,"AI_week unavailable (P_mm_week = 0, หารด้วยศูนย์ไม่ได้)",,19296.21,hardcoded_2020,ok
2026-09-23T06:04:45.026325+00:00,2025-04-06,2025,14,zone_A,-0.68,-0.68,-0.83,False,,23.105,15.389,0.0,0.0,0.0,-0.126,0,final,7,False,,12.9826,30.1716,58.6377,1.8121,1.9323,-0.1575,7,False,,0.5618956935728198,ok,0.0,,hardcoded_2020,ok
2026-09-23T06:04:45.026357+00:00,2025-04-06,2025,14,zone_B,-0.68,-0.68,-0.83,False,,23.105,18.484,0.0,0.0,0.0,-0.126,0,final,7,False,,12.9826,30.1716,58.6377,1.8121,1.9323,-0.1575,7,False,,0.5618956935728198,ok,,0.0,hardcoded_2020,ok
2026-09-23T06:05:11.698057+00:00,2025-04-13,2025,15,zone_A,-0.38,-0.68,-0.83,False,,21.081,13.669,23.105,0.0,2.466,-0.145,0,final,7,False,,10.722,29.3032,59.1022,1.8108,1.5892,-0.1536,7,False,,0.5086096484986481,ok,0.0,,hardcoded_2020,ok
2026-09-23T06:05:11.698091+00:00,2025-04-13,2025,15,zone_B,-0.38,-0.68,-0.83,False,,21.081,16.865,23.105,0.0,2.466,-0.145,0,final,7,False,,10.722,29.3032,59.1022,1.8108,1.5892,-0.1536,7,False,,0.5086096484986481,ok,,0.0,hardcoded_2020,ok
2026-09-23T06:05:24.737900+00:00,2025-04-20,2025,16,zone_A,-0.38,-0.68,-0.83,False,,21.081,13.669,21.081,23.105,0.0,0.069,0,final,7,False,,6.5263,28.7707,70.0851,1.2037,1.2823,-0.1127,7,False,,0.30958208813623644,ok,0.0,,hardcoded_2020,ok
2026-09-23T06:05:24.737931+00:00,2025-04-20,2025,16,zone_B,-0.38,-0.68,-0.83,False,,21.081,16.865,21.081,23.105,0.0,0.069,0,final,7,False,,6.5263,28.7707,70.0851,1.2037,1.2823,-0.1127,7,False,,0.30958208813623644,ok,,0.0,hardcoded_2020,ok
2026-09-23T06:05:36.987404+00:00,2025-04-27,2025,17,zone_A,-0.38,-0.68,-0.83,False,,6.971,1.675,21.081,21.081,0.0,-0.328,0,final,7,False,,11.2466,32.4251,53.8298,2.2532,1.4239,-0.1775,7,False,,1.61334098407689,ok,38555.7,,hardcoded_2020,ok
2026-09-23T06:05:36.987435+00:00,2025-04-27,2025,17,zone_B,-0.38,-0.68,-0.83,False,,6.971,5.576,21.081,21.081,0.0,-0.328,0,final,7,False,,11.2466,32.4251,53.8298,2.2532,1.4239,-0.1775,7,False,,1.61334098407689,ok,,8448.51,hardcoded_2020,ok
2026-09-23T06:05:53.858638+00:00,2025-05-04,2025,18,zone_A,-0.38,-0.68,-0.68,False,,35.486,25.913,6.971,21.081,23.105,-0.128,0,final,7,False,,5.6109,28.1459,69.2462,1.1923,1.108,-0.1212,7,False,,0.15811587668376262,ok,0.0,,hardcoded_2020,ok
2026-09-23T06:05:53.858670+00:00,2025-05-04,2025,18,zone_B,-0.38,-0.68,-0.68,False,,35.486,28.389,6.971,21.081,23.105,-0.128,0,final,7,False,,5.6109,28.1459,69.2462,1.1923,1.108,-0.1212,7,False,,0.15811587668376262,ok,,0.0,hardcoded_2020,ok
2026-09-23T06:06:06.836267+00:00,2025-05-11,2025,19,zone_A,-0.36,-0.38,-0.68,False,,38.707,28.651,35.486,6.971,21.081,-0.279,0,final,7,False,,11.0664,30.3167,63.8493,1.6809,1.7999,-0.1236,7,False,,0.285901774872762,ok,0.0,,hardcoded_2020,ok
2026-09-23T06:06:06.836299+00:00,2025-05-11,2025,19,zone_B,-0.36,-0.38,-0.68,False,,38.707,30.966,35.486,6.971,21.081,-0.279,0,final,7,False,,11.0664,30.3167,63.8493,1.6809,1.7999,-0.1236,7,False,,0.285901774872762,ok,,0.0,hardcoded_2020,ok
2026-09-23T06:06:23.655287+00:00,2025-05-18,2025,20,zone_A,-0.36,-0.38,-0.68,False,,62.592,48.953,38.707,35.486,21.081,-0.177,0,final,7,False,,3.5678,27.6688,77.9928,0.8307,0.953,-0.0867,7,False,,0.05700089468302659,ok,0.0,,hardcoded_2020,ok
2026-09-23T06:06:23.655319+00:00,2025-05-18,2025,20,zone_B,-0.36,-0.38,-0.68,False,,62.592,50.073,38.707,35.486,21.081,-0.177,0,final,7,False,,3.5678,27.6688,77.9928,0.8307,0.953,-0.0867,7,False,,0.05700089468302659,ok,,0.0,hardcoded_2020,ok
2026-09-23T06:06:36.592010+00:00,2025-05-25,2025,21,zone_A,-0.36,-0.38,-0.68,False,,110.336,89.536,62.592,38.707,6.971,1.525,0,final,7,False,,3.8097,28.7748,77.9635,0.8912,0.9955,-0.0625,7,False,,0.034528168503480276,ok,0.0,,hardcoded_2020,ok
2026-09-23T06:06:36.592044+00:00,2025-05-25,2025,21,zone_B,-0.36,-0.38,-0.68,False,,110.336,88.269,62.592,38.707,6.971,1.525,0,final,7,False,,3.8097,28.7748,77.9635,0.8912,0.9955,-0.0625,7,False,,0.034528168503480276,ok,,0.0,hardcoded_2020,ok
2026-09-23T06:06:58.530574+00:00,2025-06-01,2025,22,zone_A,-0.36,-0.38,-0.68,False,,63.439,49.673,110.336,62.592,35.486,1.563,0,final,7,False,,4.4718,27.2917,81.5832,0.6892,1.5829,-0.0468,7,False,,0.07048976181843976,ok,0.0,,hardcoded_2020,ok
2026-09-23T06:06:58.530626+00:00,2025-06-01,2025,22,zone_B,-0.36,-0.38,-0.68,False,,63.439,50.751,110.336,62.592,35.486,1.563,0,final,7,False,,4.4718,27.2917,81.5832,0.6892,1.5829,-0.0468,7,False,,0.07048976181843976,ok,,0.0,hardcoded_2020,ok
2026-09-23T06:07:10.623683+00:00,2025-06-08,2025,23,zone_A,-1.17,-0.36,-0.38,False,,31.931,22.891,63.439,110.336,38.707,1.484,0,final,7,False,,5.9857,29.499,72.2186,1.1657,1.3426,-0.0526,7,False,,0.18745732986752683,ok,0.0,,hardcoded_2020,ok
2026-09-23T06:07:10.623717+00:00,2025-06-08,2025,23,zone_B,-1.17,-0.36,-0.38,False,,31.931,25.545,63.439,110.336,38.707,1.484,0,final,7,False,,5.9857,29.499,72.2186,1.1657,1.3426,-0.0526,7,False,,0.18745732986752683,ok,,0.0,hardcoded_2020,ok
2026-09-23T06:07:21.490195+00:00,2025-06-15,2025,24,zone_A,-1.17,-0.36,-0.38,False,,46.319,35.122,31.931,63.439,62.592,1.568,0,final,7,False,,5.1363,27.8426,79.9406,0.7685,1.5679,-0.0421,7,False,,0.1108896996912714,ok,0.0,,hardcoded_2020,ok
2026-09-23T06:07:21.490227+00:00,2025-06-15,2025,24,zone_B,-1.17,-0.36,-0.38,False,,46.319,37.056,31.931,63.439,62.592,1.568,0,final,7,False,,5.1363,27.8426,79.9406,0.7685,1.5679,-0.0421,7,False,,0.1108896996912714,ok,,0.0,hardcoded_2020,ok
2026-09-23T06:07:32.385129+00:00,2025-06-22,2025,25,zone_A,-1.17,-0.36,-0.38,False,,18.461,11.442,46.319,31.931,110.336,0.872,0,final,7,False,,5.1969,28.2847,77.7557,0.875,1.4677,-0.0351,7,False,,0.2815069606196848,ok,0.0,,hardcoded_2020,ok
2026-09-23T06:07:32.385160+00:00,2025-06-22,2025,25,zone_B,-1.17,-0.36,-0.38,False,,18.461,14.769,46.319,31.931,110.336,0.872,0,final,7,False,,5.1969,28.2847,77.7557,0.875,1.4677,-0.0351,7,False,,0.2815069606196848,ok,,0.0,hardcoded_2020,ok
2026-09-23T06:07:45.602278+00:00,2025-06-29,2025,26,zone_A,-1.17,-0.36,-0.38,False,,13.142,6.921,18.461,46.319,63.439,-0.709,0,final,7,False,,4.8922,27.7973,78.555,0.8101,1.4303,-0.0325,7,False,,0.372256886318673,ok,0.0,,hardcoded_2020,ok
2026-09-23T06:07:45.602309+00:00,2025-06-29,2025,26,zone_B,-1.17,-0.36,-0.38,False,,13.142,10.514,18.461,46.319,63.439,-0.709,0,final,7,False,,4.8922,27.7973,78.555,0.8101,1.4303,-0.0325,7,False,,0.372256886318673,ok,,0.0,hardcoded_2020,ok
2026-09-23T06:08:05.408746+00:00,2025-07-06,2025,27,zone_A,-1.17,-1.17,-0.36,False,,49.492,37.818,13.142,18.461,31.931,-0.475,0,final,7,False,,3.626,27.1726,81.8938,0.6572,1.2263,-0.0353,7,False,,0.07326436595813465,ok,0.0,,hardcoded_2020,ok
2026-09-23T06:08:05.408781+00:00,2025-07-06,2025,27,zone_B,-1.17,-1.17,-0.36,False,,49.492,39.594,13.142,18.461,31.931,-0.475,0,final,7,False,,3.626,27.1726,81.8938,0.6572,1.2263,-0.0353,7,False,,0.07326436595813465,ok,,0.0,hardcoded_2020,ok
2026-09-23T06:08:23.757694+00:00,2025-07-13,2025,28,zone_A,-1.22,-1.17,-0.36,False,,53.242,41.005,49.492,13.142,46.319,-0.623,0,final,7,False,,3.0547,27.5411,82.918,0.6469,1.0177,-0.0349,7,False,,0.057373877765673716,ok,0.0,,hardcoded_2020,ok
2026-09-23T06:08:23.757727+00:00,2025-07-13,2025,28,zone_B,-1.22,-1.17,-0.36,False,,53.242,42.593,49.492,13.142,46.319,-0.623,0,final,7,False,,3.0547,27.5411,82.918,0.6469,1.0177,-0.0349,7,False,,0.057373877765673716,ok,,0.0,hardcoded_2020,ok
2026-09-23T06:08:35.727038+00:00,2025-07-20,2025,29,zone_A,-1.22,-1.17,-0.36,False,,77.992,62.044,53.242,49.492,18.461,-0.213,0,final,7,False,,4.2509,27.6198,80.9799,0.7192,1.398,-0.0326,7,False,,0.0545043081341676,ok,0.0,,hardcoded_2020,ok
2026-09-23T06:08:35.727072+00:00,2025-07-20,2025,29,zone_B,-1.22,-1.17,-0.36,False,,77.992,62.394,53.242,49.492,18.461,-0.213,0,final,7,False,,4.2509,27.6198,80.9799,0.7192,1.398,-0.0326,7,False,,0.0545043081341676,ok,,0.0,hardcoded_2020,ok
2026-09-23T06:08:57.217250+00:00,2025-07-27,2025,30,zone_A,-1.22,-1.17,-0.36,False,,122.336,99.735,77.992,53.242,13.142,1.499,0,final,7,False,,2.5751,25.9091,90.0826,0.3488,1.8129,-0.0327,7,False,,0.021049404917603976,ok,0.0,,hardcoded_2020,ok
2026-09-23T06:08:57.217284+00:00,2025-07-27,2025,30,zone_B,-1.22,-1.17,-0.36,False,,122.336,97.869,77.992,53.242,13.142,1.499,0,final,7,False,,2.5751,25.9091,90.0826,0.3488,1.8129,-0.0327,7,False,,0.021049404917603976,ok,,0.0,hardcoded_2020,ok
2026-09-23T06:09:13.759902+00:00,2025-08-03,2025,31,zone_A,-1.22,-1.17,-1.17,False,,23.163,15.438,122.336,77.992,49.492,1.086,0,final,7,False,,4.4927,28.095,79.7829,0.7832,1.4125,-0.0395,7,False,,0.19396019513879895,ok,0.0,,hardcoded_2020,ok
2026-09-23T06:09:13.759936+00:00,2025-08-03,2025,31,zone_B,-1.22,-1.17,-1.17,False,,23.163,18.53,122.336,77.992,49.492,1.086,0,final,7,False,,4.4927,28.095,79.7829,0.7832,1.4125,-0.0395,7,False,,0.19396019513879895,ok,,0.0,hardcoded_2020,ok
2026-09-23T06:09:25.699356+00:00,2025-08-10,2025,32,zone_A,-0.87,-1.22,-1.17,False,,55.722,43.114,23.163,122.336,53.242,0.734,0,final,7,False,,3.3446,27.7438,82.2386,0.6933,1.2128,-0.066,7,False,,0.06002297117834966,ok,0.0,,hardcoded_2020,ok
2026-09-23T06:09:25.699389+00:00,2025-08-10,2025,32,zone_B,-0.87,-1.22,-1.17,False,,55.722,44.578,23.163,122.336,53.242,0.734,0,final,7,False,,3.3446,27.7438,82.2386,0.6933,1.2128,-0.066,7,False,,0.06002297117834966,ok,,0.0,hardcoded_2020,ok
2026-09-23T06:09:44.156396+00:00,2025-08-17,2025,33,zone_A,-0.87,-1.22,-1.17,False,,64.486,50.563,55.722,23.163,77.992,0.273,0,final,7,False,,2.4627,27.3757,82.306,0.6574,0.8671,-0.0674,7,False,,0.03818968458270012,ok,0.0,,hardcoded_2020,ok
2026-09-23T06:09:44.156429+00:00,2025-08-17,2025,33,zone_B,-0.87,-1.22,-1.17,False,,64.486,51.589,55.722,23.163,77.992,0.273,0,final,7,False,,2.4627,27.3757,82.306,0.6574,0.8671,-0.0674,7,False,,0.03818968458270012,ok,,0.0,hardcoded_2020,ok
2026-09-23T06:09:57.952172+00:00,2025-08-24,2025,34,zone_A,-0.87,-1.22,-1.17,False,,55.194,42.665,64.486,55.722,122.336,-0.748,0,final,7,False,,3.8731,27.7952,80.4318,0.7462,1.192,-0.0805,7,False,,0.07017248251621552,ok,0.0,,hardcoded_2020,ok
2026-09-23T06:09:57.952204+00:00,2025-08-24,2025,34,zone_B,-0.87,-1.22,-1.17,False,,55.194,44.155,64.486,55.722,122.336,-0.748,0,final,7,False,,3.8731,27.7952,80.4318,0.7462,1.192,-0.0805,7,False,,0.07017248251621552,ok,,0.0,hardcoded_2020,ok
2026-09-23T06:10:15.149690+00:00,2025-08-31,2025,35,zone_A,-0.87,-1.22,-1.17,False,,64.249,50.362,55.194,64.486,23.163,-0.281,0,final,7,False,,1.8291,26.5954,85.7455,0.519,0.9989,-0.0731,7,False,,0.028468925586390453,ok,0.0,,hardcoded_2020,ok
2026-09-23T06:10:15.149721+00:00,2025-08-31,2025,35,zone_B,-0.87,-1.22,-1.17,False,,64.249,51.399,55.194,64.486,23.163,-0.281,0,final,7,False,,1.8291,26.5954,85.7455,0.519,0.9989,-0.0731,7,False,,0.028468925586390453,ok,,0.0,hardcoded_2020,ok
2026-09-23T06:10:31.990747+00:00,2025-09-07,2025,36,zone_A,-1.12,-0.87,-1.22,False,,17.084,10.271,64.249,55.194,55.722,-0.758,0,final,7,False,,3.0425,28.123,80.3688,0.7625,1.0251,-0.1061,7,False,,0.17809061109810348,ok,0.0,,hardcoded_2020,ok
2026-09-23T06:10:31.990779+00:00,2025-09-07,2025,36,zone_B,-1.12,-0.87,-1.22,False,,17.084,13.667,64.249,55.194,55.722,-0.758,0,final,7,False,,3.0425,28.123,80.3688,0.7625,1.0251,-0.1061,7,False,,0.17809061109810348,ok,,0.0,hardcoded_2020,ok
2026-09-23T06:10:45.637983+00:00,2025-09-14,2025,37,zone_A,-1.12,-0.87,-1.22,False,,37.065,27.255,17.084,64.249,64.486,-1.295,1,final,7,False,,3.4347,27.3933,81.5417,0.6815,1.1993,-0.1037,7,False,,0.09266693646297046,ok,0.0,,hardcoded_2020,ok
2026-09-23T06:10:45.638015+00:00,2025-09-14,2025,37,zone_B,-1.12,-0.87,-1.22,False,,37.065,29.652,17.084,64.249,64.486,-1.295,1,final,7,False,,3.4347,27.3933,81.5417,0.6815,1.1993,-0.1037,7,False,,0.09266693646297046,ok,,0.0,hardcoded_2020,ok
2026-09-23T06:10:57.696204+00:00,2025-09-21,2025,38,zone_A,-1.12,-0.87,-1.22,False,,38.126,28.157,37.065,17.084,55.194,-1.223,1,final,7,False,,3.1336,27.4995,81.0558,0.7057,1.1627,-0.1366,7,False,,0.08219063106541469,ok,0.0,,hardcoded_2020,ok
2026-09-23T06:10:57.696238+00:00,2025-09-21,2025,38,zone_B,-1.12,-0.87,-1.22,False,,38.126,30.5,37.065,17.084,55.194,-1.223,1,final,7,False,,3.1336,27.4995,81.0558,0.7057,1.1627,-0.1366,7,False,,0.08219063106541469,ok,,0.0,hardcoded_2020,ok
2026-09-23T06:11:10.895091+00:00,2025-09-28,2025,39,zone_A,-1.12,-0.87,-1.22,False,,97.483,78.611,38.126,37.065,64.249,-0.987,0,final,7,False,,2.56,26.782,84.3298,0.5643,1.0149,-0.1055,7,False,,0.026260989095534606,ok,0.0,,hardcoded_2020,ok
2026-09-23T06:11:10.895124+00:00,2025-09-28,2025,39,zone_B,-1.12,-0.87,-1.22,False,,97.483,77.987,38.126,37.065,64.249,-0.987,0,final,7,False,,2.56,26.782,84.3298,0.5643,1.0149,-0.1055,7,False,,0.026260989095534606,ok,,0.0,hardcoded_2020,ok
2026-09-23T06:11:36.464379+00:00,2025-10-05,2025,40,zone_A,-1.12,-1.12,-0.87,False,,28.483,19.96,97.483,38.126,17.084,-0.617,0,final,7,False,,2.4691,26.9172,84.819,0.543,1.1175,-0.1125,7,False,,0.08668679563248254,ok,0.0,,hardcoded_2020,ok
2026-09-23T06:11:36.464434+00:00,2025-10-05,2025,40,zone_B,-1.12,-1.12,-0.87,False,,28.483,22.786,97.483,38.126,17.084,-0.617,0,final,7,False,,2.4691,26.9172,84.819,0.543,1.1175,-0.1125,7,False,,0.08668679563248254,ok,,0.0,hardcoded_2020,ok
2026-09-23T06:11:50.683784+00:00,2025-10-12,2025,41,zone_A,-1.19,-1.12,-0.87,False,,15.821,9.198,28.483,97.483,37.065,-0.542,0,final,7,False,,2.5133,27.84,77.8878,0.8365,0.7957,-0.1575,7,False,,0.15885847923645788,ok,0.0,,hardcoded_2020,ok
2026-09-23T06:11:50.683816+00:00,2025-10-12,2025,41,zone_B,-1.19,-1.12,-0.87,False,,15.821,12.657,28.483,97.483,37.065,-0.542,0,final,7,False,,2.5133,27.84,77.8878,0.8365,0.7957,-0.1575,7,False,,0.15885847923645788,ok,,0.0,hardcoded_2020,ok
2026-09-23T06:12:06.600325+00:00,2025-10-19,2025,42,zone_A,-1.19,-1.12,-0.87,False,,58.637,45.592,15.821,28.483,38.126,-0.07,0,final,7,False,,0.9241,25.7153,86.7394,0.4465,0.5596,-0.1202,7,False,,0.01575967392601941,ok,0.0,,hardcoded_2020,ok
2026-09-23T06:12:06.600358+00:00,2025-10-19,2025,42,zone_B,-1.19,-1.12,-0.87,False,,58.637,46.91,15.821,28.483,38.126,-0.07,0,final,7,False,,0.9241,25.7153,86.7394,0.4465,0.5596,-0.1202,7,False,,0.01575967392601941,ok,,0.0,hardcoded_2020,ok
2026-09-23T06:12:18.538017+00:00,2025-10-26,2025,43,zone_A,-1.19,-1.12,-0.87,False,,0.0,0.0,58.637,15.821,97.483,-0.719,0,final,7,False,,3.2295,25.628,77.8311,0.732,0.9832,-0.1547,7,False,,,"AI_week unavailable (P_mm_week = 0, หารด้วยศูนย์ไม่ได้)",53819.91,,hardcoded_2020,ok
2026-09-23T06:12:18.538051+00:00,2025-10-26,2025,43,zone_B,-1.19,-1.12,-0.87,False,,0.0,0.0,58.637,15.821,97.483,-0.719,0,final,7,False,,3.2295,25.628,77.8311,0.732,0.9832,-0.1547,7,False,,,"AI_week unavailable (P_mm_week = 0, หารด้วยศูนย์ไม่ได้)",,11209.46,hardcoded_2020,ok
2026-09-23T06:12:42.863857+00:00,2025-11-02,2025,44,zone_A,-1.19,-1.12,-1.12,False,,86.453,69.235,0.0,58.637,28.483,0.47,0,final,7,False,,2.7219,25.6701,81.7825,0.6014,0.969,-0.1362,7,False,,0.03148415902282165,ok,0.0,,hardcoded_2020,ok
2026-09-23T06:12:42.863888+00:00,2025-11-02,2025,44,zone_B,-1.19,-1.12,-1.12,False,,86.453,69.162,0.0,58.637,28.483,0.47,0,final,7,False,,2.7219,25.6701,81.7825,0.6014,0.969,-0.1362,7,False,,0.03148415902282165,ok,,0.0,hardcoded_2020,ok
2026-09-23T06:12:58.509361+00:00,2025-11-09,2025,45,zone_A,-1.06,-1.19,-1.12,False,,123.559,100.775,86.453,0.0,15.821,1.714,0,final,7,False,,0.9607,24.7488,92.0112,0.254,0.7689,-0.1009,7,False,,0.007775232884694761,ok,0.0,,hardcoded_2020,ok
2026-09-23T06:12:58.509422+00:00,2025-11-09,2025,45,zone_B,-1.06,-1.19,-1.12,False,,123.559,98.847,86.453,0.0,15.821,1.714,0,final,7,False,,0.9607,24.7488,92.0112,0.254,0.7689,-0.1009,7,False,,0.007775232884694761,ok,,0.0,hardcoded_2020,ok
2026-09-23T06:13:11.503369+00:00,2025-11-16,2025,46,zone_A,-1.06,-1.19,-1.12,False,,0.0,0.0,123.559,86.453,58.637,1.732,0,final,7,False,,2.4438,25.4325,81.7997,0.589,0.9536,-0.1579,7,False,,,"AI_week unavailable (P_mm_week = 0, หารด้วยศูนย์ไม่ได้)",4.52,,hardcoded_2020,ok
2026-09-23T06:13:11.503400+00:00,2025-11-16,2025,46,zone_B,-1.06,-1.19,-1.12,False,,0.0,0.0,123.559,86.453,58.637,1.732,0,final,7,False,,2.4438,25.4325,81.7997,0.589,0.9536,-0.1579,7,False,,,"AI_week unavailable (P_mm_week = 0, หารด้วยศูนย์ไม่ได้)",,10.04,hardcoded_2020,ok
2026-09-23T06:13:26.420825+00:00,2025-11-23,2025,47,zone_A,-1.06,-1.19,-1.12,False,,3.168,0.0,0.0,123.559,0.0,1.97,0,final,7,False,,2.2339,20.5951,85.0281,0.3645,1.2425,-0.1581,7,False,,0.705145202020202,ok,4.13,,hardcoded_2020,ok
2026-09-23T06:13:26.420867+00:00,2025-11-23,2025,47,zone_B,-1.06,-1.19,-1.12,False,,3.168,2.534,0.0,123.559,0.0,1.97,0,final,7,False,,2.2339,20.5951,85.0281,0.3645,1.2425,-0.1581,7,False,,0.705145202020202,ok,,0.16,hardcoded_2020,ok
2026-09-23T06:13:38.136477+00:00,2025-11-30,2025,48,zone_A,-1.06,-1.19,-1.12,False,,7.281,1.938,3.168,0.0,86.453,1.886,0,final,7,False,,3.7149,18.5861,74.1313,0.5494,1.2859,-0.292,7,False,,0.5102183765966214,ok,3.76,,hardcoded_2020,ok
2026-09-23T06:13:38.136558+00:00,2025-11-30,2025,48,zone_B,-1.06,-1.19,-1.12,False,,7.281,5.824,3.168,0.0,86.453,1.886,0,final,7,False,,3.7149,18.5861,74.1313,0.5494,1.2859,-0.292,7,False,,0.5102183765966214,ok,,0.0,hardcoded_2020,ok
2026-09-23T06:13:53.248604+00:00,2025-12-07,2025,49,zone_A,-0.77,-1.06,-1.19,False,,5.048,0.041,7.281,3.168,123.559,-0.715,0,final,7,False,,1.9616,22.8269,77.1911,0.6352,0.7089,-0.2324,7,False,,0.38858954041204435,ok,3.56,,hardcoded_2020,ok
2026-09-23T06:13:53.248640+00:00,2025-12-07,2025,49,zone_B,-0.77,-1.06,-1.19,False,,5.048,4.039,7.281,3.168,123.559,-0.715,0,final,7,False,,1.9616,22.8269,77.1911,0.6352,0.7089,-0.2324,7,False,,0.38858954041204435,ok,,0.0,hardcoded_2020,ok
2026-09-23T06:14:05.696163+00:00,2025-12-14,2025,50,zone_A,-0.77,-1.06,-1.19,False,,3.962,0.0,5.048,7.281,0.0,-0.123,0,final,7,False,,1.698,21.7835,82.2702,0.4641,0.7136,-0.1581,7,False,,0.42857142857142855,ok,3.14,,hardcoded_2020,ok
2026-09-23T06:14:05.696195+00:00,2025-12-14,2025,50,zone_B,-0.77,-1.06,-1.19,False,,3.962,3.17,5.048,7.281,0.0,-0.123,0,final,7,False,,1.698,21.7835,82.2702,0.4641,0.7136,-0.1581,7,False,,0.42857142857142855,ok,,0.0,hardcoded_2020,ok
2026-09-23T06:14:20.955347+00:00,2025-12-21,2025,51,zone_A,-0.77,-1.06,-1.19,False,,0.0,0.0,3.962,5.048,3.168,-0.146,0,final,7,False,,2.3802,22.0898,80.5923,0.5185,0.9669,-0.2169,7,False,,,"AI_week unavailable (P_mm_week = 0, หารด้วยศูนย์ไม่ได้)",10381.72,,hardcoded_2020,ok
2026-09-23T06:14:20.955382+00:00,2025-12-21,2025,51,zone_B,-0.77,-1.06,-1.19,False,,0.0,0.0,3.962,5.048,3.168,-0.146,0,final,7,False,,2.3802,22.0898,80.5923,0.5185,0.9669,-0.2169,7,False,,,"AI_week unavailable (P_mm_week = 0, หารด้วยศูนย์ไม่ได้)",,4274.43,hardcoded_2020,ok
2026-09-23T06:14:34.347055+00:00,2025-12-28,2025,52,zone_A,-0.77,-1.06,-1.19,False,,0.0,0.0,0.0,3.962,7.281,0.158,0,final,7,False,,3.3641,23.208,71.4112,0.8164,0.8705,-0.2323,7,False,,,"AI_week unavailable (P_mm_week = 0, หารด้วยศูนย์ไม่ได้)",14673.19,,hardcoded_2020,ok
2026-09-23T06:14:34.347089+00:00,2025-12-28,2025,52,zone_B,-0.77,-1.06,-1.19,False,,0.0,0.0,0.0,3.962,7.281,0.158,0,final,7,False,,3.3641,23.208,71.4112,0.8164,0.8705,-0.2323,7,False,,,"AI_week unavailable (P_mm_week = 0, หารด้วยศูนย์ไม่ได้)",,6041.34,hardcoded_2020,ok
2026-09-23T09:46:12.508873+00:00,2026-09-23,2026,39,zone_A,2.54,2.54,2.41,False,,54.952,42.459,54.952,46.836,24.81,-0.718,0,rolling_estimate,7,True,,0.3996,26.1088,88.1487,0.4079,0.8618,-0.0937,2,True,,0.007271800844373272,low_confidence: CHIRPS เป็นค่า rolling estimate (สัปดาห์ปฏิทินยังไม่มีข้อมูลจริงเลย ใช้ค่า ประมาณจาก 7 วันล่าสุดที่มีข้อมูลจริงแทน); CHIRPS ของสัปดาห์นี้ยังไม่ครบ 7 วัน (as_of ไม่ใช่วันอาทิตย์); ERA5T มีข้อมูลแค่ 2/7 วันของสัปดาห์,0.0,,sar_live,ok
2026-09-23T09:46:12.513973+00:00,2026-09-23,2026,39,zone_B,2.54,2.54,2.41,False,,54.952,43.962,54.952,46.836,24.81,-0.718,0,rolling_estimate,7,True,,0.3996,26.1088,88.1487,0.4079,0.8618,-0.0937,2,True,,0.007271800844373272,low_confidence: CHIRPS เป็นค่า rolling estimate (สัปดาห์ปฏิทินยังไม่มีข้อมูลจริงเลย ใช้ค่า ประมาณจาก 7 วันล่าสุดที่มีข้อมูลจริงแทน); CHIRPS ของสัปดาห์นี้ยังไม่ครบ 7 วัน (as_of ไม่ใช่วันอาทิตย์); ERA5T มีข้อมูลแค่ 2/7 วันของสัปดาห์,,0.0,sar_live,ok
2026-09-24T02:22:54.865731+00:00,2026-09-24,2026,39,zone_A,2.54,2.54,2.41,False,,54.952,42.459,54.952,46.836,24.81,-0.718,0,rolling_estimate,7,True,,0.2532,25.1681,91.934,0.2581,0.8458,-0.1024,2,True,,0.004607657592080361,low_confidence: CHIRPS เป็นค่า rolling estimate (สัปดาห์ปฏิทินยังไม่มีข้อมูลจริงเลย ใช้ค่า ประมาณจาก 7 วันล่าสุดที่มีข้อมูลจริงแทน); CHIRPS ของสัปดาห์นี้ยังไม่ครบ 7 วัน (as_of ไม่ใช่วันอาทิตย์); ERA5T มีข้อมูลแค่ 2/7 วันของสัปดาห์,0.0,,sar_live,ok
2026-09-24T02:22:54.870785+00:00,2026-09-24,2026,39,zone_B,2.54,2.54,2.41,False,,54.952,43.962,54.952,46.836,24.81,-0.718,0,rolling_estimate,7,True,,0.2532,25.1681,91.934,0.2581,0.8458,-0.1024,2,True,,0.004607657592080361,low_confidence: CHIRPS เป็นค่า rolling estimate (สัปดาห์ปฏิทินยังไม่มีข้อมูลจริงเลย ใช้ค่า ประมาณจาก 7 วันล่าสุดที่มีข้อมูลจริงแทน); CHIRPS ของสัปดาห์นี้ยังไม่ครบ 7 วัน (as_of ไม่ใช่วันอาทิตย์); ERA5T มีข้อมูลแค่ 2/7 วันของสัปดาห์,,0.0,sar_live,ok
2026-09-24T02:36:10.443184+00:00,2026-09-24,2026,39,zone_A,2.54,2.54,2.41,False,,54.952,42.459,54.952,46.836,24.81,-0.718,0,rolling_estimate,7,True,,0.2532,25.1681,91.934,0.2581,0.8458,-0.1024,2,True,,0.004607657592080361,low_confidence: CHIRPS เป็นค่า rolling estimate (สัปดาห์ปฏิทินยังไม่มีข้อมูลจริงเลย ใช้ค่า ประมาณจาก 7 วันล่าสุดที่มีข้อมูลจริงแทน); CHIRPS ของสัปดาห์นี้ยังไม่ครบ 7 วัน (as_of ไม่ใช่วันอาทิตย์); ERA5T มีข้อมูลแค่ 2/7 วันของสัปดาห์,0.0,,sar_live,ok
2026-09-24T02:36:10.446033+00:00,2026-09-24,2026,39,zone_B,2.54,2.54,2.41,False,,54.952,43.962,54.952,46.836,24.81,-0.718,0,rolling_estimate,7,True,,0.2532,25.1681,91.934,0.2581,0.8458,-0.1024,2,True,,0.004607657592080361,low_confidence: CHIRPS เป็นค่า rolling estimate (สัปดาห์ปฏิทินยังไม่มีข้อมูลจริงเลย ใช้ค่า ประมาณจาก 7 วันล่าสุดที่มีข้อมูลจริงแทน); CHIRPS ของสัปดาห์นี้ยังไม่ครบ 7 วัน (as_of ไม่ใช่วันอาทิตย์); ERA5T มีข้อมูลแค่ 2/7 วันของสัปดาห์,,0.0,sar_live,ok
2026-09-25T01:49:23.962899+00:00,2026-09-25,2026,39,zone_A,2.54,2.54,2.41,False,,54.952,42.459,54.952,46.836,24.81,-0.718,0,rolling_estimate,7,True,,0.0851,25.6737,91.4954,0.2809,0.4013,-0.1188,2,True,,0.0015486242538943077,low_confidence: CHIRPS เป็นค่า rolling estimate (สัปดาห์ปฏิทินยังไม่มีข้อมูลจริงเลย ใช้ค่า ประมาณจาก 7 วันล่าสุดที่มีข้อมูลจริงแทน); CHIRPS ของสัปดาห์นี้ยังไม่ครบ 7 วัน (as_of ไม่ใช่วันอาทิตย์); ERA5T มีข้อมูลแค่ 2/7 วันของสัปดาห์,0.0,,sar_live,ok
2026-09-25T01:49:23.968173+00:00,2026-09-25,2026,39,zone_B,2.54,2.54,2.41,False,,54.952,43.962,54.952,46.836,24.81,-0.718,0,rolling_estimate,7,True,,0.0851,25.6737,91.4954,0.2809,0.4013,-0.1188,2,True,,0.0015486242538943077,low_confidence: CHIRPS เป็นค่า rolling estimate (สัปดาห์ปฏิทินยังไม่มีข้อมูลจริงเลย ใช้ค่า ประมาณจาก 7 วันล่าสุดที่มีข้อมูลจริงแทน); CHIRPS ของสัปดาห์นี้ยังไม่ครบ 7 วัน (as_of ไม่ใช่วันอาทิตย์); ERA5T มีข้อมูลแค่ 2/7 วันของสัปดาห์,,0.0,sar_live,ok
