station_code,measure_datetime,time,data,station_name,latitude,longitude,quality_flag,data_type
RES002,2026-06-27 00:00:00+07,0:00:00,0,อ่างเก็บน้ำแม่นาเรือ,19.09579,99.80992,N,rainfall_1h
RES002,2026-06-27 00:00:00+07,0:00:00,489.598,อ่างเก็บน้ำแม่นาเรือ,19.09579,99.80992,N,water_level
RES002,2026-06-27 00:10:00+07,0:10:00,0,อ่างเก็บน้ำแม่นาเรือ,19.09579,99.80992,N,rainfall_1h
RES002,2026-06-27 00:10:00+07,0:10:00,489.598,อ่างเก็บน้ำแม่นาเรือ,19.09579,99.80992,N,water_level
RES002,2026-06-27 00:20:00+07,0:20:00,489.598,อ่างเก็บน้ำแม่นาเรือ,19.09579,99.80992,N,water_level
RES002,2026-06-27 00:20:00+07,0:20:00,0,อ่างเก็บน้ำแม่นาเรือ,19.09579,99.80992,N,rainfall_1h
RES002,2026-06-27 00:30:00+07,0:30:00,0,อ่างเก็บน้ำแม่นาเรือ,19.09579,99.80992,N,rainfall_1h
RES002,2026-06-27 00:30:00+07,0:30:00,489.599,อ่างเก็บน้ำแม่นาเรือ,19.09579,99.80992,N,water_level
RES002,2026-06-27 00:40:00+07,0:40:00,489.599,อ่างเก็บน้ำแม่นาเรือ,19.09579,99.80992,N,water_level
RES002,2026-06-27 00:40:00+07,0:40:00,0,อ่างเก็บน้ำแม่นาเรือ,19.09579,99.80992,N,rainfall_1h
RES002,2026-06-27 00:50:00+07,0:50:00,0,อ่างเก็บน้ำแม่นาเรือ,19.09579,99.80992,N,rainfall_1h
RES002,2026-06-27 00:50:00+07,0:50:00,489.598,อ่างเก็บน้ำแม่นาเรือ,19.09579,99.80992,N,water_level
RES002,2026-06-27 01:00:00+07,1:00:00,0,อ่างเก็บน้ำแม่นาเรือ,19.09579,99.80992,N,rainfall_1h
RES002,2026-06-27 01:00:00+07,1:00:00,489.599,อ่างเก็บน้ำแม่นาเรือ,19.09579,99.80992,N,water_level
RES002,2026-06-27 01:10:00+07,1:10:00,0,อ่างเก็บน้ำแม่นาเรือ,19.09579,99.80992,N,rainfall_1h
RES002,2026-06-27 01:10:00+07,1:10:00,489.598,อ่างเก็บน้ำแม่นาเรือ,19.09579,99.80992,N,water_level
RES002,2026-06-27 01:20:00+07,1:20:00,0,อ่างเก็บน้ำแม่นาเรือ,19.09579,99.80992,N,rainfall_1h
RES002,2026-06-27 01:20:00+07,1:20:00,489.592,อ่างเก็บน้ำแม่นาเรือ,19.09579,99.80992,N,water_level
RES002,2026-06-27 01:30:00+07,1:30:00,0,อ่างเก็บน้ำแม่นาเรือ,19.09579,99.80992,N,rainfall_1h
RES002,2026-06-27 01:30:00+07,1:30:00,489.598,อ่างเก็บน้ำแม่นาเรือ,19.09579,99.80992,N,water_level
RES002,2026-06-27 01:40:00+07,1:40:00,489.598,อ่างเก็บน้ำแม่นาเรือ,19.09579,99.80992,N,water_level
RES002,2026-06-27 01:40:00+07,1:40:00,0,อ่างเก็บน้ำแม่นาเรือ,19.09579,99.80992,N,rainfall_1h
RES002,2026-06-27 01:50:00+07,1:50:00,0,อ่างเก็บน้ำแม่นาเรือ,19.09579,99.80992,N,rainfall_1h
RES002,2026-06-27 01:50:00+07,1:50:00,489.598,อ่างเก็บน้ำแม่นาเรือ,19.09579,99.80992,N,water_level
RES002,2026-06-27 02:00:00+07,2:00:00,0,อ่างเก็บน้ำแม่นาเรือ,19.09579,99.80992,N,rainfall_1h
RES002,2026-06-27 02:00:00+07,2:00:00,489.598,อ่างเก็บน้ำแม่นาเรือ,19.09579,99.80992,N,water_level
RES002,2026-06-27 02:10:00+07,2:10:00,0,อ่างเก็บน้ำแม่นาเรือ,19.09579,99.80992,N,rainfall_1h
RES002,2026-06-27 02:10:00+07,2:10:00,489.598,อ่างเก็บน้ำแม่นาเรือ,19.09579,99.80992,N,water_level
RES002,2026-06-27 02:20:00+07,2:20:00,0,อ่างเก็บน้ำแม่นาเรือ,19.09579,99.80992,N,rainfall_1h
RES002,2026-06-27 02:20:00+07,2:20:00,489.598,อ่างเก็บน้ำแม่นาเรือ,19.09579,99.80992,N,water_level
RES002,2026-06-27 02:30:00+07,2:30:00,0,อ่างเก็บน้ำแม่นาเรือ,19.09579,99.80992,N,rainfall_1h
RES002,2026-06-27 02:30:00+07,2:30:00,489.598,อ่างเก็บน้ำแม่นาเรือ,19.09579,99.80992,N,water_level
RES002,2026-06-27 02:40:00+07,2:40:00,0,อ่างเก็บน้ำแม่นาเรือ,19.09579,99.80992,N,rainfall_1h
RES002,2026-06-27 02:40:00+07,2:40:00,489.598,อ่างเก็บน้ำแม่นาเรือ,19.09579,99.80992,N,water_level
RES002,2026-06-27 02:50:00+07,2:50:00,0,อ่างเก็บน้ำแม่นาเรือ,19.09579,99.80992,N,rainfall_1h
RES002,2026-06-27 02:50:00+07,2:50:00,489.598,อ่างเก็บน้ำแม่นาเรือ,19.09579,99.80992,N,water_level
RES002,2026-06-27 03:00:00+07,3:00:00,0,อ่างเก็บน้ำแม่นาเรือ,19.09579,99.80992,N,rainfall_1h
RES002,2026-06-27 03:00:00+07,3:00:00,489.598,อ่างเก็บน้ำแม่นาเรือ,19.09579,99.80992,N,water_level
RES002,2026-06-27 03:10:00+07,3:10:00,0,อ่างเก็บน้ำแม่นาเรือ,19.09579,99.80992,N,rainfall_1h
RES002,2026-06-27 03:10:00+07,3:10:00,489.599,อ่างเก็บน้ำแม่นาเรือ,19.09579,99.80992,N,water_level
RES002,2026-06-27 03:20:00+07,3:20:00,0,อ่างเก็บน้ำแม่นาเรือ,19.09579,99.80992,N,rainfall_1h
RES002,2026-06-27 03:20:00+07,3:20:00,489.599,อ่างเก็บน้ำแม่นาเรือ,19.09579,99.80992,N,water_level
RES002,2026-06-27 03:30:00+07,3:30:00,489.598,อ่างเก็บน้ำแม่นาเรือ,19.09579,99.80992,N,water_level
RES002,2026-06-27 03:30:00+07,3:30:00,0,อ่างเก็บน้ำแม่นาเรือ,19.09579,99.80992,N,rainfall_1h
RES002,2026-06-27 03:40:00+07,3:40:00,489.599,อ่างเก็บน้ำแม่นาเรือ,19.09579,99.80992,N,water_level
RES002,2026-06-27 03:40:00+07,3:40:00,0,อ่างเก็บน้ำแม่นาเรือ,19.09579,99.80992,N,rainfall_1h
RES002,2026-06-27 03:50:00+07,3:50:00,0,อ่างเก็บน้ำแม่นาเรือ,19.09579,99.80992,N,rainfall_1h
RES002,2026-06-27 03:50:00+07,3:50:00,489.598,อ่างเก็บน้ำแม่นาเรือ,19.09579,99.80992,N,water_level
RES002,2026-06-27 04:00:00+07,4:00:00,489.598,อ่างเก็บน้ำแม่นาเรือ,19.09579,99.80992,N,water_level
RES002,2026-06-27 04:00:00+07,4:00:00,0,อ่างเก็บน้ำแม่นาเรือ,19.09579,99.80992,N,rainfall_1h
RES002,2026-06-27 04:10:00+07,4:10:00,0,อ่างเก็บน้ำแม่นาเรือ,19.09579,99.80992,N,rainfall_1h
RES002,2026-06-27 04:10:00+07,4:10:00,489.599,อ่างเก็บน้ำแม่นาเรือ,19.09579,99.80992,N,water_level
RES002,2026-06-27 04:20:00+07,4:20:00,489.598,อ่างเก็บน้ำแม่นาเรือ,19.09579,99.80992,N,water_level
RES002,2026-06-27 04:20:00+07,4:20:00,0,อ่างเก็บน้ำแม่นาเรือ,19.09579,99.80992,N,rainfall_1h
RES002,2026-06-27 04:30:00+07,4:30:00,0,อ่างเก็บน้ำแม่นาเรือ,19.09579,99.80992,N,rainfall_1h
RES002,2026-06-27 04:30:00+07,4:30:00,489.598,อ่างเก็บน้ำแม่นาเรือ,19.09579,99.80992,N,water_level
RES002,2026-06-27 04:40:00+07,4:40:00,489.598,อ่างเก็บน้ำแม่นาเรือ,19.09579,99.80992,N,water_level
RES002,2026-06-27 04:40:00+07,4:40:00,0,อ่างเก็บน้ำแม่นาเรือ,19.09579,99.80992,N,rainfall_1h
RES002,2026-06-27 04:50:00+07,4:50:00,489.599,อ่างเก็บน้ำแม่นาเรือ,19.09579,99.80992,N,water_level
RES002,2026-06-27 04:50:00+07,4:50:00,0,อ่างเก็บน้ำแม่นาเรือ,19.09579,99.80992,N,rainfall_1h
RES002,2026-06-27 05:00:00+07,5:00:00,489.599,อ่างเก็บน้ำแม่นาเรือ,19.09579,99.80992,N,water_level
RES002,2026-06-27 05:00:00+07,5:00:00,0,อ่างเก็บน้ำแม่นาเรือ,19.09579,99.80992,N,rainfall_1h
RES002,2026-06-27 05:10:00+07,5:10:00,489.598,อ่างเก็บน้ำแม่นาเรือ,19.09579,99.80992,N,water_level
RES002,2026-06-27 05:10:00+07,5:10:00,0,อ่างเก็บน้ำแม่นาเรือ,19.09579,99.80992,N,rainfall_1h
RES002,2026-06-27 05:20:00+07,5:20:00,489.598,อ่างเก็บน้ำแม่นาเรือ,19.09579,99.80992,N,water_level
RES002,2026-06-27 05:20:00+07,5:20:00,0,อ่างเก็บน้ำแม่นาเรือ,19.09579,99.80992,N,rainfall_1h
RES002,2026-06-27 05:30:00+07,5:30:00,0,อ่างเก็บน้ำแม่นาเรือ,19.09579,99.80992,N,rainfall_1h
RES002,2026-06-27 05:30:00+07,5:30:00,489.598,อ่างเก็บน้ำแม่นาเรือ,19.09579,99.80992,N,water_level
RES002,2026-06-27 05:40:00+07,5:40:00,0,อ่างเก็บน้ำแม่นาเรือ,19.09579,99.80992,N,rainfall_1h
RES002,2026-06-27 05:40:00+07,5:40:00,489.598,อ่างเก็บน้ำแม่นาเรือ,19.09579,99.80992,N,water_level
RES002,2026-06-27 05:50:00+07,5:50:00,0,อ่างเก็บน้ำแม่นาเรือ,19.09579,99.80992,N,rainfall_1h
RES002,2026-06-27 05:50:00+07,5:50:00,489.592,อ่างเก็บน้ำแม่นาเรือ,19.09579,99.80992,N,water_level
RES002,2026-06-27 06:00:00+07,6:00:00,0,อ่างเก็บน้ำแม่นาเรือ,19.09579,99.80992,N,rainfall_1h
RES002,2026-06-27 06:00:00+07,6:00:00,489.592,อ่างเก็บน้ำแม่นาเรือ,19.09579,99.80992,N,water_level
RES002,2026-06-27 06:10:00+07,6:10:00,0,อ่างเก็บน้ำแม่นาเรือ,19.09579,99.80992,N,rainfall_1h
RES002,2026-06-27 06:10:00+07,6:10:00,489.598,อ่างเก็บน้ำแม่นาเรือ,19.09579,99.80992,N,water_level
RES002,2026-06-27 06:20:00+07,6:20:00,0,อ่างเก็บน้ำแม่นาเรือ,19.09579,99.80992,N,rainfall_1h
RES002,2026-06-27 06:20:00+07,6:20:00,489.592,อ่างเก็บน้ำแม่นาเรือ,19.09579,99.80992,N,water_level
RES002,2026-06-27 06:30:00+07,6:30:00,0,อ่างเก็บน้ำแม่นาเรือ,19.09579,99.80992,N,rainfall_1h
RES002,2026-06-27 06:30:00+07,6:30:00,489.598,อ่างเก็บน้ำแม่นาเรือ,19.09579,99.80992,N,water_level
RES002,2026-06-27 06:40:00+07,6:40:00,0,อ่างเก็บน้ำแม่นาเรือ,19.09579,99.80992,N,rainfall_1h
RES002,2026-06-27 06:40:00+07,6:40:00,489.599,อ่างเก็บน้ำแม่นาเรือ,19.09579,99.80992,N,water_level
RES002,2026-06-27 06:50:00+07,6:50:00,0,อ่างเก็บน้ำแม่นาเรือ,19.09579,99.80992,N,rainfall_1h
RES002,2026-06-27 06:50:00+07,6:50:00,489.592,อ่างเก็บน้ำแม่นาเรือ,19.09579,99.80992,N,water_level
RES002,2026-06-27 07:00:00+07,7:00:00,0,อ่างเก็บน้ำแม่นาเรือ,19.09579,99.80992,N,rainfall_1h
RES002,2026-06-27 07:00:00+07,7:00:00,489.592,อ่างเก็บน้ำแม่นาเรือ,19.09579,99.80992,N,water_level
RES002,2026-06-27 07:10:00+07,7:10:00,0,อ่างเก็บน้ำแม่นาเรือ,19.09579,99.80992,N,rainfall_1h
RES002,2026-06-27 07:10:00+07,7:10:00,489.591,อ่างเก็บน้ำแม่นาเรือ,19.09579,99.80992,N,water_level
RES002,2026-06-27 07:20:00+07,7:20:00,0,อ่างเก็บน้ำแม่นาเรือ,19.09579,99.80992,N,rainfall_1h
RES002,2026-06-27 07:20:00+07,7:20:00,489.591,อ่างเก็บน้ำแม่นาเรือ,19.09579,99.80992,N,water_level
RES002,2026-06-27 07:30:00+07,7:30:00,0,อ่างเก็บน้ำแม่นาเรือ,19.09579,99.80992,N,rainfall_1h
RES002,2026-06-27 07:30:00+07,7:30:00,489.591,อ่างเก็บน้ำแม่นาเรือ,19.09579,99.80992,N,water_level
RES002,2026-06-27 07:40:00+07,7:40:00,0,อ่างเก็บน้ำแม่นาเรือ,19.09579,99.80992,N,rainfall_1h
RES002,2026-06-27 07:40:00+07,7:40:00,489.591,อ่างเก็บน้ำแม่นาเรือ,19.09579,99.80992,N,water_level
RES002,2026-06-27 07:50:00+07,7:50:00,0,อ่างเก็บน้ำแม่นาเรือ,19.09579,99.80992,N,rainfall_1h
RES002,2026-06-27 07:50:00+07,7:50:00,489.592,อ่างเก็บน้ำแม่นาเรือ,19.09579,99.80992,N,water_level
RES002,2026-06-27 08:00:00+07,8:00:00,489.591,อ่างเก็บน้ำแม่นาเรือ,19.09579,99.80992,N,water_level
RES002,2026-06-27 08:00:00+07,8:00:00,0,อ่างเก็บน้ำแม่นาเรือ,19.09579,99.80992,N,rainfall_1h
RES002,2026-06-27 08:10:00+07,8:10:00,0,อ่างเก็บน้ำแม่นาเรือ,19.09579,99.80992,N,rainfall_1h
RES002,2026-06-27 08:10:00+07,8:10:00,489.591,อ่างเก็บน้ำแม่นาเรือ,19.09579,99.80992,N,water_level
RES002,2026-06-27 08:20:00+07,8:20:00,489.591,อ่างเก็บน้ำแม่นาเรือ,19.09579,99.80992,N,water_level
RES002,2026-06-27 08:20:00+07,8:20:00,0,อ่างเก็บน้ำแม่นาเรือ,19.09579,99.80992,N,rainfall_1h
RES002,2026-06-27 08:30:00+07,8:30:00,489.591,อ่างเก็บน้ำแม่นาเรือ,19.09579,99.80992,N,water_level
RES002,2026-06-27 08:30:00+07,8:30:00,0,อ่างเก็บน้ำแม่นาเรือ,19.09579,99.80992,N,rainfall_1h
RES002,2026-06-27 08:40:00+07,8:40:00,0,อ่างเก็บน้ำแม่นาเรือ,19.09579,99.80992,N,rainfall_1h
RES002,2026-06-27 08:40:00+07,8:40:00,489.585,อ่างเก็บน้ำแม่นาเรือ,19.09579,99.80992,N,water_level
RES002,2026-06-27 08:50:00+07,8:50:00,489.585,อ่างเก็บน้ำแม่นาเรือ,19.09579,99.80992,N,water_level
RES002,2026-06-27 08:50:00+07,8:50:00,0,อ่างเก็บน้ำแม่นาเรือ,19.09579,99.80992,N,rainfall_1h
RES002,2026-06-27 09:00:00+07,9:00:00,0,อ่างเก็บน้ำแม่นาเรือ,19.09579,99.80992,N,rainfall_1h
RES002,2026-06-27 09:00:00+07,9:00:00,489.579,อ่างเก็บน้ำแม่นาเรือ,19.09579,99.80992,N,water_level
RES002,2026-06-27 09:10:00+07,9:10:00,0,อ่างเก็บน้ำแม่นาเรือ,19.09579,99.80992,N,rainfall_1h
RES002,2026-06-27 09:10:00+07,9:10:00,489.578,อ่างเก็บน้ำแม่นาเรือ,19.09579,99.80992,N,water_level
RES002,2026-06-27 09:20:00+07,9:20:00,0,อ่างเก็บน้ำแม่นาเรือ,19.09579,99.80992,N,rainfall_1h
RES002,2026-06-27 09:20:00+07,9:20:00,489.584,อ่างเก็บน้ำแม่นาเรือ,19.09579,99.80992,N,water_level
RES002,2026-06-27 09:30:00+07,9:30:00,489.585,อ่างเก็บน้ำแม่นาเรือ,19.09579,99.80992,N,water_level
RES002,2026-06-27 09:30:00+07,9:30:00,0,อ่างเก็บน้ำแม่นาเรือ,19.09579,99.80992,N,rainfall_1h
RES002,2026-06-27 09:40:00+07,9:40:00,489.585,อ่างเก็บน้ำแม่นาเรือ,19.09579,99.80992,N,water_level
RES002,2026-06-27 09:40:00+07,9:40:00,0,อ่างเก็บน้ำแม่นาเรือ,19.09579,99.80992,N,rainfall_1h
RES002,2026-06-27 09:50:00+07,9:50:00,489.578,อ่างเก็บน้ำแม่นาเรือ,19.09579,99.80992,N,water_level
RES002,2026-06-27 09:50:00+07,9:50:00,0,อ่างเก็บน้ำแม่นาเรือ,19.09579,99.80992,N,rainfall_1h
RES002,2026-06-27 10:00:00+07,10:00:00,0,อ่างเก็บน้ำแม่นาเรือ,19.09579,99.80992,N,rainfall_1h
RES002,2026-06-27 10:00:00+07,10:00:00,489.578,อ่างเก็บน้ำแม่นาเรือ,19.09579,99.80992,N,water_level
RES002,2026-06-27 10:10:00+07,10:10:00,0,อ่างเก็บน้ำแม่นาเรือ,19.09579,99.80992,N,rainfall_1h
RES002,2026-06-27 10:10:00+07,10:10:00,489.578,อ่างเก็บน้ำแม่นาเรือ,19.09579,99.80992,N,water_level
RES002,2026-06-27 10:20:00+07,10:20:00,0,อ่างเก็บน้ำแม่นาเรือ,19.09579,99.80992,N,rainfall_1h
RES002,2026-06-27 10:20:00+07,10:20:00,489.584,อ่างเก็บน้ำแม่นาเรือ,19.09579,99.80992,N,water_level
RES002,2026-06-27 10:30:00+07,10:30:00,0,อ่างเก็บน้ำแม่นาเรือ,19.09579,99.80992,N,rainfall_1h
RES002,2026-06-27 10:30:00+07,10:30:00,489.584,อ่างเก็บน้ำแม่นาเรือ,19.09579,99.80992,N,water_level
RES002,2026-06-27 10:40:00+07,10:40:00,489.584,อ่างเก็บน้ำแม่นาเรือ,19.09579,99.80992,N,water_level
RES002,2026-06-27 10:40:00+07,10:40:00,0,อ่างเก็บน้ำแม่นาเรือ,19.09579,99.80992,N,rainfall_1h
RES002,2026-06-27 10:50:00+07,10:50:00,0,อ่างเก็บน้ำแม่นาเรือ,19.09579,99.80992,N,rainfall_1h
RES002,2026-06-27 10:50:00+07,10:50:00,489.578,อ่างเก็บน้ำแม่นาเรือ,19.09579,99.80992,N,water_level
RES002,2026-06-27 11:00:00+07,11:00:00,0,อ่างเก็บน้ำแม่นาเรือ,19.09579,99.80992,N,rainfall_1h
RES002,2026-06-27 11:00:00+07,11:00:00,489.585,อ่างเก็บน้ำแม่นาเรือ,19.09579,99.80992,N,water_level
RES002,2026-06-27 11:10:00+07,11:10:00,0,อ่างเก็บน้ำแม่นาเรือ,19.09579,99.80992,N,rainfall_1h
RES002,2026-06-27 11:10:00+07,11:10:00,489.584,อ่างเก็บน้ำแม่นาเรือ,19.09579,99.80992,N,water_level
RES002,2026-06-27 11:20:00+07,11:20:00,0,อ่างเก็บน้ำแม่นาเรือ,19.09579,99.80992,N,rainfall_1h
RES002,2026-06-27 11:20:00+07,11:20:00,489.584,อ่างเก็บน้ำแม่นาเรือ,19.09579,99.80992,N,water_level
RES002,2026-06-27 11:30:00+07,11:30:00,0,อ่างเก็บน้ำแม่นาเรือ,19.09579,99.80992,N,rainfall_1h
RES002,2026-06-27 11:30:00+07,11:30:00,489.578,อ่างเก็บน้ำแม่นาเรือ,19.09579,99.80992,N,water_level
RES002,2026-06-27 11:40:00+07,11:40:00,0,อ่างเก็บน้ำแม่นาเรือ,19.09579,99.80992,N,rainfall_1h
RES002,2026-06-27 11:40:00+07,11:40:00,489.578,อ่างเก็บน้ำแม่นาเรือ,19.09579,99.80992,N,water_level
RES002,2026-06-27 11:50:00+07,11:50:00,0,อ่างเก็บน้ำแม่นาเรือ,19.09579,99.80992,N,rainfall_1h
RES002,2026-06-27 11:50:00+07,11:50:00,489.584,อ่างเก็บน้ำแม่นาเรือ,19.09579,99.80992,N,water_level
RES002,2026-06-27 12:00:00+07,12:00:00,0,อ่างเก็บน้ำแม่นาเรือ,19.09579,99.80992,N,rainfall_1h
RES002,2026-06-27 12:00:00+07,12:00:00,489.578,อ่างเก็บน้ำแม่นาเรือ,19.09579,99.80992,N,water_level
RES002,2026-06-27 12:10:00+07,12:10:00,0,อ่างเก็บน้ำแม่นาเรือ,19.09579,99.80992,N,rainfall_1h
RES002,2026-06-27 12:10:00+07,12:10:00,489.584,อ่างเก็บน้ำแม่นาเรือ,19.09579,99.80992,N,water_level
RES002,2026-06-27 12:20:00+07,12:20:00,0,อ่างเก็บน้ำแม่นาเรือ,19.09579,99.80992,N,rainfall_1h
RES002,2026-06-27 12:20:00+07,12:20:00,489.584,อ่างเก็บน้ำแม่นาเรือ,19.09579,99.80992,N,water_level
RES002,2026-06-27 12:30:00+07,12:30:00,0,อ่างเก็บน้ำแม่นาเรือ,19.09579,99.80992,N,rainfall_1h
RES002,2026-06-27 12:30:00+07,12:30:00,489.572,อ่างเก็บน้ำแม่นาเรือ,19.09579,99.80992,N,water_level
RES002,2026-06-27 12:40:00+07,12:40:00,0,อ่างเก็บน้ำแม่นาเรือ,19.09579,99.80992,N,rainfall_1h
RES002,2026-06-27 12:40:00+07,12:40:00,489.584,อ่างเก็บน้ำแม่นาเรือ,19.09579,99.80992,N,water_level
RES002,2026-06-27 12:50:00+07,12:50:00,489.577,อ่างเก็บน้ำแม่นาเรือ,19.09579,99.80992,N,water_level
RES002,2026-06-27 12:50:00+07,12:50:00,0,อ่างเก็บน้ำแม่นาเรือ,19.09579,99.80992,N,rainfall_1h
RES002,2026-06-27 13:00:00+07,13:00:00,0,อ่างเก็บน้ำแม่นาเรือ,19.09579,99.80992,N,rainfall_1h
RES002,2026-06-27 13:00:00+07,13:00:00,489.584,อ่างเก็บน้ำแม่นาเรือ,19.09579,99.80992,N,water_level
RES002,2026-06-27 13:10:00+07,13:10:00,0,อ่างเก็บน้ำแม่นาเรือ,19.09579,99.80992,N,rainfall_1h
RES002,2026-06-27 13:10:00+07,13:10:00,489.584,อ่างเก็บน้ำแม่นาเรือ,19.09579,99.80992,N,water_level
RES002,2026-06-27 13:20:00+07,13:20:00,489.584,อ่างเก็บน้ำแม่นาเรือ,19.09579,99.80992,N,water_level
RES002,2026-06-27 13:20:00+07,13:20:00,0,อ่างเก็บน้ำแม่นาเรือ,19.09579,99.80992,N,rainfall_1h
RES002,2026-06-27 13:30:00+07,13:30:00,0,อ่างเก็บน้ำแม่นาเรือ,19.09579,99.80992,N,rainfall_1h
RES002,2026-06-27 13:30:00+07,13:30:00,489.59,อ่างเก็บน้ำแม่นาเรือ,19.09579,99.80992,N,water_level
RES002,2026-06-27 13:40:00+07,13:40:00,0,อ่างเก็บน้ำแม่นาเรือ,19.09579,99.80992,N,rainfall_1h
RES002,2026-06-27 13:40:00+07,13:40:00,489.591,อ่างเก็บน้ำแม่นาเรือ,19.09579,99.80992,N,water_level
RES002,2026-06-27 13:50:00+07,13:50:00,0,อ่างเก็บน้ำแม่นาเรือ,19.09579,99.80992,N,rainfall_1h
RES002,2026-06-27 13:50:00+07,13:50:00,489.591,อ่างเก็บน้ำแม่นาเรือ,19.09579,99.80992,N,water_level
RES002,2026-06-27 14:00:00+07,14:00:00,489.578,อ่างเก็บน้ำแม่นาเรือ,19.09579,99.80992,N,water_level
RES002,2026-06-27 14:00:00+07,14:00:00,0,อ่างเก็บน้ำแม่นาเรือ,19.09579,99.80992,N,rainfall_1h
RES002,2026-06-27 14:10:00+07,14:10:00,0,อ่างเก็บน้ำแม่นาเรือ,19.09579,99.80992,N,rainfall_1h
RES002,2026-06-27 14:10:00+07,14:10:00,489.578,อ่างเก็บน้ำแม่นาเรือ,19.09579,99.80992,N,water_level
RES002,2026-06-27 14:20:00+07,14:20:00,0,อ่างเก็บน้ำแม่นาเรือ,19.09579,99.80992,N,rainfall_1h
RES002,2026-06-27 14:20:00+07,14:20:00,489.579,อ่างเก็บน้ำแม่นาเรือ,19.09579,99.80992,N,water_level
RES002,2026-06-27 14:30:00+07,14:30:00,0,อ่างเก็บน้ำแม่นาเรือ,19.09579,99.80992,N,rainfall_1h
RES002,2026-06-27 14:30:00+07,14:30:00,489.578,อ่างเก็บน้ำแม่นาเรือ,19.09579,99.80992,N,water_level
RES002,2026-06-27 14:40:00+07,14:40:00,0,อ่างเก็บน้ำแม่นาเรือ,19.09579,99.80992,N,rainfall_1h
RES002,2026-06-27 14:40:00+07,14:40:00,489.566,อ่างเก็บน้ำแม่นาเรือ,19.09579,99.80992,N,water_level
RES002,2026-06-27 14:50:00+07,14:50:00,489.578,อ่างเก็บน้ำแม่นาเรือ,19.09579,99.80992,N,water_level
RES002,2026-06-27 14:50:00+07,14:50:00,0,อ่างเก็บน้ำแม่นาเรือ,19.09579,99.80992,N,rainfall_1h
RES002,2026-06-27 15:00:00+07,15:00:00,489.578,อ่างเก็บน้ำแม่นาเรือ,19.09579,99.80992,N,water_level
RES002,2026-06-27 15:00:00+07,15:00:00,0,อ่างเก็บน้ำแม่นาเรือ,19.09579,99.80992,N,rainfall_1h
RES002,2026-06-27 15:10:00+07,15:10:00,0,อ่างเก็บน้ำแม่นาเรือ,19.09579,99.80992,N,rainfall_1h
RES002,2026-06-27 15:10:00+07,15:10:00,489.585,อ่างเก็บน้ำแม่นาเรือ,19.09579,99.80992,N,water_level
RES002,2026-06-27 15:20:00+07,15:20:00,0,อ่างเก็บน้ำแม่นาเรือ,19.09579,99.80992,N,rainfall_1h
RES002,2026-06-27 15:20:00+07,15:20:00,489.585,อ่างเก็บน้ำแม่นาเรือ,19.09579,99.80992,N,water_level
RES002,2026-06-27 15:30:00+07,15:30:00,489.585,อ่างเก็บน้ำแม่นาเรือ,19.09579,99.80992,N,water_level
RES002,2026-06-27 15:30:00+07,15:30:00,0,อ่างเก็บน้ำแม่นาเรือ,19.09579,99.80992,N,rainfall_1h
RES002,2026-06-27 15:40:00+07,15:40:00,0,อ่างเก็บน้ำแม่นาเรือ,19.09579,99.80992,N,rainfall_1h
RES002,2026-06-27 15:40:00+07,15:40:00,489.585,อ่างเก็บน้ำแม่นาเรือ,19.09579,99.80992,N,water_level
RES002,2026-06-27 15:50:00+07,15:50:00,0,อ่างเก็บน้ำแม่นาเรือ,19.09579,99.80992,N,rainfall_1h
RES002,2026-06-27 15:50:00+07,15:50:00,489.572,อ่างเก็บน้ำแม่นาเรือ,19.09579,99.80992,N,water_level
RES002,2026-06-27 16:00:00+07,16:00:00,489.572,อ่างเก็บน้ำแม่นาเรือ,19.09579,99.80992,N,water_level
RES002,2026-06-27 16:00:00+07,16:00:00,0,อ่างเก็บน้ำแม่นาเรือ,19.09579,99.80992,N,rainfall_1h
RES002,2026-06-27 16:10:00+07,16:10:00,0,อ่างเก็บน้ำแม่นาเรือ,19.09579,99.80992,N,rainfall_1h
RES002,2026-06-27 16:10:00+07,16:10:00,489.572,อ่างเก็บน้ำแม่นาเรือ,19.09579,99.80992,N,water_level
RES002,2026-06-27 16:20:00+07,16:20:00,0,อ่างเก็บน้ำแม่นาเรือ,19.09579,99.80992,N,rainfall_1h
RES002,2026-06-27 16:20:00+07,16:20:00,489.578,อ่างเก็บน้ำแม่นาเรือ,19.09579,99.80992,N,water_level
RES002,2026-06-27 16:30:00+07,16:30:00,0,อ่างเก็บน้ำแม่นาเรือ,19.09579,99.80992,N,rainfall_1h
RES002,2026-06-27 16:30:00+07,16:30:00,489.572,อ่างเก็บน้ำแม่นาเรือ,19.09579,99.80992,N,water_level
RES002,2026-06-27 16:40:00+07,16:40:00,489.577,อ่างเก็บน้ำแม่นาเรือ,19.09579,99.80992,N,water_level
RES002,2026-06-27 16:40:00+07,16:40:00,0,อ่างเก็บน้ำแม่นาเรือ,19.09579,99.80992,N,rainfall_1h
RES002,2026-06-27 16:50:00+07,16:50:00,0,อ่างเก็บน้ำแม่นาเรือ,19.09579,99.80992,N,rainfall_1h
RES002,2026-06-27 16:50:00+07,16:50:00,489.577,อ่างเก็บน้ำแม่นาเรือ,19.09579,99.80992,N,water_level
RES002,2026-06-27 17:00:00+07,17:00:00,489.578,อ่างเก็บน้ำแม่นาเรือ,19.09579,99.80992,N,water_level
RES002,2026-06-27 17:00:00+07,17:00:00,0,อ่างเก็บน้ำแม่นาเรือ,19.09579,99.80992,N,rainfall_1h
RES002,2026-06-27 17:10:00+07,17:10:00,0,อ่างเก็บน้ำแม่นาเรือ,19.09579,99.80992,N,rainfall_1h
RES002,2026-06-27 17:10:00+07,17:10:00,489.584,อ่างเก็บน้ำแม่นาเรือ,19.09579,99.80992,N,water_level
RES002,2026-06-27 17:20:00+07,17:20:00,489.59,อ่างเก็บน้ำแม่นาเรือ,19.09579,99.80992,N,water_level
RES002,2026-06-27 17:20:00+07,17:20:00,0,อ่างเก็บน้ำแม่นาเรือ,19.09579,99.80992,N,rainfall_1h
RES002,2026-06-27 17:30:00+07,17:30:00,0,อ่างเก็บน้ำแม่นาเรือ,19.09579,99.80992,N,rainfall_1h
RES002,2026-06-27 17:30:00+07,17:30:00,489.59,อ่างเก็บน้ำแม่นาเรือ,19.09579,99.80992,N,water_level
RES002,2026-06-27 17:40:00+07,17:40:00,489.59,อ่างเก็บน้ำแม่นาเรือ,19.09579,99.80992,N,water_level
RES002,2026-06-27 17:40:00+07,17:40:00,0,อ่างเก็บน้ำแม่นาเรือ,19.09579,99.80992,N,rainfall_1h
RES002,2026-06-27 17:50:00+07,17:50:00,0,อ่างเก็บน้ำแม่นาเรือ,19.09579,99.80992,N,rainfall_1h
RES002,2026-06-27 17:50:00+07,17:50:00,489.59,อ่างเก็บน้ำแม่นาเรือ,19.09579,99.80992,N,water_level
RES002,2026-06-27 18:00:00+07,18:00:00,0,อ่างเก็บน้ำแม่นาเรือ,19.09579,99.80992,N,rainfall_1h
RES002,2026-06-27 18:00:00+07,18:00:00,489.591,อ่างเก็บน้ำแม่นาเรือ,19.09579,99.80992,N,water_level
RES002,2026-06-27 18:10:00+07,18:10:00,489.585,อ่างเก็บน้ำแม่นาเรือ,19.09579,99.80992,N,water_level
RES002,2026-06-27 18:10:00+07,18:10:00,0,อ่างเก็บน้ำแม่นาเรือ,19.09579,99.80992,N,rainfall_1h
RES002,2026-06-27 18:20:00+07,18:20:00,0,อ่างเก็บน้ำแม่นาเรือ,19.09579,99.80992,N,rainfall_1h
RES002,2026-06-27 18:20:00+07,18:20:00,489.585,อ่างเก็บน้ำแม่นาเรือ,19.09579,99.80992,N,water_level
RES002,2026-06-27 18:30:00+07,18:30:00,0,อ่างเก็บน้ำแม่นาเรือ,19.09579,99.80992,N,rainfall_1h
RES002,2026-06-27 18:30:00+07,18:30:00,489.585,อ่างเก็บน้ำแม่นาเรือ,19.09579,99.80992,N,water_level
RES002,2026-06-27 18:40:00+07,18:40:00,0,อ่างเก็บน้ำแม่นาเรือ,19.09579,99.80992,N,rainfall_1h
RES002,2026-06-27 18:40:00+07,18:40:00,489.591,อ่างเก็บน้ำแม่นาเรือ,19.09579,99.80992,N,water_level
RES002,2026-06-27 18:50:00+07,18:50:00,0,อ่างเก็บน้ำแม่นาเรือ,19.09579,99.80992,N,rainfall_1h
RES002,2026-06-27 18:50:00+07,18:50:00,489.591,อ่างเก็บน้ำแม่นาเรือ,19.09579,99.80992,N,water_level
RES002,2026-06-27 19:00:00+07,19:00:00,0,อ่างเก็บน้ำแม่นาเรือ,19.09579,99.80992,N,rainfall_1h
RES002,2026-06-27 19:00:00+07,19:00:00,489.591,อ่างเก็บน้ำแม่นาเรือ,19.09579,99.80992,N,water_level
RES002,2026-06-27 19:10:00+07,19:10:00,489.591,อ่างเก็บน้ำแม่นาเรือ,19.09579,99.80992,N,water_level
RES002,2026-06-27 19:10:00+07,19:10:00,0,อ่างเก็บน้ำแม่นาเรือ,19.09579,99.80992,N,rainfall_1h
RES002,2026-06-27 19:20:00+07,19:20:00,0,อ่างเก็บน้ำแม่นาเรือ,19.09579,99.80992,N,rainfall_1h
RES002,2026-06-27 19:20:00+07,19:20:00,489.591,อ่างเก็บน้ำแม่นาเรือ,19.09579,99.80992,N,water_level
RES002,2026-06-27 19:30:00+07,19:30:00,0,อ่างเก็บน้ำแม่นาเรือ,19.09579,99.80992,N,rainfall_1h
RES002,2026-06-27 19:30:00+07,19:30:00,489.591,อ่างเก็บน้ำแม่นาเรือ,19.09579,99.80992,N,water_level
RES002,2026-06-27 19:40:00+07,19:40:00,0,อ่างเก็บน้ำแม่นาเรือ,19.09579,99.80992,N,rainfall_1h
RES002,2026-06-27 19:40:00+07,19:40:00,489.591,อ่างเก็บน้ำแม่นาเรือ,19.09579,99.80992,N,water_level
RES002,2026-06-27 19:50:00+07,19:50:00,0,อ่างเก็บน้ำแม่นาเรือ,19.09579,99.80992,N,rainfall_1h
RES002,2026-06-27 19:50:00+07,19:50:00,489.591,อ่างเก็บน้ำแม่นาเรือ,19.09579,99.80992,N,water_level
RES002,2026-06-27 20:00:00+07,20:00:00,489.591,อ่างเก็บน้ำแม่นาเรือ,19.09579,99.80992,N,water_level
RES002,2026-06-27 20:00:00+07,20:00:00,0,อ่างเก็บน้ำแม่นาเรือ,19.09579,99.80992,N,rainfall_1h
RES002,2026-06-27 20:10:00+07,20:10:00,489.591,อ่างเก็บน้ำแม่นาเรือ,19.09579,99.80992,N,water_level
RES002,2026-06-27 20:10:00+07,20:10:00,0,อ่างเก็บน้ำแม่นาเรือ,19.09579,99.80992,N,rainfall_1h
RES002,2026-06-27 20:20:00+07,20:20:00,0,อ่างเก็บน้ำแม่นาเรือ,19.09579,99.80992,N,rainfall_1h
RES002,2026-06-27 20:20:00+07,20:20:00,489.591,อ่างเก็บน้ำแม่นาเรือ,19.09579,99.80992,N,water_level
RES002,2026-06-27 20:30:00+07,20:30:00,0,อ่างเก็บน้ำแม่นาเรือ,19.09579,99.80992,N,rainfall_1h
RES002,2026-06-27 20:30:00+07,20:30:00,489.591,อ่างเก็บน้ำแม่นาเรือ,19.09579,99.80992,N,water_level
RES002,2026-06-27 20:40:00+07,20:40:00,489.591,อ่างเก็บน้ำแม่นาเรือ,19.09579,99.80992,N,water_level
RES002,2026-06-27 20:40:00+07,20:40:00,0,อ่างเก็บน้ำแม่นาเรือ,19.09579,99.80992,N,rainfall_1h
RES002,2026-06-27 20:50:00+07,20:50:00,0,อ่างเก็บน้ำแม่นาเรือ,19.09579,99.80992,N,rainfall_1h
RES002,2026-06-27 20:50:00+07,20:50:00,489.591,อ่างเก็บน้ำแม่นาเรือ,19.09579,99.80992,N,water_level
RES002,2026-06-27 21:00:00+07,21:00:00,489.591,อ่างเก็บน้ำแม่นาเรือ,19.09579,99.80992,N,water_level
RES002,2026-06-27 21:00:00+07,21:00:00,0,อ่างเก็บน้ำแม่นาเรือ,19.09579,99.80992,N,rainfall_1h
RES002,2026-06-27 21:10:00+07,21:10:00,0,อ่างเก็บน้ำแม่นาเรือ,19.09579,99.80992,N,rainfall_1h
RES002,2026-06-27 21:10:00+07,21:10:00,489.591,อ่างเก็บน้ำแม่นาเรือ,19.09579,99.80992,N,water_level
RES002,2026-06-27 21:20:00+07,21:20:00,0,อ่างเก็บน้ำแม่นาเรือ,19.09579,99.80992,N,rainfall_1h
RES002,2026-06-27 21:20:00+07,21:20:00,489.591,อ่างเก็บน้ำแม่นาเรือ,19.09579,99.80992,N,water_level
RES002,2026-06-27 21:30:00+07,21:30:00,489.591,อ่างเก็บน้ำแม่นาเรือ,19.09579,99.80992,N,water_level
RES002,2026-06-27 21:30:00+07,21:30:00,0,อ่างเก็บน้ำแม่นาเรือ,19.09579,99.80992,N,rainfall_1h
RES002,2026-06-27 21:40:00+07,21:40:00,489.591,อ่างเก็บน้ำแม่นาเรือ,19.09579,99.80992,N,water_level
RES002,2026-06-27 21:40:00+07,21:40:00,0,อ่างเก็บน้ำแม่นาเรือ,19.09579,99.80992,N,rainfall_1h
RES002,2026-06-27 21:50:00+07,21:50:00,489.591,อ่างเก็บน้ำแม่นาเรือ,19.09579,99.80992,N,water_level
RES002,2026-06-27 21:50:00+07,21:50:00,0,อ่างเก็บน้ำแม่นาเรือ,19.09579,99.80992,N,rainfall_1h
RES002,2026-06-27 22:00:00+07,22:00:00,489.591,อ่างเก็บน้ำแม่นาเรือ,19.09579,99.80992,N,water_level
RES002,2026-06-27 22:00:00+07,22:00:00,0,อ่างเก็บน้ำแม่นาเรือ,19.09579,99.80992,N,rainfall_1h
RES002,2026-06-27 22:10:00+07,22:10:00,489.591,อ่างเก็บน้ำแม่นาเรือ,19.09579,99.80992,N,water_level
RES002,2026-06-27 22:10:00+07,22:10:00,0,อ่างเก็บน้ำแม่นาเรือ,19.09579,99.80992,N,rainfall_1h
RES002,2026-06-27 22:20:00+07,22:20:00,0,อ่างเก็บน้ำแม่นาเรือ,19.09579,99.80992,N,rainfall_1h
RES002,2026-06-27 22:20:00+07,22:20:00,489.591,อ่างเก็บน้ำแม่นาเรือ,19.09579,99.80992,N,water_level
RES002,2026-06-27 22:30:00+07,22:30:00,489.591,อ่างเก็บน้ำแม่นาเรือ,19.09579,99.80992,N,water_level
RES002,2026-06-27 22:30:00+07,22:30:00,0,อ่างเก็บน้ำแม่นาเรือ,19.09579,99.80992,N,rainfall_1h
RES002,2026-06-27 22:40:00+07,22:40:00,0,อ่างเก็บน้ำแม่นาเรือ,19.09579,99.80992,N,rainfall_1h
RES002,2026-06-27 22:40:00+07,22:40:00,489.591,อ่างเก็บน้ำแม่นาเรือ,19.09579,99.80992,N,water_level
RES002,2026-06-27 22:50:00+07,22:50:00,0,อ่างเก็บน้ำแม่นาเรือ,19.09579,99.80992,N,rainfall_1h
RES002,2026-06-27 22:50:00+07,22:50:00,489.598,อ่างเก็บน้ำแม่นาเรือ,19.09579,99.80992,N,water_level
RES002,2026-06-27 23:00:00+07,23:00:00,489.591,อ่างเก็บน้ำแม่นาเรือ,19.09579,99.80992,N,water_level
RES002,2026-06-27 23:00:00+07,23:00:00,0,อ่างเก็บน้ำแม่นาเรือ,19.09579,99.80992,N,rainfall_1h
RES002,2026-06-27 23:10:00+07,23:10:00,0,อ่างเก็บน้ำแม่นาเรือ,19.09579,99.80992,N,rainfall_1h
RES002,2026-06-27 23:10:00+07,23:10:00,489.598,อ่างเก็บน้ำแม่นาเรือ,19.09579,99.80992,N,water_level
RES002,2026-06-27 23:20:00+07,23:20:00,0,อ่างเก็บน้ำแม่นาเรือ,19.09579,99.80992,N,rainfall_1h
RES002,2026-06-27 23:20:00+07,23:20:00,489.591,อ่างเก็บน้ำแม่นาเรือ,19.09579,99.80992,N,water_level
RES002,2026-06-27 23:30:00+07,23:30:00,0,อ่างเก็บน้ำแม่นาเรือ,19.09579,99.80992,N,rainfall_1h
RES002,2026-06-27 23:30:00+07,23:30:00,489.591,อ่างเก็บน้ำแม่นาเรือ,19.09579,99.80992,N,water_level
RES002,2026-06-27 23:40:00+07,23:40:00,489.591,อ่างเก็บน้ำแม่นาเรือ,19.09579,99.80992,N,water_level
RES002,2026-06-27 23:40:00+07,23:40:00,0,อ่างเก็บน้ำแม่นาเรือ,19.09579,99.80992,N,rainfall_1h
RES002,2026-06-27 23:50:00+07,23:50:00,489.591,อ่างเก็บน้ำแม่นาเรือ,19.09579,99.80992,N,water_level
RES002,2026-06-27 23:50:00+07,23:50:00,0,อ่างเก็บน้ำแม่นาเรือ,19.09579,99.80992,N,rainfall_1h
RES002,2026-06-28 00:00:00+07,0:00:00,489.591,อ่างเก็บน้ำแม่นาเรือ,19.09579,99.80992,N,water_level
RES002,2026-06-28 00:00:00+07,0:00:00,0,อ่างเก็บน้ำแม่นาเรือ,19.09579,99.80992,N,rainfall_1h
RES002,2026-06-28 00:10:00+07,0:10:00,489.591,อ่างเก็บน้ำแม่นาเรือ,19.09579,99.80992,N,water_level
RES002,2026-06-28 00:10:00+07,0:10:00,0,อ่างเก็บน้ำแม่นาเรือ,19.09579,99.80992,N,rainfall_1h
RES002,2026-06-28 00:20:00+07,0:20:00,0,อ่างเก็บน้ำแม่นาเรือ,19.09579,99.80992,N,rainfall_1h
RES002,2026-06-28 00:20:00+07,0:20:00,489.591,อ่างเก็บน้ำแม่นาเรือ,19.09579,99.80992,N,water_level
RES002,2026-06-28 00:30:00+07,0:30:00,0,อ่างเก็บน้ำแม่นาเรือ,19.09579,99.80992,N,rainfall_1h
RES002,2026-06-28 00:30:00+07,0:30:00,489.591,อ่างเก็บน้ำแม่นาเรือ,19.09579,99.80992,N,water_level
RES002,2026-06-28 00:40:00+07,0:40:00,0,อ่างเก็บน้ำแม่นาเรือ,19.09579,99.80992,N,rainfall_1h
RES002,2026-06-28 00:40:00+07,0:40:00,489.591,อ่างเก็บน้ำแม่นาเรือ,19.09579,99.80992,N,water_level
RES002,2026-06-28 00:50:00+07,0:50:00,0,อ่างเก็บน้ำแม่นาเรือ,19.09579,99.80992,N,rainfall_1h
RES002,2026-06-28 00:50:00+07,0:50:00,489.591,อ่างเก็บน้ำแม่นาเรือ,19.09579,99.80992,N,water_level
RES002,2026-06-28 01:00:00+07,1:00:00,0,อ่างเก็บน้ำแม่นาเรือ,19.09579,99.80992,N,rainfall_1h
RES002,2026-06-28 01:00:00+07,1:00:00,489.592,อ่างเก็บน้ำแม่นาเรือ,19.09579,99.80992,N,water_level
RES002,2026-06-28 01:10:00+07,1:10:00,0,อ่างเก็บน้ำแม่นาเรือ,19.09579,99.80992,N,rainfall_1h
RES002,2026-06-28 01:10:00+07,1:10:00,489.598,อ่างเก็บน้ำแม่นาเรือ,19.09579,99.80992,N,water_level
RES002,2026-06-28 01:20:00+07,1:20:00,0,อ่างเก็บน้ำแม่นาเรือ,19.09579,99.80992,N,rainfall_1h
RES002,2026-06-28 01:20:00+07,1:20:00,489.591,อ่างเก็บน้ำแม่นาเรือ,19.09579,99.80992,N,water_level
RES002,2026-06-28 01:30:00+07,1:30:00,489.592,อ่างเก็บน้ำแม่นาเรือ,19.09579,99.80992,N,water_level
RES002,2026-06-28 01:30:00+07,1:30:00,0,อ่างเก็บน้ำแม่นาเรือ,19.09579,99.80992,N,rainfall_1h
RES002,2026-06-28 01:40:00+07,1:40:00,0,อ่างเก็บน้ำแม่นาเรือ,19.09579,99.80992,N,rainfall_1h
RES002,2026-06-28 01:40:00+07,1:40:00,489.591,อ่างเก็บน้ำแม่นาเรือ,19.09579,99.80992,N,water_level
RES002,2026-06-28 01:50:00+07,1:50:00,489.591,อ่างเก็บน้ำแม่นาเรือ,19.09579,99.80992,N,water_level
RES002,2026-06-28 01:50:00+07,1:50:00,0,อ่างเก็บน้ำแม่นาเรือ,19.09579,99.80992,N,rainfall_1h
RES002,2026-06-28 02:00:00+07,2:00:00,0,อ่างเก็บน้ำแม่นาเรือ,19.09579,99.80992,N,rainfall_1h
RES002,2026-06-28 02:00:00+07,2:00:00,489.598,อ่างเก็บน้ำแม่นาเรือ,19.09579,99.80992,N,water_level
RES002,2026-06-28 02:10:00+07,2:10:00,0,อ่างเก็บน้ำแม่นาเรือ,19.09579,99.80992,N,rainfall_1h
RES002,2026-06-28 02:10:00+07,2:10:00,489.598,อ่างเก็บน้ำแม่นาเรือ,19.09579,99.80992,N,water_level
RES002,2026-06-28 02:20:00+07,2:20:00,489.591,อ่างเก็บน้ำแม่นาเรือ,19.09579,99.80992,N,water_level
RES002,2026-06-28 02:20:00+07,2:20:00,0,อ่างเก็บน้ำแม่นาเรือ,19.09579,99.80992,N,rainfall_1h
RES002,2026-06-28 02:30:00+07,2:30:00,489.598,อ่างเก็บน้ำแม่นาเรือ,19.09579,99.80992,N,water_level
RES002,2026-06-28 02:30:00+07,2:30:00,0,อ่างเก็บน้ำแม่นาเรือ,19.09579,99.80992,N,rainfall_1h
RES002,2026-06-28 02:40:00+07,2:40:00,0,อ่างเก็บน้ำแม่นาเรือ,19.09579,99.80992,N,rainfall_1h
RES002,2026-06-28 02:40:00+07,2:40:00,489.591,อ่างเก็บน้ำแม่นาเรือ,19.09579,99.80992,N,water_level
RES002,2026-06-28 02:50:00+07,2:50:00,0,อ่างเก็บน้ำแม่นาเรือ,19.09579,99.80992,N,rainfall_1h
RES002,2026-06-28 02:50:00+07,2:50:00,489.591,อ่างเก็บน้ำแม่นาเรือ,19.09579,99.80992,N,water_level
RES002,2026-06-28 03:00:00+07,3:00:00,489.598,อ่างเก็บน้ำแม่นาเรือ,19.09579,99.80992,N,water_level
RES002,2026-06-28 03:00:00+07,3:00:00,0,อ่างเก็บน้ำแม่นาเรือ,19.09579,99.80992,N,rainfall_1h
RES002,2026-06-28 03:10:00+07,3:10:00,0,อ่างเก็บน้ำแม่นาเรือ,19.09579,99.80992,N,rainfall_1h
RES002,2026-06-28 03:10:00+07,3:10:00,489.592,อ่างเก็บน้ำแม่นาเรือ,19.09579,99.80992,N,water_level
RES002,2026-06-28 03:20:00+07,3:20:00,0,อ่างเก็บน้ำแม่นาเรือ,19.09579,99.80992,N,rainfall_1h
RES002,2026-06-28 03:20:00+07,3:20:00,489.598,อ่างเก็บน้ำแม่นาเรือ,19.09579,99.80992,N,water_level
RES002,2026-06-28 03:30:00+07,3:30:00,489.598,อ่างเก็บน้ำแม่นาเรือ,19.09579,99.80992,N,water_level
RES002,2026-06-28 03:30:00+07,3:30:00,0,อ่างเก็บน้ำแม่นาเรือ,19.09579,99.80992,N,rainfall_1h
RES002,2026-06-28 03:40:00+07,3:40:00,0,อ่างเก็บน้ำแม่นาเรือ,19.09579,99.80992,N,rainfall_1h
RES002,2026-06-28 03:40:00+07,3:40:00,489.598,อ่างเก็บน้ำแม่นาเรือ,19.09579,99.80992,N,water_level
RES002,2026-06-28 03:50:00+07,3:50:00,0,อ่างเก็บน้ำแม่นาเรือ,19.09579,99.80992,N,rainfall_1h
RES002,2026-06-28 03:50:00+07,3:50:00,489.598,อ่างเก็บน้ำแม่นาเรือ,19.09579,99.80992,N,water_level
RES002,2026-06-28 04:00:00+07,4:00:00,489.592,อ่างเก็บน้ำแม่นาเรือ,19.09579,99.80992,N,water_level
RES002,2026-06-28 04:00:00+07,4:00:00,0,อ่างเก็บน้ำแม่นาเรือ,19.09579,99.80992,N,rainfall_1h
RES002,2026-06-28 04:10:00+07,4:10:00,0,อ่างเก็บน้ำแม่นาเรือ,19.09579,99.80992,N,rainfall_1h
RES002,2026-06-28 04:10:00+07,4:10:00,489.599,อ่างเก็บน้ำแม่นาเรือ,19.09579,99.80992,N,water_level
RES002,2026-06-28 04:20:00+07,4:20:00,0,อ่างเก็บน้ำแม่นาเรือ,19.09579,99.80992,N,rainfall_1h
RES002,2026-06-28 04:20:00+07,4:20:00,489.598,อ่างเก็บน้ำแม่นาเรือ,19.09579,99.80992,N,water_level
RES002,2026-06-28 04:30:00+07,4:30:00,489.598,อ่างเก็บน้ำแม่นาเรือ,19.09579,99.80992,N,water_level
RES002,2026-06-28 04:30:00+07,4:30:00,0,อ่างเก็บน้ำแม่นาเรือ,19.09579,99.80992,N,rainfall_1h
RES002,2026-06-28 04:40:00+07,4:40:00,489.599,อ่างเก็บน้ำแม่นาเรือ,19.09579,99.80992,N,water_level
RES002,2026-06-28 04:40:00+07,4:40:00,0,อ่างเก็บน้ำแม่นาเรือ,19.09579,99.80992,N,rainfall_1h
RES002,2026-06-28 04:50:00+07,4:50:00,0,อ่างเก็บน้ำแม่นาเรือ,19.09579,99.80992,N,rainfall_1h
RES002,2026-06-28 04:50:00+07,4:50:00,489.598,อ่างเก็บน้ำแม่นาเรือ,19.09579,99.80992,N,water_level
RES002,2026-06-28 05:00:00+07,5:00:00,0,อ่างเก็บน้ำแม่นาเรือ,19.09579,99.80992,N,rainfall_1h
RES002,2026-06-28 05:00:00+07,5:00:00,489.598,อ่างเก็บน้ำแม่นาเรือ,19.09579,99.80992,N,water_level
RES002,2026-06-28 05:10:00+07,5:10:00,489.598,อ่างเก็บน้ำแม่นาเรือ,19.09579,99.80992,N,water_level
RES002,2026-06-28 05:10:00+07,5:10:00,0,อ่างเก็บน้ำแม่นาเรือ,19.09579,99.80992,N,rainfall_1h
RES002,2026-06-28 05:20:00+07,5:20:00,489.591,อ่างเก็บน้ำแม่นาเรือ,19.09579,99.80992,N,water_level
RES002,2026-06-28 05:20:00+07,5:20:00,0,อ่างเก็บน้ำแม่นาเรือ,19.09579,99.80992,N,rainfall_1h
RES002,2026-06-28 05:30:00+07,5:30:00,0,อ่างเก็บน้ำแม่นาเรือ,19.09579,99.80992,N,rainfall_1h
RES002,2026-06-28 05:30:00+07,5:30:00,489.592,อ่างเก็บน้ำแม่นาเรือ,19.09579,99.80992,N,water_level
RES002,2026-06-28 05:40:00+07,5:40:00,0,อ่างเก็บน้ำแม่นาเรือ,19.09579,99.80992,N,rainfall_1h
RES002,2026-06-28 05:40:00+07,5:40:00,489.599,อ่างเก็บน้ำแม่นาเรือ,19.09579,99.80992,N,water_level
RES002,2026-06-28 05:50:00+07,5:50:00,0,อ่างเก็บน้ำแม่นาเรือ,19.09579,99.80992,N,rainfall_1h
RES002,2026-06-28 05:50:00+07,5:50:00,489.598,อ่างเก็บน้ำแม่นาเรือ,19.09579,99.80992,N,water_level
RES002,2026-06-28 06:00:00+07,6:00:00,489.598,อ่างเก็บน้ำแม่นาเรือ,19.09579,99.80992,N,water_level
RES002,2026-06-28 06:00:00+07,6:00:00,0,อ่างเก็บน้ำแม่นาเรือ,19.09579,99.80992,N,rainfall_1h
RES002,2026-06-28 06:10:00+07,6:10:00,489.598,อ่างเก็บน้ำแม่นาเรือ,19.09579,99.80992,N,water_level
RES002,2026-06-28 06:10:00+07,6:10:00,0,อ่างเก็บน้ำแม่นาเรือ,19.09579,99.80992,N,rainfall_1h
RES002,2026-06-28 06:20:00+07,6:20:00,0,อ่างเก็บน้ำแม่นาเรือ,19.09579,99.80992,N,rainfall_1h
RES002,2026-06-28 06:20:00+07,6:20:00,489.591,อ่างเก็บน้ำแม่นาเรือ,19.09579,99.80992,N,water_level
RES002,2026-06-28 06:30:00+07,6:30:00,489.592,อ่างเก็บน้ำแม่นาเรือ,19.09579,99.80992,N,water_level
RES002,2026-06-28 06:30:00+07,6:30:00,0,อ่างเก็บน้ำแม่นาเรือ,19.09579,99.80992,N,rainfall_1h
RES002,2026-06-28 06:40:00+07,6:40:00,0,อ่างเก็บน้ำแม่นาเรือ,19.09579,99.80992,N,rainfall_1h
RES002,2026-06-28 06:40:00+07,6:40:00,489.591,อ่างเก็บน้ำแม่นาเรือ,19.09579,99.80992,N,water_level
RES002,2026-06-28 06:50:00+07,6:50:00,489.591,อ่างเก็บน้ำแม่นาเรือ,19.09579,99.80992,N,water_level
RES002,2026-06-28 06:50:00+07,6:50:00,0,อ่างเก็บน้ำแม่นาเรือ,19.09579,99.80992,N,rainfall_1h
RES002,2026-06-28 07:00:00+07,7:00:00,489.591,อ่างเก็บน้ำแม่นาเรือ,19.09579,99.80992,N,water_level
RES002,2026-06-28 07:00:00+07,7:00:00,0,อ่างเก็บน้ำแม่นาเรือ,19.09579,99.80992,N,rainfall_1h
RES002,2026-06-28 07:10:00+07,7:10:00,0,อ่างเก็บน้ำแม่นาเรือ,19.09579,99.80992,N,rainfall_1h
RES002,2026-06-28 07:10:00+07,7:10:00,489.591,อ่างเก็บน้ำแม่นาเรือ,19.09579,99.80992,N,water_level
RES002,2026-06-28 07:20:00+07,7:20:00,0,อ่างเก็บน้ำแม่นาเรือ,19.09579,99.80992,N,rainfall_1h
RES002,2026-06-28 07:20:00+07,7:20:00,489.591,อ่างเก็บน้ำแม่นาเรือ,19.09579,99.80992,N,water_level
RES002,2026-06-28 07:30:00+07,7:30:00,0,อ่างเก็บน้ำแม่นาเรือ,19.09579,99.80992,N,rainfall_1h
RES002,2026-06-28 07:30:00+07,7:30:00,489.591,อ่างเก็บน้ำแม่นาเรือ,19.09579,99.80992,N,water_level
RES002,2026-06-28 07:40:00+07,7:40:00,0,อ่างเก็บน้ำแม่นาเรือ,19.09579,99.80992,N,rainfall_1h
RES002,2026-06-28 07:40:00+07,7:40:00,489.591,อ่างเก็บน้ำแม่นาเรือ,19.09579,99.80992,N,water_level
RES002,2026-06-28 07:50:00+07,7:50:00,0,อ่างเก็บน้ำแม่นาเรือ,19.09579,99.80992,N,rainfall_1h
RES002,2026-06-28 07:50:00+07,7:50:00,489.591,อ่างเก็บน้ำแม่นาเรือ,19.09579,99.80992,N,water_level
RES002,2026-06-28 08:00:00+07,8:00:00,489.591,อ่างเก็บน้ำแม่นาเรือ,19.09579,99.80992,N,water_level
RES002,2026-06-28 08:00:00+07,8:00:00,0,อ่างเก็บน้ำแม่นาเรือ,19.09579,99.80992,N,rainfall_1h
RES002,2026-06-28 08:10:00+07,8:10:00,489.591,อ่างเก็บน้ำแม่นาเรือ,19.09579,99.80992,N,water_level
RES002,2026-06-28 08:10:00+07,8:10:00,0,อ่างเก็บน้ำแม่นาเรือ,19.09579,99.80992,N,rainfall_1h
RES002,2026-06-28 08:20:00+07,8:20:00,489.585,อ่างเก็บน้ำแม่นาเรือ,19.09579,99.80992,N,water_level
RES002,2026-06-28 08:20:00+07,8:20:00,0,อ่างเก็บน้ำแม่นาเรือ,19.09579,99.80992,N,rainfall_1h
RES002,2026-06-28 08:30:00+07,8:30:00,0,อ่างเก็บน้ำแม่นาเรือ,19.09579,99.80992,N,rainfall_1h
RES002,2026-06-28 08:30:00+07,8:30:00,489.585,อ่างเก็บน้ำแม่นาเรือ,19.09579,99.80992,N,water_level
RES002,2026-06-28 08:40:00+07,8:40:00,0,อ่างเก็บน้ำแม่นาเรือ,19.09579,99.80992,N,rainfall_1h
RES002,2026-06-28 08:40:00+07,8:40:00,489.585,อ่างเก็บน้ำแม่นาเรือ,19.09579,99.80992,N,water_level
RES002,2026-06-28 08:50:00+07,8:50:00,0,อ่างเก็บน้ำแม่นาเรือ,19.09579,99.80992,N,rainfall_1h
RES002,2026-06-28 08:50:00+07,8:50:00,489.585,อ่างเก็บน้ำแม่นาเรือ,19.09579,99.80992,N,water_level
RES002,2026-06-28 09:00:00+07,9:00:00,489.585,อ่างเก็บน้ำแม่นาเรือ,19.09579,99.80992,N,water_level
RES002,2026-06-28 09:00:00+07,9:00:00,0,อ่างเก็บน้ำแม่นาเรือ,19.09579,99.80992,N,rainfall_1h
RES002,2026-06-28 09:10:00+07,9:10:00,0,อ่างเก็บน้ำแม่นาเรือ,19.09579,99.80992,N,rainfall_1h
RES002,2026-06-28 09:10:00+07,9:10:00,489.585,อ่างเก็บน้ำแม่นาเรือ,19.09579,99.80992,N,water_level
RES002,2026-06-28 09:20:00+07,9:20:00,0,อ่างเก็บน้ำแม่นาเรือ,19.09579,99.80992,N,rainfall_1h
RES002,2026-06-28 09:20:00+07,9:20:00,489.585,อ่างเก็บน้ำแม่นาเรือ,19.09579,99.80992,N,water_level
RES002,2026-06-28 09:30:00+07,9:30:00,0,อ่างเก็บน้ำแม่นาเรือ,19.09579,99.80992,N,rainfall_1h
RES002,2026-06-28 09:30:00+07,9:30:00,489.585,อ่างเก็บน้ำแม่นาเรือ,19.09579,99.80992,N,water_level
RES002,2026-06-28 09:40:00+07,9:40:00,489.578,อ่างเก็บน้ำแม่นาเรือ,19.09579,99.80992,N,water_level
RES002,2026-06-28 09:40:00+07,9:40:00,0,อ่างเก็บน้ำแม่นาเรือ,19.09579,99.80992,N,rainfall_1h
RES002,2026-06-28 09:50:00+07,9:50:00,0,อ่างเก็บน้ำแม่นาเรือ,19.09579,99.80992,N,rainfall_1h
RES002,2026-06-28 09:50:00+07,9:50:00,489.578,อ่างเก็บน้ำแม่นาเรือ,19.09579,99.80992,N,water_level
RES002,2026-06-28 10:00:00+07,10:00:00,0,อ่างเก็บน้ำแม่นาเรือ,19.09579,99.80992,N,rainfall_1h
RES002,2026-06-28 10:00:00+07,10:00:00,489.578,อ่างเก็บน้ำแม่นาเรือ,19.09579,99.80992,N,water_level
RES002,2026-06-28 10:10:00+07,10:10:00,0,อ่างเก็บน้ำแม่นาเรือ,19.09579,99.80992,N,rainfall_1h
RES002,2026-06-28 10:10:00+07,10:10:00,489.578,อ่างเก็บน้ำแม่นาเรือ,19.09579,99.80992,N,water_level
RES002,2026-06-28 10:20:00+07,10:20:00,0,อ่างเก็บน้ำแม่นาเรือ,19.09579,99.80992,N,rainfall_1h
RES002,2026-06-28 10:20:00+07,10:20:00,489.578,อ่างเก็บน้ำแม่นาเรือ,19.09579,99.80992,N,water_level
RES002,2026-06-28 10:30:00+07,10:30:00,0,อ่างเก็บน้ำแม่นาเรือ,19.09579,99.80992,N,rainfall_1h
RES002,2026-06-28 10:30:00+07,10:30:00,489.572,อ่างเก็บน้ำแม่นาเรือ,19.09579,99.80992,N,water_level
RES002,2026-06-28 10:40:00+07,10:40:00,0,อ่างเก็บน้ำแม่นาเรือ,19.09579,99.80992,N,rainfall_1h
RES002,2026-06-28 10:40:00+07,10:40:00,489.572,อ่างเก็บน้ำแม่นาเรือ,19.09579,99.80992,N,water_level
RES002,2026-06-28 10:50:00+07,10:50:00,0,อ่างเก็บน้ำแม่นาเรือ,19.09579,99.80992,N,rainfall_1h
RES002,2026-06-28 10:50:00+07,10:50:00,489.578,อ่างเก็บน้ำแม่นาเรือ,19.09579,99.80992,N,water_level
RES002,2026-06-28 11:00:00+07,11:00:00,489.572,อ่างเก็บน้ำแม่นาเรือ,19.09579,99.80992,N,water_level
RES002,2026-06-28 11:00:00+07,11:00:00,0,อ่างเก็บน้ำแม่นาเรือ,19.09579,99.80992,N,rainfall_1h
RES002,2026-06-28 11:10:00+07,11:10:00,0,อ่างเก็บน้ำแม่นาเรือ,19.09579,99.80992,N,rainfall_1h
RES002,2026-06-28 11:10:00+07,11:10:00,489.572,อ่างเก็บน้ำแม่นาเรือ,19.09579,99.80992,N,water_level
RES002,2026-06-28 11:20:00+07,11:20:00,489.572,อ่างเก็บน้ำแม่นาเรือ,19.09579,99.80992,N,water_level
RES002,2026-06-28 11:20:00+07,11:20:00,0,อ่างเก็บน้ำแม่นาเรือ,19.09579,99.80992,N,rainfall_1h
RES002,2026-06-28 11:30:00+07,11:30:00,0,อ่างเก็บน้ำแม่นาเรือ,19.09579,99.80992,N,rainfall_1h
RES002,2026-06-28 11:30:00+07,11:30:00,489.578,อ่างเก็บน้ำแม่นาเรือ,19.09579,99.80992,N,water_level
RES002,2026-06-28 11:40:00+07,11:40:00,489.578,อ่างเก็บน้ำแม่นาเรือ,19.09579,99.80992,N,water_level
RES002,2026-06-28 11:40:00+07,11:40:00,0,อ่างเก็บน้ำแม่นาเรือ,19.09579,99.80992,N,rainfall_1h
RES002,2026-06-28 11:50:00+07,11:50:00,0,อ่างเก็บน้ำแม่นาเรือ,19.09579,99.80992,N,rainfall_1h
RES002,2026-06-28 11:50:00+07,11:50:00,489.572,อ่างเก็บน้ำแม่นาเรือ,19.09579,99.80992,N,water_level
RES002,2026-06-28 12:00:00+07,12:00:00,0,อ่างเก็บน้ำแม่นาเรือ,19.09579,99.80992,N,rainfall_1h
RES002,2026-06-28 12:00:00+07,12:00:00,489.584,อ่างเก็บน้ำแม่นาเรือ,19.09579,99.80992,N,water_level
RES002,2026-06-28 12:10:00+07,12:10:00,489.578,อ่างเก็บน้ำแม่นาเรือ,19.09579,99.80992,N,water_level
RES002,2026-06-28 12:10:00+07,12:10:00,0,อ่างเก็บน้ำแม่นาเรือ,19.09579,99.80992,N,rainfall_1h
RES002,2026-06-28 12:20:00+07,12:20:00,0,อ่างเก็บน้ำแม่นาเรือ,19.09579,99.80992,N,rainfall_1h
RES002,2026-06-28 12:20:00+07,12:20:00,489.566,อ่างเก็บน้ำแม่นาเรือ,19.09579,99.80992,N,water_level
RES002,2026-06-28 12:30:00+07,12:30:00,489.584,อ่างเก็บน้ำแม่นาเรือ,19.09579,99.80992,N,water_level
RES002,2026-06-28 12:30:00+07,12:30:00,0,อ่างเก็บน้ำแม่นาเรือ,19.09579,99.80992,N,rainfall_1h
RES002,2026-06-28 12:40:00+07,12:40:00,489.578,อ่างเก็บน้ำแม่นาเรือ,19.09579,99.80992,N,water_level
RES002,2026-06-28 12:40:00+07,12:40:00,0,อ่างเก็บน้ำแม่นาเรือ,19.09579,99.80992,N,rainfall_1h
RES002,2026-06-28 12:50:00+07,12:50:00,0,อ่างเก็บน้ำแม่นาเรือ,19.09579,99.80992,N,rainfall_1h
RES002,2026-06-28 12:50:00+07,12:50:00,489.565,อ่างเก็บน้ำแม่นาเรือ,19.09579,99.80992,N,water_level
RES002,2026-06-28 13:00:00+07,13:00:00,0,อ่างเก็บน้ำแม่นาเรือ,19.09579,99.80992,N,rainfall_1h
RES002,2026-06-28 13:00:00+07,13:00:00,489.566,อ่างเก็บน้ำแม่นาเรือ,19.09579,99.80992,N,water_level
RES002,2026-06-28 13:10:00+07,13:10:00,489.585,อ่างเก็บน้ำแม่นาเรือ,19.09579,99.80992,N,water_level
RES002,2026-06-28 13:10:00+07,13:10:00,0,อ่างเก็บน้ำแม่นาเรือ,19.09579,99.80992,N,rainfall_1h
RES002,2026-06-28 13:20:00+07,13:20:00,489.566,อ่างเก็บน้ำแม่นาเรือ,19.09579,99.80992,N,water_level
RES002,2026-06-28 13:20:00+07,13:20:00,0,อ่างเก็บน้ำแม่นาเรือ,19.09579,99.80992,N,rainfall_1h
RES002,2026-06-28 13:30:00+07,13:30:00,0,อ่างเก็บน้ำแม่นาเรือ,19.09579,99.80992,N,rainfall_1h
RES002,2026-06-28 13:30:00+07,13:30:00,489.572,อ่างเก็บน้ำแม่นาเรือ,19.09579,99.80992,N,water_level
RES002,2026-06-28 13:40:00+07,13:40:00,0,อ่างเก็บน้ำแม่นาเรือ,19.09579,99.80992,N,rainfall_1h
RES002,2026-06-28 13:40:00+07,13:40:00,489.584,อ่างเก็บน้ำแม่นาเรือ,19.09579,99.80992,N,water_level
RES002,2026-06-28 13:50:00+07,13:50:00,489.579,อ่างเก็บน้ำแม่นาเรือ,19.09579,99.80992,N,water_level
RES002,2026-06-28 13:50:00+07,13:50:00,0,อ่างเก็บน้ำแม่นาเรือ,19.09579,99.80992,N,rainfall_1h
RES002,2026-06-28 14:00:00+07,14:00:00,489.578,อ่างเก็บน้ำแม่นาเรือ,19.09579,99.80992,N,water_level
RES002,2026-06-28 14:00:00+07,14:00:00,0,อ่างเก็บน้ำแม่นาเรือ,19.09579,99.80992,N,rainfall_1h
RES002,2026-06-28 14:10:00+07,14:10:00,0,อ่างเก็บน้ำแม่นาเรือ,19.09579,99.80992,N,rainfall_1h
RES002,2026-06-28 14:10:00+07,14:10:00,489.578,อ่างเก็บน้ำแม่นาเรือ,19.09579,99.80992,N,water_level
RES002,2026-06-28 14:20:00+07,14:20:00,0,อ่างเก็บน้ำแม่นาเรือ,19.09579,99.80992,N,rainfall_1h
RES002,2026-06-28 14:20:00+07,14:20:00,489.578,อ่างเก็บน้ำแม่นาเรือ,19.09579,99.80992,N,water_level
RES002,2026-06-28 14:30:00+07,14:30:00,489.572,อ่างเก็บน้ำแม่นาเรือ,19.09579,99.80992,N,water_level
RES002,2026-06-28 14:30:00+07,14:30:00,0,อ่างเก็บน้ำแม่นาเรือ,19.09579,99.80992,N,rainfall_1h
RES002,2026-06-28 14:40:00+07,14:40:00,0,อ่างเก็บน้ำแม่นาเรือ,19.09579,99.80992,N,rainfall_1h
RES002,2026-06-28 14:40:00+07,14:40:00,489.572,อ่างเก็บน้ำแม่นาเรือ,19.09579,99.80992,N,water_level
RES002,2026-06-28 14:50:00+07,14:50:00,489.572,อ่างเก็บน้ำแม่นาเรือ,19.09579,99.80992,N,water_level
RES002,2026-06-28 14:50:00+07,14:50:00,0,อ่างเก็บน้ำแม่นาเรือ,19.09579,99.80992,N,rainfall_1h
RES002,2026-06-28 15:00:00+07,15:00:00,489.585,อ่างเก็บน้ำแม่นาเรือ,19.09579,99.80992,N,water_level
RES002,2026-06-28 15:00:00+07,15:00:00,0,อ่างเก็บน้ำแม่นาเรือ,19.09579,99.80992,N,rainfall_1h
RES002,2026-06-28 15:10:00+07,15:10:00,489.585,อ่างเก็บน้ำแม่นาเรือ,19.09579,99.80992,N,water_level
RES002,2026-06-28 15:10:00+07,15:10:00,0,อ่างเก็บน้ำแม่นาเรือ,19.09579,99.80992,N,rainfall_1h
RES002,2026-06-28 15:20:00+07,15:20:00,0,อ่างเก็บน้ำแม่นาเรือ,19.09579,99.80992,N,rainfall_1h
RES002,2026-06-28 15:20:00+07,15:20:00,489.578,อ่างเก็บน้ำแม่นาเรือ,19.09579,99.80992,N,water_level
RES002,2026-06-28 15:30:00+07,15:30:00,489.585,อ่างเก็บน้ำแม่นาเรือ,19.09579,99.80992,N,water_level
RES002,2026-06-28 15:30:00+07,15:30:00,0,อ่างเก็บน้ำแม่นาเรือ,19.09579,99.80992,N,rainfall_1h
RES002,2026-06-28 15:40:00+07,15:40:00,0,อ่างเก็บน้ำแม่นาเรือ,19.09579,99.80992,N,rainfall_1h
RES002,2026-06-28 15:40:00+07,15:40:00,489.585,อ่างเก็บน้ำแม่นาเรือ,19.09579,99.80992,N,water_level
RES002,2026-06-28 15:50:00+07,15:50:00,489.585,อ่างเก็บน้ำแม่นาเรือ,19.09579,99.80992,N,water_level
RES002,2026-06-28 15:50:00+07,15:50:00,0,อ่างเก็บน้ำแม่นาเรือ,19.09579,99.80992,N,rainfall_1h
RES002,2026-06-28 16:00:00+07,16:00:00,489.585,อ่างเก็บน้ำแม่นาเรือ,19.09579,99.80992,N,water_level
RES002,2026-06-28 16:00:00+07,16:00:00,0,อ่างเก็บน้ำแม่นาเรือ,19.09579,99.80992,N,rainfall_1h
RES002,2026-06-28 16:10:00+07,16:10:00,0,อ่างเก็บน้ำแม่นาเรือ,19.09579,99.80992,N,rainfall_1h
RES002,2026-06-28 16:10:00+07,16:10:00,489.585,อ่างเก็บน้ำแม่นาเรือ,19.09579,99.80992,N,water_level
RES002,2026-06-28 16:20:00+07,16:20:00,489.572,อ่างเก็บน้ำแม่นาเรือ,19.09579,99.80992,N,water_level
RES002,2026-06-28 16:20:00+07,16:20:00,0,อ่างเก็บน้ำแม่นาเรือ,19.09579,99.80992,N,rainfall_1h
RES002,2026-06-28 16:30:00+07,16:30:00,0,อ่างเก็บน้ำแม่นาเรือ,19.09579,99.80992,N,rainfall_1h
RES002,2026-06-28 16:30:00+07,16:30:00,489.578,อ่างเก็บน้ำแม่นาเรือ,19.09579,99.80992,N,water_level
RES002,2026-06-28 16:40:00+07,16:40:00,0,อ่างเก็บน้ำแม่นาเรือ,19.09579,99.80992,N,rainfall_1h
RES002,2026-06-28 16:40:00+07,16:40:00,489.59,อ่างเก็บน้ำแม่นาเรือ,19.09579,99.80992,N,water_level
RES002,2026-06-28 16:50:00+07,16:50:00,489.578,อ่างเก็บน้ำแม่นาเรือ,19.09579,99.80992,N,water_level
RES002,2026-06-28 16:50:00+07,16:50:00,0,อ่างเก็บน้ำแม่นาเรือ,19.09579,99.80992,N,rainfall_1h
RES002,2026-06-28 17:00:00+07,17:00:00,489.585,อ่างเก็บน้ำแม่นาเรือ,19.09579,99.80992,N,water_level
RES002,2026-06-28 17:00:00+07,17:00:00,0,อ่างเก็บน้ำแม่นาเรือ,19.09579,99.80992,N,rainfall_1h
RES002,2026-06-28 17:10:00+07,17:10:00,489.585,อ่างเก็บน้ำแม่นาเรือ,19.09579,99.80992,N,water_level
RES002,2026-06-28 17:10:00+07,17:10:00,0,อ่างเก็บน้ำแม่นาเรือ,19.09579,99.80992,N,rainfall_1h
RES002,2026-06-28 17:20:00+07,17:20:00,489.585,อ่างเก็บน้ำแม่นาเรือ,19.09579,99.80992,N,water_level
RES002,2026-06-28 17:20:00+07,17:20:00,0,อ่างเก็บน้ำแม่นาเรือ,19.09579,99.80992,N,rainfall_1h
RES002,2026-06-28 17:30:00+07,17:30:00,489.578,อ่างเก็บน้ำแม่นาเรือ,19.09579,99.80992,N,water_level
RES002,2026-06-28 17:30:00+07,17:30:00,0,อ่างเก็บน้ำแม่นาเรือ,19.09579,99.80992,N,rainfall_1h
RES002,2026-06-28 17:40:00+07,17:40:00,489.585,อ่างเก็บน้ำแม่นาเรือ,19.09579,99.80992,N,water_level
RES002,2026-06-28 17:40:00+07,17:40:00,0,อ่างเก็บน้ำแม่นาเรือ,19.09579,99.80992,N,rainfall_1h
RES002,2026-06-28 17:50:00+07,17:50:00,489.585,อ่างเก็บน้ำแม่นาเรือ,19.09579,99.80992,N,water_level
RES002,2026-06-28 17:50:00+07,17:50:00,0,อ่างเก็บน้ำแม่นาเรือ,19.09579,99.80992,N,rainfall_1h
RES002,2026-06-28 18:00:00+07,18:00:00,489.585,อ่างเก็บน้ำแม่นาเรือ,19.09579,99.80992,N,water_level
RES002,2026-06-28 18:00:00+07,18:00:00,0,อ่างเก็บน้ำแม่นาเรือ,19.09579,99.80992,N,rainfall_1h
RES002,2026-06-28 18:10:00+07,18:10:00,489.585,อ่างเก็บน้ำแม่นาเรือ,19.09579,99.80992,N,water_level
RES002,2026-06-28 18:10:00+07,18:10:00,0,อ่างเก็บน้ำแม่นาเรือ,19.09579,99.80992,N,rainfall_1h
RES002,2026-06-28 18:20:00+07,18:20:00,0,อ่างเก็บน้ำแม่นาเรือ,19.09579,99.80992,N,rainfall_1h
RES002,2026-06-28 18:20:00+07,18:20:00,489.584,อ่างเก็บน้ำแม่นาเรือ,19.09579,99.80992,N,water_level
RES002,2026-06-28 18:30:00+07,18:30:00,489.578,อ่างเก็บน้ำแม่นาเรือ,19.09579,99.80992,N,water_level
RES002,2026-06-28 18:30:00+07,18:30:00,0,อ่างเก็บน้ำแม่นาเรือ,19.09579,99.80992,N,rainfall_1h
RES002,2026-06-28 18:40:00+07,18:40:00,489.585,อ่างเก็บน้ำแม่นาเรือ,19.09579,99.80992,N,water_level
RES002,2026-06-28 18:40:00+07,18:40:00,0,อ่างเก็บน้ำแม่นาเรือ,19.09579,99.80992,N,rainfall_1h
RES002,2026-06-28 18:50:00+07,18:50:00,489.585,อ่างเก็บน้ำแม่นาเรือ,19.09579,99.80992,N,water_level
RES002,2026-06-28 18:50:00+07,18:50:00,0,อ่างเก็บน้ำแม่นาเรือ,19.09579,99.80992,N,rainfall_1h
RES002,2026-06-28 19:00:00+07,19:00:00,489.591,อ่างเก็บน้ำแม่นาเรือ,19.09579,99.80992,N,water_level
RES002,2026-06-28 19:00:00+07,19:00:00,0,อ่างเก็บน้ำแม่นาเรือ,19.09579,99.80992,N,rainfall_1h
RES002,2026-06-28 19:10:00+07,19:10:00,489.585,อ่างเก็บน้ำแม่นาเรือ,19.09579,99.80992,N,water_level
RES002,2026-06-28 19:10:00+07,19:10:00,0,อ่างเก็บน้ำแม่นาเรือ,19.09579,99.80992,N,rainfall_1h
RES002,2026-06-28 19:20:00+07,19:20:00,0,อ่างเก็บน้ำแม่นาเรือ,19.09579,99.80992,N,rainfall_1h
RES002,2026-06-28 19:20:00+07,19:20:00,489.585,อ่างเก็บน้ำแม่นาเรือ,19.09579,99.80992,N,water_level
RES002,2026-06-28 19:30:00+07,19:30:00,489.588,อ่างเก็บน้ำแม่นาเรือ,19.09579,99.80992,N,water_level
RES002,2026-06-28 19:30:00+07,19:30:00,0,อ่างเก็บน้ำแม่นาเรือ,19.09579,99.80992,N,rainfall_1h
RES002,2026-06-28 19:40:00+07,19:40:00,489.585,อ่างเก็บน้ำแม่นาเรือ,19.09579,99.80992,N,water_level
RES002,2026-06-28 19:40:00+07,19:40:00,0,อ่างเก็บน้ำแม่นาเรือ,19.09579,99.80992,N,rainfall_1h
RES002,2026-06-28 19:50:00+07,19:50:00,489.585,อ่างเก็บน้ำแม่นาเรือ,19.09579,99.80992,N,water_level
RES002,2026-06-28 19:50:00+07,19:50:00,0,อ่างเก็บน้ำแม่นาเรือ,19.09579,99.80992,N,rainfall_1h
RES002,2026-06-28 20:00:00+07,20:00:00,489.585,อ่างเก็บน้ำแม่นาเรือ,19.09579,99.80992,N,water_level
RES002,2026-06-28 20:00:00+07,20:00:00,0,อ่างเก็บน้ำแม่นาเรือ,19.09579,99.80992,N,rainfall_1h
RES002,2026-06-28 20:10:00+07,20:10:00,489.585,อ่างเก็บน้ำแม่นาเรือ,19.09579,99.80992,N,water_level
RES002,2026-06-28 20:10:00+07,20:10:00,0,อ่างเก็บน้ำแม่นาเรือ,19.09579,99.80992,N,rainfall_1h
RES002,2026-06-28 20:20:00+07,20:20:00,0,อ่างเก็บน้ำแม่นาเรือ,19.09579,99.80992,N,rainfall_1h
RES002,2026-06-28 20:20:00+07,20:20:00,489.585,อ่างเก็บน้ำแม่นาเรือ,19.09579,99.80992,N,water_level
RES002,2026-06-28 20:30:00+07,20:30:00,0,อ่างเก็บน้ำแม่นาเรือ,19.09579,99.80992,N,rainfall_1h
RES002,2026-06-28 20:30:00+07,20:30:00,489.585,อ่างเก็บน้ำแม่นาเรือ,19.09579,99.80992,N,water_level
RES002,2026-06-28 20:40:00+07,20:40:00,0,อ่างเก็บน้ำแม่นาเรือ,19.09579,99.80992,N,rainfall_1h
RES002,2026-06-28 20:40:00+07,20:40:00,489.585,อ่างเก็บน้ำแม่นาเรือ,19.09579,99.80992,N,water_level
RES002,2026-06-28 20:50:00+07,20:50:00,489.591,อ่างเก็บน้ำแม่นาเรือ,19.09579,99.80992,N,water_level
RES002,2026-06-28 20:50:00+07,20:50:00,0,อ่างเก็บน้ำแม่นาเรือ,19.09579,99.80992,N,rainfall_1h
RES002,2026-06-28 21:00:00+07,21:00:00,489.585,อ่างเก็บน้ำแม่นาเรือ,19.09579,99.80992,N,water_level
RES002,2026-06-28 21:00:00+07,21:00:00,0,อ่างเก็บน้ำแม่นาเรือ,19.09579,99.80992,N,rainfall_1h
RES002,2026-06-28 21:10:00+07,21:10:00,0,อ่างเก็บน้ำแม่นาเรือ,19.09579,99.80992,N,rainfall_1h
RES002,2026-06-28 21:10:00+07,21:10:00,489.585,อ่างเก็บน้ำแม่นาเรือ,19.09579,99.80992,N,water_level
RES002,2026-06-28 21:20:00+07,21:20:00,0,อ่างเก็บน้ำแม่นาเรือ,19.09579,99.80992,N,rainfall_1h
RES002,2026-06-28 21:20:00+07,21:20:00,489.585,อ่างเก็บน้ำแม่นาเรือ,19.09579,99.80992,N,water_level
RES002,2026-06-28 21:30:00+07,21:30:00,489.585,อ่างเก็บน้ำแม่นาเรือ,19.09579,99.80992,N,water_level
RES002,2026-06-28 21:30:00+07,21:30:00,0,อ่างเก็บน้ำแม่นาเรือ,19.09579,99.80992,N,rainfall_1h
RES002,2026-06-28 21:40:00+07,21:40:00,0,อ่างเก็บน้ำแม่นาเรือ,19.09579,99.80992,N,rainfall_1h
RES002,2026-06-28 21:40:00+07,21:40:00,489.586,อ่างเก็บน้ำแม่นาเรือ,19.09579,99.80992,N,water_level
RES002,2026-06-28 21:50:00+07,21:50:00,0,อ่างเก็บน้ำแม่นาเรือ,19.09579,99.80992,N,rainfall_1h
RES002,2026-06-28 21:50:00+07,21:50:00,489.585,อ่างเก็บน้ำแม่นาเรือ,19.09579,99.80992,N,water_level
RES002,2026-06-28 22:00:00+07,22:00:00,489.591,อ่างเก็บน้ำแม่นาเรือ,19.09579,99.80992,N,water_level
RES002,2026-06-28 22:00:00+07,22:00:00,0,อ่างเก็บน้ำแม่นาเรือ,19.09579,99.80992,N,rainfall_1h
RES002,2026-06-28 22:10:00+07,22:10:00,0,อ่างเก็บน้ำแม่นาเรือ,19.09579,99.80992,N,rainfall_1h
RES002,2026-06-28 22:10:00+07,22:10:00,489.591,อ่างเก็บน้ำแม่นาเรือ,19.09579,99.80992,N,water_level
RES002,2026-06-28 22:20:00+07,22:20:00,0,อ่างเก็บน้ำแม่นาเรือ,19.09579,99.80992,N,rainfall_1h
RES002,2026-06-28 22:20:00+07,22:20:00,489.585,อ่างเก็บน้ำแม่นาเรือ,19.09579,99.80992,N,water_level
RES002,2026-06-28 22:30:00+07,22:30:00,489.585,อ่างเก็บน้ำแม่นาเรือ,19.09579,99.80992,N,water_level
RES002,2026-06-28 22:30:00+07,22:30:00,0,อ่างเก็บน้ำแม่นาเรือ,19.09579,99.80992,N,rainfall_1h
RES002,2026-06-28 22:40:00+07,22:40:00,0,อ่างเก็บน้ำแม่นาเรือ,19.09579,99.80992,N,rainfall_1h
RES002,2026-06-28 22:40:00+07,22:40:00,489.585,อ่างเก็บน้ำแม่นาเรือ,19.09579,99.80992,N,water_level
RES002,2026-06-28 22:50:00+07,22:50:00,0,อ่างเก็บน้ำแม่นาเรือ,19.09579,99.80992,N,rainfall_1h
RES002,2026-06-28 22:50:00+07,22:50:00,489.585,อ่างเก็บน้ำแม่นาเรือ,19.09579,99.80992,N,water_level
RES002,2026-06-28 23:00:00+07,23:00:00,0,อ่างเก็บน้ำแม่นาเรือ,19.09579,99.80992,N,rainfall_1h
RES002,2026-06-28 23:00:00+07,23:00:00,489.585,อ่างเก็บน้ำแม่นาเรือ,19.09579,99.80992,N,water_level
RES002,2026-06-28 23:10:00+07,23:10:00,489.585,อ่างเก็บน้ำแม่นาเรือ,19.09579,99.80992,N,water_level
RES002,2026-06-28 23:10:00+07,23:10:00,0,อ่างเก็บน้ำแม่นาเรือ,19.09579,99.80992,N,rainfall_1h
RES002,2026-06-28 23:20:00+07,23:20:00,0,อ่างเก็บน้ำแม่นาเรือ,19.09579,99.80992,N,rainfall_1h
RES002,2026-06-28 23:20:00+07,23:20:00,489.585,อ่างเก็บน้ำแม่นาเรือ,19.09579,99.80992,N,water_level
RES002,2026-06-28 23:30:00+07,23:30:00,0,อ่างเก็บน้ำแม่นาเรือ,19.09579,99.80992,N,rainfall_1h
RES002,2026-06-28 23:30:00+07,23:30:00,489.586,อ่างเก็บน้ำแม่นาเรือ,19.09579,99.80992,N,water_level
RES002,2026-06-28 23:40:00+07,23:40:00,0,อ่างเก็บน้ำแม่นาเรือ,19.09579,99.80992,N,rainfall_1h
RES002,2026-06-28 23:40:00+07,23:40:00,489.585,อ่างเก็บน้ำแม่นาเรือ,19.09579,99.80992,N,water_level
RES002,2026-06-28 23:50:00+07,23:50:00,0,อ่างเก็บน้ำแม่นาเรือ,19.09579,99.80992,N,rainfall_1h
RES002,2026-06-28 23:50:00+07,23:50:00,489.585,อ่างเก็บน้ำแม่นาเรือ,19.09579,99.80992,N,water_level
RES002,2026-06-29 00:00:00+07,0:00:00,0,อ่างเก็บน้ำแม่นาเรือ,19.09579,99.80992,N,rainfall_1h
RES002,2026-06-29 00:00:00+07,0:00:00,489.591,อ่างเก็บน้ำแม่นาเรือ,19.09579,99.80992,N,water_level
RES002,2026-06-29 00:10:00+07,0:10:00,489.585,อ่างเก็บน้ำแม่นาเรือ,19.09579,99.80992,N,water_level
RES002,2026-06-29 00:10:00+07,0:10:00,0,อ่างเก็บน้ำแม่นาเรือ,19.09579,99.80992,N,rainfall_1h
RES002,2026-06-29 00:20:00+07,0:20:00,489.585,อ่างเก็บน้ำแม่นาเรือ,19.09579,99.80992,N,water_level
RES002,2026-06-29 00:20:00+07,0:20:00,0,อ่างเก็บน้ำแม่นาเรือ,19.09579,99.80992,N,rainfall_1h
RES002,2026-06-29 00:30:00+07,0:30:00,489.586,อ่างเก็บน้ำแม่นาเรือ,19.09579,99.80992,N,water_level
RES002,2026-06-29 00:30:00+07,0:30:00,0,อ่างเก็บน้ำแม่นาเรือ,19.09579,99.80992,N,rainfall_1h
RES002,2026-06-29 00:40:00+07,0:40:00,489.586,อ่างเก็บน้ำแม่นาเรือ,19.09579,99.80992,N,water_level
RES002,2026-06-29 00:40:00+07,0:40:00,0,อ่างเก็บน้ำแม่นาเรือ,19.09579,99.80992,N,rainfall_1h
RES002,2026-06-29 00:50:00+07,0:50:00,0,อ่างเก็บน้ำแม่นาเรือ,19.09579,99.80992,N,rainfall_1h
RES002,2026-06-29 00:50:00+07,0:50:00,489.591,อ่างเก็บน้ำแม่นาเรือ,19.09579,99.80992,N,water_level
RES002,2026-06-29 01:00:00+07,1:00:00,489.591,อ่างเก็บน้ำแม่นาเรือ,19.09579,99.80992,N,water_level
RES002,2026-06-29 01:00:00+07,1:00:00,0,อ่างเก็บน้ำแม่นาเรือ,19.09579,99.80992,N,rainfall_1h
RES002,2026-06-29 01:10:00+07,1:10:00,0,อ่างเก็บน้ำแม่นาเรือ,19.09579,99.80992,N,rainfall_1h
RES002,2026-06-29 01:10:00+07,1:10:00,489.591,อ่างเก็บน้ำแม่นาเรือ,19.09579,99.80992,N,water_level
RES002,2026-06-29 01:20:00+07,1:20:00,489.591,อ่างเก็บน้ำแม่นาเรือ,19.09579,99.80992,N,water_level
RES002,2026-06-29 01:20:00+07,1:20:00,0,อ่างเก็บน้ำแม่นาเรือ,19.09579,99.80992,N,rainfall_1h
RES002,2026-06-29 01:30:00+07,1:30:00,489.591,อ่างเก็บน้ำแม่นาเรือ,19.09579,99.80992,N,water_level
RES002,2026-06-29 01:30:00+07,1:30:00,0,อ่างเก็บน้ำแม่นาเรือ,19.09579,99.80992,N,rainfall_1h
RES002,2026-06-29 01:40:00+07,1:40:00,0,อ่างเก็บน้ำแม่นาเรือ,19.09579,99.80992,N,rainfall_1h
RES002,2026-06-29 01:40:00+07,1:40:00,489.592,อ่างเก็บน้ำแม่นาเรือ,19.09579,99.80992,N,water_level
RES002,2026-06-29 01:50:00+07,1:50:00,489.592,อ่างเก็บน้ำแม่นาเรือ,19.09579,99.80992,N,water_level
RES002,2026-06-29 01:50:00+07,1:50:00,0,อ่างเก็บน้ำแม่นาเรือ,19.09579,99.80992,N,rainfall_1h
RES002,2026-06-29 02:00:00+07,2:00:00,489.591,อ่างเก็บน้ำแม่นาเรือ,19.09579,99.80992,N,water_level
RES002,2026-06-29 02:00:00+07,2:00:00,0,อ่างเก็บน้ำแม่นาเรือ,19.09579,99.80992,N,rainfall_1h
RES002,2026-06-29 02:10:00+07,2:10:00,489.591,อ่างเก็บน้ำแม่นาเรือ,19.09579,99.80992,N,water_level
RES002,2026-06-29 02:10:00+07,2:10:00,0,อ่างเก็บน้ำแม่นาเรือ,19.09579,99.80992,N,rainfall_1h
RES002,2026-06-29 02:20:00+07,2:20:00,489.592,อ่างเก็บน้ำแม่นาเรือ,19.09579,99.80992,N,water_level
RES002,2026-06-29 02:20:00+07,2:20:00,0,อ่างเก็บน้ำแม่นาเรือ,19.09579,99.80992,N,rainfall_1h
RES002,2026-06-29 02:30:00+07,2:30:00,489.592,อ่างเก็บน้ำแม่นาเรือ,19.09579,99.80992,N,water_level
RES002,2026-06-29 02:30:00+07,2:30:00,0,อ่างเก็บน้ำแม่นาเรือ,19.09579,99.80992,N,rainfall_1h
RES002,2026-06-29 02:40:00+07,2:40:00,489.591,อ่างเก็บน้ำแม่นาเรือ,19.09579,99.80992,N,water_level
RES002,2026-06-29 02:40:00+07,2:40:00,0,อ่างเก็บน้ำแม่นาเรือ,19.09579,99.80992,N,rainfall_1h
RES002,2026-06-29 02:50:00+07,2:50:00,489.586,อ่างเก็บน้ำแม่นาเรือ,19.09579,99.80992,N,water_level
RES002,2026-06-29 02:50:00+07,2:50:00,0,อ่างเก็บน้ำแม่นาเรือ,19.09579,99.80992,N,rainfall_1h
RES002,2026-06-29 03:00:00+07,3:00:00,0,อ่างเก็บน้ำแม่นาเรือ,19.09579,99.80992,N,rainfall_1h
RES002,2026-06-29 03:00:00+07,3:00:00,489.585,อ่างเก็บน้ำแม่นาเรือ,19.09579,99.80992,N,water_level
RES002,2026-06-29 03:10:00+07,3:10:00,0,อ่างเก็บน้ำแม่นาเรือ,19.09579,99.80992,N,rainfall_1h
RES002,2026-06-29 03:10:00+07,3:10:00,489.586,อ่างเก็บน้ำแม่นาเรือ,19.09579,99.80992,N,water_level
RES002,2026-06-29 03:20:00+07,3:20:00,0,อ่างเก็บน้ำแม่นาเรือ,19.09579,99.80992,N,rainfall_1h
RES002,2026-06-29 03:20:00+07,3:20:00,489.586,อ่างเก็บน้ำแม่นาเรือ,19.09579,99.80992,N,water_level
RES002,2026-06-29 03:30:00+07,3:30:00,0,อ่างเก็บน้ำแม่นาเรือ,19.09579,99.80992,N,rainfall_1h
RES002,2026-06-29 03:30:00+07,3:30:00,489.591,อ่างเก็บน้ำแม่นาเรือ,19.09579,99.80992,N,water_level
RES002,2026-06-29 03:40:00+07,3:40:00,489.591,อ่างเก็บน้ำแม่นาเรือ,19.09579,99.80992,N,water_level
RES002,2026-06-29 03:40:00+07,3:40:00,0,อ่างเก็บน้ำแม่นาเรือ,19.09579,99.80992,N,rainfall_1h
RES002,2026-06-29 03:50:00+07,3:50:00,489.592,อ่างเก็บน้ำแม่นาเรือ,19.09579,99.80992,N,water_level
RES002,2026-06-29 03:50:00+07,3:50:00,0,อ่างเก็บน้ำแม่นาเรือ,19.09579,99.80992,N,rainfall_1h
RES002,2026-06-29 04:00:00+07,4:00:00,489.591,อ่างเก็บน้ำแม่นาเรือ,19.09579,99.80992,N,water_level
RES002,2026-06-29 04:00:00+07,4:00:00,0,อ่างเก็บน้ำแม่นาเรือ,19.09579,99.80992,N,rainfall_1h
RES002,2026-06-29 04:10:00+07,4:10:00,489.591,อ่างเก็บน้ำแม่นาเรือ,19.09579,99.80992,N,water_level
RES002,2026-06-29 04:10:00+07,4:10:00,0,อ่างเก็บน้ำแม่นาเรือ,19.09579,99.80992,N,rainfall_1h
RES002,2026-06-29 04:20:00+07,4:20:00,489.591,อ่างเก็บน้ำแม่นาเรือ,19.09579,99.80992,N,water_level
RES002,2026-06-29 04:20:00+07,4:20:00,0,อ่างเก็บน้ำแม่นาเรือ,19.09579,99.80992,N,rainfall_1h
RES002,2026-06-29 04:30:00+07,4:30:00,489.591,อ่างเก็บน้ำแม่นาเรือ,19.09579,99.80992,N,water_level
RES002,2026-06-29 04:30:00+07,4:30:00,0,อ่างเก็บน้ำแม่นาเรือ,19.09579,99.80992,N,rainfall_1h
RES002,2026-06-29 04:40:00+07,4:40:00,0,อ่างเก็บน้ำแม่นาเรือ,19.09579,99.80992,N,rainfall_1h
RES002,2026-06-29 04:40:00+07,4:40:00,489.592,อ่างเก็บน้ำแม่นาเรือ,19.09579,99.80992,N,water_level
RES002,2026-06-29 04:50:00+07,4:50:00,0,อ่างเก็บน้ำแม่นาเรือ,19.09579,99.80992,N,rainfall_1h
RES002,2026-06-29 04:50:00+07,4:50:00,489.591,อ่างเก็บน้ำแม่นาเรือ,19.09579,99.80992,N,water_level
RES002,2026-06-29 05:00:00+07,5:00:00,0,อ่างเก็บน้ำแม่นาเรือ,19.09579,99.80992,N,rainfall_1h
RES002,2026-06-29 05:00:00+07,5:00:00,489.591,อ่างเก็บน้ำแม่นาเรือ,19.09579,99.80992,N,water_level
RES002,2026-06-29 05:10:00+07,5:10:00,0,อ่างเก็บน้ำแม่นาเรือ,19.09579,99.80992,N,rainfall_1h
RES002,2026-06-29 05:10:00+07,5:10:00,489.591,อ่างเก็บน้ำแม่นาเรือ,19.09579,99.80992,N,water_level
RES002,2026-06-29 05:20:00+07,5:20:00,0,อ่างเก็บน้ำแม่นาเรือ,19.09579,99.80992,N,rainfall_1h
RES002,2026-06-29 05:20:00+07,5:20:00,489.592,อ่างเก็บน้ำแม่นาเรือ,19.09579,99.80992,N,water_level
RES002,2026-06-29 05:30:00+07,5:30:00,489.586,อ่างเก็บน้ำแม่นาเรือ,19.09579,99.80992,N,water_level
RES002,2026-06-29 05:30:00+07,5:30:00,0,อ่างเก็บน้ำแม่นาเรือ,19.09579,99.80992,N,rainfall_1h
RES002,2026-06-29 05:40:00+07,5:40:00,489.585,อ่างเก็บน้ำแม่นาเรือ,19.09579,99.80992,N,water_level
RES002,2026-06-29 05:40:00+07,5:40:00,0,อ่างเก็บน้ำแม่นาเรือ,19.09579,99.80992,N,rainfall_1h
RES002,2026-06-29 05:50:00+07,5:50:00,0,อ่างเก็บน้ำแม่นาเรือ,19.09579,99.80992,N,rainfall_1h
RES002,2026-06-29 05:50:00+07,5:50:00,489.592,อ่างเก็บน้ำแม่นาเรือ,19.09579,99.80992,N,water_level
RES002,2026-06-29 06:00:00+07,6:00:00,489.585,อ่างเก็บน้ำแม่นาเรือ,19.09579,99.80992,N,water_level
RES002,2026-06-29 06:00:00+07,6:00:00,0,อ่างเก็บน้ำแม่นาเรือ,19.09579,99.80992,N,rainfall_1h
RES002,2026-06-29 06:10:00+07,6:10:00,489.586,อ่างเก็บน้ำแม่นาเรือ,19.09579,99.80992,N,water_level
RES002,2026-06-29 06:10:00+07,6:10:00,0,อ่างเก็บน้ำแม่นาเรือ,19.09579,99.80992,N,rainfall_1h
RES002,2026-06-29 06:20:00+07,6:20:00,489.591,อ่างเก็บน้ำแม่นาเรือ,19.09579,99.80992,N,water_level
RES002,2026-06-29 06:20:00+07,6:20:00,0,อ่างเก็บน้ำแม่นาเรือ,19.09579,99.80992,N,rainfall_1h
RES002,2026-06-29 06:30:00+07,6:30:00,0,อ่างเก็บน้ำแม่นาเรือ,19.09579,99.80992,N,rainfall_1h
RES002,2026-06-29 06:30:00+07,6:30:00,489.591,อ่างเก็บน้ำแม่นาเรือ,19.09579,99.80992,N,water_level
RES002,2026-06-29 06:40:00+07,6:40:00,489.591,อ่างเก็บน้ำแม่นาเรือ,19.09579,99.80992,N,water_level
RES002,2026-06-29 06:40:00+07,6:40:00,0,อ่างเก็บน้ำแม่นาเรือ,19.09579,99.80992,N,rainfall_1h
RES002,2026-06-29 06:50:00+07,6:50:00,0,อ่างเก็บน้ำแม่นาเรือ,19.09579,99.80992,N,rainfall_1h
RES002,2026-06-29 06:50:00+07,6:50:00,489.591,อ่างเก็บน้ำแม่นาเรือ,19.09579,99.80992,N,water_level
RES002,2026-06-29 07:00:00+07,7:00:00,489.586,อ่างเก็บน้ำแม่นาเรือ,19.09579,99.80992,N,water_level
RES002,2026-06-29 07:00:00+07,7:00:00,0,อ่างเก็บน้ำแม่นาเรือ,19.09579,99.80992,N,rainfall_1h
RES002,2026-06-29 07:10:00+07,7:10:00,489.586,อ่างเก็บน้ำแม่นาเรือ,19.09579,99.80992,N,water_level
RES002,2026-06-29 07:10:00+07,7:10:00,0,อ่างเก็บน้ำแม่นาเรือ,19.09579,99.80992,N,rainfall_1h
RES002,2026-06-29 07:20:00+07,7:20:00,0,อ่างเก็บน้ำแม่นาเรือ,19.09579,99.80992,N,rainfall_1h
RES002,2026-06-29 07:20:00+07,7:20:00,489.585,อ่างเก็บน้ำแม่นาเรือ,19.09579,99.80992,N,water_level
RES002,2026-06-29 07:30:00+07,7:30:00,489.586,อ่างเก็บน้ำแม่นาเรือ,19.09579,99.80992,N,water_level
RES002,2026-06-29 07:30:00+07,7:30:00,0,อ่างเก็บน้ำแม่นาเรือ,19.09579,99.80992,N,rainfall_1h
RES002,2026-06-29 07:40:00+07,7:40:00,489.591,อ่างเก็บน้ำแม่นาเรือ,19.09579,99.80992,N,water_level
RES002,2026-06-29 07:40:00+07,7:40:00,0,อ่างเก็บน้ำแม่นาเรือ,19.09579,99.80992,N,rainfall_1h
RES002,2026-06-29 07:50:00+07,7:50:00,489.591,อ่างเก็บน้ำแม่นาเรือ,19.09579,99.80992,N,water_level
RES002,2026-06-29 07:50:00+07,7:50:00,0,อ่างเก็บน้ำแม่นาเรือ,19.09579,99.80992,N,rainfall_1h
RES002,2026-06-29 08:00:00+07,8:00:00,489.585,อ่างเก็บน้ำแม่นาเรือ,19.09579,99.80992,N,water_level
RES002,2026-06-29 08:00:00+07,8:00:00,0,อ่างเก็บน้ำแม่นาเรือ,19.09579,99.80992,N,rainfall_1h
RES002,2026-06-29 08:10:00+07,8:10:00,489.585,อ่างเก็บน้ำแม่นาเรือ,19.09579,99.80992,N,water_level
RES002,2026-06-29 08:10:00+07,8:10:00,0,อ่างเก็บน้ำแม่นาเรือ,19.09579,99.80992,N,rainfall_1h
RES002,2026-06-29 08:20:00+07,8:20:00,0,อ่างเก็บน้ำแม่นาเรือ,19.09579,99.80992,N,rainfall_1h
RES002,2026-06-29 08:20:00+07,8:20:00,489.585,อ่างเก็บน้ำแม่นาเรือ,19.09579,99.80992,N,water_level
RES002,2026-06-29 08:30:00+07,8:30:00,489.585,อ่างเก็บน้ำแม่นาเรือ,19.09579,99.80992,N,water_level
RES002,2026-06-29 08:30:00+07,8:30:00,0,อ่างเก็บน้ำแม่นาเรือ,19.09579,99.80992,N,rainfall_1h
RES002,2026-06-29 08:40:00+07,8:40:00,489.585,อ่างเก็บน้ำแม่นาเรือ,19.09579,99.80992,N,water_level
RES002,2026-06-29 08:40:00+07,8:40:00,0,อ่างเก็บน้ำแม่นาเรือ,19.09579,99.80992,N,rainfall_1h
RES002,2026-06-29 08:50:00+07,8:50:00,0,อ่างเก็บน้ำแม่นาเรือ,19.09579,99.80992,N,rainfall_1h
RES002,2026-06-29 08:50:00+07,8:50:00,489.585,อ่างเก็บน้ำแม่นาเรือ,19.09579,99.80992,N,water_level
RES002,2026-06-29 09:00:00+07,9:00:00,489.585,อ่างเก็บน้ำแม่นาเรือ,19.09579,99.80992,N,water_level
RES002,2026-06-29 09:00:00+07,9:00:00,0,อ่างเก็บน้ำแม่นาเรือ,19.09579,99.80992,N,rainfall_1h
RES002,2026-06-29 09:10:00+07,9:10:00,489.585,อ่างเก็บน้ำแม่นาเรือ,19.09579,99.80992,N,water_level
RES002,2026-06-29 09:10:00+07,9:10:00,0,อ่างเก็บน้ำแม่นาเรือ,19.09579,99.80992,N,rainfall_1h
RES002,2026-06-29 09:20:00+07,9:20:00,0,อ่างเก็บน้ำแม่นาเรือ,19.09579,99.80992,N,rainfall_1h
RES002,2026-06-29 09:20:00+07,9:20:00,489.578,อ่างเก็บน้ำแม่นาเรือ,19.09579,99.80992,N,water_level
RES002,2026-06-29 09:30:00+07,9:30:00,0,อ่างเก็บน้ำแม่นาเรือ,19.09579,99.80992,N,rainfall_1h
RES002,2026-06-29 09:30:00+07,9:30:00,489.578,อ่างเก็บน้ำแม่นาเรือ,19.09579,99.80992,N,water_level
RES002,2026-06-29 09:40:00+07,9:40:00,0,อ่างเก็บน้ำแม่นาเรือ,19.09579,99.80992,N,rainfall_1h
RES002,2026-06-29 09:40:00+07,9:40:00,489.578,อ่างเก็บน้ำแม่นาเรือ,19.09579,99.80992,N,water_level
RES002,2026-06-29 09:50:00+07,9:50:00,0,อ่างเก็บน้ำแม่นาเรือ,19.09579,99.80992,N,rainfall_1h
RES002,2026-06-29 09:50:00+07,9:50:00,489.585,อ่างเก็บน้ำแม่นาเรือ,19.09579,99.80992,N,water_level
RES002,2026-06-29 10:00:00+07,10:00:00,0,อ่างเก็บน้ำแม่นาเรือ,19.09579,99.80992,N,rainfall_1h
RES002,2026-06-29 10:00:00+07,10:00:00,489.585,อ่างเก็บน้ำแม่นาเรือ,19.09579,99.80992,N,water_level
RES002,2026-06-29 10:10:00+07,10:10:00,0,อ่างเก็บน้ำแม่นาเรือ,19.09579,99.80992,N,rainfall_1h
RES002,2026-06-29 10:10:00+07,10:10:00,489.578,อ่างเก็บน้ำแม่นาเรือ,19.09579,99.80992,N,water_level
RES002,2026-06-29 10:20:00+07,10:20:00,0,อ่างเก็บน้ำแม่นาเรือ,19.09579,99.80992,N,rainfall_1h
RES002,2026-06-29 10:20:00+07,10:20:00,489.572,อ่างเก็บน้ำแม่นาเรือ,19.09579,99.80992,N,water_level
RES002,2026-06-29 10:30:00+07,10:30:00,0,อ่างเก็บน้ำแม่นาเรือ,19.09579,99.80992,N,rainfall_1h
RES002,2026-06-29 10:30:00+07,10:30:00,489.572,อ่างเก็บน้ำแม่นาเรือ,19.09579,99.80992,N,water_level
RES002,2026-06-29 10:40:00+07,10:40:00,0,อ่างเก็บน้ำแม่นาเรือ,19.09579,99.80992,N,rainfall_1h
RES002,2026-06-29 10:40:00+07,10:40:00,489.578,อ่างเก็บน้ำแม่นาเรือ,19.09579,99.80992,N,water_level
RES002,2026-06-29 10:50:00+07,10:50:00,0,อ่างเก็บน้ำแม่นาเรือ,19.09579,99.80992,N,rainfall_1h
RES002,2026-06-29 10:50:00+07,10:50:00,489.578,อ่างเก็บน้ำแม่นาเรือ,19.09579,99.80992,N,water_level
RES002,2026-06-29 11:00:00+07,11:00:00,0,อ่างเก็บน้ำแม่นาเรือ,19.09579,99.80992,N,rainfall_1h
RES002,2026-06-29 11:00:00+07,11:00:00,489.578,อ่างเก็บน้ำแม่นาเรือ,19.09579,99.80992,N,water_level
RES002,2026-06-29 11:10:00+07,11:10:00,0,อ่างเก็บน้ำแม่นาเรือ,19.09579,99.80992,N,rainfall_1h
RES002,2026-06-29 11:10:00+07,11:10:00,489.572,อ่างเก็บน้ำแม่นาเรือ,19.09579,99.80992,N,water_level
RES002,2026-06-29 11:20:00+07,11:20:00,0,อ่างเก็บน้ำแม่นาเรือ,19.09579,99.80992,N,rainfall_1h
RES002,2026-06-29 11:20:00+07,11:20:00,489.578,อ่างเก็บน้ำแม่นาเรือ,19.09579,99.80992,N,water_level
RES002,2026-06-29 11:30:00+07,11:30:00,489.578,อ่างเก็บน้ำแม่นาเรือ,19.09579,99.80992,N,water_level
RES002,2026-06-29 11:30:00+07,11:30:00,0,อ่างเก็บน้ำแม่นาเรือ,19.09579,99.80992,N,rainfall_1h
RES002,2026-06-29 11:40:00+07,11:40:00,0,อ่างเก็บน้ำแม่นาเรือ,19.09579,99.80992,N,rainfall_1h
RES002,2026-06-29 11:40:00+07,11:40:00,489.565,อ่างเก็บน้ำแม่นาเรือ,19.09579,99.80992,N,water_level
RES002,2026-06-29 11:50:00+07,11:50:00,0,อ่างเก็บน้ำแม่นาเรือ,19.09579,99.80992,N,rainfall_1h
RES002,2026-06-29 11:50:00+07,11:50:00,489.578,อ่างเก็บน้ำแม่นาเรือ,19.09579,99.80992,N,water_level
RES002,2026-06-29 12:00:00+07,12:00:00,0,อ่างเก็บน้ำแม่นาเรือ,19.09579,99.80992,N,rainfall_1h
RES002,2026-06-29 12:00:00+07,12:00:00,489.578,อ่างเก็บน้ำแม่นาเรือ,19.09579,99.80992,N,water_level
RES002,2026-06-29 12:10:00+07,12:10:00,0,อ่างเก็บน้ำแม่นาเรือ,19.09579,99.80992,N,rainfall_1h
RES002,2026-06-29 12:10:00+07,12:10:00,489.577,อ่างเก็บน้ำแม่นาเรือ,19.09579,99.80992,N,water_level
RES002,2026-06-29 12:20:00+07,12:20:00,0,อ่างเก็บน้ำแม่นาเรือ,19.09579,99.80992,N,rainfall_1h
RES002,2026-06-29 12:20:00+07,12:20:00,489.565,อ่างเก็บน้ำแม่นาเรือ,19.09579,99.80992,N,water_level
RES002,2026-06-29 12:30:00+07,12:30:00,0,อ่างเก็บน้ำแม่นาเรือ,19.09579,99.80992,N,rainfall_1h
RES002,2026-06-29 12:30:00+07,12:30:00,489.577,อ่างเก็บน้ำแม่นาเรือ,19.09579,99.80992,N,water_level
RES002,2026-06-29 12:40:00+07,12:40:00,489.578,อ่างเก็บน้ำแม่นาเรือ,19.09579,99.80992,N,water_level
RES002,2026-06-29 12:40:00+07,12:40:00,0,อ่างเก็บน้ำแม่นาเรือ,19.09579,99.80992,N,rainfall_1h
RES002,2026-06-29 12:50:00+07,12:50:00,0,อ่างเก็บน้ำแม่นาเรือ,19.09579,99.80992,N,rainfall_1h
RES002,2026-06-29 12:50:00+07,12:50:00,489.578,อ่างเก็บน้ำแม่นาเรือ,19.09579,99.80992,N,water_level
RES002,2026-06-29 13:00:00+07,13:00:00,0,อ่างเก็บน้ำแม่นาเรือ,19.09579,99.80992,N,rainfall_1h
RES002,2026-06-29 13:00:00+07,13:00:00,489.566,อ่างเก็บน้ำแม่นาเรือ,19.09579,99.80992,N,water_level
RES002,2026-06-29 13:10:00+07,13:10:00,489.572,อ่างเก็บน้ำแม่นาเรือ,19.09579,99.80992,N,water_level
RES002,2026-06-29 13:10:00+07,13:10:00,0,อ่างเก็บน้ำแม่นาเรือ,19.09579,99.80992,N,rainfall_1h
RES002,2026-06-29 13:20:00+07,13:20:00,0,อ่างเก็บน้ำแม่นาเรือ,19.09579,99.80992,N,rainfall_1h
RES002,2026-06-29 13:20:00+07,13:20:00,489.572,อ่างเก็บน้ำแม่นาเรือ,19.09579,99.80992,N,water_level
RES002,2026-06-29 13:30:00+07,13:30:00,0,อ่างเก็บน้ำแม่นาเรือ,19.09579,99.80992,N,rainfall_1h
RES002,2026-06-29 13:30:00+07,13:30:00,489.572,อ่างเก็บน้ำแม่นาเรือ,19.09579,99.80992,N,water_level
RES002,2026-06-29 13:40:00+07,13:40:00,489.572,อ่างเก็บน้ำแม่นาเรือ,19.09579,99.80992,N,water_level
RES002,2026-06-29 13:40:00+07,13:40:00,0,อ่างเก็บน้ำแม่นาเรือ,19.09579,99.80992,N,rainfall_1h
RES002,2026-06-29 13:50:00+07,13:50:00,0,อ่างเก็บน้ำแม่นาเรือ,19.09579,99.80992,N,rainfall_1h
RES002,2026-06-29 13:50:00+07,13:50:00,489.572,อ่างเก็บน้ำแม่นาเรือ,19.09579,99.80992,N,water_level
RES002,2026-06-29 14:00:00+07,14:00:00,0,อ่างเก็บน้ำแม่นาเรือ,19.09579,99.80992,N,rainfall_1h
RES002,2026-06-29 14:00:00+07,14:00:00,489.559,อ่างเก็บน้ำแม่นาเรือ,19.09579,99.80992,N,water_level
RES002,2026-06-29 14:10:00+07,14:10:00,489.578,อ่างเก็บน้ำแม่นาเรือ,19.09579,99.80992,N,water_level
RES002,2026-06-29 14:10:00+07,14:10:00,0,อ่างเก็บน้ำแม่นาเรือ,19.09579,99.80992,N,rainfall_1h
RES002,2026-06-29 14:20:00+07,14:20:00,0,อ่างเก็บน้ำแม่นาเรือ,19.09579,99.80992,N,rainfall_1h
RES002,2026-06-29 14:20:00+07,14:20:00,489.558,อ่างเก็บน้ำแม่นาเรือ,19.09579,99.80992,N,water_level
RES002,2026-06-29 14:30:00+07,14:30:00,489.572,อ่างเก็บน้ำแม่นาเรือ,19.09579,99.80992,N,water_level
RES002,2026-06-29 14:30:00+07,14:30:00,0,อ่างเก็บน้ำแม่นาเรือ,19.09579,99.80992,N,rainfall_1h
RES002,2026-06-29 14:40:00+07,14:40:00,489.572,อ่างเก็บน้ำแม่นาเรือ,19.09579,99.80992,N,water_level
RES002,2026-06-29 14:40:00+07,14:40:00,0,อ่างเก็บน้ำแม่นาเรือ,19.09579,99.80992,N,rainfall_1h
RES002,2026-06-29 14:50:00+07,14:50:00,489.572,อ่างเก็บน้ำแม่นาเรือ,19.09579,99.80992,N,water_level
RES002,2026-06-29 14:50:00+07,14:50:00,0,อ่างเก็บน้ำแม่นาเรือ,19.09579,99.80992,N,rainfall_1h
RES002,2026-06-29 15:00:00+07,15:00:00,0,อ่างเก็บน้ำแม่นาเรือ,19.09579,99.80992,N,rainfall_1h
RES002,2026-06-29 15:00:00+07,15:00:00,489.578,อ่างเก็บน้ำแม่นาเรือ,19.09579,99.80992,N,water_level
RES002,2026-06-29 15:10:00+07,15:10:00,0,อ่างเก็บน้ำแม่นาเรือ,19.09579,99.80992,N,rainfall_1h
RES002,2026-06-29 15:10:00+07,15:10:00,489.578,อ่างเก็บน้ำแม่นาเรือ,19.09579,99.80992,N,water_level
RES002,2026-06-29 15:20:00+07,15:20:00,0,อ่างเก็บน้ำแม่นาเรือ,19.09579,99.80992,N,rainfall_1h
RES002,2026-06-29 15:20:00+07,15:20:00,489.566,อ่างเก็บน้ำแม่นาเรือ,19.09579,99.80992,N,water_level
RES002,2026-06-29 15:30:00+07,15:30:00,489.578,อ่างเก็บน้ำแม่นาเรือ,19.09579,99.80992,N,water_level
RES002,2026-06-29 15:30:00+07,15:30:00,0,อ่างเก็บน้ำแม่นาเรือ,19.09579,99.80992,N,rainfall_1h
RES002,2026-06-29 15:40:00+07,15:40:00,489.578,อ่างเก็บน้ำแม่นาเรือ,19.09579,99.80992,N,water_level
RES002,2026-06-29 15:40:00+07,15:40:00,0,อ่างเก็บน้ำแม่นาเรือ,19.09579,99.80992,N,rainfall_1h
RES002,2026-06-29 15:50:00+07,15:50:00,0,อ่างเก็บน้ำแม่นาเรือ,19.09579,99.80992,N,rainfall_1h
RES002,2026-06-29 15:50:00+07,15:50:00,489.578,อ่างเก็บน้ำแม่นาเรือ,19.09579,99.80992,N,water_level
RES002,2026-06-29 16:00:00+07,16:00:00,0,อ่างเก็บน้ำแม่นาเรือ,19.09579,99.80992,N,rainfall_1h
RES002,2026-06-29 16:00:00+07,16:00:00,489.578,อ่างเก็บน้ำแม่นาเรือ,19.09579,99.80992,N,water_level
RES002,2026-06-29 16:10:00+07,16:10:00,489.585,อ่างเก็บน้ำแม่นาเรือ,19.09579,99.80992,N,water_level
RES002,2026-06-29 16:10:00+07,16:10:00,0,อ่างเก็บน้ำแม่นาเรือ,19.09579,99.80992,N,rainfall_1h
RES002,2026-06-29 16:20:00+07,16:20:00,489.578,อ่างเก็บน้ำแม่นาเรือ,19.09579,99.80992,N,water_level
RES002,2026-06-29 16:20:00+07,16:20:00,0,อ่างเก็บน้ำแม่นาเรือ,19.09579,99.80992,N,rainfall_1h
RES002,2026-06-29 16:30:00+07,16:30:00,0,อ่างเก็บน้ำแม่นาเรือ,19.09579,99.80992,N,rainfall_1h
RES002,2026-06-29 16:30:00+07,16:30:00,489.585,อ่างเก็บน้ำแม่นาเรือ,19.09579,99.80992,N,water_level
RES002,2026-06-29 16:40:00+07,16:40:00,489.579,อ่างเก็บน้ำแม่นาเรือ,19.09579,99.80992,N,water_level
RES002,2026-06-29 16:40:00+07,16:40:00,0,อ่างเก็บน้ำแม่นาเรือ,19.09579,99.80992,N,rainfall_1h
RES002,2026-06-29 16:50:00+07,16:50:00,489.585,อ่างเก็บน้ำแม่นาเรือ,19.09579,99.80992,N,water_level
RES002,2026-06-29 16:50:00+07,16:50:00,0,อ่างเก็บน้ำแม่นาเรือ,19.09579,99.80992,N,rainfall_1h
RES002,2026-06-29 17:00:00+07,17:00:00,0,อ่างเก็บน้ำแม่นาเรือ,19.09579,99.80992,N,rainfall_1h
RES002,2026-06-29 17:00:00+07,17:00:00,489.579,อ่างเก็บน้ำแม่นาเรือ,19.09579,99.80992,N,water_level
RES002,2026-06-29 17:10:00+07,17:10:00,0,อ่างเก็บน้ำแม่นาเรือ,19.09579,99.80992,N,rainfall_1h
RES002,2026-06-29 17:10:00+07,17:10:00,489.585,อ่างเก็บน้ำแม่นาเรือ,19.09579,99.80992,N,water_level
RES002,2026-06-29 17:20:00+07,17:20:00,489.578,อ่างเก็บน้ำแม่นาเรือ,19.09579,99.80992,N,water_level
RES002,2026-06-29 17:20:00+07,17:20:00,0,อ่างเก็บน้ำแม่นาเรือ,19.09579,99.80992,N,rainfall_1h
RES002,2026-06-29 17:30:00+07,17:30:00,489.578,อ่างเก็บน้ำแม่นาเรือ,19.09579,99.80992,N,water_level
RES002,2026-06-29 17:30:00+07,17:30:00,0,อ่างเก็บน้ำแม่นาเรือ,19.09579,99.80992,N,rainfall_1h
RES002,2026-06-29 17:40:00+07,17:40:00,0,อ่างเก็บน้ำแม่นาเรือ,19.09579,99.80992,N,rainfall_1h
RES002,2026-06-29 17:40:00+07,17:40:00,489.578,อ่างเก็บน้ำแม่นาเรือ,19.09579,99.80992,N,water_level
RES002,2026-06-29 17:50:00+07,17:50:00,0,อ่างเก็บน้ำแม่นาเรือ,19.09579,99.80992,N,rainfall_1h
RES002,2026-06-29 17:50:00+07,17:50:00,489.578,อ่างเก็บน้ำแม่นาเรือ,19.09579,99.80992,N,water_level
RES002,2026-06-29 18:00:00+07,18:00:00,0,อ่างเก็บน้ำแม่นาเรือ,19.09579,99.80992,N,rainfall_1h
RES002,2026-06-29 18:00:00+07,18:00:00,489.585,อ่างเก็บน้ำแม่นาเรือ,19.09579,99.80992,N,water_level
RES002,2026-06-29 18:10:00+07,18:10:00,489.585,อ่างเก็บน้ำแม่นาเรือ,19.09579,99.80992,N,water_level
RES002,2026-06-29 18:10:00+07,18:10:00,0,อ่างเก็บน้ำแม่นาเรือ,19.09579,99.80992,N,rainfall_1h
RES002,2026-06-29 18:20:00+07,18:20:00,489.585,อ่างเก็บน้ำแม่นาเรือ,19.09579,99.80992,N,water_level
RES002,2026-06-29 18:20:00+07,18:20:00,0,อ่างเก็บน้ำแม่นาเรือ,19.09579,99.80992,N,rainfall_1h
RES002,2026-06-29 18:30:00+07,18:30:00,0,อ่างเก็บน้ำแม่นาเรือ,19.09579,99.80992,N,rainfall_1h
RES002,2026-06-29 18:30:00+07,18:30:00,489.585,อ่างเก็บน้ำแม่นาเรือ,19.09579,99.80992,N,water_level
RES002,2026-06-29 18:40:00+07,18:40:00,489.585,อ่างเก็บน้ำแม่นาเรือ,19.09579,99.80992,N,water_level
RES002,2026-06-29 18:40:00+07,18:40:00,0,อ่างเก็บน้ำแม่นาเรือ,19.09579,99.80992,N,rainfall_1h
RES002,2026-06-29 18:50:00+07,18:50:00,489.578,อ่างเก็บน้ำแม่นาเรือ,19.09579,99.80992,N,water_level
RES002,2026-06-29 18:50:00+07,18:50:00,0,อ่างเก็บน้ำแม่นาเรือ,19.09579,99.80992,N,rainfall_1h
RES002,2026-06-29 19:00:00+07,19:00:00,0.2,อ่างเก็บน้ำแม่นาเรือ,19.09579,99.80992,N,rainfall_1h
RES002,2026-06-29 19:00:00+07,19:00:00,489.586,อ่างเก็บน้ำแม่นาเรือ,19.09579,99.80992,N,water_level
RES002,2026-06-29 19:10:00+07,19:10:00,0,อ่างเก็บน้ำแม่นาเรือ,19.09579,99.80992,N,rainfall_1h
RES002,2026-06-29 19:10:00+07,19:10:00,489.585,อ่างเก็บน้ำแม่นาเรือ,19.09579,99.80992,N,water_level
RES002,2026-06-29 19:20:00+07,19:20:00,489.585,อ่างเก็บน้ำแม่นาเรือ,19.09579,99.80992,N,water_level
RES002,2026-06-29 19:20:00+07,19:20:00,0,อ่างเก็บน้ำแม่นาเรือ,19.09579,99.80992,N,rainfall_1h
RES002,2026-06-29 19:30:00+07,19:30:00,489.585,อ่างเก็บน้ำแม่นาเรือ,19.09579,99.80992,N,water_level
RES002,2026-06-29 19:30:00+07,19:30:00,0,อ่างเก็บน้ำแม่นาเรือ,19.09579,99.80992,N,rainfall_1h
RES002,2026-06-29 19:40:00+07,19:40:00,0,อ่างเก็บน้ำแม่นาเรือ,19.09579,99.80992,N,rainfall_1h
RES002,2026-06-29 19:40:00+07,19:40:00,489.585,อ่างเก็บน้ำแม่นาเรือ,19.09579,99.80992,N,water_level
RES002,2026-06-29 19:50:00+07,19:50:00,489.585,อ่างเก็บน้ำแม่นาเรือ,19.09579,99.80992,N,water_level
RES002,2026-06-29 19:50:00+07,19:50:00,0,อ่างเก็บน้ำแม่นาเรือ,19.09579,99.80992,N,rainfall_1h
RES002,2026-06-29 20:00:00+07,20:00:00,0,อ่างเก็บน้ำแม่นาเรือ,19.09579,99.80992,N,rainfall_1h
RES002,2026-06-29 20:00:00+07,20:00:00,489.586,อ่างเก็บน้ำแม่นาเรือ,19.09579,99.80992,N,water_level
RES002,2026-06-29 20:10:00+07,20:10:00,489.585,อ่างเก็บน้ำแม่นาเรือ,19.09579,99.80992,N,water_level
RES002,2026-06-29 20:10:00+07,20:10:00,0,อ่างเก็บน้ำแม่นาเรือ,19.09579,99.80992,N,rainfall_1h
RES002,2026-06-29 20:20:00+07,20:20:00,0,อ่างเก็บน้ำแม่นาเรือ,19.09579,99.80992,N,rainfall_1h
RES002,2026-06-29 20:20:00+07,20:20:00,489.586,อ่างเก็บน้ำแม่นาเรือ,19.09579,99.80992,N,water_level
RES002,2026-06-29 20:30:00+07,20:30:00,489.579,อ่างเก็บน้ำแม่นาเรือ,19.09579,99.80992,N,water_level
RES002,2026-06-29 20:30:00+07,20:30:00,0,อ่างเก็บน้ำแม่นาเรือ,19.09579,99.80992,N,rainfall_1h
RES002,2026-06-29 20:40:00+07,20:40:00,0,อ่างเก็บน้ำแม่นาเรือ,19.09579,99.80992,N,rainfall_1h
RES002,2026-06-29 20:40:00+07,20:40:00,489.579,อ่างเก็บน้ำแม่นาเรือ,19.09579,99.80992,N,water_level
RES002,2026-06-29 20:50:00+07,20:50:00,0,อ่างเก็บน้ำแม่นาเรือ,19.09579,99.80992,N,rainfall_1h
RES002,2026-06-29 20:50:00+07,20:50:00,489.579,อ่างเก็บน้ำแม่นาเรือ,19.09579,99.80992,N,water_level
RES002,2026-06-29 21:00:00+07,21:00:00,0,อ่างเก็บน้ำแม่นาเรือ,19.09579,99.80992,N,rainfall_1h
RES002,2026-06-29 21:00:00+07,21:00:00,489.585,อ่างเก็บน้ำแม่นาเรือ,19.09579,99.80992,N,water_level
RES002,2026-06-29 21:10:00+07,21:10:00,489.586,อ่างเก็บน้ำแม่นาเรือ,19.09579,99.80992,N,water_level
RES002,2026-06-29 21:10:00+07,21:10:00,0,อ่างเก็บน้ำแม่นาเรือ,19.09579,99.80992,N,rainfall_1h
RES002,2026-06-29 21:20:00+07,21:20:00,0,อ่างเก็บน้ำแม่นาเรือ,19.09579,99.80992,N,rainfall_1h
RES002,2026-06-29 21:20:00+07,21:20:00,489.586,อ่างเก็บน้ำแม่นาเรือ,19.09579,99.80992,N,water_level
RES002,2026-06-29 21:30:00+07,21:30:00,0,อ่างเก็บน้ำแม่นาเรือ,19.09579,99.80992,N,rainfall_1h
RES002,2026-06-29 21:30:00+07,21:30:00,489.586,อ่างเก็บน้ำแม่นาเรือ,19.09579,99.80992,N,water_level
RES002,2026-06-29 21:40:00+07,21:40:00,489.585,อ่างเก็บน้ำแม่นาเรือ,19.09579,99.80992,N,water_level
RES002,2026-06-29 21:40:00+07,21:40:00,0,อ่างเก็บน้ำแม่นาเรือ,19.09579,99.80992,N,rainfall_1h
RES002,2026-06-29 21:50:00+07,21:50:00,489.586,อ่างเก็บน้ำแม่นาเรือ,19.09579,99.80992,N,water_level
RES002,2026-06-29 21:50:00+07,21:50:00,0,อ่างเก็บน้ำแม่นาเรือ,19.09579,99.80992,N,rainfall_1h
RES002,2026-06-29 22:00:00+07,22:00:00,0,อ่างเก็บน้ำแม่นาเรือ,19.09579,99.80992,N,rainfall_1h
RES002,2026-06-29 22:00:00+07,22:00:00,489.586,อ่างเก็บน้ำแม่นาเรือ,19.09579,99.80992,N,water_level
RES002,2026-06-29 22:10:00+07,22:10:00,489.579,อ่างเก็บน้ำแม่นาเรือ,19.09579,99.80992,N,water_level
RES002,2026-06-29 22:10:00+07,22:10:00,0,อ่างเก็บน้ำแม่นาเรือ,19.09579,99.80992,N,rainfall_1h
RES002,2026-06-29 22:20:00+07,22:20:00,489.586,อ่างเก็บน้ำแม่นาเรือ,19.09579,99.80992,N,water_level
RES002,2026-06-29 22:20:00+07,22:20:00,0,อ่างเก็บน้ำแม่นาเรือ,19.09579,99.80992,N,rainfall_1h
RES002,2026-06-29 22:30:00+07,22:30:00,489.585,อ่างเก็บน้ำแม่นาเรือ,19.09579,99.80992,N,water_level
RES002,2026-06-29 22:30:00+07,22:30:00,0,อ่างเก็บน้ำแม่นาเรือ,19.09579,99.80992,N,rainfall_1h
RES002,2026-06-29 22:40:00+07,22:40:00,489.585,อ่างเก็บน้ำแม่นาเรือ,19.09579,99.80992,N,water_level
RES002,2026-06-29 22:40:00+07,22:40:00,0,อ่างเก็บน้ำแม่นาเรือ,19.09579,99.80992,N,rainfall_1h
RES002,2026-06-29 22:50:00+07,22:50:00,489.586,อ่างเก็บน้ำแม่นาเรือ,19.09579,99.80992,N,water_level
RES002,2026-06-29 22:50:00+07,22:50:00,0,อ่างเก็บน้ำแม่นาเรือ,19.09579,99.80992,N,rainfall_1h
RES002,2026-06-29 23:00:00+07,23:00:00,0,อ่างเก็บน้ำแม่นาเรือ,19.09579,99.80992,N,rainfall_1h
RES002,2026-06-29 23:00:00+07,23:00:00,489.586,อ่างเก็บน้ำแม่นาเรือ,19.09579,99.80992,N,water_level
RES002,2026-06-29 23:10:00+07,23:10:00,0,อ่างเก็บน้ำแม่นาเรือ,19.09579,99.80992,N,rainfall_1h
RES002,2026-06-29 23:10:00+07,23:10:00,489.586,อ่างเก็บน้ำแม่นาเรือ,19.09579,99.80992,N,water_level
RES002,2026-06-29 23:20:00+07,23:20:00,0.2,อ่างเก็บน้ำแม่นาเรือ,19.09579,99.80992,N,rainfall_1h
RES002,2026-06-29 23:20:00+07,23:20:00,489.585,อ่างเก็บน้ำแม่นาเรือ,19.09579,99.80992,N,water_level
RES002,2026-06-29 23:30:00+07,23:30:00,489.585,อ่างเก็บน้ำแม่นาเรือ,19.09579,99.80992,N,water_level
RES002,2026-06-29 23:30:00+07,23:30:00,0.2,อ่างเก็บน้ำแม่นาเรือ,19.09579,99.80992,N,rainfall_1h
RES002,2026-06-29 23:40:00+07,23:40:00,489.585,อ่างเก็บน้ำแม่นาเรือ,19.09579,99.80992,N,water_level
RES002,2026-06-29 23:40:00+07,23:40:00,0.2,อ่างเก็บน้ำแม่นาเรือ,19.09579,99.80992,N,rainfall_1h
RES002,2026-06-29 23:50:00+07,23:50:00,0.2,อ่างเก็บน้ำแม่นาเรือ,19.09579,99.80992,N,rainfall_1h
RES002,2026-06-29 23:50:00+07,23:50:00,489.586,อ่างเก็บน้ำแม่นาเรือ,19.09579,99.80992,N,water_level
RES002,2026-06-30 00:00:00+07,0:00:00,0.4,อ่างเก็บน้ำแม่นาเรือ,19.09579,99.80992,N,rainfall_1h
RES002,2026-06-30 00:00:00+07,0:00:00,489.586,อ่างเก็บน้ำแม่นาเรือ,19.09579,99.80992,N,water_level
RES002,2026-06-30 00:10:00+07,0:10:00,0,อ่างเก็บน้ำแม่นาเรือ,19.09579,99.80992,N,rainfall_1h
RES002,2026-06-30 00:10:00+07,0:10:00,489.585,อ่างเก็บน้ำแม่นาเรือ,19.09579,99.80992,N,water_level
RES002,2026-06-30 00:20:00+07,0:20:00,0.2,อ่างเก็บน้ำแม่นาเรือ,19.09579,99.80992,N,rainfall_1h
RES002,2026-06-30 00:20:00+07,0:20:00,489.586,อ่างเก็บน้ำแม่นาเรือ,19.09579,99.80992,N,water_level
RES002,2026-06-30 00:30:00+07,0:30:00,0.2,อ่างเก็บน้ำแม่นาเรือ,19.09579,99.80992,N,rainfall_1h
RES002,2026-06-30 00:30:00+07,0:30:00,489.586,อ่างเก็บน้ำแม่นาเรือ,19.09579,99.80992,N,water_level
RES002,2026-06-30 00:40:00+07,0:40:00,489.586,อ่างเก็บน้ำแม่นาเรือ,19.09579,99.80992,N,water_level
RES002,2026-06-30 00:40:00+07,0:40:00,0.2,อ่างเก็บน้ำแม่นาเรือ,19.09579,99.80992,N,rainfall_1h
RES002,2026-06-30 00:50:00+07,0:50:00,489.585,อ่างเก็บน้ำแม่นาเรือ,19.09579,99.80992,N,water_level
RES002,2026-06-30 00:50:00+07,0:50:00,0.4,อ่างเก็บน้ำแม่นาเรือ,19.09579,99.80992,N,rainfall_1h
RES002,2026-06-30 01:00:00+07,1:00:00,489.586,อ่างเก็บน้ำแม่นาเรือ,19.09579,99.80992,N,water_level
RES002,2026-06-30 01:00:00+07,1:00:00,0.4,อ่างเก็บน้ำแม่นาเรือ,19.09579,99.80992,N,rainfall_1h
RES002,2026-06-30 01:10:00+07,1:10:00,489.586,อ่างเก็บน้ำแม่นาเรือ,19.09579,99.80992,N,water_level
RES002,2026-06-30 01:10:00+07,1:10:00,0,อ่างเก็บน้ำแม่นาเรือ,19.09579,99.80992,N,rainfall_1h
RES002,2026-06-30 01:20:00+07,1:20:00,489.585,อ่างเก็บน้ำแม่นาเรือ,19.09579,99.80992,N,water_level
RES002,2026-06-30 01:20:00+07,1:20:00,0,อ่างเก็บน้ำแม่นาเรือ,19.09579,99.80992,N,rainfall_1h
RES002,2026-06-30 01:30:00+07,1:30:00,0,อ่างเก็บน้ำแม่นาเรือ,19.09579,99.80992,N,rainfall_1h
RES002,2026-06-30 01:30:00+07,1:30:00,489.586,อ่างเก็บน้ำแม่นาเรือ,19.09579,99.80992,N,water_level
RES002,2026-06-30 01:40:00+07,1:40:00,489.585,อ่างเก็บน้ำแม่นาเรือ,19.09579,99.80992,N,water_level
RES002,2026-06-30 01:40:00+07,1:40:00,0,อ่างเก็บน้ำแม่นาเรือ,19.09579,99.80992,N,rainfall_1h
RES002,2026-06-30 01:50:00+07,1:50:00,489.586,อ่างเก็บน้ำแม่นาเรือ,19.09579,99.80992,N,water_level
RES002,2026-06-30 01:50:00+07,1:50:00,0,อ่างเก็บน้ำแม่นาเรือ,19.09579,99.80992,N,rainfall_1h
RES002,2026-06-30 02:00:00+07,2:00:00,489.586,อ่างเก็บน้ำแม่นาเรือ,19.09579,99.80992,N,water_level
RES002,2026-06-30 02:00:00+07,2:00:00,0,อ่างเก็บน้ำแม่นาเรือ,19.09579,99.80992,N,rainfall_1h
RES002,2026-06-30 02:10:00+07,2:10:00,0,อ่างเก็บน้ำแม่นาเรือ,19.09579,99.80992,N,rainfall_1h
RES002,2026-06-30 02:10:00+07,2:10:00,489.586,อ่างเก็บน้ำแม่นาเรือ,19.09579,99.80992,N,water_level
RES002,2026-06-30 02:20:00+07,2:20:00,0,อ่างเก็บน้ำแม่นาเรือ,19.09579,99.80992,N,rainfall_1h
RES002,2026-06-30 02:20:00+07,2:20:00,489.579,อ่างเก็บน้ำแม่นาเรือ,19.09579,99.80992,N,water_level
RES002,2026-06-30 02:30:00+07,2:30:00,0,อ่างเก็บน้ำแม่นาเรือ,19.09579,99.80992,N,rainfall_1h
RES002,2026-06-30 02:30:00+07,2:30:00,489.586,อ่างเก็บน้ำแม่นาเรือ,19.09579,99.80992,N,water_level
RES002,2026-06-30 02:40:00+07,2:40:00,489.585,อ่างเก็บน้ำแม่นาเรือ,19.09579,99.80992,N,water_level
RES002,2026-06-30 02:40:00+07,2:40:00,0,อ่างเก็บน้ำแม่นาเรือ,19.09579,99.80992,N,rainfall_1h
RES002,2026-06-30 02:50:00+07,2:50:00,0.2,อ่างเก็บน้ำแม่นาเรือ,19.09579,99.80992,N,rainfall_1h
RES002,2026-06-30 02:50:00+07,2:50:00,489.586,อ่างเก็บน้ำแม่นาเรือ,19.09579,99.80992,N,water_level
RES002,2026-06-30 03:00:00+07,3:00:00,0.2,อ่างเก็บน้ำแม่นาเรือ,19.09579,99.80992,N,rainfall_1h
RES002,2026-06-30 03:00:00+07,3:00:00,489.586,อ่างเก็บน้ำแม่นาเรือ,19.09579,99.80992,N,water_level
RES002,2026-06-30 03:10:00+07,3:10:00,0,อ่างเก็บน้ำแม่นาเรือ,19.09579,99.80992,N,rainfall_1h
RES002,2026-06-30 03:10:00+07,3:10:00,489.586,อ่างเก็บน้ำแม่นาเรือ,19.09579,99.80992,N,water_level
RES002,2026-06-30 03:20:00+07,3:20:00,489.586,อ่างเก็บน้ำแม่นาเรือ,19.09579,99.80992,N,water_level
RES002,2026-06-30 03:20:00+07,3:20:00,0,อ่างเก็บน้ำแม่นาเรือ,19.09579,99.80992,N,rainfall_1h
RES002,2026-06-30 03:30:00+07,3:30:00,489.585,อ่างเก็บน้ำแม่นาเรือ,19.09579,99.80992,N,water_level
RES002,2026-06-30 03:30:00+07,3:30:00,0,อ่างเก็บน้ำแม่นาเรือ,19.09579,99.80992,N,rainfall_1h
RES002,2026-06-30 03:40:00+07,3:40:00,489.586,อ่างเก็บน้ำแม่นาเรือ,19.09579,99.80992,N,water_level
RES002,2026-06-30 03:40:00+07,3:40:00,0,อ่างเก็บน้ำแม่นาเรือ,19.09579,99.80992,N,rainfall_1h
RES002,2026-06-30 03:50:00+07,3:50:00,489.585,อ่างเก็บน้ำแม่นาเรือ,19.09579,99.80992,N,water_level
RES002,2026-06-30 03:50:00+07,3:50:00,0,อ่างเก็บน้ำแม่นาเรือ,19.09579,99.80992,N,rainfall_1h
RES002,2026-06-30 04:00:00+07,4:00:00,0,อ่างเก็บน้ำแม่นาเรือ,19.09579,99.80992,N,rainfall_1h
RES002,2026-06-30 04:00:00+07,4:00:00,489.586,อ่างเก็บน้ำแม่นาเรือ,19.09579,99.80992,N,water_level
RES002,2026-06-30 04:10:00+07,4:10:00,0,อ่างเก็บน้ำแม่นาเรือ,19.09579,99.80992,N,rainfall_1h
RES002,2026-06-30 04:10:00+07,4:10:00,489.586,อ่างเก็บน้ำแม่นาเรือ,19.09579,99.80992,N,water_level
RES002,2026-06-30 04:20:00+07,4:20:00,0,อ่างเก็บน้ำแม่นาเรือ,19.09579,99.80992,N,rainfall_1h
RES002,2026-06-30 04:20:00+07,4:20:00,489.586,อ่างเก็บน้ำแม่นาเรือ,19.09579,99.80992,N,water_level
RES002,2026-06-30 04:30:00+07,4:30:00,489.586,อ่างเก็บน้ำแม่นาเรือ,19.09579,99.80992,N,water_level
RES002,2026-06-30 04:30:00+07,4:30:00,0,อ่างเก็บน้ำแม่นาเรือ,19.09579,99.80992,N,rainfall_1h
RES002,2026-06-30 04:40:00+07,4:40:00,0,อ่างเก็บน้ำแม่นาเรือ,19.09579,99.80992,N,rainfall_1h
RES002,2026-06-30 04:40:00+07,4:40:00,489.586,อ่างเก็บน้ำแม่นาเรือ,19.09579,99.80992,N,water_level
RES002,2026-06-30 04:50:00+07,4:50:00,0,อ่างเก็บน้ำแม่นาเรือ,19.09579,99.80992,N,rainfall_1h
RES002,2026-06-30 04:50:00+07,4:50:00,489.586,อ่างเก็บน้ำแม่นาเรือ,19.09579,99.80992,N,water_level
RES002,2026-06-30 05:00:00+07,5:00:00,0,อ่างเก็บน้ำแม่นาเรือ,19.09579,99.80992,N,rainfall_1h
RES002,2026-06-30 05:00:00+07,5:00:00,489.586,อ่างเก็บน้ำแม่นาเรือ,19.09579,99.80992,N,water_level
RES002,2026-06-30 05:10:00+07,5:10:00,0,อ่างเก็บน้ำแม่นาเรือ,19.09579,99.80992,N,rainfall_1h
RES002,2026-06-30 05:10:00+07,5:10:00,489.586,อ่างเก็บน้ำแม่นาเรือ,19.09579,99.80992,N,water_level
RES002,2026-06-30 05:20:00+07,5:20:00,0.2,อ่างเก็บน้ำแม่นาเรือ,19.09579,99.80992,N,rainfall_1h
RES002,2026-06-30 05:20:00+07,5:20:00,489.586,อ่างเก็บน้ำแม่นาเรือ,19.09579,99.80992,N,water_level
RES002,2026-06-30 05:30:00+07,5:30:00,0.4,อ่างเก็บน้ำแม่นาเรือ,19.09579,99.80992,N,rainfall_1h
RES002,2026-06-30 05:30:00+07,5:30:00,489.586,อ่างเก็บน้ำแม่นาเรือ,19.09579,99.80992,N,water_level
RES002,2026-06-30 05:40:00+07,5:40:00,489.586,อ่างเก็บน้ำแม่นาเรือ,19.09579,99.80992,N,water_level
RES002,2026-06-30 05:40:00+07,5:40:00,0.6,อ่างเก็บน้ำแม่นาเรือ,19.09579,99.80992,N,rainfall_1h
RES002,2026-06-30 05:50:00+07,5:50:00,489.586,อ่างเก็บน้ำแม่นาเรือ,19.09579,99.80992,N,water_level
RES002,2026-06-30 05:50:00+07,5:50:00,0.6,อ่างเก็บน้ำแม่นาเรือ,19.09579,99.80992,N,rainfall_1h
RES002,2026-06-30 06:00:00+07,6:00:00,489.585,อ่างเก็บน้ำแม่นาเรือ,19.09579,99.80992,N,water_level
RES002,2026-06-30 06:00:00+07,6:00:00,0.6,อ่างเก็บน้ำแม่นาเรือ,19.09579,99.80992,N,rainfall_1h
RES002,2026-06-30 06:10:00+07,6:10:00,489.586,อ่างเก็บน้ำแม่นาเรือ,19.09579,99.80992,N,water_level
RES002,2026-06-30 06:10:00+07,6:10:00,0,อ่างเก็บน้ำแม่นาเรือ,19.09579,99.80992,N,rainfall_1h
RES002,2026-06-30 06:20:00+07,6:20:00,0,อ่างเก็บน้ำแม่นาเรือ,19.09579,99.80992,N,rainfall_1h
RES002,2026-06-30 06:20:00+07,6:20:00,489.586,อ่างเก็บน้ำแม่นาเรือ,19.09579,99.80992,N,water_level
RES002,2026-06-30 06:30:00+07,6:30:00,0,อ่างเก็บน้ำแม่นาเรือ,19.09579,99.80992,N,rainfall_1h
RES002,2026-06-30 06:30:00+07,6:30:00,489.586,อ่างเก็บน้ำแม่นาเรือ,19.09579,99.80992,N,water_level
RES002,2026-06-30 06:40:00+07,6:40:00,0,อ่างเก็บน้ำแม่นาเรือ,19.09579,99.80992,N,rainfall_1h
RES002,2026-06-30 06:40:00+07,6:40:00,489.586,อ่างเก็บน้ำแม่นาเรือ,19.09579,99.80992,N,water_level
RES002,2026-06-30 06:50:00+07,6:50:00,0,อ่างเก็บน้ำแม่นาเรือ,19.09579,99.80992,N,rainfall_1h
RES002,2026-06-30 06:50:00+07,6:50:00,489.586,อ่างเก็บน้ำแม่นาเรือ,19.09579,99.80992,N,water_level
RES002,2026-06-30 07:00:00+07,7:00:00,489.586,อ่างเก็บน้ำแม่นาเรือ,19.09579,99.80992,N,water_level
RES002,2026-06-30 07:00:00+07,7:00:00,0,อ่างเก็บน้ำแม่นาเรือ,19.09579,99.80992,N,rainfall_1h
RES002,2026-06-30 07:10:00+07,7:10:00,489.586,อ่างเก็บน้ำแม่นาเรือ,19.09579,99.80992,N,water_level
RES002,2026-06-30 07:10:00+07,7:10:00,0,อ่างเก็บน้ำแม่นาเรือ,19.09579,99.80992,N,rainfall_1h
RES002,2026-06-30 07:20:00+07,7:20:00,489.586,อ่างเก็บน้ำแม่นาเรือ,19.09579,99.80992,N,water_level
RES002,2026-06-30 07:20:00+07,7:20:00,0,อ่างเก็บน้ำแม่นาเรือ,19.09579,99.80992,N,rainfall_1h
RES002,2026-06-30 07:30:00+07,7:30:00,0,อ่างเก็บน้ำแม่นาเรือ,19.09579,99.80992,N,rainfall_1h
RES002,2026-06-30 07:30:00+07,7:30:00,489.586,อ่างเก็บน้ำแม่นาเรือ,19.09579,99.80992,N,water_level
RES002,2026-06-30 07:40:00+07,7:40:00,489.585,อ่างเก็บน้ำแม่นาเรือ,19.09579,99.80992,N,water_level
RES002,2026-06-30 07:40:00+07,7:40:00,0,อ่างเก็บน้ำแม่นาเรือ,19.09579,99.80992,N,rainfall_1h
RES002,2026-06-30 07:50:00+07,7:50:00,489.585,อ่างเก็บน้ำแม่นาเรือ,19.09579,99.80992,N,water_level
RES002,2026-06-30 07:50:00+07,7:50:00,0,อ่างเก็บน้ำแม่นาเรือ,19.09579,99.80992,N,rainfall_1h
RES002,2026-06-30 08:00:00+07,8:00:00,0,อ่างเก็บน้ำแม่นาเรือ,19.09579,99.80992,N,rainfall_1h
RES002,2026-06-30 08:00:00+07,8:00:00,489.586,อ่างเก็บน้ำแม่นาเรือ,19.09579,99.80992,N,water_level
RES002,2026-06-30 08:10:00+07,8:10:00,0,อ่างเก็บน้ำแม่นาเรือ,19.09579,99.80992,N,rainfall_1h
RES002,2026-06-30 08:10:00+07,8:10:00,489.585,อ่างเก็บน้ำแม่นาเรือ,19.09579,99.80992,N,water_level
RES002,2026-06-30 08:20:00+07,8:20:00,0,อ่างเก็บน้ำแม่นาเรือ,19.09579,99.80992,N,rainfall_1h
RES002,2026-06-30 08:20:00+07,8:20:00,489.585,อ่างเก็บน้ำแม่นาเรือ,19.09579,99.80992,N,water_level
RES002,2026-06-30 08:30:00+07,8:30:00,489.585,อ่างเก็บน้ำแม่นาเรือ,19.09579,99.80992,N,water_level
RES002,2026-06-30 08:30:00+07,8:30:00,0,อ่างเก็บน้ำแม่นาเรือ,19.09579,99.80992,N,rainfall_1h
RES002,2026-06-30 08:40:00+07,8:40:00,0,อ่างเก็บน้ำแม่นาเรือ,19.09579,99.80992,N,rainfall_1h
RES002,2026-06-30 08:40:00+07,8:40:00,489.585,อ่างเก็บน้ำแม่นาเรือ,19.09579,99.80992,N,water_level
RES002,2026-06-30 08:50:00+07,8:50:00,489.586,อ่างเก็บน้ำแม่นาเรือ,19.09579,99.80992,N,water_level
RES002,2026-06-30 08:50:00+07,8:50:00,0,อ่างเก็บน้ำแม่นาเรือ,19.09579,99.80992,N,rainfall_1h
RES002,2026-06-30 09:00:00+07,9:00:00,0,อ่างเก็บน้ำแม่นาเรือ,19.09579,99.80992,N,rainfall_1h
RES002,2026-06-30 09:00:00+07,9:00:00,489.586,อ่างเก็บน้ำแม่นาเรือ,19.09579,99.80992,N,water_level
RES002,2026-06-30 09:10:00+07,9:10:00,489.585,อ่างเก็บน้ำแม่นาเรือ,19.09579,99.80992,N,water_level
RES002,2026-06-30 09:10:00+07,9:10:00,0,อ่างเก็บน้ำแม่นาเรือ,19.09579,99.80992,N,rainfall_1h
RES002,2026-06-30 09:20:00+07,9:20:00,489.585,อ่างเก็บน้ำแม่นาเรือ,19.09579,99.80992,N,water_level
RES002,2026-06-30 09:20:00+07,9:20:00,0,อ่างเก็บน้ำแม่นาเรือ,19.09579,99.80992,N,rainfall_1h
RES002,2026-06-30 09:30:00+07,9:30:00,0,อ่างเก็บน้ำแม่นาเรือ,19.09579,99.80992,N,rainfall_1h
RES002,2026-06-30 09:30:00+07,9:30:00,489.585,อ่างเก็บน้ำแม่นาเรือ,19.09579,99.80992,N,water_level
RES002,2026-06-30 09:40:00+07,9:40:00,0,อ่างเก็บน้ำแม่นาเรือ,19.09579,99.80992,N,rainfall_1h
RES002,2026-06-30 09:40:00+07,9:40:00,489.585,อ่างเก็บน้ำแม่นาเรือ,19.09579,99.80992,N,water_level
RES002,2026-06-30 09:50:00+07,9:50:00,0,อ่างเก็บน้ำแม่นาเรือ,19.09579,99.80992,N,rainfall_1h
RES002,2026-06-30 09:50:00+07,9:50:00,489.585,อ่างเก็บน้ำแม่นาเรือ,19.09579,99.80992,N,water_level
RES002,2026-06-30 10:00:00+07,10:00:00,489.585,อ่างเก็บน้ำแม่นาเรือ,19.09579,99.80992,N,water_level
RES002,2026-06-30 10:00:00+07,10:00:00,0,อ่างเก็บน้ำแม่นาเรือ,19.09579,99.80992,N,rainfall_1h
RES002,2026-06-30 10:10:00+07,10:10:00,489.585,อ่างเก็บน้ำแม่นาเรือ,19.09579,99.80992,N,water_level
RES002,2026-06-30 10:10:00+07,10:10:00,0,อ่างเก็บน้ำแม่นาเรือ,19.09579,99.80992,N,rainfall_1h
RES002,2026-06-30 10:20:00+07,10:20:00,0,อ่างเก็บน้ำแม่นาเรือ,19.09579,99.80992,N,rainfall_1h
RES002,2026-06-30 10:20:00+07,10:20:00,489.585,อ่างเก็บน้ำแม่นาเรือ,19.09579,99.80992,N,water_level
RES002,2026-06-30 10:30:00+07,10:30:00,0,อ่างเก็บน้ำแม่นาเรือ,19.09579,99.80992,N,rainfall_1h
RES002,2026-06-30 10:30:00+07,10:30:00,489.585,อ่างเก็บน้ำแม่นาเรือ,19.09579,99.80992,N,water_level
RES002,2026-06-30 10:40:00+07,10:40:00,0,อ่างเก็บน้ำแม่นาเรือ,19.09579,99.80992,N,rainfall_1h
RES002,2026-06-30 10:40:00+07,10:40:00,489.585,อ่างเก็บน้ำแม่นาเรือ,19.09579,99.80992,N,water_level
RES002,2026-06-30 10:50:00+07,10:50:00,0,อ่างเก็บน้ำแม่นาเรือ,19.09579,99.80992,N,rainfall_1h
RES002,2026-06-30 10:50:00+07,10:50:00,489.585,อ่างเก็บน้ำแม่นาเรือ,19.09579,99.80992,N,water_level
RES002,2026-06-30 11:00:00+07,11:00:00,0,อ่างเก็บน้ำแม่นาเรือ,19.09579,99.80992,N,rainfall_1h
RES002,2026-06-30 11:00:00+07,11:00:00,489.585,อ่างเก็บน้ำแม่นาเรือ,19.09579,99.80992,N,water_level
RES002,2026-06-30 11:10:00+07,11:10:00,0,อ่างเก็บน้ำแม่นาเรือ,19.09579,99.80992,N,rainfall_1h
RES002,2026-06-30 11:10:00+07,11:10:00,489.585,อ่างเก็บน้ำแม่นาเรือ,19.09579,99.80992,N,water_level
RES002,2026-06-30 11:20:00+07,11:20:00,0,อ่างเก็บน้ำแม่นาเรือ,19.09579,99.80992,N,rainfall_1h
RES002,2026-06-30 11:20:00+07,11:20:00,489.585,อ่างเก็บน้ำแม่นาเรือ,19.09579,99.80992,N,water_level
RES002,2026-06-30 11:30:00+07,11:30:00,0,อ่างเก็บน้ำแม่นาเรือ,19.09579,99.80992,N,rainfall_1h
RES002,2026-06-30 11:30:00+07,11:30:00,489.578,อ่างเก็บน้ำแม่นาเรือ,19.09579,99.80992,N,water_level
RES002,2026-06-30 11:40:00+07,11:40:00,489.585,อ่างเก็บน้ำแม่นาเรือ,19.09579,99.80992,N,water_level
RES002,2026-06-30 11:40:00+07,11:40:00,0,อ่างเก็บน้ำแม่นาเรือ,19.09579,99.80992,N,rainfall_1h
RES002,2026-06-30 11:50:00+07,11:50:00,489.585,อ่างเก็บน้ำแม่นาเรือ,19.09579,99.80992,N,water_level
RES002,2026-06-30 11:50:00+07,11:50:00,0,อ่างเก็บน้ำแม่นาเรือ,19.09579,99.80992,N,rainfall_1h
RES002,2026-06-30 12:00:00+07,12:00:00,489.585,อ่างเก็บน้ำแม่นาเรือ,19.09579,99.80992,N,water_level
RES002,2026-06-30 12:00:00+07,12:00:00,0,อ่างเก็บน้ำแม่นาเรือ,19.09579,99.80992,N,rainfall_1h
RES002,2026-06-30 12:10:00+07,12:10:00,489.585,อ่างเก็บน้ำแม่นาเรือ,19.09579,99.80992,N,water_level
RES002,2026-06-30 12:10:00+07,12:10:00,0,อ่างเก็บน้ำแม่นาเรือ,19.09579,99.80992,N,rainfall_1h
RES002,2026-06-30 12:20:00+07,12:20:00,489.585,อ่างเก็บน้ำแม่นาเรือ,19.09579,99.80992,N,water_level
RES002,2026-06-30 12:20:00+07,12:20:00,0,อ่างเก็บน้ำแม่นาเรือ,19.09579,99.80992,N,rainfall_1h
RES002,2026-06-30 12:30:00+07,12:30:00,0,อ่างเก็บน้ำแม่นาเรือ,19.09579,99.80992,N,rainfall_1h
RES002,2026-06-30 12:30:00+07,12:30:00,489.585,อ่างเก็บน้ำแม่นาเรือ,19.09579,99.80992,N,water_level
RES002,2026-06-30 12:40:00+07,12:40:00,489.585,อ่างเก็บน้ำแม่นาเรือ,19.09579,99.80992,N,water_level
RES002,2026-06-30 12:40:00+07,12:40:00,0,อ่างเก็บน้ำแม่นาเรือ,19.09579,99.80992,N,rainfall_1h
RES002,2026-06-30 12:50:00+07,12:50:00,0,อ่างเก็บน้ำแม่นาเรือ,19.09579,99.80992,N,rainfall_1h
RES002,2026-06-30 12:50:00+07,12:50:00,489.585,อ่างเก็บน้ำแม่นาเรือ,19.09579,99.80992,N,water_level
RES002,2026-06-30 13:00:00+07,13:00:00,0,อ่างเก็บน้ำแม่นาเรือ,19.09579,99.80992,N,rainfall_1h
RES002,2026-06-30 13:00:00+07,13:00:00,489.585,อ่างเก็บน้ำแม่นาเรือ,19.09579,99.80992,N,water_level
RES002,2026-06-30 13:10:00+07,13:10:00,489.585,อ่างเก็บน้ำแม่นาเรือ,19.09579,99.80992,N,water_level
RES002,2026-06-30 13:10:00+07,13:10:00,0,อ่างเก็บน้ำแม่นาเรือ,19.09579,99.80992,N,rainfall_1h
RES002,2026-06-30 13:20:00+07,13:20:00,489.585,อ่างเก็บน้ำแม่นาเรือ,19.09579,99.80992,N,water_level
RES002,2026-06-30 13:20:00+07,13:20:00,0,อ่างเก็บน้ำแม่นาเรือ,19.09579,99.80992,N,rainfall_1h
RES002,2026-06-30 13:30:00+07,13:30:00,489.586,อ่างเก็บน้ำแม่นาเรือ,19.09579,99.80992,N,water_level
RES002,2026-06-30 13:30:00+07,13:30:00,0,อ่างเก็บน้ำแม่นาเรือ,19.09579,99.80992,N,rainfall_1h
RES002,2026-06-30 13:40:00+07,13:40:00,0,อ่างเก็บน้ำแม่นาเรือ,19.09579,99.80992,N,rainfall_1h
RES002,2026-06-30 13:40:00+07,13:40:00,489.579,อ่างเก็บน้ำแม่นาเรือ,19.09579,99.80992,N,water_level
RES002,2026-06-30 13:50:00+07,13:50:00,489.578,อ่างเก็บน้ำแม่นาเรือ,19.09579,99.80992,N,water_level
RES002,2026-06-30 13:50:00+07,13:50:00,0,อ่างเก็บน้ำแม่นาเรือ,19.09579,99.80992,N,rainfall_1h
RES002,2026-06-30 14:00:00+07,14:00:00,0,อ่างเก็บน้ำแม่นาเรือ,19.09579,99.80992,N,rainfall_1h
RES002,2026-06-30 14:00:00+07,14:00:00,489.578,อ่างเก็บน้ำแม่นาเรือ,19.09579,99.80992,N,water_level
RES002,2026-06-30 14:10:00+07,14:10:00,0,อ่างเก็บน้ำแม่นาเรือ,19.09579,99.80992,N,rainfall_1h
RES002,2026-06-30 14:10:00+07,14:10:00,489.572,อ่างเก็บน้ำแม่นาเรือ,19.09579,99.80992,N,water_level
RES002,2026-06-30 14:20:00+07,14:20:00,0,อ่างเก็บน้ำแม่นาเรือ,19.09579,99.80992,N,rainfall_1h
RES002,2026-06-30 14:20:00+07,14:20:00,489.572,อ่างเก็บน้ำแม่นาเรือ,19.09579,99.80992,N,water_level
RES002,2026-06-30 14:30:00+07,14:30:00,0,อ่างเก็บน้ำแม่นาเรือ,19.09579,99.80992,N,rainfall_1h
RES002,2026-06-30 14:30:00+07,14:30:00,489.572,อ่างเก็บน้ำแม่นาเรือ,19.09579,99.80992,N,water_level
RES002,2026-06-30 14:40:00+07,14:40:00,489.578,อ่างเก็บน้ำแม่นาเรือ,19.09579,99.80992,N,water_level
RES002,2026-06-30 14:40:00+07,14:40:00,0,อ่างเก็บน้ำแม่นาเรือ,19.09579,99.80992,N,rainfall_1h
RES002,2026-06-30 14:50:00+07,14:50:00,0,อ่างเก็บน้ำแม่นาเรือ,19.09579,99.80992,N,rainfall_1h
RES002,2026-06-30 14:50:00+07,14:50:00,489.578,อ่างเก็บน้ำแม่นาเรือ,19.09579,99.80992,N,water_level
RES002,2026-06-30 15:00:00+07,15:00:00,0,อ่างเก็บน้ำแม่นาเรือ,19.09579,99.80992,N,rainfall_1h
RES002,2026-06-30 15:00:00+07,15:00:00,489.578,อ่างเก็บน้ำแม่นาเรือ,19.09579,99.80992,N,water_level
RES002,2026-06-30 15:10:00+07,15:10:00,0,อ่างเก็บน้ำแม่นาเรือ,19.09579,99.80992,N,rainfall_1h
RES002,2026-06-30 15:10:00+07,15:10:00,489.579,อ่างเก็บน้ำแม่นาเรือ,19.09579,99.80992,N,water_level
RES002,2026-06-30 15:20:00+07,15:20:00,0,อ่างเก็บน้ำแม่นาเรือ,19.09579,99.80992,N,rainfall_1h
RES002,2026-06-30 15:20:00+07,15:20:00,489.578,อ่างเก็บน้ำแม่นาเรือ,19.09579,99.80992,N,water_level
RES002,2026-06-30 15:30:00+07,15:30:00,489.578,อ่างเก็บน้ำแม่นาเรือ,19.09579,99.80992,N,water_level
RES002,2026-06-30 15:30:00+07,15:30:00,0,อ่างเก็บน้ำแม่นาเรือ,19.09579,99.80992,N,rainfall_1h
RES002,2026-06-30 15:40:00+07,15:40:00,489.578,อ่างเก็บน้ำแม่นาเรือ,19.09579,99.80992,N,water_level
RES002,2026-06-30 15:40:00+07,15:40:00,0,อ่างเก็บน้ำแม่นาเรือ,19.09579,99.80992,N,rainfall_1h
RES002,2026-06-30 15:50:00+07,15:50:00,0,อ่างเก็บน้ำแม่นาเรือ,19.09579,99.80992,N,rainfall_1h
RES002,2026-06-30 15:50:00+07,15:50:00,489.578,อ่างเก็บน้ำแม่นาเรือ,19.09579,99.80992,N,water_level
RES002,2026-06-30 16:00:00+07,16:00:00,489.579,อ่างเก็บน้ำแม่นาเรือ,19.09579,99.80992,N,water_level
RES002,2026-06-30 16:00:00+07,16:00:00,0,อ่างเก็บน้ำแม่นาเรือ,19.09579,99.80992,N,rainfall_1h
RES002,2026-06-30 16:10:00+07,16:10:00,489.578,อ่างเก็บน้ำแม่นาเรือ,19.09579,99.80992,N,water_level
RES002,2026-06-30 16:10:00+07,16:10:00,0,อ่างเก็บน้ำแม่นาเรือ,19.09579,99.80992,N,rainfall_1h
RES002,2026-06-30 16:20:00+07,16:20:00,0,อ่างเก็บน้ำแม่นาเรือ,19.09579,99.80992,N,rainfall_1h
RES002,2026-06-30 16:20:00+07,16:20:00,489.579,อ่างเก็บน้ำแม่นาเรือ,19.09579,99.80992,N,water_level
RES002,2026-06-30 16:30:00+07,16:30:00,0,อ่างเก็บน้ำแม่นาเรือ,19.09579,99.80992,N,rainfall_1h
RES002,2026-06-30 16:30:00+07,16:30:00,489.578,อ่างเก็บน้ำแม่นาเรือ,19.09579,99.80992,N,water_level
RES002,2026-06-30 16:40:00+07,16:40:00,489.578,อ่างเก็บน้ำแม่นาเรือ,19.09579,99.80992,N,water_level
RES002,2026-06-30 16:40:00+07,16:40:00,0,อ่างเก็บน้ำแม่นาเรือ,19.09579,99.80992,N,rainfall_1h
RES002,2026-06-30 16:50:00+07,16:50:00,0,อ่างเก็บน้ำแม่นาเรือ,19.09579,99.80992,N,rainfall_1h
RES002,2026-06-30 16:50:00+07,16:50:00,489.578,อ่างเก็บน้ำแม่นาเรือ,19.09579,99.80992,N,water_level
RES002,2026-06-30 17:00:00+07,17:00:00,0,อ่างเก็บน้ำแม่นาเรือ,19.09579,99.80992,N,rainfall_1h
RES002,2026-06-30 17:00:00+07,17:00:00,489.578,อ่างเก็บน้ำแม่นาเรือ,19.09579,99.80992,N,water_level
RES002,2026-06-30 17:10:00+07,17:10:00,0,อ่างเก็บน้ำแม่นาเรือ,19.09579,99.80992,N,rainfall_1h
RES002,2026-06-30 17:10:00+07,17:10:00,489.578,อ่างเก็บน้ำแม่นาเรือ,19.09579,99.80992,N,water_level
RES002,2026-06-30 17:20:00+07,17:20:00,489.579,อ่างเก็บน้ำแม่นาเรือ,19.09579,99.80992,N,water_level
RES002,2026-06-30 17:20:00+07,17:20:00,0,อ่างเก็บน้ำแม่นาเรือ,19.09579,99.80992,N,rainfall_1h
RES002,2026-06-30 17:30:00+07,17:30:00,489.579,อ่างเก็บน้ำแม่นาเรือ,19.09579,99.80992,N,water_level
RES002,2026-06-30 17:30:00+07,17:30:00,0,อ่างเก็บน้ำแม่นาเรือ,19.09579,99.80992,N,rainfall_1h
RES002,2026-06-30 17:40:00+07,17:40:00,0,อ่างเก็บน้ำแม่นาเรือ,19.09579,99.80992,N,rainfall_1h
RES002,2026-06-30 17:40:00+07,17:40:00,489.585,อ่างเก็บน้ำแม่นาเรือ,19.09579,99.80992,N,water_level
RES002,2026-06-30 17:50:00+07,17:50:00,0,อ่างเก็บน้ำแม่นาเรือ,19.09579,99.80992,N,rainfall_1h
RES002,2026-06-30 17:50:00+07,17:50:00,489.579,อ่างเก็บน้ำแม่นาเรือ,19.09579,99.80992,N,water_level
RES002,2026-06-30 18:00:00+07,18:00:00,489.586,อ่างเก็บน้ำแม่นาเรือ,19.09579,99.80992,N,water_level
RES002,2026-06-30 18:00:00+07,18:00:00,0,อ่างเก็บน้ำแม่นาเรือ,19.09579,99.80992,N,rainfall_1h
RES002,2026-06-30 18:10:00+07,18:10:00,0,อ่างเก็บน้ำแม่นาเรือ,19.09579,99.80992,N,rainfall_1h
RES002,2026-06-30 18:10:00+07,18:10:00,489.585,อ่างเก็บน้ำแม่นาเรือ,19.09579,99.80992,N,water_level
RES002,2026-06-30 18:20:00+07,18:20:00,489.585,อ่างเก็บน้ำแม่นาเรือ,19.09579,99.80992,N,water_level
RES002,2026-06-30 18:20:00+07,18:20:00,0,อ่างเก็บน้ำแม่นาเรือ,19.09579,99.80992,N,rainfall_1h
RES002,2026-06-30 18:30:00+07,18:30:00,0,อ่างเก็บน้ำแม่นาเรือ,19.09579,99.80992,N,rainfall_1h
RES002,2026-06-30 18:30:00+07,18:30:00,489.586,อ่างเก็บน้ำแม่นาเรือ,19.09579,99.80992,N,water_level
RES002,2026-06-30 18:40:00+07,18:40:00,489.579,อ่างเก็บน้ำแม่นาเรือ,19.09579,99.80992,N,water_level
RES002,2026-06-30 18:40:00+07,18:40:00,0,อ่างเก็บน้ำแม่นาเรือ,19.09579,99.80992,N,rainfall_1h
RES002,2026-06-30 18:50:00+07,18:50:00,489.579,อ่างเก็บน้ำแม่นาเรือ,19.09579,99.80992,N,water_level
RES002,2026-06-30 18:50:00+07,18:50:00,0,อ่างเก็บน้ำแม่นาเรือ,19.09579,99.80992,N,rainfall_1h
RES002,2026-06-30 19:00:00+07,19:00:00,489.579,อ่างเก็บน้ำแม่นาเรือ,19.09579,99.80992,N,water_level
RES002,2026-06-30 19:00:00+07,19:00:00,0,อ่างเก็บน้ำแม่นาเรือ,19.09579,99.80992,N,rainfall_1h
RES002,2026-06-30 19:10:00+07,19:10:00,0,อ่างเก็บน้ำแม่นาเรือ,19.09579,99.80992,N,rainfall_1h
RES002,2026-06-30 19:10:00+07,19:10:00,489.585,อ่างเก็บน้ำแม่นาเรือ,19.09579,99.80992,N,water_level
RES002,2026-06-30 19:20:00+07,19:20:00,0,อ่างเก็บน้ำแม่นาเรือ,19.09579,99.80992,N,rainfall_1h
RES002,2026-06-30 19:20:00+07,19:20:00,489.579,อ่างเก็บน้ำแม่นาเรือ,19.09579,99.80992,N,water_level
RES002,2026-06-30 19:30:00+07,19:30:00,489.579,อ่างเก็บน้ำแม่นาเรือ,19.09579,99.80992,N,water_level
RES002,2026-06-30 19:30:00+07,19:30:00,0,อ่างเก็บน้ำแม่นาเรือ,19.09579,99.80992,N,rainfall_1h
RES002,2026-06-30 19:40:00+07,19:40:00,0,อ่างเก็บน้ำแม่นาเรือ,19.09579,99.80992,N,rainfall_1h
RES002,2026-06-30 19:40:00+07,19:40:00,489.579,อ่างเก็บน้ำแม่นาเรือ,19.09579,99.80992,N,water_level
RES002,2026-06-30 19:50:00+07,19:50:00,0,อ่างเก็บน้ำแม่นาเรือ,19.09579,99.80992,N,rainfall_1h
RES002,2026-06-30 19:50:00+07,19:50:00,489.579,อ่างเก็บน้ำแม่นาเรือ,19.09579,99.80992,N,water_level
RES002,2026-06-30 20:00:00+07,20:00:00,0,อ่างเก็บน้ำแม่นาเรือ,19.09579,99.80992,N,rainfall_1h
RES002,2026-06-30 20:00:00+07,20:00:00,489.579,อ่างเก็บน้ำแม่นาเรือ,19.09579,99.80992,N,water_level
RES002,2026-06-30 20:10:00+07,20:10:00,0,อ่างเก็บน้ำแม่นาเรือ,19.09579,99.80992,N,rainfall_1h
RES002,2026-06-30 20:10:00+07,20:10:00,489.579,อ่างเก็บน้ำแม่นาเรือ,19.09579,99.80992,N,water_level
RES002,2026-06-30 20:20:00+07,20:20:00,489.579,อ่างเก็บน้ำแม่นาเรือ,19.09579,99.80992,N,water_level
RES002,2026-06-30 20:20:00+07,20:20:00,0,อ่างเก็บน้ำแม่นาเรือ,19.09579,99.80992,N,rainfall_1h
RES002,2026-06-30 20:30:00+07,20:30:00,489.585,อ่างเก็บน้ำแม่นาเรือ,19.09579,99.80992,N,water_level
RES002,2026-06-30 20:30:00+07,20:30:00,0,อ่างเก็บน้ำแม่นาเรือ,19.09579,99.80992,N,rainfall_1h
RES002,2026-06-30 20:40:00+07,20:40:00,489.579,อ่างเก็บน้ำแม่นาเรือ,19.09579,99.80992,N,water_level
RES002,2026-06-30 20:40:00+07,20:40:00,0,อ่างเก็บน้ำแม่นาเรือ,19.09579,99.80992,N,rainfall_1h
RES002,2026-06-30 20:50:00+07,20:50:00,0,อ่างเก็บน้ำแม่นาเรือ,19.09579,99.80992,N,rainfall_1h
RES002,2026-06-30 20:50:00+07,20:50:00,489.585,อ่างเก็บน้ำแม่นาเรือ,19.09579,99.80992,N,water_level
RES002,2026-06-30 21:00:00+07,21:00:00,0,อ่างเก็บน้ำแม่นาเรือ,19.09579,99.80992,N,rainfall_1h
RES002,2026-06-30 21:00:00+07,21:00:00,489.579,อ่างเก็บน้ำแม่นาเรือ,19.09579,99.80992,N,water_level
RES002,2026-06-30 21:10:00+07,21:10:00,0,อ่างเก็บน้ำแม่นาเรือ,19.09579,99.80992,N,rainfall_1h
RES002,2026-06-30 21:10:00+07,21:10:00,489.579,อ่างเก็บน้ำแม่นาเรือ,19.09579,99.80992,N,water_level
RES002,2026-06-30 21:20:00+07,21:20:00,0,อ่างเก็บน้ำแม่นาเรือ,19.09579,99.80992,N,rainfall_1h
RES002,2026-06-30 21:20:00+07,21:20:00,489.579,อ่างเก็บน้ำแม่นาเรือ,19.09579,99.80992,N,water_level
RES002,2026-06-30 21:30:00+07,21:30:00,0,อ่างเก็บน้ำแม่นาเรือ,19.09579,99.80992,N,rainfall_1h
RES002,2026-06-30 21:30:00+07,21:30:00,489.585,อ่างเก็บน้ำแม่นาเรือ,19.09579,99.80992,N,water_level
RES002,2026-06-30 21:40:00+07,21:40:00,0,อ่างเก็บน้ำแม่นาเรือ,19.09579,99.80992,N,rainfall_1h
RES002,2026-06-30 21:40:00+07,21:40:00,489.579,อ่างเก็บน้ำแม่นาเรือ,19.09579,99.80992,N,water_level
RES002,2026-06-30 21:50:00+07,21:50:00,489.586,อ่างเก็บน้ำแม่นาเรือ,19.09579,99.80992,N,water_level
RES002,2026-06-30 21:50:00+07,21:50:00,0,อ่างเก็บน้ำแม่นาเรือ,19.09579,99.80992,N,rainfall_1h
RES002,2026-06-30 22:00:00+07,22:00:00,0,อ่างเก็บน้ำแม่นาเรือ,19.09579,99.80992,N,rainfall_1h
RES002,2026-06-30 22:00:00+07,22:00:00,489.585,อ่างเก็บน้ำแม่นาเรือ,19.09579,99.80992,N,water_level
RES002,2026-06-30 22:10:00+07,22:10:00,0,อ่างเก็บน้ำแม่นาเรือ,19.09579,99.80992,N,rainfall_1h
RES002,2026-06-30 22:10:00+07,22:10:00,489.586,อ่างเก็บน้ำแม่นาเรือ,19.09579,99.80992,N,water_level
RES002,2026-06-30 22:20:00+07,22:20:00,0,อ่างเก็บน้ำแม่นาเรือ,19.09579,99.80992,N,rainfall_1h
RES002,2026-06-30 22:20:00+07,22:20:00,489.585,อ่างเก็บน้ำแม่นาเรือ,19.09579,99.80992,N,water_level
RES002,2026-06-30 22:30:00+07,22:30:00,0,อ่างเก็บน้ำแม่นาเรือ,19.09579,99.80992,N,rainfall_1h
RES002,2026-06-30 22:30:00+07,22:30:00,489.585,อ่างเก็บน้ำแม่นาเรือ,19.09579,99.80992,N,water_level
RES002,2026-06-30 22:40:00+07,22:40:00,0,อ่างเก็บน้ำแม่นาเรือ,19.09579,99.80992,N,rainfall_1h
RES002,2026-06-30 22:40:00+07,22:40:00,489.585,อ่างเก็บน้ำแม่นาเรือ,19.09579,99.80992,N,water_level
RES002,2026-06-30 22:50:00+07,22:50:00,0,อ่างเก็บน้ำแม่นาเรือ,19.09579,99.80992,N,rainfall_1h
RES002,2026-06-30 22:50:00+07,22:50:00,489.579,อ่างเก็บน้ำแม่นาเรือ,19.09579,99.80992,N,water_level
RES002,2026-06-30 23:00:00+07,23:00:00,0,อ่างเก็บน้ำแม่นาเรือ,19.09579,99.80992,N,rainfall_1h
RES002,2026-06-30 23:00:00+07,23:00:00,489.585,อ่างเก็บน้ำแม่นาเรือ,19.09579,99.80992,N,water_level
RES002,2026-06-30 23:10:00+07,23:10:00,0,อ่างเก็บน้ำแม่นาเรือ,19.09579,99.80992,N,rainfall_1h
RES002,2026-06-30 23:10:00+07,23:10:00,489.579,อ่างเก็บน้ำแม่นาเรือ,19.09579,99.80992,N,water_level
RES002,2026-06-30 23:20:00+07,23:20:00,0,อ่างเก็บน้ำแม่นาเรือ,19.09579,99.80992,N,rainfall_1h
RES002,2026-06-30 23:20:00+07,23:20:00,489.585,อ่างเก็บน้ำแม่นาเรือ,19.09579,99.80992,N,water_level
RES002,2026-06-30 23:30:00+07,23:30:00,0,อ่างเก็บน้ำแม่นาเรือ,19.09579,99.80992,N,rainfall_1h
RES002,2026-06-30 23:30:00+07,23:30:00,489.586,อ่างเก็บน้ำแม่นาเรือ,19.09579,99.80992,N,water_level
RES002,2026-06-30 23:40:00+07,23:40:00,0,อ่างเก็บน้ำแม่นาเรือ,19.09579,99.80992,N,rainfall_1h
RES002,2026-06-30 23:40:00+07,23:40:00,489.585,อ่างเก็บน้ำแม่นาเรือ,19.09579,99.80992,N,water_level
RES002,2026-06-30 23:50:00+07,23:50:00,0,อ่างเก็บน้ำแม่นาเรือ,19.09579,99.80992,N,rainfall_1h
RES002,2026-06-30 23:50:00+07,23:50:00,489.586,อ่างเก็บน้ำแม่นาเรือ,19.09579,99.80992,N,water_level
RES002,2026-07-01 00:00:00+07,0:00:00,0,อ่างเก็บน้ำแม่นาเรือ,19.09579,99.80992,N,rainfall_1h
RES002,2026-07-01 00:00:00+07,0:00:00,489.586,อ่างเก็บน้ำแม่นาเรือ,19.09579,99.80992,N,water_level
RES002,2026-07-01 00:10:00+07,0:10:00,0,อ่างเก็บน้ำแม่นาเรือ,19.09579,99.80992,N,rainfall_1h
RES002,2026-07-01 00:10:00+07,0:10:00,489.585,อ่างเก็บน้ำแม่นาเรือ,19.09579,99.80992,N,water_level
RES002,2026-07-01 00:20:00+07,0:20:00,0,อ่างเก็บน้ำแม่นาเรือ,19.09579,99.80992,N,rainfall_1h
RES002,2026-07-01 00:20:00+07,0:20:00,489.579,อ่างเก็บน้ำแม่นาเรือ,19.09579,99.80992,N,water_level
RES002,2026-07-01 00:30:00+07,0:30:00,0,อ่างเก็บน้ำแม่นาเรือ,19.09579,99.80992,N,rainfall_1h
RES002,2026-07-01 00:30:00+07,0:30:00,489.585,อ่างเก็บน้ำแม่นาเรือ,19.09579,99.80992,N,water_level
RES002,2026-07-01 00:40:00+07,0:40:00,0,อ่างเก็บน้ำแม่นาเรือ,19.09579,99.80992,N,rainfall_1h
RES002,2026-07-01 00:40:00+07,0:40:00,489.586,อ่างเก็บน้ำแม่นาเรือ,19.09579,99.80992,N,water_level
RES002,2026-07-01 00:50:00+07,0:50:00,0,อ่างเก็บน้ำแม่นาเรือ,19.09579,99.80992,N,rainfall_1h
RES002,2026-07-01 00:50:00+07,0:50:00,489.586,อ่างเก็บน้ำแม่นาเรือ,19.09579,99.80992,N,water_level
RES002,2026-07-01 01:00:00+07,1:00:00,0,อ่างเก็บน้ำแม่นาเรือ,19.09579,99.80992,N,rainfall_1h
RES002,2026-07-01 01:00:00+07,1:00:00,489.586,อ่างเก็บน้ำแม่นาเรือ,19.09579,99.80992,N,water_level
RES002,2026-07-01 01:10:00+07,1:10:00,0,อ่างเก็บน้ำแม่นาเรือ,19.09579,99.80992,N,rainfall_1h
RES002,2026-07-01 01:10:00+07,1:10:00,489.579,อ่างเก็บน้ำแม่นาเรือ,19.09579,99.80992,N,water_level
RES002,2026-07-01 01:20:00+07,1:20:00,0,อ่างเก็บน้ำแม่นาเรือ,19.09579,99.80992,N,rainfall_1h
RES002,2026-07-01 01:20:00+07,1:20:00,489.586,อ่างเก็บน้ำแม่นาเรือ,19.09579,99.80992,N,water_level
RES002,2026-07-01 01:30:00+07,1:30:00,0,อ่างเก็บน้ำแม่นาเรือ,19.09579,99.80992,N,rainfall_1h
RES002,2026-07-01 01:30:00+07,1:30:00,489.579,อ่างเก็บน้ำแม่นาเรือ,19.09579,99.80992,N,water_level
RES002,2026-07-01 01:40:00+07,1:40:00,0,อ่างเก็บน้ำแม่นาเรือ,19.09579,99.80992,N,rainfall_1h
RES002,2026-07-01 01:40:00+07,1:40:00,489.586,อ่างเก็บน้ำแม่นาเรือ,19.09579,99.80992,N,water_level
RES002,2026-07-01 01:50:00+07,1:50:00,0,อ่างเก็บน้ำแม่นาเรือ,19.09579,99.80992,N,rainfall_1h
RES002,2026-07-01 01:50:00+07,1:50:00,489.586,อ่างเก็บน้ำแม่นาเรือ,19.09579,99.80992,N,water_level
RES002,2026-07-01 02:00:00+07,2:00:00,0.2,อ่างเก็บน้ำแม่นาเรือ,19.09579,99.80992,N,rainfall_1h
RES002,2026-07-01 02:00:00+07,2:00:00,489.586,อ่างเก็บน้ำแม่นาเรือ,19.09579,99.80992,N,water_level
RES002,2026-07-01 02:10:00+07,2:10:00,0.2,อ่างเก็บน้ำแม่นาเรือ,19.09579,99.80992,N,rainfall_1h
RES002,2026-07-01 02:10:00+07,2:10:00,489.586,อ่างเก็บน้ำแม่นาเรือ,19.09579,99.80992,N,water_level
RES002,2026-07-01 02:20:00+07,2:20:00,1.2,อ่างเก็บน้ำแม่นาเรือ,19.09579,99.80992,N,rainfall_1h
RES002,2026-07-01 02:20:00+07,2:20:00,489.586,อ่างเก็บน้ำแม่นาเรือ,19.09579,99.80992,N,water_level
RES002,2026-07-01 02:30:00+07,2:30:00,1.8,อ่างเก็บน้ำแม่นาเรือ,19.09579,99.80992,N,rainfall_1h
RES002,2026-07-01 02:30:00+07,2:30:00,489.586,อ่างเก็บน้ำแม่นาเรือ,19.09579,99.80992,N,water_level
RES002,2026-07-01 02:40:00+07,2:40:00,1.8,อ่างเก็บน้ำแม่นาเรือ,19.09579,99.80992,N,rainfall_1h
RES002,2026-07-01 02:40:00+07,2:40:00,489.586,อ่างเก็บน้ำแม่นาเรือ,19.09579,99.80992,N,water_level
RES002,2026-07-01 02:50:00+07,2:50:00,2.2,อ่างเก็บน้ำแม่นาเรือ,19.09579,99.80992,N,rainfall_1h
RES002,2026-07-01 02:50:00+07,2:50:00,489.586,อ่างเก็บน้ำแม่นาเรือ,19.09579,99.80992,N,water_level
RES002,2026-07-01 03:00:00+07,3:00:00,2.2,อ่างเก็บน้ำแม่นาเรือ,19.09579,99.80992,N,rainfall_1h
RES002,2026-07-01 03:00:00+07,3:00:00,489.592,อ่างเก็บน้ำแม่นาเรือ,19.09579,99.80992,N,water_level
RES002,2026-07-01 03:10:00+07,3:10:00,0.2,อ่างเก็บน้ำแม่นาเรือ,19.09579,99.80992,N,rainfall_1h
RES002,2026-07-01 03:10:00+07,3:10:00,489.586,อ่างเก็บน้ำแม่นาเรือ,19.09579,99.80992,N,water_level
RES002,2026-07-01 03:20:00+07,3:20:00,0.2,อ่างเก็บน้ำแม่นาเรือ,19.09579,99.80992,N,rainfall_1h
RES002,2026-07-01 03:20:00+07,3:20:00,489.591,อ่างเก็บน้ำแม่นาเรือ,19.09579,99.80992,N,water_level
RES002,2026-07-01 03:30:00+07,3:30:00,0.2,อ่างเก็บน้ำแม่นาเรือ,19.09579,99.80992,N,rainfall_1h
RES002,2026-07-01 03:30:00+07,3:30:00,489.586,อ่างเก็บน้ำแม่นาเรือ,19.09579,99.80992,N,water_level
RES002,2026-07-01 03:40:00+07,3:40:00,0.2,อ่างเก็บน้ำแม่นาเรือ,19.09579,99.80992,N,rainfall_1h
RES002,2026-07-01 03:40:00+07,3:40:00,489.586,อ่างเก็บน้ำแม่นาเรือ,19.09579,99.80992,N,water_level
RES002,2026-07-01 03:50:00+07,3:50:00,0.2,อ่างเก็บน้ำแม่นาเรือ,19.09579,99.80992,N,rainfall_1h
RES002,2026-07-01 03:50:00+07,3:50:00,489.591,อ่างเก็บน้ำแม่นาเรือ,19.09579,99.80992,N,water_level
RES002,2026-07-01 04:00:00+07,4:00:00,0.2,อ่างเก็บน้ำแม่นาเรือ,19.09579,99.80992,N,rainfall_1h
RES002,2026-07-01 04:00:00+07,4:00:00,489.586,อ่างเก็บน้ำแม่นาเรือ,19.09579,99.80992,N,water_level
RES002,2026-07-01 04:10:00+07,4:10:00,0,อ่างเก็บน้ำแม่นาเรือ,19.09579,99.80992,N,rainfall_1h
RES002,2026-07-01 04:10:00+07,4:10:00,489.592,อ่างเก็บน้ำแม่นาเรือ,19.09579,99.80992,N,water_level
RES002,2026-07-01 04:20:00+07,4:20:00,0,อ่างเก็บน้ำแม่นาเรือ,19.09579,99.80992,N,rainfall_1h
RES002,2026-07-01 04:20:00+07,4:20:00,489.585,อ่างเก็บน้ำแม่นาเรือ,19.09579,99.80992,N,water_level
RES002,2026-07-01 04:30:00+07,4:30:00,489.592,อ่างเก็บน้ำแม่นาเรือ,19.09579,99.80992,N,water_level
RES002,2026-07-01 04:30:00+07,4:30:00,0,อ่างเก็บน้ำแม่นาเรือ,19.09579,99.80992,N,rainfall_1h
RES002,2026-07-01 04:40:00+07,4:40:00,0,อ่างเก็บน้ำแม่นาเรือ,19.09579,99.80992,N,rainfall_1h
RES002,2026-07-01 04:40:00+07,4:40:00,489.592,อ่างเก็บน้ำแม่นาเรือ,19.09579,99.80992,N,water_level
RES002,2026-07-01 04:50:00+07,4:50:00,0,อ่างเก็บน้ำแม่นาเรือ,19.09579,99.80992,N,rainfall_1h
RES002,2026-07-01 04:50:00+07,4:50:00,489.591,อ่างเก็บน้ำแม่นาเรือ,19.09579,99.80992,N,water_level
RES002,2026-07-01 05:00:00+07,5:00:00,0,อ่างเก็บน้ำแม่นาเรือ,19.09579,99.80992,N,rainfall_1h
RES002,2026-07-01 05:00:00+07,5:00:00,489.592,อ่างเก็บน้ำแม่นาเรือ,19.09579,99.80992,N,water_level
RES002,2026-07-01 05:10:00+07,5:10:00,0,อ่างเก็บน้ำแม่นาเรือ,19.09579,99.80992,N,rainfall_1h
RES002,2026-07-01 05:10:00+07,5:10:00,489.592,อ่างเก็บน้ำแม่นาเรือ,19.09579,99.80992,N,water_level
RES002,2026-07-01 05:20:00+07,5:20:00,0,อ่างเก็บน้ำแม่นาเรือ,19.09579,99.80992,N,rainfall_1h
RES002,2026-07-01 05:20:00+07,5:20:00,489.591,อ่างเก็บน้ำแม่นาเรือ,19.09579,99.80992,N,water_level
RES002,2026-07-01 05:30:00+07,5:30:00,0,อ่างเก็บน้ำแม่นาเรือ,19.09579,99.80992,N,rainfall_1h
RES002,2026-07-01 05:30:00+07,5:30:00,489.592,อ่างเก็บน้ำแม่นาเรือ,19.09579,99.80992,N,water_level
RES002,2026-07-01 05:40:00+07,5:40:00,0.2,อ่างเก็บน้ำแม่นาเรือ,19.09579,99.80992,N,rainfall_1h
RES002,2026-07-01 05:40:00+07,5:40:00,489.591,อ่างเก็บน้ำแม่นาเรือ,19.09579,99.80992,N,water_level
RES002,2026-07-01 05:50:00+07,5:50:00,0.2,อ่างเก็บน้ำแม่นาเรือ,19.09579,99.80992,N,rainfall_1h
RES002,2026-07-01 05:50:00+07,5:50:00,489.591,อ่างเก็บน้ำแม่นาเรือ,19.09579,99.80992,N,water_level
RES002,2026-07-01 06:00:00+07,6:00:00,0.2,อ่างเก็บน้ำแม่นาเรือ,19.09579,99.80992,N,rainfall_1h
RES002,2026-07-01 06:00:00+07,6:00:00,489.591,อ่างเก็บน้ำแม่นาเรือ,19.09579,99.80992,N,water_level
RES002,2026-07-01 06:10:00+07,6:10:00,0,อ่างเก็บน้ำแม่นาเรือ,19.09579,99.80992,N,rainfall_1h
RES002,2026-07-01 06:10:00+07,6:10:00,489.585,อ่างเก็บน้ำแม่นาเรือ,19.09579,99.80992,N,water_level
RES002,2026-07-01 06:20:00+07,6:20:00,0,อ่างเก็บน้ำแม่นาเรือ,19.09579,99.80992,N,rainfall_1h
RES002,2026-07-01 06:20:00+07,6:20:00,489.586,อ่างเก็บน้ำแม่นาเรือ,19.09579,99.80992,N,water_level
RES002,2026-07-01 06:30:00+07,6:30:00,0,อ่างเก็บน้ำแม่นาเรือ,19.09579,99.80992,N,rainfall_1h
RES002,2026-07-01 06:30:00+07,6:30:00,489.585,อ่างเก็บน้ำแม่นาเรือ,19.09579,99.80992,N,water_level
RES002,2026-07-01 06:40:00+07,6:40:00,0,อ่างเก็บน้ำแม่นาเรือ,19.09579,99.80992,N,rainfall_1h
RES002,2026-07-01 06:40:00+07,6:40:00,489.585,อ่างเก็บน้ำแม่นาเรือ,19.09579,99.80992,N,water_level
RES002,2026-07-01 06:50:00+07,6:50:00,0,อ่างเก็บน้ำแม่นาเรือ,19.09579,99.80992,N,rainfall_1h
RES002,2026-07-01 06:50:00+07,6:50:00,489.586,อ่างเก็บน้ำแม่นาเรือ,19.09579,99.80992,N,water_level
RES002,2026-07-01 07:00:00+07,7:00:00,0,อ่างเก็บน้ำแม่นาเรือ,19.09579,99.80992,N,rainfall_1h
RES002,2026-07-01 07:00:00+07,7:00:00,489.586,อ่างเก็บน้ำแม่นาเรือ,19.09579,99.80992,N,water_level
RES002,2026-07-01 07:10:00+07,7:10:00,0,อ่างเก็บน้ำแม่นาเรือ,19.09579,99.80992,N,rainfall_1h
RES002,2026-07-01 07:10:00+07,7:10:00,489.585,อ่างเก็บน้ำแม่นาเรือ,19.09579,99.80992,N,water_level
RES002,2026-07-01 07:20:00+07,7:20:00,0,อ่างเก็บน้ำแม่นาเรือ,19.09579,99.80992,N,rainfall_1h
RES002,2026-07-01 07:20:00+07,7:20:00,489.585,อ่างเก็บน้ำแม่นาเรือ,19.09579,99.80992,N,water_level
RES002,2026-07-01 07:30:00+07,7:30:00,0,อ่างเก็บน้ำแม่นาเรือ,19.09579,99.80992,N,rainfall_1h
RES002,2026-07-01 07:30:00+07,7:30:00,489.586,อ่างเก็บน้ำแม่นาเรือ,19.09579,99.80992,N,water_level
RES002,2026-07-01 07:40:00+07,7:40:00,0,อ่างเก็บน้ำแม่นาเรือ,19.09579,99.80992,N,rainfall_1h
RES002,2026-07-01 07:40:00+07,7:40:00,489.586,อ่างเก็บน้ำแม่นาเรือ,19.09579,99.80992,N,water_level
RES002,2026-07-01 07:50:00+07,7:50:00,0,อ่างเก็บน้ำแม่นาเรือ,19.09579,99.80992,N,rainfall_1h
RES002,2026-07-01 07:50:00+07,7:50:00,489.586,อ่างเก็บน้ำแม่นาเรือ,19.09579,99.80992,N,water_level
RES002,2026-07-01 08:00:00+07,8:00:00,0,อ่างเก็บน้ำแม่นาเรือ,19.09579,99.80992,N,rainfall_1h
RES002,2026-07-01 08:00:00+07,8:00:00,489.586,อ่างเก็บน้ำแม่นาเรือ,19.09579,99.80992,N,water_level
RES002,2026-07-01 08:10:00+07,8:10:00,0,อ่างเก็บน้ำแม่นาเรือ,19.09579,99.80992,N,rainfall_1h
RES002,2026-07-01 08:10:00+07,8:10:00,489.585,อ่างเก็บน้ำแม่นาเรือ,19.09579,99.80992,N,water_level
RES002,2026-07-01 08:20:00+07,8:20:00,0,อ่างเก็บน้ำแม่นาเรือ,19.09579,99.80992,N,rainfall_1h
RES002,2026-07-01 08:20:00+07,8:20:00,489.586,อ่างเก็บน้ำแม่นาเรือ,19.09579,99.80992,N,water_level
RES002,2026-07-01 08:30:00+07,8:30:00,0,อ่างเก็บน้ำแม่นาเรือ,19.09579,99.80992,N,rainfall_1h
RES002,2026-07-01 08:30:00+07,8:30:00,489.585,อ่างเก็บน้ำแม่นาเรือ,19.09579,99.80992,N,water_level
RES002,2026-07-01 08:40:00+07,8:40:00,0,อ่างเก็บน้ำแม่นาเรือ,19.09579,99.80992,N,rainfall_1h
RES002,2026-07-01 08:40:00+07,8:40:00,489.585,อ่างเก็บน้ำแม่นาเรือ,19.09579,99.80992,N,water_level
RES002,2026-07-01 08:50:00+07,8:50:00,0,อ่างเก็บน้ำแม่นาเรือ,19.09579,99.80992,N,rainfall_1h
RES002,2026-07-01 08:50:00+07,8:50:00,489.578,อ่างเก็บน้ำแม่นาเรือ,19.09579,99.80992,N,water_level
RES002,2026-07-01 09:00:00+07,9:00:00,0,อ่างเก็บน้ำแม่นาเรือ,19.09579,99.80992,N,rainfall_1h
RES002,2026-07-01 09:00:00+07,9:00:00,489.585,อ่างเก็บน้ำแม่นาเรือ,19.09579,99.80992,N,water_level
RES002,2026-07-01 09:10:00+07,9:10:00,0,อ่างเก็บน้ำแม่นาเรือ,19.09579,99.80992,N,rainfall_1h
RES002,2026-07-01 09:10:00+07,9:10:00,489.585,อ่างเก็บน้ำแม่นาเรือ,19.09579,99.80992,N,water_level
RES002,2026-07-01 09:20:00+07,9:20:00,0,อ่างเก็บน้ำแม่นาเรือ,19.09579,99.80992,N,rainfall_1h
RES002,2026-07-01 09:20:00+07,9:20:00,489.585,อ่างเก็บน้ำแม่นาเรือ,19.09579,99.80992,N,water_level
RES002,2026-07-01 09:30:00+07,9:30:00,0,อ่างเก็บน้ำแม่นาเรือ,19.09579,99.80992,N,rainfall_1h
RES002,2026-07-01 09:30:00+07,9:30:00,489.578,อ่างเก็บน้ำแม่นาเรือ,19.09579,99.80992,N,water_level
RES002,2026-07-01 09:40:00+07,9:40:00,0,อ่างเก็บน้ำแม่นาเรือ,19.09579,99.80992,N,rainfall_1h
RES002,2026-07-01 09:40:00+07,9:40:00,489.578,อ่างเก็บน้ำแม่นาเรือ,19.09579,99.80992,N,water_level
RES002,2026-07-01 09:50:00+07,9:50:00,0,อ่างเก็บน้ำแม่นาเรือ,19.09579,99.80992,N,rainfall_1h
RES002,2026-07-01 09:50:00+07,9:50:00,489.578,อ่างเก็บน้ำแม่นาเรือ,19.09579,99.80992,N,water_level
RES002,2026-07-01 10:00:00+07,10:00:00,0,อ่างเก็บน้ำแม่นาเรือ,19.09579,99.80992,N,rainfall_1h
RES002,2026-07-01 10:00:00+07,10:00:00,489.578,อ่างเก็บน้ำแม่นาเรือ,19.09579,99.80992,N,water_level
RES002,2026-07-01 10:10:00+07,10:10:00,0,อ่างเก็บน้ำแม่นาเรือ,19.09579,99.80992,N,rainfall_1h
RES002,2026-07-01 10:10:00+07,10:10:00,489.585,อ่างเก็บน้ำแม่นาเรือ,19.09579,99.80992,N,water_level
RES002,2026-07-01 10:20:00+07,10:20:00,489.578,อ่างเก็บน้ำแม่นาเรือ,19.09579,99.80992,N,water_level
RES002,2026-07-01 10:20:00+07,10:20:00,0,อ่างเก็บน้ำแม่นาเรือ,19.09579,99.80992,N,rainfall_1h
RES002,2026-07-01 10:30:00+07,10:30:00,489.579,อ่างเก็บน้ำแม่นาเรือ,19.09579,99.80992,N,water_level
RES002,2026-07-01 10:30:00+07,10:30:00,0,อ่างเก็บน้ำแม่นาเรือ,19.09579,99.80992,N,rainfall_1h
RES002,2026-07-01 10:40:00+07,10:40:00,0,อ่างเก็บน้ำแม่นาเรือ,19.09579,99.80992,N,rainfall_1h
RES002,2026-07-01 10:40:00+07,10:40:00,489.572,อ่างเก็บน้ำแม่นาเรือ,19.09579,99.80992,N,water_level
RES002,2026-07-01 10:50:00+07,10:50:00,0,อ่างเก็บน้ำแม่นาเรือ,19.09579,99.80992,N,rainfall_1h
RES002,2026-07-01 10:50:00+07,10:50:00,489.572,อ่างเก็บน้ำแม่นาเรือ,19.09579,99.80992,N,water_level
RES002,2026-07-01 11:00:00+07,11:00:00,0,อ่างเก็บน้ำแม่นาเรือ,19.09579,99.80992,N,rainfall_1h
RES002,2026-07-01 11:00:00+07,11:00:00,489.572,อ่างเก็บน้ำแม่นาเรือ,19.09579,99.80992,N,water_level
RES002,2026-07-01 11:10:00+07,11:10:00,0,อ่างเก็บน้ำแม่นาเรือ,19.09579,99.80992,N,rainfall_1h
RES002,2026-07-01 11:10:00+07,11:10:00,489.572,อ่างเก็บน้ำแม่นาเรือ,19.09579,99.80992,N,water_level
RES002,2026-07-01 11:20:00+07,11:20:00,0,อ่างเก็บน้ำแม่นาเรือ,19.09579,99.80992,N,rainfall_1h
RES002,2026-07-01 11:20:00+07,11:20:00,489.572,อ่างเก็บน้ำแม่นาเรือ,19.09579,99.80992,N,water_level
RES002,2026-07-01 11:30:00+07,11:30:00,489.572,อ่างเก็บน้ำแม่นาเรือ,19.09579,99.80992,N,water_level
RES002,2026-07-01 11:30:00+07,11:30:00,0,อ่างเก็บน้ำแม่นาเรือ,19.09579,99.80992,N,rainfall_1h
RES002,2026-07-01 11:40:00+07,11:40:00,489.572,อ่างเก็บน้ำแม่นาเรือ,19.09579,99.80992,N,water_level
RES002,2026-07-01 11:40:00+07,11:40:00,0,อ่างเก็บน้ำแม่นาเรือ,19.09579,99.80992,N,rainfall_1h
RES002,2026-07-01 11:50:00+07,11:50:00,0,อ่างเก็บน้ำแม่นาเรือ,19.09579,99.80992,N,rainfall_1h
RES002,2026-07-01 11:50:00+07,11:50:00,489.566,อ่างเก็บน้ำแม่นาเรือ,19.09579,99.80992,N,water_level
RES002,2026-07-01 12:00:00+07,12:00:00,0,อ่างเก็บน้ำแม่นาเรือ,19.09579,99.80992,N,rainfall_1h
RES002,2026-07-01 12:00:00+07,12:00:00,489.559,อ่างเก็บน้ำแม่นาเรือ,19.09579,99.80992,N,water_level
RES002,2026-07-01 12:10:00+07,12:10:00,0,อ่างเก็บน้ำแม่นาเรือ,19.09579,99.80992,N,rainfall_1h
RES002,2026-07-01 12:10:00+07,12:10:00,489.566,อ่างเก็บน้ำแม่นาเรือ,19.09579,99.80992,N,water_level
RES002,2026-07-01 12:20:00+07,12:20:00,489.566,อ่างเก็บน้ำแม่นาเรือ,19.09579,99.80992,N,water_level
RES002,2026-07-01 12:20:00+07,12:20:00,0,อ่างเก็บน้ำแม่นาเรือ,19.09579,99.80992,N,rainfall_1h
RES002,2026-07-01 12:30:00+07,12:30:00,0,อ่างเก็บน้ำแม่นาเรือ,19.09579,99.80992,N,rainfall_1h
RES002,2026-07-01 12:30:00+07,12:30:00,489.566,อ่างเก็บน้ำแม่นาเรือ,19.09579,99.80992,N,water_level
RES002,2026-07-01 12:40:00+07,12:40:00,489.572,อ่างเก็บน้ำแม่นาเรือ,19.09579,99.80992,N,water_level
RES002,2026-07-01 12:40:00+07,12:40:00,0,อ่างเก็บน้ำแม่นาเรือ,19.09579,99.80992,N,rainfall_1h
RES002,2026-07-01 12:50:00+07,12:50:00,489.572,อ่างเก็บน้ำแม่นาเรือ,19.09579,99.80992,N,water_level
RES002,2026-07-01 12:50:00+07,12:50:00,0,อ่างเก็บน้ำแม่นาเรือ,19.09579,99.80992,N,rainfall_1h
RES002,2026-07-01 13:00:00+07,13:00:00,0,อ่างเก็บน้ำแม่นาเรือ,19.09579,99.80992,N,rainfall_1h
RES002,2026-07-01 13:00:00+07,13:00:00,489.558,อ่างเก็บน้ำแม่นาเรือ,19.09579,99.80992,N,water_level
RES002,2026-07-01 13:10:00+07,13:10:00,0,อ่างเก็บน้ำแม่นาเรือ,19.09579,99.80992,N,rainfall_1h
RES002,2026-07-01 13:10:00+07,13:10:00,489.578,อ่างเก็บน้ำแม่นาเรือ,19.09579,99.80992,N,water_level
RES002,2026-07-01 13:20:00+07,13:20:00,0,อ่างเก็บน้ำแม่นาเรือ,19.09579,99.80992,N,rainfall_1h
RES002,2026-07-01 13:20:00+07,13:20:00,489.572,อ่างเก็บน้ำแม่นาเรือ,19.09579,99.80992,N,water_level
RES002,2026-07-01 13:30:00+07,13:30:00,0,อ่างเก็บน้ำแม่นาเรือ,19.09579,99.80992,N,rainfall_1h
RES002,2026-07-01 13:30:00+07,13:30:00,489.572,อ่างเก็บน้ำแม่นาเรือ,19.09579,99.80992,N,water_level
RES002,2026-07-01 13:40:00+07,13:40:00,0,อ่างเก็บน้ำแม่นาเรือ,19.09579,99.80992,N,rainfall_1h
RES002,2026-07-01 13:40:00+07,13:40:00,489.578,อ่างเก็บน้ำแม่นาเรือ,19.09579,99.80992,N,water_level
RES002,2026-07-01 13:50:00+07,13:50:00,0.8,อ่างเก็บน้ำแม่นาเรือ,19.09579,99.80992,N,rainfall_1h
RES002,2026-07-01 13:50:00+07,13:50:00,489.578,อ่างเก็บน้ำแม่นาเรือ,19.09579,99.80992,N,water_level
RES002,2026-07-01 14:00:00+07,14:00:00,1.2,อ่างเก็บน้ำแม่นาเรือ,19.09579,99.80992,N,rainfall_1h
RES002,2026-07-01 14:00:00+07,14:00:00,489.578,อ่างเก็บน้ำแม่นาเรือ,19.09579,99.80992,N,water_level
RES002,2026-07-01 14:10:00+07,14:10:00,489.578,อ่างเก็บน้ำแม่นาเรือ,19.09579,99.80992,N,water_level
RES002,2026-07-01 14:10:00+07,14:10:00,0.2,อ่างเก็บน้ำแม่นาเรือ,19.09579,99.80992,N,rainfall_1h
RES002,2026-07-01 14:20:00+07,14:20:00,489.578,อ่างเก็บน้ำแม่นาเรือ,19.09579,99.80992,N,water_level
RES002,2026-07-01 14:20:00+07,14:20:00,0.2,อ่างเก็บน้ำแม่นาเรือ,19.09579,99.80992,N,rainfall_1h
RES002,2026-07-01 14:30:00+07,14:30:00,0.2,อ่างเก็บน้ำแม่นาเรือ,19.09579,99.80992,N,rainfall_1h
RES002,2026-07-01 14:30:00+07,14:30:00,489.578,อ่างเก็บน้ำแม่นาเรือ,19.09579,99.80992,N,water_level
RES002,2026-07-01 14:40:00+07,14:40:00,0.6,อ่างเก็บน้ำแม่นาเรือ,19.09579,99.80992,N,rainfall_1h
RES002,2026-07-01 14:40:00+07,14:40:00,489.578,อ่างเก็บน้ำแม่นาเรือ,19.09579,99.80992,N,water_level
RES002,2026-07-01 14:50:00+07,14:50:00,0.6,อ่างเก็บน้ำแม่นาเรือ,19.09579,99.80992,N,rainfall_1h
RES002,2026-07-01 14:50:00+07,14:50:00,489.578,อ่างเก็บน้ำแม่นาเรือ,19.09579,99.80992,N,water_level
RES002,2026-07-01 15:00:00+07,15:00:00,0.8,อ่างเก็บน้ำแม่นาเรือ,19.09579,99.80992,N,rainfall_1h
RES002,2026-07-01 15:00:00+07,15:00:00,489.584,อ่างเก็บน้ำแม่นาเรือ,19.09579,99.80992,N,water_level
RES002,2026-07-01 15:10:00+07,15:10:00,0,อ่างเก็บน้ำแม่นาเรือ,19.09579,99.80992,N,rainfall_1h
RES002,2026-07-01 15:10:00+07,15:10:00,489.578,อ่างเก็บน้ำแม่นาเรือ,19.09579,99.80992,N,water_level
RES002,2026-07-01 15:20:00+07,15:20:00,0,อ่างเก็บน้ำแม่นาเรือ,19.09579,99.80992,N,rainfall_1h
RES002,2026-07-01 15:20:00+07,15:20:00,489.566,อ่างเก็บน้ำแม่นาเรือ,19.09579,99.80992,N,water_level
RES002,2026-07-01 15:30:00+07,15:30:00,489.558,อ่างเก็บน้ำแม่นาเรือ,19.09579,99.80992,N,water_level
RES002,2026-07-01 15:30:00+07,15:30:00,0,อ่างเก็บน้ำแม่นาเรือ,19.09579,99.80992,N,rainfall_1h
RES002,2026-07-01 15:40:00+07,15:40:00,489.565,อ่างเก็บน้ำแม่นาเรือ,19.09579,99.80992,N,water_level
RES002,2026-07-01 15:40:00+07,15:40:00,0,อ่างเก็บน้ำแม่นาเรือ,19.09579,99.80992,N,rainfall_1h
RES002,2026-07-01 15:50:00+07,15:50:00,489.558,อ่างเก็บน้ำแม่นาเรือ,19.09579,99.80992,N,water_level
RES002,2026-07-01 15:50:00+07,15:50:00,0,อ่างเก็บน้ำแม่นาเรือ,19.09579,99.80992,N,rainfall_1h
RES002,2026-07-01 16:00:00+07,16:00:00,0,อ่างเก็บน้ำแม่นาเรือ,19.09579,99.80992,N,rainfall_1h
RES002,2026-07-01 16:00:00+07,16:00:00,489.558,อ่างเก็บน้ำแม่นาเรือ,19.09579,99.80992,N,water_level
RES002,2026-07-01 16:10:00+07,16:10:00,0,อ่างเก็บน้ำแม่นาเรือ,19.09579,99.80992,N,rainfall_1h
RES002,2026-07-01 16:10:00+07,16:10:00,489.558,อ่างเก็บน้ำแม่นาเรือ,19.09579,99.80992,N,water_level
RES002,2026-07-01 16:20:00+07,16:20:00,0,อ่างเก็บน้ำแม่นาเรือ,19.09579,99.80992,N,rainfall_1h
RES002,2026-07-01 16:20:00+07,16:20:00,489.572,อ่างเก็บน้ำแม่นาเรือ,19.09579,99.80992,N,water_level
RES002,2026-07-01 16:30:00+07,16:30:00,0,อ่างเก็บน้ำแม่นาเรือ,19.09579,99.80992,N,rainfall_1h
RES002,2026-07-01 16:30:00+07,16:30:00,489.572,อ่างเก็บน้ำแม่นาเรือ,19.09579,99.80992,N,water_level
RES002,2026-07-01 16:40:00+07,16:40:00,0,อ่างเก็บน้ำแม่นาเรือ,19.09579,99.80992,N,rainfall_1h
RES002,2026-07-01 16:40:00+07,16:40:00,489.572,อ่างเก็บน้ำแม่นาเรือ,19.09579,99.80992,N,water_level
RES002,2026-07-01 16:50:00+07,16:50:00,0,อ่างเก็บน้ำแม่นาเรือ,19.09579,99.80992,N,rainfall_1h
RES002,2026-07-01 16:50:00+07,16:50:00,489.578,อ่างเก็บน้ำแม่นาเรือ,19.09579,99.80992,N,water_level
RES002,2026-07-01 17:00:00+07,17:00:00,0,อ่างเก็บน้ำแม่นาเรือ,19.09579,99.80992,N,rainfall_1h
RES002,2026-07-01 17:00:00+07,17:00:00,489.572,อ่างเก็บน้ำแม่นาเรือ,19.09579,99.80992,N,water_level
RES002,2026-07-01 17:10:00+07,17:10:00,489.572,อ่างเก็บน้ำแม่นาเรือ,19.09579,99.80992,N,water_level
RES002,2026-07-01 17:10:00+07,17:10:00,0,อ่างเก็บน้ำแม่นาเรือ,19.09579,99.80992,N,rainfall_1h
RES002,2026-07-01 17:20:00+07,17:20:00,0,อ่างเก็บน้ำแม่นาเรือ,19.09579,99.80992,N,rainfall_1h
RES002,2026-07-01 17:20:00+07,17:20:00,489.572,อ่างเก็บน้ำแม่นาเรือ,19.09579,99.80992,N,water_level
RES002,2026-07-01 17:30:00+07,17:30:00,489.572,อ่างเก็บน้ำแม่นาเรือ,19.09579,99.80992,N,water_level
RES002,2026-07-01 17:30:00+07,17:30:00,0,อ่างเก็บน้ำแม่นาเรือ,19.09579,99.80992,N,rainfall_1h
RES002,2026-07-01 17:40:00+07,17:40:00,0,อ่างเก็บน้ำแม่นาเรือ,19.09579,99.80992,N,rainfall_1h
RES002,2026-07-01 17:40:00+07,17:40:00,489.572,อ่างเก็บน้ำแม่นาเรือ,19.09579,99.80992,N,water_level
RES002,2026-07-01 17:50:00+07,17:50:00,0,อ่างเก็บน้ำแม่นาเรือ,19.09579,99.80992,N,rainfall_1h
RES002,2026-07-01 17:50:00+07,17:50:00,489.572,อ่างเก็บน้ำแม่นาเรือ,19.09579,99.80992,N,water_level
RES002,2026-07-01 18:00:00+07,18:00:00,489.572,อ่างเก็บน้ำแม่นาเรือ,19.09579,99.80992,N,water_level
RES002,2026-07-01 18:00:00+07,18:00:00,0,อ่างเก็บน้ำแม่นาเรือ,19.09579,99.80992,N,rainfall_1h
RES002,2026-07-01 18:10:00+07,18:10:00,0,อ่างเก็บน้ำแม่นาเรือ,19.09579,99.80992,N,rainfall_1h
RES002,2026-07-01 18:10:00+07,18:10:00,489.572,อ่างเก็บน้ำแม่นาเรือ,19.09579,99.80992,N,water_level
RES002,2026-07-01 18:20:00+07,18:20:00,0,อ่างเก็บน้ำแม่นาเรือ,19.09579,99.80992,N,rainfall_1h
RES002,2026-07-01 18:20:00+07,18:20:00,489.578,อ่างเก็บน้ำแม่นาเรือ,19.09579,99.80992,N,water_level
RES002,2026-07-01 18:30:00+07,18:30:00,0,อ่างเก็บน้ำแม่นาเรือ,19.09579,99.80992,N,rainfall_1h
RES002,2026-07-01 18:30:00+07,18:30:00,489.579,อ่างเก็บน้ำแม่นาเรือ,19.09579,99.80992,N,water_level
RES002,2026-07-01 18:40:00+07,18:40:00,0,อ่างเก็บน้ำแม่นาเรือ,19.09579,99.80992,N,rainfall_1h
RES002,2026-07-01 18:40:00+07,18:40:00,489.572,อ่างเก็บน้ำแม่นาเรือ,19.09579,99.80992,N,water_level
RES002,2026-07-01 18:50:00+07,18:50:00,0,อ่างเก็บน้ำแม่นาเรือ,19.09579,99.80992,N,rainfall_1h
RES002,2026-07-01 18:50:00+07,18:50:00,489.572,อ่างเก็บน้ำแม่นาเรือ,19.09579,99.80992,N,water_level
RES002,2026-07-01 19:00:00+07,19:00:00,0,อ่างเก็บน้ำแม่นาเรือ,19.09579,99.80992,N,rainfall_1h
RES002,2026-07-01 19:00:00+07,19:00:00,489.572,อ่างเก็บน้ำแม่นาเรือ,19.09579,99.80992,N,water_level
RES002,2026-07-01 19:10:00+07,19:10:00,0,อ่างเก็บน้ำแม่นาเรือ,19.09579,99.80992,N,rainfall_1h
RES002,2026-07-01 19:10:00+07,19:10:00,489.579,อ่างเก็บน้ำแม่นาเรือ,19.09579,99.80992,N,water_level
RES002,2026-07-01 19:20:00+07,19:20:00,0,อ่างเก็บน้ำแม่นาเรือ,19.09579,99.80992,N,rainfall_1h
RES002,2026-07-01 19:20:00+07,19:20:00,489.579,อ่างเก็บน้ำแม่นาเรือ,19.09579,99.80992,N,water_level
RES002,2026-07-01 19:30:00+07,19:30:00,0,อ่างเก็บน้ำแม่นาเรือ,19.09579,99.80992,N,rainfall_1h
RES002,2026-07-01 19:30:00+07,19:30:00,489.572,อ่างเก็บน้ำแม่นาเรือ,19.09579,99.80992,N,water_level
RES002,2026-07-01 19:40:00+07,19:40:00,489.572,อ่างเก็บน้ำแม่นาเรือ,19.09579,99.80992,N,water_level
RES002,2026-07-01 19:40:00+07,19:40:00,0,อ่างเก็บน้ำแม่นาเรือ,19.09579,99.80992,N,rainfall_1h
RES002,2026-07-01 19:50:00+07,19:50:00,0,อ่างเก็บน้ำแม่นาเรือ,19.09579,99.80992,N,rainfall_1h
RES002,2026-07-01 19:50:00+07,19:50:00,489.572,อ่างเก็บน้ำแม่นาเรือ,19.09579,99.80992,N,water_level
RES002,2026-07-01 20:00:00+07,20:00:00,0,อ่างเก็บน้ำแม่นาเรือ,19.09579,99.80992,N,rainfall_1h
RES002,2026-07-01 20:00:00+07,20:00:00,489.579,อ่างเก็บน้ำแม่นาเรือ,19.09579,99.80992,N,water_level
RES002,2026-07-01 20:10:00+07,20:10:00,489.573,อ่างเก็บน้ำแม่นาเรือ,19.09579,99.80992,N,water_level
RES002,2026-07-01 20:10:00+07,20:10:00,0,อ่างเก็บน้ำแม่นาเรือ,19.09579,99.80992,N,rainfall_1h
RES002,2026-07-01 20:20:00+07,20:20:00,0,อ่างเก็บน้ำแม่นาเรือ,19.09579,99.80992,N,rainfall_1h
RES002,2026-07-01 20:20:00+07,20:20:00,489.572,อ่างเก็บน้ำแม่นาเรือ,19.09579,99.80992,N,water_level
RES002,2026-07-01 20:30:00+07,20:30:00,0,อ่างเก็บน้ำแม่นาเรือ,19.09579,99.80992,N,rainfall_1h
RES002,2026-07-01 20:30:00+07,20:30:00,489.573,อ่างเก็บน้ำแม่นาเรือ,19.09579,99.80992,N,water_level
RES002,2026-07-01 20:40:00+07,20:40:00,0,อ่างเก็บน้ำแม่นาเรือ,19.09579,99.80992,N,rainfall_1h
RES002,2026-07-01 20:40:00+07,20:40:00,489.573,อ่างเก็บน้ำแม่นาเรือ,19.09579,99.80992,N,water_level
RES002,2026-07-01 20:50:00+07,20:50:00,0,อ่างเก็บน้ำแม่นาเรือ,19.09579,99.80992,N,rainfall_1h
RES002,2026-07-01 20:50:00+07,20:50:00,489.573,อ่างเก็บน้ำแม่นาเรือ,19.09579,99.80992,N,water_level
RES002,2026-07-01 21:00:00+07,21:00:00,0,อ่างเก็บน้ำแม่นาเรือ,19.09579,99.80992,N,rainfall_1h
RES002,2026-07-01 21:00:00+07,21:00:00,489.573,อ่างเก็บน้ำแม่นาเรือ,19.09579,99.80992,N,water_level
RES002,2026-07-01 21:10:00+07,21:10:00,0,อ่างเก็บน้ำแม่นาเรือ,19.09579,99.80992,N,rainfall_1h
RES002,2026-07-01 21:10:00+07,21:10:00,489.572,อ่างเก็บน้ำแม่นาเรือ,19.09579,99.80992,N,water_level
RES002,2026-07-01 21:20:00+07,21:20:00,0,อ่างเก็บน้ำแม่นาเรือ,19.09579,99.80992,N,rainfall_1h
RES002,2026-07-01 21:20:00+07,21:20:00,489.573,อ่างเก็บน้ำแม่นาเรือ,19.09579,99.80992,N,water_level
RES002,2026-07-01 21:30:00+07,21:30:00,0,อ่างเก็บน้ำแม่นาเรือ,19.09579,99.80992,N,rainfall_1h
RES002,2026-07-01 21:30:00+07,21:30:00,489.567,อ่างเก็บน้ำแม่นาเรือ,19.09579,99.80992,N,water_level
RES002,2026-07-01 21:40:00+07,21:40:00,0,อ่างเก็บน้ำแม่นาเรือ,19.09579,99.80992,N,rainfall_1h
RES002,2026-07-01 21:40:00+07,21:40:00,489.567,อ่างเก็บน้ำแม่นาเรือ,19.09579,99.80992,N,water_level
RES002,2026-07-01 21:50:00+07,21:50:00,489.572,อ่างเก็บน้ำแม่นาเรือ,19.09579,99.80992,N,water_level
RES002,2026-07-01 21:50:00+07,21:50:00,0,อ่างเก็บน้ำแม่นาเรือ,19.09579,99.80992,N,rainfall_1h
RES002,2026-07-01 22:00:00+07,22:00:00,0,อ่างเก็บน้ำแม่นาเรือ,19.09579,99.80992,N,rainfall_1h
RES002,2026-07-01 22:00:00+07,22:00:00,489.573,อ่างเก็บน้ำแม่นาเรือ,19.09579,99.80992,N,water_level
RES002,2026-07-01 22:10:00+07,22:10:00,0,อ่างเก็บน้ำแม่นาเรือ,19.09579,99.80992,N,rainfall_1h
RES002,2026-07-01 22:10:00+07,22:10:00,489.567,อ่างเก็บน้ำแม่นาเรือ,19.09579,99.80992,N,water_level
RES002,2026-07-01 22:20:00+07,22:20:00,489.573,อ่างเก็บน้ำแม่นาเรือ,19.09579,99.80992,N,water_level
RES002,2026-07-01 22:20:00+07,22:20:00,0,อ่างเก็บน้ำแม่นาเรือ,19.09579,99.80992,N,rainfall_1h
RES002,2026-07-01 22:30:00+07,22:30:00,0,อ่างเก็บน้ำแม่นาเรือ,19.09579,99.80992,N,rainfall_1h
RES002,2026-07-01 22:30:00+07,22:30:00,489.573,อ่างเก็บน้ำแม่นาเรือ,19.09579,99.80992,N,water_level
RES002,2026-07-01 22:40:00+07,22:40:00,489.567,อ่างเก็บน้ำแม่นาเรือ,19.09579,99.80992,N,water_level
RES002,2026-07-01 22:40:00+07,22:40:00,0,อ่างเก็บน้ำแม่นาเรือ,19.09579,99.80992,N,rainfall_1h
RES002,2026-07-01 22:50:00+07,22:50:00,0,อ่างเก็บน้ำแม่นาเรือ,19.09579,99.80992,N,rainfall_1h
RES002,2026-07-01 22:50:00+07,22:50:00,489.567,อ่างเก็บน้ำแม่นาเรือ,19.09579,99.80992,N,water_level
RES002,2026-07-01 23:00:00+07,23:00:00,489.567,อ่างเก็บน้ำแม่นาเรือ,19.09579,99.80992,N,water_level
RES002,2026-07-01 23:00:00+07,23:00:00,0,อ่างเก็บน้ำแม่นาเรือ,19.09579,99.80992,N,rainfall_1h
RES002,2026-07-01 23:10:00+07,23:10:00,489.567,อ่างเก็บน้ำแม่นาเรือ,19.09579,99.80992,N,water_level
RES002,2026-07-01 23:10:00+07,23:10:00,0,อ่างเก็บน้ำแม่นาเรือ,19.09579,99.80992,N,rainfall_1h
RES002,2026-07-01 23:20:00+07,23:20:00,0,อ่างเก็บน้ำแม่นาเรือ,19.09579,99.80992,N,rainfall_1h
RES002,2026-07-01 23:20:00+07,23:20:00,489.567,อ่างเก็บน้ำแม่นาเรือ,19.09579,99.80992,N,water_level
RES002,2026-07-01 23:30:00+07,23:30:00,489.567,อ่างเก็บน้ำแม่นาเรือ,19.09579,99.80992,N,water_level
RES002,2026-07-01 23:30:00+07,23:30:00,0,อ่างเก็บน้ำแม่นาเรือ,19.09579,99.80992,N,rainfall_1h
RES002,2026-07-01 23:40:00+07,23:40:00,489.567,อ่างเก็บน้ำแม่นาเรือ,19.09579,99.80992,N,water_level
RES002,2026-07-01 23:40:00+07,23:40:00,0,อ่างเก็บน้ำแม่นาเรือ,19.09579,99.80992,N,rainfall_1h
RES002,2026-07-01 23:50:00+07,23:50:00,0,อ่างเก็บน้ำแม่นาเรือ,19.09579,99.80992,N,rainfall_1h
RES002,2026-07-01 23:50:00+07,23:50:00,489.567,อ่างเก็บน้ำแม่นาเรือ,19.09579,99.80992,N,water_level
RES002,2026-07-02 00:00:00+07,0:00:00,0,อ่างเก็บน้ำแม่นาเรือ,19.09579,99.80992,N,rainfall_1h
RES002,2026-07-02 00:00:00+07,0:00:00,489.567,อ่างเก็บน้ำแม่นาเรือ,19.09579,99.80992,N,water_level
RES002,2026-07-02 00:10:00+07,0:10:00,489.567,อ่างเก็บน้ำแม่นาเรือ,19.09579,99.80992,N,water_level
RES002,2026-07-02 00:10:00+07,0:10:00,0,อ่างเก็บน้ำแม่นาเรือ,19.09579,99.80992,N,rainfall_1h
RES002,2026-07-02 00:20:00+07,0:20:00,0,อ่างเก็บน้ำแม่นาเรือ,19.09579,99.80992,N,rainfall_1h
RES002,2026-07-02 00:20:00+07,0:20:00,489.567,อ่างเก็บน้ำแม่นาเรือ,19.09579,99.80992,N,water_level
RES002,2026-07-02 00:30:00+07,0:30:00,0,อ่างเก็บน้ำแม่นาเรือ,19.09579,99.80992,N,rainfall_1h
RES002,2026-07-02 00:30:00+07,0:30:00,489.567,อ่างเก็บน้ำแม่นาเรือ,19.09579,99.80992,N,water_level
RES002,2026-07-02 00:40:00+07,0:40:00,0,อ่างเก็บน้ำแม่นาเรือ,19.09579,99.80992,N,rainfall_1h
RES002,2026-07-02 00:40:00+07,0:40:00,489.567,อ่างเก็บน้ำแม่นาเรือ,19.09579,99.80992,N,water_level
RES002,2026-07-02 00:50:00+07,0:50:00,0,อ่างเก็บน้ำแม่นาเรือ,19.09579,99.80992,N,rainfall_1h
RES002,2026-07-02 00:50:00+07,0:50:00,489.567,อ่างเก็บน้ำแม่นาเรือ,19.09579,99.80992,N,water_level
RES002,2026-07-02 01:00:00+07,1:00:00,0,อ่างเก็บน้ำแม่นาเรือ,19.09579,99.80992,N,rainfall_1h
RES002,2026-07-02 01:00:00+07,1:00:00,489.56,อ่างเก็บน้ำแม่นาเรือ,19.09579,99.80992,N,water_level
RES002,2026-07-02 01:10:00+07,1:10:00,0,อ่างเก็บน้ำแม่นาเรือ,19.09579,99.80992,N,rainfall_1h
RES002,2026-07-02 01:10:00+07,1:10:00,489.559,อ่างเก็บน้ำแม่นาเรือ,19.09579,99.80992,N,water_level
RES002,2026-07-02 01:20:00+07,1:20:00,489.56,อ่างเก็บน้ำแม่นาเรือ,19.09579,99.80992,N,water_level
RES002,2026-07-02 01:20:00+07,1:20:00,0,อ่างเก็บน้ำแม่นาเรือ,19.09579,99.80992,N,rainfall_1h
RES002,2026-07-02 01:30:00+07,1:30:00,0,อ่างเก็บน้ำแม่นาเรือ,19.09579,99.80992,N,rainfall_1h
RES002,2026-07-02 01:30:00+07,1:30:00,489.56,อ่างเก็บน้ำแม่นาเรือ,19.09579,99.80992,N,water_level
RES002,2026-07-02 01:40:00+07,1:40:00,489.56,อ่างเก็บน้ำแม่นาเรือ,19.09579,99.80992,N,water_level
RES002,2026-07-02 01:40:00+07,1:40:00,0,อ่างเก็บน้ำแม่นาเรือ,19.09579,99.80992,N,rainfall_1h
RES002,2026-07-02 01:50:00+07,1:50:00,0,อ่างเก็บน้ำแม่นาเรือ,19.09579,99.80992,N,rainfall_1h
RES002,2026-07-02 01:50:00+07,1:50:00,489.559,อ่างเก็บน้ำแม่นาเรือ,19.09579,99.80992,N,water_level
RES002,2026-07-02 02:00:00+07,2:00:00,489.56,อ่างเก็บน้ำแม่นาเรือ,19.09579,99.80992,N,water_level
RES002,2026-07-02 02:00:00+07,2:00:00,0,อ่างเก็บน้ำแม่นาเรือ,19.09579,99.80992,N,rainfall_1h
RES002,2026-07-02 02:10:00+07,2:10:00,0,อ่างเก็บน้ำแม่นาเรือ,19.09579,99.80992,N,rainfall_1h
RES002,2026-07-02 02:10:00+07,2:10:00,489.56,อ่างเก็บน้ำแม่นาเรือ,19.09579,99.80992,N,water_level
RES002,2026-07-02 02:20:00+07,2:20:00,489.559,อ่างเก็บน้ำแม่นาเรือ,19.09579,99.80992,N,water_level
RES002,2026-07-02 02:20:00+07,2:20:00,0,อ่างเก็บน้ำแม่นาเรือ,19.09579,99.80992,N,rainfall_1h
RES002,2026-07-02 02:30:00+07,2:30:00,0,อ่างเก็บน้ำแม่นาเรือ,19.09579,99.80992,N,rainfall_1h
RES002,2026-07-02 02:30:00+07,2:30:00,489.554,อ่างเก็บน้ำแม่นาเรือ,19.09579,99.80992,N,water_level
RES002,2026-07-02 02:40:00+07,2:40:00,489.553,อ่างเก็บน้ำแม่นาเรือ,19.09579,99.80992,N,water_level
RES002,2026-07-02 02:40:00+07,2:40:00,0,อ่างเก็บน้ำแม่นาเรือ,19.09579,99.80992,N,rainfall_1h
RES002,2026-07-02 02:50:00+07,2:50:00,0,อ่างเก็บน้ำแม่นาเรือ,19.09579,99.80992,N,rainfall_1h
RES002,2026-07-02 02:50:00+07,2:50:00,489.554,อ่างเก็บน้ำแม่นาเรือ,19.09579,99.80992,N,water_level
RES002,2026-07-02 03:00:00+07,3:00:00,0,อ่างเก็บน้ำแม่นาเรือ,19.09579,99.80992,N,rainfall_1h
RES002,2026-07-02 03:00:00+07,3:00:00,489.554,อ่างเก็บน้ำแม่นาเรือ,19.09579,99.80992,N,water_level
RES002,2026-07-02 03:10:00+07,3:10:00,489.554,อ่างเก็บน้ำแม่นาเรือ,19.09579,99.80992,N,water_level
RES002,2026-07-02 03:10:00+07,3:10:00,0,อ่างเก็บน้ำแม่นาเรือ,19.09579,99.80992,N,rainfall_1h
RES002,2026-07-02 03:20:00+07,3:20:00,0,อ่างเก็บน้ำแม่นาเรือ,19.09579,99.80992,N,rainfall_1h
RES002,2026-07-02 03:20:00+07,3:20:00,489.56,อ่างเก็บน้ำแม่นาเรือ,19.09579,99.80992,N,water_level
RES002,2026-07-02 03:30:00+07,3:30:00,489.554,อ่างเก็บน้ำแม่นาเรือ,19.09579,99.80992,N,water_level
RES002,2026-07-02 03:30:00+07,3:30:00,0,อ่างเก็บน้ำแม่นาเรือ,19.09579,99.80992,N,rainfall_1h
RES002,2026-07-02 03:40:00+07,3:40:00,0,อ่างเก็บน้ำแม่นาเรือ,19.09579,99.80992,N,rainfall_1h
RES002,2026-07-02 03:40:00+07,3:40:00,489.554,อ่างเก็บน้ำแม่นาเรือ,19.09579,99.80992,N,water_level
RES002,2026-07-02 03:50:00+07,3:50:00,0,อ่างเก็บน้ำแม่นาเรือ,19.09579,99.80992,N,rainfall_1h
RES002,2026-07-02 03:50:00+07,3:50:00,489.554,อ่างเก็บน้ำแม่นาเรือ,19.09579,99.80992,N,water_level
RES002,2026-07-02 04:00:00+07,4:00:00,489.554,อ่างเก็บน้ำแม่นาเรือ,19.09579,99.80992,N,water_level
RES002,2026-07-02 04:00:00+07,4:00:00,0,อ่างเก็บน้ำแม่นาเรือ,19.09579,99.80992,N,rainfall_1h
RES002,2026-07-02 04:10:00+07,4:10:00,0,อ่างเก็บน้ำแม่นาเรือ,19.09579,99.80992,N,rainfall_1h
RES002,2026-07-02 04:10:00+07,4:10:00,489.553,อ่างเก็บน้ำแม่นาเรือ,19.09579,99.80992,N,water_level
RES002,2026-07-02 04:20:00+07,4:20:00,489.554,อ่างเก็บน้ำแม่นาเรือ,19.09579,99.80992,N,water_level
RES002,2026-07-02 04:20:00+07,4:20:00,0,อ่างเก็บน้ำแม่นาเรือ,19.09579,99.80992,N,rainfall_1h
RES002,2026-07-02 04:30:00+07,4:30:00,489.554,อ่างเก็บน้ำแม่นาเรือ,19.09579,99.80992,N,water_level
RES002,2026-07-02 04:30:00+07,4:30:00,0,อ่างเก็บน้ำแม่นาเรือ,19.09579,99.80992,N,rainfall_1h
RES002,2026-07-02 04:40:00+07,4:40:00,0,อ่างเก็บน้ำแม่นาเรือ,19.09579,99.80992,N,rainfall_1h
RES002,2026-07-02 04:40:00+07,4:40:00,489.554,อ่างเก็บน้ำแม่นาเรือ,19.09579,99.80992,N,water_level
RES002,2026-07-02 04:50:00+07,4:50:00,0,อ่างเก็บน้ำแม่นาเรือ,19.09579,99.80992,N,rainfall_1h
RES002,2026-07-02 04:50:00+07,4:50:00,489.554,อ่างเก็บน้ำแม่นาเรือ,19.09579,99.80992,N,water_level
RES002,2026-07-02 05:00:00+07,5:00:00,0,อ่างเก็บน้ำแม่นาเรือ,19.09579,99.80992,N,rainfall_1h
RES002,2026-07-02 05:00:00+07,5:00:00,489.554,อ่างเก็บน้ำแม่นาเรือ,19.09579,99.80992,N,water_level
RES002,2026-07-02 05:10:00+07,5:10:00,0,อ่างเก็บน้ำแม่นาเรือ,19.09579,99.80992,N,rainfall_1h
RES002,2026-07-02 05:10:00+07,5:10:00,489.554,อ่างเก็บน้ำแม่นาเรือ,19.09579,99.80992,N,water_level
RES002,2026-07-02 05:20:00+07,5:20:00,489.554,อ่างเก็บน้ำแม่นาเรือ,19.09579,99.80992,N,water_level
RES002,2026-07-02 05:20:00+07,5:20:00,0,อ่างเก็บน้ำแม่นาเรือ,19.09579,99.80992,N,rainfall_1h
RES002,2026-07-02 05:30:00+07,5:30:00,489.554,อ่างเก็บน้ำแม่นาเรือ,19.09579,99.80992,N,water_level
RES002,2026-07-02 05:30:00+07,5:30:00,0,อ่างเก็บน้ำแม่นาเรือ,19.09579,99.80992,N,rainfall_1h
RES002,2026-07-02 05:40:00+07,5:40:00,0,อ่างเก็บน้ำแม่นาเรือ,19.09579,99.80992,N,rainfall_1h
RES002,2026-07-02 05:40:00+07,5:40:00,489.554,อ่างเก็บน้ำแม่นาเรือ,19.09579,99.80992,N,water_level
RES002,2026-07-02 05:50:00+07,5:50:00,0,อ่างเก็บน้ำแม่นาเรือ,19.09579,99.80992,N,rainfall_1h
RES002,2026-07-02 05:50:00+07,5:50:00,489.554,อ่างเก็บน้ำแม่นาเรือ,19.09579,99.80992,N,water_level
RES002,2026-07-02 06:00:00+07,6:00:00,489.554,อ่างเก็บน้ำแม่นาเรือ,19.09579,99.80992,N,water_level
RES002,2026-07-02 06:00:00+07,6:00:00,0,อ่างเก็บน้ำแม่นาเรือ,19.09579,99.80992,N,rainfall_1h
RES002,2026-07-02 06:10:00+07,6:10:00,489.547,อ่างเก็บน้ำแม่นาเรือ,19.09579,99.80992,N,water_level
RES002,2026-07-02 06:10:00+07,6:10:00,0.2,อ่างเก็บน้ำแม่นาเรือ,19.09579,99.80992,N,rainfall_1h
RES002,2026-07-02 06:20:00+07,6:20:00,0.4,อ่างเก็บน้ำแม่นาเรือ,19.09579,99.80992,N,rainfall_1h
RES002,2026-07-02 06:20:00+07,6:20:00,489.547,อ่างเก็บน้ำแม่นาเรือ,19.09579,99.80992,N,water_level
RES002,2026-07-02 06:30:00+07,6:30:00,489.548,อ่างเก็บน้ำแม่นาเรือ,19.09579,99.80992,N,water_level
RES002,2026-07-02 06:30:00+07,6:30:00,0.6,อ่างเก็บน้ำแม่นาเรือ,19.09579,99.80992,N,rainfall_1h
RES002,2026-07-02 06:40:00+07,6:40:00,489.547,อ่างเก็บน้ำแม่นาเรือ,19.09579,99.80992,N,water_level
RES002,2026-07-02 06:40:00+07,6:40:00,0.8,อ่างเก็บน้ำแม่นาเรือ,19.09579,99.80992,N,rainfall_1h
RES002,2026-07-02 06:50:00+07,6:50:00,1.2,อ่างเก็บน้ำแม่นาเรือ,19.09579,99.80992,N,rainfall_1h
RES002,2026-07-02 06:50:00+07,6:50:00,489.554,อ่างเก็บน้ำแม่นาเรือ,19.09579,99.80992,N,water_level
RES002,2026-07-02 07:00:00+07,7:00:00,1.4,อ่างเก็บน้ำแม่นาเรือ,19.09579,99.80992,N,rainfall_1h
RES002,2026-07-02 07:00:00+07,7:00:00,489.547,อ่างเก็บน้ำแม่นาเรือ,19.09579,99.80992,N,water_level
RES002,2026-07-02 07:10:00+07,7:10:00,489.547,อ่างเก็บน้ำแม่นาเรือ,19.09579,99.80992,N,water_level
RES002,2026-07-02 07:10:00+07,7:10:00,0.2,อ่างเก็บน้ำแม่นาเรือ,19.09579,99.80992,N,rainfall_1h
RES002,2026-07-02 07:20:00+07,7:20:00,489.547,อ่างเก็บน้ำแม่นาเรือ,19.09579,99.80992,N,water_level
RES002,2026-07-02 07:20:00+07,7:20:00,0.4,อ่างเก็บน้ำแม่นาเรือ,19.09579,99.80992,N,rainfall_1h
RES002,2026-07-02 07:30:00+07,7:30:00,489.547,อ่างเก็บน้ำแม่นาเรือ,19.09579,99.80992,N,water_level
RES002,2026-07-02 07:30:00+07,7:30:00,0.4,อ่างเก็บน้ำแม่นาเรือ,19.09579,99.80992,N,rainfall_1h
RES002,2026-07-02 07:40:00+07,7:40:00,489.547,อ่างเก็บน้ำแม่นาเรือ,19.09579,99.80992,N,water_level
RES002,2026-07-02 07:40:00+07,7:40:00,0.4,อ่างเก็บน้ำแม่นาเรือ,19.09579,99.80992,N,rainfall_1h
RES002,2026-07-02 07:50:00+07,7:50:00,489.547,อ่างเก็บน้ำแม่นาเรือ,19.09579,99.80992,N,water_level
RES002,2026-07-02 07:50:00+07,7:50:00,0.6,อ่างเก็บน้ำแม่นาเรือ,19.09579,99.80992,N,rainfall_1h
RES002,2026-07-02 08:00:00+07,8:00:00,489.547,อ่างเก็บน้ำแม่นาเรือ,19.09579,99.80992,N,water_level
RES002,2026-07-02 08:00:00+07,8:00:00,0.6,อ่างเก็บน้ำแม่นาเรือ,19.09579,99.80992,N,rainfall_1h
RES002,2026-07-02 08:10:00+07,8:10:00,489.547,อ่างเก็บน้ำแม่นาเรือ,19.09579,99.80992,N,water_level
RES002,2026-07-02 08:10:00+07,8:10:00,0,อ่างเก็บน้ำแม่นาเรือ,19.09579,99.80992,N,rainfall_1h
RES002,2026-07-02 08:20:00+07,8:20:00,489.547,อ่างเก็บน้ำแม่นาเรือ,19.09579,99.80992,N,water_level
RES002,2026-07-02 08:20:00+07,8:20:00,0,อ่างเก็บน้ำแม่นาเรือ,19.09579,99.80992,N,rainfall_1h
RES002,2026-07-02 08:30:00+07,8:30:00,0.2,อ่างเก็บน้ำแม่นาเรือ,19.09579,99.80992,N,rainfall_1h
RES002,2026-07-02 08:30:00+07,8:30:00,489.547,อ่างเก็บน้ำแม่นาเรือ,19.09579,99.80992,N,water_level
RES002,2026-07-02 08:40:00+07,8:40:00,489.547,อ่างเก็บน้ำแม่นาเรือ,19.09579,99.80992,N,water_level
RES002,2026-07-02 08:40:00+07,8:40:00,0.2,อ่างเก็บน้ำแม่นาเรือ,19.09579,99.80992,N,rainfall_1h
RES002,2026-07-02 08:50:00+07,8:50:00,0.2,อ่างเก็บน้ำแม่นาเรือ,19.09579,99.80992,N,rainfall_1h
RES002,2026-07-02 08:50:00+07,8:50:00,489.547,อ่างเก็บน้ำแม่นาเรือ,19.09579,99.80992,N,water_level
RES002,2026-07-02 09:00:00+07,9:00:00,489.54,อ่างเก็บน้ำแม่นาเรือ,19.09579,99.80992,N,water_level
RES002,2026-07-02 09:00:00+07,9:00:00,0.2,อ่างเก็บน้ำแม่นาเรือ,19.09579,99.80992,N,rainfall_1h
RES002,2026-07-02 09:10:00+07,9:10:00,0,อ่างเก็บน้ำแม่นาเรือ,19.09579,99.80992,N,rainfall_1h
RES002,2026-07-02 09:10:00+07,9:10:00,489.54,อ่างเก็บน้ำแม่นาเรือ,19.09579,99.80992,N,water_level
RES002,2026-07-02 09:20:00+07,9:20:00,489.54,อ่างเก็บน้ำแม่นาเรือ,19.09579,99.80992,N,water_level
RES002,2026-07-02 09:20:00+07,9:20:00,0,อ่างเก็บน้ำแม่นาเรือ,19.09579,99.80992,N,rainfall_1h
RES002,2026-07-02 09:30:00+07,9:30:00,489.54,อ่างเก็บน้ำแม่นาเรือ,19.09579,99.80992,N,water_level
RES002,2026-07-02 09:30:00+07,9:30:00,0,อ่างเก็บน้ำแม่นาเรือ,19.09579,99.80992,N,rainfall_1h
RES002,2026-07-02 09:40:00+07,9:40:00,0,อ่างเก็บน้ำแม่นาเรือ,19.09579,99.80992,N,rainfall_1h
RES002,2026-07-02 09:40:00+07,9:40:00,489.54,อ่างเก็บน้ำแม่นาเรือ,19.09579,99.80992,N,water_level
RES002,2026-07-02 09:50:00+07,9:50:00,489.54,อ่างเก็บน้ำแม่นาเรือ,19.09579,99.80992,N,water_level
RES002,2026-07-02 09:50:00+07,9:50:00,0,อ่างเก็บน้ำแม่นาเรือ,19.09579,99.80992,N,rainfall_1h
RES002,2026-07-02 10:00:00+07,10:00:00,0,อ่างเก็บน้ำแม่นาเรือ,19.09579,99.80992,N,rainfall_1h
RES002,2026-07-02 10:00:00+07,10:00:00,489.533,อ่างเก็บน้ำแม่นาเรือ,19.09579,99.80992,N,water_level
RES002,2026-07-02 10:10:00+07,10:10:00,489.533,อ่างเก็บน้ำแม่นาเรือ,19.09579,99.80992,N,water_level
RES002,2026-07-02 10:10:00+07,10:10:00,0,อ่างเก็บน้ำแม่นาเรือ,19.09579,99.80992,N,rainfall_1h
RES002,2026-07-02 10:20:00+07,10:20:00,0,อ่างเก็บน้ำแม่นาเรือ,19.09579,99.80992,N,rainfall_1h
RES002,2026-07-02 10:20:00+07,10:20:00,489.532,อ่างเก็บน้ำแม่นาเรือ,19.09579,99.80992,N,water_level
RES002,2026-07-02 10:30:00+07,10:30:00,489.532,อ่างเก็บน้ำแม่นาเรือ,19.09579,99.80992,N,water_level
RES002,2026-07-02 10:30:00+07,10:30:00,0,อ่างเก็บน้ำแม่นาเรือ,19.09579,99.80992,N,rainfall_1h
RES002,2026-07-02 10:40:00+07,10:40:00,0,อ่างเก็บน้ำแม่นาเรือ,19.09579,99.80992,N,rainfall_1h
RES002,2026-07-02 10:40:00+07,10:40:00,489.54,อ่างเก็บน้ำแม่นาเรือ,19.09579,99.80992,N,water_level
RES002,2026-07-02 10:50:00+07,10:50:00,489.54,อ่างเก็บน้ำแม่นาเรือ,19.09579,99.80992,N,water_level
RES002,2026-07-02 10:50:00+07,10:50:00,0,อ่างเก็บน้ำแม่นาเรือ,19.09579,99.80992,N,rainfall_1h
RES002,2026-07-02 11:00:00+07,11:00:00,0,อ่างเก็บน้ำแม่นาเรือ,19.09579,99.80992,N,rainfall_1h
RES002,2026-07-02 11:00:00+07,11:00:00,489.546,อ่างเก็บน้ำแม่นาเรือ,19.09579,99.80992,N,water_level
RES002,2026-07-02 11:10:00+07,11:10:00,0,อ่างเก็บน้ำแม่นาเรือ,19.09579,99.80992,N,rainfall_1h
RES002,2026-07-02 11:10:00+07,11:10:00,489.54,อ่างเก็บน้ำแม่นาเรือ,19.09579,99.80992,N,water_level
RES002,2026-07-02 11:20:00+07,11:20:00,0,อ่างเก็บน้ำแม่นาเรือ,19.09579,99.80992,N,rainfall_1h
RES002,2026-07-02 11:20:00+07,11:20:00,489.54,อ่างเก็บน้ำแม่นาเรือ,19.09579,99.80992,N,water_level
RES002,2026-07-02 11:30:00+07,11:30:00,0,อ่างเก็บน้ำแม่นาเรือ,19.09579,99.80992,N,rainfall_1h
RES002,2026-07-02 11:30:00+07,11:30:00,489.54,อ่างเก็บน้ำแม่นาเรือ,19.09579,99.80992,N,water_level
RES002,2026-07-02 11:40:00+07,11:40:00,489.54,อ่างเก็บน้ำแม่นาเรือ,19.09579,99.80992,N,water_level
RES002,2026-07-02 11:40:00+07,11:40:00,0,อ่างเก็บน้ำแม่นาเรือ,19.09579,99.80992,N,rainfall_1h
RES002,2026-07-02 11:50:00+07,11:50:00,0,อ่างเก็บน้ำแม่นาเรือ,19.09579,99.80992,N,rainfall_1h
RES002,2026-07-02 11:50:00+07,11:50:00,489.54,อ่างเก็บน้ำแม่นาเรือ,19.09579,99.80992,N,water_level
RES002,2026-07-02 12:00:00+07,12:00:00,489.54,อ่างเก็บน้ำแม่นาเรือ,19.09579,99.80992,N,water_level
RES002,2026-07-02 12:00:00+07,12:00:00,0,อ่างเก็บน้ำแม่นาเรือ,19.09579,99.80992,N,rainfall_1h
RES002,2026-07-02 12:10:00+07,12:10:00,489.54,อ่างเก็บน้ำแม่นาเรือ,19.09579,99.80992,N,water_level
RES002,2026-07-02 12:10:00+07,12:10:00,0,อ่างเก็บน้ำแม่นาเรือ,19.09579,99.80992,N,rainfall_1h
RES002,2026-07-02 12:20:00+07,12:20:00,489.54,อ่างเก็บน้ำแม่นาเรือ,19.09579,99.80992,N,water_level
RES002,2026-07-02 12:20:00+07,12:20:00,0,อ่างเก็บน้ำแม่นาเรือ,19.09579,99.80992,N,rainfall_1h
RES002,2026-07-02 12:30:00+07,12:30:00,0,อ่างเก็บน้ำแม่นาเรือ,19.09579,99.80992,N,rainfall_1h
RES002,2026-07-02 12:30:00+07,12:30:00,489.54,อ่างเก็บน้ำแม่นาเรือ,19.09579,99.80992,N,water_level
RES002,2026-07-02 12:40:00+07,12:40:00,0,อ่างเก็บน้ำแม่นาเรือ,19.09579,99.80992,N,rainfall_1h
RES002,2026-07-02 12:40:00+07,12:40:00,489.539,อ่างเก็บน้ำแม่นาเรือ,19.09579,99.80992,N,water_level
RES002,2026-07-02 12:50:00+07,12:50:00,0,อ่างเก็บน้ำแม่นาเรือ,19.09579,99.80992,N,rainfall_1h
RES002,2026-07-02 12:50:00+07,12:50:00,489.532,อ่างเก็บน้ำแม่นาเรือ,19.09579,99.80992,N,water_level
RES002,2026-07-02 13:00:00+07,13:00:00,489.54,อ่างเก็บน้ำแม่นาเรือ,19.09579,99.80992,N,water_level
RES002,2026-07-02 13:00:00+07,13:00:00,0,อ่างเก็บน้ำแม่นาเรือ,19.09579,99.80992,N,rainfall_1h
RES002,2026-07-02 13:10:00+07,13:10:00,0,อ่างเก็บน้ำแม่นาเรือ,19.09579,99.80992,N,rainfall_1h
RES002,2026-07-02 13:10:00+07,13:10:00,489.54,อ่างเก็บน้ำแม่นาเรือ,19.09579,99.80992,N,water_level
RES002,2026-07-02 13:20:00+07,13:20:00,489.54,อ่างเก็บน้ำแม่นาเรือ,19.09579,99.80992,N,water_level
RES002,2026-07-02 13:20:00+07,13:20:00,0,อ่างเก็บน้ำแม่นาเรือ,19.09579,99.80992,N,rainfall_1h
RES002,2026-07-02 13:30:00+07,13:30:00,489.54,อ่างเก็บน้ำแม่นาเรือ,19.09579,99.80992,N,water_level
RES002,2026-07-02 13:30:00+07,13:30:00,0,อ่างเก็บน้ำแม่นาเรือ,19.09579,99.80992,N,rainfall_1h
RES002,2026-07-02 13:40:00+07,13:40:00,0,อ่างเก็บน้ำแม่นาเรือ,19.09579,99.80992,N,rainfall_1h
RES002,2026-07-02 13:40:00+07,13:40:00,489.513,อ่างเก็บน้ำแม่นาเรือ,19.09579,99.80992,N,water_level
RES002,2026-07-02 13:50:00+07,13:50:00,489.533,อ่างเก็บน้ำแม่นาเรือ,19.09579,99.80992,N,water_level
RES002,2026-07-02 13:50:00+07,13:50:00,0,อ่างเก็บน้ำแม่นาเรือ,19.09579,99.80992,N,rainfall_1h
RES002,2026-07-02 14:00:00+07,14:00:00,0,อ่างเก็บน้ำแม่นาเรือ,19.09579,99.80992,N,rainfall_1h
RES002,2026-07-02 14:00:00+07,14:00:00,489.526,อ่างเก็บน้ำแม่นาเรือ,19.09579,99.80992,N,water_level
RES002,2026-07-02 14:10:00+07,14:10:00,0,อ่างเก็บน้ำแม่นาเรือ,19.09579,99.80992,N,rainfall_1h
RES002,2026-07-02 14:10:00+07,14:10:00,489.532,อ่างเก็บน้ำแม่นาเรือ,19.09579,99.80992,N,water_level
RES002,2026-07-02 14:20:00+07,14:20:00,0,อ่างเก็บน้ำแม่นาเรือ,19.09579,99.80992,N,rainfall_1h
RES002,2026-07-02 14:20:00+07,14:20:00,489.533,อ่างเก็บน้ำแม่นาเรือ,19.09579,99.80992,N,water_level
RES002,2026-07-02 14:30:00+07,14:30:00,0,อ่างเก็บน้ำแม่นาเรือ,19.09579,99.80992,N,rainfall_1h
RES002,2026-07-02 14:30:00+07,14:30:00,489.533,อ่างเก็บน้ำแม่นาเรือ,19.09579,99.80992,N,water_level
RES002,2026-07-02 14:40:00+07,14:40:00,489.533,อ่างเก็บน้ำแม่นาเรือ,19.09579,99.80992,N,water_level
RES002,2026-07-02 14:40:00+07,14:40:00,0,อ่างเก็บน้ำแม่นาเรือ,19.09579,99.80992,N,rainfall_1h
RES002,2026-07-02 14:50:00+07,14:50:00,0,อ่างเก็บน้ำแม่นาเรือ,19.09579,99.80992,N,rainfall_1h
RES002,2026-07-02 14:50:00+07,14:50:00,489.513,อ่างเก็บน้ำแม่นาเรือ,19.09579,99.80992,N,water_level
RES002,2026-07-02 15:00:00+07,15:00:00,489.507,อ่างเก็บน้ำแม่นาเรือ,19.09579,99.80992,N,water_level
RES002,2026-07-02 15:00:00+07,15:00:00,0,อ่างเก็บน้ำแม่นาเรือ,19.09579,99.80992,N,rainfall_1h
RES002,2026-07-02 15:10:00+07,15:10:00,489.513,อ่างเก็บน้ำแม่นาเรือ,19.09579,99.80992,N,water_level
RES002,2026-07-02 15:10:00+07,15:10:00,0,อ่างเก็บน้ำแม่นาเรือ,19.09579,99.80992,N,rainfall_1h
RES002,2026-07-02 15:20:00+07,15:20:00,0,อ่างเก็บน้ำแม่นาเรือ,19.09579,99.80992,N,rainfall_1h
RES002,2026-07-02 15:20:00+07,15:20:00,489.526,อ่างเก็บน้ำแม่นาเรือ,19.09579,99.80992,N,water_level
RES002,2026-07-02 15:30:00+07,15:30:00,489.519,อ่างเก็บน้ำแม่นาเรือ,19.09579,99.80992,N,water_level
RES002,2026-07-02 15:30:00+07,15:30:00,0,อ่างเก็บน้ำแม่นาเรือ,19.09579,99.80992,N,rainfall_1h
RES002,2026-07-02 15:40:00+07,15:40:00,0,อ่างเก็บน้ำแม่นาเรือ,19.09579,99.80992,N,rainfall_1h
RES002,2026-07-02 15:40:00+07,15:40:00,489.519,อ่างเก็บน้ำแม่นาเรือ,19.09579,99.80992,N,water_level
RES002,2026-07-02 15:50:00+07,15:50:00,489.532,อ่างเก็บน้ำแม่นาเรือ,19.09579,99.80992,N,water_level
RES002,2026-07-02 15:50:00+07,15:50:00,0,อ่างเก็บน้ำแม่นาเรือ,19.09579,99.80992,N,rainfall_1h
RES002,2026-07-02 16:00:00+07,16:00:00,0,อ่างเก็บน้ำแม่นาเรือ,19.09579,99.80992,N,rainfall_1h
RES002,2026-07-02 16:00:00+07,16:00:00,489.532,อ่างเก็บน้ำแม่นาเรือ,19.09579,99.80992,N,water_level
RES002,2026-07-02 16:10:00+07,16:10:00,489.54,อ่างเก็บน้ำแม่นาเรือ,19.09579,99.80992,N,water_level
RES002,2026-07-02 16:10:00+07,16:10:00,2.4,อ่างเก็บน้ำแม่นาเรือ,19.09579,99.80992,N,rainfall_1h
RES002,2026-07-02 16:20:00+07,16:20:00,489.54,อ่างเก็บน้ำแม่นาเรือ,19.09579,99.80992,N,water_level
RES002,2026-07-02 16:20:00+07,16:20:00,8.2,อ่างเก็บน้ำแม่นาเรือ,19.09579,99.80992,N,rainfall_1h
RES002,2026-07-02 16:30:00+07,16:30:00,489.547,อ่างเก็บน้ำแม่นาเรือ,19.09579,99.80992,N,water_level
RES002,2026-07-02 16:30:00+07,16:30:00,12.8,อ่างเก็บน้ำแม่นาเรือ,19.09579,99.80992,N,rainfall_1h
RES002,2026-07-02 16:40:00+07,16:40:00,489.553,อ่างเก็บน้ำแม่นาเรือ,19.09579,99.80992,N,water_level
RES002,2026-07-02 16:40:00+07,16:40:00,13,อ่างเก็บน้ำแม่นาเรือ,19.09579,99.80992,N,rainfall_1h
RES002,2026-07-02 16:50:00+07,16:50:00,13,อ่างเก็บน้ำแม่นาเรือ,19.09579,99.80992,N,rainfall_1h
RES002,2026-07-02 16:50:00+07,16:50:00,489.559,อ่างเก็บน้ำแม่นาเรือ,19.09579,99.80992,N,water_level
RES002,2026-07-02 17:00:00+07,17:00:00,13,อ่างเก็บน้ำแม่นาเรือ,19.09579,99.80992,N,rainfall_1h
RES002,2026-07-02 17:00:00+07,17:00:00,489.56,อ่างเก็บน้ำแม่นาเรือ,19.09579,99.80992,N,water_level
RES002,2026-07-02 17:10:00+07,17:10:00,0,อ่างเก็บน้ำแม่นาเรือ,19.09579,99.80992,N,rainfall_1h
RES002,2026-07-02 17:10:00+07,17:10:00,489.559,อ่างเก็บน้ำแม่นาเรือ,19.09579,99.80992,N,water_level
RES002,2026-07-02 17:20:00+07,17:20:00,0,อ่างเก็บน้ำแม่นาเรือ,19.09579,99.80992,N,rainfall_1h
RES002,2026-07-02 17:20:00+07,17:20:00,489.559,อ่างเก็บน้ำแม่นาเรือ,19.09579,99.80992,N,water_level
RES002,2026-07-02 17:30:00+07,17:30:00,0,อ่างเก็บน้ำแม่นาเรือ,19.09579,99.80992,N,rainfall_1h
RES002,2026-07-02 17:30:00+07,17:30:00,489.56,อ่างเก็บน้ำแม่นาเรือ,19.09579,99.80992,N,water_level
RES002,2026-07-02 17:40:00+07,17:40:00,0,อ่างเก็บน้ำแม่นาเรือ,19.09579,99.80992,N,rainfall_1h
RES002,2026-07-02 17:40:00+07,17:40:00,489.56,อ่างเก็บน้ำแม่นาเรือ,19.09579,99.80992,N,water_level
RES002,2026-07-02 17:50:00+07,17:50:00,489.56,อ่างเก็บน้ำแม่นาเรือ,19.09579,99.80992,N,water_level
RES002,2026-07-02 17:50:00+07,17:50:00,0,อ่างเก็บน้ำแม่นาเรือ,19.09579,99.80992,N,rainfall_1h
RES002,2026-07-02 18:00:00+07,18:00:00,489.56,อ่างเก็บน้ำแม่นาเรือ,19.09579,99.80992,N,water_level
RES002,2026-07-02 18:00:00+07,18:00:00,0,อ่างเก็บน้ำแม่นาเรือ,19.09579,99.80992,N,rainfall_1h
RES002,2026-07-02 18:10:00+07,18:10:00,0,อ่างเก็บน้ำแม่นาเรือ,19.09579,99.80992,N,rainfall_1h
RES002,2026-07-02 18:10:00+07,18:10:00,489.559,อ่างเก็บน้ำแม่นาเรือ,19.09579,99.80992,N,water_level
RES002,2026-07-02 18:20:00+07,18:20:00,0,อ่างเก็บน้ำแม่นาเรือ,19.09579,99.80992,N,rainfall_1h
RES002,2026-07-02 18:20:00+07,18:20:00,489.567,อ่างเก็บน้ำแม่นาเรือ,19.09579,99.80992,N,water_level
RES002,2026-07-02 18:30:00+07,18:30:00,0,อ่างเก็บน้ำแม่นาเรือ,19.09579,99.80992,N,rainfall_1h
RES002,2026-07-02 18:30:00+07,18:30:00,489.56,อ่างเก็บน้ำแม่นาเรือ,19.09579,99.80992,N,water_level
RES002,2026-07-02 18:40:00+07,18:40:00,0,อ่างเก็บน้ำแม่นาเรือ,19.09579,99.80992,N,rainfall_1h
RES002,2026-07-02 18:40:00+07,18:40:00,489.56,อ่างเก็บน้ำแม่นาเรือ,19.09579,99.80992,N,water_level
RES002,2026-07-02 18:50:00+07,18:50:00,489.56,อ่างเก็บน้ำแม่นาเรือ,19.09579,99.80992,N,water_level
RES002,2026-07-02 18:50:00+07,18:50:00,0,อ่างเก็บน้ำแม่นาเรือ,19.09579,99.80992,N,rainfall_1h
RES002,2026-07-02 19:00:00+07,19:00:00,489.56,อ่างเก็บน้ำแม่นาเรือ,19.09579,99.80992,N,water_level
RES002,2026-07-02 19:00:00+07,19:00:00,0,อ่างเก็บน้ำแม่นาเรือ,19.09579,99.80992,N,rainfall_1h
RES002,2026-07-02 19:10:00+07,19:10:00,0,อ่างเก็บน้ำแม่นาเรือ,19.09579,99.80992,N,rainfall_1h
RES002,2026-07-02 19:10:00+07,19:10:00,489.56,อ่างเก็บน้ำแม่นาเรือ,19.09579,99.80992,N,water_level
RES002,2026-07-02 19:20:00+07,19:20:00,489.559,อ่างเก็บน้ำแม่นาเรือ,19.09579,99.80992,N,water_level
RES002,2026-07-02 19:20:00+07,19:20:00,0,อ่างเก็บน้ำแม่นาเรือ,19.09579,99.80992,N,rainfall_1h
RES002,2026-07-02 19:30:00+07,19:30:00,0,อ่างเก็บน้ำแม่นาเรือ,19.09579,99.80992,N,rainfall_1h
RES002,2026-07-02 19:30:00+07,19:30:00,489.56,อ่างเก็บน้ำแม่นาเรือ,19.09579,99.80992,N,water_level
RES002,2026-07-02 19:40:00+07,19:40:00,0,อ่างเก็บน้ำแม่นาเรือ,19.09579,99.80992,N,rainfall_1h
RES002,2026-07-02 19:40:00+07,19:40:00,489.56,อ่างเก็บน้ำแม่นาเรือ,19.09579,99.80992,N,water_level
RES002,2026-07-02 19:50:00+07,19:50:00,489.56,อ่างเก็บน้ำแม่นาเรือ,19.09579,99.80992,N,water_level
RES002,2026-07-02 19:50:00+07,19:50:00,0,อ่างเก็บน้ำแม่นาเรือ,19.09579,99.80992,N,rainfall_1h
RES002,2026-07-02 20:00:00+07,20:00:00,489.56,อ่างเก็บน้ำแม่นาเรือ,19.09579,99.80992,N,water_level
RES002,2026-07-02 20:00:00+07,20:00:00,0,อ่างเก็บน้ำแม่นาเรือ,19.09579,99.80992,N,rainfall_1h
RES002,2026-07-02 20:10:00+07,20:10:00,0,อ่างเก็บน้ำแม่นาเรือ,19.09579,99.80992,N,rainfall_1h
RES002,2026-07-02 20:10:00+07,20:10:00,489.559,อ่างเก็บน้ำแม่นาเรือ,19.09579,99.80992,N,water_level
RES002,2026-07-02 20:20:00+07,20:20:00,0,อ่างเก็บน้ำแม่นาเรือ,19.09579,99.80992,N,rainfall_1h
RES002,2026-07-02 20:20:00+07,20:20:00,489.554,อ่างเก็บน้ำแม่นาเรือ,19.09579,99.80992,N,water_level
RES002,2026-07-02 20:30:00+07,20:30:00,489.56,อ่างเก็บน้ำแม่นาเรือ,19.09579,99.80992,N,water_level
RES002,2026-07-02 20:30:00+07,20:30:00,0,อ่างเก็บน้ำแม่นาเรือ,19.09579,99.80992,N,rainfall_1h
RES002,2026-07-02 20:40:00+07,20:40:00,489.554,อ่างเก็บน้ำแม่นาเรือ,19.09579,99.80992,N,water_level
RES002,2026-07-02 20:40:00+07,20:40:00,0,อ่างเก็บน้ำแม่นาเรือ,19.09579,99.80992,N,rainfall_1h
RES002,2026-07-02 20:50:00+07,20:50:00,0,อ่างเก็บน้ำแม่นาเรือ,19.09579,99.80992,N,rainfall_1h
RES002,2026-07-02 20:50:00+07,20:50:00,489.559,อ่างเก็บน้ำแม่นาเรือ,19.09579,99.80992,N,water_level
RES002,2026-07-02 21:00:00+07,21:00:00,489.554,อ่างเก็บน้ำแม่นาเรือ,19.09579,99.80992,N,water_level
RES002,2026-07-02 21:00:00+07,21:00:00,0,อ่างเก็บน้ำแม่นาเรือ,19.09579,99.80992,N,rainfall_1h
RES002,2026-07-02 21:10:00+07,21:10:00,0,อ่างเก็บน้ำแม่นาเรือ,19.09579,99.80992,N,rainfall_1h
RES002,2026-07-02 21:10:00+07,21:10:00,489.554,อ่างเก็บน้ำแม่นาเรือ,19.09579,99.80992,N,water_level
RES002,2026-07-02 21:20:00+07,21:20:00,489.554,อ่างเก็บน้ำแม่นาเรือ,19.09579,99.80992,N,water_level
RES002,2026-07-02 21:20:00+07,21:20:00,0,อ่างเก็บน้ำแม่นาเรือ,19.09579,99.80992,N,rainfall_1h
RES002,2026-07-02 21:30:00+07,21:30:00,489.554,อ่างเก็บน้ำแม่นาเรือ,19.09579,99.80992,N,water_level
RES002,2026-07-02 21:30:00+07,21:30:00,0,อ่างเก็บน้ำแม่นาเรือ,19.09579,99.80992,N,rainfall_1h
RES002,2026-07-02 21:40:00+07,21:40:00,0,อ่างเก็บน้ำแม่นาเรือ,19.09579,99.80992,N,rainfall_1h
RES002,2026-07-02 21:40:00+07,21:40:00,489.553,อ่างเก็บน้ำแม่นาเรือ,19.09579,99.80992,N,water_level
RES002,2026-07-02 21:50:00+07,21:50:00,0,อ่างเก็บน้ำแม่นาเรือ,19.09579,99.80992,N,rainfall_1h
RES002,2026-07-02 21:50:00+07,21:50:00,489.554,อ่างเก็บน้ำแม่นาเรือ,19.09579,99.80992,N,water_level
RES002,2026-07-02 22:00:00+07,22:00:00,489.554,อ่างเก็บน้ำแม่นาเรือ,19.09579,99.80992,N,water_level
RES002,2026-07-02 22:00:00+07,22:00:00,0,อ่างเก็บน้ำแม่นาเรือ,19.09579,99.80992,N,rainfall_1h
RES002,2026-07-02 22:10:00+07,22:10:00,0,อ่างเก็บน้ำแม่นาเรือ,19.09579,99.80992,N,rainfall_1h
RES002,2026-07-02 22:10:00+07,22:10:00,489.554,อ่างเก็บน้ำแม่นาเรือ,19.09579,99.80992,N,water_level
RES002,2026-07-02 22:20:00+07,22:20:00,0,อ่างเก็บน้ำแม่นาเรือ,19.09579,99.80992,N,rainfall_1h
RES002,2026-07-02 22:20:00+07,22:20:00,489.554,อ่างเก็บน้ำแม่นาเรือ,19.09579,99.80992,N,water_level
RES002,2026-07-02 22:30:00+07,22:30:00,489.554,อ่างเก็บน้ำแม่นาเรือ,19.09579,99.80992,N,water_level
RES002,2026-07-02 22:30:00+07,22:30:00,0,อ่างเก็บน้ำแม่นาเรือ,19.09579,99.80992,N,rainfall_1h
RES002,2026-07-02 22:40:00+07,22:40:00,0,อ่างเก็บน้ำแม่นาเรือ,19.09579,99.80992,N,rainfall_1h
RES002,2026-07-02 22:40:00+07,22:40:00,489.554,อ่างเก็บน้ำแม่นาเรือ,19.09579,99.80992,N,water_level
RES002,2026-07-02 22:50:00+07,22:50:00,0,อ่างเก็บน้ำแม่นาเรือ,19.09579,99.80992,N,rainfall_1h
RES002,2026-07-02 22:50:00+07,22:50:00,489.554,อ่างเก็บน้ำแม่นาเรือ,19.09579,99.80992,N,water_level
RES002,2026-07-02 23:00:00+07,23:00:00,489.554,อ่างเก็บน้ำแม่นาเรือ,19.09579,99.80992,N,water_level
RES002,2026-07-02 23:00:00+07,23:00:00,0,อ่างเก็บน้ำแม่นาเรือ,19.09579,99.80992,N,rainfall_1h
RES002,2026-07-02 23:10:00+07,23:10:00,0,อ่างเก็บน้ำแม่นาเรือ,19.09579,99.80992,N,rainfall_1h
RES002,2026-07-02 23:10:00+07,23:10:00,489.554,อ่างเก็บน้ำแม่นาเรือ,19.09579,99.80992,N,water_level
RES002,2026-07-02 23:20:00+07,23:20:00,0,อ่างเก็บน้ำแม่นาเรือ,19.09579,99.80992,N,rainfall_1h
RES002,2026-07-02 23:20:00+07,23:20:00,489.554,อ่างเก็บน้ำแม่นาเรือ,19.09579,99.80992,N,water_level
RES002,2026-07-02 23:30:00+07,23:30:00,0,อ่างเก็บน้ำแม่นาเรือ,19.09579,99.80992,N,rainfall_1h
RES002,2026-07-02 23:30:00+07,23:30:00,489.547,อ่างเก็บน้ำแม่นาเรือ,19.09579,99.80992,N,water_level
RES002,2026-07-02 23:40:00+07,23:40:00,489.547,อ่างเก็บน้ำแม่นาเรือ,19.09579,99.80992,N,water_level
RES002,2026-07-02 23:40:00+07,23:40:00,0,อ่างเก็บน้ำแม่นาเรือ,19.09579,99.80992,N,rainfall_1h
RES002,2026-07-02 23:50:00+07,23:50:00,489.547,อ่างเก็บน้ำแม่นาเรือ,19.09579,99.80992,N,water_level
RES002,2026-07-02 23:50:00+07,23:50:00,0,อ่างเก็บน้ำแม่นาเรือ,19.09579,99.80992,N,rainfall_1h
RES002,2026-07-03 00:00:00+07,0:00:00,489.554,อ่างเก็บน้ำแม่นาเรือ,19.09579,99.80992,N,water_level
RES002,2026-07-03 00:00:00+07,0:00:00,0,อ่างเก็บน้ำแม่นาเรือ,19.09579,99.80992,N,rainfall_1h
RES002,2026-07-03 00:10:00+07,0:10:00,0,อ่างเก็บน้ำแม่นาเรือ,19.09579,99.80992,N,rainfall_1h
RES002,2026-07-03 00:10:00+07,0:10:00,489.547,อ่างเก็บน้ำแม่นาเรือ,19.09579,99.80992,N,water_level
RES002,2026-07-03 00:20:00+07,0:20:00,489.547,อ่างเก็บน้ำแม่นาเรือ,19.09579,99.80992,N,water_level
RES002,2026-07-03 00:20:00+07,0:20:00,0,อ่างเก็บน้ำแม่นาเรือ,19.09579,99.80992,N,rainfall_1h
RES002,2026-07-03 00:30:00+07,0:30:00,489.547,อ่างเก็บน้ำแม่นาเรือ,19.09579,99.80992,N,water_level
RES002,2026-07-03 00:30:00+07,0:30:00,0,อ่างเก็บน้ำแม่นาเรือ,19.09579,99.80992,N,rainfall_1h
RES002,2026-07-03 00:40:00+07,0:40:00,0,อ่างเก็บน้ำแม่นาเรือ,19.09579,99.80992,N,rainfall_1h
RES002,2026-07-03 00:40:00+07,0:40:00,489.547,อ่างเก็บน้ำแม่นาเรือ,19.09579,99.80992,N,water_level
RES002,2026-07-03 00:50:00+07,0:50:00,0,อ่างเก็บน้ำแม่นาเรือ,19.09579,99.80992,N,rainfall_1h
RES002,2026-07-03 00:50:00+07,0:50:00,489.547,อ่างเก็บน้ำแม่นาเรือ,19.09579,99.80992,N,water_level
RES002,2026-07-03 01:00:00+07,1:00:00,489.547,อ่างเก็บน้ำแม่นาเรือ,19.09579,99.80992,N,water_level
RES002,2026-07-03 01:00:00+07,1:00:00,0,อ่างเก็บน้ำแม่นาเรือ,19.09579,99.80992,N,rainfall_1h
RES002,2026-07-03 01:10:00+07,1:10:00,489.547,อ่างเก็บน้ำแม่นาเรือ,19.09579,99.80992,N,water_level
RES002,2026-07-03 01:10:00+07,1:10:00,0,อ่างเก็บน้ำแม่นาเรือ,19.09579,99.80992,N,rainfall_1h
RES002,2026-07-03 01:20:00+07,1:20:00,0,อ่างเก็บน้ำแม่นาเรือ,19.09579,99.80992,N,rainfall_1h
RES002,2026-07-03 01:20:00+07,1:20:00,489.547,อ่างเก็บน้ำแม่นาเรือ,19.09579,99.80992,N,water_level
RES002,2026-07-03 01:30:00+07,1:30:00,489.547,อ่างเก็บน้ำแม่นาเรือ,19.09579,99.80992,N,water_level
RES002,2026-07-03 01:30:00+07,1:30:00,0,อ่างเก็บน้ำแม่นาเรือ,19.09579,99.80992,N,rainfall_1h
RES002,2026-07-03 01:40:00+07,1:40:00,1.2,อ่างเก็บน้ำแม่นาเรือ,19.09579,99.80992,N,rainfall_1h
RES002,2026-07-03 01:40:00+07,1:40:00,489.547,อ่างเก็บน้ำแม่นาเรือ,19.09579,99.80992,N,water_level
RES002,2026-07-03 01:50:00+07,1:50:00,1.2,อ่างเก็บน้ำแม่นาเรือ,19.09579,99.80992,N,rainfall_1h
RES002,2026-07-03 01:50:00+07,1:50:00,489.547,อ่างเก็บน้ำแม่นาเรือ,19.09579,99.80992,N,water_level
RES002,2026-07-03 02:00:00+07,2:00:00,1.4,อ่างเก็บน้ำแม่นาเรือ,19.09579,99.80992,N,rainfall_1h
RES002,2026-07-03 02:00:00+07,2:00:00,489.547,อ่างเก็บน้ำแม่นาเรือ,19.09579,99.80992,N,water_level
RES002,2026-07-03 02:10:00+07,2:10:00,0,อ่างเก็บน้ำแม่นาเรือ,19.09579,99.80992,N,rainfall_1h
RES002,2026-07-03 02:10:00+07,2:10:00,489.547,อ่างเก็บน้ำแม่นาเรือ,19.09579,99.80992,N,water_level
RES002,2026-07-03 02:20:00+07,2:20:00,489.547,อ่างเก็บน้ำแม่นาเรือ,19.09579,99.80992,N,water_level
RES002,2026-07-03 02:20:00+07,2:20:00,0,อ่างเก็บน้ำแม่นาเรือ,19.09579,99.80992,N,rainfall_1h
RES002,2026-07-03 02:30:00+07,2:30:00,489.547,อ่างเก็บน้ำแม่นาเรือ,19.09579,99.80992,N,water_level
RES002,2026-07-03 02:30:00+07,2:30:00,0,อ่างเก็บน้ำแม่นาเรือ,19.09579,99.80992,N,rainfall_1h
RES002,2026-07-03 02:40:00+07,2:40:00,489.554,อ่างเก็บน้ำแม่นาเรือ,19.09579,99.80992,N,water_level
RES002,2026-07-03 02:40:00+07,2:40:00,0,อ่างเก็บน้ำแม่นาเรือ,19.09579,99.80992,N,rainfall_1h
RES002,2026-07-03 02:50:00+07,2:50:00,0,อ่างเก็บน้ำแม่นาเรือ,19.09579,99.80992,N,rainfall_1h
RES002,2026-07-03 02:50:00+07,2:50:00,489.547,อ่างเก็บน้ำแม่นาเรือ,19.09579,99.80992,N,water_level
RES002,2026-07-03 03:00:00+07,3:00:00,0,อ่างเก็บน้ำแม่นาเรือ,19.09579,99.80992,N,rainfall_1h
RES002,2026-07-03 03:00:00+07,3:00:00,489.548,อ่างเก็บน้ำแม่นาเรือ,19.09579,99.80992,N,water_level
RES002,2026-07-03 03:10:00+07,3:10:00,0,อ่างเก็บน้ำแม่นาเรือ,19.09579,99.80992,N,rainfall_1h
RES002,2026-07-03 03:10:00+07,3:10:00,489.547,อ่างเก็บน้ำแม่นาเรือ,19.09579,99.80992,N,water_level
RES002,2026-07-03 03:20:00+07,3:20:00,489.547,อ่างเก็บน้ำแม่นาเรือ,19.09579,99.80992,N,water_level
RES002,2026-07-03 03:20:00+07,3:20:00,0,อ่างเก็บน้ำแม่นาเรือ,19.09579,99.80992,N,rainfall_1h
RES002,2026-07-03 03:30:00+07,3:30:00,0,อ่างเก็บน้ำแม่นาเรือ,19.09579,99.80992,N,rainfall_1h
RES002,2026-07-03 03:30:00+07,3:30:00,489.548,อ่างเก็บน้ำแม่นาเรือ,19.09579,99.80992,N,water_level
RES002,2026-07-03 03:40:00+07,3:40:00,489.547,อ่างเก็บน้ำแม่นาเรือ,19.09579,99.80992,N,water_level
RES002,2026-07-03 03:40:00+07,3:40:00,0,อ่างเก็บน้ำแม่นาเรือ,19.09579,99.80992,N,rainfall_1h
RES002,2026-07-03 03:50:00+07,3:50:00,489.547,อ่างเก็บน้ำแม่นาเรือ,19.09579,99.80992,N,water_level
RES002,2026-07-03 03:50:00+07,3:50:00,0,อ่างเก็บน้ำแม่นาเรือ,19.09579,99.80992,N,rainfall_1h
RES002,2026-07-03 04:00:00+07,4:00:00,489.547,อ่างเก็บน้ำแม่นาเรือ,19.09579,99.80992,N,water_level
RES002,2026-07-03 04:00:00+07,4:00:00,0,อ่างเก็บน้ำแม่นาเรือ,19.09579,99.80992,N,rainfall_1h
RES002,2026-07-03 04:10:00+07,4:10:00,489.547,อ่างเก็บน้ำแม่นาเรือ,19.09579,99.80992,N,water_level
RES002,2026-07-03 04:10:00+07,4:10:00,0,อ่างเก็บน้ำแม่นาเรือ,19.09579,99.80992,N,rainfall_1h
RES002,2026-07-03 04:20:00+07,4:20:00,0,อ่างเก็บน้ำแม่นาเรือ,19.09579,99.80992,N,rainfall_1h
RES002,2026-07-03 04:20:00+07,4:20:00,489.547,อ่างเก็บน้ำแม่นาเรือ,19.09579,99.80992,N,water_level
RES002,2026-07-03 04:30:00+07,4:30:00,0,อ่างเก็บน้ำแม่นาเรือ,19.09579,99.80992,N,rainfall_1h
RES002,2026-07-03 04:30:00+07,4:30:00,489.54,อ่างเก็บน้ำแม่นาเรือ,19.09579,99.80992,N,water_level
RES002,2026-07-03 04:40:00+07,4:40:00,0,อ่างเก็บน้ำแม่นาเรือ,19.09579,99.80992,N,rainfall_1h
RES002,2026-07-03 04:40:00+07,4:40:00,489.54,อ่างเก็บน้ำแม่นาเรือ,19.09579,99.80992,N,water_level
RES002,2026-07-03 04:50:00+07,4:50:00,0,อ่างเก็บน้ำแม่นาเรือ,19.09579,99.80992,N,rainfall_1h
RES002,2026-07-03 04:50:00+07,4:50:00,489.54,อ่างเก็บน้ำแม่นาเรือ,19.09579,99.80992,N,water_level
RES002,2026-07-03 05:00:00+07,5:00:00,489.54,อ่างเก็บน้ำแม่นาเรือ,19.09579,99.80992,N,water_level
RES002,2026-07-03 05:00:00+07,5:00:00,0,อ่างเก็บน้ำแม่นาเรือ,19.09579,99.80992,N,rainfall_1h
RES002,2026-07-03 05:10:00+07,5:10:00,489.54,อ่างเก็บน้ำแม่นาเรือ,19.09579,99.80992,N,water_level
RES002,2026-07-03 05:10:00+07,5:10:00,0,อ่างเก็บน้ำแม่นาเรือ,19.09579,99.80992,N,rainfall_1h
RES002,2026-07-03 05:20:00+07,5:20:00,0,อ่างเก็บน้ำแม่นาเรือ,19.09579,99.80992,N,rainfall_1h
RES002,2026-07-03 05:20:00+07,5:20:00,489.54,อ่างเก็บน้ำแม่นาเรือ,19.09579,99.80992,N,water_level
RES002,2026-07-03 05:30:00+07,5:30:00,489.54,อ่างเก็บน้ำแม่นาเรือ,19.09579,99.80992,N,water_level
RES002,2026-07-03 05:30:00+07,5:30:00,0,อ่างเก็บน้ำแม่นาเรือ,19.09579,99.80992,N,rainfall_1h
RES002,2026-07-03 05:40:00+07,5:40:00,0,อ่างเก็บน้ำแม่นาเรือ,19.09579,99.80992,N,rainfall_1h
RES002,2026-07-03 05:40:00+07,5:40:00,489.54,อ่างเก็บน้ำแม่นาเรือ,19.09579,99.80992,N,water_level
RES002,2026-07-03 05:50:00+07,5:50:00,0,อ่างเก็บน้ำแม่นาเรือ,19.09579,99.80992,N,rainfall_1h
RES002,2026-07-03 05:50:00+07,5:50:00,489.54,อ่างเก็บน้ำแม่นาเรือ,19.09579,99.80992,N,water_level
RES002,2026-07-03 06:00:00+07,6:00:00,0,อ่างเก็บน้ำแม่นาเรือ,19.09579,99.80992,N,rainfall_1h
RES002,2026-07-03 06:00:00+07,6:00:00,489.54,อ่างเก็บน้ำแม่นาเรือ,19.09579,99.80992,N,water_level
RES002,2026-07-03 06:10:00+07,6:10:00,489.54,อ่างเก็บน้ำแม่นาเรือ,19.09579,99.80992,N,water_level
RES002,2026-07-03 06:10:00+07,6:10:00,0,อ่างเก็บน้ำแม่นาเรือ,19.09579,99.80992,N,rainfall_1h
RES002,2026-07-03 06:20:00+07,6:20:00,489.54,อ่างเก็บน้ำแม่นาเรือ,19.09579,99.80992,N,water_level
RES002,2026-07-03 06:20:00+07,6:20:00,0,อ่างเก็บน้ำแม่นาเรือ,19.09579,99.80992,N,rainfall_1h
RES002,2026-07-03 06:30:00+07,6:30:00,0,อ่างเก็บน้ำแม่นาเรือ,19.09579,99.80992,N,rainfall_1h
RES002,2026-07-03 06:30:00+07,6:30:00,489.54,อ่างเก็บน้ำแม่นาเรือ,19.09579,99.80992,N,water_level
RES002,2026-07-03 06:40:00+07,6:40:00,0,อ่างเก็บน้ำแม่นาเรือ,19.09579,99.80992,N,rainfall_1h
RES002,2026-07-03 06:40:00+07,6:40:00,489.54,อ่างเก็บน้ำแม่นาเรือ,19.09579,99.80992,N,water_level
RES002,2026-07-03 06:50:00+07,6:50:00,0,อ่างเก็บน้ำแม่นาเรือ,19.09579,99.80992,N,rainfall_1h
RES002,2026-07-03 06:50:00+07,6:50:00,489.54,อ่างเก็บน้ำแม่นาเรือ,19.09579,99.80992,N,water_level
RES002,2026-07-03 07:00:00+07,7:00:00,0,อ่างเก็บน้ำแม่นาเรือ,19.09579,99.80992,N,rainfall_1h
RES002,2026-07-03 07:00:00+07,7:00:00,489.533,อ่างเก็บน้ำแม่นาเรือ,19.09579,99.80992,N,water_level
RES002,2026-07-03 07:10:00+07,7:10:00,489.533,อ่างเก็บน้ำแม่นาเรือ,19.09579,99.80992,N,water_level
RES002,2026-07-03 07:10:00+07,7:10:00,0,อ่างเก็บน้ำแม่นาเรือ,19.09579,99.80992,N,rainfall_1h
RES002,2026-07-03 07:20:00+07,7:20:00,489.533,อ่างเก็บน้ำแม่นาเรือ,19.09579,99.80992,N,water_level
RES002,2026-07-03 07:20:00+07,7:20:00,0,อ่างเก็บน้ำแม่นาเรือ,19.09579,99.80992,N,rainfall_1h
RES002,2026-07-03 07:30:00+07,7:30:00,0,อ่างเก็บน้ำแม่นาเรือ,19.09579,99.80992,N,rainfall_1h
RES002,2026-07-03 07:30:00+07,7:30:00,489.54,อ่างเก็บน้ำแม่นาเรือ,19.09579,99.80992,N,water_level
RES002,2026-07-03 07:40:00+07,7:40:00,0,อ่างเก็บน้ำแม่นาเรือ,19.09579,99.80992,N,rainfall_1h
RES002,2026-07-03 07:40:00+07,7:40:00,489.533,อ่างเก็บน้ำแม่นาเรือ,19.09579,99.80992,N,water_level
RES002,2026-07-03 07:50:00+07,7:50:00,489.535,อ่างเก็บน้ำแม่นาเรือ,19.09579,99.80992,N,water_level
RES002,2026-07-03 07:50:00+07,7:50:00,0,อ่างเก็บน้ำแม่นาเรือ,19.09579,99.80992,N,rainfall_1h
RES002,2026-07-03 08:00:00+07,8:00:00,0,อ่างเก็บน้ำแม่นาเรือ,19.09579,99.80992,N,rainfall_1h
RES002,2026-07-03 08:00:00+07,8:00:00,489.533,อ่างเก็บน้ำแม่นาเรือ,19.09579,99.80992,N,water_level
RES002,2026-07-03 08:10:00+07,8:10:00,0,อ่างเก็บน้ำแม่นาเรือ,19.09579,99.80992,N,rainfall_1h
RES002,2026-07-03 08:10:00+07,8:10:00,489.533,อ่างเก็บน้ำแม่นาเรือ,19.09579,99.80992,N,water_level
RES002,2026-07-03 08:20:00+07,8:20:00,489.532,อ่างเก็บน้ำแม่นาเรือ,19.09579,99.80992,N,water_level
RES002,2026-07-03 08:20:00+07,8:20:00,0,อ่างเก็บน้ำแม่นาเรือ,19.09579,99.80992,N,rainfall_1h
RES002,2026-07-03 08:30:00+07,8:30:00,0,อ่างเก็บน้ำแม่นาเรือ,19.09579,99.80992,N,rainfall_1h
RES002,2026-07-03 08:30:00+07,8:30:00,489.532,อ่างเก็บน้ำแม่นาเรือ,19.09579,99.80992,N,water_level
RES002,2026-07-03 08:40:00+07,8:40:00,0,อ่างเก็บน้ำแม่นาเรือ,19.09579,99.80992,N,rainfall_1h
RES002,2026-07-03 08:40:00+07,8:40:00,489.532,อ่างเก็บน้ำแม่นาเรือ,19.09579,99.80992,N,water_level
RES002,2026-07-03 08:50:00+07,8:50:00,0,อ่างเก็บน้ำแม่นาเรือ,19.09579,99.80992,N,rainfall_1h
RES002,2026-07-03 08:50:00+07,8:50:00,489.533,อ่างเก็บน้ำแม่นาเรือ,19.09579,99.80992,N,water_level
RES002,2026-07-03 09:00:00+07,9:00:00,489.526,อ่างเก็บน้ำแม่นาเรือ,19.09579,99.80992,N,water_level
RES002,2026-07-03 09:00:00+07,9:00:00,0,อ่างเก็บน้ำแม่นาเรือ,19.09579,99.80992,N,rainfall_1h
RES002,2026-07-03 09:10:00+07,9:10:00,489.526,อ่างเก็บน้ำแม่นาเรือ,19.09579,99.80992,N,water_level
RES002,2026-07-03 09:10:00+07,9:10:00,0,อ่างเก็บน้ำแม่นาเรือ,19.09579,99.80992,N,rainfall_1h
RES002,2026-07-03 09:20:00+07,9:20:00,0,อ่างเก็บน้ำแม่นาเรือ,19.09579,99.80992,N,rainfall_1h
RES002,2026-07-03 09:20:00+07,9:20:00,489.533,อ่างเก็บน้ำแม่นาเรือ,19.09579,99.80992,N,water_level
RES002,2026-07-03 09:30:00+07,9:30:00,0,อ่างเก็บน้ำแม่นาเรือ,19.09579,99.80992,N,rainfall_1h
RES002,2026-07-03 09:30:00+07,9:30:00,489.533,อ่างเก็บน้ำแม่นาเรือ,19.09579,99.80992,N,water_level
RES002,2026-07-03 09:40:00+07,9:40:00,489.533,อ่างเก็บน้ำแม่นาเรือ,19.09579,99.80992,N,water_level
RES002,2026-07-03 09:40:00+07,9:40:00,0,อ่างเก็บน้ำแม่นาเรือ,19.09579,99.80992,N,rainfall_1h
RES002,2026-07-03 09:50:00+07,9:50:00,489.533,อ่างเก็บน้ำแม่นาเรือ,19.09579,99.80992,N,water_level
RES002,2026-07-03 09:50:00+07,9:50:00,0,อ่างเก็บน้ำแม่นาเรือ,19.09579,99.80992,N,rainfall_1h
RES002,2026-07-03 10:00:00+07,10:00:00,489.532,อ่างเก็บน้ำแม่นาเรือ,19.09579,99.80992,N,water_level
RES002,2026-07-03 10:00:00+07,10:00:00,0,อ่างเก็บน้ำแม่นาเรือ,19.09579,99.80992,N,rainfall_1h
RES002,2026-07-03 10:10:00+07,10:10:00,0,อ่างเก็บน้ำแม่นาเรือ,19.09579,99.80992,N,rainfall_1h
RES002,2026-07-03 10:10:00+07,10:10:00,489.52,อ่างเก็บน้ำแม่นาเรือ,19.09579,99.80992,N,water_level
RES002,2026-07-03 10:20:00+07,10:20:00,0,อ่างเก็บน้ำแม่นาเรือ,19.09579,99.80992,N,rainfall_1h
RES002,2026-07-03 10:20:00+07,10:20:00,489.519,อ่างเก็บน้ำแม่นาเรือ,19.09579,99.80992,N,water_level
RES002,2026-07-03 10:30:00+07,10:30:00,489.519,อ่างเก็บน้ำแม่นาเรือ,19.09579,99.80992,N,water_level
RES002,2026-07-03 10:30:00+07,10:30:00,0,อ่างเก็บน้ำแม่นาเรือ,19.09579,99.80992,N,rainfall_1h
RES002,2026-07-03 10:40:00+07,10:40:00,489.513,อ่างเก็บน้ำแม่นาเรือ,19.09579,99.80992,N,water_level
RES002,2026-07-03 10:40:00+07,10:40:00,0,อ่างเก็บน้ำแม่นาเรือ,19.09579,99.80992,N,rainfall_1h
RES002,2026-07-03 10:50:00+07,10:50:00,489.513,อ่างเก็บน้ำแม่นาเรือ,19.09579,99.80992,N,water_level
RES002,2026-07-03 10:50:00+07,10:50:00,0,อ่างเก็บน้ำแม่นาเรือ,19.09579,99.80992,N,rainfall_1h
RES002,2026-07-03 11:00:00+07,11:00:00,489.507,อ่างเก็บน้ำแม่นาเรือ,19.09579,99.80992,N,water_level
RES002,2026-07-03 11:00:00+07,11:00:00,0,อ่างเก็บน้ำแม่นาเรือ,19.09579,99.80992,N,rainfall_1h
RES002,2026-07-03 11:10:00+07,11:10:00,489.507,อ่างเก็บน้ำแม่นาเรือ,19.09579,99.80992,N,water_level
RES002,2026-07-03 11:10:00+07,11:10:00,0,อ่างเก็บน้ำแม่นาเรือ,19.09579,99.80992,N,rainfall_1h
RES002,2026-07-03 11:20:00+07,11:20:00,0,อ่างเก็บน้ำแม่นาเรือ,19.09579,99.80992,N,rainfall_1h
RES002,2026-07-03 11:20:00+07,11:20:00,489.507,อ่างเก็บน้ำแม่นาเรือ,19.09579,99.80992,N,water_level
RES002,2026-07-03 11:30:00+07,11:30:00,489.513,อ่างเก็บน้ำแม่นาเรือ,19.09579,99.80992,N,water_level
RES002,2026-07-03 11:30:00+07,11:30:00,0,อ่างเก็บน้ำแม่นาเรือ,19.09579,99.80992,N,rainfall_1h
RES002,2026-07-03 11:40:00+07,11:40:00,0,อ่างเก็บน้ำแม่นาเรือ,19.09579,99.80992,N,rainfall_1h
RES002,2026-07-03 11:40:00+07,11:40:00,489.513,อ่างเก็บน้ำแม่นาเรือ,19.09579,99.80992,N,water_level
RES002,2026-07-03 11:50:00+07,11:50:00,0,อ่างเก็บน้ำแม่นาเรือ,19.09579,99.80992,N,rainfall_1h
RES002,2026-07-03 11:50:00+07,11:50:00,489.513,อ่างเก็บน้ำแม่นาเรือ,19.09579,99.80992,N,water_level
RES002,2026-07-03 12:00:00+07,12:00:00,489.513,อ่างเก็บน้ำแม่นาเรือ,19.09579,99.80992,N,water_level
RES002,2026-07-03 12:00:00+07,12:00:00,0,อ่างเก็บน้ำแม่นาเรือ,19.09579,99.80992,N,rainfall_1h
RES002,2026-07-03 12:10:00+07,12:10:00,489.519,อ่างเก็บน้ำแม่นาเรือ,19.09579,99.80992,N,water_level
RES002,2026-07-03 12:10:00+07,12:10:00,0,อ่างเก็บน้ำแม่นาเรือ,19.09579,99.80992,N,rainfall_1h
RES002,2026-07-03 12:20:00+07,12:20:00,0,อ่างเก็บน้ำแม่นาเรือ,19.09579,99.80992,N,rainfall_1h
RES002,2026-07-03 12:20:00+07,12:20:00,489.513,อ่างเก็บน้ำแม่นาเรือ,19.09579,99.80992,N,water_level
RES002,2026-07-03 12:30:00+07,12:30:00,489.519,อ่างเก็บน้ำแม่นาเรือ,19.09579,99.80992,N,water_level
RES002,2026-07-03 12:30:00+07,12:30:00,0,อ่างเก็บน้ำแม่นาเรือ,19.09579,99.80992,N,rainfall_1h
RES002,2026-07-03 12:40:00+07,12:40:00,0,อ่างเก็บน้ำแม่นาเรือ,19.09579,99.80992,N,rainfall_1h
RES002,2026-07-03 12:40:00+07,12:40:00,489.506,อ่างเก็บน้ำแม่นาเรือ,19.09579,99.80992,N,water_level
RES002,2026-07-03 12:50:00+07,12:50:00,0,อ่างเก็บน้ำแม่นาเรือ,19.09579,99.80992,N,rainfall_1h
RES002,2026-07-03 12:50:00+07,12:50:00,489.519,อ่างเก็บน้ำแม่นาเรือ,19.09579,99.80992,N,water_level
RES002,2026-07-03 13:00:00+07,13:00:00,489.513,อ่างเก็บน้ำแม่นาเรือ,19.09579,99.80992,N,water_level
RES002,2026-07-03 13:00:00+07,13:00:00,0,อ่างเก็บน้ำแม่นาเรือ,19.09579,99.80992,N,rainfall_1h
RES002,2026-07-03 13:10:00+07,13:10:00,0,อ่างเก็บน้ำแม่นาเรือ,19.09579,99.80992,N,rainfall_1h
RES002,2026-07-03 13:10:00+07,13:10:00,489.519,อ่างเก็บน้ำแม่นาเรือ,19.09579,99.80992,N,water_level
RES002,2026-07-03 13:20:00+07,13:20:00,489.513,อ่างเก็บน้ำแม่นาเรือ,19.09579,99.80992,N,water_level
RES002,2026-07-03 13:20:00+07,13:20:00,0,อ่างเก็บน้ำแม่นาเรือ,19.09579,99.80992,N,rainfall_1h
RES002,2026-07-03 13:30:00+07,13:30:00,489.513,อ่างเก็บน้ำแม่นาเรือ,19.09579,99.80992,N,water_level
RES002,2026-07-03 13:30:00+07,13:30:00,0,อ่างเก็บน้ำแม่นาเรือ,19.09579,99.80992,N,rainfall_1h
RES002,2026-07-03 13:40:00+07,13:40:00,0,อ่างเก็บน้ำแม่นาเรือ,19.09579,99.80992,N,rainfall_1h
RES002,2026-07-03 13:40:00+07,13:40:00,489.513,อ่างเก็บน้ำแม่นาเรือ,19.09579,99.80992,N,water_level
RES002,2026-07-03 13:50:00+07,13:50:00,489.513,อ่างเก็บน้ำแม่นาเรือ,19.09579,99.80992,N,water_level
RES002,2026-07-03 13:50:00+07,13:50:00,0.2,อ่างเก็บน้ำแม่นาเรือ,19.09579,99.80992,N,rainfall_1h
RES002,2026-07-03 14:00:00+07,14:00:00,0.2,อ่างเก็บน้ำแม่นาเรือ,19.09579,99.80992,N,rainfall_1h
RES002,2026-07-03 14:00:00+07,14:00:00,489.513,อ่างเก็บน้ำแม่นาเรือ,19.09579,99.80992,N,water_level
RES002,2026-07-03 14:10:00+07,14:10:00,0,อ่างเก็บน้ำแม่นาเรือ,19.09579,99.80992,N,rainfall_1h
RES002,2026-07-03 14:10:00+07,14:10:00,489.513,อ่างเก็บน้ำแม่นาเรือ,19.09579,99.80992,N,water_level
RES002,2026-07-03 14:20:00+07,14:20:00,489.513,อ่างเก็บน้ำแม่นาเรือ,19.09579,99.80992,N,water_level
RES002,2026-07-03 14:20:00+07,14:20:00,0.4,อ่างเก็บน้ำแม่นาเรือ,19.09579,99.80992,N,rainfall_1h
RES002,2026-07-03 14:30:00+07,14:30:00,0.6,อ่างเก็บน้ำแม่นาเรือ,19.09579,99.80992,N,rainfall_1h
RES002,2026-07-03 14:30:00+07,14:30:00,489.513,อ่างเก็บน้ำแม่นาเรือ,19.09579,99.80992,N,water_level
RES002,2026-07-03 14:40:00+07,14:40:00,0.6,อ่างเก็บน้ำแม่นาเรือ,19.09579,99.80992,N,rainfall_1h
RES002,2026-07-03 14:40:00+07,14:40:00,489.513,อ่างเก็บน้ำแม่นาเรือ,19.09579,99.80992,N,water_level
RES002,2026-07-03 14:50:00+07,14:50:00,0.6,อ่างเก็บน้ำแม่นาเรือ,19.09579,99.80992,N,rainfall_1h
RES002,2026-07-03 14:50:00+07,14:50:00,489.513,อ่างเก็บน้ำแม่นาเรือ,19.09579,99.80992,N,water_level
RES002,2026-07-03 15:00:00+07,15:00:00,489.513,อ่างเก็บน้ำแม่นาเรือ,19.09579,99.80992,N,water_level
RES002,2026-07-03 15:00:00+07,15:00:00,0.6,อ่างเก็บน้ำแม่นาเรือ,19.09579,99.80992,N,rainfall_1h
RES002,2026-07-03 15:10:00+07,15:10:00,489.52,อ่างเก็บน้ำแม่นาเรือ,19.09579,99.80992,N,water_level
RES002,2026-07-03 15:10:00+07,15:10:00,0,อ่างเก็บน้ำแม่นาเรือ,19.09579,99.80992,N,rainfall_1h
RES002,2026-07-03 15:20:00+07,15:20:00,0,อ่างเก็บน้ำแม่นาเรือ,19.09579,99.80992,N,rainfall_1h
RES002,2026-07-03 15:20:00+07,15:20:00,489.52,อ่างเก็บน้ำแม่นาเรือ,19.09579,99.80992,N,water_level
RES002,2026-07-03 15:30:00+07,15:30:00,489.52,อ่างเก็บน้ำแม่นาเรือ,19.09579,99.80992,N,water_level
RES002,2026-07-03 15:30:00+07,15:30:00,0,อ่างเก็บน้ำแม่นาเรือ,19.09579,99.80992,N,rainfall_1h
RES002,2026-07-03 15:40:00+07,15:40:00,0.6,อ่างเก็บน้ำแม่นาเรือ,19.09579,99.80992,N,rainfall_1h
RES002,2026-07-03 15:40:00+07,15:40:00,489.52,อ่างเก็บน้ำแม่นาเรือ,19.09579,99.80992,N,water_level
RES002,2026-07-03 15:50:00+07,15:50:00,489.52,อ่างเก็บน้ำแม่นาเรือ,19.09579,99.80992,N,water_level
RES002,2026-07-03 15:50:00+07,15:50:00,0.8,อ่างเก็บน้ำแม่นาเรือ,19.09579,99.80992,N,rainfall_1h
RES002,2026-07-03 16:00:00+07,16:00:00,2.6,อ่างเก็บน้ำแม่นาเรือ,19.09579,99.80992,N,rainfall_1h
RES002,2026-07-03 16:00:00+07,16:00:00,489.52,อ่างเก็บน้ำแม่นาเรือ,19.09579,99.80992,N,water_level
RES002,2026-07-03 16:10:00+07,16:10:00,489.527,อ่างเก็บน้ำแม่นาเรือ,19.09579,99.80992,N,water_level
RES002,2026-07-03 16:10:00+07,16:10:00,2.8,อ่างเก็บน้ำแม่นาเรือ,19.09579,99.80992,N,rainfall_1h
RES002,2026-07-03 16:20:00+07,16:20:00,5.6,อ่างเก็บน้ำแม่นาเรือ,19.09579,99.80992,N,rainfall_1h
RES002,2026-07-03 16:20:00+07,16:20:00,489.526,อ่างเก็บน้ำแม่นาเรือ,19.09579,99.80992,N,water_level
RES002,2026-07-03 16:30:00+07,16:30:00,489.533,อ่างเก็บน้ำแม่นาเรือ,19.09579,99.80992,N,water_level
RES002,2026-07-03 16:30:00+07,16:30:00,5.8,อ่างเก็บน้ำแม่นาเรือ,19.09579,99.80992,N,rainfall_1h
RES002,2026-07-03 16:40:00+07,16:40:00,5.8,อ่างเก็บน้ำแม่นาเรือ,19.09579,99.80992,N,rainfall_1h
RES002,2026-07-03 16:40:00+07,16:40:00,489.526,อ่างเก็บน้ำแม่นาเรือ,19.09579,99.80992,N,water_level
RES002,2026-07-03 16:50:00+07,16:50:00,489.526,อ่างเก็บน้ำแม่นาเรือ,19.09579,99.80992,N,water_level
RES002,2026-07-03 16:50:00+07,16:50:00,6.4,อ่างเก็บน้ำแม่นาเรือ,19.09579,99.80992,N,rainfall_1h
RES002,2026-07-03 17:00:00+07,17:00:00,11,อ่างเก็บน้ำแม่นาเรือ,19.09579,99.80992,N,rainfall_1h
RES002,2026-07-03 17:00:00+07,17:00:00,489.526,อ่างเก็บน้ำแม่นาเรือ,19.09579,99.80992,N,water_level
RES002,2026-07-03 17:10:00+07,17:10:00,0.6,อ่างเก็บน้ำแม่นาเรือ,19.09579,99.80992,N,rainfall_1h
RES002,2026-07-03 17:10:00+07,17:10:00,489.533,อ่างเก็บน้ำแม่นาเรือ,19.09579,99.80992,N,water_level
RES002,2026-07-03 17:20:00+07,17:20:00,489.52,อ่างเก็บน้ำแม่นาเรือ,19.09579,99.80992,N,water_level
RES002,2026-07-03 17:20:00+07,17:20:00,0.8,อ่างเก็บน้ำแม่นาเรือ,19.09579,99.80992,N,rainfall_1h
RES002,2026-07-03 17:30:00+07,17:30:00,0.8,อ่างเก็บน้ำแม่นาเรือ,19.09579,99.80992,N,rainfall_1h
RES002,2026-07-03 17:30:00+07,17:30:00,489.52,อ่างเก็บน้ำแม่นาเรือ,19.09579,99.80992,N,water_level
RES002,2026-07-03 17:40:00+07,17:40:00,0.8,อ่างเก็บน้ำแม่นาเรือ,19.09579,99.80992,N,rainfall_1h
RES002,2026-07-03 17:40:00+07,17:40:00,489.52,อ่างเก็บน้ำแม่นาเรือ,19.09579,99.80992,N,water_level
RES002,2026-07-03 17:50:00+07,17:50:00,489.526,อ่างเก็บน้ำแม่นาเรือ,19.09579,99.80992,N,water_level
RES002,2026-07-03 17:50:00+07,17:50:00,0.8,อ่างเก็บน้ำแม่นาเรือ,19.09579,99.80992,N,rainfall_1h
RES002,2026-07-03 18:00:00+07,18:00:00,489.532,อ่างเก็บน้ำแม่นาเรือ,19.09579,99.80992,N,water_level
RES002,2026-07-03 18:00:00+07,18:00:00,0.8,อ่างเก็บน้ำแม่นาเรือ,19.09579,99.80992,N,rainfall_1h
RES002,2026-07-03 18:10:00+07,18:10:00,0,อ่างเก็บน้ำแม่นาเรือ,19.09579,99.80992,N,rainfall_1h
RES002,2026-07-03 18:10:00+07,18:10:00,489.533,อ่างเก็บน้ำแม่นาเรือ,19.09579,99.80992,N,water_level
RES002,2026-07-03 18:20:00+07,18:20:00,489.533,อ่างเก็บน้ำแม่นาเรือ,19.09579,99.80992,N,water_level
RES002,2026-07-03 18:20:00+07,18:20:00,0,อ่างเก็บน้ำแม่นาเรือ,19.09579,99.80992,N,rainfall_1h
RES002,2026-07-03 18:30:00+07,18:30:00,0,อ่างเก็บน้ำแม่นาเรือ,19.09579,99.80992,N,rainfall_1h
RES002,2026-07-03 18:30:00+07,18:30:00,489.526,อ่างเก็บน้ำแม่นาเรือ,19.09579,99.80992,N,water_level
RES002,2026-07-03 18:40:00+07,18:40:00,0,อ่างเก็บน้ำแม่นาเรือ,19.09579,99.80992,N,rainfall_1h
RES002,2026-07-03 18:40:00+07,18:40:00,489.533,อ่างเก็บน้ำแม่นาเรือ,19.09579,99.80992,N,water_level
RES002,2026-07-03 18:50:00+07,18:50:00,489.533,อ่างเก็บน้ำแม่นาเรือ,19.09579,99.80992,N,water_level
RES002,2026-07-03 18:50:00+07,18:50:00,0,อ่างเก็บน้ำแม่นาเรือ,19.09579,99.80992,N,rainfall_1h
RES002,2026-07-03 19:00:00+07,19:00:00,0,อ่างเก็บน้ำแม่นาเรือ,19.09579,99.80992,N,rainfall_1h
RES002,2026-07-03 19:00:00+07,19:00:00,489.533,อ่างเก็บน้ำแม่นาเรือ,19.09579,99.80992,N,water_level
RES002,2026-07-03 19:10:00+07,19:10:00,0,อ่างเก็บน้ำแม่นาเรือ,19.09579,99.80992,N,rainfall_1h
RES002,2026-07-03 19:10:00+07,19:10:00,489.533,อ่างเก็บน้ำแม่นาเรือ,19.09579,99.80992,N,water_level
RES002,2026-07-03 19:20:00+07,19:20:00,489.533,อ่างเก็บน้ำแม่นาเรือ,19.09579,99.80992,N,water_level
RES002,2026-07-03 19:20:00+07,19:20:00,0,อ่างเก็บน้ำแม่นาเรือ,19.09579,99.80992,N,rainfall_1h
RES002,2026-07-03 19:30:00+07,19:30:00,489.533,อ่างเก็บน้ำแม่นาเรือ,19.09579,99.80992,N,water_level
RES002,2026-07-03 19:30:00+07,19:30:00,0,อ่างเก็บน้ำแม่นาเรือ,19.09579,99.80992,N,rainfall_1h
RES002,2026-07-03 19:40:00+07,19:40:00,0,อ่างเก็บน้ำแม่นาเรือ,19.09579,99.80992,N,rainfall_1h
RES002,2026-07-03 19:40:00+07,19:40:00,489.533,อ่างเก็บน้ำแม่นาเรือ,19.09579,99.80992,N,water_level
RES002,2026-07-03 19:50:00+07,19:50:00,0,อ่างเก็บน้ำแม่นาเรือ,19.09579,99.80992,N,rainfall_1h
RES002,2026-07-03 19:50:00+07,19:50:00,489.533,อ่างเก็บน้ำแม่นาเรือ,19.09579,99.80992,N,water_level
RES002,2026-07-03 20:00:00+07,20:00:00,489.534,อ่างเก็บน้ำแม่นาเรือ,19.09579,99.80992,N,water_level
RES002,2026-07-03 20:00:00+07,20:00:00,0,อ่างเก็บน้ำแม่นาเรือ,19.09579,99.80992,N,rainfall_1h
RES002,2026-07-03 20:10:00+07,20:10:00,0,อ่างเก็บน้ำแม่นาเรือ,19.09579,99.80992,N,rainfall_1h
RES002,2026-07-03 20:10:00+07,20:10:00,489.534,อ่างเก็บน้ำแม่นาเรือ,19.09579,99.80992,N,water_level
RES002,2026-07-03 20:20:00+07,20:20:00,0,อ่างเก็บน้ำแม่นาเรือ,19.09579,99.80992,N,rainfall_1h
RES002,2026-07-03 20:20:00+07,20:20:00,489.533,อ่างเก็บน้ำแม่นาเรือ,19.09579,99.80992,N,water_level
RES002,2026-07-03 20:30:00+07,20:30:00,0,อ่างเก็บน้ำแม่นาเรือ,19.09579,99.80992,N,rainfall_1h
RES002,2026-07-03 20:30:00+07,20:30:00,489.533,อ่างเก็บน้ำแม่นาเรือ,19.09579,99.80992,N,water_level
RES002,2026-07-03 20:40:00+07,20:40:00,489.533,อ่างเก็บน้ำแม่นาเรือ,19.09579,99.80992,N,water_level
RES002,2026-07-03 20:40:00+07,20:40:00,0,อ่างเก็บน้ำแม่นาเรือ,19.09579,99.80992,N,rainfall_1h
RES002,2026-07-03 20:50:00+07,20:50:00,0,อ่างเก็บน้ำแม่นาเรือ,19.09579,99.80992,N,rainfall_1h
RES002,2026-07-03 20:50:00+07,20:50:00,489.533,อ่างเก็บน้ำแม่นาเรือ,19.09579,99.80992,N,water_level
RES002,2026-07-03 21:00:00+07,21:00:00,489.534,อ่างเก็บน้ำแม่นาเรือ,19.09579,99.80992,N,water_level
RES002,2026-07-03 21:00:00+07,21:00:00,0,อ่างเก็บน้ำแม่นาเรือ,19.09579,99.80992,N,rainfall_1h
RES002,2026-07-03 21:10:00+07,21:10:00,0,อ่างเก็บน้ำแม่นาเรือ,19.09579,99.80992,N,rainfall_1h
RES002,2026-07-03 21:10:00+07,21:10:00,489.533,อ่างเก็บน้ำแม่นาเรือ,19.09579,99.80992,N,water_level
RES002,2026-07-03 21:20:00+07,21:20:00,489.533,อ่างเก็บน้ำแม่นาเรือ,19.09579,99.80992,N,water_level
RES002,2026-07-03 21:20:00+07,21:20:00,0,อ่างเก็บน้ำแม่นาเรือ,19.09579,99.80992,N,rainfall_1h
RES002,2026-07-03 21:30:00+07,21:30:00,0,อ่างเก็บน้ำแม่นาเรือ,19.09579,99.80992,N,rainfall_1h
RES002,2026-07-03 21:30:00+07,21:30:00,489.533,อ่างเก็บน้ำแม่นาเรือ,19.09579,99.80992,N,water_level
RES002,2026-07-03 21:40:00+07,21:40:00,0,อ่างเก็บน้ำแม่นาเรือ,19.09579,99.80992,N,rainfall_1h
RES002,2026-07-03 21:40:00+07,21:40:00,489.534,อ่างเก็บน้ำแม่นาเรือ,19.09579,99.80992,N,water_level
RES002,2026-07-03 21:50:00+07,21:50:00,0,อ่างเก็บน้ำแม่นาเรือ,19.09579,99.80992,N,rainfall_1h
RES002,2026-07-03 21:50:00+07,21:50:00,489.533,อ่างเก็บน้ำแม่นาเรือ,19.09579,99.80992,N,water_level
RES002,2026-07-03 22:00:00+07,22:00:00,0,อ่างเก็บน้ำแม่นาเรือ,19.09579,99.80992,N,rainfall_1h
RES002,2026-07-03 22:00:00+07,22:00:00,489.533,อ่างเก็บน้ำแม่นาเรือ,19.09579,99.80992,N,water_level
RES002,2026-07-03 22:10:00+07,22:10:00,489.534,อ่างเก็บน้ำแม่นาเรือ,19.09579,99.80992,N,water_level
RES002,2026-07-03 22:10:00+07,22:10:00,0,อ่างเก็บน้ำแม่นาเรือ,19.09579,99.80992,N,rainfall_1h
RES002,2026-07-03 22:20:00+07,22:20:00,489.534,อ่างเก็บน้ำแม่นาเรือ,19.09579,99.80992,N,water_level
RES002,2026-07-03 22:20:00+07,22:20:00,0,อ่างเก็บน้ำแม่นาเรือ,19.09579,99.80992,N,rainfall_1h
RES002,2026-07-03 22:30:00+07,22:30:00,0,อ่างเก็บน้ำแม่นาเรือ,19.09579,99.80992,N,rainfall_1h
RES002,2026-07-03 22:30:00+07,22:30:00,489.526,อ่างเก็บน้ำแม่นาเรือ,19.09579,99.80992,N,water_level
RES002,2026-07-03 22:40:00+07,22:40:00,489.534,อ่างเก็บน้ำแม่นาเรือ,19.09579,99.80992,N,water_level
RES002,2026-07-03 22:40:00+07,22:40:00,0,อ่างเก็บน้ำแม่นาเรือ,19.09579,99.80992,N,rainfall_1h
RES002,2026-07-03 22:50:00+07,22:50:00,0,อ่างเก็บน้ำแม่นาเรือ,19.09579,99.80992,N,rainfall_1h
RES002,2026-07-03 22:50:00+07,22:50:00,489.526,อ่างเก็บน้ำแม่นาเรือ,19.09579,99.80992,N,water_level
RES002,2026-07-03 23:00:00+07,23:00:00,0,อ่างเก็บน้ำแม่นาเรือ,19.09579,99.80992,N,rainfall_1h
RES002,2026-07-03 23:00:00+07,23:00:00,489.526,อ่างเก็บน้ำแม่นาเรือ,19.09579,99.80992,N,water_level
RES002,2026-07-03 23:10:00+07,23:10:00,0,อ่างเก็บน้ำแม่นาเรือ,19.09579,99.80992,N,rainfall_1h
RES002,2026-07-03 23:10:00+07,23:10:00,489.534,อ่างเก็บน้ำแม่นาเรือ,19.09579,99.80992,N,water_level
RES002,2026-07-03 23:20:00+07,23:20:00,489.534,อ่างเก็บน้ำแม่นาเรือ,19.09579,99.80992,N,water_level
RES002,2026-07-03 23:20:00+07,23:20:00,0,อ่างเก็บน้ำแม่นาเรือ,19.09579,99.80992,N,rainfall_1h
RES002,2026-07-03 23:30:00+07,23:30:00,489.534,อ่างเก็บน้ำแม่นาเรือ,19.09579,99.80992,N,water_level
RES002,2026-07-03 23:30:00+07,23:30:00,0,อ่างเก็บน้ำแม่นาเรือ,19.09579,99.80992,N,rainfall_1h
RES002,2026-07-03 23:40:00+07,23:40:00,0,อ่างเก็บน้ำแม่นาเรือ,19.09579,99.80992,N,rainfall_1h
RES002,2026-07-03 23:40:00+07,23:40:00,489.534,อ่างเก็บน้ำแม่นาเรือ,19.09579,99.80992,N,water_level
RES002,2026-07-03 23:50:00+07,23:50:00,0,อ่างเก็บน้ำแม่นาเรือ,19.09579,99.80992,N,rainfall_1h
RES002,2026-07-03 23:50:00+07,23:50:00,489.534,อ่างเก็บน้ำแม่นาเรือ,19.09579,99.80992,N,water_level
RES002,2026-07-04 00:00:00+07,0:00:00,0,อ่างเก็บน้ำแม่นาเรือ,19.09579,99.80992,N,rainfall_1h
RES002,2026-07-04 00:00:00+07,0:00:00,489.534,อ่างเก็บน้ำแม่นาเรือ,19.09579,99.80992,N,water_level
RES002,2026-07-04 00:10:00+07,0:10:00,0,อ่างเก็บน้ำแม่นาเรือ,19.09579,99.80992,N,rainfall_1h
RES002,2026-07-04 00:10:00+07,0:10:00,489.533,อ่างเก็บน้ำแม่นาเรือ,19.09579,99.80992,N,water_level
RES002,2026-07-04 00:20:00+07,0:20:00,0,อ่างเก็บน้ำแม่นาเรือ,19.09579,99.80992,N,rainfall_1h
RES002,2026-07-04 00:20:00+07,0:20:00,489.534,อ่างเก็บน้ำแม่นาเรือ,19.09579,99.80992,N,water_level
RES002,2026-07-04 00:30:00+07,0:30:00,489.533,อ่างเก็บน้ำแม่นาเรือ,19.09579,99.80992,N,water_level
RES002,2026-07-04 00:30:00+07,0:30:00,0,อ่างเก็บน้ำแม่นาเรือ,19.09579,99.80992,N,rainfall_1h
RES002,2026-07-04 00:40:00+07,0:40:00,489.534,อ่างเก็บน้ำแม่นาเรือ,19.09579,99.80992,N,water_level
RES002,2026-07-04 00:40:00+07,0:40:00,0,อ่างเก็บน้ำแม่นาเรือ,19.09579,99.80992,N,rainfall_1h
RES002,2026-07-04 00:50:00+07,0:50:00,489.526,อ่างเก็บน้ำแม่นาเรือ,19.09579,99.80992,N,water_level
RES002,2026-07-04 00:50:00+07,0:50:00,0,อ่างเก็บน้ำแม่นาเรือ,19.09579,99.80992,N,rainfall_1h
RES002,2026-07-04 01:00:00+07,1:00:00,489.533,อ่างเก็บน้ำแม่นาเรือ,19.09579,99.80992,N,water_level
RES002,2026-07-04 01:00:00+07,1:00:00,0,อ่างเก็บน้ำแม่นาเรือ,19.09579,99.80992,N,rainfall_1h
RES002,2026-07-04 01:10:00+07,1:10:00,489.534,อ่างเก็บน้ำแม่นาเรือ,19.09579,99.80992,N,water_level
RES002,2026-07-04 01:10:00+07,1:10:00,0,อ่างเก็บน้ำแม่นาเรือ,19.09579,99.80992,N,rainfall_1h
RES002,2026-07-04 01:20:00+07,1:20:00,489.526,อ่างเก็บน้ำแม่นาเรือ,19.09579,99.80992,N,water_level
RES002,2026-07-04 01:20:00+07,1:20:00,0,อ่างเก็บน้ำแม่นาเรือ,19.09579,99.80992,N,rainfall_1h
RES002,2026-07-04 01:30:00+07,1:30:00,0,อ่างเก็บน้ำแม่นาเรือ,19.09579,99.80992,N,rainfall_1h
RES002,2026-07-04 01:30:00+07,1:30:00,489.534,อ่างเก็บน้ำแม่นาเรือ,19.09579,99.80992,N,water_level
RES002,2026-07-04 01:40:00+07,1:40:00,0,อ่างเก็บน้ำแม่นาเรือ,19.09579,99.80992,N,rainfall_1h
RES002,2026-07-04 01:40:00+07,1:40:00,489.534,อ่างเก็บน้ำแม่นาเรือ,19.09579,99.80992,N,water_level
RES002,2026-07-04 01:50:00+07,1:50:00,0,อ่างเก็บน้ำแม่นาเรือ,19.09579,99.80992,N,rainfall_1h
RES002,2026-07-04 01:50:00+07,1:50:00,489.526,อ่างเก็บน้ำแม่นาเรือ,19.09579,99.80992,N,water_level
RES002,2026-07-04 02:00:00+07,2:00:00,0,อ่างเก็บน้ำแม่นาเรือ,19.09579,99.80992,N,rainfall_1h
RES002,2026-07-04 02:00:00+07,2:00:00,489.534,อ่างเก็บน้ำแม่นาเรือ,19.09579,99.80992,N,water_level
RES002,2026-07-04 02:10:00+07,2:10:00,489.534,อ่างเก็บน้ำแม่นาเรือ,19.09579,99.80992,N,water_level
RES002,2026-07-04 02:10:00+07,2:10:00,0,อ่างเก็บน้ำแม่นาเรือ,19.09579,99.80992,N,rainfall_1h
RES002,2026-07-04 02:20:00+07,2:20:00,0,อ่างเก็บน้ำแม่นาเรือ,19.09579,99.80992,N,rainfall_1h
RES002,2026-07-04 02:20:00+07,2:20:00,489.526,อ่างเก็บน้ำแม่นาเรือ,19.09579,99.80992,N,water_level
RES002,2026-07-04 02:30:00+07,2:30:00,0,อ่างเก็บน้ำแม่นาเรือ,19.09579,99.80992,N,rainfall_1h
RES002,2026-07-04 02:30:00+07,2:30:00,489.526,อ่างเก็บน้ำแม่นาเรือ,19.09579,99.80992,N,water_level
RES002,2026-07-04 02:40:00+07,2:40:00,0,อ่างเก็บน้ำแม่นาเรือ,19.09579,99.80992,N,rainfall_1h
RES002,2026-07-04 02:40:00+07,2:40:00,489.526,อ่างเก็บน้ำแม่นาเรือ,19.09579,99.80992,N,water_level
RES002,2026-07-04 02:50:00+07,2:50:00,489.527,อ่างเก็บน้ำแม่นาเรือ,19.09579,99.80992,N,water_level
RES002,2026-07-04 02:50:00+07,2:50:00,0,อ่างเก็บน้ำแม่นาเรือ,19.09579,99.80992,N,rainfall_1h
RES002,2026-07-04 03:00:00+07,3:00:00,0,อ่างเก็บน้ำแม่นาเรือ,19.09579,99.80992,N,rainfall_1h
RES002,2026-07-04 03:00:00+07,3:00:00,489.526,อ่างเก็บน้ำแม่นาเรือ,19.09579,99.80992,N,water_level
RES002,2026-07-04 03:10:00+07,3:10:00,489.526,อ่างเก็บน้ำแม่นาเรือ,19.09579,99.80992,N,water_level
RES002,2026-07-04 03:10:00+07,3:10:00,0,อ่างเก็บน้ำแม่นาเรือ,19.09579,99.80992,N,rainfall_1h
RES002,2026-07-04 03:20:00+07,3:20:00,0,อ่างเก็บน้ำแม่นาเรือ,19.09579,99.80992,N,rainfall_1h
RES002,2026-07-04 03:20:00+07,3:20:00,489.527,อ่างเก็บน้ำแม่นาเรือ,19.09579,99.80992,N,water_level
RES002,2026-07-04 03:30:00+07,3:30:00,0,อ่างเก็บน้ำแม่นาเรือ,19.09579,99.80992,N,rainfall_1h
RES002,2026-07-04 03:30:00+07,3:30:00,489.526,อ่างเก็บน้ำแม่นาเรือ,19.09579,99.80992,N,water_level
RES002,2026-07-04 03:40:00+07,3:40:00,0,อ่างเก็บน้ำแม่นาเรือ,19.09579,99.80992,N,rainfall_1h
RES002,2026-07-04 03:40:00+07,3:40:00,489.52,อ่างเก็บน้ำแม่นาเรือ,19.09579,99.80992,N,water_level
RES002,2026-07-04 03:50:00+07,3:50:00,0,อ่างเก็บน้ำแม่นาเรือ,19.09579,99.80992,N,rainfall_1h
RES002,2026-07-04 03:50:00+07,3:50:00,489.52,อ่างเก็บน้ำแม่นาเรือ,19.09579,99.80992,N,water_level
RES002,2026-07-04 04:00:00+07,4:00:00,0,อ่างเก็บน้ำแม่นาเรือ,19.09579,99.80992,N,rainfall_1h
RES002,2026-07-04 04:00:00+07,4:00:00,489.526,อ่างเก็บน้ำแม่นาเรือ,19.09579,99.80992,N,water_level
RES002,2026-07-04 04:10:00+07,4:10:00,0,อ่างเก็บน้ำแม่นาเรือ,19.09579,99.80992,N,rainfall_1h
RES002,2026-07-04 04:10:00+07,4:10:00,489.526,อ่างเก็บน้ำแม่นาเรือ,19.09579,99.80992,N,water_level
RES002,2026-07-04 04:20:00+07,4:20:00,0,อ่างเก็บน้ำแม่นาเรือ,19.09579,99.80992,N,rainfall_1h
RES002,2026-07-04 04:20:00+07,4:20:00,489.52,อ่างเก็บน้ำแม่นาเรือ,19.09579,99.80992,N,water_level
RES002,2026-07-04 04:30:00+07,4:30:00,0,อ่างเก็บน้ำแม่นาเรือ,19.09579,99.80992,N,rainfall_1h
RES002,2026-07-04 04:30:00+07,4:30:00,489.52,อ่างเก็บน้ำแม่นาเรือ,19.09579,99.80992,N,water_level
RES002,2026-07-04 04:40:00+07,4:40:00,489.521,อ่างเก็บน้ำแม่นาเรือ,19.09579,99.80992,N,water_level
RES002,2026-07-04 04:40:00+07,4:40:00,0,อ่างเก็บน้ำแม่นาเรือ,19.09579,99.80992,N,rainfall_1h
RES002,2026-07-04 04:50:00+07,4:50:00,0,อ่างเก็บน้ำแม่นาเรือ,19.09579,99.80992,N,rainfall_1h
RES002,2026-07-04 04:50:00+07,4:50:00,489.52,อ่างเก็บน้ำแม่นาเรือ,19.09579,99.80992,N,water_level
RES002,2026-07-04 05:00:00+07,5:00:00,0,อ่างเก็บน้ำแม่นาเรือ,19.09579,99.80992,N,rainfall_1h
RES002,2026-07-04 05:00:00+07,5:00:00,489.52,อ่างเก็บน้ำแม่นาเรือ,19.09579,99.80992,N,water_level
RES002,2026-07-04 05:10:00+07,5:10:00,0,อ่างเก็บน้ำแม่นาเรือ,19.09579,99.80992,N,rainfall_1h
RES002,2026-07-04 05:10:00+07,5:10:00,489.52,อ่างเก็บน้ำแม่นาเรือ,19.09579,99.80992,N,water_level
RES002,2026-07-04 05:20:00+07,5:20:00,489.52,อ่างเก็บน้ำแม่นาเรือ,19.09579,99.80992,N,water_level
RES002,2026-07-04 05:20:00+07,5:20:00,0,อ่างเก็บน้ำแม่นาเรือ,19.09579,99.80992,N,rainfall_1h
RES002,2026-07-04 05:30:00+07,5:30:00,0,อ่างเก็บน้ำแม่นาเรือ,19.09579,99.80992,N,rainfall_1h
RES002,2026-07-04 05:30:00+07,5:30:00,489.52,อ่างเก็บน้ำแม่นาเรือ,19.09579,99.80992,N,water_level
RES002,2026-07-04 05:40:00+07,5:40:00,0,อ่างเก็บน้ำแม่นาเรือ,19.09579,99.80992,N,rainfall_1h
RES002,2026-07-04 05:40:00+07,5:40:00,489.52,อ่างเก็บน้ำแม่นาเรือ,19.09579,99.80992,N,water_level
RES002,2026-07-04 05:50:00+07,5:50:00,0,อ่างเก็บน้ำแม่นาเรือ,19.09579,99.80992,N,rainfall_1h
RES002,2026-07-04 05:50:00+07,5:50:00,489.52,อ่างเก็บน้ำแม่นาเรือ,19.09579,99.80992,N,water_level
RES002,2026-07-04 06:00:00+07,6:00:00,489.52,อ่างเก็บน้ำแม่นาเรือ,19.09579,99.80992,N,water_level
RES002,2026-07-04 06:00:00+07,6:00:00,0,อ่างเก็บน้ำแม่นาเรือ,19.09579,99.80992,N,rainfall_1h
RES002,2026-07-04 06:10:00+07,6:10:00,0,อ่างเก็บน้ำแม่นาเรือ,19.09579,99.80992,N,rainfall_1h
RES002,2026-07-04 06:10:00+07,6:10:00,489.521,อ่างเก็บน้ำแม่นาเรือ,19.09579,99.80992,N,water_level
RES002,2026-07-04 06:20:00+07,6:20:00,489.52,อ่างเก็บน้ำแม่นาเรือ,19.09579,99.80992,N,water_level
RES002,2026-07-04 06:20:00+07,6:20:00,0,อ่างเก็บน้ำแม่นาเรือ,19.09579,99.80992,N,rainfall_1h
RES002,2026-07-04 06:30:00+07,6:30:00,0,อ่างเก็บน้ำแม่นาเรือ,19.09579,99.80992,N,rainfall_1h
RES002,2026-07-04 06:30:00+07,6:30:00,489.52,อ่างเก็บน้ำแม่นาเรือ,19.09579,99.80992,N,water_level
RES002,2026-07-04 06:40:00+07,6:40:00,489.52,อ่างเก็บน้ำแม่นาเรือ,19.09579,99.80992,N,water_level
RES002,2026-07-04 06:40:00+07,6:40:00,0,อ่างเก็บน้ำแม่นาเรือ,19.09579,99.80992,N,rainfall_1h
RES002,2026-07-04 06:50:00+07,6:50:00,489.52,อ่างเก็บน้ำแม่นาเรือ,19.09579,99.80992,N,water_level
RES002,2026-07-04 06:50:00+07,6:50:00,0,อ่างเก็บน้ำแม่นาเรือ,19.09579,99.80992,N,rainfall_1h
RES002,2026-07-04 07:00:00+07,7:00:00,0,อ่างเก็บน้ำแม่นาเรือ,19.09579,99.80992,N,rainfall_1h
RES002,2026-07-04 07:00:00+07,7:00:00,489.514,อ่างเก็บน้ำแม่นาเรือ,19.09579,99.80992,N,water_level
RES002,2026-07-04 07:10:00+07,7:10:00,0,อ่างเก็บน้ำแม่นาเรือ,19.09579,99.80992,N,rainfall_1h
RES002,2026-07-04 07:10:00+07,7:10:00,489.52,อ่างเก็บน้ำแม่นาเรือ,19.09579,99.80992,N,water_level
RES002,2026-07-04 07:20:00+07,7:20:00,0,อ่างเก็บน้ำแม่นาเรือ,19.09579,99.80992,N,rainfall_1h
RES002,2026-07-04 07:20:00+07,7:20:00,489.514,อ่างเก็บน้ำแม่นาเรือ,19.09579,99.80992,N,water_level
RES002,2026-07-04 07:30:00+07,7:30:00,489.514,อ่างเก็บน้ำแม่นาเรือ,19.09579,99.80992,N,water_level
RES002,2026-07-04 07:30:00+07,7:30:00,0,อ่างเก็บน้ำแม่นาเรือ,19.09579,99.80992,N,rainfall_1h
RES002,2026-07-04 07:40:00+07,7:40:00,489.514,อ่างเก็บน้ำแม่นาเรือ,19.09579,99.80992,N,water_level
RES002,2026-07-04 07:40:00+07,7:40:00,0,อ่างเก็บน้ำแม่นาเรือ,19.09579,99.80992,N,rainfall_1h
RES002,2026-07-04 07:50:00+07,7:50:00,0,อ่างเก็บน้ำแม่นาเรือ,19.09579,99.80992,N,rainfall_1h
RES002,2026-07-04 07:50:00+07,7:50:00,489.52,อ่างเก็บน้ำแม่นาเรือ,19.09579,99.80992,N,water_level
RES002,2026-07-04 08:00:00+07,8:00:00,489.513,อ่างเก็บน้ำแม่นาเรือ,19.09579,99.80992,N,water_level
RES002,2026-07-04 08:00:00+07,8:00:00,0,อ่างเก็บน้ำแม่นาเรือ,19.09579,99.80992,N,rainfall_1h
RES002,2026-07-04 08:10:00+07,8:10:00,489.513,อ่างเก็บน้ำแม่นาเรือ,19.09579,99.80992,N,water_level
RES002,2026-07-04 08:10:00+07,8:10:00,0,อ่างเก็บน้ำแม่นาเรือ,19.09579,99.80992,N,rainfall_1h
RES002,2026-07-04 08:20:00+07,8:20:00,0,อ่างเก็บน้ำแม่นาเรือ,19.09579,99.80992,N,rainfall_1h
RES002,2026-07-04 08:20:00+07,8:20:00,489.513,อ่างเก็บน้ำแม่นาเรือ,19.09579,99.80992,N,water_level
RES002,2026-07-04 08:30:00+07,8:30:00,489.513,อ่างเก็บน้ำแม่นาเรือ,19.09579,99.80992,N,water_level
RES002,2026-07-04 08:30:00+07,8:30:00,0,อ่างเก็บน้ำแม่นาเรือ,19.09579,99.80992,N,rainfall_1h
RES002,2026-07-04 08:40:00+07,8:40:00,0,อ่างเก็บน้ำแม่นาเรือ,19.09579,99.80992,N,rainfall_1h
RES002,2026-07-04 08:40:00+07,8:40:00,489.513,อ่างเก็บน้ำแม่นาเรือ,19.09579,99.80992,N,water_level
RES002,2026-07-04 08:50:00+07,8:50:00,0,อ่างเก็บน้ำแม่นาเรือ,19.09579,99.80992,N,rainfall_1h
RES002,2026-07-04 08:50:00+07,8:50:00,489.513,อ่างเก็บน้ำแม่นาเรือ,19.09579,99.80992,N,water_level
RES002,2026-07-04 09:00:00+07,9:00:00,0,อ่างเก็บน้ำแม่นาเรือ,19.09579,99.80992,N,rainfall_1h
RES002,2026-07-04 09:00:00+07,9:00:00,489.513,อ่างเก็บน้ำแม่นาเรือ,19.09579,99.80992,N,water_level
RES002,2026-07-04 09:10:00+07,9:10:00,489.507,อ่างเก็บน้ำแม่นาเรือ,19.09579,99.80992,N,water_level
RES002,2026-07-04 09:10:00+07,9:10:00,0,อ่างเก็บน้ำแม่นาเรือ,19.09579,99.80992,N,rainfall_1h
RES002,2026-07-04 09:20:00+07,9:20:00,489.513,อ่างเก็บน้ำแม่นาเรือ,19.09579,99.80992,N,water_level
RES002,2026-07-04 09:20:00+07,9:20:00,0,อ่างเก็บน้ำแม่นาเรือ,19.09579,99.80992,N,rainfall_1h
RES002,2026-07-04 09:30:00+07,9:30:00,0,อ่างเก็บน้ำแม่นาเรือ,19.09579,99.80992,N,rainfall_1h
RES002,2026-07-04 09:30:00+07,9:30:00,489.513,อ่างเก็บน้ำแม่นาเรือ,19.09579,99.80992,N,water_level
RES002,2026-07-04 09:40:00+07,9:40:00,0,อ่างเก็บน้ำแม่นาเรือ,19.09579,99.80992,N,rainfall_1h
RES002,2026-07-04 09:40:00+07,9:40:00,489.507,อ่างเก็บน้ำแม่นาเรือ,19.09579,99.80992,N,water_level
RES002,2026-07-04 09:50:00+07,9:50:00,0,อ่างเก็บน้ำแม่นาเรือ,19.09579,99.80992,N,rainfall_1h
RES002,2026-07-04 09:50:00+07,9:50:00,489.513,อ่างเก็บน้ำแม่นาเรือ,19.09579,99.80992,N,water_level
RES002,2026-07-04 10:00:00+07,10:00:00,0,อ่างเก็บน้ำแม่นาเรือ,19.09579,99.80992,N,rainfall_1h
RES002,2026-07-04 10:00:00+07,10:00:00,489.507,อ่างเก็บน้ำแม่นาเรือ,19.09579,99.80992,N,water_level
RES002,2026-07-04 10:10:00+07,10:10:00,0,อ่างเก็บน้ำแม่นาเรือ,19.09579,99.80992,N,rainfall_1h
RES002,2026-07-04 10:10:00+07,10:10:00,489.507,อ่างเก็บน้ำแม่นาเรือ,19.09579,99.80992,N,water_level
RES002,2026-07-04 10:20:00+07,10:20:00,489.507,อ่างเก็บน้ำแม่นาเรือ,19.09579,99.80992,N,water_level
RES002,2026-07-04 10:20:00+07,10:20:00,0,อ่างเก็บน้ำแม่นาเรือ,19.09579,99.80992,N,rainfall_1h
RES002,2026-07-04 10:30:00+07,10:30:00,0,อ่างเก็บน้ำแม่นาเรือ,19.09579,99.80992,N,rainfall_1h
RES002,2026-07-04 10:30:00+07,10:30:00,489.5,อ่างเก็บน้ำแม่นาเรือ,19.09579,99.80992,N,water_level
RES002,2026-07-04 10:40:00+07,10:40:00,489.5,อ่างเก็บน้ำแม่นาเรือ,19.09579,99.80992,N,water_level
RES002,2026-07-04 10:40:00+07,10:40:00,0,อ่างเก็บน้ำแม่นาเรือ,19.09579,99.80992,N,rainfall_1h
RES002,2026-07-04 10:50:00+07,10:50:00,0,อ่างเก็บน้ำแม่นาเรือ,19.09579,99.80992,N,rainfall_1h
RES002,2026-07-04 10:50:00+07,10:50:00,489.494,อ่างเก็บน้ำแม่นาเรือ,19.09579,99.80992,N,water_level
RES002,2026-07-04 11:00:00+07,11:00:00,0,อ่างเก็บน้ำแม่นาเรือ,19.09579,99.80992,N,rainfall_1h
RES002,2026-07-04 11:00:00+07,11:00:00,489.494,อ่างเก็บน้ำแม่นาเรือ,19.09579,99.80992,N,water_level
RES002,2026-07-04 11:10:00+07,11:10:00,0,อ่างเก็บน้ำแม่นาเรือ,19.09579,99.80992,N,rainfall_1h
RES002,2026-07-04 11:10:00+07,11:10:00,489.494,อ่างเก็บน้ำแม่นาเรือ,19.09579,99.80992,N,water_level
RES002,2026-07-04 11:20:00+07,11:20:00,489.5,อ่างเก็บน้ำแม่นาเรือ,19.09579,99.80992,N,water_level
RES002,2026-07-04 11:20:00+07,11:20:00,0,อ่างเก็บน้ำแม่นาเรือ,19.09579,99.80992,N,rainfall_1h
RES002,2026-07-04 11:30:00+07,11:30:00,489.506,อ่างเก็บน้ำแม่นาเรือ,19.09579,99.80992,N,water_level
RES002,2026-07-04 11:30:00+07,11:30:00,0,อ่างเก็บน้ำแม่นาเรือ,19.09579,99.80992,N,rainfall_1h
RES002,2026-07-04 11:40:00+07,11:40:00,489.5,อ่างเก็บน้ำแม่นาเรือ,19.09579,99.80992,N,water_level
RES002,2026-07-04 11:40:00+07,11:40:00,0,อ่างเก็บน้ำแม่นาเรือ,19.09579,99.80992,N,rainfall_1h
RES002,2026-07-04 11:50:00+07,11:50:00,489.5,อ่างเก็บน้ำแม่นาเรือ,19.09579,99.80992,N,water_level
RES002,2026-07-04 11:50:00+07,11:50:00,0,อ่างเก็บน้ำแม่นาเรือ,19.09579,99.80992,N,rainfall_1h
RES002,2026-07-04 12:00:00+07,12:00:00,489.5,อ่างเก็บน้ำแม่นาเรือ,19.09579,99.80992,N,water_level
RES002,2026-07-04 12:00:00+07,12:00:00,0,อ่างเก็บน้ำแม่นาเรือ,19.09579,99.80992,N,rainfall_1h
RES002,2026-07-04 12:10:00+07,12:10:00,489.494,อ่างเก็บน้ำแม่นาเรือ,19.09579,99.80992,N,water_level
RES002,2026-07-04 12:10:00+07,12:10:00,0,อ่างเก็บน้ำแม่นาเรือ,19.09579,99.80992,N,rainfall_1h
RES002,2026-07-04 12:20:00+07,12:20:00,0,อ่างเก็บน้ำแม่นาเรือ,19.09579,99.80992,N,rainfall_1h
RES002,2026-07-04 12:20:00+07,12:20:00,489.488,อ่างเก็บน้ำแม่นาเรือ,19.09579,99.80992,N,water_level
RES002,2026-07-04 12:30:00+07,12:30:00,0,อ่างเก็บน้ำแม่นาเรือ,19.09579,99.80992,N,rainfall_1h
RES002,2026-07-04 12:30:00+07,12:30:00,489.48,อ่างเก็บน้ำแม่นาเรือ,19.09579,99.80992,N,water_level
RES002,2026-07-04 12:40:00+07,12:40:00,0,อ่างเก็บน้ำแม่นาเรือ,19.09579,99.80992,N,rainfall_1h
RES002,2026-07-04 12:40:00+07,12:40:00,489.487,อ่างเก็บน้ำแม่นาเรือ,19.09579,99.80992,N,water_level
RES002,2026-07-04 12:50:00+07,12:50:00,0,อ่างเก็บน้ำแม่นาเรือ,19.09579,99.80992,N,rainfall_1h
RES002,2026-07-04 12:50:00+07,12:50:00,489.48,อ่างเก็บน้ำแม่นาเรือ,19.09579,99.80992,N,water_level
RES002,2026-07-04 13:00:00+07,13:00:00,0,อ่างเก็บน้ำแม่นาเรือ,19.09579,99.80992,N,rainfall_1h
RES002,2026-07-04 13:00:00+07,13:00:00,489.5,อ่างเก็บน้ำแม่นาเรือ,19.09579,99.80992,N,water_level
RES002,2026-07-04 13:10:00+07,13:10:00,489.488,อ่างเก็บน้ำแม่นาเรือ,19.09579,99.80992,N,water_level
RES002,2026-07-04 13:10:00+07,13:10:00,0,อ่างเก็บน้ำแม่นาเรือ,19.09579,99.80992,N,rainfall_1h
RES002,2026-07-04 13:20:00+07,13:20:00,489.494,อ่างเก็บน้ำแม่นาเรือ,19.09579,99.80992,N,water_level
RES002,2026-07-04 13:20:00+07,13:20:00,0,อ่างเก็บน้ำแม่นาเรือ,19.09579,99.80992,N,rainfall_1h
RES002,2026-07-04 13:30:00+07,13:30:00,0,อ่างเก็บน้ำแม่นาเรือ,19.09579,99.80992,N,rainfall_1h
RES002,2026-07-04 13:30:00+07,13:30:00,489.494,อ่างเก็บน้ำแม่นาเรือ,19.09579,99.80992,N,water_level
RES002,2026-07-04 13:40:00+07,13:40:00,489.487,อ่างเก็บน้ำแม่นาเรือ,19.09579,99.80992,N,water_level
RES002,2026-07-04 13:40:00+07,13:40:00,0,อ่างเก็บน้ำแม่นาเรือ,19.09579,99.80992,N,rainfall_1h
RES002,2026-07-04 13:50:00+07,13:50:00,0,อ่างเก็บน้ำแม่นาเรือ,19.09579,99.80992,N,rainfall_1h
RES002,2026-07-04 13:50:00+07,13:50:00,489.487,อ่างเก็บน้ำแม่นาเรือ,19.09579,99.80992,N,water_level
RES002,2026-07-04 14:00:00+07,14:00:00,489.494,อ่างเก็บน้ำแม่นาเรือ,19.09579,99.80992,N,water_level
RES002,2026-07-04 14:00:00+07,14:00:00,0,อ่างเก็บน้ำแม่นาเรือ,19.09579,99.80992,N,rainfall_1h
RES002,2026-07-04 14:10:00+07,14:10:00,0,อ่างเก็บน้ำแม่นาเรือ,19.09579,99.80992,N,rainfall_1h
RES002,2026-07-04 14:10:00+07,14:10:00,489.494,อ่างเก็บน้ำแม่นาเรือ,19.09579,99.80992,N,water_level
RES002,2026-07-04 14:20:00+07,14:20:00,0,อ่างเก็บน้ำแม่นาเรือ,19.09579,99.80992,N,rainfall_1h
RES002,2026-07-04 14:20:00+07,14:20:00,489.48,อ่างเก็บน้ำแม่นาเรือ,19.09579,99.80992,N,water_level
RES002,2026-07-04 14:30:00+07,14:30:00,0,อ่างเก็บน้ำแม่นาเรือ,19.09579,99.80992,N,rainfall_1h
RES002,2026-07-04 14:30:00+07,14:30:00,489.481,อ่างเก็บน้ำแม่นาเรือ,19.09579,99.80992,N,water_level
RES002,2026-07-04 14:40:00+07,14:40:00,489.481,อ่างเก็บน้ำแม่นาเรือ,19.09579,99.80992,N,water_level
RES002,2026-07-04 14:40:00+07,14:40:00,0,อ่างเก็บน้ำแม่นาเรือ,19.09579,99.80992,N,rainfall_1h
RES002,2026-07-04 14:50:00+07,14:50:00,0,อ่างเก็บน้ำแม่นาเรือ,19.09579,99.80992,N,rainfall_1h
RES002,2026-07-04 14:50:00+07,14:50:00,489.475,อ่างเก็บน้ำแม่นาเรือ,19.09579,99.80992,N,water_level
RES002,2026-07-04 15:00:00+07,15:00:00,0,อ่างเก็บน้ำแม่นาเรือ,19.09579,99.80992,N,rainfall_1h
RES002,2026-07-04 15:00:00+07,15:00:00,489.488,อ่างเก็บน้ำแม่นาเรือ,19.09579,99.80992,N,water_level
RES002,2026-07-04 15:10:00+07,15:10:00,489.495,อ่างเก็บน้ำแม่นาเรือ,19.09579,99.80992,N,water_level
RES002,2026-07-04 15:10:00+07,15:10:00,0,อ่างเก็บน้ำแม่นาเรือ,19.09579,99.80992,N,rainfall_1h
RES002,2026-07-04 15:20:00+07,15:20:00,489.5,อ่างเก็บน้ำแม่นาเรือ,19.09579,99.80992,N,water_level
RES002,2026-07-04 15:20:00+07,15:20:00,0,อ่างเก็บน้ำแม่นาเรือ,19.09579,99.80992,N,rainfall_1h
RES002,2026-07-04 15:30:00+07,15:30:00,489.494,อ่างเก็บน้ำแม่นาเรือ,19.09579,99.80992,N,water_level
RES002,2026-07-04 15:30:00+07,15:30:00,0,อ่างเก็บน้ำแม่นาเรือ,19.09579,99.80992,N,rainfall_1h
RES002,2026-07-04 15:40:00+07,15:40:00,489.481,อ่างเก็บน้ำแม่นาเรือ,19.09579,99.80992,N,water_level
RES002,2026-07-04 15:40:00+07,15:40:00,0,อ่างเก็บน้ำแม่นาเรือ,19.09579,99.80992,N,rainfall_1h
RES002,2026-07-04 15:50:00+07,15:50:00,489.48,อ่างเก็บน้ำแม่นาเรือ,19.09579,99.80992,N,water_level
RES002,2026-07-04 15:50:00+07,15:50:00,0,อ่างเก็บน้ำแม่นาเรือ,19.09579,99.80992,N,rainfall_1h
RES002,2026-07-04 16:00:00+07,16:00:00,489.494,อ่างเก็บน้ำแม่นาเรือ,19.09579,99.80992,N,water_level
RES002,2026-07-04 16:00:00+07,16:00:00,0,อ่างเก็บน้ำแม่นาเรือ,19.09579,99.80992,N,rainfall_1h
RES002,2026-07-04 16:10:00+07,16:10:00,0,อ่างเก็บน้ำแม่นาเรือ,19.09579,99.80992,N,rainfall_1h
RES002,2026-07-04 16:10:00+07,16:10:00,489.494,อ่างเก็บน้ำแม่นาเรือ,19.09579,99.80992,N,water_level
RES002,2026-07-04 16:20:00+07,16:20:00,0,อ่างเก็บน้ำแม่นาเรือ,19.09579,99.80992,N,rainfall_1h
RES002,2026-07-04 16:20:00+07,16:20:00,489.488,อ่างเก็บน้ำแม่นาเรือ,19.09579,99.80992,N,water_level
RES002,2026-07-04 16:30:00+07,16:30:00,0,อ่างเก็บน้ำแม่นาเรือ,19.09579,99.80992,N,rainfall_1h
RES002,2026-07-04 16:30:00+07,16:30:00,489.494,อ่างเก็บน้ำแม่นาเรือ,19.09579,99.80992,N,water_level
RES002,2026-07-04 16:40:00+07,16:40:00,489.494,อ่างเก็บน้ำแม่นาเรือ,19.09579,99.80992,N,water_level
RES002,2026-07-04 16:40:00+07,16:40:00,0,อ่างเก็บน้ำแม่นาเรือ,19.09579,99.80992,N,rainfall_1h
RES002,2026-07-04 16:50:00+07,16:50:00,0,อ่างเก็บน้ำแม่นาเรือ,19.09579,99.80992,N,rainfall_1h
RES002,2026-07-04 16:50:00+07,16:50:00,489.494,อ่างเก็บน้ำแม่นาเรือ,19.09579,99.80992,N,water_level
RES002,2026-07-04 17:00:00+07,17:00:00,489.494,อ่างเก็บน้ำแม่นาเรือ,19.09579,99.80992,N,water_level
RES002,2026-07-04 17:00:00+07,17:00:00,0,อ่างเก็บน้ำแม่นาเรือ,19.09579,99.80992,N,rainfall_1h
RES002,2026-07-04 17:10:00+07,17:10:00,0,อ่างเก็บน้ำแม่นาเรือ,19.09579,99.80992,N,rainfall_1h
RES002,2026-07-04 17:10:00+07,17:10:00,489.494,อ่างเก็บน้ำแม่นาเรือ,19.09579,99.80992,N,water_level
RES002,2026-07-04 17:20:00+07,17:20:00,0,อ่างเก็บน้ำแม่นาเรือ,19.09579,99.80992,N,rainfall_1h
RES002,2026-07-04 17:20:00+07,17:20:00,489.494,อ่างเก็บน้ำแม่นาเรือ,19.09579,99.80992,N,water_level
RES002,2026-07-04 17:30:00+07,17:30:00,489.494,อ่างเก็บน้ำแม่นาเรือ,19.09579,99.80992,N,water_level
RES002,2026-07-04 17:30:00+07,17:30:00,0,อ่างเก็บน้ำแม่นาเรือ,19.09579,99.80992,N,rainfall_1h
RES002,2026-07-04 17:40:00+07,17:40:00,489.494,อ่างเก็บน้ำแม่นาเรือ,19.09579,99.80992,N,water_level
RES002,2026-07-04 17:40:00+07,17:40:00,0,อ่างเก็บน้ำแม่นาเรือ,19.09579,99.80992,N,rainfall_1h
RES002,2026-07-04 17:50:00+07,17:50:00,489.494,อ่างเก็บน้ำแม่นาเรือ,19.09579,99.80992,N,water_level
RES002,2026-07-04 17:50:00+07,17:50:00,0,อ่างเก็บน้ำแม่นาเรือ,19.09579,99.80992,N,rainfall_1h
RES002,2026-07-04 18:00:00+07,18:00:00,489.494,อ่างเก็บน้ำแม่นาเรือ,19.09579,99.80992,N,water_level
RES002,2026-07-04 18:00:00+07,18:00:00,0,อ่างเก็บน้ำแม่นาเรือ,19.09579,99.80992,N,rainfall_1h
RES002,2026-07-04 18:10:00+07,18:10:00,0,อ่างเก็บน้ำแม่นาเรือ,19.09579,99.80992,N,rainfall_1h
RES002,2026-07-04 18:10:00+07,18:10:00,489.494,อ่างเก็บน้ำแม่นาเรือ,19.09579,99.80992,N,water_level
RES002,2026-07-04 18:20:00+07,18:20:00,0,อ่างเก็บน้ำแม่นาเรือ,19.09579,99.80992,N,rainfall_1h
RES002,2026-07-04 18:20:00+07,18:20:00,489.494,อ่างเก็บน้ำแม่นาเรือ,19.09579,99.80992,N,water_level
RES002,2026-07-04 18:30:00+07,18:30:00,489.494,อ่างเก็บน้ำแม่นาเรือ,19.09579,99.80992,N,water_level
RES002,2026-07-04 18:30:00+07,18:30:00,0,อ่างเก็บน้ำแม่นาเรือ,19.09579,99.80992,N,rainfall_1h
RES002,2026-07-04 18:40:00+07,18:40:00,489.494,อ่างเก็บน้ำแม่นาเรือ,19.09579,99.80992,N,water_level
RES002,2026-07-04 18:40:00+07,18:40:00,0,อ่างเก็บน้ำแม่นาเรือ,19.09579,99.80992,N,rainfall_1h
RES002,2026-07-04 18:50:00+07,18:50:00,489.494,อ่างเก็บน้ำแม่นาเรือ,19.09579,99.80992,N,water_level
RES002,2026-07-04 18:50:00+07,18:50:00,0,อ่างเก็บน้ำแม่นาเรือ,19.09579,99.80992,N,rainfall_1h
RES002,2026-07-04 19:00:00+07,19:00:00,0,อ่างเก็บน้ำแม่นาเรือ,19.09579,99.80992,N,rainfall_1h
RES002,2026-07-04 19:00:00+07,19:00:00,489.494,อ่างเก็บน้ำแม่นาเรือ,19.09579,99.80992,N,water_level
RES002,2026-07-04 19:10:00+07,19:10:00,0,อ่างเก็บน้ำแม่นาเรือ,19.09579,99.80992,N,rainfall_1h
RES002,2026-07-04 19:10:00+07,19:10:00,489.494,อ่างเก็บน้ำแม่นาเรือ,19.09579,99.80992,N,water_level
RES002,2026-07-04 19:20:00+07,19:20:00,0,อ่างเก็บน้ำแม่นาเรือ,19.09579,99.80992,N,rainfall_1h
RES002,2026-07-04 19:20:00+07,19:20:00,489.494,อ่างเก็บน้ำแม่นาเรือ,19.09579,99.80992,N,water_level
RES002,2026-07-04 19:30:00+07,19:30:00,0,อ่างเก็บน้ำแม่นาเรือ,19.09579,99.80992,N,rainfall_1h
RES002,2026-07-04 19:30:00+07,19:30:00,489.494,อ่างเก็บน้ำแม่นาเรือ,19.09579,99.80992,N,water_level
RES002,2026-07-04 19:40:00+07,19:40:00,0,อ่างเก็บน้ำแม่นาเรือ,19.09579,99.80992,N,rainfall_1h
RES002,2026-07-04 19:40:00+07,19:40:00,489.488,อ่างเก็บน้ำแม่นาเรือ,19.09579,99.80992,N,water_level
RES002,2026-07-04 19:50:00+07,19:50:00,0,อ่างเก็บน้ำแม่นาเรือ,19.09579,99.80992,N,rainfall_1h
RES002,2026-07-04 19:50:00+07,19:50:00,489.494,อ่างเก็บน้ำแม่นาเรือ,19.09579,99.80992,N,water_level
RES002,2026-07-04 20:00:00+07,20:00:00,0,อ่างเก็บน้ำแม่นาเรือ,19.09579,99.80992,N,rainfall_1h
RES002,2026-07-04 20:00:00+07,20:00:00,489.494,อ่างเก็บน้ำแม่นาเรือ,19.09579,99.80992,N,water_level
RES002,2026-07-04 20:10:00+07,20:10:00,0,อ่างเก็บน้ำแม่นาเรือ,19.09579,99.80992,N,rainfall_1h
RES002,2026-07-04 20:10:00+07,20:10:00,489.494,อ่างเก็บน้ำแม่นาเรือ,19.09579,99.80992,N,water_level
RES002,2026-07-04 20:20:00+07,20:20:00,489.494,อ่างเก็บน้ำแม่นาเรือ,19.09579,99.80992,N,water_level
RES002,2026-07-04 20:20:00+07,20:20:00,0,อ่างเก็บน้ำแม่นาเรือ,19.09579,99.80992,N,rainfall_1h
RES002,2026-07-04 20:30:00+07,20:30:00,0,อ่างเก็บน้ำแม่นาเรือ,19.09579,99.80992,N,rainfall_1h
RES002,2026-07-04 20:30:00+07,20:30:00,489.494,อ่างเก็บน้ำแม่นาเรือ,19.09579,99.80992,N,water_level
RES002,2026-07-04 20:40:00+07,20:40:00,489.494,อ่างเก็บน้ำแม่นาเรือ,19.09579,99.80992,N,water_level
RES002,2026-07-04 20:40:00+07,20:40:00,0,อ่างเก็บน้ำแม่นาเรือ,19.09579,99.80992,N,rainfall_1h
RES002,2026-07-04 20:50:00+07,20:50:00,0,อ่างเก็บน้ำแม่นาเรือ,19.09579,99.80992,N,rainfall_1h
RES002,2026-07-04 20:50:00+07,20:50:00,489.494,อ่างเก็บน้ำแม่นาเรือ,19.09579,99.80992,N,water_level
RES002,2026-07-04 21:00:00+07,21:00:00,0,อ่างเก็บน้ำแม่นาเรือ,19.09579,99.80992,N,rainfall_1h
RES002,2026-07-04 21:00:00+07,21:00:00,489.494,อ่างเก็บน้ำแม่นาเรือ,19.09579,99.80992,N,water_level
RES002,2026-07-04 21:10:00+07,21:10:00,0,อ่างเก็บน้ำแม่นาเรือ,19.09579,99.80992,N,rainfall_1h
RES002,2026-07-04 21:10:00+07,21:10:00,489.489,อ่างเก็บน้ำแม่นาเรือ,19.09579,99.80992,N,water_level
RES002,2026-07-04 21:20:00+07,21:20:00,489.494,อ่างเก็บน้ำแม่นาเรือ,19.09579,99.80992,N,water_level
RES002,2026-07-04 21:20:00+07,21:20:00,0,อ่างเก็บน้ำแม่นาเรือ,19.09579,99.80992,N,rainfall_1h
RES002,2026-07-04 21:30:00+07,21:30:00,0,อ่างเก็บน้ำแม่นาเรือ,19.09579,99.80992,N,rainfall_1h
RES002,2026-07-04 21:30:00+07,21:30:00,489.494,อ่างเก็บน้ำแม่นาเรือ,19.09579,99.80992,N,water_level
RES002,2026-07-04 21:40:00+07,21:40:00,489.489,อ่างเก็บน้ำแม่นาเรือ,19.09579,99.80992,N,water_level
RES002,2026-07-04 21:40:00+07,21:40:00,0,อ่างเก็บน้ำแม่นาเรือ,19.09579,99.80992,N,rainfall_1h
RES002,2026-07-04 21:50:00+07,21:50:00,0,อ่างเก็บน้ำแม่นาเรือ,19.09579,99.80992,N,rainfall_1h
RES002,2026-07-04 21:50:00+07,21:50:00,489.489,อ่างเก็บน้ำแม่นาเรือ,19.09579,99.80992,N,water_level
RES002,2026-07-04 22:00:00+07,22:00:00,489.489,อ่างเก็บน้ำแม่นาเรือ,19.09579,99.80992,N,water_level
RES002,2026-07-04 22:00:00+07,22:00:00,0,อ่างเก็บน้ำแม่นาเรือ,19.09579,99.80992,N,rainfall_1h
RES002,2026-07-04 22:10:00+07,22:10:00,0,อ่างเก็บน้ำแม่นาเรือ,19.09579,99.80992,N,rainfall_1h
RES002,2026-07-04 22:10:00+07,22:10:00,489.489,อ่างเก็บน้ำแม่นาเรือ,19.09579,99.80992,N,water_level
RES002,2026-07-04 22:20:00+07,22:20:00,489.489,อ่างเก็บน้ำแม่นาเรือ,19.09579,99.80992,N,water_level
RES002,2026-07-04 22:20:00+07,22:20:00,0,อ่างเก็บน้ำแม่นาเรือ,19.09579,99.80992,N,rainfall_1h
RES002,2026-07-04 22:30:00+07,22:30:00,0,อ่างเก็บน้ำแม่นาเรือ,19.09579,99.80992,N,rainfall_1h
RES002,2026-07-04 22:30:00+07,22:30:00,489.489,อ่างเก็บน้ำแม่นาเรือ,19.09579,99.80992,N,water_level
RES002,2026-07-04 22:40:00+07,22:40:00,0,อ่างเก็บน้ำแม่นาเรือ,19.09579,99.80992,N,rainfall_1h
RES002,2026-07-04 22:40:00+07,22:40:00,489.489,อ่างเก็บน้ำแม่นาเรือ,19.09579,99.80992,N,water_level
RES002,2026-07-04 22:50:00+07,22:50:00,0,อ่างเก็บน้ำแม่นาเรือ,19.09579,99.80992,N,rainfall_1h
RES002,2026-07-04 22:50:00+07,22:50:00,489.489,อ่างเก็บน้ำแม่นาเรือ,19.09579,99.80992,N,water_level
RES002,2026-07-04 23:00:00+07,23:00:00,0,อ่างเก็บน้ำแม่นาเรือ,19.09579,99.80992,N,rainfall_1h
RES002,2026-07-04 23:00:00+07,23:00:00,489.489,อ่างเก็บน้ำแม่นาเรือ,19.09579,99.80992,N,water_level
RES002,2026-07-04 23:10:00+07,23:10:00,489.489,อ่างเก็บน้ำแม่นาเรือ,19.09579,99.80992,N,water_level
RES002,2026-07-04 23:10:00+07,23:10:00,0,อ่างเก็บน้ำแม่นาเรือ,19.09579,99.80992,N,rainfall_1h
RES002,2026-07-04 23:20:00+07,23:20:00,489.489,อ่างเก็บน้ำแม่นาเรือ,19.09579,99.80992,N,water_level
RES002,2026-07-04 23:20:00+07,23:20:00,0,อ่างเก็บน้ำแม่นาเรือ,19.09579,99.80992,N,rainfall_1h
RES002,2026-07-04 23:30:00+07,23:30:00,0,อ่างเก็บน้ำแม่นาเรือ,19.09579,99.80992,N,rainfall_1h
RES002,2026-07-04 23:30:00+07,23:30:00,489.489,อ่างเก็บน้ำแม่นาเรือ,19.09579,99.80992,N,water_level
RES002,2026-07-04 23:40:00+07,23:40:00,0,อ่างเก็บน้ำแม่นาเรือ,19.09579,99.80992,N,rainfall_1h
RES002,2026-07-04 23:40:00+07,23:40:00,489.489,อ่างเก็บน้ำแม่นาเรือ,19.09579,99.80992,N,water_level
RES002,2026-07-04 23:50:00+07,23:50:00,0,อ่างเก็บน้ำแม่นาเรือ,19.09579,99.80992,N,rainfall_1h
RES002,2026-07-04 23:50:00+07,23:50:00,489.489,อ่างเก็บน้ำแม่นาเรือ,19.09579,99.80992,N,water_level
RES002,2026-07-05 00:00:00+07,0:00:00,0,อ่างเก็บน้ำแม่นาเรือ,19.09579,99.80992,N,rainfall_1h
RES002,2026-07-05 00:00:00+07,0:00:00,489.489,อ่างเก็บน้ำแม่นาเรือ,19.09579,99.80992,N,water_level
RES002,2026-07-05 00:10:00+07,0:10:00,0,อ่างเก็บน้ำแม่นาเรือ,19.09579,99.80992,N,rainfall_1h
RES002,2026-07-05 00:10:00+07,0:10:00,489.489,อ่างเก็บน้ำแม่นาเรือ,19.09579,99.80992,N,water_level
RES002,2026-07-05 00:20:00+07,0:20:00,0,อ่างเก็บน้ำแม่นาเรือ,19.09579,99.80992,N,rainfall_1h
RES002,2026-07-05 00:20:00+07,0:20:00,489.489,อ่างเก็บน้ำแม่นาเรือ,19.09579,99.80992,N,water_level
RES002,2026-07-05 00:30:00+07,0:30:00,489.489,อ่างเก็บน้ำแม่นาเรือ,19.09579,99.80992,N,water_level
RES002,2026-07-05 00:30:00+07,0:30:00,0,อ่างเก็บน้ำแม่นาเรือ,19.09579,99.80992,N,rainfall_1h
RES002,2026-07-05 00:40:00+07,0:40:00,489.482,อ่างเก็บน้ำแม่นาเรือ,19.09579,99.80992,N,water_level
RES002,2026-07-05 00:40:00+07,0:40:00,0,อ่างเก็บน้ำแม่นาเรือ,19.09579,99.80992,N,rainfall_1h
RES002,2026-07-05 00:50:00+07,0:50:00,489.482,อ่างเก็บน้ำแม่นาเรือ,19.09579,99.80992,N,water_level
RES002,2026-07-05 00:50:00+07,0:50:00,0,อ่างเก็บน้ำแม่นาเรือ,19.09579,99.80992,N,rainfall_1h
RES002,2026-07-05 01:00:00+07,1:00:00,0,อ่างเก็บน้ำแม่นาเรือ,19.09579,99.80992,N,rainfall_1h
RES002,2026-07-05 01:00:00+07,1:00:00,489.482,อ่างเก็บน้ำแม่นาเรือ,19.09579,99.80992,N,water_level
RES002,2026-07-05 01:10:00+07,1:10:00,489.482,อ่างเก็บน้ำแม่นาเรือ,19.09579,99.80992,N,water_level
RES002,2026-07-05 01:10:00+07,1:10:00,0,อ่างเก็บน้ำแม่นาเรือ,19.09579,99.80992,N,rainfall_1h
RES002,2026-07-05 01:20:00+07,1:20:00,489.482,อ่างเก็บน้ำแม่นาเรือ,19.09579,99.80992,N,water_level
RES002,2026-07-05 01:20:00+07,1:20:00,0,อ่างเก็บน้ำแม่นาเรือ,19.09579,99.80992,N,rainfall_1h
RES002,2026-07-05 01:30:00+07,1:30:00,489.482,อ่างเก็บน้ำแม่นาเรือ,19.09579,99.80992,N,water_level
RES002,2026-07-05 01:30:00+07,1:30:00,0,อ่างเก็บน้ำแม่นาเรือ,19.09579,99.80992,N,rainfall_1h
RES002,2026-07-05 01:40:00+07,1:40:00,0,อ่างเก็บน้ำแม่นาเรือ,19.09579,99.80992,N,rainfall_1h
RES002,2026-07-05 01:40:00+07,1:40:00,489.482,อ่างเก็บน้ำแม่นาเรือ,19.09579,99.80992,N,water_level
RES002,2026-07-05 01:50:00+07,1:50:00,489.482,อ่างเก็บน้ำแม่นาเรือ,19.09579,99.80992,N,water_level
RES002,2026-07-05 01:50:00+07,1:50:00,0,อ่างเก็บน้ำแม่นาเรือ,19.09579,99.80992,N,rainfall_1h
RES002,2026-07-05 02:00:00+07,2:00:00,0,อ่างเก็บน้ำแม่นาเรือ,19.09579,99.80992,N,rainfall_1h
RES002,2026-07-05 02:00:00+07,2:00:00,489.482,อ่างเก็บน้ำแม่นาเรือ,19.09579,99.80992,N,water_level
RES002,2026-07-05 02:10:00+07,2:10:00,0,อ่างเก็บน้ำแม่นาเรือ,19.09579,99.80992,N,rainfall_1h
RES002,2026-07-05 02:10:00+07,2:10:00,489.482,อ่างเก็บน้ำแม่นาเรือ,19.09579,99.80992,N,water_level
RES002,2026-07-05 02:20:00+07,2:20:00,0,อ่างเก็บน้ำแม่นาเรือ,19.09579,99.80992,N,rainfall_1h
RES002,2026-07-05 02:20:00+07,2:20:00,489.482,อ่างเก็บน้ำแม่นาเรือ,19.09579,99.80992,N,water_level
RES002,2026-07-05 02:30:00+07,2:30:00,489.482,อ่างเก็บน้ำแม่นาเรือ,19.09579,99.80992,N,water_level
RES002,2026-07-05 02:30:00+07,2:30:00,0,อ่างเก็บน้ำแม่นาเรือ,19.09579,99.80992,N,rainfall_1h
RES002,2026-07-05 02:40:00+07,2:40:00,489.483,อ่างเก็บน้ำแม่นาเรือ,19.09579,99.80992,N,water_level
RES002,2026-07-05 02:40:00+07,2:40:00,0,อ่างเก็บน้ำแม่นาเรือ,19.09579,99.80992,N,rainfall_1h
RES002,2026-07-05 02:50:00+07,2:50:00,0,อ่างเก็บน้ำแม่นาเรือ,19.09579,99.80992,N,rainfall_1h
RES002,2026-07-05 02:50:00+07,2:50:00,489.482,อ่างเก็บน้ำแม่นาเรือ,19.09579,99.80992,N,water_level
RES002,2026-07-05 03:00:00+07,3:00:00,0,อ่างเก็บน้ำแม่นาเรือ,19.09579,99.80992,N,rainfall_1h
RES002,2026-07-05 03:00:00+07,3:00:00,489.482,อ่างเก็บน้ำแม่นาเรือ,19.09579,99.80992,N,water_level
RES002,2026-07-05 03:10:00+07,3:10:00,0,อ่างเก็บน้ำแม่นาเรือ,19.09579,99.80992,N,rainfall_1h
RES002,2026-07-05 03:10:00+07,3:10:00,489.482,อ่างเก็บน้ำแม่นาเรือ,19.09579,99.80992,N,water_level
RES002,2026-07-05 03:20:00+07,3:20:00,0,อ่างเก็บน้ำแม่นาเรือ,19.09579,99.80992,N,rainfall_1h
RES002,2026-07-05 03:20:00+07,3:20:00,489.482,อ่างเก็บน้ำแม่นาเรือ,19.09579,99.80992,N,water_level
RES002,2026-07-05 03:30:00+07,3:30:00,0,อ่างเก็บน้ำแม่นาเรือ,19.09579,99.80992,N,rainfall_1h
RES002,2026-07-05 03:30:00+07,3:30:00,489.482,อ่างเก็บน้ำแม่นาเรือ,19.09579,99.80992,N,water_level
RES002,2026-07-05 03:40:00+07,3:40:00,489.482,อ่างเก็บน้ำแม่นาเรือ,19.09579,99.80992,N,water_level
RES002,2026-07-05 03:40:00+07,3:40:00,0,อ่างเก็บน้ำแม่นาเรือ,19.09579,99.80992,N,rainfall_1h
RES002,2026-07-05 03:50:00+07,3:50:00,489.482,อ่างเก็บน้ำแม่นาเรือ,19.09579,99.80992,N,water_level
RES002,2026-07-05 03:50:00+07,3:50:00,0,อ่างเก็บน้ำแม่นาเรือ,19.09579,99.80992,N,rainfall_1h
RES002,2026-07-05 04:00:00+07,4:00:00,0,อ่างเก็บน้ำแม่นาเรือ,19.09579,99.80992,N,rainfall_1h
RES002,2026-07-05 04:00:00+07,4:00:00,489.482,อ่างเก็บน้ำแม่นาเรือ,19.09579,99.80992,N,water_level
RES002,2026-07-05 04:10:00+07,4:10:00,0,อ่างเก็บน้ำแม่นาเรือ,19.09579,99.80992,N,rainfall_1h
RES002,2026-07-05 04:10:00+07,4:10:00,489.482,อ่างเก็บน้ำแม่นาเรือ,19.09579,99.80992,N,water_level
RES002,2026-07-05 04:20:00+07,4:20:00,0,อ่างเก็บน้ำแม่นาเรือ,19.09579,99.80992,N,rainfall_1h
RES002,2026-07-05 04:20:00+07,4:20:00,489.482,อ่างเก็บน้ำแม่นาเรือ,19.09579,99.80992,N,water_level
RES002,2026-07-05 04:30:00+07,4:30:00,0,อ่างเก็บน้ำแม่นาเรือ,19.09579,99.80992,N,rainfall_1h
RES002,2026-07-05 04:30:00+07,4:30:00,489.482,อ่างเก็บน้ำแม่นาเรือ,19.09579,99.80992,N,water_level
RES002,2026-07-05 04:40:00+07,4:40:00,489.476,อ่างเก็บน้ำแม่นาเรือ,19.09579,99.80992,N,water_level
RES002,2026-07-05 04:40:00+07,4:40:00,0,อ่างเก็บน้ำแม่นาเรือ,19.09579,99.80992,N,rainfall_1h
RES002,2026-07-05 04:50:00+07,4:50:00,0,อ่างเก็บน้ำแม่นาเรือ,19.09579,99.80992,N,rainfall_1h
RES002,2026-07-05 04:50:00+07,4:50:00,489.476,อ่างเก็บน้ำแม่นาเรือ,19.09579,99.80992,N,water_level
RES002,2026-07-05 05:00:00+07,5:00:00,489.476,อ่างเก็บน้ำแม่นาเรือ,19.09579,99.80992,N,water_level
RES002,2026-07-05 05:00:00+07,5:00:00,0,อ่างเก็บน้ำแม่นาเรือ,19.09579,99.80992,N,rainfall_1h
RES002,2026-07-05 05:10:00+07,5:10:00,489.476,อ่างเก็บน้ำแม่นาเรือ,19.09579,99.80992,N,water_level
RES002,2026-07-05 05:10:00+07,5:10:00,0,อ่างเก็บน้ำแม่นาเรือ,19.09579,99.80992,N,rainfall_1h
RES002,2026-07-05 05:20:00+07,5:20:00,0,อ่างเก็บน้ำแม่นาเรือ,19.09579,99.80992,N,rainfall_1h
RES002,2026-07-05 05:20:00+07,5:20:00,489.476,อ่างเก็บน้ำแม่นาเรือ,19.09579,99.80992,N,water_level
RES002,2026-07-05 05:30:00+07,5:30:00,0,อ่างเก็บน้ำแม่นาเรือ,19.09579,99.80992,N,rainfall_1h
RES002,2026-07-05 05:30:00+07,5:30:00,489.476,อ่างเก็บน้ำแม่นาเรือ,19.09579,99.80992,N,water_level
RES002,2026-07-05 05:40:00+07,5:40:00,0,อ่างเก็บน้ำแม่นาเรือ,19.09579,99.80992,N,rainfall_1h
RES002,2026-07-05 05:40:00+07,5:40:00,489.476,อ่างเก็บน้ำแม่นาเรือ,19.09579,99.80992,N,water_level
RES002,2026-07-05 05:50:00+07,5:50:00,0,อ่างเก็บน้ำแม่นาเรือ,19.09579,99.80992,N,rainfall_1h
RES002,2026-07-05 05:50:00+07,5:50:00,489.476,อ่างเก็บน้ำแม่นาเรือ,19.09579,99.80992,N,water_level
RES002,2026-07-05 06:00:00+07,6:00:00,0,อ่างเก็บน้ำแม่นาเรือ,19.09579,99.80992,N,rainfall_1h
RES002,2026-07-05 06:00:00+07,6:00:00,489.476,อ่างเก็บน้ำแม่นาเรือ,19.09579,99.80992,N,water_level
RES002,2026-07-05 06:10:00+07,6:10:00,0,อ่างเก็บน้ำแม่นาเรือ,19.09579,99.80992,N,rainfall_1h
RES002,2026-07-05 06:10:00+07,6:10:00,489.476,อ่างเก็บน้ำแม่นาเรือ,19.09579,99.80992,N,water_level
RES002,2026-07-05 06:20:00+07,6:20:00,489.476,อ่างเก็บน้ำแม่นาเรือ,19.09579,99.80992,N,water_level
RES002,2026-07-05 06:20:00+07,6:20:00,0,อ่างเก็บน้ำแม่นาเรือ,19.09579,99.80992,N,rainfall_1h
RES002,2026-07-05 06:30:00+07,6:30:00,489.476,อ่างเก็บน้ำแม่นาเรือ,19.09579,99.80992,N,water_level
RES002,2026-07-05 06:30:00+07,6:30:00,0,อ่างเก็บน้ำแม่นาเรือ,19.09579,99.80992,N,rainfall_1h
RES002,2026-07-05 06:40:00+07,6:40:00,0,อ่างเก็บน้ำแม่นาเรือ,19.09579,99.80992,N,rainfall_1h
RES002,2026-07-05 06:40:00+07,6:40:00,489.476,อ่างเก็บน้ำแม่นาเรือ,19.09579,99.80992,N,water_level
RES002,2026-07-05 06:50:00+07,6:50:00,489.476,อ่างเก็บน้ำแม่นาเรือ,19.09579,99.80992,N,water_level
RES002,2026-07-05 06:50:00+07,6:50:00,0,อ่างเก็บน้ำแม่นาเรือ,19.09579,99.80992,N,rainfall_1h
RES002,2026-07-05 07:00:00+07,7:00:00,0,อ่างเก็บน้ำแม่นาเรือ,19.09579,99.80992,N,rainfall_1h
RES002,2026-07-05 07:00:00+07,7:00:00,489.476,อ่างเก็บน้ำแม่นาเรือ,19.09579,99.80992,N,water_level
RES002,2026-07-05 07:10:00+07,7:10:00,0,อ่างเก็บน้ำแม่นาเรือ,19.09579,99.80992,N,rainfall_1h
RES002,2026-07-05 07:10:00+07,7:10:00,489.476,อ่างเก็บน้ำแม่นาเรือ,19.09579,99.80992,N,water_level
RES002,2026-07-05 07:20:00+07,7:20:00,489.476,อ่างเก็บน้ำแม่นาเรือ,19.09579,99.80992,N,water_level
RES002,2026-07-05 07:20:00+07,7:20:00,0,อ่างเก็บน้ำแม่นาเรือ,19.09579,99.80992,N,rainfall_1h
RES002,2026-07-05 07:30:00+07,7:30:00,0,อ่างเก็บน้ำแม่นาเรือ,19.09579,99.80992,N,rainfall_1h
RES002,2026-07-05 07:30:00+07,7:30:00,489.475,อ่างเก็บน้ำแม่นาเรือ,19.09579,99.80992,N,water_level
RES002,2026-07-05 07:40:00+07,7:40:00,489.476,อ่างเก็บน้ำแม่นาเรือ,19.09579,99.80992,N,water_level
RES002,2026-07-05 07:40:00+07,7:40:00,0,อ่างเก็บน้ำแม่นาเรือ,19.09579,99.80992,N,rainfall_1h
RES002,2026-07-05 07:50:00+07,7:50:00,0,อ่างเก็บน้ำแม่นาเรือ,19.09579,99.80992,N,rainfall_1h
RES002,2026-07-05 07:50:00+07,7:50:00,489.47,อ่างเก็บน้ำแม่นาเรือ,19.09579,99.80992,N,water_level
RES002,2026-07-05 08:00:00+07,8:00:00,489.469,อ่างเก็บน้ำแม่นาเรือ,19.09579,99.80992,N,water_level
RES002,2026-07-05 08:00:00+07,8:00:00,0,อ่างเก็บน้ำแม่นาเรือ,19.09579,99.80992,N,rainfall_1h
RES002,2026-07-05 08:10:00+07,8:10:00,489.47,อ่างเก็บน้ำแม่นาเรือ,19.09579,99.80992,N,water_level
RES002,2026-07-05 08:10:00+07,8:10:00,0,อ่างเก็บน้ำแม่นาเรือ,19.09579,99.80992,N,rainfall_1h
RES002,2026-07-05 08:20:00+07,8:20:00,489.47,อ่างเก็บน้ำแม่นาเรือ,19.09579,99.80992,N,water_level
RES002,2026-07-05 08:20:00+07,8:20:00,0,อ่างเก็บน้ำแม่นาเรือ,19.09579,99.80992,N,rainfall_1h
RES002,2026-07-05 08:30:00+07,8:30:00,489.47,อ่างเก็บน้ำแม่นาเรือ,19.09579,99.80992,N,water_level
RES002,2026-07-05 08:30:00+07,8:30:00,0,อ่างเก็บน้ำแม่นาเรือ,19.09579,99.80992,N,rainfall_1h
RES002,2026-07-05 08:40:00+07,8:40:00,0,อ่างเก็บน้ำแม่นาเรือ,19.09579,99.80992,N,rainfall_1h
RES002,2026-07-05 08:40:00+07,8:40:00,489.47,อ่างเก็บน้ำแม่นาเรือ,19.09579,99.80992,N,water_level
RES002,2026-07-05 08:50:00+07,8:50:00,489.47,อ่างเก็บน้ำแม่นาเรือ,19.09579,99.80992,N,water_level
RES002,2026-07-05 08:50:00+07,8:50:00,0,อ่างเก็บน้ำแม่นาเรือ,19.09579,99.80992,N,rainfall_1h
RES002,2026-07-05 09:00:00+07,9:00:00,0,อ่างเก็บน้ำแม่นาเรือ,19.09579,99.80992,N,rainfall_1h
RES002,2026-07-05 09:00:00+07,9:00:00,489.47,อ่างเก็บน้ำแม่นาเรือ,19.09579,99.80992,N,water_level
RES002,2026-07-05 09:10:00+07,9:10:00,0,อ่างเก็บน้ำแม่นาเรือ,19.09579,99.80992,N,rainfall_1h
RES002,2026-07-05 09:10:00+07,9:10:00,489.47,อ่างเก็บน้ำแม่นาเรือ,19.09579,99.80992,N,water_level
RES002,2026-07-05 09:20:00+07,9:20:00,0,อ่างเก็บน้ำแม่นาเรือ,19.09579,99.80992,N,rainfall_1h
RES002,2026-07-05 09:20:00+07,9:20:00,489.469,อ่างเก็บน้ำแม่นาเรือ,19.09579,99.80992,N,water_level
RES002,2026-07-05 09:30:00+07,9:30:00,489.47,อ่างเก็บน้ำแม่นาเรือ,19.09579,99.80992,N,water_level
RES002,2026-07-05 09:30:00+07,9:30:00,0,อ่างเก็บน้ำแม่นาเรือ,19.09579,99.80992,N,rainfall_1h
RES002,2026-07-05 09:40:00+07,9:40:00,489.47,อ่างเก็บน้ำแม่นาเรือ,19.09579,99.80992,N,water_level
RES002,2026-07-05 09:40:00+07,9:40:00,0,อ่างเก็บน้ำแม่นาเรือ,19.09579,99.80992,N,rainfall_1h
RES002,2026-07-05 09:50:00+07,9:50:00,489.463,อ่างเก็บน้ำแม่นาเรือ,19.09579,99.80992,N,water_level
RES002,2026-07-05 09:50:00+07,9:50:00,0,อ่างเก็บน้ำแม่นาเรือ,19.09579,99.80992,N,rainfall_1h
RES002,2026-07-05 10:00:00+07,10:00:00,0,อ่างเก็บน้ำแม่นาเรือ,19.09579,99.80992,N,rainfall_1h
RES002,2026-07-05 10:00:00+07,10:00:00,489.463,อ่างเก็บน้ำแม่นาเรือ,19.09579,99.80992,N,water_level
RES002,2026-07-05 10:10:00+07,10:10:00,0,อ่างเก็บน้ำแม่นาเรือ,19.09579,99.80992,N,rainfall_1h
RES002,2026-07-05 10:10:00+07,10:10:00,489.463,อ่างเก็บน้ำแม่นาเรือ,19.09579,99.80992,N,water_level
RES002,2026-07-05 10:20:00+07,10:20:00,489.462,อ่างเก็บน้ำแม่นาเรือ,19.09579,99.80992,N,water_level
RES002,2026-07-05 10:20:00+07,10:20:00,0,อ่างเก็บน้ำแม่นาเรือ,19.09579,99.80992,N,rainfall_1h
RES002,2026-07-05 10:30:00+07,10:30:00,489.462,อ่างเก็บน้ำแม่นาเรือ,19.09579,99.80992,N,water_level
RES002,2026-07-05 10:30:00+07,10:30:00,0,อ่างเก็บน้ำแม่นาเรือ,19.09579,99.80992,N,rainfall_1h
RES002,2026-07-05 10:40:00+07,10:40:00,489.463,อ่างเก็บน้ำแม่นาเรือ,19.09579,99.80992,N,water_level
RES002,2026-07-05 10:40:00+07,10:40:00,0,อ่างเก็บน้ำแม่นาเรือ,19.09579,99.80992,N,rainfall_1h
RES002,2026-07-05 10:50:00+07,10:50:00,489.456,อ่างเก็บน้ำแม่นาเรือ,19.09579,99.80992,N,water_level
RES002,2026-07-05 10:50:00+07,10:50:00,0,อ่างเก็บน้ำแม่นาเรือ,19.09579,99.80992,N,rainfall_1h
RES002,2026-07-05 11:00:00+07,11:00:00,0,อ่างเก็บน้ำแม่นาเรือ,19.09579,99.80992,N,rainfall_1h
RES002,2026-07-05 11:00:00+07,11:00:00,489.456,อ่างเก็บน้ำแม่นาเรือ,19.09579,99.80992,N,water_level
RES002,2026-07-05 11:10:00+07,11:10:00,489.456,อ่างเก็บน้ำแม่นาเรือ,19.09579,99.80992,N,water_level
RES002,2026-07-05 11:10:00+07,11:10:00,0,อ่างเก็บน้ำแม่นาเรือ,19.09579,99.80992,N,rainfall_1h
RES002,2026-07-05 11:20:00+07,11:20:00,0,อ่างเก็บน้ำแม่นาเรือ,19.09579,99.80992,N,rainfall_1h
RES002,2026-07-05 11:20:00+07,11:20:00,489.449,อ่างเก็บน้ำแม่นาเรือ,19.09579,99.80992,N,water_level
RES002,2026-07-05 11:30:00+07,11:30:00,489.443,อ่างเก็บน้ำแม่นาเรือ,19.09579,99.80992,N,water_level
RES002,2026-07-05 11:30:00+07,11:30:00,0,อ่างเก็บน้ำแม่นาเรือ,19.09579,99.80992,N,rainfall_1h
RES002,2026-07-05 11:40:00+07,11:40:00,0,อ่างเก็บน้ำแม่นาเรือ,19.09579,99.80992,N,rainfall_1h
RES002,2026-07-05 11:40:00+07,11:40:00,489.451,อ่างเก็บน้ำแม่นาเรือ,19.09579,99.80992,N,water_level
RES002,2026-07-05 11:50:00+07,11:50:00,0,อ่างเก็บน้ำแม่นาเรือ,19.09579,99.80992,N,rainfall_1h
RES002,2026-07-05 11:50:00+07,11:50:00,489.449,อ่างเก็บน้ำแม่นาเรือ,19.09579,99.80992,N,water_level
RES002,2026-07-05 12:00:00+07,12:00:00,489.449,อ่างเก็บน้ำแม่นาเรือ,19.09579,99.80992,N,water_level
RES002,2026-07-05 12:00:00+07,12:00:00,0,อ่างเก็บน้ำแม่นาเรือ,19.09579,99.80992,N,rainfall_1h
RES002,2026-07-05 12:10:00+07,12:10:00,0,อ่างเก็บน้ำแม่นาเรือ,19.09579,99.80992,N,rainfall_1h
RES002,2026-07-05 12:10:00+07,12:10:00,489.443,อ่างเก็บน้ำแม่นาเรือ,19.09579,99.80992,N,water_level
RES002,2026-07-05 12:20:00+07,12:20:00,0,อ่างเก็บน้ำแม่นาเรือ,19.09579,99.80992,N,rainfall_1h
RES002,2026-07-05 12:20:00+07,12:20:00,489.443,อ่างเก็บน้ำแม่นาเรือ,19.09579,99.80992,N,water_level
RES002,2026-07-05 12:30:00+07,12:30:00,0,อ่างเก็บน้ำแม่นาเรือ,19.09579,99.80992,N,rainfall_1h
RES002,2026-07-05 12:30:00+07,12:30:00,489.449,อ่างเก็บน้ำแม่นาเรือ,19.09579,99.80992,N,water_level
RES002,2026-07-05 12:40:00+07,12:40:00,0,อ่างเก็บน้ำแม่นาเรือ,19.09579,99.80992,N,rainfall_1h
RES002,2026-07-05 12:40:00+07,12:40:00,489.443,อ่างเก็บน้ำแม่นาเรือ,19.09579,99.80992,N,water_level
RES002,2026-07-05 12:50:00+07,12:50:00,0,อ่างเก็บน้ำแม่นาเรือ,19.09579,99.80992,N,rainfall_1h
RES002,2026-07-05 12:50:00+07,12:50:00,489.449,อ่างเก็บน้ำแม่นาเรือ,19.09579,99.80992,N,water_level
RES002,2026-07-05 13:00:00+07,13:00:00,0,อ่างเก็บน้ำแม่นาเรือ,19.09579,99.80992,N,rainfall_1h
RES002,2026-07-05 13:00:00+07,13:00:00,489.449,อ่างเก็บน้ำแม่นาเรือ,19.09579,99.80992,N,water_level
RES002,2026-07-05 13:10:00+07,13:10:00,0,อ่างเก็บน้ำแม่นาเรือ,19.09579,99.80992,N,rainfall_1h
RES002,2026-07-05 13:10:00+07,13:10:00,489.449,อ่างเก็บน้ำแม่นาเรือ,19.09579,99.80992,N,water_level
RES002,2026-07-05 13:20:00+07,13:20:00,0,อ่างเก็บน้ำแม่นาเรือ,19.09579,99.80992,N,rainfall_1h
RES002,2026-07-05 13:20:00+07,13:20:00,489.449,อ่างเก็บน้ำแม่นาเรือ,19.09579,99.80992,N,water_level
RES002,2026-07-05 13:30:00+07,13:30:00,0,อ่างเก็บน้ำแม่นาเรือ,19.09579,99.80992,N,rainfall_1h
RES002,2026-07-05 13:30:00+07,13:30:00,489.443,อ่างเก็บน้ำแม่นาเรือ,19.09579,99.80992,N,water_level
RES002,2026-07-05 13:40:00+07,13:40:00,0,อ่างเก็บน้ำแม่นาเรือ,19.09579,99.80992,N,rainfall_1h
RES002,2026-07-05 13:40:00+07,13:40:00,489.449,อ่างเก็บน้ำแม่นาเรือ,19.09579,99.80992,N,water_level
RES002,2026-07-05 13:50:00+07,13:50:00,0,อ่างเก็บน้ำแม่นาเรือ,19.09579,99.80992,N,rainfall_1h
RES002,2026-07-05 13:50:00+07,13:50:00,489.449,อ่างเก็บน้ำแม่นาเรือ,19.09579,99.80992,N,water_level
RES002,2026-07-05 14:00:00+07,14:00:00,0,อ่างเก็บน้ำแม่นาเรือ,19.09579,99.80992,N,rainfall_1h
RES002,2026-07-05 14:00:00+07,14:00:00,489.449,อ่างเก็บน้ำแม่นาเรือ,19.09579,99.80992,N,water_level
RES002,2026-07-05 14:10:00+07,14:10:00,0,อ่างเก็บน้ำแม่นาเรือ,19.09579,99.80992,N,rainfall_1h
RES002,2026-07-05 14:10:00+07,14:10:00,489.45,อ่างเก็บน้ำแม่นาเรือ,19.09579,99.80992,N,water_level
RES002,2026-07-05 14:20:00+07,14:20:00,0,อ่างเก็บน้ำแม่นาเรือ,19.09579,99.80992,N,rainfall_1h
RES002,2026-07-05 14:20:00+07,14:20:00,489.449,อ่างเก็บน้ำแม่นาเรือ,19.09579,99.80992,N,water_level
RES002,2026-07-05 14:30:00+07,14:30:00,0,อ่างเก็บน้ำแม่นาเรือ,19.09579,99.80992,N,rainfall_1h
RES002,2026-07-05 14:30:00+07,14:30:00,489.443,อ่างเก็บน้ำแม่นาเรือ,19.09579,99.80992,N,water_level
RES002,2026-07-05 14:40:00+07,14:40:00,0,อ่างเก็บน้ำแม่นาเรือ,19.09579,99.80992,N,rainfall_1h
RES002,2026-07-05 14:40:00+07,14:40:00,489.449,อ่างเก็บน้ำแม่นาเรือ,19.09579,99.80992,N,water_level
RES002,2026-07-05 14:50:00+07,14:50:00,0,อ่างเก็บน้ำแม่นาเรือ,19.09579,99.80992,N,rainfall_1h
RES002,2026-07-05 14:50:00+07,14:50:00,489.449,อ่างเก็บน้ำแม่นาเรือ,19.09579,99.80992,N,water_level
RES002,2026-07-05 15:00:00+07,15:00:00,0,อ่างเก็บน้ำแม่นาเรือ,19.09579,99.80992,N,rainfall_1h
RES002,2026-07-05 15:00:00+07,15:00:00,489.456,อ่างเก็บน้ำแม่นาเรือ,19.09579,99.80992,N,water_level
RES002,2026-07-05 15:10:00+07,15:10:00,0,อ่างเก็บน้ำแม่นาเรือ,19.09579,99.80992,N,rainfall_1h
RES002,2026-07-05 15:10:00+07,15:10:00,489.436,อ่างเก็บน้ำแม่นาเรือ,19.09579,99.80992,N,water_level
RES002,2026-07-05 15:20:00+07,15:20:00,0,อ่างเก็บน้ำแม่นาเรือ,19.09579,99.80992,N,rainfall_1h
RES002,2026-07-05 15:20:00+07,15:20:00,489.436,อ่างเก็บน้ำแม่นาเรือ,19.09579,99.80992,N,water_level
RES002,2026-07-05 15:30:00+07,15:30:00,0,อ่างเก็บน้ำแม่นาเรือ,19.09579,99.80992,N,rainfall_1h
RES002,2026-07-05 15:30:00+07,15:30:00,489.443,อ่างเก็บน้ำแม่นาเรือ,19.09579,99.80992,N,water_level
RES002,2026-07-05 15:40:00+07,15:40:00,0,อ่างเก็บน้ำแม่นาเรือ,19.09579,99.80992,N,rainfall_1h
RES002,2026-07-05 15:40:00+07,15:40:00,489.449,อ่างเก็บน้ำแม่นาเรือ,19.09579,99.80992,N,water_level
RES002,2026-07-05 15:50:00+07,15:50:00,0,อ่างเก็บน้ำแม่นาเรือ,19.09579,99.80992,N,rainfall_1h
RES002,2026-07-05 15:50:00+07,15:50:00,489.443,อ่างเก็บน้ำแม่นาเรือ,19.09579,99.80992,N,water_level
RES002,2026-07-05 16:00:00+07,16:00:00,0,อ่างเก็บน้ำแม่นาเรือ,19.09579,99.80992,N,rainfall_1h
RES002,2026-07-05 16:00:00+07,16:00:00,489.436,อ่างเก็บน้ำแม่นาเรือ,19.09579,99.80992,N,water_level
RES002,2026-07-05 16:10:00+07,16:10:00,0,อ่างเก็บน้ำแม่นาเรือ,19.09579,99.80992,N,rainfall_1h
RES002,2026-07-05 16:10:00+07,16:10:00,489.443,อ่างเก็บน้ำแม่นาเรือ,19.09579,99.80992,N,water_level
RES002,2026-07-05 16:20:00+07,16:20:00,0,อ่างเก็บน้ำแม่นาเรือ,19.09579,99.80992,N,rainfall_1h
RES002,2026-07-05 16:20:00+07,16:20:00,489.43,อ่างเก็บน้ำแม่นาเรือ,19.09579,99.80992,N,water_level
RES002,2026-07-05 16:30:00+07,16:30:00,0,อ่างเก็บน้ำแม่นาเรือ,19.09579,99.80992,N,rainfall_1h
RES002,2026-07-05 16:30:00+07,16:30:00,489.455,อ่างเก็บน้ำแม่นาเรือ,19.09579,99.80992,N,water_level
RES002,2026-07-05 16:40:00+07,16:40:00,0,อ่างเก็บน้ำแม่นาเรือ,19.09579,99.80992,N,rainfall_1h
RES002,2026-07-05 16:40:00+07,16:40:00,489.449,อ่างเก็บน้ำแม่นาเรือ,19.09579,99.80992,N,water_level
RES002,2026-07-05 16:50:00+07,16:50:00,0,อ่างเก็บน้ำแม่นาเรือ,19.09579,99.80992,N,rainfall_1h
RES002,2026-07-05 16:50:00+07,16:50:00,489.449,อ่างเก็บน้ำแม่นาเรือ,19.09579,99.80992,N,water_level
RES002,2026-07-05 17:00:00+07,17:00:00,0,อ่างเก็บน้ำแม่นาเรือ,19.09579,99.80992,N,rainfall_1h
RES002,2026-07-05 17:00:00+07,17:00:00,489.449,อ่างเก็บน้ำแม่นาเรือ,19.09579,99.80992,N,water_level
RES002,2026-07-05 17:10:00+07,17:10:00,0,อ่างเก็บน้ำแม่นาเรือ,19.09579,99.80992,N,rainfall_1h
RES002,2026-07-05 17:10:00+07,17:10:00,489.449,อ่างเก็บน้ำแม่นาเรือ,19.09579,99.80992,N,water_level
RES002,2026-07-05 17:20:00+07,17:20:00,489.449,อ่างเก็บน้ำแม่นาเรือ,19.09579,99.80992,N,water_level
RES002,2026-07-05 17:20:00+07,17:20:00,0,อ่างเก็บน้ำแม่นาเรือ,19.09579,99.80992,N,rainfall_1h
RES002,2026-07-05 17:30:00+07,17:30:00,489.454,อ่างเก็บน้ำแม่นาเรือ,19.09579,99.80992,N,water_level
RES002,2026-07-05 17:30:00+07,17:30:00,0,อ่างเก็บน้ำแม่นาเรือ,19.09579,99.80992,N,rainfall_1h
RES002,2026-07-05 17:40:00+07,17:40:00,0,อ่างเก็บน้ำแม่นาเรือ,19.09579,99.80992,N,rainfall_1h
RES002,2026-07-05 17:40:00+07,17:40:00,489.449,อ่างเก็บน้ำแม่นาเรือ,19.09579,99.80992,N,water_level
RES002,2026-07-05 17:50:00+07,17:50:00,0,อ่างเก็บน้ำแม่นาเรือ,19.09579,99.80992,N,rainfall_1h
RES002,2026-07-05 17:50:00+07,17:50:00,489.449,อ่างเก็บน้ำแม่นาเรือ,19.09579,99.80992,N,water_level
RES002,2026-07-05 18:00:00+07,18:00:00,0,อ่างเก็บน้ำแม่นาเรือ,19.09579,99.80992,N,rainfall_1h
RES002,2026-07-05 18:00:00+07,18:00:00,489.449,อ่างเก็บน้ำแม่นาเรือ,19.09579,99.80992,N,water_level
RES002,2026-07-05 18:10:00+07,18:10:00,0,อ่างเก็บน้ำแม่นาเรือ,19.09579,99.80992,N,rainfall_1h
RES002,2026-07-05 18:10:00+07,18:10:00,489.449,อ่างเก็บน้ำแม่นาเรือ,19.09579,99.80992,N,water_level
RES002,2026-07-05 18:20:00+07,18:20:00,0,อ่างเก็บน้ำแม่นาเรือ,19.09579,99.80992,N,rainfall_1h
RES002,2026-07-05 18:20:00+07,18:20:00,489.449,อ่างเก็บน้ำแม่นาเรือ,19.09579,99.80992,N,water_level
RES002,2026-07-05 18:30:00+07,18:30:00,0,อ่างเก็บน้ำแม่นาเรือ,19.09579,99.80992,N,rainfall_1h
RES002,2026-07-05 18:30:00+07,18:30:00,489.45,อ่างเก็บน้ำแม่นาเรือ,19.09579,99.80992,N,water_level
RES002,2026-07-05 18:40:00+07,18:40:00,0,อ่างเก็บน้ำแม่นาเรือ,19.09579,99.80992,N,rainfall_1h
RES002,2026-07-05 18:40:00+07,18:40:00,489.449,อ่างเก็บน้ำแม่นาเรือ,19.09579,99.80992,N,water_level
RES002,2026-07-05 18:50:00+07,18:50:00,0,อ่างเก็บน้ำแม่นาเรือ,19.09579,99.80992,N,rainfall_1h
RES002,2026-07-05 18:50:00+07,18:50:00,489.45,อ่างเก็บน้ำแม่นาเรือ,19.09579,99.80992,N,water_level
RES002,2026-07-05 19:00:00+07,19:00:00,0,อ่างเก็บน้ำแม่นาเรือ,19.09579,99.80992,N,rainfall_1h
RES002,2026-07-05 19:00:00+07,19:00:00,489.45,อ่างเก็บน้ำแม่นาเรือ,19.09579,99.80992,N,water_level
RES002,2026-07-05 19:10:00+07,19:10:00,0,อ่างเก็บน้ำแม่นาเรือ,19.09579,99.80992,N,rainfall_1h
RES002,2026-07-05 19:10:00+07,19:10:00,489.45,อ่างเก็บน้ำแม่นาเรือ,19.09579,99.80992,N,water_level
RES002,2026-07-05 19:20:00+07,19:20:00,0,อ่างเก็บน้ำแม่นาเรือ,19.09579,99.80992,N,rainfall_1h
RES002,2026-07-05 19:20:00+07,19:20:00,489.45,อ่างเก็บน้ำแม่นาเรือ,19.09579,99.80992,N,water_level
RES002,2026-07-05 19:30:00+07,19:30:00,0,อ่างเก็บน้ำแม่นาเรือ,19.09579,99.80992,N,rainfall_1h
RES002,2026-07-05 19:30:00+07,19:30:00,489.45,อ่างเก็บน้ำแม่นาเรือ,19.09579,99.80992,N,water_level
RES002,2026-07-05 19:40:00+07,19:40:00,0,อ่างเก็บน้ำแม่นาเรือ,19.09579,99.80992,N,rainfall_1h
RES002,2026-07-05 19:40:00+07,19:40:00,489.45,อ่างเก็บน้ำแม่นาเรือ,19.09579,99.80992,N,water_level
RES002,2026-07-05 19:50:00+07,19:50:00,0,อ่างเก็บน้ำแม่นาเรือ,19.09579,99.80992,N,rainfall_1h
RES002,2026-07-05 19:50:00+07,19:50:00,489.45,อ่างเก็บน้ำแม่นาเรือ,19.09579,99.80992,N,water_level
RES002,2026-07-05 20:00:00+07,20:00:00,0,อ่างเก็บน้ำแม่นาเรือ,19.09579,99.80992,N,rainfall_1h
RES002,2026-07-05 20:00:00+07,20:00:00,489.45,อ่างเก็บน้ำแม่นาเรือ,19.09579,99.80992,N,water_level
RES002,2026-07-05 20:10:00+07,20:10:00,0,อ่างเก็บน้ำแม่นาเรือ,19.09579,99.80992,N,rainfall_1h
RES002,2026-07-05 20:10:00+07,20:10:00,489.45,อ่างเก็บน้ำแม่นาเรือ,19.09579,99.80992,N,water_level
RES002,2026-07-05 20:20:00+07,20:20:00,0,อ่างเก็บน้ำแม่นาเรือ,19.09579,99.80992,N,rainfall_1h
RES002,2026-07-05 20:20:00+07,20:20:00,489.45,อ่างเก็บน้ำแม่นาเรือ,19.09579,99.80992,N,water_level
RES002,2026-07-05 20:30:00+07,20:30:00,0,อ่างเก็บน้ำแม่นาเรือ,19.09579,99.80992,N,rainfall_1h
RES002,2026-07-05 20:30:00+07,20:30:00,489.444,อ่างเก็บน้ำแม่นาเรือ,19.09579,99.80992,N,water_level
RES002,2026-07-05 20:40:00+07,20:40:00,0,อ่างเก็บน้ำแม่นาเรือ,19.09579,99.80992,N,rainfall_1h
RES002,2026-07-05 20:40:00+07,20:40:00,489.45,อ่างเก็บน้ำแม่นาเรือ,19.09579,99.80992,N,water_level
RES002,2026-07-05 20:50:00+07,20:50:00,0,อ่างเก็บน้ำแม่นาเรือ,19.09579,99.80992,N,rainfall_1h
RES002,2026-07-05 20:50:00+07,20:50:00,489.444,อ่างเก็บน้ำแม่นาเรือ,19.09579,99.80992,N,water_level
RES002,2026-07-05 21:00:00+07,21:00:00,0,อ่างเก็บน้ำแม่นาเรือ,19.09579,99.80992,N,rainfall_1h
RES002,2026-07-05 21:00:00+07,21:00:00,489.444,อ่างเก็บน้ำแม่นาเรือ,19.09579,99.80992,N,water_level
RES002,2026-07-05 21:10:00+07,21:10:00,0,อ่างเก็บน้ำแม่นาเรือ,19.09579,99.80992,N,rainfall_1h
RES002,2026-07-05 21:10:00+07,21:10:00,489.444,อ่างเก็บน้ำแม่นาเรือ,19.09579,99.80992,N,water_level
RES002,2026-07-05 21:20:00+07,21:20:00,0,อ่างเก็บน้ำแม่นาเรือ,19.09579,99.80992,N,rainfall_1h
RES002,2026-07-05 21:20:00+07,21:20:00,489.444,อ่างเก็บน้ำแม่นาเรือ,19.09579,99.80992,N,water_level
RES002,2026-07-05 21:30:00+07,21:30:00,0,อ่างเก็บน้ำแม่นาเรือ,19.09579,99.80992,N,rainfall_1h
RES002,2026-07-05 21:30:00+07,21:30:00,489.444,อ่างเก็บน้ำแม่นาเรือ,19.09579,99.80992,N,water_level
RES002,2026-07-05 21:40:00+07,21:40:00,0,อ่างเก็บน้ำแม่นาเรือ,19.09579,99.80992,N,rainfall_1h
RES002,2026-07-05 21:40:00+07,21:40:00,489.444,อ่างเก็บน้ำแม่นาเรือ,19.09579,99.80992,N,water_level
RES002,2026-07-05 21:50:00+07,21:50:00,0,อ่างเก็บน้ำแม่นาเรือ,19.09579,99.80992,N,rainfall_1h
RES002,2026-07-05 21:50:00+07,21:50:00,489.444,อ่างเก็บน้ำแม่นาเรือ,19.09579,99.80992,N,water_level
RES002,2026-07-05 22:00:00+07,22:00:00,0,อ่างเก็บน้ำแม่นาเรือ,19.09579,99.80992,N,rainfall_1h
RES002,2026-07-05 22:00:00+07,22:00:00,489.444,อ่างเก็บน้ำแม่นาเรือ,19.09579,99.80992,N,water_level
RES002,2026-07-05 22:10:00+07,22:10:00,0,อ่างเก็บน้ำแม่นาเรือ,19.09579,99.80992,N,rainfall_1h
RES002,2026-07-05 22:10:00+07,22:10:00,489.444,อ่างเก็บน้ำแม่นาเรือ,19.09579,99.80992,N,water_level
RES002,2026-07-05 22:20:00+07,22:20:00,0,อ่างเก็บน้ำแม่นาเรือ,19.09579,99.80992,N,rainfall_1h
RES002,2026-07-05 22:20:00+07,22:20:00,489.444,อ่างเก็บน้ำแม่นาเรือ,19.09579,99.80992,N,water_level
RES002,2026-07-05 22:30:00+07,22:30:00,0,อ่างเก็บน้ำแม่นาเรือ,19.09579,99.80992,N,rainfall_1h
RES002,2026-07-05 22:30:00+07,22:30:00,489.444,อ่างเก็บน้ำแม่นาเรือ,19.09579,99.80992,N,water_level
RES002,2026-07-05 22:40:00+07,22:40:00,0,อ่างเก็บน้ำแม่นาเรือ,19.09579,99.80992,N,rainfall_1h
RES002,2026-07-05 22:40:00+07,22:40:00,489.444,อ่างเก็บน้ำแม่นาเรือ,19.09579,99.80992,N,water_level
RES002,2026-07-05 22:50:00+07,22:50:00,0,อ่างเก็บน้ำแม่นาเรือ,19.09579,99.80992,N,rainfall_1h
RES002,2026-07-05 22:50:00+07,22:50:00,489.444,อ่างเก็บน้ำแม่นาเรือ,19.09579,99.80992,N,water_level
RES002,2026-07-05 23:00:00+07,23:00:00,0,อ่างเก็บน้ำแม่นาเรือ,19.09579,99.80992,N,rainfall_1h
RES002,2026-07-05 23:00:00+07,23:00:00,489.444,อ่างเก็บน้ำแม่นาเรือ,19.09579,99.80992,N,water_level
RES002,2026-07-05 23:10:00+07,23:10:00,0,อ่างเก็บน้ำแม่นาเรือ,19.09579,99.80992,N,rainfall_1h
RES002,2026-07-05 23:10:00+07,23:10:00,489.444,อ่างเก็บน้ำแม่นาเรือ,19.09579,99.80992,N,water_level
RES002,2026-07-05 23:20:00+07,23:20:00,0,อ่างเก็บน้ำแม่นาเรือ,19.09579,99.80992,N,rainfall_1h
RES002,2026-07-05 23:20:00+07,23:20:00,489.444,อ่างเก็บน้ำแม่นาเรือ,19.09579,99.80992,N,water_level
RES002,2026-07-05 23:30:00+07,23:30:00,0,อ่างเก็บน้ำแม่นาเรือ,19.09579,99.80992,N,rainfall_1h
RES002,2026-07-05 23:30:00+07,23:30:00,489.444,อ่างเก็บน้ำแม่นาเรือ,19.09579,99.80992,N,water_level
RES002,2026-07-05 23:40:00+07,23:40:00,0,อ่างเก็บน้ำแม่นาเรือ,19.09579,99.80992,N,rainfall_1h
RES002,2026-07-05 23:40:00+07,23:40:00,489.444,อ่างเก็บน้ำแม่นาเรือ,19.09579,99.80992,N,water_level
RES002,2026-07-05 23:50:00+07,23:50:00,0,อ่างเก็บน้ำแม่นาเรือ,19.09579,99.80992,N,rainfall_1h
RES002,2026-07-05 23:50:00+07,23:50:00,489.444,อ่างเก็บน้ำแม่นาเรือ,19.09579,99.80992,N,water_level
RES002,2026-07-06 00:00:00+07,0:00:00,0,อ่างเก็บน้ำแม่นาเรือ,19.09579,99.80992,N,rainfall_1h
RES002,2026-07-06 00:00:00+07,0:00:00,489.444,อ่างเก็บน้ำแม่นาเรือ,19.09579,99.80992,N,water_level
RES002,2026-07-06 00:10:00+07,0:10:00,0,อ่างเก็บน้ำแม่นาเรือ,19.09579,99.80992,N,rainfall_1h
RES002,2026-07-06 00:10:00+07,0:10:00,489.444,อ่างเก็บน้ำแม่นาเรือ,19.09579,99.80992,N,water_level
RES002,2026-07-06 00:20:00+07,0:20:00,0,อ่างเก็บน้ำแม่นาเรือ,19.09579,99.80992,N,rainfall_1h
RES002,2026-07-06 00:20:00+07,0:20:00,489.444,อ่างเก็บน้ำแม่นาเรือ,19.09579,99.80992,N,water_level
RES002,2026-07-06 00:30:00+07,0:30:00,0,อ่างเก็บน้ำแม่นาเรือ,19.09579,99.80992,N,rainfall_1h
RES002,2026-07-06 00:30:00+07,0:30:00,489.444,อ่างเก็บน้ำแม่นาเรือ,19.09579,99.80992,N,water_level
RES002,2026-07-06 00:40:00+07,0:40:00,0,อ่างเก็บน้ำแม่นาเรือ,19.09579,99.80992,N,rainfall_1h
RES002,2026-07-06 00:40:00+07,0:40:00,489.437,อ่างเก็บน้ำแม่นาเรือ,19.09579,99.80992,N,water_level
RES002,2026-07-06 00:50:00+07,0:50:00,0,อ่างเก็บน้ำแม่นาเรือ,19.09579,99.80992,N,rainfall_1h
RES002,2026-07-06 00:50:00+07,0:50:00,489.437,อ่างเก็บน้ำแม่นาเรือ,19.09579,99.80992,N,water_level
RES002,2026-07-06 01:00:00+07,1:00:00,0,อ่างเก็บน้ำแม่นาเรือ,19.09579,99.80992,N,rainfall_1h
RES002,2026-07-06 01:00:00+07,1:00:00,489.444,อ่างเก็บน้ำแม่นาเรือ,19.09579,99.80992,N,water_level
RES002,2026-07-06 01:10:00+07,1:10:00,0,อ่างเก็บน้ำแม่นาเรือ,19.09579,99.80992,N,rainfall_1h
RES002,2026-07-06 01:10:00+07,1:10:00,489.437,อ่างเก็บน้ำแม่นาเรือ,19.09579,99.80992,N,water_level
RES002,2026-07-06 01:20:00+07,1:20:00,0,อ่างเก็บน้ำแม่นาเรือ,19.09579,99.80992,N,rainfall_1h
RES002,2026-07-06 01:20:00+07,1:20:00,489.437,อ่างเก็บน้ำแม่นาเรือ,19.09579,99.80992,N,water_level
RES002,2026-07-06 01:30:00+07,1:30:00,0,อ่างเก็บน้ำแม่นาเรือ,19.09579,99.80992,N,rainfall_1h
RES002,2026-07-06 01:30:00+07,1:30:00,489.437,อ่างเก็บน้ำแม่นาเรือ,19.09579,99.80992,N,water_level
RES002,2026-07-06 01:40:00+07,1:40:00,0,อ่างเก็บน้ำแม่นาเรือ,19.09579,99.80992,N,rainfall_1h
RES002,2026-07-06 01:40:00+07,1:40:00,489.437,อ่างเก็บน้ำแม่นาเรือ,19.09579,99.80992,N,water_level
RES002,2026-07-06 01:50:00+07,1:50:00,0,อ่างเก็บน้ำแม่นาเรือ,19.09579,99.80992,N,rainfall_1h
RES002,2026-07-06 01:50:00+07,1:50:00,489.437,อ่างเก็บน้ำแม่นาเรือ,19.09579,99.80992,N,water_level
RES002,2026-07-06 02:00:00+07,2:00:00,0,อ่างเก็บน้ำแม่นาเรือ,19.09579,99.80992,N,rainfall_1h
RES002,2026-07-06 02:00:00+07,2:00:00,489.437,อ่างเก็บน้ำแม่นาเรือ,19.09579,99.80992,N,water_level
RES002,2026-07-06 02:10:00+07,2:10:00,0,อ่างเก็บน้ำแม่นาเรือ,19.09579,99.80992,N,rainfall_1h
RES002,2026-07-06 02:10:00+07,2:10:00,489.437,อ่างเก็บน้ำแม่นาเรือ,19.09579,99.80992,N,water_level
RES002,2026-07-06 02:20:00+07,2:20:00,0,อ่างเก็บน้ำแม่นาเรือ,19.09579,99.80992,N,rainfall_1h
RES002,2026-07-06 02:20:00+07,2:20:00,489.437,อ่างเก็บน้ำแม่นาเรือ,19.09579,99.80992,N,water_level
RES002,2026-07-06 02:30:00+07,2:30:00,0,อ่างเก็บน้ำแม่นาเรือ,19.09579,99.80992,N,rainfall_1h
RES002,2026-07-06 02:30:00+07,2:30:00,489.437,อ่างเก็บน้ำแม่นาเรือ,19.09579,99.80992,N,water_level
RES002,2026-07-06 02:40:00+07,2:40:00,0,อ่างเก็บน้ำแม่นาเรือ,19.09579,99.80992,N,rainfall_1h
RES002,2026-07-06 02:40:00+07,2:40:00,489.437,อ่างเก็บน้ำแม่นาเรือ,19.09579,99.80992,N,water_level
RES002,2026-07-06 02:50:00+07,2:50:00,0,อ่างเก็บน้ำแม่นาเรือ,19.09579,99.80992,N,rainfall_1h
RES002,2026-07-06 02:50:00+07,2:50:00,489.437,อ่างเก็บน้ำแม่นาเรือ,19.09579,99.80992,N,water_level
RES002,2026-07-06 03:00:00+07,3:00:00,0,อ่างเก็บน้ำแม่นาเรือ,19.09579,99.80992,N,rainfall_1h
RES002,2026-07-06 03:00:00+07,3:00:00,489.437,อ่างเก็บน้ำแม่นาเรือ,19.09579,99.80992,N,water_level
RES002,2026-07-06 03:10:00+07,3:10:00,0,อ่างเก็บน้ำแม่นาเรือ,19.09579,99.80992,N,rainfall_1h
RES002,2026-07-06 03:10:00+07,3:10:00,489.438,อ่างเก็บน้ำแม่นาเรือ,19.09579,99.80992,N,water_level
RES002,2026-07-06 03:20:00+07,3:20:00,0,อ่างเก็บน้ำแม่นาเรือ,19.09579,99.80992,N,rainfall_1h
RES002,2026-07-06 03:20:00+07,3:20:00,489.438,อ่างเก็บน้ำแม่นาเรือ,19.09579,99.80992,N,water_level
RES002,2026-07-06 03:30:00+07,3:30:00,0,อ่างเก็บน้ำแม่นาเรือ,19.09579,99.80992,N,rainfall_1h
RES002,2026-07-06 03:30:00+07,3:30:00,489.437,อ่างเก็บน้ำแม่นาเรือ,19.09579,99.80992,N,water_level
RES002,2026-07-06 03:40:00+07,3:40:00,0,อ่างเก็บน้ำแม่นาเรือ,19.09579,99.80992,N,rainfall_1h
RES002,2026-07-06 03:40:00+07,3:40:00,489.437,อ่างเก็บน้ำแม่นาเรือ,19.09579,99.80992,N,water_level
RES002,2026-07-06 03:50:00+07,3:50:00,0,อ่างเก็บน้ำแม่นาเรือ,19.09579,99.80992,N,rainfall_1h
RES002,2026-07-06 03:50:00+07,3:50:00,489.43,อ่างเก็บน้ำแม่นาเรือ,19.09579,99.80992,N,water_level
RES002,2026-07-06 04:00:00+07,4:00:00,0,อ่างเก็บน้ำแม่นาเรือ,19.09579,99.80992,N,rainfall_1h
RES002,2026-07-06 04:00:00+07,4:00:00,489.43,อ่างเก็บน้ำแม่นาเรือ,19.09579,99.80992,N,water_level
RES002,2026-07-06 04:10:00+07,4:10:00,0,อ่างเก็บน้ำแม่นาเรือ,19.09579,99.80992,N,rainfall_1h
RES002,2026-07-06 04:10:00+07,4:10:00,489.437,อ่างเก็บน้ำแม่นาเรือ,19.09579,99.80992,N,water_level
RES002,2026-07-06 04:20:00+07,4:20:00,0,อ่างเก็บน้ำแม่นาเรือ,19.09579,99.80992,N,rainfall_1h
RES002,2026-07-06 04:20:00+07,4:20:00,489.43,อ่างเก็บน้ำแม่นาเรือ,19.09579,99.80992,N,water_level
RES002,2026-07-06 04:30:00+07,4:30:00,0,อ่างเก็บน้ำแม่นาเรือ,19.09579,99.80992,N,rainfall_1h
RES002,2026-07-06 04:30:00+07,4:30:00,489.43,อ่างเก็บน้ำแม่นาเรือ,19.09579,99.80992,N,water_level
RES002,2026-07-06 04:40:00+07,4:40:00,0,อ่างเก็บน้ำแม่นาเรือ,19.09579,99.80992,N,rainfall_1h
RES002,2026-07-06 04:40:00+07,4:40:00,489.43,อ่างเก็บน้ำแม่นาเรือ,19.09579,99.80992,N,water_level
RES002,2026-07-06 04:50:00+07,4:50:00,0,อ่างเก็บน้ำแม่นาเรือ,19.09579,99.80992,N,rainfall_1h
RES002,2026-07-06 04:50:00+07,4:50:00,489.43,อ่างเก็บน้ำแม่นาเรือ,19.09579,99.80992,N,water_level
RES002,2026-07-06 05:00:00+07,5:00:00,0,อ่างเก็บน้ำแม่นาเรือ,19.09579,99.80992,N,rainfall_1h
RES002,2026-07-06 05:00:00+07,5:00:00,489.43,อ่างเก็บน้ำแม่นาเรือ,19.09579,99.80992,N,water_level
RES002,2026-07-06 05:10:00+07,5:10:00,0,อ่างเก็บน้ำแม่นาเรือ,19.09579,99.80992,N,rainfall_1h
RES002,2026-07-06 05:10:00+07,5:10:00,489.43,อ่างเก็บน้ำแม่นาเรือ,19.09579,99.80992,N,water_level
RES002,2026-07-06 05:20:00+07,5:20:00,0,อ่างเก็บน้ำแม่นาเรือ,19.09579,99.80992,N,rainfall_1h
RES002,2026-07-06 05:20:00+07,5:20:00,489.43,อ่างเก็บน้ำแม่นาเรือ,19.09579,99.80992,N,water_level
RES002,2026-07-06 05:30:00+07,5:30:00,0,อ่างเก็บน้ำแม่นาเรือ,19.09579,99.80992,N,rainfall_1h
RES002,2026-07-06 05:30:00+07,5:30:00,489.43,อ่างเก็บน้ำแม่นาเรือ,19.09579,99.80992,N,water_level
RES002,2026-07-06 05:40:00+07,5:40:00,0,อ่างเก็บน้ำแม่นาเรือ,19.09579,99.80992,N,rainfall_1h
RES002,2026-07-06 05:40:00+07,5:40:00,489.43,อ่างเก็บน้ำแม่นาเรือ,19.09579,99.80992,N,water_level
RES002,2026-07-06 05:50:00+07,5:50:00,0,อ่างเก็บน้ำแม่นาเรือ,19.09579,99.80992,N,rainfall_1h
RES002,2026-07-06 05:50:00+07,5:50:00,489.43,อ่างเก็บน้ำแม่นาเรือ,19.09579,99.80992,N,water_level
RES002,2026-07-06 06:00:00+07,6:00:00,0,อ่างเก็บน้ำแม่นาเรือ,19.09579,99.80992,N,rainfall_1h
RES002,2026-07-06 06:00:00+07,6:00:00,489.43,อ่างเก็บน้ำแม่นาเรือ,19.09579,99.80992,N,water_level
RES002,2026-07-06 06:10:00+07,6:10:00,0,อ่างเก็บน้ำแม่นาเรือ,19.09579,99.80992,N,rainfall_1h
RES002,2026-07-06 06:10:00+07,6:10:00,489.43,อ่างเก็บน้ำแม่นาเรือ,19.09579,99.80992,N,water_level
RES002,2026-07-06 06:20:00+07,6:20:00,0,อ่างเก็บน้ำแม่นาเรือ,19.09579,99.80992,N,rainfall_1h
RES002,2026-07-06 06:20:00+07,6:20:00,489.43,อ่างเก็บน้ำแม่นาเรือ,19.09579,99.80992,N,water_level
RES002,2026-07-06 06:30:00+07,6:30:00,0,อ่างเก็บน้ำแม่นาเรือ,19.09579,99.80992,N,rainfall_1h
RES002,2026-07-06 06:30:00+07,6:30:00,489.43,อ่างเก็บน้ำแม่นาเรือ,19.09579,99.80992,N,water_level
RES002,2026-07-06 06:40:00+07,6:40:00,0,อ่างเก็บน้ำแม่นาเรือ,19.09579,99.80992,N,rainfall_1h
RES002,2026-07-06 06:40:00+07,6:40:00,489.43,อ่างเก็บน้ำแม่นาเรือ,19.09579,99.80992,N,water_level
RES002,2026-07-06 06:50:00+07,6:50:00,0,อ่างเก็บน้ำแม่นาเรือ,19.09579,99.80992,N,rainfall_1h
RES002,2026-07-06 06:50:00+07,6:50:00,489.43,อ่างเก็บน้ำแม่นาเรือ,19.09579,99.80992,N,water_level
RES002,2026-07-06 07:00:00+07,7:00:00,0,อ่างเก็บน้ำแม่นาเรือ,19.09579,99.80992,N,rainfall_1h
RES002,2026-07-06 07:00:00+07,7:00:00,489.424,อ่างเก็บน้ำแม่นาเรือ,19.09579,99.80992,N,water_level
RES002,2026-07-06 07:10:00+07,7:10:00,0,อ่างเก็บน้ำแม่นาเรือ,19.09579,99.80992,N,rainfall_1h
RES002,2026-07-06 07:10:00+07,7:10:00,489.424,อ่างเก็บน้ำแม่นาเรือ,19.09579,99.80992,N,water_level
RES002,2026-07-06 07:20:00+07,7:20:00,0,อ่างเก็บน้ำแม่นาเรือ,19.09579,99.80992,N,rainfall_1h
RES002,2026-07-06 07:20:00+07,7:20:00,489.424,อ่างเก็บน้ำแม่นาเรือ,19.09579,99.80992,N,water_level
RES002,2026-07-06 07:30:00+07,7:30:00,0,อ่างเก็บน้ำแม่นาเรือ,19.09579,99.80992,N,rainfall_1h
RES002,2026-07-06 07:30:00+07,7:30:00,489.423,อ่างเก็บน้ำแม่นาเรือ,19.09579,99.80992,N,water_level
RES002,2026-07-06 07:40:00+07,7:40:00,0,อ่างเก็บน้ำแม่นาเรือ,19.09579,99.80992,N,rainfall_1h
RES002,2026-07-06 07:40:00+07,7:40:00,489.43,อ่างเก็บน้ำแม่นาเรือ,19.09579,99.80992,N,water_level
RES002,2026-07-06 07:50:00+07,7:50:00,0,อ่างเก็บน้ำแม่นาเรือ,19.09579,99.80992,N,rainfall_1h
RES002,2026-07-06 07:50:00+07,7:50:00,489.423,อ่างเก็บน้ำแม่นาเรือ,19.09579,99.80992,N,water_level
RES002,2026-07-06 08:00:00+07,8:00:00,0,อ่างเก็บน้ำแม่นาเรือ,19.09579,99.80992,N,rainfall_1h
RES002,2026-07-06 08:00:00+07,8:00:00,489.423,อ่างเก็บน้ำแม่นาเรือ,19.09579,99.80992,N,water_level
RES002,2026-07-06 08:10:00+07,8:10:00,0,อ่างเก็บน้ำแม่นาเรือ,19.09579,99.80992,N,rainfall_1h
RES002,2026-07-06 08:10:00+07,8:10:00,489.423,อ่างเก็บน้ำแม่นาเรือ,19.09579,99.80992,N,water_level
RES002,2026-07-06 08:20:00+07,8:20:00,0,อ่างเก็บน้ำแม่นาเรือ,19.09579,99.80992,N,rainfall_1h
RES002,2026-07-06 08:20:00+07,8:20:00,489.423,อ่างเก็บน้ำแม่นาเรือ,19.09579,99.80992,N,water_level
RES002,2026-07-06 08:30:00+07,8:30:00,0,อ่างเก็บน้ำแม่นาเรือ,19.09579,99.80992,N,rainfall_1h
RES002,2026-07-06 08:30:00+07,8:30:00,489.423,อ่างเก็บน้ำแม่นาเรือ,19.09579,99.80992,N,water_level
RES002,2026-07-06 08:40:00+07,8:40:00,489.417,อ่างเก็บน้ำแม่นาเรือ,19.09579,99.80992,N,water_level
RES002,2026-07-06 08:40:00+07,8:40:00,0,อ่างเก็บน้ำแม่นาเรือ,19.09579,99.80992,N,rainfall_1h
RES002,2026-07-06 08:50:00+07,8:50:00,0,อ่างเก็บน้ำแม่นาเรือ,19.09579,99.80992,N,rainfall_1h
RES002,2026-07-06 08:50:00+07,8:50:00,489.423,อ่างเก็บน้ำแม่นาเรือ,19.09579,99.80992,N,water_level
RES002,2026-07-06 09:00:00+07,9:00:00,0,อ่างเก็บน้ำแม่นาเรือ,19.09579,99.80992,N,rainfall_1h
RES002,2026-07-06 09:00:00+07,9:00:00,489.423,อ่างเก็บน้ำแม่นาเรือ,19.09579,99.80992,N,water_level
RES002,2026-07-06 09:10:00+07,9:10:00,489.417,อ่างเก็บน้ำแม่นาเรือ,19.09579,99.80992,N,water_level
RES002,2026-07-06 09:10:00+07,9:10:00,0,อ่างเก็บน้ำแม่นาเรือ,19.09579,99.80992,N,rainfall_1h
RES002,2026-07-06 09:20:00+07,9:20:00,0,อ่างเก็บน้ำแม่นาเรือ,19.09579,99.80992,N,rainfall_1h
RES002,2026-07-06 09:20:00+07,9:20:00,489.417,อ่างเก็บน้ำแม่นาเรือ,19.09579,99.80992,N,water_level
RES002,2026-07-06 09:30:00+07,9:30:00,0,อ่างเก็บน้ำแม่นาเรือ,19.09579,99.80992,N,rainfall_1h
RES002,2026-07-06 09:30:00+07,9:30:00,489.417,อ่างเก็บน้ำแม่นาเรือ,19.09579,99.80992,N,water_level
RES002,2026-07-06 09:40:00+07,9:40:00,489.417,อ่างเก็บน้ำแม่นาเรือ,19.09579,99.80992,N,water_level
RES002,2026-07-06 09:40:00+07,9:40:00,0,อ่างเก็บน้ำแม่นาเรือ,19.09579,99.80992,N,rainfall_1h
RES002,2026-07-06 09:50:00+07,9:50:00,0,อ่างเก็บน้ำแม่นาเรือ,19.09579,99.80992,N,rainfall_1h
RES002,2026-07-06 09:50:00+07,9:50:00,489.417,อ่างเก็บน้ำแม่นาเรือ,19.09579,99.80992,N,water_level
RES002,2026-07-06 10:00:00+07,10:00:00,0,อ่างเก็บน้ำแม่นาเรือ,19.09579,99.80992,N,rainfall_1h
RES002,2026-07-06 10:00:00+07,10:00:00,489.417,อ่างเก็บน้ำแม่นาเรือ,19.09579,99.80992,N,water_level
RES002,2026-07-06 10:10:00+07,10:10:00,0,อ่างเก็บน้ำแม่นาเรือ,19.09579,99.80992,N,rainfall_1h
RES002,2026-07-06 10:10:00+07,10:10:00,489.417,อ่างเก็บน้ำแม่นาเรือ,19.09579,99.80992,N,water_level
RES002,2026-07-06 10:20:00+07,10:20:00,0,อ่างเก็บน้ำแม่นาเรือ,19.09579,99.80992,N,rainfall_1h
RES002,2026-07-06 10:20:00+07,10:20:00,489.411,อ่างเก็บน้ำแม่นาเรือ,19.09579,99.80992,N,water_level
RES002,2026-07-06 10:30:00+07,10:30:00,0,อ่างเก็บน้ำแม่นาเรือ,19.09579,99.80992,N,rainfall_1h
RES002,2026-07-06 10:30:00+07,10:30:00,489.41,อ่างเก็บน้ำแม่นาเรือ,19.09579,99.80992,N,water_level
RES002,2026-07-06 10:40:00+07,10:40:00,489.41,อ่างเก็บน้ำแม่นาเรือ,19.09579,99.80992,N,water_level
RES002,2026-07-06 10:40:00+07,10:40:00,0,อ่างเก็บน้ำแม่นาเรือ,19.09579,99.80992,N,rainfall_1h
RES002,2026-07-06 10:50:00+07,10:50:00,489.41,อ่างเก็บน้ำแม่นาเรือ,19.09579,99.80992,N,water_level
RES002,2026-07-06 10:50:00+07,10:50:00,0,อ่างเก็บน้ำแม่นาเรือ,19.09579,99.80992,N,rainfall_1h
RES002,2026-07-06 11:00:00+07,11:00:00,0,อ่างเก็บน้ำแม่นาเรือ,19.09579,99.80992,N,rainfall_1h
RES002,2026-07-06 11:00:00+07,11:00:00,489.41,อ่างเก็บน้ำแม่นาเรือ,19.09579,99.80992,N,water_level
RES002,2026-07-06 11:10:00+07,11:10:00,0,อ่างเก็บน้ำแม่นาเรือ,19.09579,99.80992,N,rainfall_1h
RES002,2026-07-06 11:10:00+07,11:10:00,489.41,อ่างเก็บน้ำแม่นาเรือ,19.09579,99.80992,N,water_level
RES002,2026-07-06 11:20:00+07,11:20:00,0,อ่างเก็บน้ำแม่นาเรือ,19.09579,99.80992,N,rainfall_1h
RES002,2026-07-06 11:20:00+07,11:20:00,489.41,อ่างเก็บน้ำแม่นาเรือ,19.09579,99.80992,N,water_level
RES002,2026-07-06 11:30:00+07,11:30:00,0,อ่างเก็บน้ำแม่นาเรือ,19.09579,99.80992,N,rainfall_1h
RES002,2026-07-06 11:30:00+07,11:30:00,489.41,อ่างเก็บน้ำแม่นาเรือ,19.09579,99.80992,N,water_level
RES002,2026-07-06 11:40:00+07,11:40:00,489.41,อ่างเก็บน้ำแม่นาเรือ,19.09579,99.80992,N,water_level
RES002,2026-07-06 11:40:00+07,11:40:00,0,อ่างเก็บน้ำแม่นาเรือ,19.09579,99.80992,N,rainfall_1h
RES002,2026-07-06 11:50:00+07,11:50:00,0,อ่างเก็บน้ำแม่นาเรือ,19.09579,99.80992,N,rainfall_1h
RES002,2026-07-06 11:50:00+07,11:50:00,489.41,อ่างเก็บน้ำแม่นาเรือ,19.09579,99.80992,N,water_level
RES002,2026-07-06 12:00:00+07,12:00:00,0,อ่างเก็บน้ำแม่นาเรือ,19.09579,99.80992,N,rainfall_1h
RES002,2026-07-06 12:00:00+07,12:00:00,489.41,อ่างเก็บน้ำแม่นาเรือ,19.09579,99.80992,N,water_level
RES002,2026-07-06 12:10:00+07,12:10:00,0,อ่างเก็บน้ำแม่นาเรือ,19.09579,99.80992,N,rainfall_1h
RES002,2026-07-06 12:10:00+07,12:10:00,489.41,อ่างเก็บน้ำแม่นาเรือ,19.09579,99.80992,N,water_level
RES002,2026-07-06 12:20:00+07,12:20:00,0,อ่างเก็บน้ำแม่นาเรือ,19.09579,99.80992,N,rainfall_1h
RES002,2026-07-06 12:20:00+07,12:20:00,489.41,อ่างเก็บน้ำแม่นาเรือ,19.09579,99.80992,N,water_level
RES002,2026-07-06 12:30:00+07,12:30:00,0,อ่างเก็บน้ำแม่นาเรือ,19.09579,99.80992,N,rainfall_1h
RES002,2026-07-06 12:30:00+07,12:30:00,489.411,อ่างเก็บน้ำแม่นาเรือ,19.09579,99.80992,N,water_level
RES002,2026-07-06 12:40:00+07,12:40:00,0,อ่างเก็บน้ำแม่นาเรือ,19.09579,99.80992,N,rainfall_1h
RES002,2026-07-06 12:40:00+07,12:40:00,489.41,อ่างเก็บน้ำแม่นาเรือ,19.09579,99.80992,N,water_level
RES002,2026-07-06 12:50:00+07,12:50:00,0,อ่างเก็บน้ำแม่นาเรือ,19.09579,99.80992,N,rainfall_1h
RES002,2026-07-06 12:50:00+07,12:50:00,489.41,อ่างเก็บน้ำแม่นาเรือ,19.09579,99.80992,N,water_level
RES002,2026-07-06 13:00:00+07,13:00:00,0,อ่างเก็บน้ำแม่นาเรือ,19.09579,99.80992,N,rainfall_1h
RES002,2026-07-06 13:00:00+07,13:00:00,489.404,อ่างเก็บน้ำแม่นาเรือ,19.09579,99.80992,N,water_level
RES002,2026-07-06 13:10:00+07,13:10:00,489.417,อ่างเก็บน้ำแม่นาเรือ,19.09579,99.80992,N,water_level
RES002,2026-07-06 13:10:00+07,13:10:00,0,อ่างเก็บน้ำแม่นาเรือ,19.09579,99.80992,N,rainfall_1h
RES002,2026-07-06 13:20:00+07,13:20:00,0,อ่างเก็บน้ำแม่นาเรือ,19.09579,99.80992,N,rainfall_1h
RES002,2026-07-06 13:20:00+07,13:20:00,489.411,อ่างเก็บน้ำแม่นาเรือ,19.09579,99.80992,N,water_level
RES002,2026-07-06 13:30:00+07,13:30:00,0,อ่างเก็บน้ำแม่นาเรือ,19.09579,99.80992,N,rainfall_1h
RES002,2026-07-06 13:30:00+07,13:30:00,489.404,อ่างเก็บน้ำแม่นาเรือ,19.09579,99.80992,N,water_level
RES002,2026-07-06 13:40:00+07,13:40:00,0,อ่างเก็บน้ำแม่นาเรือ,19.09579,99.80992,N,rainfall_1h
RES002,2026-07-06 13:40:00+07,13:40:00,489.404,อ่างเก็บน้ำแม่นาเรือ,19.09579,99.80992,N,water_level
RES002,2026-07-06 13:50:00+07,13:50:00,0,อ่างเก็บน้ำแม่นาเรือ,19.09579,99.80992,N,rainfall_1h
RES002,2026-07-06 13:50:00+07,13:50:00,489.404,อ่างเก็บน้ำแม่นาเรือ,19.09579,99.80992,N,water_level
RES002,2026-07-06 14:00:00+07,14:00:00,0,อ่างเก็บน้ำแม่นาเรือ,19.09579,99.80992,N,rainfall_1h
RES002,2026-07-06 14:00:00+07,14:00:00,489.41,อ่างเก็บน้ำแม่นาเรือ,19.09579,99.80992,N,water_level
RES002,2026-07-06 14:10:00+07,14:10:00,0,อ่างเก็บน้ำแม่นาเรือ,19.09579,99.80992,N,rainfall_1h
RES002,2026-07-06 14:10:00+07,14:10:00,489.41,อ่างเก็บน้ำแม่นาเรือ,19.09579,99.80992,N,water_level
RES002,2026-07-06 14:20:00+07,14:20:00,489.404,อ่างเก็บน้ำแม่นาเรือ,19.09579,99.80992,N,water_level
RES002,2026-07-06 14:20:00+07,14:20:00,0,อ่างเก็บน้ำแม่นาเรือ,19.09579,99.80992,N,rainfall_1h
RES002,2026-07-06 14:30:00+07,14:30:00,0,อ่างเก็บน้ำแม่นาเรือ,19.09579,99.80992,N,rainfall_1h
RES002,2026-07-06 14:30:00+07,14:30:00,489.404,อ่างเก็บน้ำแม่นาเรือ,19.09579,99.80992,N,water_level
RES002,2026-07-06 14:40:00+07,14:40:00,489.403,อ่างเก็บน้ำแม่นาเรือ,19.09579,99.80992,N,water_level
RES002,2026-07-06 14:40:00+07,14:40:00,0,อ่างเก็บน้ำแม่นาเรือ,19.09579,99.80992,N,rainfall_1h
RES002,2026-07-06 14:50:00+07,14:50:00,489.391,อ่างเก็บน้ำแม่นาเรือ,19.09579,99.80992,N,water_level
RES002,2026-07-06 14:50:00+07,14:50:00,0,อ่างเก็บน้ำแม่นาเรือ,19.09579,99.80992,N,rainfall_1h
RES002,2026-07-06 15:00:00+07,15:00:00,0,อ่างเก็บน้ำแม่นาเรือ,19.09579,99.80992,N,rainfall_1h
RES002,2026-07-06 15:00:00+07,15:00:00,489.398,อ่างเก็บน้ำแม่นาเรือ,19.09579,99.80992,N,water_level
RES002,2026-07-06 15:10:00+07,15:10:00,0,อ่างเก็บน้ำแม่นาเรือ,19.09579,99.80992,N,rainfall_1h
RES002,2026-07-06 15:10:00+07,15:10:00,489.398,อ่างเก็บน้ำแม่นาเรือ,19.09579,99.80992,N,water_level
RES002,2026-07-06 15:20:00+07,15:20:00,0,อ่างเก็บน้ำแม่นาเรือ,19.09579,99.80992,N,rainfall_1h
RES002,2026-07-06 15:20:00+07,15:20:00,489.404,อ่างเก็บน้ำแม่นาเรือ,19.09579,99.80992,N,water_level
RES002,2026-07-06 15:30:00+07,15:30:00,0,อ่างเก็บน้ำแม่นาเรือ,19.09579,99.80992,N,rainfall_1h
RES002,2026-07-06 15:30:00+07,15:30:00,489.404,อ่างเก็บน้ำแม่นาเรือ,19.09579,99.80992,N,water_level
RES002,2026-07-06 15:40:00+07,15:40:00,0,อ่างเก็บน้ำแม่นาเรือ,19.09579,99.80992,N,rainfall_1h
RES002,2026-07-06 15:40:00+07,15:40:00,489.403,อ่างเก็บน้ำแม่นาเรือ,19.09579,99.80992,N,water_level
RES002,2026-07-06 15:50:00+07,15:50:00,0,อ่างเก็บน้ำแม่นาเรือ,19.09579,99.80992,N,rainfall_1h
RES002,2026-07-06 15:50:00+07,15:50:00,489.41,อ่างเก็บน้ำแม่นาเรือ,19.09579,99.80992,N,water_level
RES002,2026-07-06 16:00:00+07,16:00:00,489.398,อ่างเก็บน้ำแม่นาเรือ,19.09579,99.80992,N,water_level
RES002,2026-07-06 16:00:00+07,16:00:00,0,อ่างเก็บน้ำแม่นาเรือ,19.09579,99.80992,N,rainfall_1h
RES002,2026-07-06 16:10:00+07,16:10:00,489.404,อ่างเก็บน้ำแม่นาเรือ,19.09579,99.80992,N,water_level
RES002,2026-07-06 16:10:00+07,16:10:00,0,อ่างเก็บน้ำแม่นาเรือ,19.09579,99.80992,N,rainfall_1h
RES002,2026-07-06 16:20:00+07,16:20:00,0,อ่างเก็บน้ำแม่นาเรือ,19.09579,99.80992,N,rainfall_1h
RES002,2026-07-06 16:20:00+07,16:20:00,489.404,อ่างเก็บน้ำแม่นาเรือ,19.09579,99.80992,N,water_level
RES002,2026-07-06 16:30:00+07,16:30:00,0,อ่างเก็บน้ำแม่นาเรือ,19.09579,99.80992,N,rainfall_1h
RES002,2026-07-06 16:30:00+07,16:30:00,489.404,อ่างเก็บน้ำแม่นาเรือ,19.09579,99.80992,N,water_level
RES002,2026-07-06 16:40:00+07,16:40:00,0,อ่างเก็บน้ำแม่นาเรือ,19.09579,99.80992,N,rainfall_1h
RES002,2026-07-06 16:40:00+07,16:40:00,489.404,อ่างเก็บน้ำแม่นาเรือ,19.09579,99.80992,N,water_level
RES002,2026-07-06 16:50:00+07,16:50:00,489.404,อ่างเก็บน้ำแม่นาเรือ,19.09579,99.80992,N,water_level
RES002,2026-07-06 16:50:00+07,16:50:00,0,อ่างเก็บน้ำแม่นาเรือ,19.09579,99.80992,N,rainfall_1h
RES002,2026-07-06 17:00:00+07,17:00:00,0,อ่างเก็บน้ำแม่นาเรือ,19.09579,99.80992,N,rainfall_1h
RES002,2026-07-06 17:00:00+07,17:00:00,489.398,อ่างเก็บน้ำแม่นาเรือ,19.09579,99.80992,N,water_level
RES002,2026-07-06 17:10:00+07,17:10:00,0,อ่างเก็บน้ำแม่นาเรือ,19.09579,99.80992,N,rainfall_1h
RES002,2026-07-06 17:10:00+07,17:10:00,489.385,อ่างเก็บน้ำแม่นาเรือ,19.09579,99.80992,N,water_level
RES002,2026-07-06 17:20:00+07,17:20:00,0,อ่างเก็บน้ำแม่นาเรือ,19.09579,99.80992,N,rainfall_1h
RES002,2026-07-06 17:20:00+07,17:20:00,489.392,อ่างเก็บน้ำแม่นาเรือ,19.09579,99.80992,N,water_level
RES002,2026-07-06 17:30:00+07,17:30:00,489.391,อ่างเก็บน้ำแม่นาเรือ,19.09579,99.80992,N,water_level
RES002,2026-07-06 17:30:00+07,17:30:00,0,อ่างเก็บน้ำแม่นาเรือ,19.09579,99.80992,N,rainfall_1h
RES002,2026-07-06 17:40:00+07,17:40:00,489.41,อ่างเก็บน้ำแม่นาเรือ,19.09579,99.80992,N,water_level
RES002,2026-07-06 17:40:00+07,17:40:00,0,อ่างเก็บน้ำแม่นาเรือ,19.09579,99.80992,N,rainfall_1h
RES002,2026-07-06 17:50:00+07,17:50:00,0,อ่างเก็บน้ำแม่นาเรือ,19.09579,99.80992,N,rainfall_1h
RES002,2026-07-06 17:50:00+07,17:50:00,489.404,อ่างเก็บน้ำแม่นาเรือ,19.09579,99.80992,N,water_level
RES002,2026-07-06 18:00:00+07,18:00:00,0,อ่างเก็บน้ำแม่นาเรือ,19.09579,99.80992,N,rainfall_1h
RES002,2026-07-06 18:00:00+07,18:00:00,489.404,อ่างเก็บน้ำแม่นาเรือ,19.09579,99.80992,N,water_level
RES002,2026-07-06 18:10:00+07,18:10:00,0,อ่างเก็บน้ำแม่นาเรือ,19.09579,99.80992,N,rainfall_1h
RES002,2026-07-06 18:10:00+07,18:10:00,489.404,อ่างเก็บน้ำแม่นาเรือ,19.09579,99.80992,N,water_level
RES002,2026-07-06 18:20:00+07,18:20:00,0,อ่างเก็บน้ำแม่นาเรือ,19.09579,99.80992,N,rainfall_1h
RES002,2026-07-06 18:20:00+07,18:20:00,489.404,อ่างเก็บน้ำแม่นาเรือ,19.09579,99.80992,N,water_level
RES002,2026-07-06 18:30:00+07,18:30:00,0,อ่างเก็บน้ำแม่นาเรือ,19.09579,99.80992,N,rainfall_1h
RES002,2026-07-06 18:30:00+07,18:30:00,489.404,อ่างเก็บน้ำแม่นาเรือ,19.09579,99.80992,N,water_level
RES002,2026-07-06 18:40:00+07,18:40:00,489.404,อ่างเก็บน้ำแม่นาเรือ,19.09579,99.80992,N,water_level
RES002,2026-07-06 18:40:00+07,18:40:00,0,อ่างเก็บน้ำแม่นาเรือ,19.09579,99.80992,N,rainfall_1h
RES002,2026-07-06 18:50:00+07,18:50:00,0,อ่างเก็บน้ำแม่นาเรือ,19.09579,99.80992,N,rainfall_1h
RES002,2026-07-06 18:50:00+07,18:50:00,489.404,อ่างเก็บน้ำแม่นาเรือ,19.09579,99.80992,N,water_level
RES002,2026-07-06 19:00:00+07,19:00:00,489.404,อ่างเก็บน้ำแม่นาเรือ,19.09579,99.80992,N,water_level
RES002,2026-07-06 19:00:00+07,19:00:00,0,อ่างเก็บน้ำแม่นาเรือ,19.09579,99.80992,N,rainfall_1h
RES002,2026-07-06 19:10:00+07,19:10:00,0,อ่างเก็บน้ำแม่นาเรือ,19.09579,99.80992,N,rainfall_1h
RES002,2026-07-06 19:10:00+07,19:10:00,489.404,อ่างเก็บน้ำแม่นาเรือ,19.09579,99.80992,N,water_level
RES002,2026-07-06 19:20:00+07,19:20:00,489.404,อ่างเก็บน้ำแม่นาเรือ,19.09579,99.80992,N,water_level
RES002,2026-07-06 19:20:00+07,19:20:00,0,อ่างเก็บน้ำแม่นาเรือ,19.09579,99.80992,N,rainfall_1h
RES002,2026-07-06 19:30:00+07,19:30:00,0,อ่างเก็บน้ำแม่นาเรือ,19.09579,99.80992,N,rainfall_1h
RES002,2026-07-06 19:30:00+07,19:30:00,489.405,อ่างเก็บน้ำแม่นาเรือ,19.09579,99.80992,N,water_level
RES002,2026-07-06 19:40:00+07,19:40:00,489.404,อ่างเก็บน้ำแม่นาเรือ,19.09579,99.80992,N,water_level
RES002,2026-07-06 19:40:00+07,19:40:00,0,อ่างเก็บน้ำแม่นาเรือ,19.09579,99.80992,N,rainfall_1h
RES002,2026-07-06 19:50:00+07,19:50:00,0,อ่างเก็บน้ำแม่นาเรือ,19.09579,99.80992,N,rainfall_1h
RES002,2026-07-06 19:50:00+07,19:50:00,489.404,อ่างเก็บน้ำแม่นาเรือ,19.09579,99.80992,N,water_level
RES002,2026-07-06 20:00:00+07,20:00:00,0,อ่างเก็บน้ำแม่นาเรือ,19.09579,99.80992,N,rainfall_1h
RES002,2026-07-06 20:00:00+07,20:00:00,489.398,อ่างเก็บน้ำแม่นาเรือ,19.09579,99.80992,N,water_level
RES002,2026-07-06 20:10:00+07,20:10:00,0,อ่างเก็บน้ำแม่นาเรือ,19.09579,99.80992,N,rainfall_1h
RES002,2026-07-06 20:10:00+07,20:10:00,489.405,อ่างเก็บน้ำแม่นาเรือ,19.09579,99.80992,N,water_level
RES002,2026-07-06 20:20:00+07,20:20:00,0,อ่างเก็บน้ำแม่นาเรือ,19.09579,99.80992,N,rainfall_1h
RES002,2026-07-06 20:20:00+07,20:20:00,489.405,อ่างเก็บน้ำแม่นาเรือ,19.09579,99.80992,N,water_level
RES002,2026-07-06 20:30:00+07,20:30:00,489.405,อ่างเก็บน้ำแม่นาเรือ,19.09579,99.80992,N,water_level
RES002,2026-07-06 20:30:00+07,20:30:00,0,อ่างเก็บน้ำแม่นาเรือ,19.09579,99.80992,N,rainfall_1h
RES002,2026-07-06 20:40:00+07,20:40:00,489.404,อ่างเก็บน้ำแม่นาเรือ,19.09579,99.80992,N,water_level
RES002,2026-07-06 20:40:00+07,20:40:00,0,อ่างเก็บน้ำแม่นาเรือ,19.09579,99.80992,N,rainfall_1h
RES002,2026-07-06 20:50:00+07,20:50:00,489.405,อ่างเก็บน้ำแม่นาเรือ,19.09579,99.80992,N,water_level
RES002,2026-07-06 20:50:00+07,20:50:00,0,อ่างเก็บน้ำแม่นาเรือ,19.09579,99.80992,N,rainfall_1h
RES002,2026-07-06 21:00:00+07,21:00:00,489.398,อ่างเก็บน้ำแม่นาเรือ,19.09579,99.80992,N,water_level
RES002,2026-07-06 21:00:00+07,21:00:00,0,อ่างเก็บน้ำแม่นาเรือ,19.09579,99.80992,N,rainfall_1h
RES002,2026-07-06 21:10:00+07,21:10:00,0,อ่างเก็บน้ำแม่นาเรือ,19.09579,99.80992,N,rainfall_1h
RES002,2026-07-06 21:10:00+07,21:10:00,489.398,อ่างเก็บน้ำแม่นาเรือ,19.09579,99.80992,N,water_level
RES002,2026-07-06 21:20:00+07,21:20:00,489.398,อ่างเก็บน้ำแม่นาเรือ,19.09579,99.80992,N,water_level
RES002,2026-07-06 21:20:00+07,21:20:00,0,อ่างเก็บน้ำแม่นาเรือ,19.09579,99.80992,N,rainfall_1h
RES002,2026-07-06 21:30:00+07,21:30:00,0,อ่างเก็บน้ำแม่นาเรือ,19.09579,99.80992,N,rainfall_1h
RES002,2026-07-06 21:30:00+07,21:30:00,489.398,อ่างเก็บน้ำแม่นาเรือ,19.09579,99.80992,N,water_level
RES002,2026-07-06 21:40:00+07,21:40:00,0,อ่างเก็บน้ำแม่นาเรือ,19.09579,99.80992,N,rainfall_1h
RES002,2026-07-06 21:40:00+07,21:40:00,489.398,อ่างเก็บน้ำแม่นาเรือ,19.09579,99.80992,N,water_level
RES002,2026-07-06 21:50:00+07,21:50:00,0,อ่างเก็บน้ำแม่นาเรือ,19.09579,99.80992,N,rainfall_1h
RES002,2026-07-06 21:50:00+07,21:50:00,489.398,อ่างเก็บน้ำแม่นาเรือ,19.09579,99.80992,N,water_level
RES002,2026-07-06 22:00:00+07,22:00:00,489.398,อ่างเก็บน้ำแม่นาเรือ,19.09579,99.80992,N,water_level
RES002,2026-07-06 22:00:00+07,22:00:00,0,อ่างเก็บน้ำแม่นาเรือ,19.09579,99.80992,N,rainfall_1h
RES002,2026-07-06 22:10:00+07,22:10:00,0,อ่างเก็บน้ำแม่นาเรือ,19.09579,99.80992,N,rainfall_1h
RES002,2026-07-06 22:10:00+07,22:10:00,489.398,อ่างเก็บน้ำแม่นาเรือ,19.09579,99.80992,N,water_level
RES002,2026-07-06 22:20:00+07,22:20:00,0,อ่างเก็บน้ำแม่นาเรือ,19.09579,99.80992,N,rainfall_1h
RES002,2026-07-06 22:20:00+07,22:20:00,489.398,อ่างเก็บน้ำแม่นาเรือ,19.09579,99.80992,N,water_level
RES002,2026-07-06 22:30:00+07,22:30:00,0,อ่างเก็บน้ำแม่นาเรือ,19.09579,99.80992,N,rainfall_1h
RES002,2026-07-06 22:30:00+07,22:30:00,489.398,อ่างเก็บน้ำแม่นาเรือ,19.09579,99.80992,N,water_level
RES002,2026-07-06 22:40:00+07,22:40:00,0,อ่างเก็บน้ำแม่นาเรือ,19.09579,99.80992,N,rainfall_1h
RES002,2026-07-06 22:40:00+07,22:40:00,489.398,อ่างเก็บน้ำแม่นาเรือ,19.09579,99.80992,N,water_level
RES002,2026-07-06 22:50:00+07,22:50:00,0,อ่างเก็บน้ำแม่นาเรือ,19.09579,99.80992,N,rainfall_1h
RES002,2026-07-06 22:50:00+07,22:50:00,489.398,อ่างเก็บน้ำแม่นาเรือ,19.09579,99.80992,N,water_level
RES002,2026-07-06 23:00:00+07,23:00:00,0,อ่างเก็บน้ำแม่นาเรือ,19.09579,99.80992,N,rainfall_1h
RES002,2026-07-06 23:00:00+07,23:00:00,489.398,อ่างเก็บน้ำแม่นาเรือ,19.09579,99.80992,N,water_level
RES002,2026-07-06 23:10:00+07,23:10:00,0,อ่างเก็บน้ำแม่นาเรือ,19.09579,99.80992,N,rainfall_1h
RES002,2026-07-06 23:10:00+07,23:10:00,489.398,อ่างเก็บน้ำแม่นาเรือ,19.09579,99.80992,N,water_level
RES002,2026-07-06 23:20:00+07,23:20:00,0,อ่างเก็บน้ำแม่นาเรือ,19.09579,99.80992,N,rainfall_1h
RES002,2026-07-06 23:20:00+07,23:20:00,489.398,อ่างเก็บน้ำแม่นาเรือ,19.09579,99.80992,N,water_level
RES002,2026-07-06 23:30:00+07,23:30:00,0,อ่างเก็บน้ำแม่นาเรือ,19.09579,99.80992,N,rainfall_1h
RES002,2026-07-06 23:30:00+07,23:30:00,489.398,อ่างเก็บน้ำแม่นาเรือ,19.09579,99.80992,N,water_level
RES002,2026-07-06 23:40:00+07,23:40:00,0,อ่างเก็บน้ำแม่นาเรือ,19.09579,99.80992,N,rainfall_1h
RES002,2026-07-06 23:40:00+07,23:40:00,489.398,อ่างเก็บน้ำแม่นาเรือ,19.09579,99.80992,N,water_level
RES002,2026-07-06 23:50:00+07,23:50:00,0,อ่างเก็บน้ำแม่นาเรือ,19.09579,99.80992,N,rainfall_1h
RES002,2026-07-06 23:50:00+07,23:50:00,489.398,อ่างเก็บน้ำแม่นาเรือ,19.09579,99.80992,N,water_level
