Datetime,Q_in_t (m3/6h),Water_Level_t (m),Storage_S_t (m3),DeltaS_t (m3/6h),%Full_t,Rain_obs_t (mm),API_t (mm),is_release_active,release_rate_daily (m3/day),spill_m3,Qin_lag1 (m3/6h),Qin_lag2 (m3/6h),Rain_lag1 (mm),Rain_lag2 (mm),Rain_roll3 (mm),Rain_roll5 (mm),Rain_roll7 (mm),y1=Q_in_t+1 (m3/6h),y2=Q_in_t+2 (m3/6h),y3=Q_in_t+3 (m3/6h),y4=Q_in_t+4 (m3/6h),y5=Q_in_t+5 (m3/6h),y6=Q_in_t+6 (m3/6h),y7=Q_in_t+7 (m3/6h),y8=Q_in_t+8 (m3/6h),y9=Q_in_t+9 (m3/6h),y10=Q_in_t+10 (m3/6h),y11=Q_in_t+11 (m3/6h),y12=Q_in_t+12 (m3/6h)
2025-06-27 07:00:00,4015.8731,489.4848,1607444.59,0.0,98.8914,0.2,0.2,1,15019.2,0.0,,,,,,,,5935.3823,7077.0864,4076.1718,4076.1718,4076.1718,7078.7038,4076.3357,4076.3357,4076.3357,4076.3357,4076.3357,4076.3357
2025-06-27 13:00:00,5935.3823,489.4947,1610444.02,2999.42,99.076,3.8,3.9975,1,15019.2,0.0,4015.8731,,0.2,,,,,7077.0864,4076.1718,4076.1718,4076.1718,7078.7038,4076.3357,4076.3357,4076.3357,4076.3357,4076.3357,4076.3357,4076.3357
2025-06-27 19:00:00,7077.0864,489.5038,1613444.93,3000.91,99.2606,0.0,3.9465,1,15019.2,0.0,5935.3823,4015.8731,3.8,0.2,4.0,,,4076.1718,4076.1718,4076.1718,7078.7038,4076.3357,4076.3357,4076.3357,4076.3357,4076.3357,4076.3357,4076.3357,4076.3357
2025-06-28 01:00:00,4076.1718,489.5057,1613444.93,0.0,99.2606,0.0,3.8962,1,15019.2,0.0,7077.0864,5935.3823,0.0,3.8,3.8,,,4076.1718,4076.1718,7078.7038,4076.3357,4076.3357,4076.3357,4076.3357,4076.3357,4076.3357,4076.3357,4076.3357,4034.3974
2025-06-28 07:00:00,4076.1718,489.5067,1613444.93,0.0,99.2606,0.0,3.8466,1,15019.2,0.0,4076.1718,7077.0864,0.0,0.0,0.0,4.0,,4076.1718,7078.7038,4076.3357,4076.3357,4076.3357,4076.3357,4076.3357,4076.3357,4076.3357,4076.3357,4034.3974,4034.3974
2025-06-28 13:00:00,4076.1718,489.505,1613444.93,0.0,99.2606,0.0,3.7976,1,15019.2,0.0,4076.1718,4076.1718,0.0,0.0,0.0,3.8,,7078.7038,4076.3357,4076.3357,4076.3357,4076.3357,4076.3357,4076.3357,4076.3357,4076.3357,4034.3974,4034.3974,4034.3974
2025-06-28 19:00:00,7078.7038,489.51,1616447.3,3002.37,99.4453,0.0,3.7492,1,15019.2,0.0,4076.1718,4076.1718,0.0,0.0,0.0,0.0,4.0,4076.3357,4076.3357,4076.3357,4076.3357,4076.3357,4076.3357,4076.3357,4076.3357,4034.3974,4034.3974,4034.3974,2893.1955
2025-06-29 01:00:00,4076.3357,489.511,1616447.3,0.0,99.4453,0.0,3.7014,1,15019.2,0.0,7078.7038,4076.1718,0.0,0.0,0.0,0.0,3.8,4076.3357,4076.3357,4076.3357,4076.3357,4076.3357,4076.3357,4076.3357,4034.3974,4034.3974,4034.3974,2893.1955,4034.3974
2025-06-29 07:00:00,4076.3357,489.5114,1616447.3,0.0,99.4453,0.0,3.6543,1,15019.2,0.0,4076.3357,7078.7038,0.0,0.0,0.0,0.0,0.0,4076.3357,4076.3357,4076.3357,4076.3357,4076.3357,4076.3357,4034.3974,4034.3974,4034.3974,2893.1955,4034.3974,7038.5578
2025-06-29 13:00:00,4076.3357,489.511,1616447.3,0.0,99.4453,0.0,3.6077,1,15019.2,0.0,4076.3357,4076.3357,0.0,0.0,0.0,0.0,0.0,4076.3357,4076.3357,4076.3357,4076.3357,4076.3357,4034.3974,4034.3974,4034.3974,2893.1955,4034.3974,7038.5578,4034.5408
2025-06-29 19:00:00,4076.3357,489.5122,1616447.3,0.0,99.4453,0.0,3.5617,1,15019.2,0.0,4076.3357,4076.3357,0.0,0.0,0.0,0.0,0.0,4076.3357,4076.3357,4076.3357,4076.3357,4034.3974,4034.3974,4034.3974,2893.1955,4034.3974,7038.5578,4034.5408,4034.5408
2025-06-30 01:00:00,4076.3357,489.5133,1616447.3,0.0,99.4453,0.0,3.5164,1,15019.2,0.0,4076.3357,4076.3357,0.0,0.0,0.0,0.0,0.0,4076.3357,4076.3357,4076.3357,4034.3974,4034.3974,4034.3974,2893.1955,4034.3974,7038.5578,4034.5408,4034.5408,4034.5408
2025-06-30 07:00:00,4076.3357,489.5122,1616447.3,0.0,99.4453,0.0,3.4715,1,15019.2,0.0,4076.3357,4076.3357,0.0,0.0,0.0,0.0,0.0,4076.3357,4076.3357,4034.3974,4034.3974,4034.3974,2893.1955,4034.3974,7038.5578,4034.5408,4034.5408,4034.5408,4034.5408
2025-06-30 13:00:00,4076.3357,489.515,1616447.3,0.0,99.4453,0.0,3.4273,1,15019.2,0.0,4076.3357,4076.3357,0.0,0.0,0.0,0.0,0.0,4076.3357,4034.3974,4034.3974,4034.3974,2893.1955,4034.3974,7038.5578,4034.5408,4034.5408,4034.5408,4034.5408,4034.5408
2025-06-30 19:00:00,4076.3357,489.516,1616447.3,0.0,99.4453,0.0,3.3836,1,15019.2,0.0,4076.3357,4076.3357,0.0,0.0,0.0,0.0,0.0,4034.3974,4034.3974,4034.3974,2893.1955,4034.3974,7038.5578,4034.5408,4034.5408,4034.5408,4034.5408,4034.5408,0.0
2025-07-01 01:00:00,4034.3974,489.5168,1616447.3,0.0,99.4453,0.0,3.3405,1,15019.2,0.0,4076.3357,4076.3357,0.0,0.0,0.0,0.0,0.0,4034.3974,4034.3974,2893.1955,4034.3974,7038.5578,4034.5408,4034.5408,4034.5408,4034.5408,4034.5408,0.0,8241.0922
2025-07-01 07:00:00,4034.3974,489.5158,1616447.3,0.0,99.4453,0.0,3.298,1,15019.2,0.0,4034.3974,4076.3357,0.0,0.0,0.0,0.0,0.0,4034.3974,2893.1955,4034.3974,7038.5578,4034.5408,4034.5408,4034.5408,4034.5408,4034.5408,0.0,8241.0922,3914.6022
2025-07-01 13:00:00,4034.3974,489.517,1616447.3,0.0,99.4453,0.0,3.2559,1,15019.2,0.0,4034.3974,4034.3974,0.0,0.0,0.0,0.0,0.0,2893.1955,4034.3974,7038.5578,4034.5408,4034.5408,4034.5408,4034.5408,4034.5408,0.0,8241.0922,3914.6022,4034.9739
2025-07-01 19:00:00,2893.1955,489.5175,1616447.3,0.0,99.4453,3.8,7.0145,1,15019.2,0.0,4034.3974,4034.3974,0.0,0.0,3.8,3.8,3.8,4034.3974,7038.5578,4034.5408,4034.5408,4034.5408,4034.5408,4034.5408,0.0,8241.0922,3914.6022,4034.9739,3914.6022
2025-07-02 01:00:00,4034.3974,489.5188,1616447.3,0.0,99.4453,0.0,6.9251,1,15019.2,0.0,2893.1955,4034.3974,3.8,0.0,3.8,3.8,3.8,7038.5578,4034.5408,4034.5408,4034.5408,4034.5408,4034.5408,0.0,8241.0922,3914.6022,4034.9739,3914.6022,4034.9739
2025-07-02 07:00:00,7038.5578,489.5223,1619451.32,3004.02,99.6301,0.0,6.8369,1,15019.2,0.0,4034.3974,2893.1955,0.0,3.8,3.8,3.8,3.8,4034.5408,4034.5408,4034.5408,4034.5408,4034.5408,0.0,8241.0922,3914.6022,4034.9739,3914.6022,4034.9739,4034.9739
2025-07-02 13:00:00,4034.5408,489.5208,1619451.32,0.0,99.6301,0.0,6.7497,1,15019.2,0.0,7038.5578,4034.3974,0.0,0.0,0.0,3.8,3.8,4034.5408,4034.5408,4034.5408,4034.5408,0.0,8241.0922,3914.6022,4034.9739,3914.6022,4034.9739,4034.9739,4034.9739
2025-07-02 19:00:00,4034.5408,489.524,1619451.32,0.0,99.6301,0.0,6.6637,1,15019.2,0.0,4034.5408,7038.5578,0.0,0.0,0.0,3.8,3.8,4034.5408,4034.5408,4034.5408,0.0,8241.0922,3914.6022,4034.9739,3914.6022,4034.9739,4034.9739,4034.9739,1627.5387
2025-07-03 01:00:00,4034.5408,489.524,1619451.32,0.0,99.6301,0.0,6.5788,1,15019.2,0.0,4034.5408,4034.5408,0.0,0.0,0.0,0.0,3.8,4034.5408,4034.5408,0.0,8241.0922,3914.6022,4034.9739,3914.6022,4034.9739,4034.9739,4034.9739,1627.5387,4877.4029
2025-07-03 07:00:00,4034.5408,489.524,1619451.32,0.0,99.6301,0.0,6.495,1,15019.2,0.0,4034.5408,4034.5408,0.0,0.0,0.0,0.0,3.8,4034.5408,0.0,8241.0922,3914.6022,4034.9739,3914.6022,4034.9739,4034.9739,4034.9739,1627.5387,4877.4029,6444.4078
2025-07-03 13:00:00,4034.5408,489.524,1619451.32,0.0,99.6301,0.0,6.4123,1,15019.2,0.0,4034.5408,4034.5408,0.0,0.0,0.0,0.0,0.0,0.0,8241.0922,3914.6022,4034.9739,3914.6022,4034.9739,4034.9739,4034.9739,1627.5387,4877.4029,6444.4078,4035.2654
2025-07-03 19:00:00,0.0,489.5252,1619451.32,0.0,99.6301,13.8,20.1306,1,15019.2,0.0,4034.5408,4034.5408,0.0,0.0,13.8,13.8,13.8,8241.0922,3914.6022,4034.9739,3914.6022,4034.9739,4034.9739,4034.9739,1627.5387,4877.4029,6444.4078,4035.2654,4035.2654
2025-07-04 01:00:00,8241.0922,489.5533,1628472.31,9020.99,100.1851,16.0,35.8741,1,15019.2,0.0,0.0,4034.5408,13.8,0.0,29.8,29.8,29.8,3914.6022,4034.9739,3914.6022,4034.9739,4034.9739,4034.9739,1627.5387,4877.4029,6444.4078,4035.2654,4035.2654,4035.2654
2025-07-04 07:00:00,3914.6022,489.5573,1628472.31,0.0,100.1851,0.4,35.817,1,15019.2,0.0,8241.0922,0.0,16.0,13.8,30.2,30.2,30.2,4034.9739,3914.6022,4034.9739,4034.9739,4034.9739,1627.5387,4877.4029,6444.4078,4035.2654,4035.2654,4035.2654,4035.2654
2025-07-04 13:00:00,4034.9739,489.5555,1628472.31,0.0,100.1851,0.0,35.3606,1,15019.2,0.0,3914.6022,8241.0922,0.4,16.0,16.4,30.2,30.2,3914.6022,4034.9739,4034.9739,4034.9739,1627.5387,4877.4029,6444.4078,4035.2654,4035.2654,4035.2654,4035.2654,4035.2654
2025-07-04 19:00:00,3914.6022,489.5563,1628472.31,0.0,100.1851,0.4,35.3101,1,15019.2,0.0,4034.9739,3914.6022,0.0,0.4,0.8,30.599999999999998,30.599999999999998,4034.9739,4034.9739,4034.9739,1627.5387,4877.4029,6444.4078,4035.2654,4035.2654,4035.2654,4035.2654,4035.2654,4035.2654
2025-07-05 01:00:00,4034.9739,489.557,1628472.31,0.0,100.1851,0.0,34.8602,1,15019.2,0.0,3914.6022,4034.9739,0.4,0.0,0.4,16.799999999999997,30.599999999999998,4034.9739,4034.9739,1627.5387,4877.4029,6444.4078,4035.2654,4035.2654,4035.2654,4035.2654,4035.2654,4035.2654,4035.2654
2025-07-05 07:00:00,4034.9739,489.5562,1628472.31,0.0,100.1851,0.0,34.416,1,15019.2,0.0,4034.9739,3914.6022,0.0,0.4,0.4,0.8,30.599999999999998,4034.9739,1627.5387,4877.4029,6444.4078,4035.2654,4035.2654,4035.2654,4035.2654,4035.2654,4035.2654,4035.2654,4035.2654
2025-07-05 13:00:00,4034.9739,489.5542,1628472.31,0.0,100.1851,0.0,33.9775,1,15019.2,0.0,4034.9739,4034.9739,0.0,0.0,0.0,0.4,16.799999999999997,1627.5387,4877.4029,6444.4078,4035.2654,4035.2654,4035.2654,4035.2654,4035.2654,4035.2654,4035.2654,4035.2654,4035.2654
2025-07-05 19:00:00,1627.5387,489.5555,1628472.31,0.0,100.1851,8.0,41.5446,1,15019.2,0.0,4034.9739,4034.9739,0.0,0.0,8.0,8.4,8.8,4877.4029,6444.4078,4035.2654,4035.2654,4035.2654,4035.2654,4035.2654,4035.2654,4035.2654,4035.2654,4035.2654,4035.2654
2025-07-06 01:00:00,4877.4029,489.5672,1631482.4,3010.09,100.3703,7.2,48.2152,1,15019.2,0.0,1627.5387,4034.9739,8.0,0.0,15.2,15.2,15.600000000000001,6444.4078,4035.2654,4035.2654,4035.2654,4035.2654,4035.2654,4035.2654,4035.2654,4035.2654,4035.2654,4035.2654,4035.2654
2025-07-06 07:00:00,6444.4078,489.5747,1634494.02,3011.62,100.5555,2.0,49.6009,1,15019.2,0.0,4877.4029,1627.5387,7.2,8.0,17.2,17.2,17.6,4035.2654,4035.2654,4035.2654,4035.2654,4035.2654,4035.2654,4035.2654,4035.2654,4035.2654,4035.2654,4035.2654,4035.2654
2025-07-06 13:00:00,4035.2654,489.5765,1634494.02,0.0,100.5555,0.0,48.9689,1,15019.2,0.0,6444.4078,4877.4029,2.0,7.2,9.2,17.2,17.2,4035.2654,4035.2654,4035.2654,4035.2654,4035.2654,4035.2654,4035.2654,4035.2654,4035.2654,4035.2654,4035.2654,4035.2654
2025-07-06 19:00:00,4035.2654,489.576,1634494.02,0.0,100.5555,0.0,48.345,1,15019.2,0.0,4035.2654,6444.4078,0.0,2.0,2.0,17.2,17.2,4035.2654,4035.2654,4035.2654,4035.2654,4035.2654,4035.2654,4035.2654,4035.2654,4035.2654,4035.2654,4035.2654,782.6307
2025-07-07 01:00:00,4035.2654,489.5753,1634494.02,0.0,100.5555,0.0,47.729,1,15019.2,0.0,4035.2654,4035.2654,0.0,0.0,0.0,9.2,17.2,4035.2654,4035.2654,4035.2654,4035.2654,4035.2654,4035.2654,4035.2654,4035.2654,4035.2654,4035.2654,782.6307,1686.6629
2025-07-07 07:00:00,4035.2654,489.577,1634494.02,0.0,100.5555,0.0,47.1208,1,15019.2,0.0,4035.2654,4035.2654,0.0,0.0,0.0,2.0,17.2,4035.2654,4035.2654,4035.2654,4035.2654,4035.2654,4035.2654,4035.2654,4035.2654,4035.2654,782.6307,1686.6629,4035.1194
2025-07-07 13:00:00,4035.2654,489.5753,1634494.02,0.0,100.5555,0.0,46.5205,1,15019.2,0.0,4035.2654,4035.2654,0.0,0.0,0.0,0.0,9.2,4035.2654,4035.2654,4035.2654,4035.2654,4035.2654,4035.2654,4035.2654,4035.2654,782.6307,1686.6629,4035.1194,1024.8845
2025-07-07 19:00:00,4035.2654,489.5763,1634494.02,0.0,100.5555,0.0,45.9277,1,15019.2,0.0,4035.2654,4035.2654,0.0,0.0,0.0,0.0,2.0,4035.2654,4035.2654,4035.2654,4035.2654,4035.2654,4035.2654,4035.2654,782.6307,1686.6629,4035.1194,1024.8845,4034.9739
2025-07-08 01:00:00,4035.2654,489.5747,1634494.02,0.0,100.5555,0.0,45.3425,1,15019.2,0.0,4035.2654,4035.2654,0.0,0.0,0.0,0.0,0.0,4035.2654,4035.2654,4035.2654,4035.2654,4035.2654,4035.2654,782.6307,1686.6629,4035.1194,1024.8845,4034.9739,605.1969
2025-07-08 07:00:00,4035.2654,489.5735,1634494.02,0.0,100.5555,0.0,44.7648,1,15019.2,0.0,4035.2654,4035.2654,0.0,0.0,0.0,0.0,0.0,4035.2654,4035.2654,4035.2654,4035.2654,4035.2654,782.6307,1686.6629,4035.1194,1024.8845,4034.9739,605.1969,4034.829
2025-07-08 13:00:00,4035.2654,489.572,1634494.02,0.0,100.5555,0.0,44.1944,1,15019.2,0.0,4035.2654,4035.2654,0.0,0.0,0.0,0.0,0.0,4035.2654,4035.2654,4035.2654,4035.2654,782.6307,1686.6629,4035.1194,1024.8845,4034.9739,605.1969,4034.829,1027.6985
2025-07-08 19:00:00,4035.2654,489.573,1634494.02,0.0,100.5555,0.0,43.6313,1,15019.2,0.0,4035.2654,4035.2654,0.0,0.0,0.0,0.0,0.0,4035.2654,4035.2654,4035.2654,782.6307,1686.6629,4035.1194,1024.8845,4034.9739,605.1969,4034.829,1027.6985,3613.8142
2025-07-09 01:00:00,4035.2654,489.5723,1634494.02,0.0,100.5555,0.0,43.0754,1,15019.2,0.0,4035.2654,4035.2654,0.0,0.0,0.0,0.0,0.0,4035.2654,4035.2654,782.6307,1686.6629,4035.1194,1024.8845,4034.9739,605.1969,4034.829,1027.6985,3613.8142,3132.8195
2025-07-09 07:00:00,4035.2654,489.57,1634494.02,0.0,100.5555,0.0,42.5266,1,15019.2,0.0,4035.2654,4035.2654,0.0,0.0,0.0,0.0,0.0,4035.2654,782.6307,1686.6629,4035.1194,1024.8845,4034.9739,605.1969,4034.829,1027.6985,3613.8142,3132.8195,788.7099
2025-07-09 13:00:00,4035.2654,489.571,1634494.02,0.0,100.5555,0.0,41.9847,1,15019.2,0.0,4035.2654,4035.2654,0.0,0.0,0.0,0.0,0.0,782.6307,1686.6629,4035.1194,1024.8845,4034.9739,605.1969,4034.829,1027.6985,3613.8142,3132.8195,788.7099,7699.4192
2025-07-09 19:00:00,782.6307,489.5677,1631482.4,-3011.62,100.3703,0.8,42.2498,1,15019.2,0.0,4035.2654,4035.2654,0.0,0.0,0.8,0.8,0.8,1686.6629,4035.1194,1024.8845,4034.9739,605.1969,4034.829,1027.6985,3613.8142,3132.8195,788.7099,7699.4192,4094.584
2025-07-10 01:00:00,1686.6629,489.5658,1631482.4,0.0,100.3703,7.8,49.5114,1,15019.2,0.0,782.6307,4035.2654,0.8,0.0,8.6,8.6,8.6,4035.1194,1024.8845,4034.9739,605.1969,4034.829,1027.6985,3613.8142,3132.8195,788.7099,7699.4192,4094.584,6564.9036
2025-07-10 07:00:00,4035.1194,489.5628,1631482.4,0.0,100.3703,0.0,48.8806,1,15019.2,0.0,1686.6629,782.6307,7.8,0.8,8.6,8.6,8.6,1024.8845,4034.9739,605.1969,4034.829,1027.6985,3613.8142,3132.8195,788.7099,7699.4192,4094.584,6564.9036,6325.2671
2025-07-10 13:00:00,1024.8845,489.5567,1628472.31,-3010.09,100.1851,0.0,48.2578,1,15019.2,0.0,4035.1194,1686.6629,0.0,7.8,7.8,8.6,8.6,4034.9739,605.1969,4034.829,1027.6985,3613.8142,3132.8195,788.7099,7699.4192,4094.584,6564.9036,6325.2671,4035.4114
2025-07-10 19:00:00,4034.9739,489.5518,1628472.31,0.0,100.1851,0.0,47.6429,1,15019.2,0.0,1024.8845,4035.1194,0.0,0.0,0.0,8.6,8.6,605.1969,4034.829,1027.6985,3613.8142,3132.8195,788.7099,7699.4192,4094.584,6564.9036,6325.2671,4035.4114,4035.4114
2025-07-11 01:00:00,605.1969,489.5457,1625463.76,-3008.55,100.0,1.4,48.4359,1,15019.2,0.0,4034.9739,1024.8845,0.0,0.0,1.4,9.2,10.0,4034.829,1027.6985,3613.8142,3132.8195,788.7099,7699.4192,4094.584,6564.9036,6325.2671,4035.4114,4035.4114,4035.4114
2025-07-11 07:00:00,4034.829,489.544,1625463.76,0.0,100.0,0.0,47.8187,1,15019.2,0.0,605.1969,4034.9739,1.4,0.0,1.4,1.4,10.0,1027.6985,3613.8142,3132.8195,788.7099,7699.4192,4094.584,6564.9036,6325.2671,4035.4114,4035.4114,4035.4114,4035.4114
2025-07-11 13:00:00,1027.6985,489.5372,1622456.77,-3006.99,99.815,0.0,47.2094,1,15019.2,0.0,4034.829,605.1969,0.0,1.4,1.4,1.4,9.2,3613.8142,3132.8195,788.7099,7699.4192,4094.584,6564.9036,6325.2671,4035.4114,4035.4114,4035.4114,4035.4114,4035.4114
2025-07-11 19:00:00,3613.8142,489.5312,1622456.77,0.0,99.815,1.4,48.0079,1,15019.2,0.0,1027.6985,4034.829,0.0,0.0,1.4,2.8,2.8,3132.8195,788.7099,7699.4192,4094.584,6564.9036,6325.2671,4035.4114,4035.4114,4035.4114,4035.4114,4035.4114,1022.0622
2025-07-12 01:00:00,3132.8195,489.5302,1622456.77,0.0,99.815,3.0,50.3962,1,15019.2,0.0,3613.8142,1027.6985,1.4,0.0,4.4,5.8,5.8,788.7099,7699.4192,4094.584,6564.9036,6325.2671,4035.4114,4035.4114,4035.4114,4035.4114,4035.4114,1022.0622,4035.2654
2025-07-12 07:00:00,788.7099,489.5297,1619451.32,-3005.46,99.6301,0.8,50.5541,1,15019.2,0.0,3132.8195,3613.8142,3.0,1.4,5.2,5.2,6.6,7699.4192,4094.584,6564.9036,6325.2671,4035.4114,4035.4114,4035.4114,4035.4114,4035.4114,1022.0622,4035.2654,4035.2654
2025-07-12 13:00:00,7699.4192,489.5505,1628472.31,9020.99,100.1851,17.8,67.71,1,15019.2,0.0,788.7099,3132.8195,0.8,3.0,21.6,23.0,24.4,4094.584,6564.9036,6325.2671,4035.4114,4035.4114,4035.4114,4035.4114,4035.4114,1022.0622,4035.2654,4035.2654,4035.2654
2025-07-12 19:00:00,4094.584,489.5667,1631482.4,3010.09,100.3703,9.8,76.6473,1,15019.2,0.0,7699.4192,788.7099,17.8,0.8,28.400000000000002,32.8,32.8,6564.9036,6325.2671,4035.4114,4035.4114,4035.4114,4035.4114,4035.4114,1022.0622,4035.2654,4035.2654,4035.2654,0.0
2025-07-13 01:00:00,6564.9036,489.5778,1634494.02,3011.62,100.5555,1.6,77.2707,1,15019.2,0.0,4094.584,7699.4192,9.8,17.8,29.200000000000003,33.0,34.4,6325.2671,4035.4114,4035.4114,4035.4114,4035.4114,4035.4114,1022.0622,4035.2654,4035.2654,4035.2654,0.0,16994.509054967708
2025-07-13 07:00:00,6325.2671,489.5882,1637507.22,3013.2,100.7409,2.4,78.6861,1,15019.2,0.0,6564.9036,4094.584,1.6,9.8,13.8,32.400000000000006,36.8,4035.4114,4035.4114,4035.4114,4035.4114,4035.4114,1022.0622,4035.2654,4035.2654,4035.2654,0.0,16994.509054967708,117754.32292474815
2025-07-13 13:00:00,4035.4114,489.5882,1637507.22,0.0,100.7409,0.0,77.6835,1,15019.2,0.0,6325.2671,6564.9036,2.4,1.6,4.0,31.6,35.4,4035.4114,4035.4114,4035.4114,4035.4114,1022.0622,4035.2654,4035.2654,4035.2654,0.0,16994.509054967708,117754.32292474815,46232.21060291518
2025-07-13 19:00:00,4035.4114,489.588,1637507.22,0.0,100.7409,0.0,76.6937,1,15019.2,0.0,4035.4114,6325.2671,0.0,2.4,2.4,13.8,32.400000000000006,4035.4114,4035.4114,4035.4114,1022.0622,4035.2654,4035.2654,4035.2654,0.0,16994.509054967708,117754.32292474815,46232.21060291518,26173.170262943084
2025-07-14 01:00:00,4035.4114,489.5848,1637507.22,0.0,100.7409,0.0,75.7166,1,15019.2,0.0,4035.4114,4035.4114,0.0,0.0,0.0,4.0,31.6,4035.4114,4035.4114,1022.0622,4035.2654,4035.2654,4035.2654,0.0,16994.509054967708,117754.32292474815,46232.21060291518,26173.170262943084,18869.417694219137
2025-07-14 07:00:00,4035.4114,489.5832,1637507.22,0.0,100.7409,0.0,74.7518,1,15019.2,0.0,4035.4114,4035.4114,0.0,0.0,0.0,2.4,13.8,4035.4114,1022.0622,4035.2654,4035.2654,4035.2654,0.0,16994.509054967708,117754.32292474815,46232.21060291518,26173.170262943084,18869.417694219137,7043.653624696655
2025-07-14 13:00:00,4035.4114,489.5823,1637507.22,0.0,100.7409,0.0,73.7994,1,15019.2,0.0,4035.4114,4035.4114,0.0,0.0,0.0,0.0,4.0,1022.0622,4035.2654,4035.2654,4035.2654,0.0,16994.509054967708,117754.32292474815,46232.21060291518,26173.170262943084,18869.417694219137,7043.653624696655,6816.181903407273
2025-07-14 19:00:00,1022.0622,489.5793,1634494.02,-3013.2,100.5555,0.0,72.8591,1,15019.2,0.0,4035.4114,4035.4114,0.0,0.0,0.0,0.0,2.4,4035.2654,4035.2654,4035.2654,0.0,16994.509054967708,117754.32292474815,46232.21060291518,26173.170262943084,18869.417694219137,7043.653624696655,6816.181903407273,1191.5814733165107
2025-07-15 01:00:00,4035.2654,489.577,1634494.02,0.0,100.5555,0.0,71.9307,1,15019.2,0.0,1022.0622,4035.4114,0.0,0.0,0.0,0.0,0.0,4035.2654,4035.2654,0.0,16994.509054967708,117754.32292474815,46232.21060291518,26173.170262943084,18869.417694219137,7043.653624696655,6816.181903407273,1191.5814733165107,0.0
2025-07-15 07:00:00,4035.2654,489.5735,1634494.02,0.0,100.5555,0.0,71.0142,1,15019.2,0.0,4035.2654,1022.0622,0.0,0.0,0.0,0.0,0.0,4035.2654,0.0,16994.509054967708,117754.32292474815,46232.21060291518,26173.170262943084,18869.417694219137,7043.653624696655,6816.181903407273,1191.5814733165107,0.0,1082.8345827504957
2025-07-15 13:00:00,4035.2654,489.57,1634494.02,0.0,100.5555,0.0,70.1094,1,15019.2,0.0,4035.2654,4035.2654,0.0,0.0,0.0,0.0,0.0,0.0,16994.509054967708,117754.32292474815,46232.21060291518,26173.170262943084,18869.417694219137,7043.653624696655,6816.181903407273,1191.5814733165107,0.0,1082.8345827504957,0.0
2025-07-15 19:00:00,0.0,489.5637,1631482.4,-3011.62,100.3703,7.6,76.8161,1,15019.2,0.0,4035.2654,4035.2654,0.0,0.0,7.6,7.6,7.6,16994.509054967708,117754.32292474815,46232.21060291518,26173.170262943084,18869.417694219137,7043.653624696655,6816.181903407273,1191.5814733165107,0.0,1082.8345827504957,0.0,1002.1735
2025-07-16 01:00:00,16994.509054967708,489.6567,1658675.8,27193.4,102.0432,69.6,145.4374,1,15019.2,6862.7984549677085,0.0,4035.2654,7.6,0.0,77.19999999999999,77.19999999999999,77.19999999999999,117754.32292474815,46232.21060291518,26173.170262943084,18869.417694219137,7043.653624696655,6816.181903407273,1191.5814733165107,0.0,1082.8345827504957,0.0,1002.1735,1003.5331
2025-07-16 07:00:00,117754.32292474815,489.8553,1719668.7,60992.91,105.7956,1.6,145.1843,1,15019.2,53212.21362474814,16994.509054967708,0.0,69.6,7.6,78.79999999999998,78.79999999999998,78.79999999999998,46232.21060291518,26173.170262943084,18869.417694219137,7043.653624696655,6816.181903407273,1191.5814733165107,0.0,1082.8345827504957,0.0,1002.1735,1003.5331,1004.8266
2025-07-16 13:00:00,46232.21060291518,489.8432,1716595.66,-3073.04,105.6065,3.2,146.5344,1,15019.2,46247.50320291518,117754.32292474815,16994.509054967708,1.6,69.6,74.39999999999999,81.99999999999999,81.99999999999999,26173.170262943084,18869.417694219137,7043.653624696655,6816.181903407273,1191.5814733165107,0.0,1082.8345827504957,0.0,1002.1735,1003.5331,1004.8266,1006.2711
2025-07-16 19:00:00,26173.170262943084,489.8145,1707386.39,-9209.27,105.04,0.0,144.6674,1,15019.2,31342.036362943083,46232.21060291518,117754.32292474815,3.2,1.6,4.800000000000001,81.99999999999999,81.99999999999999,18869.417694219137,7043.653624696655,6816.181903407273,1191.5814733165107,0.0,1082.8345827504957,0.0,1002.1735,1003.5331,1004.8266,1006.2711,1007.6081
2025-07-17 01:00:00,18869.417694219137,489.7918,1701265.99,-6120.4,104.6634,0.6,143.4241,1,15019.2,21133.914794219138,26173.170262943084,46232.21060291518,0.0,3.2,3.8000000000000003,74.99999999999999,82.59999999999998,7043.653624696655,6816.181903407273,1191.5814733165107,0.0,1082.8345827504957,0.0,1002.1735,1003.5331,1004.8266,1006.2711,1007.6081,1009.0843
2025-07-17 07:00:00,7043.653624696655,489.7683,1692113.66,-9152.33,104.1004,0.4,141.9967,1,15019.2,12279.267424696656,18869.417694219137,26173.170262943084,0.6,0.0,1.0,5.800000000000001,82.99999999999999,6816.181903407273,1191.5814733165107,0.0,1082.8345827504957,0.0,1002.1735,1003.5331,1004.8266,1006.2711,1007.6081,1009.0843,1010.4743
2025-07-17 13:00:00,6816.181903407273,489.7512,1689066.07,-3047.59,103.9129,4.2,144.3874,1,15019.2,7104.931903407273,7043.653624696655,18869.417694219137,0.4,0.6,5.2,8.4,79.6,1191.5814733165107,0.0,1082.8345827504957,0.0,1002.1735,1003.5331,1004.8266,1006.2711,1007.6081,1009.0843,1010.4743,0.0
2025-07-17 19:00:00,1191.5814733165107,489.7342,1682975.65,-6090.42,103.5382,0.0,142.5477,1,15019.2,3243.7970733165103,6816.181903407273,7043.653624696655,4.2,0.4,4.6000000000000005,5.2,10.0,0.0,1082.8345827504957,0.0,1002.1735,1003.5331,1004.8266,1006.2711,1007.6081,1009.0843,1010.4743,0.0,7062.6118
2025-07-18 01:00:00,0.0,489.715,1676891.46,-6084.19,103.1639,0.0,140.7314,1,15019.2,610.2268381601253,1191.5814733165107,6816.181903407273,0.0,4.2,4.2,5.2,8.4,1082.8345827504957,0.0,1002.1735,1003.5331,1004.8266,1006.2711,1007.6081,1009.0843,1010.4743,0.0,7062.6118,1010.4743
2025-07-18 07:00:00,1082.8345827504957,489.7047,1673851.74,-3039.72,102.9769,0.0,138.9383,1,15019.2,84.79498275049563,0.0,1191.5814733165107,0.0,0.0,0.0,4.6000000000000005,5.2,0.0,1002.1735,1003.5331,1004.8266,1006.2711,1007.6081,1009.0843,1010.4743,0.0,7062.6118,1010.4743,3733.9406
2025-07-18 13:00:00,0.0,489.6883,1667776.83,-6074.91,102.6031,0.0,137.168,1,15019.2,0.0,1082.8345827504957,0.0,0.0,0.0,0.0,4.2,5.2,1002.1735,1003.5331,1004.8266,1006.2711,1007.6081,1009.0843,1010.4743,0.0,7062.6118,1010.4743,3733.9406,1011.4734
2025-07-18 19:00:00,1002.1735,489.6748,1664741.67,-3035.16,102.4164,0.0,135.4203,1,15019.2,0.0,0.0,1082.8345827504957,0.0,0.0,0.0,0.0,4.6000000000000005,1003.5331,1004.8266,1006.2711,1007.6081,1009.0843,1010.4743,0.0,7062.6118,1010.4743,3733.9406,1011.4734,4035.7354
2025-07-19 01:00:00,1003.5331,489.663,1661708.02,-3033.66,102.2298,0.0,133.6949,1,15019.2,0.0,1002.1735,0.0,0.0,0.0,0.0,0.0,4.2,1004.8266,1006.2711,1007.6081,1009.0843,1010.4743,0.0,7062.6118,1010.4743,3733.9406,1011.4734,4035.7354,1019.2154
2025-07-19 07:00:00,1004.8266,489.6528,1658675.8,-3032.22,102.0432,0.0,131.9914,1,15019.2,0.0,1003.5331,1002.1735,0.0,0.0,0.0,0.0,0.0,1006.2711,1007.6081,1009.0843,1010.4743,0.0,7062.6118,1010.4743,3733.9406,1011.4734,4035.7354,1019.2154,1020.7569
2025-07-19 13:00:00,1006.2711,489.641,1655645.16,-3030.63,101.8568,0.0,130.3096,1,15019.2,0.0,1004.8266,1003.5331,0.0,0.0,0.0,0.0,0.0,1007.6081,1009.0843,1010.4743,0.0,7062.6118,1010.4743,3733.9406,1011.4734,4035.7354,1019.2154,1020.7569,2829.8322
2025-07-19 19:00:00,1007.6081,489.6357,1652616.01,-3029.16,101.6704,0.0,128.6493,1,15019.2,0.0,1006.2711,1004.8266,0.0,0.0,0.0,0.0,0.0,1009.0843,1010.4743,0.0,7062.6118,1010.4743,3733.9406,1011.4734,4035.7354,1019.2154,1020.7569,2829.8322,4637.8098
2025-07-20 01:00:00,1009.0843,489.6223,1649588.47,-3027.53,101.4842,0.0,127.0101,1,15019.2,0.0,1007.6081,1006.2711,0.0,0.0,0.0,0.0,0.0,1010.4743,0.0,7062.6118,1010.4743,3733.9406,1011.4734,4035.7354,1019.2154,1020.7569,2829.8322,4637.8098,2588.1163
2025-07-20 07:00:00,1010.4743,489.6143,1646562.48,-3025.99,101.298,0.0,125.3918,1,15019.2,0.0,1009.0843,1007.6081,0.0,0.0,0.0,0.0,0.0,0.0,7062.6118,1010.4743,3733.9406,1011.4734,4035.7354,1019.2154,1020.7569,2829.8322,4637.8098,2588.1163,19790.52832630444
2025-07-20 13:00:00,0.0,489.6195,1646562.48,0.0,101.298,18.8,142.5942,1,15019.2,0.0,1010.4743,1009.0843,0.0,0.0,18.8,18.8,18.8,7062.6118,1010.4743,3733.9406,1011.4734,4035.7354,1019.2154,1020.7569,2829.8322,4637.8098,2588.1163,19790.52832630444,340529.5156445923
2025-07-20 19:00:00,7062.6118,489.6257,1649588.47,3025.99,101.4842,0.0,140.7773,1,15019.2,0.0,0.0,1010.4743,18.8,0.0,18.8,18.8,18.8,1010.4743,3733.9406,1011.4734,4035.7354,1019.2154,1020.7569,2829.8322,4637.8098,2588.1163,19790.52832630444,340529.5156445923,318767.11394103826
2025-07-21 01:00:00,1010.4743,489.6157,1646562.48,-3025.99,101.298,0.0,138.9836,1,15019.2,0.0,7062.6118,0.0,0.0,18.8,18.8,18.8,18.8,3733.9406,1011.4734,4035.7354,1019.2154,1020.7569,2829.8322,4637.8098,2588.1163,19790.52832630444,340529.5156445923,318767.11394103826,178543.91386261652
2025-07-21 07:00:00,3733.9406,489.6115,1646562.48,0.0,101.298,1.0,138.2127,1,15019.2,0.0,1010.4743,7062.6118,0.0,0.0,1.0,19.8,19.8,1011.4734,4035.7354,1019.2154,1020.7569,2829.8322,4637.8098,2588.1163,19790.52832630444,340529.5156445923,318767.11394103826,178543.91386261652,117069.00797411488
2025-07-21 13:00:00,1011.4734,489.6073,1643538.22,-3024.26,101.112,0.0,136.4517,1,15019.2,0.0,3733.9406,1010.4743,1.0,0.0,1.0,19.8,19.8,4035.7354,1019.2154,1020.7569,2829.8322,4637.8098,2588.1163,19790.52832630444,340529.5156445923,318767.11394103826,178543.91386261652,117069.00797411488,76003.90871042252
2025-07-21 19:00:00,4035.7354,489.6028,1643538.22,0.0,101.112,0.0,134.7131,1,15019.2,0.0,1011.4734,3733.9406,0.0,1.0,1.0,1.0,19.8,1019.2154,1020.7569,2829.8322,4637.8098,2588.1163,19790.52832630444,340529.5156445923,318767.11394103826,178543.91386261652,117069.00797411488,76003.90871042252,56093.03471141774
2025-07-22 01:00:00,1019.2154,489.595,1640521.87,-3016.34,100.9264,0.0,132.9967,1,15019.2,0.0,4035.7354,1011.4734,0.0,0.0,0.0,1.0,19.8,1020.7569,2829.8322,4637.8098,2588.1163,19790.52832630444,340529.5156445923,318767.11394103826,178543.91386261652,117069.00797411488,76003.90871042252,56093.03471141774,43909.94476191061
2025-07-22 07:00:00,1020.7569,489.5898,1637507.22,-3014.65,100.7409,0.0,131.3021,1,15019.2,0.0,1019.2154,4035.7354,0.0,0.0,0.0,1.0,1.0,2829.8322,4637.8098,2588.1163,19790.52832630444,340529.5156445923,318767.11394103826,178543.91386261652,117069.00797411488,76003.90871042252,56093.03471141774,43909.94476191061,33289.050117161365
2025-07-22 13:00:00,2829.8322,489.583,1637507.22,0.0,100.7409,4.0,133.6291,1,15019.2,0.0,1020.7569,1019.2154,0.0,0.0,4.0,4.0,5.0,4637.8098,2588.1163,19790.52832630444,340529.5156445923,318767.11394103826,178543.91386261652,117069.00797411488,76003.90871042252,56093.03471141774,43909.94476191061,33289.050117161365,31772.33087479622
2025-07-22 19:00:00,4637.8098,489.5908,1640521.87,3014.65,100.9264,8.0,139.9265,1,15019.2,0.0,2829.8322,1020.7569,4.0,0.0,12.0,12.0,13.0,2588.1163,19790.52832630444,340529.5156445923,318767.11394103826,178543.91386261652,117069.00797411488,76003.90871042252,56093.03471141774,43909.94476191061,33289.050117161365,31772.33087479622,19887.420702630956
2025-07-23 01:00:00,2588.1163,489.5968,1640521.87,0.0,100.9264,4.8,142.9436,1,15019.2,0.0,4637.8098,2829.8322,8.0,4.0,16.8,16.8,16.8,19790.52832630444,340529.5156445923,318767.11394103826,178543.91386261652,117069.00797411488,76003.90871042252,56093.03471141774,43909.94476191061,33289.050117161365,31772.33087479622,19887.420702630956,17771.806362691594
2025-07-23 07:00:00,19790.52832630444,489.6707,1664741.67,24219.8,102.4164,41.8,182.9223,1,15019.2,4217.35512630444,2588.1163,4637.8098,4.8,8.0,54.599999999999994,58.599999999999994,58.599999999999994,340529.5156445923,318767.11394103826,178543.91386261652,117069.00797411488,76003.90871042252,56093.03471141774,43909.94476191061,33289.050117161365,31772.33087479622,19887.420702630956,17771.806362691594,16216.38779391433
2025-07-23 13:00:00,340529.5156445923,490.0633,1784660.65,119918.97,109.7939,30.8,211.3916,1,15019.2,226181.71274459228,19790.52832630444,2588.1163,41.8,4.8,77.39999999999999,89.39999999999999,89.39999999999999,318767.11394103826,178543.91386261652,117069.00797411488,76003.90871042252,56093.03471141774,43909.94476191061,33289.050117161365,31772.33087479622,19887.420702630956,17771.806362691594,16216.38779391433,13082.09786337831
2025-07-23 19:00:00,318767.11394103826,490.1387,1806566.42,21905.77,111.1416,6.0,214.6982,1,15019.2,294696.4194410383,340529.5156445923,19790.52832630444,30.8,41.8,78.6,91.39999999999999,95.39999999999999,178543.91386261652,117069.00797411488,76003.90871042252,56093.03471141774,43909.94476191061,33289.050117161365,31772.33087479622,19887.420702630956,17771.806362691594,16216.38779391433,13082.09786337831,9360.144176589316
2025-07-24 01:00:00,178543.91386261652,490.047,1778420.13,-28146.3,109.41,0.4,212.3626,1,15019.2,202769.74436261653,318767.11394103826,340529.5156445923,6.0,30.8,37.199999999999996,83.8,95.8,117069.00797411488,76003.90871042252,56093.03471141774,43909.94476191061,33289.050117161365,31772.33087479622,19887.420702630956,17771.806362691594,16216.38779391433,13082.09786337831,9360.144176589316,6511.464295888486
2025-07-24 07:00:00,117069.00797411488,489.971,1756674.08,-21746.05,108.0722,2.6,212.2568,1,15019.2,135576.53027411486,178543.91386261652,318767.11394103826,0.4,6.0,9.0,81.6,94.39999999999999,76003.90871042252,56093.03471141774,43909.94476191061,33289.050117161365,31772.33087479622,19887.420702630956,17771.806362691594,16216.38779391433,13082.09786337831,9360.144176589316,6511.464295888486,4600.4998365619385
2025-07-24 13:00:00,76003.90871042252,489.9123,1738141.52,-18532.56,106.932,0.2,209.7523,1,15019.2,90556.18211042252,117069.00797411488,178543.91386261652,2.6,0.4,3.2,40.0,86.6,56093.03471141774,43909.94476191061,33289.050117161365,31772.33087479622,19887.420702630956,17771.806362691594,16216.38779391433,13082.09786337831,9360.144176589316,6511.464295888486,4600.4998365619385,6652.581058086127
2025-07-24 19:00:00,56093.03471141774,489.8757,1725819.69,-12321.82,106.174,4.2,211.2798,1,15019.2,65665.93671141774,76003.90871042252,117069.00797411488,0.2,2.6,7.0,13.399999999999999,86.0,43909.94476191061,33289.050117161365,31772.33087479622,19887.420702630956,17771.806362691594,16216.38779391433,13082.09786337831,9360.144176589316,6511.464295888486,4600.4998365619385,6652.581058086127,39599.35230146139
2025-07-25 01:00:00,43909.94476191061,489.8482,1716595.66,-9224.03,105.6065,0.0,208.5878,1,15019.2,49093.1011619106,56093.03471141774,76003.90871042252,4.2,0.2,4.4,7.4,44.2,33289.050117161365,31772.33087479622,19887.420702630956,17771.806362691594,16216.38779391433,13082.09786337831,9360.144176589316,6511.464295888486,4600.4998365619385,6652.581058086127,39599.35230146139,141917.0029794925
2025-07-25 07:00:00,33289.050117161365,489.8255,1710454.44,-6141.22,105.2287,4.4,210.3301,1,15019.2,36740.057317161365,43909.94476191061,56093.03471141774,0.0,4.2,8.600000000000001,11.4,17.799999999999997,31772.33087479622,19887.420702630956,17771.806362691594,16216.38779391433,13082.09786337831,9360.144176589316,6511.464295888486,4600.4998365619385,6652.581058086127,39599.35230146139,141917.0029794925,93081.57987414952
2025-07-25 13:00:00,31772.33087479622,489.8135,1707386.39,-3068.04,105.04,0.0,207.6502,1,15019.2,30799.96787479622,33289.050117161365,43909.94476191061,4.4,0.0,4.4,8.8,11.8,19887.420702630956,17771.806362691594,16216.38779391433,13082.09786337831,9360.144176589316,6511.464295888486,4600.4998365619385,6652.581058086127,39599.35230146139,141917.0029794925,93081.57987414952,76022.52323369375
2025-07-25 19:00:00,19887.420702630956,489.794,1701265.99,-6120.4,104.6634,0.0,205.0044,1,15019.2,21968.729402630957,31772.33087479622,33289.050117161365,0.0,4.4,4.4,8.600000000000001,11.4,17771.806362691594,16216.38779391433,13082.09786337831,9360.144176589316,6511.464295888486,4600.4998365619385,6652.581058086127,39599.35230146139,141917.0029794925,93081.57987414952,76022.52323369375,56865.7281406119
2025-07-26 01:00:00,17771.806362691594,489.7855,1698213.64,-3052.34,104.4756,5.6,207.9923,1,15019.2,18494.085662691592,19887.420702630956,31772.33087479622,0.0,0.0,5.6,10.0,14.4,16216.38779391433,13082.09786337831,9360.144176589316,6511.464295888486,4600.4998365619385,6652.581058086127,39599.35230146139,141917.0029794925,93081.57987414952,76022.52323369375,56865.7281406119,51337.39077501363
2025-07-26 07:00:00,16216.38779391433,489.7772,1695162.85,-3050.79,104.288,0.4,205.7422,1,15019.2,15350.387393914329,17771.806362691594,19887.420702630956,5.6,0.0,6.0,10.4,14.600000000000001,13082.09786337831,9360.144176589316,6511.464295888486,4600.4998365619385,6652.581058086127,39599.35230146139,141917.0029794925,93081.57987414952,76022.52323369375,56865.7281406119,51337.39077501363,33584.30434977259
2025-07-26 13:00:00,13082.09786337831,489.7678,1692113.66,-3049.19,104.1004,0.0,203.1208,1,15019.2,12092.648163378313,16216.38779391433,17771.806362691594,0.4,5.6,6.0,6.0,10.4,9360.144176589316,6511.464295888486,4600.4998365619385,6652.581058086127,39599.35230146139,141917.0029794925,93081.57987414952,76022.52323369375,56865.7281406119,51337.39077501363,33584.30434977259,31120.530545566
2025-07-26 19:00:00,9360.144176589316,489.7558,1689066.07,-3047.59,103.9129,0.0,200.5327,1,15019.2,8369.245976589316,13082.09786337831,16216.38779391433,0.0,0.4,0.4,6.0,10.4,6511.464295888486,4600.4998365619385,6652.581058086127,39599.35230146139,141917.0029794925,93081.57987414952,76022.52323369375,56865.7281406119,51337.39077501363,33584.30434977259,31120.530545566,24532.017360696093
2025-07-27 01:00:00,6511.464295888486,489.745,1686020.07,-3046.0,103.7255,0.0,197.9776,1,15019.2,5519.116595888486,9360.144176589316,13082.09786337831,0.0,0.0,0.0,6.0,6.0,4600.4998365619385,6652.581058086127,39599.35230146139,141917.0029794925,93081.57987414952,76022.52323369375,56865.7281406119,51337.39077501363,33584.30434977259,31120.530545566,24532.017360696093,79803.37723160133
2025-07-27 07:00:00,4600.4998365619385,489.7362,1682975.65,-3044.41,103.5382,0.0,195.4551,1,15019.2,3606.7116365619386,6511.464295888486,9360.144176589316,0.0,0.0,0.0,0.4,6.0,6652.581058086127,39599.35230146139,141917.0029794925,93081.57987414952,76022.52323369375,56865.7281406119,51337.39077501363,33584.30434977259,31120.530545566,24532.017360696093,79803.37723160133,65606.44490000406
2025-07-27 13:00:00,6652.581058086127,489.7307,1682975.65,0.0,103.5382,0.0,192.9647,1,15019.2,2614.3853580861273,4600.4998365619385,6511.464295888486,0.0,0.0,0.0,0.0,6.0,39599.35230146139,141917.0029794925,93081.57987414952,76022.52323369375,56865.7281406119,51337.39077501363,33584.30434977259,31120.530545566,24532.017360696093,79803.37723160133,65606.44490000406,56377.76445455432
2025-07-27 19:00:00,39599.35230146139,489.7955,1701265.99,18290.33,104.6634,42.2,232.7061,1,15019.2,30154.436701461385,6652.581058086127,4600.4998365619385,0.0,0.0,42.2,42.2,42.6,141917.0029794925,93081.57987414952,76022.52323369375,56865.7281406119,51337.39077501363,33584.30434977259,31120.530545566,24532.017360696093,79803.37723160133,65606.44490000406,56377.76445455432,38854.09195829743
2025-07-28 01:00:00,141917.0029794925,489.9232,1741226.06,39960.07,107.1218,0.8,230.5411,1,15019.2,98161.64947949252,39599.35230146139,6652.581058086127,42.2,0.0,43.0,43.0,43.0,93081.57987414952,76022.52323369375,56865.7281406119,51337.39077501363,33584.30434977259,31120.530545566,24532.017360696093,79803.37723160133,65606.44490000406,56377.76445455432,38854.09195829743,28007.855782044193
2025-07-28 07:00:00,93081.57987414952,489.918,1738141.52,-3084.54,106.932,7.4,235.0036,1,15019.2,94406.15687414951,141917.0029794925,39599.35230146139,0.8,42.2,50.4,50.4,50.4,76022.52323369375,56865.7281406119,51337.39077501363,33584.30434977259,31120.530545566,24532.017360696093,79803.37723160133,65606.44490000406,56377.76445455432,38854.09195829743,28007.855782044193,20603.75161627559
2025-07-28 13:00:00,76022.52323369375,489.8947,1731977.26,-6164.25,106.5528,0.0,232.0093,1,15019.2,78145.12933369374,93081.57987414952,141917.0029794925,7.4,0.8,8.200000000000001,50.4,50.4,56865.7281406119,51337.39077501363,33584.30434977259,31120.530545566,24532.017360696093,79803.37723160133,65606.44490000406,56377.76445455432,38854.09195829743,28007.855782044193,20603.75161627559,14327.278997685695
2025-07-28 19:00:00,56865.7281406119,489.87,1722743.39,-9233.87,105.9847,0.2,229.2532,1,15019.2,62119.9223406119,76022.52323369375,93081.57987414952,0.0,7.4,7.6000000000000005,50.6,50.6,51337.39077501363,33584.30434977259,31120.530545566,24532.017360696093,79803.37723160133,65606.44490000406,56377.76445455432,38854.09195829743,28007.855782044193,20603.75161627559,14327.278997685695,11809.523477876926
2025-07-29 01:00:00,51337.39077501363,489.8505,1719668.7,-3074.69,105.7956,0.2,226.5322,1,15019.2,50432.51987501362,56865.7281406119,76022.52323369375,0.2,0.0,0.4,8.6,50.800000000000004,33584.30434977259,31120.530545566,24532.017360696093,79803.37723160133,65606.44490000406,56377.76445455432,38854.09195829743,28007.855782044193,20603.75161627559,14327.278997685695,11809.523477876926,8530.771317626524
2025-07-29 07:00:00,33584.30434977259,489.8293,1710454.44,-9214.27,105.2287,0.0,223.6458,1,15019.2,38757.99754977259,51337.39077501363,56865.7281406119,0.2,0.2,0.4,7.800000000000001,50.800000000000004,31120.530545566,24532.017360696093,79803.37723160133,65606.44490000406,56377.76445455432,38854.09195829743,28007.855782044193,20603.75161627559,14327.278997685695,11809.523477876926,8530.771317626524,5537.154993083457
2025-07-29 13:00:00,31120.530545566,489.8122,1707386.39,-3068.04,105.04,0.0,220.7963,1,15019.2,30148.173445565997,33584.30434977259,51337.39077501363,0.0,0.2,0.2,0.4,8.6,24532.017360696093,79803.37723160133,65606.44490000406,56377.76445455432,38854.09195829743,28007.855782044193,20603.75161627559,14327.278997685695,11809.523477876926,8530.771317626524,5537.154993083457,3971.376837536072
2025-07-29 19:00:00,24532.017360696093,489.8072,1704320.27,-3066.12,104.8513,14.4,232.383,1,15019.2,27971.158160696094,31120.530545566,33584.30434977259,0.0,0.0,14.4,14.8,22.200000000000003,79803.37723160133,65606.44490000406,56377.76445455432,38854.09195829743,28007.855782044193,20603.75161627559,14327.278997685695,11809.523477876926,8530.771317626524,5537.154993083457,3971.376837536072,2250.7821337698297
2025-07-30 01:00:00,79803.37723160133,489.8673,1722743.39,18423.12,105.9847,10.4,239.8221,1,15019.2,60537.65323160134,24532.017360696093,31120.530545566,14.4,0.0,24.8,25.0,25.200000000000003,65606.44490000406,56377.76445455432,38854.09195829743,28007.855782044193,20603.75161627559,14327.278997685695,11809.523477876926,8530.771317626524,5537.154993083457,3971.376837536072,2250.7821337698297,1406.328511440577
2025-07-30 07:00:00,65606.44490000406,489.8692,1722743.39,0.0,105.9847,0.0,236.7664,1,15019.2,61565.260300004054,79803.37723160133,24532.017360696093,10.4,14.4,24.8,24.8,25.200000000000003,56377.76445455432,38854.09195829743,28007.855782044193,20603.75161627559,14327.278997685695,11809.523477876926,8530.771317626524,5537.154993083457,3971.376837536072,2250.7821337698297,1406.328511440577,1081.2064718034976
2025-07-30 13:00:00,56377.76445455432,489.859,1719668.7,-3074.69,105.7956,0.0,233.7497,1,15019.2,55411.41885455432,65606.44490000406,79803.37723160133,0.0,10.4,10.4,24.8,25.0,38854.09195829743,28007.855782044193,20603.75161627559,14327.278997685695,11809.523477876926,8530.771317626524,5537.154993083457,3971.376837536072,2250.7821337698297,1406.328511440577,1081.2064718034976,1009.0974009830336
2025-07-30 19:00:00,38854.09195829743,489.8335,1713524.23,-6144.47,105.4176,0.0,230.7714,1,15019.2,40957.83925829743,56377.76445455432,65606.44490000406,0.0,0.0,0.0,24.8,24.8,28007.855782044193,20603.75161627559,14327.278997685695,11809.523477876926,8530.771317626524,5537.154993083457,3971.376837536072,2250.7821337698297,1406.328511440577,1081.2064718034976,1009.0974009830336,1010.4423
2025-07-31 01:00:00,28007.855782044193,489.8123,1707386.39,-6137.84,105.04,0.4,228.231,1,15019.2,30227.984982044196,38854.09195829743,56377.76445455432,0.0,0.0,0.4,10.8,25.2,20603.75161627559,14327.278997685695,11809.523477876926,8530.771317626524,5537.154993083457,3971.376837536072,2250.7821337698297,1406.328511440577,1081.2064718034976,1009.0974009830336,1010.4423,1011.79
2025-07-31 07:00:00,20603.75161627559,489.7957,1701265.99,-6120.4,104.6634,0.0,225.323,1,15019.2,22685.058816275585,28007.855782044193,38854.09195829743,0.4,0.0,0.4,0.4,25.2,14327.278997685695,11809.523477876926,8530.771317626524,5537.154993083457,3971.376837536072,2250.7821337698297,1406.328511440577,1081.2064718034976,1009.0974009830336,1010.4423,1011.79,1013.1448
2025-07-31 13:00:00,14327.278997685695,489.78,1695162.85,-6103.14,104.288,0.0,222.4521,1,15019.2,16391.625597685692,20603.75161627559,28007.855782044193,0.0,0.4,0.4,0.4,10.8,11809.523477876926,8530.771317626524,5537.154993083457,3971.376837536072,2250.7821337698297,1406.328511440577,1081.2064718034976,1009.0974009830336,1010.4423,1011.79,1013.1448,1014.4335
2025-07-31 19:00:00,11809.523477876926,489.7655,1692113.66,-3049.19,104.1004,1.6,221.2177,1,15019.2,11307.812077876926,14327.278997685695,20603.75161627559,0.0,0.0,1.6,2.0,2.0,8530.771317626524,5537.154993083457,3971.376837536072,2250.7821337698297,1406.328511440577,1081.2064718034976,1009.0974009830336,1010.4423,1011.79,1013.1448,1014.4335,1015.8732
2025-08-01 01:00:00,8530.771317626524,489.7528,1689066.07,-3047.59,103.9129,0.0,218.3991,1,15019.2,7530.212917626524,11809.523477876926,14327.278997685695,1.6,0.0,1.6,2.0,2.0,5537.154993083457,3971.376837536072,2250.7821337698297,1406.328511440577,1081.2064718034976,1009.0974009830336,1010.4423,1011.79,1013.1448,1014.4335,1015.8732,1017.2055
2025-08-01 07:00:00,5537.154993083457,489.7407,1686020.07,-3046.0,103.7255,0.0,215.6163,1,15019.2,4535.162993083457,8530.771317626524,11809.523477876926,0.0,1.6,1.6,1.6,2.0,3971.376837536072,2250.7821337698297,1406.328511440577,1081.2064718034976,1009.0974009830336,1010.4423,1011.79,1013.1448,1014.4335,1015.8732,1017.2055,1018.6768
2025-08-01 13:00:00,3971.376837536072,489.7328,1682975.65,-3044.41,103.5382,0.0,212.8691,1,15019.2,2967.948837536072,5537.154993083457,8530.771317626524,0.0,0.0,0.0,1.6,2.0,2250.7821337698297,1406.328511440577,1081.2064718034976,1009.0974009830336,1010.4423,1011.79,1013.1448,1014.4335,1015.8732,1017.2055,1018.6768,1020.0617
2025-08-01 19:00:00,2250.7821337698297,489.7215,1679932.84,-3042.81,103.351,0.0,210.1568,1,15019.2,1245.9061337698297,3971.376837536072,5537.154993083457,0.0,0.0,0.0,1.6,1.6,1406.328511440577,1081.2064718034976,1009.0974009830336,1010.4423,1011.79,1013.1448,1014.4335,1015.8732,1017.2055,1018.6768,1020.0617,4046.0547
2025-08-02 01:00:00,1406.328511440577,489.7128,1676891.46,-3041.38,103.1639,0.0,207.4791,1,15019.2,400.16801144057666,2250.7821337698297,3971.376837536072,0.0,0.0,0.0,0.0,1.6,1081.2064718034976,1009.0974009830336,1010.4423,1011.79,1013.1448,1014.4335,1015.8732,1017.2055,1018.6768,1020.0617,4046.0547,0.0
2025-08-02 07:00:00,1081.2064718034976,489.7065,1673851.74,-3039.72,102.9769,0.0,204.8355,1,15019.2,73.53277180349745,1406.328511440577,2250.7821337698297,0.0,0.0,0.0,0.0,1.6,1009.0974009830336,1010.4423,1011.79,1013.1448,1014.4335,1015.8732,1017.2055,1018.6768,1020.0617,4046.0547,0.0,1030.3085
2025-08-02 13:00:00,1009.0974009830336,489.697,1670813.48,-3038.26,102.79,0.0,202.2256,1,15019.2,0.10800098303360643,1081.2064718034976,1406.328511440577,0.0,0.0,0.0,0.0,0.0,1010.4423,1011.79,1013.1448,1014.4335,1015.8732,1017.2055,1018.6768,1020.0617,4046.0547,0.0,1030.3085,1031.6088
2025-08-02 19:00:00,1010.4423,489.6852,1667776.83,-3036.65,102.6031,0.0,199.649,1,15019.2,0.0,1009.0974009830336,1081.2064718034976,0.0,0.0,0.0,0.0,0.0,1011.79,1013.1448,1014.4335,1015.8732,1017.2055,1018.6768,1020.0617,4046.0547,0.0,1030.3085,1031.6088,3442.3331
2025-08-03 01:00:00,1011.79,489.6753,1664741.67,-3035.16,102.4164,0.0,197.1051,1,15019.2,0.0,1010.4423,1009.0974009830336,0.0,0.0,0.0,0.0,0.0,1013.1448,1014.4335,1015.8732,1017.2055,1018.6768,1020.0617,4046.0547,0.0,1030.3085,1031.6088,3442.3331,1033.0397
2025-08-03 07:00:00,1013.1448,489.665,1661708.02,-3033.66,102.2298,0.0,194.5937,1,15019.2,0.0,1011.79,1010.4423,0.0,0.0,0.0,0.0,0.0,1014.4335,1015.8732,1017.2055,1018.6768,1020.0617,4046.0547,0.0,1030.3085,1031.6088,3442.3331,1033.0397,1034.4213
2025-08-03 13:00:00,1014.4335,489.6565,1658675.8,-3032.22,102.0432,0.0,192.1143,1,15019.2,0.0,1013.1448,1011.79,0.0,0.0,0.0,0.0,0.0,1015.8732,1017.2055,1018.6768,1020.0617,4046.0547,0.0,1030.3085,1031.6088,3442.3331,1033.0397,1034.4213,1035.8142
2025-08-03 19:00:00,1015.8732,489.6478,1655645.16,-3030.63,101.8568,0.0,189.6665,1,15019.2,0.0,1014.4335,1013.1448,0.0,0.0,0.0,0.0,0.0,1017.2055,1018.6768,1020.0617,4046.0547,0.0,1030.3085,1031.6088,3442.3331,1033.0397,1034.4213,1035.8142,1037.2255
2025-08-04 01:00:00,1017.2055,489.6382,1652616.01,-3029.16,101.6704,0.0,187.2499,1,15019.2,0.0,1015.8732,1014.4335,0.0,0.0,0.0,0.0,0.0,1018.6768,1020.0617,4046.0547,0.0,1030.3085,1031.6088,3442.3331,1033.0397,1034.4213,1035.8142,1037.2255,1038.6071
2025-08-04 07:00:00,1018.6768,489.6282,1649588.47,-3027.53,101.4842,0.0,184.8641,1,15019.2,0.0,1017.2055,1015.8732,0.0,0.0,0.0,0.0,0.0,1020.0617,4046.0547,0.0,1030.3085,1031.6088,3442.3331,1033.0397,1034.4213,1035.8142,1037.2255,1038.6071,1039.8978
2025-08-04 13:00:00,1020.0617,489.6182,1646562.48,-3025.99,101.298,0.0,182.5086,1,15019.2,0.0,1018.6768,1017.2055,0.0,0.0,0.0,0.0,0.0,4046.0547,0.0,1030.3085,1031.6088,3442.3331,1033.0397,1034.4213,1035.8142,1037.2255,1038.6071,1039.8978,4043.9148
2025-08-04 19:00:00,4046.0547,489.6107,1646562.48,0.0,101.298,0.0,180.1832,1,15019.2,0.0,1020.0617,1018.6768,0.0,0.0,0.0,0.0,0.0,0.0,1030.3085,1031.6088,3442.3331,1033.0397,1034.4213,1035.8142,1037.2255,1038.6071,1039.8978,4043.9148,1041.3992
2025-08-05 01:00:00,0.0,489.598,1640521.87,-6040.6,100.9264,0.0,177.8874,1,15019.2,0.0,4046.0547,1020.0617,0.0,0.0,0.0,0.0,0.0,1030.3085,1031.6088,3442.3331,1033.0397,1034.4213,1035.8142,1037.2255,1038.6071,1039.8978,4043.9148,1041.3992,922.7003
2025-08-05 07:00:00,1030.3085,489.588,1637507.22,-3014.65,100.7409,0.0,175.6209,1,15019.2,0.0,0.0,4046.0547,0.0,0.0,0.0,0.0,0.0,1031.6088,3442.3331,1033.0397,1034.4213,1035.8142,1037.2255,1038.6071,1039.8978,4043.9148,1041.3992,922.7003,744.1868
2025-08-05 13:00:00,1031.6088,489.5762,1634494.02,-3013.2,100.5555,0.0,173.3832,1,15019.2,0.0,1030.3085,0.0,0.0,0.0,0.0,0.0,0.0,3442.3331,1033.0397,1034.4213,1035.8142,1037.2255,1038.6071,1039.8978,4043.9148,1041.3992,922.7003,744.1868,4043.4737
2025-08-05 19:00:00,3442.3331,489.572,1634494.02,0.0,100.5555,2.0,173.174,1,15019.2,0.0,1031.6088,1030.3085,0.0,0.0,2.0,2.0,2.0,1033.0397,1034.4213,1035.8142,1037.2255,1038.6071,1039.8978,4043.9148,1041.3992,922.7003,744.1868,4043.4737,1045.4533
2025-08-06 01:00:00,1033.0397,489.5613,1631482.4,-3011.62,100.3703,0.0,170.9675,1,15019.2,0.0,3442.3331,1031.6088,2.0,0.0,2.0,2.0,2.0,1034.4213,1035.8142,1037.2255,1038.6071,1039.8978,4043.9148,1041.3992,922.7003,744.1868,4043.4737,1045.4533,747.2455
2025-08-06 07:00:00,1034.4213,489.554,1628472.31,-3010.09,100.1851,0.0,168.7892,1,15019.2,0.0,1033.0397,3442.3331,0.0,2.0,2.0,2.0,2.0,1035.8142,1037.2255,1038.6071,1039.8978,4043.9148,1041.3992,922.7003,744.1868,4043.4737,1045.4533,747.2455,269.6892
2025-08-06 13:00:00,1035.8142,489.5445,1625463.76,-3008.55,100.0,0.0,166.6385,1,15019.2,0.0,1034.4213,1033.0397,0.0,0.0,0.0,2.0,2.0,1037.2255,1038.6071,1039.8978,4043.9148,1041.3992,922.7003,744.1868,4043.4737,1045.4533,747.2455,269.6892,989.5834
2025-08-06 19:00:00,1037.2255,489.5368,1622456.77,-3006.99,99.815,0.0,164.5153,1,15019.2,0.0,1035.8142,1034.4213,0.0,0.0,0.0,2.0,2.0,1038.6071,1039.8978,4043.9148,1041.3992,922.7003,744.1868,4043.4737,1045.4533,747.2455,269.6892,989.5834,4042.8925
2025-08-07 01:00:00,1038.6071,489.5283,1619451.32,-3005.46,99.6301,0.0,162.4192,1,15019.2,0.0,1037.2255,1035.8142,0.0,0.0,0.0,0.0,2.0,1039.8978,4043.9148,1041.3992,922.7003,744.1868,4043.4737,1045.4533,747.2455,269.6892,989.5834,4042.8925,1050.8579
2025-08-07 07:00:00,1039.8978,489.5197,1616447.3,-3004.02,99.4453,0.0,160.3497,1,15019.2,0.0,1038.6071,1037.2255,0.0,0.0,0.0,0.0,2.0,4043.9148,1041.3992,922.7003,744.1868,4043.4737,1045.4533,747.2455,269.6892,989.5834,4042.8925,1050.8579,1052.2518
2025-08-07 13:00:00,4043.9148,489.512,1616447.3,0.0,99.4453,0.0,158.3066,1,15019.2,0.0,1039.8978,1038.6071,0.0,0.0,0.0,0.0,0.0,1041.3992,922.7003,744.1868,4043.4737,1045.4533,747.2455,269.6892,989.5834,4042.8925,1050.8579,1052.2518,1053.6307
2025-08-07 19:00:00,1041.3992,489.5022,1613444.93,-3002.37,99.2606,0.0,156.2896,1,15019.2,0.0,4043.9148,1039.8978,0.0,0.0,0.0,0.0,0.0,922.7003,744.1868,4043.4737,1045.4533,747.2455,269.6892,989.5834,4042.8925,1050.8579,1052.2518,1053.6307,1055.1545
2025-08-08 01:00:00,922.7003,489.4942,1610444.02,-3000.91,99.076,0.4,154.6982,1,15019.2,0.0,1041.3992,4043.9148,0.0,0.0,0.4,0.4,0.4,744.1868,4043.4737,1045.4533,747.2455,269.6892,989.5834,4042.8925,1050.8579,1052.2518,1053.6307,1055.1545,1070.9997
2025-08-08 07:00:00,744.1868,489.4882,1607444.59,-2999.42,98.8914,1.0,153.7271,1,15019.2,0.0,922.7003,1041.3992,0.4,0.0,1.4,1.4,1.4,4043.4737,1045.4533,747.2455,269.6892,989.5834,4042.8925,1050.8579,1052.2518,1053.6307,1055.1545,1070.9997,1072.8572
2025-08-08 13:00:00,4043.4737,489.4805,1607444.59,0.0,98.8914,0.0,151.7684,1,15019.2,0.0,744.1868,922.7003,1.0,0.4,1.4,1.4,1.4,1045.4533,747.2455,269.6892,989.5834,4042.8925,1050.8579,1052.2518,1053.6307,1055.1545,1070.9997,1072.8572,1074.4064
2025-08-08 19:00:00,1045.4533,489.4732,1604446.72,-2997.87,98.707,0.0,149.8347,1,15019.2,0.0,4043.4737,744.1868,0.0,1.0,1.0,1.4,1.4,747.2455,269.6892,989.5834,4042.8925,1050.8579,1052.2518,1053.6307,1055.1545,1070.9997,1072.8572,1074.4064,4040.2144
2025-08-09 01:00:00,747.2455,489.4647,1601450.34,-2996.37,98.5227,1.0,148.9256,1,15019.2,0.0,1045.4533,4043.4737,0.0,0.0,1.0,2.4,2.4,269.6892,989.5834,4042.8925,1050.8579,1052.2518,1053.6307,1055.1545,1070.9997,1072.8572,1074.4064,4040.2144,4040.2144
2025-08-09 07:00:00,269.6892,489.458,1598455.47,-2994.87,98.3384,2.6,149.628,1,15019.2,0.0,747.2455,1045.4533,1.0,0.0,3.6,4.6,5.0,989.5834,4042.8925,1050.8579,1052.2518,1053.6307,1055.1545,1070.9997,1072.8572,1074.4064,4040.2144,4040.2144,4040.2144
2025-08-09 13:00:00,989.5834,489.4493,1595462.02,-2993.46,98.1543,0.2,147.9216,1,15019.2,0.0,269.6892,747.2455,2.6,1.0,3.8000000000000003,3.8000000000000003,5.2,4042.8925,1050.8579,1052.2518,1053.6307,1055.1545,1070.9997,1072.8572,1074.4064,4040.2144,4040.2144,4040.2144,0.0
2025-08-09 19:00:00,4042.8925,489.443,1595462.02,0.0,98.1543,0.0,146.0368,1,15019.2,0.0,989.5834,269.6892,0.2,2.6,2.8000000000000003,3.8000000000000003,4.8,1050.8579,1052.2518,1053.6307,1055.1545,1070.9997,1072.8572,1074.4064,4040.2144,4040.2144,4040.2144,0.0,24484.1658
2025-08-10 01:00:00,1050.8579,489.435,1592470.13,-2991.89,97.9702,0.0,144.1761,1,15019.2,0.0,4042.8925,989.5834,0.0,0.2,0.2,3.8000000000000003,3.8000000000000003,1052.2518,1053.6307,1055.1545,1070.9997,1072.8572,1074.4064,4040.2144,4040.2144,4040.2144,0.0,24484.1658,10034.5739
2025-08-10 07:00:00,1052.2518,489.4245,1589479.78,-2990.35,97.7862,0.0,142.3391,1,15019.2,0.0,1050.8579,4042.8925,0.0,0.0,0.0,2.8000000000000003,3.8000000000000003,1053.6307,1055.1545,1070.9997,1072.8572,1074.4064,4040.2144,4040.2144,4040.2144,0.0,24484.1658,10034.5739,10040.919
2025-08-10 13:00:00,1053.6307,489.4143,1586490.96,-2988.82,97.6024,0.0,140.5255,1,15019.2,0.0,1052.2518,1050.8579,0.0,0.0,0.0,0.2,3.8000000000000003,1055.1545,1070.9997,1072.8572,1074.4064,4040.2144,4040.2144,4040.2144,0.0,24484.1658,10034.5739,10040.919,3623.6016
2025-08-10 19:00:00,1055.1545,489.4047,1583503.92,-2987.05,97.4186,0.0,138.735,1,15019.2,0.0,1053.6307,1052.2518,0.0,0.0,0.0,0.0,2.8000000000000003,1070.9997,1072.8572,1074.4064,4040.2144,4040.2144,4040.2144,0.0,24484.1658,10034.5739,10040.919,3623.6016,22011.9805
2025-08-11 01:00:00,1070.9997,489.397,1580534.36,-2969.56,97.2359,0.0,136.9673,1,15019.2,0.0,1055.1545,1053.6307,0.0,0.0,0.0,0.0,0.2,1072.8572,1074.4064,4040.2144,4040.2144,4040.2144,0.0,24484.1658,10034.5739,10040.919,3623.6016,22011.9805,13084.5931
2025-08-11 07:00:00,1072.8572,489.3865,1577566.83,-2967.53,97.0533,0.0,135.2221,1,15019.2,0.0,1070.9997,1055.1545,0.0,0.0,0.0,0.0,0.0,1074.4064,4040.2144,4040.2144,4040.2144,0.0,24484.1658,10034.5739,10040.919,3623.6016,22011.9805,13084.5931,4045.1141
2025-08-11 13:00:00,1074.4064,489.3782,1574601.03,-2965.81,96.8709,0.0,133.4992,1,15019.2,0.0,1072.8572,1070.9997,0.0,0.0,0.0,0.0,0.0,4040.2144,4040.2144,4040.2144,0.0,24484.1658,10034.5739,10040.919,3623.6016,22011.9805,13084.5931,4045.1141,2838.9129
2025-08-11 19:00:00,4040.2144,489.377,1574601.03,0.0,96.8709,0.0,131.7982,1,15019.2,0.0,1074.4064,1072.8572,0.0,0.0,0.0,0.0,0.0,4040.2144,4040.2144,0.0,24484.1658,10034.5739,10040.919,3623.6016,22011.9805,13084.5931,4045.1141,2838.9129,4045.1141
2025-08-12 01:00:00,4040.2144,489.3777,1574601.03,0.0,96.8709,0.0,130.1189,1,15019.2,0.0,4040.2144,1074.4064,0.0,0.0,0.0,0.0,0.0,4040.2144,0.0,24484.1658,10034.5739,10040.919,3623.6016,22011.9805,13084.5931,4045.1141,2838.9129,4045.1141,1030.3085
2025-08-12 07:00:00,4040.2144,489.3743,1574601.03,0.0,96.8709,0.0,128.461,1,15019.2,0.0,4040.2144,4040.2144,0.0,0.0,0.0,0.0,0.0,0.0,24484.1658,10034.5739,10040.919,3623.6016,22011.9805,13084.5931,4045.1141,2838.9129,4045.1141,1030.3085,4044.963
2025-08-12 13:00:00,0.0,489.378,1574601.03,0.0,96.8709,15.6,142.4242,1,15019.2,0.0,4040.2144,4040.2144,0.0,0.0,15.6,15.6,15.6,24484.1658,10034.5739,10040.919,3623.6016,22011.9805,13084.5931,4045.1141,2838.9129,4045.1141,1030.3085,4044.963,1031.6088
2025-08-12 19:00:00,24484.1658,489.4507,1598455.47,23854.45,98.3384,11.4,152.0095,1,15019.2,0.0,0.0,4040.2144,15.6,0.0,27.0,27.0,27.0,10034.5739,10040.919,3623.6016,22011.9805,13084.5931,4045.1141,2838.9129,4045.1141,1030.3085,4044.963,1031.6088,19316.0359
2025-08-13 01:00:00,10034.5739,489.479,1604446.72,5991.25,98.707,0.0,150.0727,1,15019.2,0.0,24484.1658,0.0,11.4,15.6,27.0,27.0,27.0,10040.919,3623.6016,22011.9805,13084.5931,4045.1141,2838.9129,4045.1141,1030.3085,4044.963,1031.6088,19316.0359,16184.9295
2025-08-13 07:00:00,10040.919,489.49,1610444.02,5997.3,99.076,0.0,148.1606,1,15019.2,0.0,10034.5739,24484.1658,0.0,11.4,11.4,27.0,27.0,3623.6016,22011.9805,13084.5931,4045.1141,2838.9129,4045.1141,1030.3085,4044.963,1031.6088,19316.0359,16184.9295,3196.7494
2025-08-13 13:00:00,3623.6016,489.4995,1610444.02,0.0,99.076,1.4,147.6728,1,15019.2,0.0,10040.919,10034.5739,0.0,0.0,1.4,28.4,28.4,22011.9805,13084.5931,4045.1141,2838.9129,4045.1141,1030.3085,4044.963,1031.6088,19316.0359,16184.9295,3196.7494,828.2851
2025-08-13 19:00:00,22011.9805,489.5633,1631482.4,21038.38,100.3703,10.2,155.9912,1,15019.2,0.0,3623.6016,10040.919,1.4,0.0,11.6,23.0,38.599999999999994,13084.5931,4045.1141,2838.9129,4045.1141,1030.3085,4044.963,1031.6088,19316.0359,16184.9295,3196.7494,828.2851,148882.02247579733
2025-08-14 01:00:00,13084.5931,489.5913,1640521.87,9039.48,100.9264,0.0,154.0037,1,15019.2,0.0,22011.9805,3623.6016,10.2,1.4,11.6,11.6,38.599999999999994,4045.1141,2838.9129,4045.1141,1030.3085,4044.963,1031.6088,19316.0359,16184.9295,3196.7494,828.2851,148882.02247579733,114671.4739693088
2025-08-14 07:00:00,4045.1141,489.5977,1640521.87,0.0,100.9264,0.0,152.0414,1,15019.2,0.0,13084.5931,22011.9805,0.0,10.2,10.2,11.6,23.0,2838.9129,4045.1141,1030.3085,4044.963,1031.6088,19316.0359,16184.9295,3196.7494,828.2851,148882.02247579733,114671.4739693088,71126.02101816158
2025-08-14 13:00:00,2838.9129,489.5977,1640521.87,0.0,100.9264,4.0,154.1042,1,15019.2,0.0,4045.1141,13084.5931,0.0,0.0,4.0,15.6,15.6,4045.1141,1030.3085,4044.963,1031.6088,19316.0359,16184.9295,3196.7494,828.2851,148882.02247579733,114671.4739693088,71126.02101816158,53967.37213684102
2025-08-14 19:00:00,4045.1141,489.5963,1640521.87,0.0,100.9264,0.0,152.1407,1,15019.2,0.0,2838.9129,4045.1141,4.0,0.0,4.0,14.2,15.6,1030.3085,4044.963,1031.6088,19316.0359,16184.9295,3196.7494,828.2851,148882.02247579733,114671.4739693088,71126.02101816158,53967.37213684102,80416.91968639901
2025-08-15 01:00:00,1030.3085,489.5868,1637507.22,-3014.65,100.7409,0.0,150.2022,1,15019.2,0.0,4045.1141,2838.9129,0.0,4.0,4.0,4.0,15.6,4044.963,1031.6088,19316.0359,16184.9295,3196.7494,828.2851,148882.02247579733,114671.4739693088,71126.02101816158,53967.37213684102,80416.91968639901,63613.28401566838
2025-08-15 07:00:00,4044.963,489.5802,1637507.22,0.0,100.7409,0.0,148.2884,1,15019.2,0.0,1030.3085,4045.1141,0.0,0.0,0.0,4.0,14.2,1031.6088,19316.0359,16184.9295,3196.7494,828.2851,148882.02247579733,114671.4739693088,71126.02101816158,53967.37213684102,80416.91968639901,63613.28401566838,41468.54753264645
2025-08-15 13:00:00,1031.6088,489.5712,1634494.02,-3013.2,100.5555,0.0,146.399,1,15019.2,0.0,4044.963,1030.3085,0.0,0.0,0.0,4.0,4.0,19316.0359,16184.9295,3196.7494,828.2851,148882.02247579733,114671.4739693088,71126.02101816158,53967.37213684102,80416.91968639901,63613.28401566838,41468.54753264645,27593.075305105467
2025-08-15 19:00:00,19316.0359,489.6598,1658675.8,24181.78,102.0432,29.4,173.9337,1,15019.2,0.0,1031.6088,4044.963,0.0,0.0,29.4,29.4,33.4,16184.9295,3196.7494,828.2851,148882.02247579733,114671.4739693088,71126.02101816158,53967.37213684102,80416.91968639901,63613.28401566838,41468.54753264645,27593.075305105467,22459.818312233147
2025-08-16 01:00:00,16184.9295,489.6925,1670813.48,12137.69,102.79,0.0,171.7175,1,15019.2,0.0,19316.0359,1031.6088,29.4,0.0,29.4,29.4,33.4,3196.7494,828.2851,148882.02247579733,114671.4739693088,71126.02101816158,53967.37213684102,80416.91968639901,63613.28401566838,41468.54753264645,27593.075305105467,22459.818312233147,18288.417145666994
2025-08-16 07:00:00,3196.7494,489.6925,1670813.48,0.0,102.79,2.8,172.3296,1,15019.2,0.0,16184.9295,19316.0359,0.0,29.4,32.199999999999996,32.199999999999996,32.199999999999996,828.2851,148882.02247579733,114671.4739693088,71126.02101816158,53967.37213684102,80416.91968639901,63613.28401566838,41468.54753264645,27593.075305105467,22459.818312233147,18288.417145666994,8733.531877642585
2025-08-16 13:00:00,828.2851,489.6852,1667776.83,-3036.65,102.6031,0.6,170.7338,1,15019.2,0.0,3196.7494,16184.9295,2.8,0.0,3.4,32.8,32.8,148882.02247579733,114671.4739693088,71126.02101816158,53967.37213684102,80416.91968639901,63613.28401566838,41468.54753264645,27593.075305105467,22459.818312233147,18288.417145666994,8733.531877642585,3715.861348760978
2025-08-16 19:00:00,148882.02247579733,489.9055,1735058.57,67281.74,106.7424,37.6,206.1584,1,15019.2,89137.51497579736,828.2851,3196.7494,0.6,2.8,41.0,70.4,70.4,114671.4739693088,71126.02101816158,53967.37213684102,80416.91968639901,63613.28401566838,41468.54753264645,27593.075305105467,22459.818312233147,18288.417145666994,8733.531877642585,3715.861348760978,4610.1455365619395
2025-08-17 01:00:00,114671.4739693088,489.9312,1744312.38,9253.8,107.3117,8.8,212.3317,1,15019.2,104082.2532693088,148882.02247579733,828.2851,37.6,0.6,47.0,49.8,79.2,71126.02101816158,53967.37213684102,80416.91968639901,63613.28401566838,41468.54753264645,27593.075305105467,22459.818312233147,18288.417145666994,8733.531877642585,3715.861348760978,4610.1455365619395,2127.433735688127
2025-08-17 07:00:00,71126.02101816158,489.8965,1731977.26,-12335.12,106.5528,0.2,209.8263,1,15019.2,79471.33221816158,114671.4739693088,148882.02247579733,8.8,37.6,46.60000000000001,50.0,79.4,53967.37213684102,80416.91968639901,63613.28401566838,41468.54753264645,27593.075305105467,22459.818312233147,18288.417145666994,8733.531877642585,3715.861348760978,4610.1455365619395,2127.433735688127,0.0
2025-08-17 13:00:00,53967.37213684102,489.867,1722743.39,-9233.87,105.9847,3.8,210.9528,1,15019.2,60319.02613684103,71126.02101816158,114671.4739693088,0.2,8.8,12.8,51.0,53.8,80416.91968639901,63613.28401566838,41468.54753264645,27593.075305105467,22459.818312233147,18288.417145666994,8733.531877642585,3715.861348760978,4610.1455365619395,2127.433735688127,0.0,1009.0974009830336
2025-08-17 19:00:00,80416.91968639901,489.886,1728897.66,6154.27,106.3633,6.8,215.0649,1,15019.2,72304.999586399,53967.37213684102,71126.02101816158,3.8,0.2,10.8,57.2,60.599999999999994,63613.28401566838,41468.54753264645,27593.075305105467,22459.818312233147,18288.417145666994,8733.531877642585,3715.861348760978,4610.1455365619395,2127.433735688127,0.0,1009.0974009830336,1010.4423
2025-08-18 01:00:00,63613.28401566838,489.8708,1725819.69,-3077.97,106.174,0.0,212.3247,1,15019.2,62640.15221566839,80416.91968639901,53967.37213684102,6.8,3.8,10.6,19.6,57.8,41468.54753264645,27593.075305105467,22459.818312233147,18288.417145666994,8733.531877642585,3715.861348760978,4610.1455365619395,2127.433735688127,0.0,1009.0974009830336,1010.4423,1011.79
2025-08-18 07:00:00,41468.54753264645,489.8438,1716595.66,-9224.03,105.6065,0.0,209.6194,1,15019.2,46641.96183264645,63613.28401566838,80416.91968639901,0.0,6.8,6.8,10.8,57.2,27593.075305105467,22459.818312233147,18288.417145666994,8733.531877642585,3715.861348760978,4610.1455365619395,2127.433735688127,0.0,1009.0974009830336,1010.4423,1011.79,1013.1448
2025-08-18 13:00:00,27593.075305105467,489.8175,1707386.39,-9209.27,105.04,0.0,206.9485,1,15019.2,32752.220005105464,41468.54753264645,63613.28401566838,0.0,0.0,0.0,10.6,19.6,22459.818312233147,18288.417145666994,8733.531877642585,3715.861348760978,4610.1455365619395,2127.433735688127,0.0,1009.0974009830336,1010.4423,1011.79,1013.1448,4046.8005
2025-08-18 19:00:00,22459.818312233147,489.7998,1701265.99,-6120.4,104.6634,0.0,204.3117,1,15019.2,24531.448012233144,27593.075305105467,41468.54753264645,0.0,0.0,0.0,6.8,10.8,18288.417145666994,8733.531877642585,3715.861348760978,4610.1455365619395,2127.433735688127,0.0,1009.0974009830336,1010.4423,1011.79,1013.1448,4046.8005,832.5479
2025-08-19 01:00:00,18288.417145666994,489.7823,1698213.64,-3052.34,104.4756,0.0,201.7085,1,15019.2,17292.14234566699,22459.818312233147,27593.075305105467,0.0,0.0,0.0,0.0,10.6,8733.531877642585,3715.861348760978,4610.1455365619395,2127.433735688127,0.0,1009.0974009830336,1010.4423,1011.79,1013.1448,4046.8005,832.5479,1015.8732
2025-08-19 07:00:00,8733.531877642585,489.7638,1692113.66,-6099.98,104.1004,0.0,199.1384,1,15019.2,10785.205477642587,18288.417145666994,22459.818312233147,0.0,0.0,0.0,0.0,6.8,3715.861348760978,4610.1455365619395,2127.433735688127,0.0,1009.0974009830336,1010.4423,1011.79,1013.1448,4046.8005,832.5479,1015.8732,0.0
2025-08-19 13:00:00,3715.861348760978,489.747,1686020.07,-6093.59,103.7255,0.8,197.4011,1,15019.2,6005.074148760979,8733.531877642585,18288.417145666994,0.0,0.0,0.8,0.8,0.8,4610.1455365619395,2127.433735688127,0.0,1009.0974009830336,1010.4423,1011.79,1013.1448,4046.8005,832.5479,1015.8732,0.0,10227.1974
2025-08-19 19:00:00,4610.1455365619395,489.7362,1682975.65,-3044.41,103.5382,0.0,194.8859,1,15019.2,3606.7116365619386,3715.861348760978,8733.531877642585,0.8,0.0,0.8,0.8,0.8,2127.433735688127,0.0,1009.0974009830336,1010.4423,1011.79,1013.1448,4046.8005,832.5479,1015.8732,0.0,10227.1974,832.5479
2025-08-20 01:00:00,2127.433735688127,489.7203,1679932.84,-3042.81,103.351,0.0,192.4028,1,15019.2,1122.5506356881267,4610.1455365619395,3715.861348760978,0.0,0.8,0.8,0.8,0.8,0.0,1009.0974009830336,1010.4423,1011.79,1013.1448,4046.8005,832.5479,1015.8732,0.0,10227.1974,832.5479,955.2747
2025-08-20 07:00:00,0.0,489.709,1673851.74,-6081.1,102.9769,0.0,189.9513,1,15019.2,169.37396353492406,2127.433735688127,4610.1455365619395,0.0,0.0,0.0,0.8,0.8,1009.0974009830336,1010.4423,1011.79,1013.1448,4046.8005,832.5479,1015.8732,0.0,10227.1974,832.5479,955.2747,108.681
2025-08-20 13:00:00,1009.0974009830336,489.6968,1670813.48,-3038.26,102.79,0.0,187.531,1,15019.2,0.10800098303360643,0.0,2127.433735688127,0.0,0.0,0.0,0.8,0.8,1010.4423,1011.79,1013.1448,4046.8005,832.5479,1015.8732,0.0,10227.1974,832.5479,955.2747,108.681,2895.5631
2025-08-20 19:00:00,1010.4423,489.6863,1667776.83,-3036.65,102.6031,0.0,185.1416,1,15019.2,0.0,1009.0974009830336,0.0,0.0,0.0,0.0,0.0,0.8,1011.79,1013.1448,4046.8005,832.5479,1015.8732,0.0,10227.1974,832.5479,955.2747,108.681,2895.5631,9075.7588
2025-08-21 01:00:00,1011.79,489.677,1664741.67,-3035.16,102.4164,0.0,182.7826,1,15019.2,0.0,1010.4423,1009.0974009830336,0.0,0.0,0.0,0.0,0.8,1013.1448,4046.8005,832.5479,1015.8732,0.0,10227.1974,832.5479,955.2747,108.681,2895.5631,9075.7588,16185.2569029491
2025-08-21 07:00:00,1013.1448,489.6663,1661708.02,-3033.66,102.2298,0.0,180.4537,1,15019.2,0.0,1011.79,1010.4423,0.0,0.0,0.0,0.0,0.0,4046.8005,832.5479,1015.8732,0.0,10227.1974,832.5479,955.2747,108.681,2895.5631,9075.7588,16185.2569029491,7212.844374125743
2025-08-21 13:00:00,4046.8005,489.661,1661708.02,0.0,102.2298,0.0,178.1545,1,15019.2,0.0,1013.1448,1011.79,0.0,0.0,0.0,0.0,0.0,832.5479,1015.8732,0.0,10227.1974,832.5479,955.2747,108.681,2895.5631,9075.7588,16185.2569029491,7212.844374125743,7449.630566062386
2025-08-21 19:00:00,832.5479,489.6512,1658675.8,-3032.22,102.0432,0.6,176.4845,1,15019.2,0.0,4046.8005,1013.1448,0.0,0.0,0.6,0.6,0.6,1015.8732,0.0,10227.1974,832.5479,955.2747,108.681,2895.5631,9075.7588,16185.2569029491,7212.844374125743,7449.630566062386,0.0
2025-08-22 01:00:00,1015.8732,489.6433,1655645.16,-3030.63,101.8568,0.0,174.2359,1,15019.2,0.0,832.5479,4046.8005,0.6,0.0,0.6,0.6,0.6,0.0,10227.1974,832.5479,955.2747,108.681,2895.5631,9075.7588,16185.2569029491,7212.844374125743,7449.630566062386,0.0,1008.9849
2025-08-22 07:00:00,0.0,489.6397,1652616.01,-3029.16,101.6704,14.6,186.6158,1,15019.2,0.0,1015.8732,832.5479,0.0,0.6,15.2,15.2,15.2,10227.1974,832.5479,955.2747,108.681,2895.5631,9075.7588,16185.2569029491,7212.844374125743,7449.630566062386,0.0,1008.9849,403.2516
2025-08-22 13:00:00,10227.1974,489.6607,1661708.02,9092.01,102.2298,9.6,193.8381,1,15019.2,0.0,0.0,1015.8732,14.6,0.0,24.2,24.799999999999997,24.799999999999997,832.5479,955.2747,108.681,2895.5631,9075.7588,16185.2569029491,7212.844374125743,7449.630566062386,0.0,1008.9849,403.2516,4047.0949
2025-08-22 19:00:00,832.5479,489.6517,1658675.8,-3032.22,102.0432,0.6,191.9683,1,15019.2,0.0,10227.1974,0.0,9.6,14.6,24.8,25.4,25.4,955.2747,108.681,2895.5631,9075.7588,16185.2569029491,7212.844374125743,7449.630566062386,0.0,1008.9849,403.2516,4047.0949,0.0
2025-08-23 01:00:00,955.2747,489.6418,1655645.16,-3030.63,101.8568,0.2,189.7224,1,15019.2,0.0,832.5479,10227.1974,0.6,9.6,10.399999999999999,25.0,25.599999999999998,108.681,2895.5631,9075.7588,16185.2569029491,7212.844374125743,7449.630566062386,0.0,1008.9849,403.2516,4047.0949,0.0,1015.8732
2025-08-23 07:00:00,108.681,489.6385,1652616.01,-3029.16,101.6704,3.0,190.305,1,15019.2,0.0,955.2747,832.5479,0.2,0.6,3.8,28.0,28.599999999999998,2895.5631,9075.7588,16185.2569029491,7212.844374125743,7449.630566062386,0.0,1008.9849,403.2516,4047.0949,0.0,1015.8732,0.0
2025-08-23 13:00:00,2895.5631,489.6338,1652616.01,0.0,101.6704,3.8,191.6803,1,15019.2,0.0,108.681,955.2747,3.0,0.2,7.0,17.2,31.8,9075.7588,16185.2569029491,7212.844374125743,7449.630566062386,0.0,1008.9849,403.2516,4047.0949,0.0,1015.8732,0.0,3318.5557
2025-08-23 19:00:00,9075.7588,489.6535,1658675.8,6059.79,102.0432,3.4,192.638,1,15019.2,0.0,2895.5631,108.681,3.8,3.0,10.2,11.0,35.2,16185.2569029491,7212.844374125743,7449.630566062386,0.0,1008.9849,403.2516,4047.0949,0.0,1015.8732,0.0,3318.5557,12152.873790392216
2025-08-24 01:00:00,16185.2569029491,489.6995,1670813.48,12137.69,102.79,0.0,190.1835,1,15019.2,0.3240029491008193,9075.7588,2895.5631,3.4,3.8,7.199999999999999,10.4,20.599999999999998,7212.844374125743,7449.630566062386,0.0,1008.9849,403.2516,4047.0949,0.0,1015.8732,0.0,3318.5557,12152.873790392216,37903.61458894093
2025-08-24 07:00:00,7212.844374125743,489.708,1673851.74,3038.26,102.9769,0.0,187.7603,1,15019.2,127.19247412574344,16185.2569029491,9075.7588,0.0,3.4,3.4,10.2,11.0,7449.630566062386,0.0,1008.9849,403.2516,4047.0949,0.0,1015.8732,0.0,3318.5557,12152.873790392216,37903.61458894093,84805.03773998108
2025-08-24 13:00:00,7449.630566062386,489.7127,1676891.46,3039.72,103.1639,0.2,185.5679,1,15019.2,423.1770660623865,7212.844374125743,16185.2569029491,0.0,0.0,0.2,7.3999999999999995,10.6,0.0,1008.9849,403.2516,4047.0949,0.0,1015.8732,0.0,3318.5557,12152.873790392216,37903.61458894093,84805.03773998108,72617.02706873693
2025-08-24 19:00:00,0.0,489.7023,1673851.74,-3039.72,102.9769,11.8,195.0035,1,15019.2,84.57898078442842,7449.630566062386,7212.844374125743,0.2,0.0,12.0,15.4,22.2,1008.9849,403.2516,4047.0949,0.0,1015.8732,0.0,3318.5557,12152.873790392216,37903.61458894093,84805.03773998108,72617.02706873693,62665.721865299914
2025-08-25 01:00:00,1008.9849,489.694,1670813.48,-3038.26,102.79,0.0,192.5189,1,15019.2,0.0,0.0,7449.630566062386,11.8,0.2,12.0,12.0,19.2,403.2516,4047.0949,0.0,1015.8732,0.0,3318.5557,12152.873790392216,37903.61458894093,84805.03773998108,72617.02706873693,62665.721865299914,62762.41044191378
2025-08-25 07:00:00,403.2516,489.6892,1667776.83,-3036.65,102.6031,2.0,192.0659,1,15019.2,0.0,1008.9849,0.0,0.0,11.8,13.8,14.0,17.4,4047.0949,0.0,1015.8732,0.0,3318.5557,12152.873790392216,37903.61458894093,84805.03773998108,72617.02706873693,62665.721865299914,62762.41044191378,47095.49770709255
2025-08-25 13:00:00,4047.0949,489.6865,1667776.83,0.0,102.6031,0.0,189.6187,1,15019.2,0.0,403.2516,1008.9849,2.0,0.0,2.0,14.0,14.0,0.0,1015.8732,0.0,3318.5557,12152.873790392216,37903.61458894093,84805.03773998108,72617.02706873693,62665.721865299914,62762.41044191378,47095.49770709255,35008.073006866056
2025-08-25 19:00:00,0.0,489.6523,1658675.8,-9101.03,102.0432,0.0,187.2027,1,15019.2,0.0,4047.0949,403.2516,0.0,2.0,2.0,13.8,14.0,1015.8732,0.0,3318.5557,12152.873790392216,37903.61458894093,84805.03773998108,72617.02706873693,62665.721865299914,62762.41044191378,47095.49770709255,35008.073006866056,25782.299909432462
2025-08-26 01:00:00,1015.8732,489.6437,1655645.16,-3030.63,101.8568,0.0,184.8175,1,15019.2,0.0,0.0,4047.0949,0.0,0.0,0.0,2.0,14.0,0.0,3318.5557,12152.873790392216,37903.61458894093,84805.03773998108,72617.02706873693,62665.721865299914,62762.41044191378,47095.49770709255,35008.073006866056,25782.299909432462,18186.112887271247
2025-08-26 07:00:00,0.0,489.6383,1652616.01,-3029.16,101.6704,12.8,195.2626,1,15019.2,0.0,1015.8732,0.0,0.0,0.0,12.8,14.8,26.6,3318.5557,12152.873790392216,37903.61458894093,84805.03773998108,72617.02706873693,62665.721865299914,62762.41044191378,47095.49770709255,35008.073006866056,25782.299909432462,18186.112887271247,15616.214047157735
2025-08-26 13:00:00,3318.5557,489.6495,1655645.16,3029.16,101.8568,12.4,205.1747,1,15019.2,0.0,0.0,1015.8732,12.8,0.0,25.200000000000003,25.200000000000003,27.200000000000003,12152.873790392216,37903.61458894093,84805.03773998108,72617.02706873693,62665.721865299914,62762.41044191378,47095.49770709255,35008.073006866056,25782.299909432462,18186.112887271247,15616.214047157735,10626.641950160778
2025-08-26 19:00:00,12152.873790392216,489.6887,1667776.83,12131.67,102.6031,13.4,215.9605,1,15019.2,42.28949039221421,3318.5557,0.0,12.4,12.8,38.6,38.6,40.6,37903.61458894093,84805.03773998108,72617.02706873693,62665.721865299914,62762.41044191378,47095.49770709255,35008.073006866056,25782.299909432462,18186.112887271247,15616.214047157735,10626.641950160778,4275.524625954558
2025-08-27 01:00:00,37903.61458894093,489.7628,1692113.66,24336.83,104.1004,10.0,223.2088,1,15019.2,12566.853888940932,12152.873790392216,3318.5557,13.4,12.4,35.8,48.6,48.6,84805.03773998108,72617.02706873693,62665.721865299914,62762.41044191378,47095.49770709255,35008.073006866056,25782.299909432462,18186.112887271247,15616.214047157735,10626.641950160778,4275.524625954558,3998.226848350242
2025-08-27 07:00:00,84805.03773998108,489.8552,1719668.7,27555.04,105.7956,0.6,220.9648,1,15019.2,53383.65873998108,37903.61458894093,12152.873790392216,10.0,13.4,24.0,49.2,49.2,72617.02706873693,62665.721865299914,62762.41044191378,47095.49770709255,35008.073006866056,25782.299909432462,18186.112887271247,15616.214047157735,10626.641950160778,4275.524625954558,3998.226848350242,2349.5312277734884
2025-08-27 13:00:00,72617.02706873693,489.8735,1725819.69,6150.99,106.174,6.0,224.1494,1,15019.2,64261.25906873693,84805.03773998108,37903.61458894093,0.6,10.0,16.6,42.4,55.2,62665.721865299914,62762.41044191378,47095.49770709255,35008.073006866056,25782.299909432462,18186.112887271247,15616.214047157735,10626.641950160778,4275.524625954558,3998.226848350242,2349.5312277734884,1606.4748122268486
2025-08-27 19:00:00,62665.721865299914,489.8723,1725819.69,0.0,106.174,16.2,237.4934,1,15019.2,63599.698265299914,72617.02706873693,84805.03773998108,6.0,0.6,22.799999999999997,46.2,71.4,62762.41044191378,47095.49770709255,35008.073006866056,25782.299909432462,18186.112887271247,15616.214047157735,10626.641950160778,4275.524625954558,3998.226848350242,2349.5312277734884,1606.4748122268486,891.8606821911158
2025-08-28 01:00:00,62762.41044191378,489.8698,1722743.39,-3076.31,105.9847,0.8,235.2674,1,15019.2,62033.830341913774,62665.721865299914,72617.02706873693,16.2,6.0,23.0,33.599999999999994,59.39999999999999,47095.49770709255,35008.073006866056,25782.299909432462,18186.112887271247,15616.214047157735,10626.641950160778,4275.524625954558,3998.226848350242,2349.5312277734884,1606.4748122268486,891.8606821911158,4718.959479966112
2025-08-28 07:00:00,47095.49770709255,489.8483,1716595.66,-6147.73,105.6065,0.0,232.2698,1,15019.2,49192.61040709254,62762.41044191378,62665.721865299914,0.8,16.2,17.0,23.599999999999998,47.0,35008.073006866056,25782.299909432462,18186.112887271247,15616.214047157735,10626.641950160778,4275.524625954558,3998.226848350242,2349.5312277734884,1606.4748122268486,891.8606821911158,4718.959479966112,914.7033987883884
2025-08-28 13:00:00,35008.073006866056,489.8262,1710454.44,-6141.22,105.2287,0.0,229.3103,1,15019.2,37099.002806866054,47095.49770709255,62762.41044191378,0.0,0.8,0.8,23.0,33.599999999999994,25782.299909432462,18186.112887271247,15616.214047157735,10626.641950160778,4275.524625954558,3998.226848350242,2349.5312277734884,1606.4748122268486,891.8606821911158,4718.959479966112,914.7033987883884,3865.372602368045
2025-08-28 19:00:00,25782.299909432462,489.8072,1704320.27,-6134.17,104.8513,0.0,226.3885,1,15019.2,27866.592409432466,35008.073006866056,47095.49770709255,0.0,0.0,0.0,17.0,23.599999999999998,18186.112887271247,15616.214047157735,10626.641950160778,4275.524625954558,3998.226848350242,2349.5312277734884,1606.4748122268486,891.8606821911158,4718.959479966112,914.7033987883884,3865.372602368045,36.992
2025-08-29 01:00:00,18186.112887271247,489.7898,1698213.64,-6106.63,104.4756,0.0,223.504,1,15019.2,20244.124987271247,25782.299909432462,35008.073006866056,0.0,0.0,0.0,0.8,23.0,15616.214047157735,10626.641950160778,4275.524625954558,3998.226848350242,2349.5312277734884,1606.4748122268486,891.8606821911158,4718.959479966112,914.7033987883884,3865.372602368045,36.992,4044.8768
2025-08-29 07:00:00,15616.214047157735,489.7752,1695162.85,-3050.79,104.288,0.0,220.6563,1,15019.2,14618.545247157732,18186.112887271247,25782.299909432462,0.0,0.0,0.0,0.0,17.0,10626.641950160778,4275.524625954558,3998.226848350242,2349.5312277734884,1606.4748122268486,891.8606821911158,4718.959479966112,914.7033987883884,3865.372602368045,36.992,4044.8768,1008.0771
2025-08-29 13:00:00,10626.641950160778,489.7602,1692113.66,-3049.19,104.1004,0.0,217.8448,1,15019.2,9627.527050160777,15616.214047157735,18186.112887271247,0.0,0.0,0.0,0.0,0.8,4275.524625954558,3998.226848350242,2349.5312277734884,1606.4748122268486,891.8606821911158,4718.959479966112,914.7033987883884,3865.372602368045,36.992,4044.8768,1008.0771,3619.696
2025-08-29 19:00:00,4275.524625954558,489.7482,1686020.07,-6093.59,103.7255,0.0,215.0691,1,15019.2,6321.123025954559,10626.641950160778,15616.214047157735,0.0,0.0,0.0,0.0,0.0,3998.226848350242,2349.5312277734884,1606.4748122268486,891.8606821911158,4718.959479966112,914.7033987883884,3865.372602368045,36.992,4044.8768,1008.0771,3619.696,1009.4259
2025-08-30 01:00:00,3998.226848350242,489.733,1682975.65,-3044.41,103.5382,0.0,212.3288,1,15019.2,2994.799048350242,4275.524625954558,10626.641950160778,0.0,0.0,0.0,0.0,0.0,2349.5312277734884,1606.4748122268486,891.8606821911158,4718.959479966112,914.7033987883884,3865.372602368045,36.992,4044.8768,1008.0771,3619.696,1009.4259,1010.7818
2025-08-30 07:00:00,2349.5312277734884,489.722,1679932.84,-3042.81,103.351,0.0,209.6234,1,15019.2,1344.6467277734885,3998.226848350242,4275.524625954558,0.0,0.0,0.0,0.0,0.0,1606.4748122268486,891.8606821911158,4718.959479966112,914.7033987883884,3865.372602368045,36.992,4044.8768,1008.0771,3619.696,1009.4259,1010.7818,4044.4376
2025-08-30 13:00:00,1606.4748122268486,489.7153,1676891.46,-3041.38,103.1639,0.0,206.9525,1,15019.2,600.3114122268487,2349.5312277734884,3998.226848350242,0.0,0.0,0.0,0.0,0.0,891.8606821911158,4718.959479966112,914.7033987883884,3865.372602368045,36.992,4044.8768,1008.0771,3619.696,1009.4259,1010.7818,4044.4376,1012.0718
2025-08-30 19:00:00,891.8606821911158,489.7158,1676891.46,0.0,103.1639,12.6,216.9157,1,15019.2,675.4173821911158,1606.4748122268486,2349.5312277734884,0.0,0.0,12.6,12.6,12.6,4718.959479966112,914.7033987883884,3865.372602368045,36.992,4044.8768,1008.0771,3619.696,1009.4259,1010.7818,4044.4376,1012.0718,3074.2355
2025-08-31 01:00:00,4718.959479966112,489.7162,1676891.46,0.0,103.1639,0.0,214.1518,1,15019.2,671.4177799661123,891.8606821911158,1606.4748122268486,12.6,0.0,12.6,12.6,12.6,914.7033987883884,3865.372602368045,36.992,4044.8768,1008.0771,3619.696,1009.4259,1010.7818,4044.4376,1012.0718,3074.2355,7076.6583
2025-08-31 07:00:00,914.7033987883884,489.7083,1673851.74,-3039.72,102.9769,0.8,212.2232,1,15019.2,150.14889878838844,4718.959479966112,891.8606821911158,0.0,12.6,13.4,13.4,13.4,3865.372602368045,36.992,4044.8768,1008.0771,3619.696,1009.4259,1010.7818,4044.4376,1012.0718,3074.2355,7076.6583,4044.4376
2025-08-31 13:00:00,3865.372602368045,489.7012,1673851.74,0.0,102.9769,0.6,210.1192,1,15019.2,0.32400236804508536,914.7033987883884,4718.959479966112,0.8,0.0,1.4,14.0,14.0,36.992,4044.8768,1008.0771,3619.696,1009.4259,1010.7818,4044.4376,1012.0718,3074.2355,7076.6583,4044.4376,4044.4376
2025-08-31 19:00:00,36.992,489.697,1670813.48,-3038.26,102.79,3.2,210.642,1,15019.2,0.0,3865.372602368045,914.7033987883884,0.6,0.8,4.6,17.2,17.2,4044.8768,1008.0771,3619.696,1009.4259,1010.7818,4044.4376,1012.0718,3074.2355,7076.6583,4044.4376,4044.4376,1012.0718
2025-09-01 01:00:00,4044.8768,489.6918,1670813.48,0.0,102.79,0.0,207.9581,1,15019.2,0.0,36.992,3865.372602368045,3.2,0.6,3.8000000000000003,4.6,17.2,1008.0771,3619.696,1009.4259,1010.7818,4044.4376,1012.0718,3074.2355,7076.6583,4044.4376,4044.4376,1012.0718,1013.5126
2025-09-01 07:00:00,1008.0771,489.6848,1667776.83,-3036.65,102.6031,0.0,205.3084,1,15019.2,0.0,4044.8768,36.992,0.0,3.2,3.2,4.6,17.2,3619.696,1009.4259,1010.7818,4044.4376,1012.0718,3074.2355,7076.6583,4044.4376,4044.4376,1012.0718,1013.5126,4044.1473
2025-09-01 13:00:00,3619.696,489.68,1667776.83,0.0,102.6031,1.4,204.0925,1,15019.2,0.0,1008.0771,4044.8768,0.0,0.0,1.4,5.2,6.0,1009.4259,1010.7818,4044.4376,1012.0718,3074.2355,7076.6583,4044.4376,4044.4376,1012.0718,1013.5126,4044.1473,1014.8461
2025-09-01 19:00:00,1009.4259,489.6753,1664741.67,-3035.16,102.4164,0.0,201.492,1,15019.2,0.0,3619.696,1008.0771,1.4,0.0,1.4,4.6,6.0,1010.7818,4044.4376,1012.0718,3074.2355,7076.6583,4044.4376,4044.4376,1012.0718,1013.5126,4044.1473,1014.8461,1016.3185
2025-09-02 01:00:00,1010.7818,489.6663,1661708.02,-3033.66,102.2298,0.0,198.9247,1,15019.2,0.0,1009.4259,3619.696,0.0,1.4,1.4,1.4,5.2,4044.4376,1012.0718,3074.2355,7076.6583,4044.4376,4044.4376,1012.0718,1013.5126,4044.1473,1014.8461,1016.3185,1017.7048
2025-09-02 07:00:00,4044.4376,489.662,1661708.02,0.0,102.2298,0.0,196.3902,1,15019.2,0.0,1010.7818,1009.4259,0.0,0.0,0.0,1.4,4.6,1012.0718,3074.2355,7076.6583,4044.4376,4044.4376,1012.0718,1013.5126,4044.1473,1014.8461,1016.3185,1017.7048,4043.6978
2025-09-02 13:00:00,1012.0718,489.6567,1658675.8,-3032.22,102.0432,0.0,193.8879,1,15019.2,0.0,4044.4376,1010.7818,0.0,0.0,0.0,1.4,1.4,3074.2355,7076.6583,4044.4376,4044.4376,1012.0718,1013.5126,4044.1473,1014.8461,1016.3185,1017.7048,4043.6978,1018.685
2025-09-02 19:00:00,3074.2355,489.6597,1658675.8,0.0,102.0432,3.2,194.6174,1,15019.2,0.0,1012.0718,4044.4376,0.0,0.0,3.2,3.2,4.6,7076.6583,4044.4376,4044.4376,1012.0718,1013.5126,4044.1473,1014.8461,1016.3185,1017.7048,4043.6978,1018.685,4042.9471
2025-09-03 01:00:00,7076.6583,489.6665,1661708.02,3032.22,102.2298,0.0,192.1377,1,15019.2,0.0,3074.2355,1012.0718,3.2,0.0,3.2,3.2,4.6,4044.4376,4044.4376,1012.0718,1013.5126,4044.1473,1014.8461,1016.3185,1017.7048,4043.6978,1018.685,4042.9471,1026.4225
2025-09-03 07:00:00,4044.4376,489.662,1661708.02,0.0,102.2298,0.0,189.6896,1,15019.2,0.0,7076.6583,3074.2355,0.0,3.2,3.2,3.2,3.2,4044.4376,1012.0718,1013.5126,4044.1473,1014.8461,1016.3185,1017.7048,4043.6978,1018.685,4042.9471,1026.4225,1027.9603
2025-09-03 13:00:00,4044.4376,489.6617,1661708.02,0.0,102.2298,0.0,187.2727,1,15019.2,0.0,4044.4376,7076.6583,0.0,0.0,0.0,3.2,3.2,1012.0718,1013.5126,4044.1473,1014.8461,1016.3185,1017.7048,4043.6978,1018.685,4042.9471,1026.4225,1027.9603,4042.6148
2025-09-03 19:00:00,1012.0718,489.6542,1658675.8,-3032.22,102.0432,0.0,184.8866,1,15019.2,0.0,4044.4376,4044.4376,0.0,0.0,0.0,3.2,3.2,1013.5126,4044.1473,1014.8461,1016.3185,1017.7048,4043.6978,1018.685,4042.9471,1026.4225,1027.9603,4042.6148,1029.2618
2025-09-04 01:00:00,1013.5126,489.6473,1655645.16,-3030.63,101.8568,0.0,182.5308,1,15019.2,0.0,1012.0718,4044.4376,0.0,0.0,0.0,0.0,3.2,4044.1473,1014.8461,1016.3185,1017.7048,4043.6978,1018.685,4042.9471,1026.4225,1027.9603,4042.6148,1029.2618,1030.694
2025-09-04 07:00:00,4044.1473,489.6401,1655645.16,0.0,101.8568,0.0,180.2051,1,15019.2,0.0,1013.5126,1012.0718,0.0,0.0,0.0,0.0,3.2,1014.8461,1016.3185,1017.7048,4043.6978,1018.685,4042.9471,1026.4225,1027.9603,4042.6148,1029.2618,1030.694,4042.3154
2025-09-04 13:00:00,1014.8461,489.6377,1652616.01,-3029.16,101.6704,0.0,177.9091,1,15019.2,0.0,4044.1473,1013.5126,0.0,0.0,0.0,0.0,0.0,1016.3185,1017.7048,4043.6978,1018.685,4042.9471,1026.4225,1027.9603,4042.6148,1029.2618,1030.694,4042.3154,2717.5451
2025-09-04 19:00:00,1016.3185,489.6265,1649588.47,-3027.53,101.4842,0.0,175.6422,1,15019.2,0.0,1014.8461,4044.1473,0.0,0.0,0.0,0.0,0.0,1017.7048,4043.6978,1018.685,4042.9471,1026.4225,1027.9603,4042.6148,1029.2618,1030.694,4042.3154,2717.5451,4042.3154
2025-09-05 01:00:00,1017.7048,489.6183,1646562.48,-3025.99,101.298,0.0,173.4043,1,15019.2,0.0,1016.3185,1014.8461,0.0,0.0,0.0,0.0,0.0,4043.6978,1018.685,4042.9471,1026.4225,1027.9603,4042.6148,1029.2618,1030.694,4042.3154,2717.5451,4042.3154,1032.0768
2025-09-05 07:00:00,4043.6978,489.6147,1646562.48,0.0,101.298,0.0,171.1949,1,15019.2,0.0,1017.7048,1016.3185,0.0,0.0,0.0,0.0,0.0,1018.685,4042.9471,1026.4225,1027.9603,4042.6148,1029.2618,1030.694,4042.3154,2717.5451,4042.3154,1032.0768,1033.4708
2025-09-05 13:00:00,1018.685,489.6082,1643538.22,-3024.26,101.112,0.0,169.0136,1,15019.2,0.0,4043.6978,1017.7048,0.0,0.0,0.0,0.0,0.0,4042.9471,1026.4225,1027.9603,4042.6148,1029.2618,1030.694,4042.3154,2717.5451,4042.3154,1032.0768,1033.4708,4042.0176
2025-09-05 19:00:00,4042.9471,489.6035,1643538.22,0.0,101.112,0.0,166.8601,1,15019.2,0.0,1018.685,4043.6978,0.0,0.0,0.0,0.0,0.0,1026.4225,1027.9603,4042.6148,1029.2618,1030.694,4042.3154,2717.5451,4042.3154,1032.0768,1033.4708,4042.0176,1034.8834
2025-09-06 01:00:00,1026.4225,489.594,1640521.87,-3016.34,100.9264,0.0,164.7341,1,15019.2,0.0,4042.9471,1018.685,0.0,0.0,0.0,0.0,0.0,1027.9603,4042.6148,1029.2618,1030.694,4042.3154,2717.5451,4042.3154,1032.0768,1033.4708,4042.0176,1034.8834,1036.2662
2025-09-06 07:00:00,1027.9603,489.589,1637507.22,-3014.65,100.7409,0.0,162.6351,1,15019.2,0.0,1026.4225,4042.9471,0.0,0.0,0.0,0.0,0.0,4042.6148,1029.2618,1030.694,4042.3154,2717.5451,4042.3154,1032.0768,1033.4708,4042.0176,1034.8834,1036.2662,1037.558
2025-09-06 13:00:00,4042.6148,489.5883,1637507.22,0.0,100.7409,0.0,160.5629,1,15019.2,0.0,1027.9603,1026.4225,0.0,0.0,0.0,0.0,0.0,1029.2618,1030.694,4042.3154,2717.5451,4042.3154,1032.0768,1033.4708,4042.0176,1034.8834,1036.2662,1037.558,4041.5751
2025-09-06 19:00:00,1029.2618,489.5773,1634494.02,-3013.2,100.5555,0.0,158.5171,1,15019.2,0.0,4042.6148,1027.9603,0.0,0.0,0.0,0.0,0.0,1030.694,4042.3154,2717.5451,4042.3154,1032.0768,1033.4708,4042.0176,1034.8834,1036.2662,1037.558,4041.5751,1039.0606
2025-09-07 01:00:00,1030.694,489.5692,1631482.4,-3011.62,100.3703,0.0,156.4974,1,15019.2,0.0,1029.2618,4042.6148,0.0,0.0,0.0,0.0,0.0,4042.3154,2717.5451,4042.3154,1032.0768,1033.4708,4042.0176,1034.8834,1036.2662,1037.558,4041.5751,1039.0606,1040.3682
2025-09-07 07:00:00,4042.3154,489.565,1631482.4,0.0,100.3703,0.0,154.5034,1,15019.2,0.0,1030.694,1029.2618,0.0,0.0,0.0,0.0,0.0,2717.5451,4042.3154,1032.0768,1033.4708,4042.0176,1034.8834,1036.2662,1037.558,4041.5751,1039.0606,1040.3682,1041.7132
2025-09-07 13:00:00,2717.5451,489.568,1631482.4,0.0,100.3703,4.4,156.9348,1,15019.2,0.0,4042.3154,1030.694,0.0,0.0,4.4,4.4,4.4,4042.3154,1032.0768,1033.4708,4042.0176,1034.8834,1036.2662,1037.558,4041.5751,1039.0606,1040.3682,1041.7132,4041.1375
2025-09-07 19:00:00,4042.3154,489.561,1631482.4,0.0,100.3703,0.0,154.9352,1,15019.2,0.0,2717.5451,4042.3154,4.4,0.0,4.4,4.4,4.4,1032.0768,1033.4708,4042.0176,1034.8834,1036.2662,1037.558,4041.5751,1039.0606,1040.3682,1041.7132,4041.1375,2241.962
2025-09-08 01:00:00,1032.0768,489.5522,1628472.31,-3010.09,100.1851,0.0,152.9611,1,15019.2,0.0,4042.3154,2717.5451,0.0,4.4,4.4,4.4,4.4,1033.4708,4042.0176,1034.8834,1036.2662,1037.558,4041.5751,1039.0606,1040.3682,1041.7132,4041.1375,2241.962,4041.1375
2025-09-08 07:00:00,1033.4708,489.5467,1625463.76,-3008.55,100.0,0.0,151.0122,1,15019.2,0.0,1032.0768,4042.3154,0.0,0.0,0.0,4.4,4.4,4042.0176,1034.8834,1036.2662,1037.558,4041.5751,1039.0606,1040.3682,1041.7132,4041.1375,2241.962,4041.1375,1043.1183
2025-09-08 13:00:00,4042.0176,489.5432,1625463.76,0.0,100.0,0.0,149.088,1,15019.2,0.0,1033.4708,1032.0768,0.0,0.0,0.0,4.4,4.4,1034.8834,1036.2662,1037.558,4041.5751,1039.0606,1040.3682,1041.7132,4041.1375,2241.962,4041.1375,1043.1183,4040.9927
2025-09-08 19:00:00,1034.8834,489.5345,1622456.77,-3006.99,99.815,0.0,147.1884,1,15019.2,0.0,4042.0176,1033.4708,0.0,0.0,0.0,0.0,4.4,1036.2662,1037.558,4041.5751,1039.0606,1040.3682,1041.7132,4041.1375,2241.962,4041.1375,1043.1183,4040.9927,1044.4746
2025-09-09 01:00:00,1036.2662,489.523,1619451.32,-3005.46,99.6301,0.0,145.313,1,15019.2,0.0,1034.8834,4042.0176,0.0,0.0,0.0,0.0,4.4,1037.558,4041.5751,1039.0606,1040.3682,1041.7132,4041.1375,2241.962,4041.1375,1043.1183,4040.9927,1044.4746,1045.8324
2025-09-09 07:00:00,1037.558,489.5168,1616447.3,-3004.02,99.4453,0.0,143.4615,1,15019.2,0.0,1036.2662,1034.8834,0.0,0.0,0.0,0.0,0.0,4041.5751,1039.0606,1040.3682,1041.7132,4041.1375,2241.962,4041.1375,1043.1183,4040.9927,1044.4746,1045.8324,1047.1048
2025-09-09 13:00:00,4041.5751,489.513,1616447.3,0.0,99.4453,0.0,141.6336,1,15019.2,0.0,1037.558,1036.2662,0.0,0.0,0.0,0.0,0.0,1039.0606,1040.3682,1041.7132,4041.1375,2241.962,4041.1375,1043.1183,4040.9927,1044.4746,1045.8324,1047.1048,4040.5609
2025-09-09 19:00:00,1039.0606,489.5058,1613444.93,-3002.37,99.2606,0.0,139.829,1,15019.2,0.0,4041.5751,1037.558,0.0,0.0,0.0,0.0,0.0,1040.3682,1041.7132,4041.1375,2241.962,4041.1375,1043.1183,4040.9927,1044.4746,1045.8324,1047.1048,4040.5609,1048.5275
2025-09-10 01:00:00,1040.3682,489.4955,1610444.02,-3000.91,99.076,0.0,138.0474,1,15019.2,0.0,1039.0606,4041.5751,0.0,0.0,0.0,0.0,0.0,1041.7132,4041.1375,2241.962,4041.1375,1043.1183,4040.9927,1044.4746,1045.8324,1047.1048,4040.5609,1048.5275,1049.9226
2025-09-10 07:00:00,1041.7132,489.4892,1607444.59,-2999.42,98.8914,0.0,136.2885,1,15019.2,0.0,1040.3682,1039.0606,0.0,0.0,0.0,0.0,0.0,4041.1375,2241.962,4041.1375,1043.1183,4040.9927,1044.4746,1045.8324,1047.1048,4040.5609,1048.5275,1049.9226,1051.3028
2025-09-10 13:00:00,4041.1375,489.486,1607444.59,0.0,98.8914,0.0,134.552,1,15019.2,0.0,1041.7132,1040.3682,0.0,0.0,0.0,0.0,0.0,2241.962,4041.1375,1043.1183,4040.9927,1044.4746,1045.8324,1047.1048,4040.5609,1048.5275,1049.9226,1051.3028,1052.8285
2025-09-10 19:00:00,2241.962,489.4803,1607444.59,0.0,98.8914,6.0,138.8376,1,15019.2,0.0,4041.1375,1041.7132,0.0,0.0,6.0,6.0,6.0,4041.1375,1043.1183,4040.9927,1044.4746,1045.8324,1047.1048,4040.5609,1048.5275,1049.9226,1051.3028,1052.8285,1068.6871
2025-09-11 01:00:00,4041.1375,489.4822,1607444.59,0.0,98.8914,0.0,137.0686,1,15019.2,0.0,2241.962,4041.1375,6.0,0.0,6.0,6.0,6.0,1043.1183,4040.9927,1044.4746,1045.8324,1047.1048,4040.5609,1048.5275,1049.9226,1051.3028,1052.8285,1068.6871,1070.546
2025-09-11 07:00:00,1043.1183,489.477,1604446.72,-2997.87,98.707,0.0,135.3221,1,15019.2,0.0,4041.1375,2241.962,0.0,6.0,6.0,6.0,6.0,4040.9927,1044.4746,1045.8324,1047.1048,4040.5609,1048.5275,1049.9226,1051.3028,1052.8285,1068.6871,1070.546,1072.0965
2025-09-11 13:00:00,4040.9927,489.4748,1604446.72,0.0,98.707,0.0,133.5979,1,15019.2,0.0,1043.1183,4041.1375,0.0,0.0,0.0,6.0,6.0,1044.4746,1045.8324,1047.1048,4040.5609,1048.5275,1049.9226,1051.3028,1052.8285,1068.6871,1070.546,1072.0965,0.0
2025-09-11 19:00:00,1044.4746,489.4682,1601450.34,-2996.37,98.5227,0.0,131.8957,1,15019.2,0.0,4040.9927,1043.1183,0.0,0.0,0.0,6.0,6.0,1045.8324,1047.1048,4040.5609,1048.5275,1049.9226,1051.3028,1052.8285,1068.6871,1070.546,1072.0965,0.0,7003.8793
2025-09-12 01:00:00,1045.8324,489.457,1598455.47,-2994.87,98.3384,0.0,130.2151,1,15019.2,0.0,1044.4746,4040.9927,0.0,0.0,0.0,0.0,6.0,1047.1048,4040.5609,1048.5275,1049.9226,1051.3028,1052.8285,1068.6871,1070.546,1072.0965,0.0,7003.8793,1072.0965
2025-09-12 07:00:00,1047.1048,489.4488,1595462.02,-2993.46,98.1543,0.0,128.556,1,15019.2,0.0,1045.8324,1044.4746,0.0,0.0,0.0,0.0,6.0,4040.5609,1048.5275,1049.9226,1051.3028,1052.8285,1068.6871,1070.546,1072.0965,0.0,7003.8793,1072.0965,1073.7005
2025-09-12 13:00:00,4040.5609,489.4452,1595462.02,0.0,98.1543,0.0,126.918,1,15019.2,0.0,1047.1048,1045.8324,0.0,0.0,0.0,0.0,0.0,1048.5275,1049.9226,1051.3028,1052.8285,1068.6871,1070.546,1072.0965,0.0,7003.8793,1072.0965,1073.7005,2378.3671
2025-09-12 19:00:00,1048.5275,489.4352,1592470.13,-2991.89,97.9702,0.0,125.3009,1,15019.2,0.0,4040.5609,1047.1048,0.0,0.0,0.0,0.0,0.0,1049.9226,1051.3028,1052.8285,1068.6871,1070.546,1072.0965,0.0,7003.8793,1072.0965,1073.7005,2378.3671,
2025-09-13 01:00:00,1049.9226,489.4232,1589479.78,-2990.35,97.7862,0.0,123.7044,1,15019.2,0.0,1048.5275,4040.5609,0.0,0.0,0.0,0.0,0.0,1051.3028,1052.8285,1068.6871,1070.546,1072.0965,0.0,7003.8793,1072.0965,1073.7005,2378.3671,,
2025-09-13 07:00:00,1051.3028,489.414,1586490.96,-2988.82,97.6024,0.0,122.1282,1,15019.2,0.0,1049.9226,1048.5275,0.0,0.0,0.0,0.0,0.0,1052.8285,1068.6871,1070.546,1072.0965,0.0,7003.8793,1072.0965,1073.7005,2378.3671,,,
2025-09-13 13:00:00,1052.8285,489.4033,1583503.92,-2987.05,97.4186,0.0,120.5721,1,15019.2,0.0,1051.3028,1049.9226,0.0,0.0,0.0,0.0,0.0,1068.6871,1070.546,1072.0965,0.0,7003.8793,1072.0965,1073.7005,2378.3671,,,,
2025-09-13 19:00:00,1068.6871,489.3927,1580534.36,-2969.56,97.2359,0.0,119.0359,1,15019.2,0.0,1052.8285,1051.3028,0.0,0.0,0.0,0.0,0.0,1070.546,1072.0965,0.0,7003.8793,1072.0965,1073.7005,2378.3671,,,,,
2025-09-14 01:00:00,1070.546,489.3827,1577566.83,-2967.53,97.0533,0.0,117.5192,1,15019.2,0.0,1068.6871,1052.8285,0.0,0.0,0.0,0.0,0.0,1072.0965,0.0,7003.8793,1072.0965,1073.7005,2378.3671,,,,,,
2025-09-14 07:00:00,1072.0965,489.374,1574601.03,-2965.81,96.8709,0.0,116.0218,1,15019.2,0.0,1070.546,1068.6871,0.0,0.0,0.0,0.0,0.0,0.0,7003.8793,1072.0965,1073.7005,2378.3671,,,,,,,
2025-09-14 13:00:00,0.0,489.3782,1574601.03,0.0,96.8709,15.4,129.9435,1,15019.2,0.0,1072.0965,1070.546,0.0,0.0,15.4,15.4,15.4,7003.8793,1072.0965,1073.7005,2378.3671,,,,,,,,
2025-09-14 19:00:00,7003.8793,489.383,1577566.83,2965.81,97.0533,0.0,128.2879,1,15019.2,0.0,0.0,1072.0965,15.4,0.0,15.4,15.4,15.4,1072.0965,1073.7005,2378.3671,,,,,,,,,
2025-09-15 01:00:00,1072.0965,489.3707,1574601.03,-2965.81,96.8709,0.0,126.6533,1,15019.2,0.0,7003.8793,0.0,0.0,15.4,15.4,15.4,15.4,1073.7005,2378.3671,,,,,,,,,,
2025-09-15 07:00:00,1073.7005,489.361,1571636.99,-2964.04,96.6885,0.0,125.0395,1,15019.2,0.0,1072.0965,7003.8793,0.0,0.0,0.0,15.4,15.4,2378.3671,,,,,,,,,,,
2025-09-15 13:00:00,2378.3671,489.3613,1571636.99,0.0,96.6885,5.6,129.0463,1,15019.2,0.0,1073.7005,1072.0965,0.0,0.0,5.6,21.0,21.0,,,,,,,,,,,,
2025-09-17 01:00:00,1076.7565,489.3433,1565714.02,-2960.66,96.3241,0.0,0.0,1,15019.2,0.0,,,,,,,,1078.241,4037.2597,0.0,1082.609,1083.9863,1085.4214,0.0,1089.5897,0.0,3859.2631,0.0,1094.7518
2025-09-17 07:00:00,1078.241,489.3347,1562755.0,-2959.02,96.1421,0.0,0.0,1,15019.2,0.0,1076.7565,,0.0,,,,,4037.2597,0.0,1082.609,1083.9863,1085.4214,0.0,1089.5897,0.0,3859.2631,0.0,1094.7518,802.0817
2025-09-17 13:00:00,4037.2597,489.332,1562755.0,0.0,96.1421,0.0,0.0,1,15019.2,0.0,1078.241,1076.7565,0.0,0.0,0.0,,,0.0,1082.609,1083.9863,1085.4214,0.0,1089.5897,0.0,3859.2631,0.0,1094.7518,802.0817,0.0
2025-09-17 19:00:00,0.0,489.3155,1556841.8,-5913.2,95.7783,0.0,0.0,1,15019.2,0.0,4037.2597,1078.241,0.0,0.0,0.0,,,1082.609,1083.9863,1085.4214,0.0,1089.5897,0.0,3859.2631,0.0,1094.7518,802.0817,0.0,4034.8776
2025-09-18 01:00:00,1082.609,489.3013,1553887.61,-2954.19,95.5966,0.0,0.0,1,15019.2,0.0,0.0,4037.2597,0.0,0.0,0.0,0.0,,1083.9863,1085.4214,0.0,1089.5897,0.0,3859.2631,0.0,1094.7518,802.0817,0.0,4034.8776,1101.7489
2025-09-18 07:00:00,1083.9863,489.29,1550934.95,-2952.66,95.4149,0.0,0.0,1,15019.2,0.0,1082.609,0.0,0.0,0.0,0.0,0.0,,1085.4214,0.0,1089.5897,0.0,3859.2631,0.0,1094.7518,802.0817,0.0,4034.8776,1101.7489,1043.9951
2025-09-18 13:00:00,1085.4214,489.283,1547983.88,-2951.08,95.2334,0.0,0.0,1,15019.2,0.0,1083.9863,1082.609,0.0,0.0,0.0,0.0,0.0,0.0,1089.5897,0.0,3859.2631,0.0,1094.7518,802.0817,0.0,4034.8776,1101.7489,1043.9951,693.1069
2025-09-18 19:00:00,0.0,489.2685,1542086.36,-5897.52,94.8705,0.0,0.0,1,15019.2,0.0,1085.4214,1083.9863,0.0,0.0,0.0,0.0,0.0,1089.5897,0.0,3859.2631,0.0,1094.7518,802.0817,0.0,4034.8776,1101.7489,1043.9951,693.1069,1104.2039
2025-09-19 01:00:00,1089.5897,489.2517,1539139.89,-2946.47,94.6893,0.0,0.0,1,15019.2,0.0,0.0,1085.4214,0.0,0.0,0.0,0.0,0.0,0.0,3859.2631,0.0,1094.7518,802.0817,0.0,4034.8776,1101.7489,1043.9951,693.1069,1104.2039,987.846
2025-09-19 07:00:00,0.0,489.2455,1536194.84,-2945.05,94.5081,5.2,5.2,1,15019.2,0.0,1089.5897,0.0,0.0,0.0,5.2,5.2,5.2,3859.2631,0.0,1094.7518,802.0817,0.0,4034.8776,1101.7489,1043.9951,693.1069,1104.2039,987.846,1105.7676
2025-09-19 13:00:00,3859.2631,489.2403,1536194.84,0.0,94.5081,0.6,5.7337,1,15019.2,0.0,0.0,1089.5897,5.2,0.0,5.8,5.8,5.8,0.0,1094.7518,802.0817,0.0,4034.8776,1101.7489,1043.9951,693.1069,1104.2039,987.846,1105.7676,930.9727
2025-09-19 19:00:00,0.0,489.2248,1530308.98,-5885.85,94.146,0.0,5.6607,1,15019.2,0.0,3859.2631,0.0,0.6,5.2,5.8,5.8,5.8,1094.7518,802.0817,0.0,4034.8776,1101.7489,1043.9951,693.1069,1104.2039,987.846,1105.7676,930.9727,873.259
2025-09-20 01:00:00,1094.7518,489.2133,1527368.22,-2940.76,93.9651,0.0,5.5886,1,15019.2,0.0,0.0,3859.2631,0.0,0.6,0.6,5.8,5.8,802.0817,0.0,4034.8776,1101.7489,1043.9951,693.1069,1104.2039,987.846,1105.7676,930.9727,873.259,1108.2058
2025-09-20 07:00:00,802.0817,489.2018,1524428.77,-2939.45,93.7842,1.0,6.5174,1,15019.2,0.0,1094.7518,0.0,0.0,0.0,1.0,6.8,6.8,0.0,4034.8776,1101.7489,1043.9951,693.1069,1104.2039,987.846,1105.7676,930.9727,873.259,1108.2058,1050.4872
2025-09-20 13:00:00,0.0,489.1942,1521494.77,-2934.0,93.6037,6.6,13.0343,1,15019.2,0.0,802.0817,1094.7518,1.0,0.0,7.6,8.2,13.399999999999999,4034.8776,1101.7489,1043.9951,693.1069,1104.2039,987.846,1105.7676,930.9727,873.259,1108.2058,1050.4872,0.0
2025-09-20 19:00:00,4034.8776,489.1902,1521494.77,0.0,93.6037,0.0,12.8682,1,15019.2,0.0,0.0,802.0817,6.6,1.0,7.6,7.6,13.399999999999999,1101.7489,1043.9951,693.1069,1104.2039,987.846,1105.7676,930.9727,873.259,1108.2058,1050.4872,0.0,1111.2195
2025-09-21 01:00:00,1101.7489,489.1838,1518561.73,-2933.04,93.4233,0.0,12.7043,1,15019.2,0.0,4034.8776,0.0,0.0,6.6,6.6,7.6,8.2,1043.9951,693.1069,1104.2039,987.846,1105.7676,930.9727,873.259,1108.2058,1050.4872,0.0,1111.2195,1112.0678
2025-09-21 07:00:00,1043.9951,489.175,1515629.66,-2932.07,93.2429,0.2,12.7424,1,15019.2,0.0,1101.7489,4034.8776,0.0,0.0,0.2,7.8,7.8,693.1069,1104.2039,987.846,1105.7676,930.9727,873.259,1108.2058,1050.4872,0.0,1111.2195,1112.0678,0.0
2025-09-21 13:00:00,693.1069,489.1673,1512698.45,-2931.21,93.0626,1.4,13.9801,1,15019.2,0.0,1043.9951,1101.7489,0.2,0.0,1.5999999999999999,8.2,9.2,1104.2039,987.846,1105.7676,930.9727,873.259,1108.2058,1050.4872,0.0,1111.2195,1112.0678,0.0,4033.5233
2025-09-21 19:00:00,1104.2039,489.154,1509768.13,-2930.32,92.8823,0.0,13.8019,1,15019.2,0.0,693.1069,1043.9951,1.4,0.2,1.5999999999999999,1.5999999999999999,9.2,987.846,1105.7676,930.9727,873.259,1108.2058,1050.4872,0.0,1111.2195,1112.0678,0.0,4033.5233,0.0
2025-09-22 01:00:00,987.846,489.146,1506838.7,-2929.44,92.7021,0.4,14.0261,1,15019.2,0.0,1104.2039,693.1069,0.0,1.4,1.7999999999999998,2.0,8.6,1105.7676,930.9727,873.259,1108.2058,1050.4872,0.0,1111.2195,1112.0678,0.0,4033.5233,0.0,5316.5109
2025-09-22 07:00:00,1105.7676,489.1348,1503910.11,-2928.59,92.5219,0.0,13.8474,1,15019.2,0.0,987.846,1104.2039,0.4,0.0,0.4,2.0,2.0,930.9727,873.259,1108.2058,1050.4872,0.0,1111.2195,1112.0678,0.0,4033.5233,0.0,5316.5109,6311.0771
2025-09-22 13:00:00,930.9727,489.126,1500982.45,-2927.66,92.3418,0.6,14.2709,1,15019.2,0.0,1105.7676,987.846,0.0,0.4,1.0,2.4,2.6,873.259,1108.2058,1050.4872,0.0,1111.2195,1112.0678,0.0,4033.5233,0.0,5316.5109,6311.0771,4033.6043
2025-09-22 19:00:00,873.259,489.1117,1498055.63,-2926.82,92.1617,0.8,14.8891,1,15019.2,0.0,930.9727,1105.7676,0.6,0.0,1.4,1.8,3.4000000000000004,1108.2058,1050.4872,0.0,1111.2195,1112.0678,0.0,4033.5233,0.0,5316.5109,6311.0771,4033.6043,1113.5626
2025-09-23 01:00:00,1108.2058,489.1015,1495129.73,-2925.89,91.9817,0.0,14.6994,1,15019.2,0.0,873.259,930.9727,0.8,0.6,1.4,1.8,3.2,1050.4872,0.0,1111.2195,1112.0678,0.0,4033.5233,0.0,5316.5109,6311.0771,4033.6043,1113.5626,1114.2779
2025-09-23 07:00:00,1050.4872,489.0912,1492204.7,-2925.04,91.8018,0.2,14.7121,1,15019.2,0.0,1108.2058,873.259,0.0,0.8,1.0,1.5999999999999999,2.0,0.0,1111.2195,1112.0678,0.0,4033.5233,0.0,5316.5109,6311.0771,4033.6043,1113.5626,1114.2779,1115.0088
2025-09-23 13:00:00,0.0,489.0785,1486357.16,-5847.54,91.442,0.0,14.5246,1,15019.2,0.0,1050.4872,1108.2058,0.2,0.0,0.2,1.5999999999999999,2.0,1111.2195,1112.0678,0.0,4033.5233,0.0,5316.5109,6311.0771,4033.6043,1113.5626,1114.2779,1115.0088,4033.3626
2025-09-23 19:00:00,1111.2195,489.0648,1483434.61,-2922.55,91.2622,0.0,14.3396,1,15019.2,0.0,0.0,1050.4872,0.0,0.2,0.2,1.0,1.5999999999999999,1112.0678,0.0,4033.5233,0.0,5316.5109,6311.0771,4033.6043,1113.5626,1114.2779,1115.0088,4033.3626,1115.803
2025-09-24 01:00:00,1112.0678,489.0523,1480512.99,-2921.62,91.0825,0.0,14.1569,1,15019.2,0.0,1111.2195,0.0,0.0,0.0,0.0,0.2,1.5999999999999999,0.0,4033.5233,0.0,5316.5109,6311.0771,4033.6043,1113.5626,1114.2779,1115.0088,4033.3626,1115.803,1116.4588
2025-09-24 07:00:00,0.0,489.037,1474672.18,-5840.81,90.7232,0.0,13.9765,1,15019.2,0.0,1112.0678,1111.2195,0.0,0.0,0.0,0.2,1.0,4033.5233,0.0,5316.5109,6311.0771,4033.6043,1113.5626,1114.2779,1115.0088,4033.3626,1115.803,1116.4588,1117.1726
2025-09-24 13:00:00,4033.5233,489.0308,1474672.18,0.0,90.7232,0.0,13.7984,1,15019.2,0.0,0.0,1112.0678,0.0,0.0,0.0,0.0,0.2,0.0,5316.5109,6311.0771,4033.6043,1113.5626,1114.2779,1115.0088,4033.3626,1115.803,1116.4588,1117.1726,1117.9442
2025-09-24 19:00:00,0.0,489.0153,1468834.66,-5837.52,90.364,0.2,13.8226,1,15019.2,0.0,4033.5233,0.0,0.0,0.0,0.2,0.2,0.4,5316.5109,6311.0771,4033.6043,1113.5626,1114.2779,1115.0088,4033.3626,1115.803,1116.4588,1117.1726,1117.9442,827.2626
2025-09-25 01:00:00,5316.5109,489.0338,1474672.18,5837.52,90.7232,15.6,29.2465,1,15019.2,0.0,0.0,4033.5233,0.2,0.0,15.799999999999999,15.799999999999999,15.799999999999999,6311.0771,4033.6043,1113.5626,1114.2779,1115.0088,4033.3626,1115.803,1116.4588,1117.1726,1117.9442,827.2626,4032.9688
2025-09-25 07:00:00,6311.0771,489.0402,1477592.14,2919.96,90.9028,2.2,31.0738,1,15019.2,0.0,5316.5109,0.0,15.6,0.2,18.0,18.0,18.0,4033.6043,1113.5626,1114.2779,1115.0088,4033.3626,1115.803,1116.4588,1117.1726,1117.9442,827.2626,4032.9688,1119.384
2025-09-25 13:00:00,4033.6043,489.0417,1477592.14,0.0,90.9028,0.0,30.6779,1,15019.2,0.0,6311.0771,5316.5109,2.2,15.6,17.8,18.0,18.0,1113.5626,1114.2779,1115.0088,4033.3626,1115.803,1116.4588,1117.1726,1117.9442,827.2626,4032.9688,1119.384,4032.8911
2025-09-25 19:00:00,1113.5626,489.036,1474672.18,-2919.96,90.7232,0.0,30.287,1,15019.2,0.0,4033.6043,6311.0771,0.0,2.2,2.2,18.0,18.0,1114.2779,1115.0088,4033.3626,1115.803,1116.4588,1117.1726,1117.9442,827.2626,4032.9688,1119.384,4032.8911,0.0
2025-09-26 01:00:00,1114.2779,489.027,1471753.02,-2919.16,90.5436,0.0,29.9011,1,15019.2,0.0,1113.5626,4033.6043,0.0,0.0,0.0,17.8,18.0,1115.0088,4033.3626,1115.803,1116.4588,1117.1726,1117.9442,827.2626,4032.9688,1119.384,4032.8911,0.0,1121.501
2025-09-26 07:00:00,1115.0088,489.018,1468834.66,-2918.35,90.364,0.0,29.5201,1,15019.2,0.0,1114.2779,1113.5626,0.0,0.0,0.0,2.2,18.0,4033.3626,1115.803,1116.4588,1117.1726,1117.9442,827.2626,4032.9688,1119.384,4032.8911,0.0,1121.501,1122.1485
2025-09-26 13:00:00,4033.3626,489.0152,1468834.66,0.0,90.364,0.0,29.144,1,15019.2,0.0,1115.0088,1114.2779,0.0,0.0,0.0,0.0,17.8,1115.803,1116.4588,1117.1726,1117.9442,827.2626,4032.9688,1119.384,4032.8911,0.0,1121.501,1122.1485,1122.897
2025-09-26 19:00:00,1115.803,489.0022,1465917.18,-2917.48,90.1846,0.0,28.7727,1,15019.2,0.0,4033.3626,1115.0088,0.0,0.0,0.0,0.0,2.2,1116.4588,1117.1726,1117.9442,827.2626,4032.9688,1119.384,4032.8911,0.0,1121.501,1122.1485,1122.897,0.0
2025-09-27 01:00:00,1116.4588,488.9987,1463000.44,-2916.74,90.0051,0.0,28.4061,1,15019.2,0.0,1115.803,4033.3626,0.0,0.0,0.0,0.0,0.0,1117.1726,1117.9442,827.2626,4032.9688,1119.384,4032.8911,0.0,1121.501,1122.1485,1122.897,0.0,1008.7448
2025-09-27 07:00:00,1117.1726,488.9883,1460084.49,-2915.95,89.8257,0.0,28.0441,1,15019.2,0.0,1116.4588,1115.803,0.0,0.0,0.0,0.0,0.0,1117.9442,827.2626,4032.9688,1119.384,4032.8911,0.0,1121.501,1122.1485,1122.897,0.0,1008.7448,2403.714
2025-09-27 13:00:00,1117.9442,488.9778,1457169.38,-2915.1,89.6464,0.0,27.6868,1,15019.2,0.0,1117.1726,1116.4588,0.0,0.0,0.0,0.0,0.0,827.2626,4032.9688,1119.384,4032.8911,0.0,1121.501,1122.1485,1122.897,0.0,1008.7448,2403.714,6882.3264
2025-09-27 19:00:00,827.2626,488.968,1454255.07,-2914.32,89.4671,1.0,28.334,1,15019.2,0.0,1117.9442,1117.1726,0.0,0.0,1.0,1.0,1.0,4032.9688,1119.384,4032.8911,0.0,1121.501,1122.1485,1122.897,0.0,1008.7448,2403.714,6882.3264,3741.5885
2025-09-28 01:00:00,4032.9688,488.9645,1454255.07,0.0,89.4671,0.0,27.973,1,15019.2,0.0,827.2626,1117.9442,1.0,0.0,1.0,1.0,1.0,1119.384,4032.8911,0.0,1121.501,1122.1485,1122.897,0.0,1008.7448,2403.714,6882.3264,3741.5885,1278.7887
2025-09-28 07:00:00,1119.384,488.9578,1451341.56,-2913.51,89.2878,0.0,27.6166,1,15019.2,0.0,4032.9688,827.2626,0.0,1.0,1.0,1.0,1.0,4032.8911,0.0,1121.501,1122.1485,1122.897,0.0,1008.7448,2403.714,6882.3264,3741.5885,1278.7887,3954.5211
2025-09-28 13:00:00,4032.8911,488.9505,1451341.56,0.0,89.2878,0.0,27.2647,1,15019.2,0.0,1119.384,4032.9688,0.0,0.0,0.0,1.0,1.0,0.0,1121.501,1122.1485,1122.897,0.0,1008.7448,2403.714,6882.3264,3741.5885,1278.7887,3954.5211,6572.4485
2025-09-28 19:00:00,0.0,488.9372,1445516.87,-5824.69,88.9295,0.0,26.9173,1,15019.2,0.0,4032.8911,1119.384,0.0,0.0,0.0,1.0,1.0,1121.501,1122.1485,1122.897,0.0,1008.7448,2403.714,6882.3264,3741.5885,1278.7887,3954.5211,6572.4485,1045.7308
2025-09-29 01:00:00,1121.501,488.9243,1442605.72,-2911.16,88.7504,0.0,26.5744,1,15019.2,0.0,0.0,4032.8911,0.0,0.0,0.0,0.0,1.0,1122.1485,1122.897,0.0,1008.7448,2403.714,6882.3264,3741.5885,1278.7887,3954.5211,6572.4485,1045.7308,1104.5526
2025-09-29 07:00:00,1122.1485,488.9102,1439695.28,-2910.43,88.5714,0.0,26.2358,1,15019.2,0.0,1121.501,0.0,0.0,0.0,0.0,0.0,1.0,1122.897,0.0,1008.7448,2403.714,6882.3264,3741.5885,1278.7887,3954.5211,6572.4485,1045.7308,1104.5526,1105.2895
2025-09-29 13:00:00,1122.897,488.9047,1436785.67,-2909.61,88.3924,0.0,25.9015,1,15019.2,0.0,1122.1485,1121.501,0.0,0.0,0.0,0.0,0.0,0.0,1008.7448,2403.714,6882.3264,3741.5885,1278.7887,3954.5211,6572.4485,1045.7308,1104.5526,1105.2895,4012.5471
2025-09-29 19:00:00,0.0,488.8895,1430968.82,-5816.86,88.0345,0.0,25.5715,1,15019.2,0.0,1122.897,1122.1485,0.0,0.0,0.0,0.0,0.0,1008.7448,2403.714,6882.3264,3741.5885,1278.7887,3954.5211,6572.4485,1045.7308,1104.5526,1105.2895,4012.5471,4012.5471
2025-09-30 01:00:00,1008.7448,488.8753,1428061.56,-2907.26,87.8556,0.4,25.6457,1,15019.2,0.0,0.0,1122.897,0.0,0.0,0.4,0.4,0.4,2403.714,6882.3264,3741.5885,1278.7887,3954.5211,6572.4485,1045.7308,1104.5526,1105.2895,4012.5471,4012.5471,4012.5471
2025-09-30 07:00:00,2403.714,488.8802,1430968.82,2907.26,88.0345,15.6,40.9189,1,15019.2,0.0,1008.7448,0.0,0.4,0.0,16.0,16.0,16.0,6882.3264,3741.5885,1278.7887,3954.5211,6572.4485,1045.7308,1104.5526,1105.2895,4012.5471,4012.5471,4012.5471,1105.9833
2025-09-30 13:00:00,6882.3264,488.8978,1433876.88,2908.07,88.2134,0.2,40.5975,1,15019.2,0.0,2403.714,1008.7448,15.6,0.4,16.2,16.2,16.2,3741.5885,1278.7887,3954.5211,6572.4485,1045.7308,1104.5526,1105.2895,4012.5471,4012.5471,4012.5471,1105.9833,4012.4762
2025-09-30 19:00:00,3741.5885,488.895,1433876.88,0.0,88.2134,1.0,41.0803,1,15019.2,0.0,6882.3264,2403.714,0.2,15.6,16.799999999999997,17.2,17.2,1278.7887,3954.5211,6572.4485,1045.7308,1104.5526,1105.2895,4012.5471,4012.5471,4012.5471,1105.9833,4012.4762,1106.7344
2025-10-01 01:00:00,1278.7887,488.8953,1433876.88,0.0,88.2134,9.4,49.9568,1,15019.2,0.0,3741.5885,6882.3264,1.0,0.2,10.6,26.6,26.6,3954.5211,6572.4485,1045.7308,1104.5526,1105.2895,4012.5471,4012.5471,4012.5471,1105.9833,4012.4762,1106.7344,4012.4056
2025-10-01 07:00:00,3954.5211,488.8998,1433876.88,0.0,88.2134,0.2,49.5203,1,15019.2,0.0,1278.7887,3741.5885,9.4,1.0,10.6,26.399999999999995,26.8,6572.4485,1045.7308,1104.5526,1105.2895,4012.5471,4012.5471,4012.5471,1105.9833,4012.4762,1106.7344,4012.4056,526.5018
2025-10-01 13:00:00,6572.4485,488.9023,1436785.67,2908.79,88.3924,1.2,50.0893,1,15019.2,0.0,3954.5211,1278.7887,0.2,9.4,10.799999999999999,11.999999999999998,28.0,1045.7308,1104.5526,1105.2895,4012.5471,4012.5471,4012.5471,1105.9833,4012.4762,1106.7344,4012.4056,526.5018,3140.9768
2025-10-01 19:00:00,1045.7308,488.8943,1433876.88,-2908.79,88.2134,0.2,49.6511,1,15019.2,0.0,6572.4485,3954.5211,1.2,0.2,1.5999999999999999,11.999999999999998,27.799999999999994,1104.5526,1105.2895,4012.5471,4012.5471,4012.5471,1105.9833,4012.4762,1106.7344,4012.4056,526.5018,3140.9768,4012.335
2025-10-02 01:00:00,1104.5526,488.886,1430968.82,-2908.07,88.0345,0.0,49.0185,1,15019.2,0.0,1045.7308,6572.4485,0.2,1.2,1.4,10.999999999999998,12.199999999999998,1105.2895,4012.5471,4012.5471,4012.5471,1105.9833,4012.4762,1106.7344,4012.4056,526.5018,3140.9768,4012.335,1108.0894
2025-10-02 07:00:00,1105.2895,488.879,1428061.56,-2907.26,87.8556,0.0,48.3939,1,15019.2,0.0,1104.5526,1045.7308,0.0,0.2,0.2,1.5999999999999999,11.999999999999998,4012.5471,4012.5471,4012.5471,1105.9833,4012.4762,1106.7344,4012.4056,526.5018,3140.9768,4012.335,1108.0894,1108.8239
2025-10-02 13:00:00,4012.5471,488.8753,1428061.56,0.0,87.8556,0.0,47.7773,1,15019.2,0.0,1105.2895,1104.5526,0.0,0.0,0.0,1.4,10.999999999999998,4012.5471,4012.5471,1105.9833,4012.4762,1106.7344,4012.4056,526.5018,3140.9768,4012.335,1108.0894,1108.8239,1109.4664
2025-10-02 19:00:00,4012.5471,488.8712,1428061.56,0.0,87.8556,0.0,47.1686,1,15019.2,0.0,4012.5471,1105.2895,0.0,0.0,0.0,0.2,1.5999999999999999,4012.5471,1105.9833,4012.4762,1106.7344,4012.4056,526.5018,3140.9768,4012.335,1108.0894,1108.8239,1109.4664,4012.1242
2025-10-03 01:00:00,4012.5471,488.872,1428061.56,0.0,87.8556,0.0,46.5676,1,15019.2,0.0,4012.5471,4012.5471,0.0,0.0,0.0,0.0,1.4,1105.9833,4012.4762,1106.7344,4012.4056,526.5018,3140.9768,4012.335,1108.0894,1108.8239,1109.4664,4012.1242,1110.2017
2025-10-03 07:00:00,1105.9833,488.8662,1425155.07,-2906.49,87.6768,0.0,45.9742,1,15019.2,0.0,4012.5471,4012.5471,0.0,0.0,0.0,0.0,0.2,4012.4762,1106.7344,4012.4056,526.5018,3140.9768,4012.335,1108.0894,1108.8239,1109.4664,4012.1242,1110.2017,1110.8755
2025-10-03 13:00:00,4012.4762,488.8655,1425155.07,0.0,87.6768,0.0,45.3885,1,15019.2,0.0,1105.9833,4012.5471,0.0,0.0,0.0,0.0,0.0,1106.7344,4012.4056,526.5018,3140.9768,4012.335,1108.0894,1108.8239,1109.4664,4012.1242,1110.2017,1110.8755,1111.569
2025-10-03 19:00:00,1106.7344,488.8583,1422249.4,-2905.67,87.4981,0.0,44.8101,1,15019.2,0.0,4012.4762,1105.9833,0.0,0.0,0.0,0.0,0.0,4012.4056,526.5018,3140.9768,4012.335,1108.0894,1108.8239,1109.4664,4012.1242,1110.2017,1110.8755,1111.569,0.0
2025-10-04 01:00:00,4012.4056,488.8542,1422249.4,0.0,87.4981,0.0,44.2392,1,15019.2,0.0,1106.7344,4012.4762,0.0,0.0,0.0,0.0,0.0,526.5018,3140.9768,4012.335,1108.0894,1108.8239,1109.4664,4012.1242,1110.2017,1110.8755,1111.569,0.0,1113.6836
2025-10-04 07:00:00,526.5018,488.8475,1419344.47,-2904.93,87.3194,2.0,45.6755,1,15019.2,0.0,4012.4056,1106.7344,0.0,0.0,2.0,2.0,2.0,3140.9768,4012.335,1108.0894,1108.8239,1109.4664,4012.1242,1110.2017,1110.8755,1111.569,0.0,1113.6836,1114.3455
2025-10-04 13:00:00,3140.9768,488.8467,1419344.47,0.0,87.3194,3.0,48.0936,1,15019.2,0.0,526.5018,4012.4056,2.0,0.0,5.0,5.0,5.0,4012.335,1108.0894,1108.8239,1109.4664,4012.1242,1110.2017,1110.8755,1111.569,0.0,1113.6836,1114.3455,2910.817
2025-10-04 19:00:00,4012.335,488.843,1419344.47,0.0,87.3194,0.0,47.4808,1,15019.2,0.0,3140.9768,526.5018,3.0,2.0,5.0,5.0,5.0,1108.0894,1108.8239,1109.4664,4012.1242,1110.2017,1110.8755,1111.569,0.0,1113.6836,1114.3455,2910.817,12705.9166
2025-10-05 01:00:00,1108.0894,488.8345,1416440.29,-2904.18,87.1407,0.0,46.8758,1,15019.2,0.0,4012.335,3140.9768,0.0,3.0,3.0,5.0,5.0,1108.8239,1109.4664,4012.1242,1110.2017,1110.8755,1111.569,0.0,1113.6836,1114.3455,2910.817,12705.9166,1113.0189
2025-10-05 07:00:00,1108.8239,488.8257,1413536.92,-2903.37,86.9621,0.0,46.2785,1,15019.2,0.0,1108.0894,4012.335,0.0,0.0,0.0,5.0,5.0,1109.4664,4012.1242,1110.2017,1110.8755,1111.569,0.0,1113.6836,1114.3455,2910.817,12705.9166,1113.0189,1113.6836
2025-10-05 13:00:00,1109.4664,488.818,1410634.26,-2902.66,86.7835,0.0,45.6889,1,15019.2,0.0,1108.8239,1108.0894,0.0,0.0,0.0,3.0,5.0,4012.1242,1110.2017,1110.8755,1111.569,0.0,1113.6836,1114.3455,2910.817,12705.9166,1113.0189,1113.6836,4011.7064
2025-10-05 19:00:00,4012.1242,488.8103,1410634.26,0.0,86.7835,0.0,45.1067,1,15019.2,0.0,1109.4664,1108.8239,0.0,0.0,0.0,0.0,5.0,1110.2017,1110.8755,1111.569,0.0,1113.6836,1114.3455,2910.817,12705.9166,1113.0189,1113.6836,4011.7064,24082.246
2025-10-06 01:00:00,1110.2017,488.8035,1407732.41,-2901.85,86.605,0.0,44.532,1,15019.2,0.0,4012.1242,1109.4664,0.0,0.0,0.0,0.0,3.0,1110.8755,1111.569,0.0,1113.6836,1114.3455,2910.817,12705.9166,1113.0189,1113.6836,4011.7064,24082.246,18537.1847
2025-10-06 07:00:00,1110.8755,488.7908,1404831.3,-2901.11,86.4265,0.0,43.9646,1,15019.2,0.0,1110.2017,4012.1242,0.0,0.0,0.0,0.0,0.0,1111.569,0.0,1113.6836,1114.3455,2910.817,12705.9166,1113.0189,1113.6836,4011.7064,24082.246,18537.1847,12736.874
2025-10-06 13:00:00,1111.569,488.7818,1401930.96,-2900.35,86.2481,0.0,43.4044,1,15019.2,0.0,1110.8755,1110.2017,0.0,0.0,0.0,0.0,0.0,0.0,1113.6836,1114.3455,2910.817,12705.9166,1113.0189,1113.6836,4011.7064,24082.246,18537.1847,12736.874,9832.9461
2025-10-06 19:00:00,0.0,488.7693,1396132.65,-5798.3,85.8913,0.0,42.8514,1,15019.2,0.0,1111.569,1110.8755,0.0,0.0,0.0,0.0,0.0,1113.6836,1114.3455,2910.817,12705.9166,1113.0189,1113.6836,4011.7064,24082.246,18537.1847,12736.874,9832.9461,3314.323
2025-10-07 01:00:00,1113.6836,488.7593,1393234.63,-2898.02,85.7131,0.0,42.3054,1,15019.2,0.0,0.0,1111.569,0.0,0.0,0.0,0.0,0.0,1114.3455,2910.817,12705.9166,1113.0189,1113.6836,4011.7064,24082.246,18537.1847,12736.874,9832.9461,3314.323,6924.1336
2025-10-07 07:00:00,1114.3455,488.7473,1390337.34,-2897.29,85.5348,0.0,41.7664,1,15019.2,0.0,1113.6836,0.0,0.0,0.0,0.0,0.0,0.0,2910.817,12705.9166,1113.0189,1113.6836,4011.7064,24082.246,18537.1847,12736.874,9832.9461,3314.323,6924.1336,6925.047
2025-10-07 13:00:00,2910.817,488.7412,1390337.34,0.0,85.5348,3.8,45.0342,1,15019.2,0.0,1114.3455,1113.6836,0.0,0.0,3.8,3.8,3.8,12705.9166,1113.0189,1113.6836,4011.7064,24082.246,18537.1847,12736.874,9832.9461,3314.323,6924.1336,6925.047,6925.8075
2025-10-07 19:00:00,12705.9166,488.7738,1399031.41,8694.07,86.0697,0.0,44.4604,1,15019.2,0.0,2910.817,1114.3455,3.8,0.0,3.8,3.8,3.8,1113.0189,1113.6836,4011.7064,24082.246,18537.1847,12736.874,9832.9461,3314.323,6924.1336,6925.047,6925.8075,1100.3591
2025-10-08 01:00:00,1113.0189,488.7605,1396132.65,-2898.76,85.8913,0.0,43.8939,1,15019.2,0.0,12705.9166,2910.817,0.0,3.8,3.8,3.8,3.8,1113.6836,4011.7064,24082.246,18537.1847,12736.874,9832.9461,3314.323,6924.1336,6925.047,6925.8075,1100.3591,4013.0472
2025-10-08 07:00:00,1113.6836,488.7547,1393234.63,-2898.02,85.7131,0.0,43.3346,1,15019.2,0.0,1113.0189,12705.9166,0.0,0.0,0.0,3.8,3.8,4011.7064,24082.246,18537.1847,12736.874,9832.9461,3314.323,6924.1336,6925.047,6925.8075,1100.3591,4013.0472,1100.9755
2025-10-08 13:00:00,4011.7064,488.756,1393234.63,0.0,85.7131,0.0,42.7825,1,15019.2,0.0,1113.6836,1113.0189,0.0,0.0,0.0,3.8,3.8,24082.246,18537.1847,12736.874,9832.9461,3314.323,6924.1336,6925.047,6925.8075,1100.3591,4013.0472,1100.9755,6925.047
2025-10-08 19:00:00,24082.246,488.83,1413536.92,20302.29,86.9621,0.8,43.0374,1,15019.2,0.0,4011.7064,1113.6836,0.0,0.0,0.8,0.8,4.6,18537.1847,12736.874,9832.9461,3314.323,6924.1336,6925.047,6925.8075,1100.3591,4013.0472,1100.9755,6925.047,1100.9755
2025-10-09 01:00:00,18537.1847,488.8787,1428061.56,14524.64,87.8556,0.0,42.489,1,15019.2,0.0,24082.246,4011.7064,0.8,0.0,0.8,0.8,4.6,12736.874,9832.9461,3314.323,6924.1336,6925.047,6925.8075,1100.3591,4013.0472,1100.9755,6925.047,1100.9755,1101.7453
2025-10-09 07:00:00,12736.874,488.9028,1436785.67,8724.11,88.3924,0.0,41.9477,1,15019.2,0.0,18537.1847,24082.246,0.0,0.8,0.8,0.8,0.8,9832.9461,3314.323,6924.1336,6925.047,6925.8075,1100.3591,4013.0472,1100.9755,6925.047,1100.9755,1101.7453,1102.3981
2025-10-09 13:00:00,9832.9461,488.9237,1442605.72,5820.04,88.7504,0.0,41.4132,1,15019.2,0.0,12736.874,18537.1847,0.0,0.0,0.0,0.8,0.8,3314.323,6924.1336,6925.047,6925.8075,1100.3591,4013.0472,1100.9755,6925.047,1100.9755,1101.7453,1102.3981,6923.3374
2025-10-09 19:00:00,3314.323,488.9283,1442605.72,0.0,88.7504,2.4,43.2855,1,15019.2,0.0,9832.9461,12736.874,0.0,0.0,2.4,3.2,3.2,6924.1336,6925.047,6925.8075,1100.3591,4013.0472,1100.9755,6925.047,1100.9755,1101.7453,1102.3981,6923.3374,1102.3981
2025-10-10 01:00:00,6924.1336,488.9383,1445516.87,2911.16,88.9295,0.0,42.734,1,15019.2,0.0,3314.323,9832.9461,2.4,0.0,2.4,2.4,3.2,6925.047,6925.8075,1100.3591,4013.0472,1100.9755,6925.047,1100.9755,1101.7453,1102.3981,6923.3374,1102.3981,1103.1519
2025-10-10 07:00:00,6925.047,488.943,1448428.87,2912.0,89.1087,0.0,42.1895,1,15019.2,0.0,6924.1336,3314.323,0.0,2.4,2.4,2.4,3.2,6925.8075,1100.3591,4013.0472,1100.9755,6925.047,1100.9755,1101.7453,1102.3981,6923.3374,1102.3981,1103.1519,1103.8989
2025-10-10 13:00:00,6925.8075,488.954,1451341.56,2912.69,89.2878,0.0,41.652,1,15019.2,0.0,6925.047,6924.1336,0.0,0.0,0.0,2.4,2.4,1100.3591,4013.0472,1100.9755,6925.047,1100.9755,1101.7453,1102.3981,6923.3374,1102.3981,1103.1519,1103.8989,3372.8401
2025-10-10 19:00:00,1100.3591,488.948,1448428.87,-2912.69,89.1087,0.0,41.1212,1,15019.2,0.0,6925.8075,6925.047,0.0,0.0,0.0,2.4,2.4,4013.0472,1100.9755,6925.047,1100.9755,1101.7453,1102.3981,6923.3374,1102.3981,1103.1519,1103.8989,3372.8401,4012.6892
2025-10-11 01:00:00,4013.0472,488.9415,1448428.87,0.0,89.1087,0.0,40.5973,1,15019.2,0.0,1100.3591,6925.8075,0.0,0.0,0.0,0.0,2.4,1100.9755,6925.047,1100.9755,1101.7453,1102.3981,6923.3374,1102.3981,1103.1519,1103.8989,3372.8401,4012.6892,0.0
2025-10-11 07:00:00,1100.9755,488.9373,1445516.87,-2912.0,88.9295,0.0,40.08,1,15019.2,0.0,4013.0472,1100.3591,0.0,0.0,0.0,0.0,2.4,6925.047,1100.9755,1101.7453,1102.3981,6923.3374,1102.3981,1103.1519,1103.8989,3372.8401,4012.6892,0.0,4012.5471
2025-10-11 13:00:00,6925.047,488.9412,1448428.87,2912.0,89.1087,0.0,39.5694,1,15019.2,0.0,1100.9755,4013.0472,0.0,0.0,0.0,0.0,0.0,1100.9755,1101.7453,1102.3981,6923.3374,1102.3981,1103.1519,1103.8989,3372.8401,4012.6892,0.0,4012.5471,3605.5883
2025-10-11 19:00:00,1100.9755,488.9332,1445516.87,-2912.0,88.9295,0.0,39.0652,1,15019.2,0.0,6925.047,1100.9755,0.0,0.0,0.0,0.0,0.0,1101.7453,1102.3981,6923.3374,1102.3981,1103.1519,1103.8989,3372.8401,4012.6892,0.0,4012.5471,3605.5883,17713.4895
2025-10-12 01:00:00,1101.7453,488.9242,1442605.72,-2911.16,88.7504,0.0,38.5674,1,15019.2,0.0,1100.9755,6925.047,0.0,0.0,0.0,0.0,0.0,1102.3981,6923.3374,1102.3981,1103.1519,1103.8989,3372.8401,4012.6892,0.0,4012.5471,3605.5883,17713.4895,6083.0073
2025-10-12 07:00:00,1102.3981,488.9192,1439695.28,-2910.43,88.5714,0.0,38.076,1,15019.2,0.0,1101.7453,1100.9755,0.0,0.0,0.0,0.0,0.0,6923.3374,1102.3981,1103.1519,1103.8989,3372.8401,4012.6892,0.0,4012.5471,3605.5883,17713.4895,6083.0073,258.3193
2025-10-12 13:00:00,6923.3374,488.922,1442605.72,2910.43,88.7504,0.0,37.5909,1,15019.2,0.0,1102.3981,1101.7453,0.0,0.0,0.0,0.0,0.0,1102.3981,1103.1519,1103.8989,3372.8401,4012.6892,0.0,4012.5471,3605.5883,17713.4895,6083.0073,258.3193,4570.6411
2025-10-12 19:00:00,1102.3981,488.9123,1439695.28,-2910.43,88.5714,0.0,37.1119,1,15019.2,0.0,6923.3374,1102.3981,0.0,0.0,0.0,0.0,0.0,1103.1519,1103.8989,3372.8401,4012.6892,0.0,4012.5471,3605.5883,17713.4895,6083.0073,258.3193,4570.6411,258.464
2025-10-13 01:00:00,1103.1519,488.902,1436785.67,-2909.61,88.3924,0.0,36.6391,1,15019.2,0.0,1102.3981,6923.3374,0.0,0.0,0.0,0.0,0.0,1103.8989,3372.8401,4012.6892,0.0,4012.5471,3605.5883,17713.4895,6083.0073,258.3193,4570.6411,258.464,7488.7846
2025-10-13 07:00:00,1103.8989,488.8943,1433876.88,-2908.79,88.2134,0.0,36.1722,1,15019.2,0.0,1103.1519,1102.3981,0.0,0.0,0.0,0.0,0.0,3372.8401,4012.6892,0.0,4012.5471,3605.5883,17713.4895,6083.0073,258.3193,4570.6411,258.464,7488.7846,11878.9615
2025-10-13 13:00:00,3372.8401,488.898,1433876.88,0.0,88.2134,2.2,37.9113,1,15019.2,0.0,1103.8989,1103.1519,0.0,0.0,2.2,2.2,2.2,4012.6892,0.0,4012.5471,3605.5883,17713.4895,6083.0073,258.3193,4570.6411,258.464,7488.7846,11878.9615,9026.8043
2025-10-13 19:00:00,4012.6892,488.8903,1433876.88,0.0,88.2134,0.0,37.4283,1,15019.2,0.0,3372.8401,1103.8989,2.2,0.0,2.2,2.2,2.2,0.0,4012.5471,3605.5883,17713.4895,6083.0073,258.3193,4570.6411,258.464,7488.7846,11878.9615,9026.8043,13307.3812
2025-10-14 01:00:00,0.0,488.8767,1428061.56,-5815.32,87.8556,0.0,36.9514,1,15019.2,0.0,4012.6892,3372.8401,0.0,2.2,2.2,2.2,2.2,4012.5471,3605.5883,17713.4895,6083.0073,258.3193,4570.6411,258.464,7488.7846,11878.9615,9026.8043,13307.3812,20790.2822
2025-10-14 07:00:00,4012.5471,488.872,1428061.56,0.0,87.8556,0.0,36.4806,1,15019.2,0.0,0.0,4012.6892,0.0,0.0,0.0,2.2,2.2,3605.5883,17713.4895,6083.0073,258.3193,4570.6411,258.464,7488.7846,11878.9615,9026.8043,13307.3812,20790.2822,14979.542
2025-10-14 13:00:00,3605.5883,488.8747,1428061.56,0.0,87.8556,1.4,37.4158,1,15019.2,0.0,4012.5471,0.0,0.0,0.0,1.4,3.6,3.6,17713.4895,6083.0073,258.3193,4570.6411,258.464,7488.7846,11878.9615,9026.8043,13307.3812,20790.2822,14979.542,15017.5309
2025-10-14 19:00:00,17713.4895,488.9342,1445516.87,17455.31,88.9295,0.0,36.939,0,0.0,0.0,3605.5883,4012.5471,1.4,0.0,1.4,1.4,3.6,6083.0073,258.3193,4570.6411,258.464,7488.7846,11878.9615,9026.8043,13307.3812,20790.2822,14979.542,15017.5309,12095.557
2025-10-15 01:00:00,6083.0073,488.9503,1451341.56,5824.69,89.2878,0.0,36.4684,0,0.0,0.0,17713.4895,3605.5883,0.0,1.4,1.4,1.4,3.6,258.3193,4570.6411,258.464,7488.7846,11878.9615,9026.8043,13307.3812,20790.2822,14979.542,15017.5309,12095.557,6189.3306
2025-10-15 07:00:00,258.3193,488.9583,1451341.56,0.0,89.2878,0.0,36.0037,0,0.0,0.0,6083.0073,17713.4895,0.0,0.0,0.0,1.4,1.4,4570.6411,258.464,7488.7846,11878.9615,9026.8043,13307.3812,20790.2822,14979.542,15017.5309,12095.557,6189.3306,12154.9732
2025-10-15 13:00:00,4570.6411,488.972,1457169.38,5827.82,89.6464,5.2,40.745,0,0.0,0.0,258.3193,6083.0073,0.0,0.0,5.2,6.6,6.6,258.464,7488.7846,11878.9615,9026.8043,13307.3812,20790.2822,14979.542,15017.5309,12095.557,6189.3306,12154.9732,12991.3041
2025-10-15 19:00:00,258.464,488.9765,1457169.38,0.0,89.6464,0.0,40.2258,0,0.0,0.0,4570.6411,258.3193,5.2,0.0,5.2,5.2,6.6,7488.7846,11878.9615,9026.8043,13307.3812,20790.2822,14979.542,15017.5309,12095.557,6189.3306,12154.9732,12991.3041,13005.353
2025-10-16 01:00:00,7488.7846,489.0152,1468834.66,11665.28,90.364,15.2,54.9133,0,0.0,0.0,258.464,4570.6411,0.0,5.2,20.4,20.4,21.799999999999997,11878.9615,9026.8043,13307.3812,20790.2822,14979.542,15017.5309,12095.557,6189.3306,12154.9732,12991.3041,13005.353,10018.2192
2025-10-16 07:00:00,11878.9615,489.0568,1480512.99,11678.33,91.0825,0.2,54.4136,0,0.0,0.0,7488.7846,258.464,15.2,0.0,15.399999999999999,20.599999999999998,20.599999999999998,9026.8043,13307.3812,20790.2822,14979.542,15017.5309,12095.557,6189.3306,12154.9732,12991.3041,13005.353,10018.2192,10024.4748
2025-10-16 13:00:00,9026.8043,489.088,1489280.51,8767.52,91.6219,0.0,53.7203,0,0.0,0.0,11878.9615,7488.7846,0.2,15.2,15.399999999999999,20.599999999999998,20.599999999999998,13307.3812,20790.2822,14979.542,15017.5309,12095.557,6189.3306,12154.9732,12991.3041,13005.353,10018.2192,10024.4748,13038.0625
2025-10-16 19:00:00,13307.3812,489.1412,1506838.7,17558.19,92.7021,15.4,68.4358,0,0.0,0.0,9026.8043,11878.9615,0.0,0.2,15.6,30.799999999999997,36.0,20790.2822,14979.542,15017.5309,12095.557,6189.3306,12154.9732,12991.3041,13005.353,10018.2192,10024.4748,13038.0625,13052.2769
2025-10-17 01:00:00,20790.2822,489.2183,1527368.22,20529.53,93.9651,0.0,67.5639,0,0.0,0.0,13307.3812,9026.8043,15.4,0.0,15.4,30.799999999999997,36.0,14979.542,15017.5309,12095.557,6189.3306,12154.9732,12991.3041,13005.353,10018.2192,10024.4748,13038.0625,13052.2769,5468.1089
2025-10-17 07:00:00,14979.542,489.265,1542086.36,14718.14,94.8705,0.0,66.703,0,0.0,0.0,20790.2822,13307.3812,0.0,15.4,15.4,15.6,30.799999999999997,15017.5309,12095.557,6189.3306,12154.9732,12991.3041,13005.353,10018.2192,10024.4748,13038.0625,13052.2769,5468.1089,13078.4236
2025-10-17 13:00:00,15017.5309,489.3138,1556841.8,14755.44,95.7783,0.0,65.8531,0,0.0,0.0,14979.542,20790.2822,0.0,0.0,0.0,15.4,30.799999999999997,12095.557,6189.3306,12154.9732,12991.3041,13005.353,10018.2192,10024.4748,13038.0625,13052.2769,5468.1089,13078.4236,7049.3022
2025-10-17 19:00:00,12095.557,489.3525,1568674.68,11832.88,96.5063,0.0,65.014,0,0.0,0.0,15017.5309,14979.542,0.0,0.0,0.0,15.4,15.6,6189.3306,12154.9732,12991.3041,13005.353,10018.2192,10024.4748,13038.0625,13052.2769,5468.1089,13078.4236,7049.3022,10080.2726
2025-10-18 01:00:00,6189.3306,489.3797,1574601.03,5926.35,96.8709,0.0,64.1857,0,0.0,0.0,12095.557,15017.5309,0.0,0.0,0.0,0.0,15.4,12154.9732,12991.3041,13005.353,10018.2192,10024.4748,13038.0625,13052.2769,5468.1089,13078.4236,7049.3022,10080.2726,4023.5827
2025-10-18 07:00:00,12154.9732,489.4102,1586490.96,11889.93,97.6024,0.0,63.3679,0,0.0,0.0,6189.3306,12095.557,0.0,0.0,0.0,0.0,15.4,12991.3041,13005.353,10018.2192,10024.4748,13038.0625,13052.2769,5468.1089,13078.4236,7049.3022,10080.2726,4023.5827,7054.3523
2025-10-18 13:00:00,12991.3041,489.4435,1595462.02,8971.05,98.1543,0.0,62.5605,1,15019.2,0.0,12154.9732,6189.3306,0.0,0.0,0.0,0.0,0.0,13005.353,10018.2192,10024.4748,13038.0625,13052.2769,5468.1089,13078.4236,7049.3022,10080.2726,4023.5827,7054.3523,7056.0733
2025-10-18 19:00:00,13005.353,489.4718,1604446.72,8984.7,98.707,0.0,61.7633,1,15019.2,0.0,12991.3041,12154.9732,0.0,0.0,0.0,0.0,0.0,10018.2192,10024.4748,13038.0625,13052.2769,5468.1089,13078.4236,7049.3022,10080.2726,4023.5827,7054.3523,7056.0733,7057.6438
2025-10-19 01:00:00,10018.2192,489.4945,1610444.02,5997.3,99.076,0.0,60.9764,1,15019.2,0.0,13005.353,12991.3041,0.0,0.0,0.0,0.0,0.0,10024.4748,13038.0625,13052.2769,5468.1089,13078.4236,7049.3022,10080.2726,4023.5827,7054.3523,7056.0733,7057.6438,990.1968
2025-10-19 07:00:00,10024.4748,489.5198,1616447.3,6003.28,99.4453,0.0,60.1995,1,15019.2,0.0,10018.2192,13005.353,0.0,0.0,0.0,0.0,0.0,13038.0625,13052.2769,5468.1089,13078.4236,7049.3022,10080.2726,4023.5827,7054.3523,7056.0733,7057.6438,990.1968,4023.8526
2025-10-19 13:00:00,13038.0625,489.5432,1625463.76,9016.46,100.0,0.0,59.4324,1,15019.2,0.0,10024.4748,10018.2192,0.0,0.0,0.0,0.0,0.0,13052.2769,5468.1089,13078.4236,7049.3022,10080.2726,4023.5827,7054.3523,7056.0733,7057.6438,990.1968,4023.8526,7057.6438
2025-10-19 19:00:00,13052.2769,489.5703,1634494.02,9030.26,100.5555,0.0,58.6752,1,15019.2,0.0,13038.0625,10024.4748,0.0,0.0,0.0,0.0,0.0,5468.1089,13078.4236,7049.3022,10080.2726,4023.5827,7054.3523,7056.0733,7057.6438,990.1968,4023.8526,7057.6438,990.1968
2025-10-20 01:00:00,5468.1089,489.5883,1637507.22,3013.2,100.7409,5.2,63.1276,1,15019.2,0.0,13052.2769,13038.0625,0.0,0.0,5.2,5.2,5.2,13078.4236,7049.3022,10080.2726,4023.5827,7054.3523,7056.0733,7057.6438,990.1968,4023.8526,7057.6438,990.1968,991.497
2025-10-20 07:00:00,13078.4236,489.6105,1646562.48,9055.26,101.298,0.0,62.3232,1,15019.2,0.0,5468.1089,13052.2769,5.2,0.0,5.2,5.2,5.2,7049.3022,10080.2726,4023.5827,7054.3523,7056.0733,7057.6438,990.1968,4023.8526,7057.6438,990.1968,991.497,4023.7176
2025-10-20 13:00:00,7049.3022,489.6288,1649588.47,3025.99,101.4842,0.0,61.5291,1,15019.2,0.0,13078.4236,5468.1089,0.0,5.2,5.2,5.2,5.2,10080.2726,4023.5827,7054.3523,7056.0733,7057.6438,990.1968,4023.8526,7057.6438,990.1968,991.497,4023.7176,4023.7176
2025-10-20 19:00:00,10080.2726,489.6432,1655645.16,6056.69,101.8568,0.0,60.7452,1,15019.2,0.0,7049.3022,13078.4236,0.0,0.0,0.0,5.2,5.2,4023.5827,7054.3523,7056.0733,7057.6438,990.1968,4023.8526,7057.6438,990.1968,991.497,4023.7176,4023.7176,992.948
2025-10-21 01:00:00,4023.5827,489.6463,1655645.16,0.0,101.8568,0.0,59.9712,1,15019.2,0.0,10080.2726,7049.3022,0.0,0.0,0.0,5.2,5.2,7054.3523,7056.0733,7057.6438,990.1968,4023.8526,7057.6438,990.1968,991.497,4023.7176,4023.7176,992.948,994.2918
2025-10-21 07:00:00,7054.3523,489.6555,1658675.8,3030.63,102.0432,0.0,59.2071,1,15019.2,0.0,4023.5827,10080.2726,0.0,0.0,0.0,0.0,5.2,7056.0733,7057.6438,990.1968,4023.8526,7057.6438,990.1968,991.497,4023.7176,4023.7176,992.948,994.2918,4023.4471
2025-10-21 13:00:00,7056.0733,489.6682,1661708.02,3032.22,102.2298,0.0,58.4527,1,15019.2,0.0,7054.3523,4023.5827,0.0,0.0,0.0,0.0,5.2,7057.6438,990.1968,4023.8526,7057.6438,990.1968,991.497,4023.7176,4023.7176,992.948,994.2918,4023.4471,4023.4471
2025-10-21 19:00:00,7057.6438,489.6703,1664741.67,3033.66,102.4164,0.0,57.7079,1,15019.2,0.0,7056.0733,7054.3523,0.0,0.0,0.0,0.0,0.0,990.1968,4023.8526,7057.6438,990.1968,991.497,4023.7176,4023.7176,992.948,994.2918,4023.4471,4023.4471,995.7746
2025-10-22 01:00:00,990.1968,489.6675,1661708.02,-3033.66,102.2298,0.0,56.9726,1,15019.2,0.0,7057.6438,7056.0733,0.0,0.0,0.0,0.0,0.0,4023.8526,7057.6438,990.1968,991.497,4023.7176,4023.7176,992.948,994.2918,4023.4471,4023.4471,995.7746,4023.3092
2025-10-22 07:00:00,4023.8526,489.6698,1661708.02,0.0,102.2298,0.0,56.2467,1,15019.2,0.0,990.1968,7057.6438,0.0,0.0,0.0,0.0,0.0,7057.6438,990.1968,991.497,4023.7176,4023.7176,992.948,994.2918,4023.4471,4023.4471,995.7746,4023.3092,997.1718
2025-10-22 13:00:00,7057.6438,489.6742,1664741.67,3033.66,102.4164,0.0,55.5301,1,15019.2,0.0,4023.8526,990.1968,0.0,0.0,0.0,0.0,0.0,990.1968,991.497,4023.7176,4023.7176,992.948,994.2918,4023.4471,4023.4471,995.7746,4023.3092,997.1718,4023.1648
2025-10-22 19:00:00,990.1968,489.6687,1661708.02,-3033.66,102.2298,0.0,54.8225,1,15019.2,0.0,7057.6438,4023.8526,0.0,0.0,0.0,0.0,0.0,991.497,4023.7176,4023.7176,992.948,994.2918,4023.4471,4023.4471,995.7746,4023.3092,997.1718,4023.1648,998.2055
2025-10-23 01:00:00,991.497,489.6572,1658675.8,-3032.22,102.0432,0.0,54.124,1,15019.2,0.0,990.1968,7057.6438,0.0,0.0,0.0,0.0,0.0,4023.7176,4023.7176,992.948,994.2918,4023.4471,4023.4471,995.7746,4023.3092,997.1718,4023.1648,998.2055,1005.9558
2025-10-23 07:00:00,4023.7176,489.6575,1658675.8,0.0,102.0432,0.0,53.4344,1,15019.2,0.0,991.497,990.1968,0.0,0.0,0.0,0.0,0.0,4023.7176,992.948,994.2918,4023.4471,4023.4471,995.7746,4023.3092,997.1718,4023.1648,998.2055,1005.9558,1007.5042
2025-10-23 13:00:00,4023.7176,489.6555,1658675.8,0.0,102.0432,0.0,52.7536,1,15019.2,0.0,4023.7176,991.497,0.0,0.0,0.0,0.0,0.0,992.948,994.2918,4023.4471,4023.4471,995.7746,4023.3092,997.1718,4023.1648,998.2055,1005.9558,1007.5042,4022.1587
2025-10-23 19:00:00,992.948,489.6477,1655645.16,-3030.63,101.8568,0.0,52.0814,1,15019.2,0.0,4023.7176,4023.7176,0.0,0.0,0.0,0.0,0.0,994.2918,4023.4471,4023.4471,995.7746,4023.3092,997.1718,4023.1648,998.2055,1005.9558,1007.5042,4022.1587,4022.1587
2025-10-24 01:00:00,994.2918,489.6398,1652616.01,-3029.16,101.6704,0.0,51.4178,1,15019.2,0.0,992.948,4023.7176,0.0,0.0,0.0,0.0,0.0,4023.4471,4023.4471,995.7746,4023.3092,997.1718,4023.1648,998.2055,1005.9558,1007.5042,4022.1587,4022.1587,1008.8162
2025-10-24 07:00:00,4023.4471,489.638,1652616.01,0.0,101.6704,0.0,50.7627,1,15019.2,0.0,994.2918,992.948,0.0,0.0,0.0,0.0,0.0,4023.4471,995.7746,4023.3092,997.1718,4023.1648,998.2055,1005.9558,1007.5042,4022.1587,4022.1587,1008.8162,1010.259
2025-10-24 13:00:00,4023.4471,489.6365,1652616.01,0.0,101.6704,0.0,50.1159,1,15019.2,0.0,4023.4471,994.2918,0.0,0.0,0.0,0.0,0.0,995.7746,4023.3092,997.1718,4023.1648,998.2055,1005.9558,1007.5042,4022.1587,4022.1587,1008.8162,1010.259,4021.8803
2025-10-24 19:00:00,995.7746,489.6278,1649588.47,-3027.53,101.4842,0.0,49.4773,1,15019.2,0.0,4023.4471,4023.4471,0.0,0.0,0.0,0.0,0.0,4023.3092,997.1718,4023.1648,998.2055,1005.9558,1007.5042,4022.1587,4022.1587,1008.8162,1010.259,4021.8803,1011.6522
2025-10-25 01:00:00,4023.3092,489.6212,1649588.47,0.0,101.4842,0.0,48.8469,1,15019.2,0.0,995.7746,4023.4471,0.0,0.0,0.0,0.0,0.0,997.1718,4023.1648,998.2055,1005.9558,1007.5042,4022.1587,4022.1587,1008.8162,1010.259,4021.8803,1011.6522,1013.0567
2025-10-25 07:00:00,997.1718,489.6128,1646562.48,-3025.99,101.298,0.0,48.2245,1,15019.2,0.0,4023.3092,995.7746,0.0,0.0,0.0,0.0,0.0,4023.1648,998.2055,1005.9558,1007.5042,4022.1587,4022.1587,1008.8162,1010.259,4021.8803,1011.6522,1013.0567,4021.6035
2025-10-25 13:00:00,4023.1648,489.6105,1646562.48,0.0,101.298,0.0,47.6101,1,15019.2,0.0,997.1718,4023.3092,0.0,0.0,0.0,0.0,0.0,998.2055,1005.9558,1007.5042,4022.1587,4022.1587,1008.8162,1010.259,4021.8803,1011.6522,1013.0567,4021.6035,4021.6035
2025-10-25 19:00:00,998.2055,489.6007,1643538.22,-3024.26,101.112,0.0,47.0035,1,15019.2,0.0,4023.1648,997.1718,0.0,0.0,0.0,0.0,0.0,1005.9558,1007.5042,4022.1587,4022.1587,1008.8162,1010.259,4021.8803,1011.6522,1013.0567,4021.6035,4021.6035,1014.4797
2025-10-26 01:00:00,1005.9558,489.5928,1640521.87,-3016.34,100.9264,0.0,46.4046,1,15019.2,0.0,998.2055,4023.1648,0.0,0.0,0.0,0.0,0.0,1007.5042,4022.1587,4022.1587,1008.8162,1010.259,4021.8803,1011.6522,1013.0567,4021.6035,4021.6035,1014.4797,1015.8729
2025-10-26 07:00:00,1007.5042,489.5885,1637507.22,-3014.65,100.7409,0.0,45.8133,1,15019.2,0.0,1005.9558,998.2055,0.0,0.0,0.0,0.0,0.0,4022.1587,4022.1587,1008.8162,1010.259,4021.8803,1011.6522,1013.0567,4021.6035,4021.6035,1014.4797,1015.8729,4021.3287
2025-10-26 13:00:00,4022.1587,489.586,1637507.22,0.0,100.7409,0.0,45.2296,1,15019.2,0.0,1007.5042,1005.9558,0.0,0.0,0.0,0.0,0.0,4022.1587,1008.8162,1010.259,4021.8803,1011.6522,1013.0567,4021.6035,4021.6035,1014.4797,1015.8729,4021.3287,4021.3287
2025-10-26 19:00:00,4022.1587,489.5807,1637507.22,0.0,100.7409,0.0,44.6533,1,15019.2,0.0,4022.1587,1007.5042,0.0,0.0,0.0,0.0,0.0,1008.8162,1010.259,4021.8803,1011.6522,1013.0567,4021.6035,4021.6035,1014.4797,1015.8729,4021.3287,4021.3287,1017.1751
2025-10-27 01:00:00,1008.8162,489.572,1634494.02,-3013.2,100.5555,0.0,44.0843,1,15019.2,0.0,4022.1587,4022.1587,0.0,0.0,0.0,0.0,0.0,1010.259,4021.8803,1011.6522,1013.0567,4021.6035,4021.6035,1014.4797,1015.8729,4021.3287,4021.3287,1017.1751,1018.688
2025-10-27 07:00:00,1010.259,489.5645,1631482.4,-3011.62,100.3703,0.0,43.5226,1,15019.2,0.0,1008.8162,4022.1587,0.0,0.0,0.0,0.0,0.0,4021.8803,1011.6522,1013.0567,4021.6035,4021.6035,1014.4797,1015.8729,4021.3287,4021.3287,1017.1751,1018.688,4021.056
2025-10-27 13:00:00,4021.8803,489.5635,1631482.4,0.0,100.3703,0.0,42.9681,1,15019.2,0.0,1010.259,1008.8162,0.0,0.0,0.0,0.0,0.0,1011.6522,1013.0567,4021.6035,4021.6035,1014.4797,1015.8729,4021.3287,4021.3287,1017.1751,1018.688,4021.056,4021.056
2025-10-27 19:00:00,1011.6522,489.5552,1628472.31,-3010.09,100.1851,0.0,42.4206,1,15019.2,0.0,4021.8803,1010.259,0.0,0.0,0.0,0.0,0.0,1013.0567,4021.6035,4021.6035,1014.4797,1015.8729,4021.3287,4021.3287,1017.1751,1018.688,4021.056,4021.056,1020.0058
2025-10-28 01:00:00,1013.0567,489.5488,1625463.76,-3008.55,100.0,0.0,41.8801,1,15019.2,0.0,1011.6522,4021.8803,0.0,0.0,0.0,0.0,0.0,4021.6035,4021.6035,1014.4797,1015.8729,4021.3287,4021.3287,1017.1751,1018.688,4021.056,4021.056,1020.0058,1021.361
2025-10-28 07:00:00,4021.6035,489.5417,1625463.76,0.0,100.0,0.0,41.3465,1,15019.2,0.0,1013.0567,1011.6522,0.0,0.0,0.0,0.0,0.0,4021.6035,1014.4797,1015.8729,4021.3287,4021.3287,1017.1751,1018.688,4021.056,4021.056,1020.0058,1021.361,4020.7853
2025-10-28 13:00:00,4021.6035,489.5418,1625463.76,0.0,100.0,0.0,40.8197,1,15019.2,0.0,4021.6035,1013.0567,0.0,0.0,0.0,0.0,0.0,1014.4797,1015.8729,4021.3287,4021.3287,1017.1751,1018.688,4021.056,4021.056,1020.0058,1021.361,4020.7853,4020.7853
2025-10-28 19:00:00,1014.4797,489.5342,1622456.77,-3006.99,99.815,0.0,40.2996,1,15019.2,0.0,4021.6035,4021.6035,0.0,0.0,0.0,0.0,0.0,1015.8729,4021.3287,4021.3287,1017.1751,1018.688,4021.056,4021.056,1020.0058,1021.361,4020.7853,4020.7853,183.5813
2025-10-29 01:00:00,1015.8729,489.5267,1619451.32,-3005.46,99.6301,0.0,39.7861,1,15019.2,0.0,1014.4797,4021.6035,0.0,0.0,0.0,0.0,0.0,4021.3287,4021.3287,1017.1751,1018.688,4021.056,4021.056,1020.0058,1021.361,4020.7853,4020.7853,183.5813,1489.8722
2025-10-29 07:00:00,4021.3287,489.5223,1619451.32,0.0,99.6301,0.0,39.2792,1,15019.2,0.0,1015.8729,1014.4797,0.0,0.0,0.0,0.0,0.0,4021.3287,1017.1751,1018.688,4021.056,4021.056,1020.0058,1021.361,4020.7853,4020.7853,183.5813,1489.8722,0.0
2025-10-29 13:00:00,4021.3287,489.524,1619451.32,0.0,99.6301,0.0,38.7787,1,15019.2,0.0,4021.3287,1015.8729,0.0,0.0,0.0,0.0,0.0,1017.1751,1018.688,4021.056,4021.056,1020.0058,1021.361,4020.7853,4020.7853,183.5813,1489.8722,0.0,7784.9142
2025-10-29 19:00:00,1017.1751,489.5137,1616447.3,-3004.02,99.4453,0.0,38.2846,1,15019.2,0.0,4021.3287,4021.3287,0.0,0.0,0.0,0.0,0.0,1018.688,4021.056,4021.056,1020.0058,1021.361,4020.7853,4020.7853,183.5813,1489.8722,0.0,7784.9142,3407.6871
2025-10-30 01:00:00,1018.688,489.5095,1613444.93,-3002.37,99.2606,0.0,37.7968,1,15019.2,0.0,1017.1751,4021.3287,0.0,0.0,0.0,0.0,0.0,4021.056,4021.056,1020.0058,1021.361,4020.7853,4020.7853,183.5813,1489.8722,0.0,7784.9142,3407.6871,1008.1609
2025-10-30 07:00:00,4021.056,489.5018,1613444.93,0.0,99.2606,0.0,37.3152,1,15019.2,0.0,1018.688,1017.1751,0.0,0.0,0.0,0.0,0.0,4021.056,1020.0058,1021.361,4020.7853,4020.7853,183.5813,1489.8722,0.0,7784.9142,3407.6871,1008.1609,4007.5852
2025-10-30 13:00:00,4021.056,489.504,1613444.93,0.0,99.2606,0.0,36.8398,1,15019.2,0.0,4021.056,1018.688,0.0,0.0,0.0,0.0,0.0,1020.0058,1021.361,4020.7853,4020.7853,183.5813,1489.8722,0.0,7784.9142,3407.6871,1008.1609,4007.5852,3947.6127
2025-10-30 19:00:00,1020.0058,489.4972,1610444.02,-3000.91,99.076,0.0,36.3704,1,15019.2,0.0,4021.056,4021.056,0.0,0.0,0.0,0.0,0.0,1021.361,4020.7853,4020.7853,183.5813,1489.8722,0.0,7784.9142,3407.6871,1008.1609,4007.5852,3947.6127,0.0
2025-10-31 01:00:00,1021.361,489.489,1607444.59,-2999.42,98.8914,0.0,35.907,1,15019.2,0.0,1020.0058,4021.056,0.0,0.0,0.0,0.0,0.0,4020.7853,4020.7853,183.5813,1489.8722,0.0,7784.9142,3407.6871,1008.1609,4007.5852,3947.6127,0.0,3887.5045
2025-10-31 07:00:00,4020.7853,489.485,1607444.59,0.0,98.8914,0.0,35.4495,1,15019.2,0.0,1021.361,1020.0058,0.0,0.0,0.0,0.0,0.0,4020.7853,183.5813,1489.8722,0.0,7784.9142,3407.6871,1008.1609,4007.5852,3947.6127,0.0,3887.5045,1012.3303
2025-10-31 13:00:00,4020.7853,489.4848,1607444.59,0.0,98.8914,0.0,34.9978,1,15019.2,0.0,4020.7853,1021.361,0.0,0.0,0.0,0.0,0.0,183.5813,1489.8722,0.0,7784.9142,3407.6871,1008.1609,4007.5852,3947.6127,0.0,3887.5045,1012.3303,4007.2025
2025-10-31 19:00:00,183.5813,489.4747,1604446.72,-2997.87,98.707,2.8,37.3519,1,15019.2,0.0,4020.7853,4020.7853,0.0,0.0,2.8,2.8,2.8,1489.8722,0.0,7784.9142,3407.6871,1008.1609,4007.5852,3947.6127,0.0,3887.5045,1012.3303,4007.2025,4007.2025
2025-11-01 01:00:00,1489.8722,489.47,1604446.72,0.0,98.707,8.4,45.2759,1,15019.2,0.0,183.5813,4020.7853,2.8,0.0,11.2,11.2,11.2,0.0,7784.9142,3407.6871,1008.1609,4007.5852,3947.6127,0.0,3887.5045,1012.3303,4007.2025,4007.2025,1013.6194
2025-11-01 07:00:00,0.0,489.4738,1604446.72,0.0,98.707,14.0,58.6991,1,15019.2,0.0,1489.8722,183.5813,8.4,2.8,25.2,25.2,25.2,7784.9142,3407.6871,1008.1609,4007.5852,3947.6127,0.0,3887.5045,1012.3303,4007.2025,4007.2025,1013.6194,1015.0588
2025-11-01 13:00:00,7784.9142,489.491,1610444.02,5997.3,99.076,7.4,65.3512,1,15019.2,0.0,0.0,1489.8722,14.0,8.4,29.799999999999997,32.6,32.6,3407.6871,1008.1609,4007.5852,3947.6127,0.0,3887.5045,1012.3303,4007.2025,4007.2025,1013.6194,1015.0588,6998.965
2025-11-01 19:00:00,3407.6871,489.4905,1610444.02,0.0,99.076,2.0,66.5185,1,15019.2,0.0,7784.9142,0.0,7.4,14.0,23.4,34.6,34.6,1008.1609,4007.5852,3947.6127,0.0,3887.5045,1012.3303,4007.2025,4007.2025,1013.6194,1015.0588,6998.965,1015.0588
2025-11-02 01:00:00,1008.1609,489.486,1607444.59,-2999.42,98.8914,0.0,65.6709,1,15019.2,0.0,3407.6871,7784.9142,2.0,7.4,9.4,31.799999999999997,34.6,4007.5852,3947.6127,0.0,3887.5045,1012.3303,4007.2025,4007.2025,1013.6194,1015.0588,6998.965,1015.0588,4006.9483
2025-11-02 07:00:00,4007.5852,489.482,1607444.59,0.0,98.8914,0.0,64.8342,1,15019.2,0.0,1008.1609,3407.6871,0.0,2.0,2.0,23.4,34.6,3947.6127,0.0,3887.5045,1012.3303,4007.2025,4007.2025,1013.6194,1015.0588,6998.965,1015.0588,4006.9483,1492.4915
2025-11-02 13:00:00,3947.6127,489.4808,1607444.59,0.0,98.8914,0.2,64.2081,1,15019.2,0.0,4007.5852,1008.1609,0.0,0.0,0.2,9.6,31.999999999999996,0.0,3887.5045,1012.3303,4007.2025,4007.2025,1013.6194,1015.0588,6998.965,1015.0588,4006.9483,1492.4915,9875.8329
2025-11-02 19:00:00,0.0,489.4698,1601450.34,-5994.25,98.5227,0.0,63.39,1,15019.2,0.0,3947.6127,4007.5852,0.2,0.0,0.2,2.2,23.599999999999998,3887.5045,1012.3303,4007.2025,4007.2025,1013.6194,1015.0588,6998.965,1015.0588,4006.9483,1492.4915,9875.8329,4007.3297
2025-11-03 01:00:00,3887.5045,489.4632,1601450.34,0.0,98.5227,0.4,62.9823,1,15019.2,0.0,0.0,3947.6127,0.0,0.2,0.6000000000000001,0.6000000000000001,10.0,1012.3303,4007.2025,4007.2025,1013.6194,1015.0588,6998.965,1015.0588,4006.9483,1492.4915,9875.8329,4007.3297,1012.3303
2025-11-03 07:00:00,1012.3303,489.455,1598455.47,-2994.87,98.3384,0.0,62.1798,1,15019.2,0.0,3887.5045,0.0,0.4,0.0,0.4,0.6000000000000001,2.6,4007.2025,4007.2025,1013.6194,1015.0588,6998.965,1015.0588,4006.9483,1492.4915,9875.8329,4007.3297,1012.3303,4007.2025
2025-11-03 13:00:00,4007.2025,489.4527,1598455.47,0.0,98.3384,0.0,61.3876,1,15019.2,0.0,1012.3303,3887.5045,0.0,0.4,0.4,0.6000000000000001,0.6000000000000001,4007.2025,1013.6194,1015.0588,6998.965,1015.0588,4006.9483,1492.4915,9875.8329,4007.3297,1012.3303,4007.2025,4640.6019
2025-11-03 19:00:00,4007.2025,489.4535,1598455.47,0.0,98.3384,0.0,60.6054,1,15019.2,0.0,4007.2025,1012.3303,0.0,0.0,0.0,0.4,0.6000000000000001,1013.6194,1015.0588,6998.965,1015.0588,4006.9483,1492.4915,9875.8329,4007.3297,1012.3303,4007.2025,4640.6019,0.0
2025-11-04 01:00:00,1013.6194,489.4438,1595462.02,-2993.46,98.1543,0.0,59.8332,1,15019.2,0.0,4007.2025,4007.2025,0.0,0.0,0.0,0.4,0.6000000000000001,1015.0588,6998.965,1015.0588,4006.9483,1492.4915,9875.8329,4007.3297,1012.3303,4007.2025,4640.6019,0.0,1645.6025
2025-11-04 07:00:00,1015.0588,489.4392,1592470.13,-2991.89,97.9702,0.0,59.0709,1,15019.2,0.0,1013.6194,4007.2025,0.0,0.0,0.0,0.0,0.4,6998.965,1015.0588,4006.9483,1492.4915,9875.8329,4007.3297,1012.3303,4007.2025,4640.6019,0.0,1645.6025,0.0
2025-11-04 13:00:00,6998.965,489.4435,1595462.02,2991.89,98.1543,0.0,58.3182,1,15019.2,0.0,1015.0588,1013.6194,0.0,0.0,0.0,0.0,0.4,1015.0588,4006.9483,1492.4915,9875.8329,4007.3297,1012.3303,4007.2025,4640.6019,0.0,1645.6025,0.0,3245.8586
2025-11-04 19:00:00,1015.0588,489.4375,1592470.13,-2991.89,97.9702,0.0,57.5751,1,15019.2,0.0,6998.965,1015.0588,0.0,0.0,0.0,0.0,0.0,4006.9483,1492.4915,9875.8329,4007.3297,1012.3303,4007.2025,4640.6019,0.0,1645.6025,0.0,3245.8586,252.4025
2025-11-05 01:00:00,4006.9483,489.431,1592470.13,0.0,97.9702,0.0,56.8416,1,15019.2,0.0,1015.0588,6998.965,0.0,0.0,0.0,0.0,0.0,1492.4915,9875.8329,4007.3297,1012.3303,4007.2025,4640.6019,0.0,1645.6025,0.0,3245.8586,252.4025,192.5197
2025-11-05 07:00:00,1492.4915,489.4413,1595462.02,2991.89,98.1543,18.4,74.5173,1,15019.2,0.0,4006.9483,1015.0588,0.0,0.0,18.4,18.4,18.4,9875.8329,4007.3297,1012.3303,4007.2025,4640.6019,0.0,1645.6025,0.0,3245.8586,252.4025,192.5197,3187.4893
2025-11-05 13:00:00,9875.8329,489.4648,1601450.34,5988.33,98.5227,0.4,73.9678,1,15019.2,0.0,1492.4915,4006.9483,18.4,0.0,18.799999999999997,18.799999999999997,18.799999999999997,4007.3297,1012.3303,4007.2025,4640.6019,0.0,1645.6025,0.0,3245.8586,252.4025,192.5197,3187.4893,3069.2036
2025-11-05 19:00:00,4007.3297,489.4623,1601450.34,0.0,98.5227,0.0,73.0254,1,15019.2,0.0,9875.8329,1492.4915,0.4,18.4,18.799999999999997,18.799999999999997,18.799999999999997,1012.3303,4007.2025,4640.6019,0.0,1645.6025,0.0,3245.8586,252.4025,192.5197,3187.4893,3069.2036,3118.964
2025-11-06 01:00:00,1012.3303,489.457,1598455.47,-2994.87,98.3384,0.0,72.0949,1,15019.2,0.0,4007.3297,9875.8329,0.0,0.4,0.4,18.799999999999997,18.799999999999997,4007.2025,4640.6019,0.0,1645.6025,0.0,3245.8586,252.4025,192.5197,3187.4893,3069.2036,3118.964,36449.2892
2025-11-06 07:00:00,4007.2025,489.4572,1598455.47,0.0,98.3384,0.0,71.1763,1,15019.2,0.0,1012.3303,4007.3297,0.0,0.0,0.0,18.799999999999997,18.799999999999997,4640.6019,0.0,1645.6025,0.0,3245.8586,252.4025,192.5197,3187.4893,3069.2036,3118.964,36449.2892,5893.9464
2025-11-06 13:00:00,4640.6019,489.4618,1601450.34,2994.87,98.5227,0.0,70.2695,1,5572.8,0.0,4007.2025,1012.3303,0.0,0.0,0.0,0.4,18.799999999999997,0.0,1645.6025,0.0,3245.8586,252.4025,192.5197,3187.4893,3069.2036,3118.964,36449.2892,5893.9464,3956.7286
2025-11-06 19:00:00,0.0,489.4567,1598455.47,-2994.87,98.3384,0.0,69.3741,1,5572.8,0.0,4640.6019,4007.2025,0.0,0.0,0.0,0.0,18.799999999999997,1645.6025,0.0,3245.8586,252.4025,192.5197,3187.4893,3069.2036,3118.964,36449.2892,5893.9464,3956.7286,9108.862540439142
2025-11-07 01:00:00,1645.6025,489.45,1598455.47,0.0,98.3384,0.0,68.4902,1,5572.8,0.0,0.0,4640.6019,0.0,0.0,0.0,0.0,0.4,0.0,3245.8586,252.4025,192.5197,3187.4893,3069.2036,3118.964,36449.2892,5893.9464,3956.7286,9108.862540439142,1078.4069600183395
2025-11-07 07:00:00,0.0,489.446,1595462.02,-2993.46,98.1543,0.0,67.6175,1,5572.8,0.0,1645.6025,0.0,0.0,0.0,0.0,0.0,0.0,3245.8586,252.4025,192.5197,3187.4893,3069.2036,3118.964,36449.2892,5893.9464,3956.7286,9108.862540439142,1078.4069600183395,4468.1753014895485
2025-11-07 13:00:00,3245.8586,489.4527,1598455.47,2993.46,98.3384,0.0,66.756,0,0.0,0.0,0.0,1645.6025,0.0,0.0,0.0,0.0,0.0,252.4025,192.5197,3187.4893,3069.2036,3118.964,36449.2892,5893.9464,3956.7286,9108.862540439142,1078.4069600183395,4468.1753014895485,2203.815239728844
2025-11-07 19:00:00,252.4025,489.4512,1598455.47,0.0,98.3384,0.0,65.9054,0,0.0,0.0,3245.8586,0.0,0.0,0.0,0.0,0.0,0.0,192.5197,3187.4893,3069.2036,3118.964,36449.2892,5893.9464,3956.7286,9108.862540439142,1078.4069600183395,4468.1753014895485,2203.815239728844,1928.647434728046
2025-11-08 01:00:00,192.5197,489.454,1598455.47,0.0,98.3384,0.2,65.2657,0,0.0,0.0,252.4025,3245.8586,0.0,0.0,0.2,0.2,0.2,3187.4893,3069.2036,3118.964,36449.2892,5893.9464,3956.7286,9108.862540439142,1078.4069600183395,4468.1753014895485,2203.815239728844,1928.647434728046,1407.089556194172
2025-11-08 07:00:00,3187.4893,489.4617,1601450.34,2994.87,98.5227,0.2,64.6341,0,0.0,0.0,192.5197,252.4025,0.2,0.0,0.4,0.4,0.4,3069.2036,3118.964,36449.2892,5893.9464,3956.7286,9108.862540439142,1078.4069600183395,4468.1753014895485,2203.815239728844,1928.647434728046,1407.089556194172,0.0
2025-11-08 13:00:00,3069.2036,489.4768,1604446.72,2996.37,98.707,0.6,64.4106,0,0.0,0.0,3187.4893,192.5197,0.2,0.2,1.0,1.0,1.0,3118.964,36449.2892,5893.9464,3956.7286,9108.862540439142,1078.4069600183395,4468.1753014895485,2203.815239728844,1928.647434728046,1407.089556194172,0.0,1140.49197756391
2025-11-08 19:00:00,3118.964,489.5253,1619451.32,15004.6,99.6301,40.4,103.9899,0,0.0,0.0,3069.2036,3187.4893,0.6,0.2,41.199999999999996,41.4,41.4,36449.2892,5893.9464,3956.7286,9108.862540439142,1078.4069600183395,4468.1753014895485,2203.815239728844,1928.647434728046,1407.089556194172,0.0,1140.49197756391,721.5908760426291
2025-11-09 01:00:00,36449.2892,489.6438,1655645.16,36193.84,101.8568,0.0,102.6649,0,0.0,0.0,3118.964,3069.2036,40.4,0.6,41.0,41.4,41.4,5893.9464,3956.7286,9108.862540439142,1078.4069600183395,4468.1753014895485,2203.815239728844,1928.647434728046,1407.089556194172,0.0,1140.49197756391,721.5908760426291,0.0
2025-11-09 07:00:00,5893.9464,489.6683,1661708.02,6062.86,102.2298,1.4,102.7568,0,0.0,0.0,36449.2892,3118.964,0.0,40.4,41.8,42.599999999999994,42.8,3956.7286,9108.862540439142,1078.4069600183395,4468.1753014895485,2203.815239728844,1928.647434728046,1407.089556194172,0.0,1140.49197756391,721.5908760426291,0.0,0.0
2025-11-09 13:00:00,3956.7286,489.69,1667776.83,6068.81,102.6031,7.8,109.2475,0,0.0,0.0,5893.9464,36449.2892,1.4,0.0,9.2,50.199999999999996,50.599999999999994,9108.862540439142,1078.4069600183395,4468.1753014895485,2203.815239728844,1928.647434728046,1407.089556194172,0.0,1140.49197756391,721.5908760426291,0.0,0.0,3294.968503844705
2025-11-09 19:00:00,9108.862540439142,489.7103,1676891.46,9114.63,103.1639,1.6,109.4556,0,0.0,224.36644043914305,3956.7286,5893.9464,7.8,1.4,10.799999999999999,51.199999999999996,51.99999999999999,1078.4069600183395,4468.1753014895485,2203.815239728844,1928.647434728046,1407.089556194172,0.0,1140.49197756391,721.5908760426291,0.0,0.0,3294.968503844705,0.0
2025-11-10 01:00:00,1078.4069600183395,489.7175,1676891.46,0.0,103.1639,0.0,108.0609,0,0.0,822.0507600183394,9108.862540439142,3956.7286,1.6,7.8,9.4,10.799999999999999,51.8,4468.1753014895485,2203.815239728844,1928.647434728046,1407.089556194172,0.0,1140.49197756391,721.5908760426291,0.0,0.0,3294.968503844705,0.0,0.0
2025-11-10 07:00:00,4468.1753014895485,489.721,1679932.84,3041.38,103.351,0.0,106.6841,0,0.0,1170.3162014895483,1078.4069600183395,9108.862540439142,0.0,1.6,1.6,10.799999999999999,51.199999999999996,2203.815239728844,1928.647434728046,1407.089556194172,0.0,1140.49197756391,721.5908760426291,0.0,0.0,3294.968503844705,0.0,0.0,255.9596
2025-11-10 13:00:00,2203.815239728844,489.7267,1679932.84,0.0,103.351,0.0,105.3248,0,0.0,1947.3336397288442,4468.1753014895485,1078.4069600183395,0.0,0.0,0.0,9.4,10.799999999999999,1928.647434728046,1407.089556194172,0.0,1140.49197756391,721.5908760426291,0.0,0.0,3294.968503844705,0.0,0.0,255.9596,255.9596
2025-11-10 19:00:00,1928.647434728046,489.7248,1679932.84,0.0,103.351,0.0,103.9828,0,0.0,1672.1678347280454,2203.815239728844,4468.1753014895485,0.0,0.0,0.0,1.6,10.799999999999999,1407.089556194172,0.0,1140.49197756391,721.5908760426291,0.0,0.0,3294.968503844705,0.0,0.0,255.9596,255.9596,255.9596
2025-11-11 01:00:00,1407.089556194172,489.7208,1679932.84,0.0,103.351,0.0,102.6579,0,0.0,1150.6033561941724,1928.647434728046,2203.815239728844,0.0,0.0,0.0,0.0,9.4,0.0,1140.49197756391,721.5908760426291,0.0,0.0,3294.968503844705,0.0,0.0,255.9596,255.9596,255.9596,0.0
2025-11-11 07:00:00,0.0,489.7157,1676891.46,-3041.38,103.1639,0.0,101.3499,0,0.0,632.6475210342895,1407.089556194172,1928.647434728046,0.0,0.0,0.0,0.0,1.6,1140.49197756391,721.5908760426291,0.0,0.0,3294.968503844705,0.0,0.0,255.9596,255.9596,255.9596,0.0,255.8302
2025-11-11 13:00:00,1140.49197756391,489.7183,1676891.46,0.0,103.1639,0.0,100.0585,0,0.0,884.1437775639099,0.0,1407.089556194172,0.0,0.0,0.0,0.0,0.0,721.5908760426291,0.0,0.0,3294.968503844705,0.0,0.0,255.9596,255.9596,255.9596,0.0,255.8302,255.8302
2025-11-11 19:00:00,721.5908760426291,489.7132,1676891.46,0.0,103.1639,0.0,98.7836,0,0.0,465.2437760426291,1140.49197756391,0.0,0.0,0.0,0.0,0.0,0.0,0.0,0.0,3294.968503844705,0.0,0.0,255.9596,255.9596,255.9596,0.0,255.8302,255.8302,255.8302
2025-11-12 01:00:00,0.0,489.7028,1673851.74,-3039.72,102.9769,0.0,97.525,0,0.0,0.648002836590059,721.5908760426291,1140.49197756391,0.0,0.0,0.0,0.0,0.0,0.0,3294.968503844705,0.0,0.0,255.9596,255.9596,255.9596,0.0,255.8302,255.8302,255.8302,0.0
2025-11-12 07:00:00,0.0,489.6987,1670813.48,-3038.26,102.79,0.0,96.2824,0,0.0,0.3240007313922278,0.0,721.5908760426291,0.0,0.0,0.0,0.0,0.0,3294.968503844705,0.0,0.0,255.9596,255.9596,255.9596,0.0,255.8302,255.8302,255.8302,0.0,255.7015
2025-11-12 13:00:00,3294.968503844705,489.7032,1673851.74,3038.26,102.9769,0.0,95.0556,0,0.0,0.4860038447049262,0.0,0.0,0.0,0.0,0.0,0.0,0.0,0.0,0.0,255.9596,255.9596,255.9596,0.0,255.8302,255.8302,255.8302,0.0,255.7015,255.7015
2025-11-12 19:00:00,0.0,489.6987,1670813.48,-3038.26,102.79,0.0,93.8445,0,0.0,0.21600323520602524,3294.968503844705,0.0,0.0,0.0,0.0,0.0,0.0,0.0,255.9596,255.9596,255.9596,0.0,255.8302,255.8302,255.8302,0.0,255.7015,255.7015,255.7015
2025-11-13 01:00:00,0.0,489.688,1667776.83,-3036.65,102.6031,0.0,92.6487,0,0.0,0.0,0.0,3294.968503844705,0.0,0.0,0.0,0.0,0.0,255.9596,255.9596,255.9596,0.0,255.8302,255.8302,255.8302,0.0,255.7015,255.7015,255.7015,255.7015
2025-11-13 07:00:00,255.9596,489.684,1667776.83,0.0,102.6031,0.0,91.4683,0,0.0,0.0,0.0,0.0,0.0,0.0,0.0,0.0,0.0,255.9596,255.9596,0.0,255.8302,255.8302,255.8302,0.0,255.7015,255.7015,255.7015,255.7015,0.0
2025-11-13 13:00:00,255.9596,489.6858,1667776.83,0.0,102.6031,0.0,90.3028,0,0.0,0.0,255.9596,0.0,0.0,0.0,0.0,0.0,0.0,255.9596,0.0,255.8302,255.8302,255.8302,0.0,255.7015,255.7015,255.7015,255.7015,0.0,255.5731
2025-11-13 19:00:00,255.9596,489.6867,1667776.83,0.0,102.6031,0.0,89.1522,0,0.0,0.0,255.9596,255.9596,0.0,0.0,0.0,0.0,0.0,0.0,255.8302,255.8302,255.8302,0.0,255.7015,255.7015,255.7015,255.7015,0.0,255.5731,255.5731
2025-11-14 01:00:00,0.0,489.6763,1664741.67,-3035.16,102.4164,0.0,88.0163,0,0.0,0.0,255.9596,255.9596,0.0,0.0,0.0,0.0,0.0,255.8302,255.8302,255.8302,0.0,255.7015,255.7015,255.7015,255.7015,0.0,255.5731,255.5731,255.5731
2025-11-14 07:00:00,255.8302,489.672,1664741.67,0.0,102.4164,0.0,86.8949,0,0.0,0.0,0.0,255.9596,0.0,0.0,0.0,0.0,0.0,255.8302,255.8302,0.0,255.7015,255.7015,255.7015,255.7015,0.0,255.5731,255.5731,255.5731,255.5731
2025-11-14 13:00:00,255.8302,489.6763,1664741.67,0.0,102.4164,0.0,85.7877,0,0.0,0.0,255.8302,0.0,0.0,0.0,0.0,0.0,0.0,255.8302,0.0,255.7015,255.7015,255.7015,255.7015,0.0,255.5731,255.5731,255.5731,255.5731,255.5731
2025-11-14 19:00:00,255.8302,489.6735,1664741.67,0.0,102.4164,0.0,84.6946,0,0.0,0.0,255.8302,255.8302,0.0,0.0,0.0,0.0,0.0,0.0,255.7015,255.7015,255.7015,255.7015,0.0,255.5731,255.5731,255.5731,255.5731,255.5731,255.5731
2025-11-15 01:00:00,0.0,489.6672,1661708.02,-3033.66,102.2298,0.0,83.6155,0,0.0,0.0,255.8302,255.8302,0.0,0.0,0.0,0.0,0.0,255.7015,255.7015,255.7015,255.7015,0.0,255.5731,255.5731,255.5731,255.5731,255.5731,255.5731,0.0
2025-11-15 07:00:00,255.7015,489.6663,1661708.02,0.0,102.2298,0.0,82.5501,0,0.0,0.0,0.0,255.8302,0.0,0.0,0.0,0.0,0.0,255.7015,255.7015,255.7015,0.0,255.5731,255.5731,255.5731,255.5731,255.5731,255.5731,0.0,2234.2155337247677
2025-11-15 13:00:00,255.7015,489.6648,1661708.02,0.0,102.2298,0.0,81.4983,0,0.0,0.0,255.7015,0.0,0.0,0.0,0.0,0.0,0.0,255.7015,255.7015,0.0,255.5731,255.5731,255.5731,255.5731,255.5731,255.5731,0.0,2234.2155337247677,30138.11444692844
2025-11-15 19:00:00,255.7015,489.6622,1661708.02,0.0,102.2298,0.0,80.4599,0,0.0,0.0,255.7015,255.7015,0.0,0.0,0.0,0.0,0.0,255.7015,0.0,255.5731,255.5731,255.5731,255.5731,255.5731,255.5731,0.0,2234.2155337247677,30138.11444692844,21694.71350020048
2025-11-16 01:00:00,255.7015,489.664,1661708.02,0.0,102.2298,0.0,79.4347,0,0.0,0.0,255.7015,255.7015,0.0,0.0,0.0,0.0,0.0,0.0,255.5731,255.5731,255.5731,255.5731,255.5731,255.5731,0.0,2234.2155337247677,30138.11444692844,21694.71350020048,31569.348164451072
2025-11-16 07:00:00,0.0,489.6583,1658675.8,-3032.22,102.0432,0.0,78.4226,0,0.0,0.0,255.7015,255.7015,0.0,0.0,0.0,0.0,0.0,255.5731,255.5731,255.5731,255.5731,255.5731,255.5731,0.0,2234.2155337247677,30138.11444692844,21694.71350020048,31569.348164451072,61270.180840880785
2025-11-16 13:00:00,255.5731,489.6565,1658675.8,0.0,102.0432,0.0,77.4234,0,0.0,0.0,0.0,255.7015,0.0,0.0,0.0,0.0,0.0,255.5731,255.5731,255.5731,255.5731,255.5731,0.0,2234.2155337247677,30138.11444692844,21694.71350020048,31569.348164451072,61270.180840880785,72041.33044926827
2025-11-16 19:00:00,255.5731,489.6593,1658675.8,0.0,102.0432,0.0,76.4369,0,0.0,0.0,255.5731,0.0,0.0,0.0,0.0,0.0,0.0,255.5731,255.5731,255.5731,255.5731,0.0,2234.2155337247677,30138.11444692844,21694.71350020048,31569.348164451072,61270.180840880785,72041.33044926827,94316.67660030084
2025-11-17 01:00:00,255.5731,489.6533,1658675.8,0.0,102.0432,0.0,75.463,0,0.0,0.0,255.5731,255.5731,0.0,0.0,0.0,0.0,0.0,255.5731,255.5731,255.5731,0.0,2234.2155337247677,30138.11444692844,21694.71350020048,31569.348164451072,61270.180840880785,72041.33044926827,94316.67660030084,92662.40830257315
2025-11-17 07:00:00,255.5731,489.6543,1658675.8,0.0,102.0432,0.0,74.5015,0,0.0,0.0,255.5731,255.5731,0.0,0.0,0.0,0.0,0.0,255.5731,255.5731,0.0,2234.2155337247677,30138.11444692844,21694.71350020048,31569.348164451072,61270.180840880785,72041.33044926827,94316.67660030084,92662.40830257315,74338.66502487907
2025-11-17 13:00:00,255.5731,489.6567,1658675.8,0.0,102.0432,0.0,73.5522,0,0.0,0.0,255.5731,255.5731,0.0,0.0,0.0,0.0,0.0,255.5731,0.0,2234.2155337247677,30138.11444692844,21694.71350020048,31569.348164451072,61270.180840880785,72041.33044926827,94316.67660030084,92662.40830257315,74338.66502487907,67011.07927542525
2025-11-17 19:00:00,255.5731,489.657,1658675.8,0.0,102.0432,0.0,72.6151,0,0.0,0.0,255.5731,255.5731,0.0,0.0,0.0,0.0,0.0,0.0,2234.2155337247677,30138.11444692844,21694.71350020048,31569.348164451072,61270.180840880785,72041.33044926827,94316.67660030084,92662.40830257315,74338.66502487907,67011.07927542525,50103.537664026866
2025-11-18 01:00:00,0.0,489.663,1661708.02,3032.22,102.2298,16.6,88.2898,0,0.0,0.0,255.5731,255.5731,0.0,0.0,16.6,16.6,16.6,2234.2155337247677,30138.11444692844,21694.71350020048,31569.348164451072,61270.180840880785,72041.33044926827,94316.67660030084,92662.40830257315,74338.66502487907,67011.07927542525,50103.537664026866,35055.58805619676
2025-11-18 07:00:00,2234.2155337247677,489.6978,1670813.48,9105.47,102.79,24.6,111.7649,0,0.0,344.85983372476744,0.0,255.5731,16.6,0.0,41.2,41.2,41.2,30138.11444692844,21694.71350020048,31569.348164451072,61270.180840880785,72041.33044926827,94316.67660030084,92662.40830257315,74338.66502487907,67011.07927542525,50103.537664026866,35055.58805619676,32657.96757533936
2025-11-18 13:00:00,30138.11444692844,489.761,1692113.66,21300.18,104.1004,5.4,115.7408,0,0.0,10227.036546928442,2234.2155337247677,0.0,24.6,16.6,46.6,46.6,46.6,21694.71350020048,31569.348164451072,61270.180840880785,72041.33044926827,94316.67660030084,92662.40830257315,74338.66502487907,67011.07927542525,50103.537664026866,35055.58805619676,32657.96757533936,27327.311665074794
2025-11-18 19:00:00,21694.71350020048,489.786,1698213.64,6099.98,104.4756,11.2,125.4661,0,0.0,18755.20010020048,30138.11444692844,2234.2155337247677,5.4,24.6,41.2,57.8,57.8,31569.348164451072,61270.180840880785,72041.33044926827,94316.67660030084,92662.40830257315,74338.66502487907,67011.07927542525,50103.537664026866,35055.58805619676,32657.96757533936,27327.311665074794,22821.768583561385
2025-11-19 01:00:00,31569.348164451072,489.809,1704320.27,6106.63,104.8513,11.6,135.4675,0,0.0,28759.39516445107,21694.71350020048,30138.11444692844,11.2,5.4,28.200000000000003,69.39999999999999,69.39999999999999,61270.180840880785,72041.33044926827,94316.67660030084,92662.40830257315,74338.66502487907,67011.07927542525,50103.537664026866,35055.58805619676,32657.96757533936,27327.311665074794,22821.768583561385,11282.764372218604
2025-11-19 07:00:00,61270.180840880785,489.8492,1716595.66,12275.39,105.6065,3.0,136.7415,0,0.0,49657.430240880785,31569.348164451072,21694.71350020048,11.6,11.2,25.799999999999997,55.800000000000004,72.39999999999999,72041.33044926827,94316.67660030084,92662.40830257315,74338.66502487907,67011.07927542525,50103.537664026866,35055.58805619676,32657.96757533936,27327.311665074794,22821.768583561385,11282.764372218604,12529.76327007229
2025-11-19 13:00:00,72041.33044926827,489.8752,1725819.69,9224.03,106.174,9.2,144.1992,0,0.0,65388.85154926826,61270.180840880785,31569.348164451072,3.0,11.6,23.799999999999997,40.400000000000006,81.6,94316.67660030084,92662.40830257315,74338.66502487907,67011.07927542525,50103.537664026866,35055.58805619676,32657.96757533936,27327.311665074794,22821.768583561385,11282.764372218604,12529.76327007229,13608.6669624007
2025-11-19 19:00:00,94316.67660030084,489.9072,1735058.57,9238.88,106.7424,6.2,148.5619,0,0.0,86728.82680030083,72041.33044926827,61270.180840880785,9.2,3.0,18.4,41.2,71.2,92662.40830257315,74338.66502487907,67011.07927542525,50103.537664026866,35055.58805619676,32657.96757533936,27327.311665074794,22821.768583561385,11282.764372218604,12529.76327007229,13608.6669624007,9177.441306094763
2025-11-20 01:00:00,92662.40830257315,489.9113,1738141.52,3082.94,106.932,1.0,147.669,0,0.0,89627.81840257316,94316.67660030084,72041.33044926827,6.2,9.2,16.4,30.999999999999996,47.60000000000001,74338.66502487907,67011.07927542525,50103.537664026866,35055.58805619676,32657.96757533936,27327.311665074794,22821.768583561385,11282.764372218604,12529.76327007229,13608.6669624007,9177.441306094763,5953.832626272995
2025-11-20 07:00:00,74338.66502487907,489.8978,1731977.26,-6164.25,106.5528,0.0,145.7875,0,0.0,80243.17222487906,92662.40830257315,94316.67660030084,1.0,6.2,7.2,19.4,42.2,67011.07927542525,50103.537664026866,35055.58805619676,32657.96757533936,27327.311665074794,22821.768583561385,11282.764372218604,12529.76327007229,13608.6669624007,9177.441306094763,5953.832626272995,8174.665728512213
2025-11-20 13:00:00,67011.07927542525,489.8822,1728897.66,-3079.6,106.3633,0.0,143.9299,0,0.0,69831.07297542524,74338.66502487907,92662.40830257315,0.0,1.0,1.0,16.4,30.999999999999996,50103.537664026866,35055.58805619676,32657.96757533936,27327.311665074794,22821.768583561385,11282.764372218604,12529.76327007229,13608.6669624007,9177.441306094763,5953.832626272995,8174.665728512213,7824.200542476168
2025-11-20 19:00:00,50103.537664026866,489.86,1722743.39,-6154.27,105.9847,0.0,142.096,0,0.0,55998.48936402687,67011.07927542525,74338.66502487907,0.0,0.0,0.0,7.2,19.4,35055.58805619676,32657.96757533936,27327.311665074794,22821.768583561385,11282.764372218604,12529.76327007229,13608.6669624007,9177.441306094763,5953.832626272995,8174.665728512213,7824.200542476168,7341.824931042241
2025-11-21 01:00:00,35055.58805619676,489.8392,1713524.23,-9219.15,105.4176,0.0,140.2855,0,0.0,44015.836356196756,50103.537664026866,67011.07927542525,0.0,0.0,0.0,1.0,16.4,32657.96757533936,27327.311665074794,22821.768583561385,11282.764372218604,12529.76327007229,13608.6669624007,9177.441306094763,5953.832626272995,8174.665728512213,7824.200542476168,7341.824931042241,1610.6774803271428
2025-11-21 07:00:00,32657.96757533936,489.823,1710454.44,-3069.8,105.2287,0.0,138.4981,0,0.0,35469.00057533936,35055.58805619676,50103.537664026866,0.0,0.0,0.0,0.0,7.2,27327.311665074794,22821.768583561385,11282.764372218604,12529.76327007229,13608.6669624007,9177.441306094763,5953.832626272995,8174.665728512213,7824.200542476168,7341.824931042241,1610.6774803271428,197.12070248229338
2025-11-21 13:00:00,27327.311665074794,489.8122,1707386.39,-3068.04,105.04,0.0,136.7334,0,0.0,30136.73806507479,32657.96757533936,35055.58805619676,0.0,0.0,0.0,0.0,1.0,22821.768583561385,11282.764372218604,12529.76327007229,13608.6669624007,9177.441306094763,5953.832626272995,8174.665728512213,7824.200542476168,7341.824931042241,1610.6774803271428,197.12070248229338,4440.657022020799
2025-11-21 19:00:00,22821.768583561385,489.8023,1704320.27,-3066.12,104.8513,0.0,134.9912,0,0.0,25629.49508356139,27327.311665074794,32657.96757533936,0.0,0.0,0.0,0.0,0.0,11282.764372218604,12529.76327007229,13608.6669624007,9177.441306094763,5953.832626272995,8174.665728512213,7824.200542476168,7341.824931042241,1610.6774803271428,197.12070248229338,4440.657022020799,3395.453582982542
2025-11-22 01:00:00,11282.764372218604,489.782,1698213.64,-6106.63,104.4756,0.0,133.2713,0,0.0,17132.101172218605,22821.768583561385,27327.311665074794,0.0,0.0,0.0,0.0,0.0,12529.76327007229,13608.6669624007,9177.441306094763,5953.832626272995,8174.665728512213,7824.200542476168,7341.824931042241,1610.6774803271428,197.12070248229338,4440.657022020799,3395.453582982542,0.0
2025-11-22 07:00:00,12529.76327007229,489.7772,1695162.85,-3050.79,104.288,0.0,131.5732,0,0.0,15323.395070072289,11282.764372218604,22821.768583561385,0.0,0.0,0.0,0.0,0.0,13608.6669624007,9177.441306094763,5953.832626272995,8174.665728512213,7824.200542476168,7341.824931042241,1610.6774803271428,197.12070248229338,4440.657022020799,3395.453582982542,0.0,1426.7961014895482
2025-11-22 13:00:00,13608.6669624007,489.7717,1695162.85,0.0,104.288,0.0,129.8967,0,0.0,13351.5131624007,12529.76327007229,11282.764372218604,0.0,0.0,0.0,0.0,0.0,9177.441306094763,5953.832626272995,8174.665728512213,7824.200542476168,7341.824931042241,1610.6774803271428,197.12070248229338,4440.657022020799,3395.453582982542,0.0,1426.7961014895482,1751.5291888123152
2025-11-22 19:00:00,9177.441306094763,489.7675,1692113.66,-3049.19,104.1004,0.0,128.2417,0,0.0,11969.611606094764,13608.6669624007,12529.76327007229,0.0,0.0,0.0,0.0,0.0,5953.832626272995,8174.665728512213,7824.200542476168,7341.824931042241,1610.6774803271428,197.12070248229338,4440.657022020799,3395.453582982542,0.0,1426.7961014895482,1751.5291888123152,1665.4167556577795
2025-11-23 01:00:00,5953.832626272995,489.7572,1689066.07,-3047.59,103.9129,0.0,126.6077,0,0.0,8744.538926272995,9177.441306094763,13608.6669624007,0.0,0.0,0.0,0.0,0.0,8174.665728512213,7824.200542476168,7341.824931042241,1610.6774803271428,197.12070248229338,4440.657022020799,3395.453582982542,0.0,1426.7961014895482,1751.5291888123152,1665.4167556577795,0.0
2025-11-23 07:00:00,8174.665728512213,489.7543,1689066.07,0.0,103.9129,0.0,124.9945,0,0.0,7917.779928512213,5953.832626272995,9177.441306094763,0.0,0.0,0.0,0.0,0.0,7824.200542476168,7341.824931042241,1610.6774803271428,197.12070248229338,4440.657022020799,3395.453582982542,0.0,1426.7961014895482,1751.5291888123152,1665.4167556577795,0.0,0.0
2025-11-23 13:00:00,7824.200542476168,489.753,1689066.07,0.0,103.9129,0.0,123.4019,0,0.0,7567.317442476169,8174.665728512213,5953.832626272995,0.0,0.0,0.0,0.0,0.0,7341.824931042241,1610.6774803271428,197.12070248229338,4440.657022020799,3395.453582982542,0.0,1426.7961014895482,1751.5291888123152,1665.4167556577795,0.0,0.0,3746.9719384635555
2025-11-23 19:00:00,7341.824931042241,489.7512,1689066.07,0.0,103.9129,0.0,121.8296,0,0.0,7084.940831042241,7824.200542476168,8174.665728512213,0.0,0.0,0.0,0.0,0.0,1610.6774803271428,197.12070248229338,4440.657022020799,3395.453582982542,0.0,1426.7961014895482,1751.5291888123152,1665.4167556577795,0.0,0.0,3746.9719384635555,468.0104355964977
2025-11-24 01:00:00,1610.6774803271428,489.7402,1686020.07,-3046.0,103.7255,0.0,120.2773,0,0.0,4399.932980327142,7341.824931042241,7824.200542476168,0.0,0.0,0.0,0.0,0.0,197.12070248229338,4440.657022020799,3395.453582982542,0.0,1426.7961014895482,1751.5291888123152,1665.4167556577795,0.0,0.0,3746.9719384635555,468.0104355964977,0.0
2025-11-24 07:00:00,197.12070248229338,489.733,1682975.65,-3044.41,103.5382,0.0,118.7448,0,0.0,2984.918202482293,1610.6774803271428,7341.824931042241,0.0,0.0,0.0,0.0,0.0,4440.657022020799,3395.453582982542,0.0,1426.7961014895482,1751.5291888123152,1665.4167556577795,0.0,0.0,3746.9719384635555,468.0104355964977,0.0,256.65050142389794
2025-11-24 13:00:00,4440.657022020799,489.7392,1682975.65,0.0,103.5382,0.0,117.2318,0,0.0,4184.041122020798,197.12070248229338,1610.6774803271428,0.0,0.0,0.0,0.0,0.0,3395.453582982542,0.0,1426.7961014895482,1751.5291888123152,1665.4167556577795,0.0,0.0,3746.9719384635555,468.0104355964977,0.0,256.65050142389794,256.706405218507
2025-11-24 19:00:00,3395.453582982542,489.7335,1682975.65,0.0,103.5382,0.0,115.7381,0,0.0,3138.8338829825416,4440.657022020799,197.12070248229338,0.0,0.0,0.0,0.0,0.0,0.0,1426.7961014895482,1751.5291888123152,1665.4167556577795,0.0,0.0,3746.9719384635555,468.0104355964977,0.0,256.65050142389794,256.706405218507,256.7624067142094
2025-11-25 01:00:00,0.0,489.723,1679932.84,-3042.81,103.351,0.0,114.2634,0,0.0,1439.4092534547058,3395.453582982542,4440.657022020799,0.0,0.0,0.0,0.0,0.0,1426.7961014895482,1751.5291888123152,1665.4167556577795,0.0,0.0,3746.9719384635555,468.0104355964977,0.0,256.65050142389794,256.706405218507,256.7624067142094,0.0
2025-11-25 07:00:00,1426.7961014895482,489.721,1679932.84,0.0,103.351,0.0,112.8076,0,0.0,1170.3162014895483,0.0,3395.453582982542,0.0,0.0,0.0,0.0,0.0,1751.5291888123152,1665.4167556577795,0.0,0.0,3746.9719384635555,468.0104355964977,0.0,256.65050142389794,256.706405218507,256.7624067142094,0.0,256.0897
2025-11-25 13:00:00,1751.5291888123152,489.7235,1679932.84,0.0,103.351,0.0,111.3702,0,0.0,1495.043488812315,1426.7961014895482,0.0,0.0,0.0,0.0,0.0,0.0,1665.4167556577795,0.0,0.0,3746.9719384635555,468.0104355964977,0.0,256.65050142389794,256.706405218507,256.7624067142094,0.0,256.0897,256.308800487602
2025-11-25 19:00:00,1665.4167556577795,489.7228,1679932.84,0.0,103.351,0.0,109.9512,0,0.0,1408.9334556577794,1751.5291888123152,1426.7961014895482,0.0,0.0,0.0,0.0,0.0,0.0,0.0,3746.9719384635555,468.0104355964977,0.0,256.65050142389794,256.706405218507,256.7624067142094,0.0,256.0897,256.308800487602,256.0897
2025-11-26 01:00:00,0.0,489.715,1676891.46,-3041.38,103.1639,0.0,108.5503,0,0.0,559.3327625406428,1665.4167556577795,1751.5291888123152,0.0,0.0,0.0,0.0,0.0,0.0,3746.9719384635555,468.0104355964977,0.0,256.65050142389794,256.706405218507,256.7624067142094,0.0,256.0897,256.308800487602,256.0897,0.0
2025-11-26 07:00:00,0.0,489.71,1673851.74,-3039.72,102.9769,0.0,107.1672,0,0.0,246.2679835075091,0.0,1665.4167556577795,0.0,0.0,0.0,0.0,0.0,3746.9719384635555,468.0104355964977,0.0,256.65050142389794,256.706405218507,256.7624067142094,0.0,256.0897,256.308800487602,256.0897,0.0,255.9596
2025-11-26 13:00:00,3746.9719384635555,489.7137,1676891.46,3039.72,103.1639,0.0,105.8017,0,0.0,450.9002384635551,0.0,0.0,0.0,0.0,0.0,0.0,0.0,468.0104355964977,0.0,256.65050142389794,256.706405218507,256.7624067142094,0.0,256.0897,256.308800487602,256.0897,0.0,255.9596,3292.7422
2025-11-26 19:00:00,468.0104355964977,489.7102,1676891.46,0.0,103.1639,0.0,104.4536,0,0.0,211.6596355964978,3746.9719384635555,0.0,0.0,0.0,0.0,0.0,0.0,0.0,256.65050142389794,256.706405218507,256.7624067142094,0.0,256.0897,256.308800487602,256.0897,0.0,255.9596,3292.7422,0.0
2025-11-27 01:00:00,0.0,489.7032,1673851.74,-3039.72,102.9769,0.0,103.1228,0,0.0,0.6480034055721744,468.0104355964977,3746.9719384635555,0.0,0.0,0.0,0.0,0.0,256.65050142389794,256.706405218507,256.7624067142094,0.0,256.0897,256.308800487602,256.0897,0.0,255.9596,3292.7422,0.0,255.9596
2025-11-27 07:00:00,256.65050142389794,489.7005,1673851.74,0.0,102.9769,0.0,101.8088,0,0.0,0.43200142389796725,0.0,468.0104355964977,0.0,0.0,0.0,0.0,0.0,256.706405218507,256.7624067142094,0.0,256.0897,256.308800487602,256.0897,0.0,255.9596,3292.7422,0.0,255.9596,255.9596
2025-11-27 13:00:00,256.706405218507,489.7033,1673851.74,0.0,102.9769,0.0,100.5116,0,0.0,0.48600521850694434,256.65050142389794,0.0,0.0,0.0,0.0,0.0,0.0,256.7624067142094,0.0,256.0897,256.308800487602,256.0897,0.0,255.9596,3292.7422,0.0,255.9596,255.9596,255.9596
2025-11-27 19:00:00,256.7624067142094,489.7043,1673851.74,0.0,102.9769,0.0,99.231,0,0.0,0.5400067142094598,256.706405218507,256.65050142389794,0.0,0.0,0.0,0.0,0.0,0.0,256.0897,256.308800487602,256.0897,0.0,255.9596,3292.7422,0.0,255.9596,255.9596,255.9596,255.9596
2025-11-28 01:00:00,0.0,489.6952,1670813.48,-3038.26,102.79,0.0,97.9666,0,0.0,0.0,256.7624067142094,256.706405218507,0.0,0.0,0.0,0.0,0.0,256.0897,256.308800487602,256.0897,0.0,255.9596,3292.7422,0.0,255.9596,255.9596,255.9596,255.9596,0.0
2025-11-28 07:00:00,256.0897,489.6915,1670813.48,0.0,102.79,0.0,96.7184,0,0.0,0.0,0.0,256.7624067142094,0.0,0.0,0.0,0.0,0.0,256.308800487602,256.0897,0.0,255.9596,3292.7422,0.0,255.9596,255.9596,255.9596,255.9596,0.0,246.5488
2025-11-28 13:00:00,256.308800487602,489.7,1670813.48,0.0,102.79,0.0,95.486,0,0.0,0.21600048760198898,256.0897,0.0,0.0,0.0,0.0,0.0,0.0,256.0897,0.0,255.9596,3292.7422,0.0,255.9596,255.9596,255.9596,255.9596,0.0,246.5488,3281.8309
2025-11-28 19:00:00,256.0897,489.6957,1670813.48,0.0,102.79,0.0,94.2694,0,0.0,0.0,256.308800487602,256.0897,0.0,0.0,0.0,0.0,0.0,0.0,255.9596,3292.7422,0.0,255.9596,255.9596,255.9596,255.9596,0.0,246.5488,3281.8309,246.6736
2025-11-29 01:00:00,0.0,489.686,1667776.83,-3036.65,102.6031,0.0,93.0683,0,0.0,0.0,256.0897,256.308800487602,0.0,0.0,0.0,0.0,0.0,255.9596,3292.7422,0.0,255.9596,255.9596,255.9596,255.9596,0.0,246.5488,3281.8309,246.6736,0.0
2025-11-29 07:00:00,255.9596,489.6872,1667776.83,0.0,102.6031,0.0,91.8825,0,0.0,0.0,0.0,256.0897,0.0,0.0,0.0,0.0,0.0,3292.7422,0.0,255.9596,255.9596,255.9596,255.9596,0.0,246.5488,3281.8309,246.6736,0.0,246.5488
2025-11-29 13:00:00,3292.7422,489.6903,1670813.48,3036.65,102.79,0.0,90.7117,0,0.0,0.0,255.9596,0.0,0.0,0.0,0.0,0.0,0.0,0.0,255.9596,255.9596,255.9596,255.9596,0.0,246.5488,3281.8309,246.6736,0.0,246.5488,246.5488
2025-11-29 19:00:00,0.0,489.6898,1667776.83,-3036.65,102.6031,0.0,89.5559,0,0.0,0.0,3292.7422,255.9596,0.0,0.0,0.0,0.0,0.0,255.9596,255.9596,255.9596,255.9596,0.0,246.5488,3281.8309,246.6736,0.0,246.5488,246.5488,246.5488
2025-11-30 01:00:00,255.9596,489.6838,1667776.83,0.0,102.6031,0.0,88.4149,0,0.0,0.0,0.0,3292.7422,0.0,0.0,0.0,0.0,0.0,255.9596,255.9596,255.9596,0.0,246.5488,3281.8309,246.6736,0.0,246.5488,246.5488,246.5488,246.5488
2025-11-30 07:00:00,255.9596,489.6812,1667776.83,0.0,102.6031,0.0,87.2883,0,0.0,0.0,255.9596,0.0,0.0,0.0,0.0,0.0,0.0,255.9596,255.9596,0.0,246.5488,3281.8309,246.6736,0.0,246.5488,246.5488,246.5488,246.5488,246.5488
2025-11-30 13:00:00,255.9596,489.6873,1667776.83,0.0,102.6031,0.0,86.1762,0,0.0,0.0,255.9596,255.9596,0.0,0.0,0.0,0.0,0.0,255.9596,0.0,246.5488,3281.8309,246.6736,0.0,246.5488,246.5488,246.5488,246.5488,246.5488,246.5488
2025-11-30 19:00:00,255.9596,489.686,1667776.83,0.0,102.6031,0.0,85.0781,0,0.0,0.0,255.9596,255.9596,0.0,0.0,0.0,0.0,0.0,0.0,246.5488,3281.8309,246.6736,0.0,246.5488,246.5488,246.5488,246.5488,246.5488,246.5488,246.5488
2025-12-01 01:00:00,0.0,489.6795,1664741.67,-3035.16,102.4164,0.0,83.9941,0,0.0,0.0,255.9596,255.9596,0.0,0.0,0.0,0.0,0.0,246.5488,3281.8309,246.6736,0.0,246.5488,246.5488,246.5488,246.5488,246.5488,246.5488,246.5488,246.5488
2025-12-01 07:00:00,246.5488,489.678,1664741.67,0.0,102.4164,0.0,82.9239,0,0.0,0.0,0.0,255.9596,0.0,0.0,0.0,0.0,0.0,3281.8309,246.6736,0.0,246.5488,246.5488,246.5488,246.5488,246.5488,246.5488,246.5488,246.5488,0.0
2025-12-01 13:00:00,3281.8309,489.6843,1667776.83,3035.16,102.6031,0.0,81.8673,0,0.0,0.0,246.5488,0.0,0.0,0.0,0.0,0.0,0.0,246.6736,0.0,246.5488,246.5488,246.5488,246.5488,246.5488,246.5488,246.5488,246.5488,0.0,3280.2046
2025-12-01 19:00:00,246.6736,489.6838,1667776.83,0.0,102.6031,0.0,80.8242,0,0.0,0.0,3281.8309,246.5488,0.0,0.0,0.0,0.0,0.0,0.0,246.5488,246.5488,246.5488,246.5488,246.5488,246.5488,246.5488,246.5488,0.0,3280.2046,246.5488
2025-12-02 01:00:00,0.0,489.677,1664741.67,-3035.16,102.4164,0.0,79.7944,0,0.0,0.0,246.6736,3281.8309,0.0,0.0,0.0,0.0,0.0,246.5488,246.5488,246.5488,246.5488,246.5488,246.5488,246.5488,246.5488,0.0,3280.2046,246.5488,0.0
2025-12-02 07:00:00,246.5488,489.6762,1664741.67,0.0,102.4164,0.0,78.7777,0,0.0,0.0,0.0,246.6736,0.0,0.0,0.0,0.0,0.0,246.5488,246.5488,246.5488,246.5488,246.5488,246.5488,246.5488,0.0,3280.2046,246.5488,0.0,246.4247
2025-12-02 13:00:00,246.5488,489.6797,1664741.67,0.0,102.4164,0.0,77.774,0,0.0,0.0,246.5488,0.0,0.0,0.0,0.0,0.0,0.0,246.5488,246.5488,246.5488,246.5488,246.5488,246.5488,0.0,3280.2046,246.5488,0.0,246.4247,3280.2046
2025-12-02 19:00:00,246.5488,489.678,1664741.67,0.0,102.4164,0.0,76.783,0,0.0,0.0,246.5488,246.5488,0.0,0.0,0.0,0.0,0.0,246.5488,246.5488,246.5488,246.5488,246.5488,0.0,3280.2046,246.5488,0.0,246.4247,3280.2046,0.0
2025-12-03 01:00:00,246.5488,489.6758,1664741.67,0.0,102.4164,0.0,75.8047,0,0.0,0.0,246.5488,246.5488,0.0,0.0,0.0,0.0,0.0,246.5488,246.5488,246.5488,246.5488,0.0,3280.2046,246.5488,0.0,246.4247,3280.2046,0.0,246.4247
2025-12-03 07:00:00,246.5488,489.676,1664741.67,0.0,102.4164,0.0,74.8388,0,0.0,0.0,246.5488,246.5488,0.0,0.0,0.0,0.0,0.0,246.5488,246.5488,246.5488,0.0,3280.2046,246.5488,0.0,246.4247,3280.2046,0.0,246.4247,246.4247
2025-12-03 13:00:00,246.5488,489.6762,1664741.67,0.0,102.4164,0.0,73.8853,0,0.0,0.0,246.5488,246.5488,0.0,0.0,0.0,0.0,0.0,246.5488,246.5488,0.0,3280.2046,246.5488,0.0,246.4247,3280.2046,0.0,246.4247,246.4247,246.4247
2025-12-03 19:00:00,246.5488,489.6762,1664741.67,0.0,102.4164,0.0,72.9439,0,0.0,0.0,246.5488,246.5488,0.0,0.0,0.0,0.0,0.0,246.5488,0.0,3280.2046,246.5488,0.0,246.4247,3280.2046,0.0,246.4247,246.4247,246.4247,246.4247
2025-12-04 01:00:00,246.5488,489.671,1664741.67,0.0,102.4164,0.0,72.0145,0,0.0,0.0,246.5488,246.5488,0.0,0.0,0.0,0.0,0.0,0.0,3280.2046,246.5488,0.0,246.4247,3280.2046,0.0,246.4247,246.4247,246.4247,246.4247,0.0
2025-12-04 07:00:00,0.0,489.6698,1661708.02,-3033.66,102.2298,0.0,71.0969,0,0.0,0.0,246.5488,246.5488,0.0,0.0,0.0,0.0,0.0,3280.2046,246.5488,0.0,246.4247,3280.2046,0.0,246.4247,246.4247,246.4247,246.4247,0.0,246.301
2025-12-04 13:00:00,3280.2046,489.6752,1664741.67,3033.66,102.4164,0.0,70.191,0,0.0,0.0,0.0,246.5488,0.0,0.0,0.0,0.0,0.0,246.5488,0.0,246.4247,3280.2046,0.0,246.4247,246.4247,246.4247,246.4247,0.0,246.301,3278.6454
2025-12-04 19:00:00,246.5488,489.6732,1664741.67,0.0,102.4164,0.0,69.2967,0,0.0,0.0,3280.2046,0.0,0.0,0.0,0.0,0.0,0.0,0.0,246.4247,3280.2046,0.0,246.4247,246.4247,246.4247,246.4247,0.0,246.301,3278.6454,0.0
2025-12-05 01:00:00,0.0,489.665,1661708.02,-3033.66,102.2298,0.0,68.4137,0,0.0,0.0,246.5488,3280.2046,0.0,0.0,0.0,0.0,0.0,246.4247,3280.2046,0.0,246.4247,246.4247,246.4247,246.4247,0.0,246.301,3278.6454,0.0,246.301
2025-12-05 07:00:00,246.4247,489.665,1661708.02,0.0,102.2298,0.0,67.5421,0,0.0,0.0,0.0,246.5488,0.0,0.0,0.0,0.0,0.0,3280.2046,0.0,246.4247,246.4247,246.4247,246.4247,0.0,246.301,3278.6454,0.0,246.301,246.301
2025-12-05 13:00:00,3280.2046,489.6707,1664741.67,3033.66,102.4164,0.0,66.6815,0,0.0,0.0,246.4247,0.0,0.0,0.0,0.0,0.0,0.0,0.0,246.4247,246.4247,246.4247,246.4247,0.0,246.301,3278.6454,0.0,246.301,246.301,246.301
2025-12-05 19:00:00,0.0,489.67,1661708.02,-3033.66,102.2298,0.0,65.8318,0,0.0,0.0,3280.2046,246.4247,0.0,0.0,0.0,0.0,0.0,246.4247,246.4247,246.4247,246.4247,0.0,246.301,3278.6454,0.0,246.301,246.301,246.301,246.301
2025-12-06 01:00:00,246.4247,489.666,1661708.02,0.0,102.2298,0.0,64.9931,0,0.0,0.0,0.0,3280.2046,0.0,0.0,0.0,0.0,0.0,246.4247,246.4247,246.4247,0.0,246.301,3278.6454,0.0,246.301,246.301,246.301,246.301,246.301
2025-12-06 07:00:00,246.4247,489.6638,1661708.02,0.0,102.2298,0.0,64.1649,0,0.0,0.0,246.4247,0.0,0.0,0.0,0.0,0.0,0.0,246.4247,246.4247,0.0,246.301,3278.6454,0.0,246.301,246.301,246.301,246.301,246.301,246.301
2025-12-06 13:00:00,246.4247,489.669,1661708.02,0.0,102.2298,0.0,63.3474,0,0.0,0.0,246.4247,246.4247,0.0,0.0,0.0,0.0,0.0,246.4247,0.0,246.301,3278.6454,0.0,246.301,246.301,246.301,246.301,246.301,246.301,246.301
2025-12-06 19:00:00,246.4247,489.6657,1661708.02,0.0,102.2298,0.0,62.5403,0,0.0,0.0,246.4247,246.4247,0.0,0.0,0.0,0.0,0.0,0.0,246.301,3278.6454,0.0,246.301,246.301,246.301,246.301,246.301,246.301,246.301,246.301
2025-12-07 01:00:00,0.0,489.657,1658675.8,-3032.22,102.0432,0.0,61.7434,0,0.0,0.0,246.4247,246.4247,0.0,0.0,0.0,0.0,0.0,246.301,3278.6454,0.0,246.301,246.301,246.301,246.301,246.301,246.301,246.301,246.301,0.0
2025-12-07 07:00:00,246.301,489.657,1658675.8,0.0,102.0432,0.0,60.9567,0,0.0,0.0,0.0,246.4247,0.0,0.0,0.0,0.0,0.0,3278.6454,0.0,246.301,246.301,246.301,246.301,246.301,246.301,246.301,246.301,0.0,246.1773
2025-12-07 13:00:00,3278.6454,489.6632,1661708.02,3032.22,102.2298,0.0,60.18,0,0.0,0.0,246.301,0.0,0.0,0.0,0.0,0.0,0.0,0.0,246.301,246.301,246.301,246.301,246.301,246.301,246.301,246.301,0.0,246.1773,3276.9356
2025-12-07 19:00:00,0.0,489.6588,1658675.8,-3032.22,102.0432,0.0,59.4132,0,0.0,0.0,3278.6454,246.301,0.0,0.0,0.0,0.0,0.0,246.301,246.301,246.301,246.301,246.301,246.301,246.301,246.301,0.0,246.1773,3276.9356,0.0
2025-12-08 01:00:00,246.301,489.656,1658675.8,0.0,102.0432,0.0,58.6562,0,0.0,0.0,0.0,3278.6454,0.0,0.0,0.0,0.0,0.0,246.301,246.301,246.301,246.301,246.301,246.301,246.301,0.0,246.1773,3276.9356,0.0,246.1773
2025-12-08 07:00:00,246.301,489.654,1658675.8,0.0,102.0432,0.0,57.9089,0,0.0,0.0,246.301,0.0,0.0,0.0,0.0,0.0,0.0,246.301,246.301,246.301,246.301,246.301,246.301,0.0,246.1773,3276.9356,0.0,246.1773,246.1773
2025-12-08 13:00:00,246.301,489.6592,1658675.8,0.0,102.0432,0.0,57.171,0,0.0,0.0,246.301,246.301,0.0,0.0,0.0,0.0,0.0,246.301,246.301,246.301,246.301,246.301,0.0,246.1773,3276.9356,0.0,246.1773,246.1773,246.1773
2025-12-08 19:00:00,246.301,489.659,1658675.8,0.0,102.0432,0.0,56.4426,0,0.0,0.0,246.301,246.301,0.0,0.0,0.0,0.0,0.0,246.301,246.301,246.301,246.301,0.0,246.1773,3276.9356,0.0,246.1773,246.1773,246.1773,246.1773
2025-12-09 01:00:00,246.301,489.652,1658675.8,0.0,102.0432,0.0,55.7234,0,0.0,0.0,246.301,246.301,0.0,0.0,0.0,0.0,0.0,246.301,246.301,246.301,0.0,246.1773,3276.9356,0.0,246.1773,246.1773,246.1773,246.1773,246.1773
2025-12-09 07:00:00,246.301,489.6517,1658675.8,0.0,102.0432,0.0,55.0134,0,0.0,0.0,246.301,246.301,0.0,0.0,0.0,0.0,0.0,246.301,246.301,0.0,246.1773,3276.9356,0.0,246.1773,246.1773,246.1773,246.1773,246.1773,246.1773
2025-12-09 13:00:00,246.301,489.6507,1658675.8,0.0,102.0432,0.0,54.3125,0,0.0,0.0,246.301,246.301,0.0,0.0,0.0,0.0,0.0,246.301,0.0,246.1773,3276.9356,0.0,246.1773,246.1773,246.1773,246.1773,246.1773,246.1773,246.1773
2025-12-09 19:00:00,246.301,489.6528,1658675.8,0.0,102.0432,0.0,53.6205,0,0.0,0.0,246.301,246.301,0.0,0.0,0.0,0.0,0.0,0.0,246.1773,3276.9356,0.0,246.1773,246.1773,246.1773,246.1773,246.1773,246.1773,246.1773,246.1773
2025-12-10 01:00:00,0.0,489.649,1655645.16,-3030.63,101.8568,0.0,52.9372,0,0.0,0.0,246.301,246.301,0.0,0.0,0.0,0.0,0.0,246.1773,3276.9356,0.0,246.1773,246.1773,246.1773,246.1773,246.1773,246.1773,246.1773,246.1773,246.1773
2025-12-10 07:00:00,246.1773,489.6493,1655645.16,0.0,101.8568,0.0,52.2628,0,0.0,0.0,0.0,246.301,0.0,0.0,0.0,0.0,0.0,3276.9356,0.0,246.1773,246.1773,246.1773,246.1773,246.1773,246.1773,246.1773,246.1773,246.1773,246.1773
2025-12-10 13:00:00,3276.9356,489.6542,1658675.8,3030.63,102.0432,0.0,51.5968,0,0.0,0.0,246.1773,0.0,0.0,0.0,0.0,0.0,0.0,0.0,246.1773,246.1773,246.1773,246.1773,246.1773,246.1773,246.1773,246.1773,246.1773,246.1773,246.1773
2025-12-10 19:00:00,0.0,489.6495,1655645.16,-3030.63,101.8568,0.0,50.9394,0,0.0,0.0,3276.9356,246.1773,0.0,0.0,0.0,0.0,0.0,246.1773,246.1773,246.1773,246.1773,246.1773,246.1773,246.1773,246.1773,246.1773,246.1773,246.1773,246.1773
2025-12-11 01:00:00,246.1773,489.6423,1655645.16,0.0,101.8568,0.0,50.2904,0,0.0,0.0,0.0,3276.9356,0.0,0.0,0.0,0.0,0.0,246.1773,246.1773,246.1773,246.1773,246.1773,246.1773,246.1773,246.1773,246.1773,246.1773,246.1773,246.1773
2025-12-11 07:00:00,246.1773,489.6427,1655645.16,0.0,101.8568,0.0,49.6496,0,0.0,0.0,246.1773,0.0,0.0,0.0,0.0,0.0,0.0,246.1773,246.1773,246.1773,246.1773,246.1773,246.1773,246.1773,246.1773,246.1773,246.1773,246.1773,246.1773
2025-12-11 13:00:00,246.1773,489.6453,1655645.16,0.0,101.8568,0.0,49.017,0,0.0,0.0,246.1773,246.1773,0.0,0.0,0.0,0.0,0.0,246.1773,246.1773,246.1773,246.1773,246.1773,246.1773,246.1773,246.1773,246.1773,246.1773,246.1773,246.1773
2025-12-11 19:00:00,246.1773,489.6452,1655645.16,0.0,101.8568,0.0,48.3925,0,0.0,0.0,246.1773,246.1773,0.0,0.0,0.0,0.0,0.0,246.1773,246.1773,246.1773,246.1773,246.1773,246.1773,246.1773,246.1773,246.1773,246.1773,246.1773,246.1773
2025-12-12 01:00:00,246.1773,489.644,1655645.16,0.0,101.8568,0.0,47.7759,0,0.0,0.0,246.1773,246.1773,0.0,0.0,0.0,0.0,0.0,246.1773,246.1773,246.1773,246.1773,246.1773,246.1773,246.1773,246.1773,246.1773,246.1773,246.1773,246.1773
2025-12-12 07:00:00,246.1773,489.6467,1655645.16,0.0,101.8568,0.0,47.1671,0,0.0,0.0,246.1773,246.1773,0.0,0.0,0.0,0.0,0.0,246.1773,246.1773,246.1773,246.1773,246.1773,246.1773,246.1773,246.1773,246.1773,246.1773,246.1773,246.1773
2025-12-12 13:00:00,246.1773,489.647,1655645.16,0.0,101.8568,0.0,46.5662,0,0.0,0.0,246.1773,246.1773,0.0,0.0,0.0,0.0,0.0,246.1773,246.1773,246.1773,246.1773,246.1773,246.1773,246.1773,246.1773,246.1773,246.1773,246.1773,246.1773
2025-12-12 19:00:00,246.1773,489.6492,1655645.16,0.0,101.8568,0.0,45.9728,0,0.0,0.0,246.1773,246.1773,0.0,0.0,0.0,0.0,0.0,246.1773,246.1773,246.1773,246.1773,246.1773,246.1773,246.1773,246.1773,246.1773,246.1773,246.1773,246.1773
2025-12-13 01:00:00,246.1773,489.6465,1655645.16,0.0,101.8568,0.0,45.3871,0,0.0,0.0,246.1773,246.1773,0.0,0.0,0.0,0.0,0.0,246.1773,246.1773,246.1773,246.1773,246.1773,246.1773,246.1773,246.1773,246.1773,246.1773,246.1773,0.0
2025-12-13 07:00:00,246.1773,489.643,1655645.16,0.0,101.8568,0.0,44.8088,0,0.0,0.0,246.1773,246.1773,0.0,0.0,0.0,0.0,0.0,246.1773,246.1773,246.1773,246.1773,246.1773,246.1773,246.1773,246.1773,246.1773,246.1773,0.0,246.0529
2025-12-13 13:00:00,246.1773,489.6482,1655645.16,0.0,101.8568,0.0,44.2378,0,0.0,0.0,246.1773,246.1773,0.0,0.0,0.0,0.0,0.0,246.1773,246.1773,246.1773,246.1773,246.1773,246.1773,246.1773,246.1773,246.1773,0.0,246.0529,246.0529
2025-12-13 19:00:00,246.1773,489.6442,1655645.16,0.0,101.8568,0.0,43.6742,0,0.0,0.0,246.1773,246.1773,0.0,0.0,0.0,0.0,0.0,246.1773,246.1773,246.1773,246.1773,246.1773,246.1773,246.1773,246.1773,0.0,246.0529,246.0529,3275.3326
2025-12-14 01:00:00,246.1773,489.6438,1655645.16,0.0,101.8568,0.0,43.1177,0,0.0,0.0,246.1773,246.1773,0.0,0.0,0.0,0.0,0.0,246.1773,246.1773,246.1773,246.1773,246.1773,246.1773,246.1773,0.0,246.0529,246.0529,3275.3326,0.0
2025-12-14 07:00:00,246.1773,489.644,1655645.16,0.0,101.8568,0.0,42.5683,0,0.0,0.0,246.1773,246.1773,0.0,0.0,0.0,0.0,0.0,246.1773,246.1773,246.1773,246.1773,246.1773,246.1773,0.0,246.0529,246.0529,3275.3326,0.0,246.0529
2025-12-14 13:00:00,246.1773,489.6442,1655645.16,0.0,101.8568,0.0,42.026,0,0.0,0.0,246.1773,246.1773,0.0,0.0,0.0,0.0,0.0,246.1773,246.1773,246.1773,246.1773,246.1773,0.0,246.0529,246.0529,3275.3326,0.0,246.0529,3275.3326
2025-12-14 19:00:00,246.1773,489.647,1655645.16,0.0,101.8568,0.0,41.4905,0,0.0,0.0,246.1773,246.1773,0.0,0.0,0.0,0.0,0.0,246.1773,246.1773,246.1773,246.1773,0.0,246.0529,246.0529,3275.3326,0.0,246.0529,3275.3326,0.0
2025-12-15 01:00:00,246.1773,489.6437,1655645.16,0.0,101.8568,0.0,40.9618,0,0.0,0.0,246.1773,246.1773,0.0,0.0,0.0,0.0,0.0,246.1773,246.1773,246.1773,0.0,246.0529,246.0529,3275.3326,0.0,246.0529,3275.3326,0.0,246.0529
2025-12-15 07:00:00,246.1773,489.6437,1655645.16,0.0,101.8568,0.0,40.4399,0,0.0,0.0,246.1773,246.1773,0.0,0.0,0.0,0.0,0.0,246.1773,246.1773,0.0,246.0529,246.0529,3275.3326,0.0,246.0529,3275.3326,0.0,246.0529,246.0529
2025-12-15 13:00:00,246.1773,489.6458,1655645.16,0.0,101.8568,0.0,39.9247,0,0.0,0.0,246.1773,246.1773,0.0,0.0,0.0,0.0,0.0,246.1773,0.0,246.0529,246.0529,3275.3326,0.0,246.0529,3275.3326,0.0,246.0529,246.0529,246.0529
2025-12-15 19:00:00,246.1773,489.646,1655645.16,0.0,101.8568,0.0,39.416,0,0.0,0.0,246.1773,246.1773,0.0,0.0,0.0,0.0,0.0,0.0,246.0529,246.0529,3275.3326,0.0,246.0529,3275.3326,0.0,246.0529,246.0529,246.0529,246.0529
2025-12-16 01:00:00,0.0,489.6395,1652616.01,-3029.16,101.6704,0.0,38.9137,0,0.0,0.0,246.1773,246.1773,0.0,0.0,0.0,0.0,0.0,246.0529,246.0529,3275.3326,0.0,246.0529,3275.3326,0.0,246.0529,246.0529,246.0529,246.0529,246.0529
2025-12-16 07:00:00,246.0529,489.638,1652616.01,0.0,101.6704,0.0,38.4179,0,0.0,0.0,0.0,246.1773,0.0,0.0,0.0,0.0,0.0,246.0529,3275.3326,0.0,246.0529,3275.3326,0.0,246.0529,246.0529,246.0529,246.0529,246.0529,0.0
2025-12-16 13:00:00,246.0529,489.6397,1652616.01,0.0,101.6704,0.0,37.9284,0,0.0,0.0,246.0529,0.0,0.0,0.0,0.0,0.0,0.0,3275.3326,0.0,246.0529,3275.3326,0.0,246.0529,246.0529,246.0529,246.0529,246.0529,0.0,245.9265
2025-12-16 19:00:00,3275.3326,489.6408,1655645.16,3029.16,101.8568,0.0,37.4452,0,0.0,0.0,246.0529,246.0529,0.0,0.0,0.0,0.0,0.0,0.0,246.0529,3275.3326,0.0,246.0529,246.0529,246.0529,246.0529,246.0529,0.0,245.9265,3273.5875
2025-12-17 01:00:00,0.0,489.6385,1652616.01,-3029.16,101.6704,0.0,36.9681,0,0.0,0.0,3275.3326,246.0529,0.0,0.0,0.0,0.0,0.0,246.0529,3275.3326,0.0,246.0529,246.0529,246.0529,246.0529,246.0529,0.0,245.9265,3273.5875,0.0
2025-12-17 07:00:00,246.0529,489.638,1652616.01,0.0,101.6704,0.0,36.497,0,0.0,0.0,0.0,3275.3326,0.0,0.0,0.0,0.0,0.0,3275.3326,0.0,246.0529,246.0529,246.0529,246.0529,246.0529,0.0,245.9265,3273.5875,0.0,245.9265
2025-12-17 13:00:00,3275.3326,489.6408,1655645.16,3029.16,101.8568,0.0,36.032,0,0.0,0.0,246.0529,0.0,0.0,0.0,0.0,0.0,0.0,0.0,246.0529,246.0529,246.0529,246.0529,246.0529,0.0,245.9265,3273.5875,0.0,245.9265,245.9265
2025-12-17 19:00:00,0.0,489.6397,1652616.01,-3029.16,101.6704,0.0,35.5729,0,0.0,0.0,3275.3326,246.0529,0.0,0.0,0.0,0.0,0.0,246.0529,246.0529,246.0529,246.0529,246.0529,0.0,245.9265,3273.5875,0.0,245.9265,245.9265,245.9265
2025-12-18 01:00:00,246.0529,489.6343,1652616.01,0.0,101.6704,0.0,35.1197,0,0.0,0.0,0.0,3275.3326,0.0,0.0,0.0,0.0,0.0,246.0529,246.0529,246.0529,246.0529,0.0,245.9265,3273.5875,0.0,245.9265,245.9265,245.9265,245.9265
2025-12-18 07:00:00,246.0529,489.6345,1652616.01,0.0,101.6704,0.0,34.6722,0,0.0,0.0,246.0529,0.0,0.0,0.0,0.0,0.0,0.0,246.0529,246.0529,246.0529,0.0,245.9265,3273.5875,0.0,245.9265,245.9265,245.9265,245.9265,245.9265
2025-12-18 13:00:00,246.0529,489.6368,1652616.01,0.0,101.6704,0.0,34.2304,0,0.0,0.0,246.0529,246.0529,0.0,0.0,0.0,0.0,0.0,246.0529,246.0529,0.0,245.9265,3273.5875,0.0,245.9265,245.9265,245.9265,245.9265,245.9265,245.9265
2025-12-18 19:00:00,246.0529,489.6342,1652616.01,0.0,101.6704,0.0,33.7943,0,0.0,0.0,246.0529,246.0529,0.0,0.0,0.0,0.0,0.0,246.0529,0.0,245.9265,3273.5875,0.0,245.9265,245.9265,245.9265,245.9265,245.9265,245.9265,3273.5875
2025-12-19 01:00:00,246.0529,489.631,1652616.01,0.0,101.6704,0.0,33.3637,0,0.0,0.0,246.0529,246.0529,0.0,0.0,0.0,0.0,0.0,0.0,245.9265,3273.5875,0.0,245.9265,245.9265,245.9265,245.9265,245.9265,245.9265,3273.5875,0.0
2025-12-19 07:00:00,0.0,489.6298,1649588.47,-3027.53,101.4842,0.0,32.9386,0,0.0,0.0,246.0529,246.0529,0.0,0.0,0.0,0.0,0.0,245.9265,3273.5875,0.0,245.9265,245.9265,245.9265,245.9265,245.9265,245.9265,3273.5875,0.0,245.9265
2025-12-19 13:00:00,245.9265,489.6298,1649588.47,0.0,101.4842,0.0,32.5189,0,0.0,0.0,0.0,246.0529,0.0,0.0,0.0,0.0,0.0,3273.5875,0.0,245.9265,245.9265,245.9265,245.9265,245.9265,245.9265,3273.5875,0.0,245.9265,245.9265
2025-12-19 19:00:00,3273.5875,489.6318,1652616.01,3027.53,101.6704,0.0,32.1045,0,0.0,0.0,245.9265,0.0,0.0,0.0,0.0,0.0,0.0,0.0,245.9265,245.9265,245.9265,245.9265,245.9265,245.9265,3273.5875,0.0,245.9265,245.9265,245.9265
2025-12-20 01:00:00,0.0,489.6298,1649588.47,-3027.53,101.4842,0.0,31.6955,0,0.0,0.0,3273.5875,245.9265,0.0,0.0,0.0,0.0,0.0,245.9265,245.9265,245.9265,245.9265,245.9265,245.9265,3273.5875,0.0,245.9265,245.9265,245.9265,245.9265
2025-12-20 07:00:00,245.9265,489.625,1649588.47,0.0,101.4842,0.0,31.2916,0,0.0,0.0,0.0,3273.5875,0.0,0.0,0.0,0.0,0.0,245.9265,245.9265,245.9265,245.9265,245.9265,3273.5875,0.0,245.9265,245.9265,245.9265,245.9265,245.9265
2025-12-20 13:00:00,245.9265,489.6248,1649588.47,0.0,101.4842,0.0,30.8929,0,0.0,0.0,245.9265,0.0,0.0,0.0,0.0,0.0,0.0,245.9265,245.9265,245.9265,245.9265,3273.5875,0.0,245.9265,245.9265,245.9265,245.9265,245.9265,245.9265
2025-12-20 19:00:00,245.9265,489.6275,1649588.47,0.0,101.4842,0.0,30.4993,0,0.0,0.0,245.9265,245.9265,0.0,0.0,0.0,0.0,0.0,245.9265,245.9265,245.9265,3273.5875,0.0,245.9265,245.9265,245.9265,245.9265,245.9265,245.9265,245.9265
2025-12-21 01:00:00,245.9265,489.625,1649588.47,0.0,101.4842,0.0,30.1107,0,0.0,0.0,245.9265,245.9265,0.0,0.0,0.0,0.0,0.0,245.9265,245.9265,3273.5875,0.0,245.9265,245.9265,245.9265,245.9265,245.9265,245.9265,245.9265,245.9265
2025-12-21 07:00:00,245.9265,489.625,1649588.47,0.0,101.4842,0.0,29.7271,0,0.0,0.0,245.9265,245.9265,0.0,0.0,0.0,0.0,0.0,245.9265,3273.5875,0.0,245.9265,245.9265,245.9265,245.9265,245.9265,245.9265,245.9265,245.9265,0.0
2025-12-21 13:00:00,245.9265,489.6285,1649588.47,0.0,101.4842,0.0,29.3483,0,0.0,0.0,245.9265,245.9265,0.0,0.0,0.0,0.0,0.0,3273.5875,0.0,245.9265,245.9265,245.9265,245.9265,245.9265,245.9265,245.9265,245.9265,0.0,3271.9195
2025-12-21 19:00:00,3273.5875,489.6303,1652616.01,3027.53,101.6704,0.0,28.9744,0,0.0,0.0,245.9265,245.9265,0.0,0.0,0.0,0.0,0.0,0.0,245.9265,245.9265,245.9265,245.9265,245.9265,245.9265,245.9265,245.9265,0.0,3271.9195,245.9265
2025-12-22 01:00:00,0.0,489.625,1649588.47,-3027.53,101.4842,0.0,28.6052,0,0.0,0.0,3273.5875,245.9265,0.0,0.0,0.0,0.0,0.0,245.9265,245.9265,245.9265,245.9265,245.9265,245.9265,245.9265,245.9265,0.0,3271.9195,245.9265,0.0
2025-12-22 07:00:00,245.9265,489.624,1649588.47,0.0,101.4842,0.0,28.2407,0,0.0,0.0,0.0,3273.5875,0.0,0.0,0.0,0.0,0.0,245.9265,245.9265,245.9265,245.9265,245.9265,245.9265,245.9265,0.0,3271.9195,245.9265,0.0,245.7941
2025-12-22 13:00:00,245.9265,489.6242,1649588.47,0.0,101.4842,0.0,27.8809,0,0.0,0.0,245.9265,0.0,0.0,0.0,0.0,0.0,0.0,245.9265,245.9265,245.9265,245.9265,245.9265,245.9265,0.0,3271.9195,245.9265,0.0,245.7941,3271.9195
2025-12-22 19:00:00,245.9265,489.6252,1649588.47,0.0,101.4842,0.0,27.5256,0,0.0,0.0,245.9265,245.9265,0.0,0.0,0.0,0.0,0.0,245.9265,245.9265,245.9265,245.9265,245.9265,0.0,3271.9195,245.9265,0.0,245.7941,3271.9195,245.9265
2025-12-23 01:00:00,245.9265,489.6202,1649588.47,0.0,101.4842,0.0,27.1749,0,0.0,0.0,245.9265,245.9265,0.0,0.0,0.0,0.0,0.0,245.9265,245.9265,245.9265,245.9265,0.0,3271.9195,245.9265,0.0,245.7941,3271.9195,245.9265,0.0
2025-12-23 07:00:00,245.9265,489.6203,1649588.47,0.0,101.4842,0.0,26.8287,0,0.0,0.0,245.9265,245.9265,0.0,0.0,0.0,0.0,0.0,245.9265,245.9265,245.9265,0.0,3271.9195,245.9265,0.0,245.7941,3271.9195,245.9265,0.0,245.7941
2025-12-23 13:00:00,245.9265,489.6218,1649588.47,0.0,101.4842,0.0,26.4868,0,0.0,0.0,245.9265,245.9265,0.0,0.0,0.0,0.0,0.0,245.9265,245.9265,0.0,3271.9195,245.9265,0.0,245.7941,3271.9195,245.9265,0.0,245.7941,3271.9195
2025-12-23 19:00:00,245.9265,489.6242,1649588.47,0.0,101.4842,0.0,26.1494,0,0.0,0.0,245.9265,245.9265,0.0,0.0,0.0,0.0,0.0,245.9265,0.0,3271.9195,245.9265,0.0,245.7941,3271.9195,245.9265,0.0,245.7941,3271.9195,245.9265
2025-12-24 01:00:00,245.9265,489.62,1649588.47,0.0,101.4842,0.0,25.8162,0,0.0,0.0,245.9265,245.9265,0.0,0.0,0.0,0.0,0.0,0.0,3271.9195,245.9265,0.0,245.7941,3271.9195,245.9265,0.0,245.7941,3271.9195,245.9265,0.0
2025-12-24 07:00:00,0.0,489.6192,1646562.48,-3025.99,101.298,0.0,25.4872,0,0.0,0.0,245.9265,245.9265,0.0,0.0,0.0,0.0,0.0,3271.9195,245.9265,0.0,245.7941,3271.9195,245.9265,0.0,245.7941,3271.9195,245.9265,0.0,245.7941
2025-12-24 13:00:00,3271.9195,489.622,1649588.47,3025.99,101.4842,0.0,25.1625,0,0.0,0.0,0.0,245.9265,0.0,0.0,0.0,0.0,0.0,245.9265,0.0,245.7941,3271.9195,245.9265,0.0,245.7941,3271.9195,245.9265,0.0,245.7941,245.7941
2025-12-24 19:00:00,245.9265,489.6205,1649588.47,0.0,101.4842,0.0,24.8419,0,0.0,0.0,3271.9195,0.0,0.0,0.0,0.0,0.0,0.0,0.0,245.7941,3271.9195,245.9265,0.0,245.7941,3271.9195,245.9265,0.0,245.7941,245.7941,245.7941
2025-12-25 01:00:00,0.0,489.6178,1646562.48,-3025.99,101.298,0.0,24.5254,0,0.0,0.0,245.9265,3271.9195,0.0,0.0,0.0,0.0,0.0,245.7941,3271.9195,245.9265,0.0,245.7941,3271.9195,245.9265,0.0,245.7941,245.7941,245.7941,245.7941
2025-12-25 07:00:00,245.7941,489.6182,1646562.48,0.0,101.298,0.0,24.2129,0,0.0,0.0,0.0,245.9265,0.0,0.0,0.0,0.0,0.0,3271.9195,245.9265,0.0,245.7941,3271.9195,245.9265,0.0,245.7941,245.7941,245.7941,245.7941,245.7941
2025-12-25 13:00:00,3271.9195,489.6242,1649588.47,3025.99,101.4842,0.0,23.9044,0,0.0,0.0,245.7941,0.0,0.0,0.0,0.0,0.0,0.0,245.9265,0.0,245.7941,3271.9195,245.9265,0.0,245.7941,245.7941,245.7941,245.7941,245.7941,245.7941
2025-12-25 19:00:00,245.9265,489.6223,1649588.47,0.0,101.4842,0.0,23.5998,0,0.0,0.0,3271.9195,245.7941,0.0,0.0,0.0,0.0,0.0,0.0,245.7941,3271.9195,245.9265,0.0,245.7941,245.7941,245.7941,245.7941,245.7941,245.7941,245.7941
2025-12-26 01:00:00,0.0,489.619,1646562.48,-3025.99,101.298,0.0,23.2991,0,0.0,0.0,245.9265,3271.9195,0.0,0.0,0.0,0.0,0.0,245.7941,3271.9195,245.9265,0.0,245.7941,245.7941,245.7941,245.7941,245.7941,245.7941,245.7941,245.7941
2025-12-26 07:00:00,245.7941,489.6185,1646562.48,0.0,101.298,0.0,23.0022,0,0.0,0.0,0.0,245.9265,0.0,0.0,0.0,0.0,0.0,3271.9195,245.9265,0.0,245.7941,245.7941,245.7941,245.7941,245.7941,245.7941,245.7941,245.7941,0.0
2025-12-26 13:00:00,3271.9195,489.624,1649588.47,3025.99,101.4842,0.0,22.7091,0,0.0,0.0,245.7941,0.0,0.0,0.0,0.0,0.0,0.0,245.9265,0.0,245.7941,245.7941,245.7941,245.7941,245.7941,245.7941,245.7941,245.7941,0.0,3270.0561
2025-12-26 19:00:00,245.9265,489.6205,1649588.47,0.0,101.4842,0.0,22.4198,0,0.0,0.0,3271.9195,245.7941,0.0,0.0,0.0,0.0,0.0,0.0,245.7941,245.7941,245.7941,245.7941,245.7941,245.7941,245.7941,245.7941,0.0,3270.0561,245.7941
2025-12-27 01:00:00,0.0,489.6178,1646562.48,-3025.99,101.298,0.0,22.1341,0,0.0,0.0,245.9265,3271.9195,0.0,0.0,0.0,0.0,0.0,245.7941,245.7941,245.7941,245.7941,245.7941,245.7941,245.7941,245.7941,0.0,3270.0561,245.7941,0.0
2025-12-27 07:00:00,245.7941,489.6158,1646562.48,0.0,101.298,0.0,21.8521,0,0.0,0.0,0.0,245.9265,0.0,0.0,0.0,0.0,0.0,245.7941,245.7941,245.7941,245.7941,245.7941,245.7941,245.7941,0.0,3270.0561,245.7941,0.0,245.1555
2025-12-27 13:00:00,245.7941,489.6177,1646562.48,0.0,101.298,0.0,21.5737,0,0.0,0.0,245.7941,0.0,0.0,0.0,0.0,0.0,0.0,245.7941,245.7941,245.7941,245.7941,245.7941,245.7941,0.0,3270.0561,245.7941,0.0,245.1555,245.1555
2025-12-27 19:00:00,245.7941,489.6195,1646562.48,0.0,101.298,0.0,21.2988,0,0.0,0.0,245.7941,245.7941,0.0,0.0,0.0,0.0,0.0,245.7941,245.7941,245.7941,245.7941,245.7941,0.0,3270.0561,245.7941,0.0,245.1555,245.1555,245.1555
2025-12-28 01:00:00,245.7941,489.6125,1646562.48,0.0,101.298,0.0,21.0274,0,0.0,0.0,245.7941,245.7941,0.0,0.0,0.0,0.0,0.0,245.7941,245.7941,245.7941,245.7941,0.0,3270.0561,245.7941,0.0,245.1555,245.1555,245.1555,245.1555
2025-12-28 07:00:00,245.7941,489.6118,1646562.48,0.0,101.298,0.0,20.7595,0,0.0,0.0,245.7941,245.7941,0.0,0.0,0.0,0.0,0.0,245.7941,245.7941,245.7941,0.0,3270.0561,245.7941,0.0,245.1555,245.1555,245.1555,245.1555,245.1555
2025-12-28 13:00:00,245.7941,489.6145,1646562.48,0.0,101.298,0.0,20.495,0,0.0,0.0,245.7941,245.7941,0.0,0.0,0.0,0.0,0.0,245.7941,245.7941,0.0,3270.0561,245.7941,0.0,245.1555,245.1555,245.1555,245.1555,245.1555,245.1555
2025-12-28 19:00:00,245.7941,489.6143,1646562.48,0.0,101.298,0.0,20.2339,0,0.0,0.0,245.7941,245.7941,0.0,0.0,0.0,0.0,0.0,245.7941,0.0,3270.0561,245.7941,0.0,245.1555,245.1555,245.1555,245.1555,245.1555,245.1555,245.1555
2025-12-29 01:00:00,245.7941,489.6103,1646562.48,0.0,101.298,0.0,19.9761,0,0.0,0.0,245.7941,245.7941,0.0,0.0,0.0,0.0,0.0,0.0,3270.0561,245.7941,0.0,245.1555,245.1555,245.1555,245.1555,245.1555,245.1555,245.1555,252.0528
2025-12-29 07:00:00,0.0,489.609,1643538.22,-3024.26,101.112,0.0,19.7215,0,0.0,0.0,245.7941,245.7941,0.0,0.0,0.0,0.0,0.0,3270.0561,245.7941,0.0,245.1555,245.1555,245.1555,245.1555,245.1555,245.1555,245.1555,252.0528,252.0528
2025-12-29 13:00:00,3270.0561,489.6127,1646562.48,3024.26,101.298,0.0,19.4703,0,0.0,0.0,0.0,245.7941,0.0,0.0,0.0,0.0,0.0,245.7941,0.0,245.1555,245.1555,245.1555,245.1555,245.1555,245.1555,245.1555,252.0528,252.0528,3276.9714
2025-12-29 19:00:00,245.7941,489.6115,1646562.48,0.0,101.298,0.0,19.2222,0,0.0,0.0,3270.0561,0.0,0.0,0.0,0.0,0.0,0.0,0.0,245.1555,245.1555,245.1555,245.1555,245.1555,245.1555,245.1555,252.0528,252.0528,3276.9714,252.7094
2025-12-30 01:00:00,0.0,489.6072,1643538.22,-3024.26,101.112,0.0,18.9773,0,0.0,0.0,245.7941,3270.0561,0.0,0.0,0.0,0.0,0.0,245.1555,245.1555,245.1555,245.1555,245.1555,245.1555,245.1555,252.0528,252.0528,3276.9714,252.7094,0.0
2025-12-30 07:00:00,245.1555,489.6048,1643538.22,0.0,101.112,0.0,18.7355,0,0.0,0.0,0.0,245.7941,0.0,0.0,0.0,0.0,0.0,245.1555,245.1555,245.1555,245.1555,245.1555,245.1555,252.0528,252.0528,3276.9714,252.7094,0.0,252.0528
2025-12-30 13:00:00,245.1555,489.6073,1643538.22,0.0,101.112,0.0,18.4967,0,0.0,0.0,245.1555,0.0,0.0,0.0,0.0,0.0,0.0,245.1555,245.1555,245.1555,245.1555,245.1555,252.0528,252.0528,3276.9714,252.7094,0.0,252.0528,3276.9714
2025-12-30 19:00:00,245.1555,489.6095,1643538.22,0.0,101.112,0.0,18.2611,0,0.0,0.0,245.1555,245.1555,0.0,0.0,0.0,0.0,0.0,245.1555,245.1555,245.1555,245.1555,252.0528,252.0528,3276.9714,252.7094,0.0,252.0528,3276.9714,252.7094
2025-12-31 01:00:00,245.1555,489.6042,1643538.22,0.0,101.112,0.0,18.0284,0,0.0,0.0,245.1555,245.1555,0.0,0.0,0.0,0.0,0.0,245.1555,245.1555,245.1555,252.0528,252.0528,3276.9714,252.7094,0.0,252.0528,3276.9714,252.7094,0.0
2025-12-31 07:00:00,245.1555,489.6027,1643538.22,0.0,101.112,0.0,17.7987,0,0.0,0.0,245.1555,245.1555,0.0,0.0,0.0,0.0,0.0,245.1555,245.1555,252.0528,252.0528,3276.9714,252.7094,0.0,252.0528,3276.9714,252.7094,0.0,0.0
2025-12-31 13:00:00,245.1555,489.6052,1643538.22,0.0,101.112,0.0,17.5719,0,0.0,0.0,245.1555,245.1555,0.0,0.0,0.0,0.0,0.0,245.1555,252.0528,252.0528,3276.9714,252.7094,0.0,252.0528,3276.9714,252.7094,0.0,0.0,3268.3951
2025-12-31 19:00:00,245.1555,489.6072,1643538.22,0.0,101.112,0.0,17.348,0,0.0,0.0,245.1555,245.1555,0.0,0.0,0.0,0.0,0.0,252.0528,252.0528,3276.9714,252.7094,0.0,252.0528,3276.9714,252.7094,0.0,0.0,3268.3951,252.0528
2026-01-01 01:00:00,252.0528,489.602,1643538.22,0.0,101.112,0.0,17.127,0,0.0,0.0,245.1555,245.1555,0.0,0.0,0.0,0.0,0.0,252.0528,3276.9714,252.7094,0.0,252.0528,3276.9714,252.7094,0.0,0.0,3268.3951,252.0528,0.0
2026-01-01 07:00:00,252.0528,489.6005,1643538.22,0.0,101.112,0.0,16.9088,0,0.0,0.0,252.0528,245.1555,0.0,0.0,0.0,0.0,0.0,3276.9714,252.7094,0.0,252.0528,3276.9714,252.7094,0.0,0.0,3268.3951,252.0528,0.0,251.8931
2026-01-01 13:00:00,3276.9714,489.6178,1646562.48,3024.26,101.298,0.0,16.6933,0,0.0,0.0,252.0528,252.0528,0.0,0.0,0.0,0.0,0.0,252.7094,0.0,252.0528,3276.9714,252.7094,0.0,0.0,3268.3951,252.0528,0.0,251.8931,3268.3951
2026-01-01 19:00:00,252.7094,489.6155,1646562.48,0.0,101.298,0.0,16.4806,0,0.0,0.0,3276.9714,252.0528,0.0,0.0,0.0,0.0,0.0,0.0,252.0528,3276.9714,252.7094,0.0,0.0,3268.3951,252.0528,0.0,251.8931,3268.3951,252.0528
2026-01-02 01:00:00,0.0,489.603,1643538.22,-3024.26,101.112,0.0,16.2706,0,0.0,0.0,252.7094,3276.9714,0.0,0.0,0.0,0.0,0.0,252.0528,3276.9714,252.7094,0.0,0.0,3268.3951,252.0528,0.0,251.8931,3268.3951,252.0528,0.0
2026-01-02 07:00:00,252.0528,489.6013,1643538.22,0.0,101.112,0.0,16.0633,0,0.0,0.0,0.0,252.7094,0.0,0.0,0.0,0.0,0.0,3276.9714,252.7094,0.0,0.0,3268.3951,252.0528,0.0,251.8931,3268.3951,252.0528,0.0,251.8931
2026-01-02 13:00:00,3276.9714,489.6107,1646562.48,3024.26,101.298,0.0,15.8586,0,0.0,0.0,252.0528,0.0,0.0,0.0,0.0,0.0,0.0,252.7094,0.0,0.0,3268.3951,252.0528,0.0,251.8931,3268.3951,252.0528,0.0,251.8931,3268.3951
2026-01-02 19:00:00,252.7094,489.6113,1646562.48,0.0,101.298,0.0,15.6566,0,0.0,0.0,3276.9714,252.0528,0.0,0.0,0.0,0.0,0.0,0.0,0.0,3268.3951,252.0528,0.0,251.8931,3268.3951,252.0528,0.0,251.8931,3268.3951,0.0
2026-01-03 01:00:00,0.0,489.602,1643538.22,-3024.26,101.112,0.0,15.4571,0,0.0,0.0,252.7094,3276.9714,0.0,0.0,0.0,0.0,0.0,0.0,3268.3951,252.0528,0.0,251.8931,3268.3951,252.0528,0.0,251.8931,3268.3951,0.0,251.8931
2026-01-03 07:00:00,0.0,489.5993,1640521.87,-3016.34,100.9264,0.0,15.2601,0,0.0,0.0,0.0,252.7094,0.0,0.0,0.0,0.0,0.0,3268.3951,252.0528,0.0,251.8931,3268.3951,252.0528,0.0,251.8931,3268.3951,0.0,251.8931,0.0
2026-01-03 13:00:00,3268.3951,489.6095,1643538.22,3016.34,101.112,0.0,15.0657,0,0.0,0.0,0.0,0.0,0.0,0.0,0.0,0.0,0.0,252.0528,0.0,251.8931,3268.3951,252.0528,0.0,251.8931,3268.3951,0.0,251.8931,0.0,4659.7476
2026-01-03 19:00:00,252.0528,489.6083,1643538.22,0.0,101.112,0.0,14.8738,0,0.0,0.0,3268.3951,0.0,0.0,0.0,0.0,0.0,0.0,0.0,251.8931,3268.3951,252.0528,0.0,251.8931,3268.3951,0.0,251.8931,0.0,4659.7476,1645.0931
2026-01-04 01:00:00,0.0,489.6,1640521.87,-3016.34,100.9264,0.0,14.6842,0,0.0,0.0,252.0528,3268.3951,0.0,0.0,0.0,0.0,0.0,251.8931,3268.3951,252.0528,0.0,251.8931,3268.3951,0.0,251.8931,0.0,4659.7476,1645.0931,0.0
2026-01-04 07:00:00,251.8931,489.5998,1640521.87,0.0,100.9264,0.0,14.4971,0,0.0,0.0,0.0,252.0528,0.0,0.0,0.0,0.0,0.0,3268.3951,252.0528,0.0,251.8931,3268.3951,0.0,251.8931,0.0,4659.7476,1645.0931,0.0,0.0
2026-01-04 13:00:00,3268.3951,489.6093,1643538.22,3016.34,101.112,0.0,14.3124,0,0.0,0.0,251.8931,0.0,0.0,0.0,0.0,0.0,0.0,252.0528,0.0,251.8931,3268.3951,0.0,251.8931,0.0,4659.7476,1645.0931,0.0,0.0,1644.8307
2026-01-04 19:00:00,252.0528,489.6048,1643538.22,0.0,101.112,0.0,14.1301,0,0.0,0.0,3268.3951,251.8931,0.0,0.0,0.0,0.0,0.0,0.0,251.8931,3268.3951,0.0,251.8931,0.0,4659.7476,1645.0931,0.0,0.0,1644.8307,0.0
2026-01-05 01:00:00,0.0,489.5968,1640521.87,-3016.34,100.9264,0.0,13.95,0,0.0,0.0,252.0528,3268.3951,0.0,0.0,0.0,0.0,0.0,251.8931,3268.3951,0.0,251.8931,0.0,4659.7476,1645.0931,0.0,0.0,1644.8307,0.0,0.0
2026-01-05 07:00:00,251.8931,489.593,1640521.87,0.0,100.9264,0.0,13.7723,0,0.0,0.0,0.0,252.0528,0.0,0.0,0.0,0.0,0.0,3268.3951,0.0,251.8931,0.0,4659.7476,1645.0931,0.0,0.0,1644.8307,0.0,0.0,0.0
2026-01-05 13:00:00,3268.3951,489.6008,1643538.22,3016.34,101.112,0.0,13.5968,0,0.0,0.0,251.8931,0.0,0.0,0.0,0.0,0.0,0.0,0.0,251.8931,0.0,4659.7476,1645.0931,0.0,0.0,1644.8307,0.0,0.0,0.0,251.2387
2026-01-05 19:00:00,0.0,489.5975,1640521.87,-3016.34,100.9264,0.0,13.4236,0,0.0,0.0,3268.3951,251.8931,0.0,0.0,0.0,0.0,0.0,251.8931,0.0,4659.7476,1645.0931,0.0,0.0,1644.8307,0.0,0.0,0.0,251.2387,251.2387
2026-01-06 01:00:00,251.8931,489.593,1640521.87,0.0,100.9264,0.0,13.2525,0,0.0,0.0,0.0,3268.3951,0.0,0.0,0.0,0.0,0.0,0.0,4659.7476,1645.0931,0.0,0.0,1644.8307,0.0,0.0,0.0,251.2387,251.2387,0.0
2026-01-06 07:00:00,0.0,489.588,1637507.22,-3014.65,100.7409,0.0,13.0837,0,0.0,0.0,251.8931,0.0,0.0,0.0,0.0,0.0,0.0,4659.7476,1645.0931,0.0,0.0,1644.8307,0.0,0.0,0.0,251.2387,251.2387,0.0,3258.2248
2026-01-06 13:00:00,4659.7476,489.5975,1640521.87,3014.65,100.9264,0.0,12.917,1,5572.8,0.0,0.0,251.8931,0.0,0.0,0.0,0.0,0.0,1645.0931,0.0,0.0,1644.8307,0.0,0.0,0.0,251.2387,251.2387,0.0,3258.2248,3259.9156
2026-01-06 19:00:00,1645.0931,489.5943,1640521.87,0.0,100.9264,0.0,12.7524,1,5572.8,0.0,4659.7476,0.0,0.0,0.0,0.0,0.0,0.0,0.0,0.0,1644.8307,0.0,0.0,0.0,251.2387,251.2387,0.0,3258.2248,3259.9156,251.3689
2026-01-07 01:00:00,0.0,489.5813,1637507.22,-3014.65,100.7409,0.0,12.5899,1,5572.8,0.0,1645.0931,4659.7476,0.0,0.0,0.0,0.0,0.0,0.0,1644.8307,0.0,0.0,0.0,251.2387,251.2387,0.0,3258.2248,3259.9156,251.3689,0.0
2026-01-07 07:00:00,0.0,489.5767,1634494.02,-3013.2,100.5555,0.0,12.4295,1,5572.8,0.0,0.0,1645.0931,0.0,0.0,0.0,0.0,0.0,1644.8307,0.0,0.0,0.0,251.2387,251.2387,0.0,3258.2248,3259.9156,251.3689,0.0,3259.9156
2026-01-07 13:00:00,1644.8307,489.5772,1634494.02,0.0,100.5555,0.0,12.2711,1,5572.8,0.0,0.0,0.0,0.0,0.0,0.0,0.0,0.0,0.0,0.0,0.0,251.2387,251.2387,0.0,3258.2248,3259.9156,251.3689,0.0,3259.9156,251.3689
2026-01-07 19:00:00,0.0,489.5647,1631482.4,-3011.62,100.3703,0.0,12.1148,1,5572.8,0.0,1644.8307,0.0,0.0,0.0,0.0,0.0,0.0,0.0,0.0,251.2387,251.2387,0.0,3258.2248,3259.9156,251.3689,0.0,3259.9156,251.3689,251.3689
2026-01-08 01:00:00,0.0,489.5513,1628472.31,-3010.09,100.1851,0.0,11.9604,1,5572.8,0.0,0.0,1644.8307,0.0,0.0,0.0,0.0,0.0,0.0,251.2387,251.2387,0.0,3258.2248,3259.9156,251.3689,0.0,3259.9156,251.3689,251.3689,251.3689
2026-01-08 07:00:00,0.0,489.5438,1625463.76,-3008.55,100.0,0.0,11.808,1,5572.8,0.0,0.0,0.0,0.0,0.0,0.0,0.0,0.0,251.2387,251.2387,0.0,3258.2248,3259.9156,251.3689,0.0,3259.9156,251.3689,251.3689,251.3689,251.3689
2026-01-08 13:00:00,251.2387,489.5468,1625463.76,0.0,100.0,0.0,11.6576,0,0.0,0.0,0.0,0.0,0.0,0.0,0.0,0.0,0.0,251.2387,0.0,3258.2248,3259.9156,251.3689,0.0,3259.9156,251.3689,251.3689,251.3689,251.3689,3261.589
2026-01-08 19:00:00,251.2387,489.5422,1625463.76,0.0,100.0,0.0,11.509,0,0.0,0.0,251.2387,0.0,0.0,0.0,0.0,0.0,0.0,0.0,3258.2248,3259.9156,251.3689,0.0,3259.9156,251.3689,251.3689,251.3689,251.3689,3261.589,251.4996
2026-01-09 01:00:00,0.0,489.5373,1622456.77,-3006.99,99.815,0.0,11.3624,0,0.0,0.0,251.2387,251.2387,0.0,0.0,0.0,0.0,0.0,3258.2248,3259.9156,251.3689,0.0,3259.9156,251.3689,251.3689,251.3689,251.3689,3261.589,251.4996,0.0
2026-01-09 07:00:00,3258.2248,489.5412,1625463.76,3006.99,100.0,0.0,11.2176,0,0.0,0.0,0.0,251.2387,0.0,0.0,0.0,0.0,0.0,3259.9156,251.3689,0.0,3259.9156,251.3689,251.3689,251.3689,251.3689,3261.589,251.4996,0.0,3261.589
2026-01-09 13:00:00,3259.9156,489.5555,1628472.31,3008.55,100.1851,0.0,11.0747,0,0.0,0.0,3258.2248,0.0,0.0,0.0,0.0,0.0,0.0,251.3689,0.0,3259.9156,251.3689,251.3689,251.3689,251.3689,3261.589,251.4996,0.0,3261.589,251.4996
2026-01-09 19:00:00,251.3689,489.554,1628472.31,0.0,100.1851,0.0,10.9336,0,0.0,0.0,3259.9156,3258.2248,0.0,0.0,0.0,0.0,0.0,0.0,3259.9156,251.3689,251.3689,251.3689,251.3689,3261.589,251.4996,0.0,3261.589,251.4996,251.4996
2026-01-10 01:00:00,0.0,489.5472,1625463.76,-3008.55,100.0,0.0,10.7943,0,0.0,0.0,251.3689,3259.9156,0.0,0.0,0.0,0.0,0.0,3259.9156,251.3689,251.3689,251.3689,251.3689,3261.589,251.4996,0.0,3261.589,251.4996,251.4996,251.4996
2026-01-10 07:00:00,3259.9156,489.5502,1628472.31,3008.55,100.1851,0.0,10.6567,0,0.0,0.0,0.0,251.3689,0.0,0.0,0.0,0.0,0.0,251.3689,251.3689,251.3689,251.3689,3261.589,251.4996,0.0,3261.589,251.4996,251.4996,251.4996,251.4996
2026-01-10 13:00:00,251.3689,489.5595,1628472.31,0.0,100.1851,0.0,10.5209,0,0.0,0.0,3259.9156,0.0,0.0,0.0,0.0,0.0,0.0,251.3689,251.3689,251.3689,3261.589,251.4996,0.0,3261.589,251.4996,251.4996,251.4996,251.4996,251.4996
2026-01-10 19:00:00,251.3689,489.5593,1628472.31,0.0,100.1851,0.0,10.3869,0,0.0,0.0,251.3689,3259.9156,0.0,0.0,0.0,0.0,0.0,251.3689,251.3689,3261.589,251.4996,0.0,3261.589,251.4996,251.4996,251.4996,251.4996,251.4996,251.4996
2026-01-11 01:00:00,251.3689,489.5548,1628472.31,0.0,100.1851,0.0,10.2546,0,0.0,0.0,251.3689,251.3689,0.0,0.0,0.0,0.0,0.0,251.3689,3261.589,251.4996,0.0,3261.589,251.4996,251.4996,251.4996,251.4996,251.4996,251.4996,251.4996
2026-01-11 07:00:00,251.3689,489.5533,1628472.31,0.0,100.1851,0.0,10.1239,0,0.0,0.0,251.3689,251.3689,0.0,0.0,0.0,0.0,0.0,3261.589,251.4996,0.0,3261.589,251.4996,251.4996,251.4996,251.4996,251.4996,251.4996,251.4996,251.4996
2026-01-11 13:00:00,3261.589,489.5653,1631482.4,3010.09,100.3703,0.0,9.9949,0,0.0,0.0,251.3689,251.3689,0.0,0.0,0.0,0.0,0.0,251.4996,0.0,3261.589,251.4996,251.4996,251.4996,251.4996,251.4996,251.4996,251.4996,251.4996,3263.252
2026-01-11 19:00:00,251.4996,489.5617,1631482.4,0.0,100.3703,0.0,9.8676,0,0.0,0.0,3261.589,251.3689,0.0,0.0,0.0,0.0,0.0,0.0,3261.589,251.4996,251.4996,251.4996,251.4996,251.4996,251.4996,251.4996,251.4996,3263.252,0.0
2026-01-12 01:00:00,0.0,489.559,1628472.31,-3010.09,100.1851,0.0,9.7418,0,0.0,0.0,251.4996,3261.589,0.0,0.0,0.0,0.0,0.0,3261.589,251.4996,251.4996,251.4996,251.4996,251.4996,251.4996,251.4996,251.4996,3263.252,0.0,251.4996
2026-01-12 07:00:00,3261.589,489.561,1631482.4,3010.09,100.3703,0.0,9.6177,0,0.0,0.0,0.0,251.4996,0.0,0.0,0.0,0.0,0.0,251.4996,251.4996,251.4996,251.4996,251.4996,251.4996,251.4996,251.4996,3263.252,0.0,251.4996,251.4996
2026-01-12 13:00:00,251.4996,489.5695,1631482.4,0.0,100.3703,0.0,9.4952,0,0.0,0.0,3261.589,0.0,0.0,0.0,0.0,0.0,0.0,251.4996,251.4996,251.4996,251.4996,251.4996,251.4996,251.4996,3263.252,0.0,251.4996,251.4996,3263.252
2026-01-12 19:00:00,251.4996,489.5657,1631482.4,0.0,100.3703,0.0,9.3742,0,0.0,0.0,251.4996,3261.589,0.0,0.0,0.0,0.0,0.0,251.4996,251.4996,251.4996,251.4996,251.4996,251.4996,3263.252,0.0,251.4996,251.4996,3263.252,251.6307
2026-01-13 01:00:00,251.4996,489.561,1631482.4,0.0,100.3703,0.0,9.2547,0,0.0,0.0,251.4996,251.4996,0.0,0.0,0.0,0.0,0.0,251.4996,251.4996,251.4996,251.4996,251.4996,3263.252,0.0,251.4996,251.4996,3263.252,251.6307,0.0
2026-01-13 07:00:00,251.4996,489.561,1631482.4,0.0,100.3703,0.0,9.1368,0,0.0,0.0,251.4996,251.4996,0.0,0.0,0.0,0.0,0.0,251.4996,251.4996,251.4996,251.4996,3263.252,0.0,251.4996,251.4996,3263.252,251.6307,0.0,251.4996
2026-01-13 13:00:00,251.4996,489.5683,1631482.4,0.0,100.3703,0.0,9.0204,0,0.0,0.0,251.4996,251.4996,0.0,0.0,0.0,0.0,0.0,251.4996,251.4996,251.4996,3263.252,0.0,251.4996,251.4996,3263.252,251.6307,0.0,251.4996,3263.252
2026-01-13 19:00:00,251.4996,489.5697,1631482.4,0.0,100.3703,0.0,8.9055,0,0.0,0.0,251.4996,251.4996,0.0,0.0,0.0,0.0,0.0,251.4996,251.4996,3263.252,0.0,251.4996,251.4996,3263.252,251.6307,0.0,251.4996,3263.252,251.6307
2026-01-14 01:00:00,251.4996,489.5662,1631482.4,0.0,100.3703,0.0,8.792,0,0.0,0.0,251.4996,251.4996,0.0,0.0,0.0,0.0,0.0,251.4996,3263.252,0.0,251.4996,251.4996,3263.252,251.6307,0.0,251.4996,3263.252,251.6307,251.6307
2026-01-14 07:00:00,251.4996,489.568,1631482.4,0.0,100.3703,0.0,8.68,0,0.0,0.0,251.4996,251.4996,0.0,0.0,0.0,0.0,0.0,3263.252,0.0,251.4996,251.4996,3263.252,251.6307,0.0,251.4996,3263.252,251.6307,251.6307,251.6307
2026-01-14 13:00:00,3263.252,489.5723,1634494.02,3011.62,100.5555,0.0,8.5694,0,0.0,0.0,251.4996,251.4996,0.0,0.0,0.0,0.0,0.0,0.0,251.4996,251.4996,3263.252,251.6307,0.0,251.4996,3263.252,251.6307,251.6307,251.6307,251.6307
2026-01-14 19:00:00,0.0,489.5697,1631482.4,-3011.62,100.3703,0.0,8.4602,0,0.0,0.0,3263.252,251.4996,0.0,0.0,0.0,0.0,0.0,251.4996,251.4996,3263.252,251.6307,0.0,251.4996,3263.252,251.6307,251.6307,251.6307,251.6307,251.6307
2026-01-15 01:00:00,251.4996,489.5682,1631482.4,0.0,100.3703,0.0,8.3524,0,0.0,0.0,0.0,3263.252,0.0,0.0,0.0,0.0,0.0,251.4996,3263.252,251.6307,0.0,251.4996,3263.252,251.6307,251.6307,251.6307,251.6307,251.6307,0.0
2026-01-15 07:00:00,251.4996,489.5677,1631482.4,0.0,100.3703,0.0,8.246,0,0.0,0.0,251.4996,0.0,0.0,0.0,0.0,0.0,0.0,3263.252,251.6307,0.0,251.4996,3263.252,251.6307,251.6307,251.6307,251.6307,251.6307,0.0,251.4996
2026-01-15 13:00:00,3263.252,489.5743,1634494.02,3011.62,100.5555,0.0,8.1409,0,0.0,0.0,251.4996,251.4996,0.0,0.0,0.0,0.0,0.0,251.6307,0.0,251.4996,3263.252,251.6307,251.6307,251.6307,251.6307,251.6307,0.0,251.4996,251.4996
2026-01-15 19:00:00,251.6307,489.5753,1634494.02,0.0,100.5555,0.0,8.0372,0,0.0,0.0,3263.252,251.4996,0.0,0.0,0.0,0.0,0.0,0.0,251.4996,3263.252,251.6307,251.6307,251.6307,251.6307,251.6307,0.0,251.4996,251.4996,251.4996
2026-01-16 01:00:00,0.0,489.5693,1631482.4,-3011.62,100.3703,0.0,7.9348,0,0.0,0.0,251.6307,3263.252,0.0,0.0,0.0,0.0,0.0,251.4996,3263.252,251.6307,251.6307,251.6307,251.6307,251.6307,0.0,251.4996,251.4996,251.4996,251.4996
2026-01-16 07:00:00,251.4996,489.5688,1631482.4,0.0,100.3703,0.0,7.8337,0,0.0,0.0,0.0,251.6307,0.0,0.0,0.0,0.0,0.0,3263.252,251.6307,251.6307,251.6307,251.6307,251.6307,0.0,251.4996,251.4996,251.4996,251.4996,251.4996
2026-01-16 13:00:00,3263.252,489.5735,1634494.02,3011.62,100.5555,0.0,7.7339,0,0.0,0.0,251.4996,0.0,0.0,0.0,0.0,0.0,0.0,251.6307,251.6307,251.6307,251.6307,251.6307,0.0,251.4996,251.4996,251.4996,251.4996,251.4996,251.4996
2026-01-16 19:00:00,251.6307,489.5733,1634494.02,0.0,100.5555,0.0,7.6353,0,0.0,0.0,3263.252,251.4996,0.0,0.0,0.0,0.0,0.0,251.6307,251.6307,251.6307,251.6307,0.0,251.4996,251.4996,251.4996,251.4996,251.4996,251.4996,251.4996
2026-01-17 01:00:00,251.6307,489.573,1634494.02,0.0,100.5555,0.0,7.538,0,0.0,0.0,251.6307,3263.252,0.0,0.0,0.0,0.0,0.0,251.6307,251.6307,251.6307,0.0,251.4996,251.4996,251.4996,251.4996,251.4996,251.4996,251.4996,251.4996
2026-01-17 07:00:00,251.6307,489.5718,1634494.02,0.0,100.5555,0.0,7.442,0,0.0,0.0,251.6307,251.6307,0.0,0.0,0.0,0.0,0.0,251.6307,251.6307,0.0,251.4996,251.4996,251.4996,251.4996,251.4996,251.4996,251.4996,251.4996,251.4996
2026-01-17 13:00:00,251.6307,489.5722,1634494.02,0.0,100.5555,0.0,7.3472,0,0.0,0.0,251.6307,251.6307,0.0,0.0,0.0,0.0,0.0,251.6307,0.0,251.4996,251.4996,251.4996,251.4996,251.4996,251.4996,251.4996,251.4996,251.4996,251.4996
2026-01-17 19:00:00,251.6307,489.5722,1634494.02,0.0,100.5555,0.0,7.2536,0,0.0,0.0,251.6307,251.6307,0.0,0.0,0.0,0.0,0.0,0.0,251.4996,251.4996,251.4996,251.4996,251.4996,251.4996,251.4996,251.4996,251.4996,251.4996,251.4996
2026-01-18 01:00:00,0.0,489.5683,1631482.4,-3011.62,100.3703,0.0,7.1611,0,0.0,0.0,251.6307,251.6307,0.0,0.0,0.0,0.0,0.0,251.4996,251.4996,251.4996,251.4996,251.4996,251.4996,251.4996,251.4996,251.4996,251.4996,251.4996,251.4996
2026-01-18 07:00:00,251.4996,489.568,1631482.4,0.0,100.3703,0.0,7.0699,0,0.0,0.0,0.0,251.6307,0.0,0.0,0.0,0.0,0.0,251.4996,251.4996,251.4996,251.4996,251.4996,251.4996,251.4996,251.4996,251.4996,251.4996,251.4996,251.4996
2026-01-18 13:00:00,251.4996,489.569,1631482.4,0.0,100.3703,0.0,6.9798,0,0.0,0.0,251.4996,0.0,0.0,0.0,0.0,0.0,0.0,251.4996,251.4996,251.4996,251.4996,251.4996,251.4996,251.4996,251.4996,251.4996,251.4996,251.4996,251.4996
2026-01-18 19:00:00,251.4996,489.5695,1631482.4,0.0,100.3703,0.0,6.8909,0,0.0,0.0,251.4996,251.4996,0.0,0.0,0.0,0.0,0.0,251.4996,251.4996,251.4996,251.4996,251.4996,251.4996,251.4996,251.4996,251.4996,251.4996,251.4996,251.4996
2026-01-19 01:00:00,251.4996,489.5673,1631482.4,0.0,100.3703,0.0,6.8031,0,0.0,0.0,251.4996,251.4996,0.0,0.0,0.0,0.0,0.0,251.4996,251.4996,251.4996,251.4996,251.4996,251.4996,251.4996,251.4996,251.4996,251.4996,251.4996,251.4996
2026-01-19 07:00:00,251.4996,489.568,1631482.4,0.0,100.3703,0.0,6.7164,0,0.0,0.0,251.4996,251.4996,0.0,0.0,0.0,0.0,0.0,251.4996,251.4996,251.4996,251.4996,251.4996,251.4996,251.4996,251.4996,251.4996,251.4996,251.4996,251.4996
2026-01-19 13:00:00,251.4996,489.5688,1631482.4,0.0,100.3703,0.0,6.6308,0,0.0,0.0,251.4996,251.4996,0.0,0.0,0.0,0.0,0.0,251.4996,251.4996,251.4996,251.4996,251.4996,251.4996,251.4996,251.4996,251.4996,251.4996,251.4996,251.4996
2026-01-19 19:00:00,251.4996,489.5685,1631482.4,0.0,100.3703,0.0,6.5463,0,0.0,0.0,251.4996,251.4996,0.0,0.0,0.0,0.0,0.0,251.4996,251.4996,251.4996,251.4996,251.4996,251.4996,251.4996,251.4996,251.4996,251.4996,251.4996,251.4996
2026-01-20 01:00:00,251.4996,489.5673,1631482.4,0.0,100.3703,0.0,6.4629,0,0.0,0.0,251.4996,251.4996,0.0,0.0,0.0,0.0,0.0,251.4996,251.4996,251.4996,251.4996,251.4996,251.4996,251.4996,251.4996,251.4996,251.4996,251.4996,251.4996
2026-01-20 07:00:00,251.4996,489.568,1631482.4,0.0,100.3703,0.0,6.3806,0,0.0,0.0,251.4996,251.4996,0.0,0.0,0.0,0.0,0.0,251.4996,251.4996,251.4996,251.4996,251.4996,251.4996,251.4996,251.4996,251.4996,251.4996,251.4996,251.4996
2026-01-20 13:00:00,251.4996,489.5692,1631482.4,0.0,100.3703,0.0,6.2993,0,0.0,0.0,251.4996,251.4996,0.0,0.0,0.0,0.0,0.0,251.4996,251.4996,251.4996,251.4996,251.4996,251.4996,251.4996,251.4996,251.4996,251.4996,251.4996,251.4996
2026-01-20 19:00:00,251.4996,489.5688,1631482.4,0.0,100.3703,0.0,6.219,0,0.0,0.0,251.4996,251.4996,0.0,0.0,0.0,0.0,0.0,251.4996,251.4996,251.4996,251.4996,251.4996,251.4996,251.4996,251.4996,251.4996,251.4996,251.4996,251.4996
2026-01-21 01:00:00,251.4996,489.5667,1631482.4,0.0,100.3703,0.0,6.1398,0,0.0,0.0,251.4996,251.4996,0.0,0.0,0.0,0.0,0.0,251.4996,251.4996,251.4996,251.4996,251.4996,251.4996,251.4996,251.4996,251.4996,251.4996,251.4996,251.4996
2026-01-21 07:00:00,251.4996,489.5645,1631482.4,0.0,100.3703,0.0,6.0616,0,0.0,0.0,251.4996,251.4996,0.0,0.0,0.0,0.0,0.0,251.4996,251.4996,251.4996,251.4996,251.4996,251.4996,251.4996,251.4996,251.4996,251.4996,251.4996,251.4996
2026-01-21 13:00:00,251.4996,489.5657,1631482.4,0.0,100.3703,0.0,5.9843,0,0.0,0.0,251.4996,251.4996,0.0,0.0,0.0,0.0,0.0,251.4996,251.4996,251.4996,251.4996,251.4996,251.4996,251.4996,251.4996,251.4996,251.4996,251.4996,251.4996
2026-01-21 19:00:00,251.4996,489.5655,1631482.4,0.0,100.3703,0.0,5.9081,0,0.0,0.0,251.4996,251.4996,0.0,0.0,0.0,0.0,0.0,251.4996,251.4996,251.4996,251.4996,251.4996,251.4996,251.4996,251.4996,251.4996,251.4996,251.4996,251.4996
2026-01-22 01:00:00,251.4996,489.563,1631482.4,0.0,100.3703,0.0,5.8328,0,0.0,0.0,251.4996,251.4996,0.0,0.0,0.0,0.0,0.0,251.4996,251.4996,251.4996,251.4996,251.4996,251.4996,251.4996,251.4996,251.4996,251.4996,251.4996,251.4996
2026-01-22 07:00:00,251.4996,489.561,1631482.4,0.0,100.3703,0.0,5.7585,0,0.0,0.0,251.4996,251.4996,0.0,0.0,0.0,0.0,0.0,251.4996,251.4996,251.4996,251.4996,251.4996,251.4996,251.4996,251.4996,251.4996,251.4996,251.4996,251.4996
2026-01-22 13:00:00,251.4996,489.5648,1631482.4,0.0,100.3703,0.0,5.6851,0,0.0,0.0,251.4996,251.4996,0.0,0.0,0.0,0.0,0.0,251.4996,251.4996,251.4996,251.4996,251.4996,251.4996,251.4996,251.4996,251.4996,251.4996,251.4996,3263.252
2026-01-22 19:00:00,251.4996,489.5643,1631482.4,0.0,100.3703,0.0,5.6127,0,0.0,0.0,251.4996,251.4996,0.0,0.0,0.0,0.0,0.0,251.4996,251.4996,251.4996,251.4996,251.4996,251.4996,251.4996,251.4996,251.4996,251.4996,3263.252,0.0
2026-01-23 01:00:00,251.4996,489.5635,1631482.4,0.0,100.3703,0.0,5.5412,0,0.0,0.0,251.4996,251.4996,0.0,0.0,0.0,0.0,0.0,251.4996,251.4996,251.4996,251.4996,251.4996,251.4996,251.4996,251.4996,251.4996,3263.252,0.0,251.4996
2026-01-23 07:00:00,251.4996,489.5647,1631482.4,0.0,100.3703,0.0,5.4705,0,0.0,0.0,251.4996,251.4996,0.0,0.0,0.0,0.0,0.0,251.4996,251.4996,251.4996,251.4996,251.4996,251.4996,251.4996,251.4996,3263.252,0.0,251.4996,251.4996
2026-01-23 13:00:00,251.4996,489.5648,1631482.4,0.0,100.3703,0.0,5.4008,0,0.0,0.0,251.4996,251.4996,0.0,0.0,0.0,0.0,0.0,251.4996,251.4996,251.4996,251.4996,251.4996,251.4996,251.4996,3263.252,0.0,251.4996,251.4996,3263.252
2026-01-23 19:00:00,251.4996,489.564,1631482.4,0.0,100.3703,0.0,5.332,0,0.0,0.0,251.4996,251.4996,0.0,0.0,0.0,0.0,0.0,251.4996,251.4996,251.4996,251.4996,251.4996,251.4996,3263.252,0.0,251.4996,251.4996,3263.252,251.6307
2026-01-24 01:00:00,251.4996,489.5658,1631482.4,0.0,100.3703,0.0,5.2641,0,0.0,0.0,251.4996,251.4996,0.0,0.0,0.0,0.0,0.0,251.4996,251.4996,251.4996,251.4996,251.4996,3263.252,0.0,251.4996,251.4996,3263.252,251.6307,0.0
2026-01-24 07:00:00,251.4996,489.5647,1631482.4,0.0,100.3703,0.0,5.197,0,0.0,0.0,251.4996,251.4996,0.0,0.0,0.0,0.0,0.0,251.4996,251.4996,251.4996,251.4996,3263.252,0.0,251.4996,251.4996,3263.252,251.6307,0.0,3263.252
2026-01-24 13:00:00,251.4996,489.5657,1631482.4,0.0,100.3703,0.0,5.1308,0,0.0,0.0,251.4996,251.4996,0.0,0.0,0.0,0.0,0.0,251.4996,251.4996,251.4996,3263.252,0.0,251.4996,251.4996,3263.252,251.6307,0.0,3263.252,251.6307
2026-01-24 19:00:00,251.4996,489.5658,1631482.4,0.0,100.3703,0.0,5.0654,0,0.0,0.0,251.4996,251.4996,0.0,0.0,0.0,0.0,0.0,251.4996,251.4996,3263.252,0.0,251.4996,251.4996,3263.252,251.6307,0.0,3263.252,251.6307,251.6307
2026-01-25 01:00:00,251.4996,489.567,1631482.4,0.0,100.3703,0.0,5.0009,0,0.0,0.0,251.4996,251.4996,0.0,0.0,0.0,0.0,0.0,251.4996,3263.252,0.0,251.4996,251.4996,3263.252,251.6307,0.0,3263.252,251.6307,251.6307,251.6307
2026-01-25 07:00:00,251.4996,489.567,1631482.4,0.0,100.3703,0.0,4.9372,0,0.0,0.0,251.4996,251.4996,0.0,0.0,0.0,0.0,0.0,3263.252,0.0,251.4996,251.4996,3263.252,251.6307,0.0,3263.252,251.6307,251.6307,251.6307,251.6307
2026-01-25 13:00:00,3263.252,489.5712,1634494.02,3011.62,100.5555,0.0,4.8743,0,0.0,0.0,251.4996,251.4996,0.0,0.0,0.0,0.0,0.0,0.0,251.4996,251.4996,3263.252,251.6307,0.0,3263.252,251.6307,251.6307,251.6307,251.6307,251.6307
2026-01-25 19:00:00,0.0,489.5688,1631482.4,-3011.62,100.3703,0.0,4.8122,0,0.0,0.0,3263.252,251.4996,0.0,0.0,0.0,0.0,0.0,251.4996,251.4996,3263.252,251.6307,0.0,3263.252,251.6307,251.6307,251.6307,251.6307,251.6307,251.6307
2026-01-26 01:00:00,251.4996,489.567,1631482.4,0.0,100.3703,0.0,4.7508,0,0.0,0.0,0.0,3263.252,0.0,0.0,0.0,0.0,0.0,251.4996,3263.252,251.6307,0.0,3263.252,251.6307,251.6307,251.6307,251.6307,251.6307,251.6307,251.6307
2026-01-26 07:00:00,251.4996,489.567,1631482.4,0.0,100.3703,0.0,4.6903,0,0.0,0.0,251.4996,0.0,0.0,0.0,0.0,0.0,0.0,3263.252,251.6307,0.0,3263.252,251.6307,251.6307,251.6307,251.6307,251.6307,251.6307,251.6307,251.6307
2026-01-26 13:00:00,3263.252,489.5723,1634494.02,3011.62,100.5555,0.0,4.6306,0,0.0,0.0,251.4996,251.4996,0.0,0.0,0.0,0.0,0.0,251.6307,0.0,3263.252,251.6307,251.6307,251.6307,251.6307,251.6307,251.6307,251.6307,251.6307,251.6307
2026-01-26 19:00:00,251.6307,489.5708,1634494.02,0.0,100.5555,0.0,4.5716,0,0.0,0.0,3263.252,251.4996,0.0,0.0,0.0,0.0,0.0,0.0,3263.252,251.6307,251.6307,251.6307,251.6307,251.6307,251.6307,251.6307,251.6307,251.6307,251.6307
2026-01-27 01:00:00,0.0,489.57,1631482.4,-3011.62,100.3703,0.0,4.5133,0,0.0,0.0,251.6307,3263.252,0.0,0.0,0.0,0.0,0.0,3263.252,251.6307,251.6307,251.6307,251.6307,251.6307,251.6307,251.6307,251.6307,251.6307,251.6307,251.6307
2026-01-27 07:00:00,3263.252,489.5713,1634494.02,3011.62,100.5555,0.0,4.4558,0,0.0,0.0,0.0,251.6307,0.0,0.0,0.0,0.0,0.0,251.6307,251.6307,251.6307,251.6307,251.6307,251.6307,251.6307,251.6307,251.6307,251.6307,251.6307,251.6307
2026-01-27 13:00:00,251.6307,489.572,1634494.02,0.0,100.5555,0.0,4.399,0,0.0,0.0,3263.252,0.0,0.0,0.0,0.0,0.0,0.0,251.6307,251.6307,251.6307,251.6307,251.6307,251.6307,251.6307,251.6307,251.6307,251.6307,251.6307,251.6307
2026-01-27 19:00:00,251.6307,489.5718,1634494.02,0.0,100.5555,0.0,4.343,0,0.0,0.0,251.6307,3263.252,0.0,0.0,0.0,0.0,0.0,251.6307,251.6307,251.6307,251.6307,251.6307,251.6307,251.6307,251.6307,251.6307,251.6307,251.6307,251.6307
2026-01-28 01:00:00,251.6307,489.5718,1634494.02,0.0,100.5555,0.0,4.2876,0,0.0,0.0,251.6307,251.6307,0.0,0.0,0.0,0.0,0.0,251.6307,251.6307,251.6307,251.6307,251.6307,251.6307,251.6307,251.6307,251.6307,251.6307,251.6307,0.0
2026-01-28 07:00:00,251.6307,489.5705,1634494.02,0.0,100.5555,0.0,4.233,0,0.0,0.0,251.6307,251.6307,0.0,0.0,0.0,0.0,0.0,251.6307,251.6307,251.6307,251.6307,251.6307,251.6307,251.6307,251.6307,251.6307,251.6307,0.0,3263.252
2026-01-28 13:00:00,251.6307,489.571,1634494.02,0.0,100.5555,0.0,4.1791,0,0.0,0.0,251.6307,251.6307,0.0,0.0,0.0,0.0,0.0,251.6307,251.6307,251.6307,251.6307,251.6307,251.6307,251.6307,251.6307,251.6307,0.0,3263.252,251.6307
2026-01-28 19:00:00,251.6307,489.5718,1634494.02,0.0,100.5555,0.0,4.1258,0,0.0,0.0,251.6307,251.6307,0.0,0.0,0.0,0.0,0.0,251.6307,251.6307,251.6307,251.6307,251.6307,251.6307,251.6307,251.6307,0.0,3263.252,251.6307,251.6307
2026-01-29 01:00:00,251.6307,489.5732,1634494.02,0.0,100.5555,0.0,4.0733,0,0.0,0.0,251.6307,251.6307,0.0,0.0,0.0,0.0,0.0,251.6307,251.6307,251.6307,251.6307,251.6307,251.6307,251.6307,0.0,3263.252,251.6307,251.6307,0.0
2026-01-29 07:00:00,251.6307,489.571,1634494.02,0.0,100.5555,0.0,4.0214,0,0.0,0.0,251.6307,251.6307,0.0,0.0,0.0,0.0,0.0,251.6307,251.6307,251.6307,251.6307,251.6307,251.6307,0.0,3263.252,251.6307,251.6307,0.0,285.3307
2026-01-29 13:00:00,251.6307,489.5738,1634494.02,0.0,100.5555,0.0,3.9701,0,0.0,0.0,251.6307,251.6307,0.0,0.0,0.0,0.0,0.0,251.6307,251.6307,251.6307,251.6307,251.6307,0.0,3263.252,251.6307,251.6307,0.0,285.3307,3297.1006
2026-01-29 19:00:00,251.6307,489.5737,1634494.02,0.0,100.5555,0.0,3.9195,0,0.0,0.0,251.6307,251.6307,0.0,0.0,0.0,0.0,0.0,251.6307,251.6307,251.6307,251.6307,0.0,3263.252,251.6307,251.6307,0.0,285.3307,3297.1006,0.0
2026-01-30 01:00:00,251.6307,489.5728,1634494.02,0.0,100.5555,0.0,3.8696,0,0.0,0.0,251.6307,251.6307,0.0,0.0,0.0,0.0,0.0,251.6307,251.6307,251.6307,0.0,3263.252,251.6307,251.6307,0.0,285.3307,3297.1006,0.0,285.3307
2026-01-30 07:00:00,251.6307,489.572,1634494.02,0.0,100.5555,0.0,3.8203,0,0.0,0.0,251.6307,251.6307,0.0,0.0,0.0,0.0,0.0,251.6307,251.6307,0.0,3263.252,251.6307,251.6307,0.0,285.3307,3297.1006,0.0,285.3307,285.3307
2026-01-30 13:00:00,251.6307,489.57,1634494.02,0.0,100.5555,0.0,3.7716,0,0.0,0.0,251.6307,251.6307,0.0,0.0,0.0,0.0,0.0,251.6307,0.0,3263.252,251.6307,251.6307,0.0,285.3307,3297.1006,0.0,285.3307,285.3307,2646.9307
2026-01-30 19:00:00,251.6307,489.5717,1634494.02,0.0,100.5555,0.0,3.7236,0,0.0,0.0,251.6307,251.6307,0.0,0.0,0.0,0.0,0.0,0.0,3263.252,251.6307,251.6307,0.0,285.3307,3297.1006,0.0,285.3307,285.3307,2646.9307,0.0
2026-01-31 01:00:00,0.0,489.57,1631482.4,-3011.62,100.3703,0.0,3.6761,0,0.0,0.0,251.6307,251.6307,0.0,0.0,0.0,0.0,0.0,3263.252,251.6307,251.6307,0.0,285.3307,3297.1006,0.0,285.3307,285.3307,2646.9307,0.0,2646.7827
2026-01-31 07:00:00,3263.252,489.5712,1634494.02,3011.62,100.5555,0.0,3.6293,0,0.0,0.0,0.0,251.6307,0.0,0.0,0.0,0.0,0.0,251.6307,251.6307,0.0,285.3307,3297.1006,0.0,285.3307,285.3307,2646.9307,0.0,2646.7827,0.0
2026-01-31 13:00:00,251.6307,489.5712,1634494.02,0.0,100.5555,0.0,3.583,0,0.0,0.0,3263.252,0.0,0.0,0.0,0.0,0.0,0.0,251.6307,0.0,285.3307,3297.1006,0.0,285.3307,285.3307,2646.9307,0.0,2646.7827,0.0,0.0
2026-01-31 19:00:00,251.6307,489.5718,1634494.02,0.0,100.5555,0.0,3.5374,0,0.0,0.0,251.6307,3263.252,0.0,0.0,0.0,0.0,0.0,0.0,285.3307,3297.1006,0.0,285.3307,285.3307,2646.9307,0.0,2646.7827,0.0,0.0,0.0
2026-02-01 01:00:00,0.0,489.568,1631482.4,-3011.62,100.3703,0.0,3.4923,0,0.0,0.0,251.6307,251.6307,0.0,0.0,0.0,0.0,0.0,285.3307,3297.1006,0.0,285.3307,285.3307,2646.9307,0.0,2646.7827,0.0,0.0,0.0,0.0
2026-02-01 07:00:00,285.3307,489.5693,1631482.4,0.0,100.3703,0.0,3.4478,0,0.0,0.0,0.0,251.6307,0.0,0.0,0.0,0.0,0.0,3297.1006,0.0,285.3307,285.3307,2646.9307,0.0,2646.7827,0.0,0.0,0.0,0.0,2646.196
2026-02-01 13:00:00,3297.1006,489.571,1634494.02,3011.62,100.5555,0.0,3.4039,0,0.0,0.0,285.3307,0.0,0.0,0.0,0.0,0.0,0.0,0.0,285.3307,285.3307,2646.9307,0.0,2646.7827,0.0,0.0,0.0,0.0,2646.196,0.0
2026-02-01 19:00:00,0.0,489.5687,1631482.4,-3011.62,100.3703,0.0,3.3605,0,0.0,0.0,3297.1006,285.3307,0.0,0.0,0.0,0.0,0.0,285.3307,285.3307,2646.9307,0.0,2646.7827,0.0,0.0,0.0,0.0,2646.196,0.0,0.0
2026-02-02 01:00:00,285.3307,489.568,1631482.4,0.0,100.3703,0.0,3.3177,0,0.0,0.0,0.0,3297.1006,0.0,0.0,0.0,0.0,0.0,285.3307,2646.9307,0.0,2646.7827,0.0,0.0,0.0,0.0,2646.196,0.0,0.0,5646.9653
2026-02-02 07:00:00,285.3307,489.567,1631482.4,0.0,100.3703,0.0,3.2754,0,0.0,0.0,285.3307,0.0,0.0,0.0,0.0,0.0,0.0,2646.9307,0.0,2646.7827,0.0,0.0,0.0,0.0,2646.196,0.0,0.0,5646.9653,2646.0507
2026-02-02 13:00:00,2646.9307,489.5692,1631482.4,0.0,100.3703,0.0,3.2337,1,9446.4,0.0,285.3307,285.3307,0.0,0.0,0.0,0.0,0.0,0.0,2646.7827,0.0,0.0,0.0,0.0,2646.196,0.0,0.0,5646.9653,2646.0507,284.4507
2026-02-02 19:00:00,0.0,489.5587,1628472.31,-3010.09,100.1851,0.0,3.1925,1,9446.4,0.0,2646.9307,285.3307,0.0,0.0,0.0,0.0,0.0,2646.7827,0.0,0.0,0.0,0.0,2646.196,0.0,0.0,5646.9653,2646.0507,284.4507,284.4507
2026-02-03 01:00:00,2646.7827,489.5507,1628472.31,0.0,100.1851,0.0,3.1518,1,9446.4,0.0,0.0,2646.9307,0.0,0.0,0.0,0.0,0.0,0.0,0.0,0.0,0.0,2646.196,0.0,0.0,5646.9653,2646.0507,284.4507,284.4507,284.4507
2026-02-03 07:00:00,0.0,489.5428,1625463.76,-3008.55,100.0,0.0,3.1116,1,9446.4,0.0,2646.7827,0.0,0.0,0.0,0.0,0.0,0.0,0.0,0.0,0.0,2646.196,0.0,0.0,5646.9653,2646.0507,284.4507,284.4507,284.4507,284.4507
2026-02-03 13:00:00,0.0,489.5385,1622456.77,-3006.99,99.815,0.0,3.072,1,9446.4,0.0,0.0,2646.7827,0.0,0.0,0.0,0.0,0.0,0.0,0.0,2646.196,0.0,0.0,5646.9653,2646.0507,284.4507,284.4507,284.4507,284.4507,284.4507
2026-02-03 19:00:00,0.0,489.5257,1619451.32,-3005.46,99.6301,0.0,3.0329,1,9446.4,0.0,0.0,0.0,0.0,0.0,0.0,0.0,0.0,0.0,2646.196,0.0,0.0,5646.9653,2646.0507,284.4507,284.4507,284.4507,284.4507,284.4507,284.4507
2026-02-04 01:00:00,0.0,489.5173,1616447.3,-3004.02,99.4453,0.0,2.9942,1,9446.4,0.0,0.0,0.0,0.0,0.0,0.0,0.0,0.0,2646.196,0.0,0.0,5646.9653,2646.0507,284.4507,284.4507,284.4507,284.4507,284.4507,284.4507,284.4507
2026-02-04 07:00:00,2646.196,489.51,1616447.3,0.0,99.4453,0.0,2.9561,1,9446.4,0.0,0.0,0.0,0.0,0.0,0.0,0.0,0.0,0.0,0.0,5646.9653,2646.0507,284.4507,284.4507,284.4507,284.4507,284.4507,284.4507,284.4507,284.4507
2026-02-04 13:00:00,0.0,489.5057,1613444.93,-3002.37,99.2606,0.0,2.9184,1,9446.4,0.0,2646.196,0.0,0.0,0.0,0.0,0.0,0.0,0.0,5646.9653,2646.0507,284.4507,284.4507,284.4507,284.4507,284.4507,284.4507,284.4507,284.4507,3286.964
2026-02-04 19:00:00,0.0,489.4985,1610444.02,-3000.91,99.076,0.0,2.8812,1,9446.4,0.0,0.0,2646.196,0.0,0.0,0.0,0.0,0.0,5646.9653,2646.0507,284.4507,284.4507,284.4507,284.4507,284.4507,284.4507,284.4507,284.4507,3286.964,284.596
2026-02-05 01:00:00,5646.9653,489.5032,1613444.93,3000.91,99.2606,0.0,2.8445,1,9446.4,0.0,0.0,0.0,0.0,0.0,0.0,0.0,0.0,2646.0507,284.4507,284.4507,284.4507,284.4507,284.4507,284.4507,284.4507,284.4507,3286.964,284.596,284.596
2026-02-05 07:00:00,2646.0507,489.5017,1613444.93,0.0,99.2606,0.0,2.8083,1,9446.4,0.0,5646.9653,0.0,0.0,0.0,0.0,0.0,0.0,284.4507,284.4507,284.4507,284.4507,284.4507,284.4507,284.4507,284.4507,3286.964,284.596,284.596,284.596
2026-02-05 13:00:00,284.4507,489.5042,1613444.93,0.0,99.2606,0.0,2.7725,0,0.0,0.0,2646.0507,5646.9653,0.0,0.0,0.0,0.0,0.0,284.4507,284.4507,284.4507,284.4507,284.4507,284.4507,284.4507,3286.964,284.596,284.596,284.596,284.596
2026-02-05 19:00:00,284.4507,489.5027,1613444.93,0.0,99.2606,0.0,2.7372,0,0.0,0.0,284.4507,2646.0507,0.0,0.0,0.0,0.0,0.0,284.4507,284.4507,284.4507,284.4507,284.4507,284.4507,3286.964,284.596,284.596,284.596,284.596,284.596
2026-02-06 01:00:00,284.4507,489.5037,1613444.93,0.0,99.2606,0.0,2.7023,0,0.0,0.0,284.4507,284.4507,0.0,0.0,0.0,0.0,0.0,284.4507,284.4507,284.4507,284.4507,284.4507,3286.964,284.596,284.596,284.596,284.596,284.596,284.596
2026-02-06 07:00:00,284.4507,489.505,1613444.93,0.0,99.2606,0.0,2.6678,0,0.0,0.0,284.4507,284.4507,0.0,0.0,0.0,0.0,0.0,284.4507,284.4507,284.4507,284.4507,3286.964,284.596,284.596,284.596,284.596,284.596,284.596,3288.7589
2026-02-06 13:00:00,284.4507,489.5078,1613444.93,0.0,99.2606,0.0,2.6339,0,0.0,0.0,284.4507,284.4507,0.0,0.0,0.0,0.0,0.0,284.4507,284.4507,284.4507,3286.964,284.596,284.596,284.596,284.596,284.596,284.596,3288.7589,0.0
2026-02-06 19:00:00,284.4507,489.5073,1613444.93,0.0,99.2606,0.0,2.6003,0,0.0,0.0,284.4507,284.4507,0.0,0.0,0.0,0.0,0.0,284.4507,284.4507,3286.964,284.596,284.596,284.596,284.596,284.596,284.596,3288.7589,0.0,284.596
2026-02-07 01:00:00,284.4507,489.508,1613444.93,0.0,99.2606,0.0,2.5672,0,0.0,0.0,284.4507,284.4507,0.0,0.0,0.0,0.0,0.0,284.4507,3286.964,284.596,284.596,284.596,284.596,284.596,284.596,3288.7589,0.0,284.596,3288.7589
2026-02-07 07:00:00,284.4507,489.51,1613444.93,0.0,99.2606,0.0,2.5345,0,0.0,0.0,284.4507,284.4507,0.0,0.0,0.0,0.0,0.0,3286.964,284.596,284.596,284.596,284.596,284.596,284.596,3288.7589,0.0,284.596,3288.7589,284.7419
2026-02-07 13:00:00,3286.964,489.512,1616447.3,3002.37,99.4453,0.0,2.5022,0,0.0,0.0,284.4507,284.4507,0.0,0.0,0.0,0.0,0.0,284.596,284.596,284.596,284.596,284.596,284.596,3288.7589,0.0,284.596,3288.7589,284.7419,284.7419
2026-02-07 19:00:00,284.596,489.512,1616447.3,0.0,99.4453,0.0,2.4703,0,0.0,0.0,3286.964,284.4507,0.0,0.0,0.0,0.0,0.0,284.596,284.596,284.596,284.596,284.596,3288.7589,0.0,284.596,3288.7589,284.7419,284.7419,284.7419
2026-02-08 01:00:00,284.596,489.513,1616447.3,0.0,99.4453,0.0,2.4388,0,0.0,0.0,284.596,3286.964,0.0,0.0,0.0,0.0,0.0,284.596,284.596,284.596,284.596,3288.7589,0.0,284.596,3288.7589,284.7419,284.7419,284.7419,284.7419
2026-02-08 07:00:00,284.596,489.5132,1616447.3,0.0,99.4453,0.0,2.4077,0,0.0,0.0,284.596,284.596,0.0,0.0,0.0,0.0,0.0,284.596,284.596,284.596,3288.7589,0.0,284.596,3288.7589,284.7419,284.7419,284.7419,284.7419,284.7419
2026-02-08 13:00:00,284.596,489.5148,1616447.3,0.0,99.4453,0.0,2.3771,0,0.0,0.0,284.596,284.596,0.0,0.0,0.0,0.0,0.0,284.596,284.596,3288.7589,0.0,284.596,3288.7589,284.7419,284.7419,284.7419,284.7419,284.7419,3290.3441
2026-02-08 19:00:00,284.596,489.515,1616447.3,0.0,99.4453,0.0,2.3468,0,0.0,0.0,284.596,284.596,0.0,0.0,0.0,0.0,0.0,284.596,3288.7589,0.0,284.596,3288.7589,284.7419,284.7419,284.7419,284.7419,284.7419,3290.3441,284.8883
2026-02-09 01:00:00,284.596,489.5158,1616447.3,0.0,99.4453,0.0,2.3169,0,0.0,0.0,284.596,284.596,0.0,0.0,0.0,0.0,0.0,3288.7589,0.0,284.596,3288.7589,284.7419,284.7419,284.7419,284.7419,284.7419,3290.3441,284.8883,284.8883
2026-02-09 07:00:00,3288.7589,489.5205,1619451.32,3004.02,99.6301,0.0,2.2873,0,0.0,0.0,284.596,284.596,0.0,0.0,0.0,0.0,0.0,0.0,284.596,3288.7589,284.7419,284.7419,284.7419,284.7419,284.7419,3290.3441,284.8883,284.8883,284.8883
2026-02-09 13:00:00,0.0,489.519,1616447.3,-3004.02,99.4453,0.0,2.2582,0,0.0,0.0,3288.7589,284.596,0.0,0.0,0.0,0.0,0.0,284.596,3288.7589,284.7419,284.7419,284.7419,284.7419,284.7419,3290.3441,284.8883,284.8883,284.8883,284.8883
2026-02-09 19:00:00,284.596,489.519,1616447.3,0.0,99.4453,0.0,2.2294,0,0.0,0.0,0.0,3288.7589,0.0,0.0,0.0,0.0,0.0,3288.7589,284.7419,284.7419,284.7419,284.7419,284.7419,3290.3441,284.8883,284.8883,284.8883,284.8883,284.8883
2026-02-10 01:00:00,3288.7589,489.5205,1619451.32,3004.02,99.6301,0.0,2.201,0,0.0,0.0,284.596,0.0,0.0,0.0,0.0,0.0,0.0,284.7419,284.7419,284.7419,284.7419,284.7419,3290.3441,284.8883,284.8883,284.8883,284.8883,284.8883,0.0
2026-02-10 07:00:00,284.7419,489.5208,1619451.32,0.0,99.6301,0.0,2.173,0,0.0,0.0,3288.7589,284.596,0.0,0.0,0.0,0.0,0.0,284.7419,284.7419,284.7419,284.7419,3290.3441,284.8883,284.8883,284.8883,284.8883,284.8883,0.0,284.4507
2026-02-10 13:00:00,284.7419,489.5235,1619451.32,0.0,99.6301,0.0,2.1453,0,0.0,0.0,284.7419,3288.7589,0.0,0.0,0.0,0.0,0.0,284.7419,284.7419,284.7419,3290.3441,284.8883,284.8883,284.8883,284.8883,284.8883,0.0,284.4507,0.0
2026-02-10 19:00:00,284.7419,489.5263,1619451.32,0.0,99.6301,0.0,2.118,0,0.0,0.0,284.7419,284.7419,0.0,0.0,0.0,0.0,0.0,284.7419,284.7419,3290.3441,284.8883,284.8883,284.8883,284.8883,284.8883,0.0,284.4507,0.0,284.306
2026-02-11 01:00:00,284.7419,489.5263,1619451.32,0.0,99.6301,0.0,2.091,0,0.0,0.0,284.7419,284.7419,0.0,0.0,0.0,0.0,0.0,284.7419,3290.3441,284.8883,284.8883,284.8883,284.8883,284.8883,0.0,284.4507,0.0,284.306,3285.3653
2026-02-11 07:00:00,284.7419,489.5268,1619451.32,0.0,99.6301,0.0,2.0643,0,0.0,0.0,284.7419,284.7419,0.0,0.0,0.0,0.0,0.0,3290.3441,284.8883,284.8883,284.8883,284.8883,284.8883,0.0,284.4507,0.0,284.306,3285.3653,284.4507
2026-02-11 13:00:00,3290.3441,489.5323,1622456.77,3005.46,99.815,0.0,2.038,0,0.0,0.0,284.7419,284.7419,0.0,0.0,0.0,0.0,0.0,284.8883,284.8883,284.8883,284.8883,284.8883,0.0,284.4507,0.0,284.306,3285.3653,284.4507,0.0
2026-02-11 19:00:00,284.8883,489.5322,1622456.77,0.0,99.815,0.0,2.0121,0,0.0,0.0,3290.3441,284.7419,0.0,0.0,0.0,0.0,0.0,284.8883,284.8883,284.8883,284.8883,0.0,284.4507,0.0,284.306,3285.3653,284.4507,0.0,284.306
2026-02-12 01:00:00,284.8883,489.5335,1622456.77,0.0,99.815,0.0,1.9864,0,0.0,0.0,284.8883,3290.3441,0.0,0.0,0.0,0.0,0.0,284.8883,284.8883,284.8883,0.0,284.4507,0.0,284.306,3285.3653,284.4507,0.0,284.306,3285.3653
2026-02-12 07:00:00,284.8883,489.5317,1622456.77,0.0,99.815,0.0,1.9611,0,0.0,0.0,284.8883,284.8883,0.0,0.0,0.0,0.0,0.0,284.8883,284.8883,0.0,284.4507,0.0,284.306,3285.3653,284.4507,0.0,284.306,3285.3653,284.4507
2026-02-12 13:00:00,284.8883,489.5322,1622456.77,0.0,99.815,0.0,1.9361,0,0.0,0.0,284.8883,284.8883,0.0,0.0,0.0,0.0,0.0,284.8883,0.0,284.4507,0.0,284.306,3285.3653,284.4507,0.0,284.306,3285.3653,284.4507,0.0
2026-02-12 19:00:00,284.8883,489.5318,1622456.77,0.0,99.815,0.0,1.9115,0,0.0,0.0,284.8883,284.8883,0.0,0.0,0.0,0.0,0.0,0.0,284.4507,0.0,284.306,3285.3653,284.4507,0.0,284.306,3285.3653,284.4507,0.0,3285.3653
2026-02-13 01:00:00,0.0,489.507,1613444.93,-9011.84,99.2606,0.0,1.8871,0,0.0,0.0,284.8883,284.8883,0.0,0.0,0.0,0.0,0.0,284.4507,0.0,284.306,3285.3653,284.4507,0.0,284.306,3285.3653,284.4507,0.0,3285.3653,284.4507
2026-02-13 07:00:00,284.4507,489.5015,1613444.93,0.0,99.2606,0.0,1.8631,0,0.0,0.0,0.0,284.8883,0.0,0.0,0.0,0.0,0.0,0.0,284.306,3285.3653,284.4507,0.0,284.306,3285.3653,284.4507,0.0,3285.3653,284.4507,284.4507
2026-02-13 13:00:00,0.0,489.4997,1610444.02,-3000.91,99.076,0.0,1.8393,0,0.0,0.0,284.4507,0.0,0.0,0.0,0.0,0.0,0.0,284.306,3285.3653,284.4507,0.0,284.306,3285.3653,284.4507,0.0,3285.3653,284.4507,284.4507,0.0
2026-02-13 19:00:00,284.306,489.4995,1610444.02,0.0,99.076,0.0,1.8159,0,0.0,0.0,0.0,284.4507,0.0,0.0,0.0,0.0,0.0,3285.3653,284.4507,0.0,284.306,3285.3653,284.4507,0.0,3285.3653,284.4507,284.4507,0.0,284.306
2026-02-14 01:00:00,3285.3653,489.5015,1613444.93,3000.91,99.2606,0.0,1.7927,0,0.0,0.0,284.306,0.0,0.0,0.0,0.0,0.0,0.0,284.4507,0.0,284.306,3285.3653,284.4507,0.0,3285.3653,284.4507,284.4507,0.0,284.306,3285.3653
2026-02-14 07:00:00,284.4507,489.5018,1613444.93,0.0,99.2606,0.0,1.7699,0,0.0,0.0,3285.3653,284.306,0.0,0.0,0.0,0.0,0.0,0.0,284.306,3285.3653,284.4507,0.0,3285.3653,284.4507,284.4507,0.0,284.306,3285.3653,284.4507
2026-02-14 13:00:00,0.0,489.4997,1610444.02,-3000.91,99.076,0.0,1.7474,0,0.0,0.0,284.4507,3285.3653,0.0,0.0,0.0,0.0,0.0,284.306,3285.3653,284.4507,0.0,3285.3653,284.4507,284.4507,0.0,284.306,3285.3653,284.4507,0.0
2026-02-14 19:00:00,284.306,489.4995,1610444.02,0.0,99.076,0.0,1.7251,0,0.0,0.0,0.0,284.4507,0.0,0.0,0.0,0.0,0.0,3285.3653,284.4507,0.0,3285.3653,284.4507,284.4507,0.0,284.306,3285.3653,284.4507,0.0,284.306
2026-02-15 01:00:00,3285.3653,489.5013,1613444.93,3000.91,99.2606,0.0,1.7031,0,0.0,0.0,284.306,0.0,0.0,0.0,0.0,0.0,0.0,284.4507,0.0,3285.3653,284.4507,284.4507,0.0,284.306,3285.3653,284.4507,0.0,284.306,3285.3653
2026-02-15 07:00:00,284.4507,489.5017,1613444.93,0.0,99.2606,0.0,1.6814,0,0.0,0.0,3285.3653,284.306,0.0,0.0,0.0,0.0,0.0,0.0,3285.3653,284.4507,284.4507,0.0,284.306,3285.3653,284.4507,0.0,284.306,3285.3653,284.4507
2026-02-15 13:00:00,0.0,489.4997,1610444.02,-3000.91,99.076,0.0,1.66,0,0.0,0.0,284.4507,3285.3653,0.0,0.0,0.0,0.0,0.0,3285.3653,284.4507,284.4507,0.0,284.306,3285.3653,284.4507,0.0,284.306,3285.3653,284.4507,0.0
2026-02-15 19:00:00,3285.3653,489.5007,1613444.93,3000.91,99.2606,0.0,1.6388,0,0.0,0.0,0.0,284.4507,0.0,0.0,0.0,0.0,0.0,284.4507,284.4507,0.0,284.306,3285.3653,284.4507,0.0,284.306,3285.3653,284.4507,0.0,284.306
2026-02-16 01:00:00,284.4507,489.5012,1613444.93,0.0,99.2606,0.0,1.618,0,0.0,0.0,3285.3653,0.0,0.0,0.0,0.0,0.0,0.0,284.4507,0.0,284.306,3285.3653,284.4507,0.0,284.306,3285.3653,284.4507,0.0,284.306,284.306
2026-02-16 07:00:00,284.4507,489.5015,1613444.93,0.0,99.2606,0.0,1.5973,0,0.0,0.0,284.4507,3285.3653,0.0,0.0,0.0,0.0,0.0,0.0,284.306,3285.3653,284.4507,0.0,284.306,3285.3653,284.4507,0.0,284.306,284.306,3285.3653
2026-02-16 13:00:00,0.0,489.4997,1610444.02,-3000.91,99.076,0.0,1.577,0,0.0,0.0,284.4507,284.4507,0.0,0.0,0.0,0.0,0.0,284.306,3285.3653,284.4507,0.0,284.306,3285.3653,284.4507,0.0,284.306,284.306,3285.3653,0.0
2026-02-16 19:00:00,284.306,489.4995,1610444.02,0.0,99.076,0.0,1.5569,0,0.0,0.0,0.0,284.4507,0.0,0.0,0.0,0.0,0.0,3285.3653,284.4507,0.0,284.306,3285.3653,284.4507,0.0,284.306,284.306,3285.3653,0.0,284.306
2026-02-17 01:00:00,3285.3653,489.5015,1613444.93,3000.91,99.2606,0.0,1.5371,0,0.0,0.0,284.306,0.0,0.0,0.0,0.0,0.0,0.0,284.4507,0.0,284.306,3285.3653,284.4507,0.0,284.306,284.306,3285.3653,0.0,284.306,284.306
2026-02-17 07:00:00,284.4507,489.502,1613444.93,0.0,99.2606,0.0,1.5175,0,0.0,0.0,3285.3653,284.306,0.0,0.0,0.0,0.0,0.0,0.0,284.306,3285.3653,284.4507,0.0,284.306,284.306,3285.3653,0.0,284.306,284.306,3285.3653
2026-02-17 13:00:00,0.0,489.4998,1610444.02,-3000.91,99.076,0.0,1.4981,0,0.0,0.0,284.4507,3285.3653,0.0,0.0,0.0,0.0,0.0,284.306,3285.3653,284.4507,0.0,284.306,284.306,3285.3653,0.0,284.306,284.306,3285.3653,0.0
2026-02-17 19:00:00,284.306,489.4985,1610444.02,0.0,99.076,0.0,1.479,0,0.0,0.0,0.0,284.4507,0.0,0.0,0.0,0.0,0.0,3285.3653,284.4507,0.0,284.306,284.306,3285.3653,0.0,284.306,284.306,3285.3653,0.0,284.306
2026-02-18 01:00:00,3285.3653,489.5008,1613444.93,3000.91,99.2606,0.0,1.4602,0,0.0,0.0,284.306,0.0,0.0,0.0,0.0,0.0,0.0,284.4507,0.0,284.306,284.306,3285.3653,0.0,284.306,284.306,3285.3653,0.0,284.306,284.306
2026-02-18 07:00:00,284.4507,489.5013,1613444.93,0.0,99.2606,0.0,1.4416,0,0.0,0.0,3285.3653,284.306,0.0,0.0,0.0,0.0,0.0,0.0,284.306,284.306,3285.3653,0.0,284.306,284.306,3285.3653,0.0,284.306,284.306,284.306
2026-02-18 13:00:00,0.0,489.4985,1610444.02,-3000.91,99.076,0.0,1.4232,0,0.0,0.0,284.4507,3285.3653,0.0,0.0,0.0,0.0,0.0,284.306,284.306,3285.3653,0.0,284.306,284.306,3285.3653,0.0,284.306,284.306,284.306,284.306
2026-02-18 19:00:00,284.306,489.4985,1610444.02,0.0,99.076,0.0,1.4051,0,0.0,0.0,0.0,284.4507,0.0,0.0,0.0,0.0,0.0,284.306,3285.3653,0.0,284.306,284.306,3285.3653,0.0,284.306,284.306,284.306,284.306,0.0
2026-02-19 01:00:00,284.306,489.499,1610444.02,0.0,99.076,0.0,1.3872,0,0.0,0.0,284.306,0.0,0.0,0.0,0.0,0.0,0.0,3285.3653,0.0,284.306,284.306,3285.3653,0.0,284.306,284.306,284.306,284.306,0.0,164.3007
2026-02-19 07:00:00,3285.3653,489.5012,1613444.93,3000.91,99.2606,0.0,1.3695,0,0.0,0.0,284.306,284.306,0.0,0.0,0.0,0.0,0.0,0.0,284.306,284.306,3285.3653,0.0,284.306,284.306,284.306,284.306,0.0,164.3007,284.306
2026-02-19 13:00:00,0.0,489.4998,1610444.02,-3000.91,99.076,0.0,1.3521,0,0.0,0.0,3285.3653,284.306,0.0,0.0,0.0,0.0,0.0,284.306,284.306,3285.3653,0.0,284.306,284.306,284.306,284.306,0.0,164.3007,284.306,284.306
2026-02-19 19:00:00,284.306,489.4977,1610444.02,0.0,99.076,0.0,1.3348,0,0.0,0.0,0.0,3285.3653,0.0,0.0,0.0,0.0,0.0,284.306,3285.3653,0.0,284.306,284.306,284.306,284.306,0.0,164.3007,284.306,284.306,284.306
2026-02-20 01:00:00,284.306,489.4988,1610444.02,0.0,99.076,0.0,1.3178,0,0.0,0.0,284.306,0.0,0.0,0.0,0.0,0.0,0.0,3285.3653,0.0,284.306,284.306,284.306,284.306,0.0,164.3007,284.306,284.306,284.306,284.306
2026-02-20 07:00:00,3285.3653,489.5003,1613444.93,3000.91,99.2606,0.0,1.301,0,0.0,0.0,284.306,284.306,0.0,0.0,0.0,0.0,0.0,0.0,284.306,284.306,284.306,284.306,0.0,164.3007,284.306,284.306,284.306,284.306,284.306
2026-02-20 13:00:00,0.0,489.499,1610444.02,-3000.91,99.076,0.0,1.2845,0,0.0,0.0,3285.3653,284.306,0.0,0.0,0.0,0.0,0.0,284.306,284.306,284.306,284.306,0.0,164.3007,284.306,284.306,284.306,284.306,284.306,284.306
2026-02-20 19:00:00,284.306,489.4975,1610444.02,0.0,99.076,0.0,1.2681,0,0.0,0.0,0.0,3285.3653,0.0,0.0,0.0,0.0,0.0,284.306,284.306,284.306,0.0,164.3007,284.306,284.306,284.306,284.306,284.306,284.306,284.306
2026-02-21 01:00:00,284.306,489.4998,1610444.02,0.0,99.076,0.0,1.2519,0,0.0,0.0,284.306,0.0,0.0,0.0,0.0,0.0,0.0,284.306,284.306,0.0,164.3007,284.306,284.306,284.306,284.306,284.306,284.306,284.306,284.306
2026-02-21 07:00:00,284.306,489.4983,1610444.02,0.0,99.076,0.0,1.236,0,0.0,0.0,284.306,284.306,0.0,0.0,0.0,0.0,0.0,284.306,0.0,164.3007,284.306,284.306,284.306,284.306,284.306,284.306,284.306,284.306,284.306
2026-02-21 13:00:00,284.306,489.4978,1610444.02,0.0,99.076,0.0,1.2202,0,0.0,0.0,284.306,284.306,0.0,0.0,0.0,0.0,0.0,0.0,164.3007,284.306,284.306,284.306,284.306,284.306,284.306,284.306,284.306,284.306,3285.3653
2026-02-21 19:00:00,0.0,489.4928,1610444.02,0.0,99.076,3.0,4.2047,0,0.0,0.0,284.306,284.306,0.0,0.0,3.0,3.0,3.0,164.3007,284.306,284.306,284.306,284.306,284.306,284.306,284.306,284.306,284.306,3285.3653,0.0
2026-02-22 01:00:00,164.3007,489.4965,1610444.02,0.0,99.076,0.4,4.5511,0,0.0,0.0,0.0,284.306,3.0,0.0,3.4,3.4,3.4,284.306,284.306,284.306,284.306,284.306,284.306,284.306,284.306,284.306,3285.3653,0.0,3285.3653
2026-02-22 07:00:00,284.306,489.4965,1610444.02,0.0,99.076,0.0,4.4931,0,0.0,0.0,164.3007,0.0,0.4,3.0,3.4,3.4,3.4,284.306,284.306,284.306,284.306,284.306,284.306,284.306,284.306,3285.3653,0.0,3285.3653,284.4507
2026-02-22 13:00:00,284.306,489.4992,1610444.02,0.0,99.076,0.0,4.4359,0,0.0,0.0,284.306,164.3007,0.0,0.4,0.4,3.4,3.4,284.306,284.306,284.306,284.306,284.306,284.306,284.306,3285.3653,0.0,3285.3653,284.4507,284.4507
2026-02-22 19:00:00,284.306,489.4928,1610444.02,0.0,99.076,0.0,4.3794,0,0.0,0.0,284.306,284.306,0.0,0.0,0.0,3.4,3.4,284.306,284.306,284.306,284.306,284.306,284.306,3285.3653,0.0,3285.3653,284.4507,284.4507,284.4507
2026-02-23 01:00:00,284.306,489.4943,1610444.02,0.0,99.076,0.0,4.3236,0,0.0,0.0,284.306,284.306,0.0,0.0,0.0,0.4,3.4,284.306,284.306,284.306,284.306,284.306,3285.3653,0.0,3285.3653,284.4507,284.4507,284.4507,284.4507
2026-02-23 07:00:00,284.306,489.4943,1610444.02,0.0,99.076,0.0,4.2685,0,0.0,0.0,284.306,284.306,0.0,0.0,0.0,0.0,3.4,284.306,284.306,284.306,284.306,3285.3653,0.0,3285.3653,284.4507,284.4507,284.4507,284.4507,284.4507
2026-02-23 13:00:00,284.306,489.499,1610444.02,0.0,99.076,0.0,4.2141,0,0.0,0.0,284.306,284.306,0.0,0.0,0.0,0.0,0.4,284.306,284.306,284.306,3285.3653,0.0,3285.3653,284.4507,284.4507,284.4507,284.4507,284.4507,284.4507
2026-02-23 19:00:00,284.306,489.494,1610444.02,0.0,99.076,0.0,4.1604,0,0.0,0.0,284.306,284.306,0.0,0.0,0.0,0.0,0.0,284.306,284.306,3285.3653,0.0,3285.3653,284.4507,284.4507,284.4507,284.4507,284.4507,284.4507,0.0
2026-02-24 01:00:00,284.306,489.4965,1610444.02,0.0,99.076,0.0,4.1074,0,0.0,0.0,284.306,284.306,0.0,0.0,0.0,0.0,0.0,284.306,3285.3653,0.0,3285.3653,284.4507,284.4507,284.4507,284.4507,284.4507,284.4507,0.0,284.306
2026-02-24 07:00:00,284.306,489.4987,1610444.02,0.0,99.076,0.0,4.0551,0,0.0,0.0,284.306,284.306,0.0,0.0,0.0,0.0,0.0,3285.3653,0.0,3285.3653,284.4507,284.4507,284.4507,284.4507,284.4507,284.4507,0.0,284.306,3285.3653
2026-02-24 13:00:00,3285.3653,489.5002,1613444.93,3000.91,99.2606,0.0,4.0034,0,0.0,0.0,284.306,284.306,0.0,0.0,0.0,0.0,0.0,0.0,3285.3653,284.4507,284.4507,284.4507,284.4507,284.4507,284.4507,0.0,284.306,3285.3653,0.0
2026-02-24 19:00:00,0.0,489.498,1610444.02,-3000.91,99.076,0.0,3.9524,0,0.0,0.0,3285.3653,284.306,0.0,0.0,0.0,0.0,0.0,3285.3653,284.4507,284.4507,284.4507,284.4507,284.4507,284.4507,0.0,284.306,3285.3653,0.0,3285.3653
2026-02-25 01:00:00,3285.3653,489.501,1613444.93,3000.91,99.2606,0.0,3.902,0,0.0,0.0,0.0,3285.3653,0.0,0.0,0.0,0.0,0.0,284.4507,284.4507,284.4507,284.4507,284.4507,284.4507,0.0,284.306,3285.3653,0.0,3285.3653,284.4507
2026-02-25 07:00:00,284.4507,489.5023,1613444.93,0.0,99.2606,0.0,3.8523,0,0.0,0.0,3285.3653,0.0,0.0,0.0,0.0,0.0,0.0,284.4507,284.4507,284.4507,284.4507,284.4507,0.0,284.306,3285.3653,0.0,3285.3653,284.4507,284.4507
2026-02-25 13:00:00,284.4507,489.5015,1613444.93,0.0,99.2606,0.0,3.8032,0,0.0,0.0,284.4507,3285.3653,0.0,0.0,0.0,0.0,0.0,284.4507,284.4507,284.4507,284.4507,0.0,284.306,3285.3653,0.0,3285.3653,284.4507,284.4507,0.0
2026-02-25 19:00:00,284.4507,489.5003,1613444.93,0.0,99.2606,0.0,3.7548,0,0.0,0.0,284.4507,284.4507,0.0,0.0,0.0,0.0,0.0,284.4507,284.4507,284.4507,0.0,284.306,3285.3653,0.0,3285.3653,284.4507,284.4507,0.0,3285.3653
2026-02-26 01:00:00,284.4507,489.504,1613444.93,0.0,99.2606,0.0,3.7069,0,0.0,0.0,284.4507,284.4507,0.0,0.0,0.0,0.0,0.0,284.4507,284.4507,0.0,284.306,3285.3653,0.0,3285.3653,284.4507,284.4507,0.0,3285.3653,308.0901
2026-02-26 07:00:00,284.4507,489.506,1613444.93,0.0,99.2606,0.0,3.6597,0,0.0,0.0,284.4507,284.4507,0.0,0.0,0.0,0.0,0.0,284.4507,0.0,284.306,3285.3653,0.0,3285.3653,284.4507,284.4507,0.0,3285.3653,308.0901,308.0901
2026-02-26 13:00:00,284.4507,489.5025,1613444.93,0.0,99.2606,0.0,3.6131,0,0.0,0.0,284.4507,284.4507,0.0,0.0,0.0,0.0,0.0,0.0,284.306,3285.3653,0.0,3285.3653,284.4507,284.4507,0.0,3285.3653,308.0901,308.0901,0.0
2026-02-26 19:00:00,0.0,489.4985,1610444.02,-3000.91,99.076,0.0,3.567,0,0.0,0.0,284.4507,284.4507,0.0,0.0,0.0,0.0,0.0,284.306,3285.3653,0.0,3285.3653,284.4507,284.4507,0.0,3285.3653,308.0901,308.0901,0.0,307.9334
2026-02-27 01:00:00,284.306,489.499,1610444.02,0.0,99.076,0.0,3.5216,0,0.0,0.0,0.0,284.4507,0.0,0.0,0.0,0.0,0.0,3285.3653,0.0,3285.3653,284.4507,284.4507,0.0,3285.3653,308.0901,308.0901,0.0,307.9334,3309.0047
2026-02-27 07:00:00,3285.3653,489.5007,1613444.93,3000.91,99.2606,0.0,3.4767,0,0.0,0.0,284.306,0.0,0.0,0.0,0.0,0.0,0.0,0.0,3285.3653,284.4507,284.4507,0.0,3285.3653,308.0901,308.0901,0.0,307.9334,3309.0047,0.0
2026-02-27 13:00:00,0.0,489.4998,1610444.02,-3000.91,99.076,0.0,3.4324,0,0.0,0.0,3285.3653,284.306,0.0,0.0,0.0,0.0,0.0,3285.3653,284.4507,284.4507,0.0,3285.3653,308.0901,308.0901,0.0,307.9334,3309.0047,0.0,307.9334
2026-02-27 19:00:00,3285.3653,489.5005,1613444.93,3000.91,99.2606,0.0,3.3887,0,0.0,0.0,0.0,3285.3653,0.0,0.0,0.0,0.0,0.0,284.4507,284.4507,0.0,3285.3653,308.0901,308.0901,0.0,307.9334,3309.0047,0.0,307.9334,307.9334
2026-02-28 01:00:00,284.4507,489.5068,1613444.93,0.0,99.2606,0.0,3.3455,0,0.0,0.0,3285.3653,0.0,0.0,0.0,0.0,0.0,0.0,284.4507,0.0,3285.3653,308.0901,308.0901,0.0,307.9334,3309.0047,0.0,307.9334,307.9334,0.0
2026-02-28 07:00:00,284.4507,489.5015,1613444.93,0.0,99.2606,0.0,3.3029,0,0.0,0.0,284.4507,3285.3653,0.0,0.0,0.0,0.0,0.0,0.0,3285.3653,308.0901,308.0901,0.0,307.9334,3309.0047,0.0,307.9334,307.9334,0.0,307.7773
2026-02-28 13:00:00,0.0,489.4998,1610444.02,-3000.91,99.076,0.0,3.2608,0,0.0,0.0,284.4507,284.4507,0.0,0.0,0.0,0.0,0.0,3285.3653,308.0901,308.0901,0.0,307.9334,3309.0047,0.0,307.9334,307.9334,0.0,307.7773,0.0
2026-02-28 19:00:00,3285.3653,489.5005,1613444.93,3000.91,99.2606,0.0,3.2192,0,0.0,0.0,0.0,284.4507,0.0,0.0,0.0,0.0,0.0,308.0901,308.0901,0.0,307.9334,3309.0047,0.0,307.9334,307.9334,0.0,307.7773,0.0,0.0
2026-03-01 01:00:00,308.0901,489.5013,1613444.93,0.0,99.2606,0.0,3.1782,0,0.0,0.0,3285.3653,0.0,0.0,0.0,0.0,0.0,0.0,308.0901,0.0,307.9334,3309.0047,0.0,307.9334,307.9334,0.0,307.7773,0.0,0.0,9301.6061
2026-03-01 07:00:00,308.0901,489.502,1613444.93,0.0,99.2606,0.0,3.1377,0,0.0,0.0,308.0901,3285.3653,0.0,0.0,0.0,0.0,0.0,0.0,307.9334,3309.0047,0.0,307.9334,307.9334,0.0,307.7773,0.0,0.0,9301.6061,6311.5299
2026-03-01 13:00:00,0.0,489.4998,1610444.02,-3000.91,99.076,0.0,3.0977,0,0.0,0.0,308.0901,308.0901,0.0,0.0,0.0,0.0,0.0,307.9334,3309.0047,0.0,307.9334,307.9334,0.0,307.7773,0.0,0.0,9301.6061,6311.5299,3312.4222
2026-03-01 19:00:00,307.9334,489.499,1610444.02,0.0,99.076,0.0,3.0583,0,0.0,0.0,0.0,308.0901,0.0,0.0,0.0,0.0,0.0,3309.0047,0.0,307.9334,307.9334,0.0,307.7773,0.0,0.0,9301.6061,6311.5299,3312.4222,0.0
2026-03-02 01:00:00,3309.0047,489.5012,1613444.93,3000.91,99.2606,0.0,3.0193,0,0.0,0.0,307.9334,0.0,0.0,0.0,0.0,0.0,0.0,0.0,307.9334,307.9334,0.0,307.7773,0.0,0.0,9301.6061,6311.5299,3312.4222,0.0,0.0
2026-03-02 07:00:00,0.0,489.4982,1610444.02,-3000.91,99.076,0.0,2.9808,0,0.0,0.0,3309.0047,307.9334,0.0,0.0,0.0,0.0,0.0,307.9334,307.9334,0.0,307.7773,0.0,0.0,9301.6061,6311.5299,3312.4222,0.0,0.0,0.0
2026-03-02 13:00:00,307.9334,489.4942,1610444.02,0.0,99.076,0.0,2.9429,0,0.0,0.0,0.0,3309.0047,0.0,0.0,0.0,0.0,0.0,307.9334,0.0,307.7773,0.0,0.0,9301.6061,6311.5299,3312.4222,0.0,0.0,0.0,3307.3577
2026-03-02 19:00:00,307.9334,489.4918,1610444.02,0.0,99.076,0.0,2.9054,0,0.0,0.0,307.9334,0.0,0.0,0.0,0.0,0.0,0.0,0.0,307.7773,0.0,0.0,9301.6061,6311.5299,3312.4222,0.0,0.0,0.0,3307.3577,0.0
2026-03-03 01:00:00,0.0,489.487,1607444.59,-2999.42,98.8914,0.0,2.8683,0,0.0,0.0,307.9334,307.9334,0.0,0.0,0.0,0.0,0.0,307.7773,0.0,0.0,9301.6061,6311.5299,3312.4222,0.0,0.0,0.0,3307.3577,0.0,307.7773
2026-03-03 07:00:00,307.7773,489.4843,1607444.59,0.0,98.8914,0.0,2.8318,0,0.0,0.0,0.0,307.9334,0.0,0.0,0.0,0.0,0.0,0.0,0.0,9301.6061,6311.5299,3312.4222,0.0,0.0,0.0,3307.3577,0.0,307.7773,307.7773
2026-03-03 13:00:00,0.0,489.4783,1604446.72,-2997.87,98.707,0.0,2.7957,0,0.0,0.0,307.7773,0.0,0.0,0.0,0.0,0.0,0.0,0.0,9301.6061,6311.5299,3312.4222,0.0,0.0,0.0,3307.3577,0.0,307.7773,307.7773,6308.429
2026-03-03 19:00:00,0.0,489.4642,1601450.34,-2996.37,98.5227,0.0,2.7601,0,0.0,0.0,0.0,307.7773,0.0,0.0,0.0,0.0,0.0,9301.6061,6311.5299,3312.4222,0.0,0.0,0.0,3307.3577,0.0,307.7773,307.7773,6308.429,9320.4046
2026-03-04 01:00:00,9301.6061,489.4952,1610444.02,8993.67,99.076,0.0,2.7249,0,0.0,0.0,0.0,0.0,0.0,0.0,0.0,0.0,0.0,6311.5299,3312.4222,0.0,0.0,0.0,3307.3577,0.0,307.7773,307.7773,6308.429,9320.4046,0.0
2026-03-04 07:00:00,6311.5299,489.5122,1616447.3,6003.28,99.4453,0.0,2.6902,0,0.0,0.0,9301.6061,0.0,0.0,0.0,0.0,0.0,0.0,3312.4222,0.0,0.0,0.0,3307.3577,0.0,307.7773,307.7773,6308.429,9320.4046,0.0,0.0
2026-03-04 13:00:00,3312.4222,489.5217,1619451.32,3004.02,99.6301,0.0,2.6559,0,0.0,0.0,6311.5299,9301.6061,0.0,0.0,0.0,0.0,0.0,0.0,0.0,0.0,3307.3577,0.0,307.7773,307.7773,6308.429,9320.4046,0.0,0.0,308.2473
2026-03-04 19:00:00,0.0,489.5053,1613444.93,-6006.39,99.2606,0.0,2.6221,0,0.0,0.0,3312.4222,6311.5299,0.0,0.0,0.0,0.0,0.0,0.0,0.0,3307.3577,0.0,307.7773,307.7773,6308.429,9320.4046,0.0,0.0,308.2473,0.0
2026-03-05 01:00:00,0.0,489.4927,1610444.02,-3000.91,99.076,0.0,2.5887,0,0.0,0.0,0.0,3312.4222,0.0,0.0,0.0,0.0,0.0,0.0,3307.3577,0.0,307.7773,307.7773,6308.429,9320.4046,0.0,0.0,308.2473,0.0,0.0
2026-03-05 07:00:00,0.0,489.4865,1607444.59,-2999.42,98.8914,0.0,2.5557,0,0.0,0.0,0.0,0.0,0.0,0.0,0.0,0.0,0.0,3307.3577,0.0,307.7773,307.7773,6308.429,9320.4046,0.0,0.0,308.2473,0.0,0.0,307.9334
2026-03-05 13:00:00,3307.3577,489.495,1610444.02,2999.42,99.076,0.0,2.5231,0,0.0,0.0,0.0,0.0,0.0,0.0,0.0,0.0,0.0,0.0,307.7773,307.7773,6308.429,9320.4046,0.0,0.0,308.2473,0.0,0.0,307.9334,6311.5299
2026-03-05 19:00:00,0.0,489.483,1607444.59,-2999.42,98.8914,0.0,2.491,0,0.0,0.0,3307.3577,0.0,0.0,0.0,0.0,0.0,0.0,307.7773,307.7773,6308.429,9320.4046,0.0,0.0,308.2473,0.0,0.0,307.9334,6311.5299,0.0
2026-03-06 01:00:00,307.7773,489.4802,1607444.59,0.0,98.8914,0.0,2.4592,0,0.0,0.0,0.0,3307.3577,0.0,0.0,0.0,0.0,0.0,307.7773,6308.429,9320.4046,0.0,0.0,308.2473,0.0,0.0,307.9334,6311.5299,0.0,307.9334
2026-03-06 07:00:00,307.7773,489.4838,1607444.59,0.0,98.8914,0.0,2.4279,0,0.0,0.0,307.7773,0.0,0.0,0.0,0.0,0.0,0.0,6308.429,9320.4046,0.0,0.0,308.2473,0.0,0.0,307.9334,6311.5299,0.0,307.9334,6311.5299
2026-03-06 13:00:00,6308.429,489.5037,1613444.93,6000.34,99.2606,0.0,2.397,0,0.0,0.0,307.7773,307.7773,0.0,0.0,0.0,0.0,0.0,9320.4046,0.0,0.0,308.2473,0.0,0.0,307.9334,6311.5299,0.0,307.9334,6311.5299,6318.0365
2026-03-06 19:00:00,9320.4046,489.5308,1622456.77,9011.84,99.815,0.0,2.3664,0,0.0,0.0,6308.429,307.7773,0.0,0.0,0.0,0.0,0.0,0.0,0.0,308.2473,0.0,0.0,307.9334,6311.5299,0.0,307.9334,6311.5299,6318.0365,0.0
2026-03-07 01:00:00,0.0,489.5288,1619451.32,-3005.46,99.6301,0.0,2.3363,0,0.0,0.0,9320.4046,6308.429,0.0,0.0,0.0,0.0,0.0,0.0,308.2473,0.0,0.0,307.9334,6311.5299,0.0,307.9334,6311.5299,6318.0365,0.0,6311.5299
2026-03-07 07:00:00,0.0,489.5183,1616447.3,-3004.02,99.4453,0.0,2.3065,0,0.0,0.0,0.0,9320.4046,0.0,0.0,0.0,0.0,0.0,308.2473,0.0,0.0,307.9334,6311.5299,0.0,307.9334,6311.5299,6318.0365,0.0,6311.5299,0.0
2026-03-07 13:00:00,308.2473,489.5142,1616447.3,0.0,99.4453,0.0,2.2771,0,0.0,0.0,0.0,0.0,0.0,0.0,0.0,0.0,0.0,0.0,0.0,307.9334,6311.5299,0.0,307.9334,6311.5299,6318.0365,0.0,6311.5299,0.0,3310.6153
2026-03-07 19:00:00,0.0,489.5052,1613444.93,-3002.37,99.2606,0.0,2.2481,0,0.0,0.0,308.2473,0.0,0.0,0.0,0.0,0.0,0.0,0.0,307.9334,6311.5299,0.0,307.9334,6311.5299,6318.0365,0.0,6311.5299,0.0,3310.6153,0.0
2026-03-08 01:00:00,0.0,489.4945,1610444.02,-3000.91,99.076,0.0,2.2195,0,0.0,0.0,0.0,308.2473,0.0,0.0,0.0,0.0,0.0,307.9334,6311.5299,0.0,307.9334,6311.5299,6318.0365,0.0,6311.5299,0.0,3310.6153,0.0,0.0
2026-03-08 07:00:00,307.9334,489.4978,1610444.02,0.0,99.076,0.0,2.1912,0,0.0,0.0,0.0,0.0,0.0,0.0,0.0,0.0,0.0,6311.5299,0.0,307.9334,6311.5299,6318.0365,0.0,6311.5299,0.0,3310.6153,0.0,0.0,0.0
2026-03-08 13:00:00,6311.5299,489.5185,1616447.3,6003.28,99.4453,0.0,2.1633,0,0.0,0.0,307.9334,0.0,0.0,0.0,0.0,0.0,0.0,0.0,307.9334,6311.5299,6318.0365,0.0,6311.5299,0.0,3310.6153,0.0,0.0,0.0,3067.3471
2026-03-08 19:00:00,0.0,489.4993,1610444.02,-6003.28,99.076,0.0,2.1357,0,0.0,0.0,6311.5299,307.9334,0.0,0.0,0.0,0.0,0.0,307.9334,6311.5299,6318.0365,0.0,6311.5299,0.0,3310.6153,0.0,0.0,0.0,3067.3471,0.0
2026-03-09 01:00:00,307.9334,489.4982,1610444.02,0.0,99.076,0.0,2.1085,0,0.0,0.0,0.0,6311.5299,0.0,0.0,0.0,0.0,0.0,6311.5299,6318.0365,0.0,6311.5299,0.0,3310.6153,0.0,0.0,0.0,3067.3471,0.0,0.0
2026-03-09 07:00:00,6311.5299,489.5158,1616447.3,6003.28,99.4453,0.0,2.0816,0,0.0,0.0,307.9334,0.0,0.0,0.0,0.0,0.0,0.0,6318.0365,0.0,6311.5299,0.0,3310.6153,0.0,0.0,0.0,3067.3471,0.0,0.0,307.6218
2026-03-09 13:00:00,6318.0365,489.5302,1622456.77,6009.47,99.815,0.0,2.0551,0,0.0,0.0,6311.5299,307.9334,0.0,0.0,0.0,0.0,0.0,0.0,6311.5299,0.0,3310.6153,0.0,0.0,0.0,3067.3471,0.0,0.0,307.6218,3305.6518
2026-03-09 19:00:00,0.0,489.496,1610444.02,-12012.76,99.076,0.0,2.0289,0,0.0,0.0,6318.0365,6311.5299,0.0,0.0,0.0,0.0,0.0,6311.5299,0.0,3310.6153,0.0,0.0,0.0,3067.3471,0.0,0.0,307.6218,3305.6518,0.0
2026-03-10 01:00:00,6311.5299,489.5123,1616447.3,6003.28,99.4453,0.0,2.0031,0,0.0,0.0,0.0,6318.0365,0.0,0.0,0.0,0.0,0.0,0.0,3310.6153,0.0,0.0,0.0,3067.3471,0.0,0.0,307.6218,3305.6518,0.0,307.6218
2026-03-10 07:00:00,0.0,489.5038,1613444.93,-3002.37,99.2606,0.0,1.9775,0,0.0,0.0,6311.5299,0.0,0.0,0.0,0.0,0.0,0.0,3310.6153,0.0,0.0,0.0,3067.3471,0.0,0.0,307.6218,3305.6518,0.0,307.6218,666.861
2026-03-10 13:00:00,3310.6153,489.5162,1616447.3,3002.37,99.4453,0.0,1.9524,0,0.0,0.0,0.0,6311.5299,0.0,0.0,0.0,0.0,0.0,0.0,0.0,0.0,3067.3471,0.0,0.0,307.6218,3305.6518,0.0,307.6218,666.861,3127.3497
2026-03-10 19:00:00,0.0,489.493,1610444.02,-6003.28,99.076,0.0,1.9275,0,0.0,0.0,3310.6153,0.0,0.0,0.0,0.0,0.0,0.0,0.0,0.0,3067.3471,0.0,0.0,307.6218,3305.6518,0.0,307.6218,666.861,3127.3497,0.0
2026-03-11 01:00:00,0.0,489.4867,1607444.59,-2999.42,98.8914,0.0,1.9029,0,0.0,0.0,0.0,3310.6153,0.0,0.0,0.0,0.0,0.0,0.0,3067.3471,0.0,0.0,307.6218,3305.6518,0.0,307.6218,666.861,3127.3497,0.0,3307.3577
2026-03-11 07:00:00,0.0,489.489,1607444.59,0.0,98.8914,3.4,5.2787,0,0.0,0.0,0.0,0.0,0.0,0.0,3.4,3.4,3.4,3067.3471,0.0,0.0,307.6218,3305.6518,0.0,307.6218,666.861,3127.3497,0.0,3307.3577,307.9334
2026-03-11 13:00:00,3067.3471,489.491,1610444.02,2999.42,99.076,0.8,6.0114,0,0.0,0.0,0.0,0.0,3.4,0.0,4.2,4.2,4.2,0.0,0.0,307.6218,3305.6518,0.0,307.6218,666.861,3127.3497,0.0,3307.3577,307.9334,307.9334
2026-03-11 19:00:00,0.0,489.4825,1607444.59,-2999.42,98.8914,0.0,5.9348,0,0.0,0.0,3067.3471,0.0,0.8,3.4,4.2,4.2,4.2,0.0,307.6218,3305.6518,0.0,307.6218,666.861,3127.3497,0.0,3307.3577,307.9334,307.9334,247.9307
2026-03-12 01:00:00,0.0,489.479,1604446.72,-2997.87,98.707,0.0,5.8592,0,0.0,0.0,0.0,3067.3471,0.0,0.8,0.8,4.2,4.2,307.6218,3305.6518,0.0,307.6218,666.861,3127.3497,0.0,3307.3577,307.9334,307.9334,247.9307,307.9334
2026-03-12 07:00:00,307.6218,489.476,1604446.72,0.0,98.707,0.0,5.7845,0,0.0,0.0,0.0,0.0,0.0,0.0,0.0,4.2,4.2,3305.6518,0.0,307.6218,666.861,3127.3497,0.0,3307.3577,307.9334,307.9334,247.9307,307.9334,307.9334
2026-03-12 13:00:00,3305.6518,489.4838,1607444.59,2997.87,98.8914,0.0,5.7108,0,0.0,0.0,307.6218,0.0,0.0,0.0,0.0,0.8,4.2,0.0,307.6218,666.861,3127.3497,0.0,3307.3577,307.9334,307.9334,247.9307,307.9334,307.9334,307.9334
2026-03-12 19:00:00,0.0,489.4717,1604446.72,-2997.87,98.707,0.0,5.6381,0,0.0,0.0,3305.6518,307.6218,0.0,0.0,0.0,0.0,4.2,307.6218,666.861,3127.3497,0.0,3307.3577,307.9334,307.9334,247.9307,307.9334,307.9334,307.9334,307.9334
2026-03-13 01:00:00,307.6218,489.477,1604446.72,0.0,98.707,0.0,5.5662,0,0.0,0.0,0.0,3305.6518,0.0,0.0,0.0,0.0,0.8,666.861,3127.3497,0.0,3307.3577,307.9334,307.9334,247.9307,307.9334,307.9334,307.9334,307.9334,307.9334
2026-03-13 07:00:00,666.861,489.4807,1607444.59,2997.87,98.8914,8.8,14.2953,0,0.0,0.0,307.6218,0.0,0.0,0.0,8.8,8.8,8.8,3127.3497,0.0,3307.3577,307.9334,307.9334,247.9307,307.9334,307.9334,307.9334,307.9334,307.9334,307.9334
2026-03-13 13:00:00,3127.3497,489.492,1610444.02,2999.42,99.076,0.6,14.7132,0,0.0,0.0,666.861,307.6218,8.8,0.0,9.4,9.4,9.4,0.0,3307.3577,307.9334,307.9334,247.9307,307.9334,307.9334,307.9334,307.9334,307.9334,307.9334,3309.0047
2026-03-13 19:00:00,0.0,489.4847,1607444.59,-2999.42,98.8914,0.0,14.5257,0,0.0,0.0,3127.3497,666.861,0.6,8.8,9.4,9.4,9.4,3307.3577,307.9334,307.9334,247.9307,307.9334,307.9334,307.9334,307.9334,307.9334,307.9334,3309.0047,0.0
2026-03-14 01:00:00,3307.3577,489.4932,1610444.02,2999.42,99.076,0.0,14.3406,0,0.0,0.0,0.0,3127.3497,0.0,0.6,0.6,9.4,9.4,307.9334,307.9334,247.9307,307.9334,307.9334,307.9334,307.9334,307.9334,307.9334,3309.0047,0.0,308.0901
2026-03-14 07:00:00,307.9334,489.4943,1610444.02,0.0,99.076,0.0,14.1579,0,0.0,0.0,3307.3577,0.0,0.0,0.0,0.0,9.4,9.4,307.9334,247.9307,307.9334,307.9334,307.9334,307.9334,307.9334,307.9334,3309.0047,0.0,308.0901,308.0901
2026-03-14 13:00:00,307.9334,489.4962,1610444.02,0.0,99.076,0.0,13.9775,0,0.0,0.0,307.9334,3307.3577,0.0,0.0,0.0,0.6,9.4,247.9307,307.9334,307.9334,307.9334,307.9334,307.9334,307.9334,3309.0047,0.0,308.0901,308.0901,3310.6153
2026-03-14 19:00:00,247.9307,489.4905,1610444.02,0.0,99.076,0.2,13.9994,0,0.0,0.0,307.9334,307.9334,0.0,0.0,0.2,0.2,9.6,307.9334,307.9334,307.9334,307.9334,307.9334,307.9334,3309.0047,0.0,308.0901,308.0901,3310.6153,0.0
2026-03-15 01:00:00,307.9334,489.495,1610444.02,0.0,99.076,0.0,13.821,0,0.0,0.0,247.9307,307.9334,0.2,0.0,0.2,0.2,0.8,307.9334,307.9334,307.9334,307.9334,307.9334,3309.0047,0.0,308.0901,308.0901,3310.6153,0.0,3310.6153
2026-03-15 07:00:00,307.9334,489.4952,1610444.02,0.0,99.076,0.0,13.6449,0,0.0,0.0,307.9334,247.9307,0.0,0.2,0.2,0.2,0.2,307.9334,307.9334,307.9334,307.9334,3309.0047,0.0,308.0901,308.0901,3310.6153,0.0,3310.6153,308.2473
2026-03-15 13:00:00,307.9334,489.494,1610444.02,0.0,99.076,0.0,13.4711,0,0.0,0.0,307.9334,307.9334,0.0,0.0,0.0,0.2,0.2,307.9334,307.9334,307.9334,3309.0047,0.0,308.0901,308.0901,3310.6153,0.0,3310.6153,308.2473,3312.4222
2026-03-15 19:00:00,307.9334,489.4927,1610444.02,0.0,99.076,0.0,13.2995,0,0.0,0.0,307.9334,307.9334,0.0,0.0,0.0,0.2,0.2,307.9334,307.9334,3309.0047,0.0,308.0901,308.0901,3310.6153,0.0,3310.6153,308.2473,3312.4222,308.4052
2026-03-16 01:00:00,307.9334,489.4907,1610444.02,0.0,99.076,0.0,13.13,0,0.0,0.0,307.9334,307.9334,0.0,0.0,0.0,0.0,0.2,307.9334,3309.0047,0.0,308.0901,308.0901,3310.6153,0.0,3310.6153,308.2473,3312.4222,308.4052,18365.2669
2026-03-16 07:00:00,307.9334,489.4903,1610444.02,0.0,99.076,0.0,12.9627,0,0.0,0.0,307.9334,307.9334,0.0,0.0,0.0,0.0,0.2,3309.0047,0.0,308.0901,308.0901,3310.6153,0.0,3310.6153,308.2473,3312.4222,308.4052,18365.2669,0.0
2026-03-16 13:00:00,3309.0047,489.5,1613444.93,3000.91,99.2606,0.0,12.7975,0,0.0,0.0,307.9334,307.9334,0.0,0.0,0.0,0.0,0.0,0.0,308.0901,308.0901,3310.6153,0.0,3310.6153,308.2473,3312.4222,308.4052,18365.2669,0.0,3322.5674
2026-03-16 19:00:00,0.0,489.5038,1613444.93,0.0,99.2606,8.8,21.4345,0,0.0,0.0,3309.0047,307.9334,0.0,0.0,8.8,8.8,8.8,308.0901,308.0901,3310.6153,0.0,3310.6153,308.2473,3312.4222,308.4052,18365.2669,0.0,3322.5674,0.0
2026-03-17 01:00:00,308.0901,489.5015,1613444.93,0.0,99.2606,0.0,21.1614,0,0.0,0.0,0.0,3309.0047,8.8,0.0,8.8,8.8,8.8,308.0901,3310.6153,0.0,3310.6153,308.2473,3312.4222,308.4052,18365.2669,0.0,3322.5674,0.0,309.0425
2026-03-17 07:00:00,308.0901,489.502,1613444.93,0.0,99.2606,0.0,20.8917,0,0.0,0.0,308.0901,0.0,0.0,8.8,8.8,8.8,8.8,3310.6153,0.0,3310.6153,308.2473,3312.4222,308.4052,18365.2669,0.0,3322.5674,0.0,309.0425,309.0425
2026-03-17 13:00:00,3310.6153,489.5172,1616447.3,3002.37,99.4453,0.0,20.6256,0,0.0,0.0,308.0901,308.0901,0.0,0.0,0.0,8.8,8.8,0.0,3310.6153,308.2473,3312.4222,308.4052,18365.2669,0.0,3322.5674,0.0,309.0425,309.0425,3320.8246
2026-03-17 19:00:00,0.0,489.5098,1613444.93,-3002.37,99.2606,1.8,22.1628,0,0.0,0.0,3310.6153,308.0901,0.0,0.0,1.8,10.600000000000001,10.600000000000001,3310.6153,308.2473,3312.4222,308.4052,18365.2669,0.0,3322.5674,0.0,309.0425,309.0425,3320.8246,309.2033
2026-03-18 01:00:00,3310.6153,489.511,1616447.3,3002.37,99.4453,0.0,21.8804,0,0.0,0.0,0.0,3310.6153,1.8,0.0,1.8,1.8,10.600000000000001,308.2473,3312.4222,308.4052,18365.2669,0.0,3322.5674,0.0,309.0425,309.0425,3320.8246,309.2033,309.2033
2026-03-18 07:00:00,308.2473,489.512,1616447.3,0.0,99.4453,0.0,21.6016,0,0.0,0.0,3310.6153,0.0,0.0,1.8,1.8,1.8,10.600000000000001,3312.4222,308.4052,18365.2669,0.0,3322.5674,0.0,309.0425,309.0425,3320.8246,309.2033,309.2033,309.2033
2026-03-18 13:00:00,3312.4222,489.5257,1619451.32,3004.02,99.6301,0.0,21.3263,0,0.0,0.0,308.2473,3310.6153,0.0,0.0,0.0,1.8,1.8,308.4052,18365.2669,0.0,3322.5674,0.0,309.0425,309.0425,3320.8246,309.2033,309.2033,309.2033,5684.1674
2026-03-18 19:00:00,308.4052,489.528,1619451.32,0.0,99.6301,0.0,21.0546,0,0.0,0.0,3312.4222,308.2473,0.0,0.0,0.0,1.8,1.8,18365.2669,0.0,3322.5674,0.0,309.0425,309.0425,3320.8246,309.2033,309.2033,309.2033,5684.1674,0.0
2026-03-19 01:00:00,18365.2669,489.5823,1637507.22,18055.9,100.7409,0.0,20.7864,0,0.0,0.0,308.4052,3312.4222,0.0,0.0,0.0,0.0,1.8,0.0,3322.5674,0.0,309.0425,309.0425,3320.8246,309.2033,309.2033,309.2033,5684.1674,0.0,0.0
2026-03-19 07:00:00,0.0,489.579,1634494.02,-3013.2,100.5555,0.0,20.5215,0,0.0,0.0,18365.2669,308.4052,0.0,0.0,0.0,0.0,1.8,3322.5674,0.0,309.0425,309.0425,3320.8246,309.2033,309.2033,309.2033,5684.1674,0.0,0.0,0.0
2026-03-19 13:00:00,3322.5674,489.5877,1637507.22,3013.2,100.7409,0.0,20.26,0,0.0,0.0,0.0,18365.2669,0.0,0.0,0.0,0.0,0.0,0.0,309.0425,309.0425,3320.8246,309.2033,309.2033,309.2033,5684.1674,0.0,0.0,0.0,5677.3087
2026-03-19 19:00:00,0.0,489.5628,1631482.4,-6024.82,100.3703,0.0,20.0019,0,0.0,0.0,3322.5674,0.0,0.0,0.0,0.0,0.0,0.0,309.0425,309.0425,3320.8246,309.2033,309.2033,309.2033,5684.1674,0.0,0.0,0.0,5677.3087,2670.3226
2026-03-20 01:00:00,309.0425,489.564,1631482.4,0.0,100.3703,0.0,19.747,0,0.0,0.0,0.0,3322.5674,0.0,0.0,0.0,0.0,0.0,309.0425,3320.8246,309.2033,309.2033,309.2033,5684.1674,0.0,0.0,0.0,5677.3087,2670.3226,5679.029
2026-03-20 07:00:00,309.0425,489.5647,1631482.4,0.0,100.3703,0.0,19.4954,0,0.0,0.0,309.0425,0.0,0.0,0.0,0.0,0.0,0.0,3320.8246,309.2033,309.2033,309.2033,5684.1674,0.0,0.0,0.0,5677.3087,2670.3226,5679.029,0.0
2026-03-20 13:00:00,3320.8246,489.5758,1634494.02,3011.62,100.5555,0.0,19.247,0,0.0,0.0,309.0425,309.0425,0.0,0.0,0.0,0.0,0.0,309.2033,309.2033,309.2033,5684.1674,0.0,0.0,0.0,5677.3087,2670.3226,5679.029,0.0,5679.029
2026-03-20 19:00:00,309.2033,489.5798,1634494.02,0.0,100.5555,0.0,19.0018,0,0.0,0.0,3320.8246,309.0425,0.0,0.0,0.0,0.0,0.0,309.2033,309.2033,5684.1674,0.0,0.0,0.0,5677.3087,2670.3226,5679.029,0.0,5679.029,0.0
2026-03-21 01:00:00,309.2033,489.5718,1634494.02,0.0,100.5555,0.0,18.7597,0,0.0,0.0,309.2033,3320.8246,0.0,0.0,0.0,0.0,0.0,309.2033,5684.1674,0.0,0.0,0.0,5677.3087,2670.3226,5679.029,0.0,5679.029,0.0,2670.1636
2026-03-21 07:00:00,309.2033,489.5782,1634494.02,0.0,100.5555,0.0,18.5207,0,0.0,0.0,309.2033,309.2033,0.0,0.0,0.0,0.0,0.0,5684.1674,0.0,0.0,0.0,5677.3087,2670.3226,5679.029,0.0,5679.029,0.0,2670.1636,5677.3087
2026-03-21 13:00:00,5684.1674,489.5852,1637507.22,3013.2,100.7409,0.0,18.2847,1,9446.4,0.0,309.2033,309.2033,0.0,0.0,0.0,0.0,0.0,0.0,0.0,0.0,5677.3087,2670.3226,5679.029,0.0,5679.029,0.0,2670.1636,5677.3087,5679.029
2026-03-21 19:00:00,0.0,489.563,1631482.4,-6024.82,100.3703,0.0,18.0517,1,9446.4,0.0,5684.1674,309.2033,0.0,0.0,0.0,0.0,0.0,0.0,0.0,5677.3087,2670.3226,5679.029,0.0,5679.029,0.0,2670.1636,5677.3087,5679.029,0.0
2026-03-22 01:00:00,0.0,489.5493,1625463.76,-6018.64,100.0,0.0,17.8217,1,9446.4,0.0,0.0,5684.1674,0.0,0.0,0.0,0.0,0.0,0.0,5677.3087,2670.3226,5679.029,0.0,5679.029,0.0,2670.1636,5677.3087,5679.029,0.0,0.0
2026-03-22 07:00:00,0.0,489.5318,1622456.77,-3006.99,99.815,0.0,17.5946,1,9446.4,0.0,0.0,0.0,0.0,0.0,0.0,0.0,0.0,5677.3087,2670.3226,5679.029,0.0,5679.029,0.0,2670.1636,5677.3087,5679.029,0.0,0.0,2670.0052
2026-03-22 13:00:00,5677.3087,489.549,1625463.76,3006.99,100.0,0.0,17.3704,1,9446.4,0.0,0.0,0.0,0.0,0.0,0.0,0.0,0.0,2670.3226,5679.029,0.0,5679.029,0.0,2670.1636,5677.3087,5679.029,0.0,0.0,2670.0052,8682.7646
2026-03-22 19:00:00,2670.3226,489.5487,1625463.76,0.0,100.0,0.0,17.1491,1,9446.4,0.0,5677.3087,0.0,0.0,0.0,0.0,0.0,0.0,5679.029,0.0,5679.029,0.0,2670.1636,5677.3087,5679.029,0.0,0.0,2670.0052,8682.7646,0.0
2026-03-23 01:00:00,5679.029,489.5503,1628472.31,3008.55,100.1851,0.0,16.9306,1,9446.4,0.0,2670.3226,5677.3087,0.0,0.0,0.0,0.0,0.0,0.0,5679.029,0.0,2670.1636,5677.3087,5679.029,0.0,0.0,2670.0052,8682.7646,0.0,0.0
2026-03-23 07:00:00,0.0,489.5428,1625463.76,-3008.55,100.0,0.0,16.7149,1,9446.4,0.0,5679.029,2670.3226,0.0,0.0,0.0,0.0,0.0,5679.029,0.0,2670.1636,5677.3087,5679.029,0.0,0.0,2670.0052,8682.7646,0.0,0.0,5675.6195
2026-03-23 13:00:00,5679.029,489.551,1628472.31,3008.55,100.1851,0.0,16.5019,1,9446.4,0.0,0.0,5679.029,0.0,0.0,0.0,0.0,0.0,0.0,2670.1636,5677.3087,5679.029,0.0,0.0,2670.0052,8682.7646,0.0,0.0,5675.6195,5677.3087
2026-03-23 19:00:00,0.0,489.5368,1622456.77,-6015.53,99.815,0.0,16.2917,1,9446.4,0.0,5679.029,0.0,0.0,0.0,0.0,0.0,0.0,2670.1636,5677.3087,5679.029,0.0,0.0,2670.0052,8682.7646,0.0,0.0,5675.6195,5677.3087,0.0
2026-03-24 01:00:00,2670.1636,489.5392,1622456.77,0.0,99.815,0.0,16.0841,1,9446.4,0.0,0.0,5679.029,0.0,0.0,0.0,0.0,0.0,5677.3087,5679.029,0.0,0.0,2670.0052,8682.7646,0.0,0.0,5675.6195,5677.3087,0.0,2669.8473
2026-03-24 07:00:00,5677.3087,489.5452,1625463.76,3006.99,100.0,0.0,15.8791,1,9446.4,0.0,2670.1636,0.0,0.0,0.0,0.0,0.0,0.0,5679.029,0.0,0.0,2670.0052,8682.7646,0.0,0.0,5675.6195,5677.3087,0.0,2669.8473,2669.8473
2026-03-24 13:00:00,5679.029,489.5583,1628472.31,3008.55,100.1851,0.0,15.6768,1,9446.4,0.0,5677.3087,2670.1636,0.0,0.0,0.0,0.0,0.0,0.0,0.0,2670.0052,8682.7646,0.0,0.0,5675.6195,5677.3087,0.0,2669.8473,2669.8473,6318.0365
2026-03-24 19:00:00,0.0,489.5357,1622456.77,-6015.53,99.815,0.0,15.4771,1,9446.4,0.0,5679.029,5677.3087,0.0,0.0,0.0,0.0,0.0,0.0,2670.0052,8682.7646,0.0,0.0,5675.6195,5677.3087,0.0,2669.8473,2669.8473,6318.0365,0.0
2026-03-25 01:00:00,0.0,489.5287,1619451.32,-3005.46,99.6301,0.0,15.2799,1,9446.4,0.0,0.0,5679.029,0.0,0.0,0.0,0.0,0.0,2670.0052,8682.7646,0.0,0.0,5675.6195,5677.3087,0.0,2669.8473,2669.8473,6318.0365,0.0,308.2473
2026-03-25 07:00:00,2670.0052,489.5282,1619451.32,0.0,99.6301,0.0,15.0852,1,9446.4,0.0,0.0,0.0,0.0,0.0,0.0,0.0,0.0,8682.7646,0.0,0.0,5675.6195,5677.3087,0.0,2669.8473,2669.8473,6318.0365,0.0,308.2473,0.0
2026-03-25 13:00:00,8682.7646,489.5453,1625463.76,6012.44,100.0,0.0,14.893,1,9446.4,0.0,2670.0052,0.0,0.0,0.0,0.0,0.0,0.0,0.0,0.0,5675.6195,5677.3087,0.0,2669.8473,2669.8473,6318.0365,0.0,308.2473,0.0,307.9334
2026-03-25 19:00:00,0.0,489.5312,1622456.77,-3006.99,99.815,0.0,14.7032,1,9446.4,0.0,8682.7646,2670.0052,0.0,0.0,0.0,0.0,0.0,0.0,5675.6195,5677.3087,0.0,2669.8473,2669.8473,6318.0365,0.0,308.2473,0.0,307.9334,0.0
2026-03-26 01:00:00,0.0,489.5215,1619451.32,-3005.46,99.6301,0.0,14.5159,1,9446.4,0.0,0.0,8682.7646,0.0,0.0,0.0,0.0,0.0,5675.6195,5677.3087,0.0,2669.8473,2669.8473,6318.0365,0.0,308.2473,0.0,307.9334,0.0,0.0
2026-03-26 07:00:00,5675.6195,489.5352,1622456.77,3005.46,99.815,0.0,14.3309,1,9446.4,0.0,0.0,0.0,0.0,0.0,0.0,0.0,0.0,5677.3087,0.0,2669.8473,2669.8473,6318.0365,0.0,308.2473,0.0,307.9334,0.0,0.0,0.0
2026-03-26 13:00:00,5677.3087,489.542,1625463.76,3006.99,100.0,0.0,14.1483,1,9446.4,0.0,5675.6195,0.0,0.0,0.0,0.0,0.0,0.0,0.0,2669.8473,2669.8473,6318.0365,0.0,308.2473,0.0,307.9334,0.0,0.0,0.0,1700.0472
2026-03-26 19:00:00,0.0,489.5193,1616447.3,-9016.46,99.4453,0.0,13.9681,1,9446.4,0.0,5677.3087,5675.6195,0.0,0.0,0.0,0.0,0.0,2669.8473,2669.8473,6318.0365,0.0,308.2473,0.0,307.9334,0.0,0.0,0.0,1700.0472,0.0
2026-03-27 01:00:00,2669.8473,489.5148,1616447.3,0.0,99.4453,0.0,13.7901,1,9446.4,0.0,0.0,5677.3087,0.0,0.0,0.0,0.0,0.0,2669.8473,6318.0365,0.0,308.2473,0.0,307.9334,0.0,0.0,0.0,1700.0472,0.0,0.0
2026-03-27 07:00:00,2669.8473,489.5142,1616447.3,0.0,99.4453,0.0,13.6144,1,9446.4,0.0,2669.8473,0.0,0.0,0.0,0.0,0.0,0.0,6318.0365,0.0,308.2473,0.0,307.9334,0.0,0.0,0.0,1700.0472,0.0,0.0,0.0
2026-03-27 13:00:00,6318.0365,489.5327,1622456.77,6009.47,99.815,0.0,13.4409,0,0.0,0.0,2669.8473,2669.8473,0.0,0.0,0.0,0.0,0.0,0.0,308.2473,0.0,307.9334,0.0,0.0,0.0,1700.0472,0.0,0.0,0.0,3268.3427
2026-03-27 19:00:00,0.0,489.5192,1616447.3,-6009.47,99.4453,0.0,13.2697,0,0.0,0.0,6318.0365,2669.8473,0.0,0.0,0.0,0.0,0.0,308.2473,0.0,307.9334,0.0,0.0,0.0,1700.0472,0.0,0.0,0.0,3268.3427,0.0
2026-03-28 01:00:00,308.2473,489.5117,1616447.3,0.0,99.4453,0.0,13.1006,0,0.0,0.0,0.0,6318.0365,0.0,0.0,0.0,0.0,0.0,0.0,307.9334,0.0,0.0,0.0,1700.0472,0.0,0.0,0.0,3268.3427,0.0,9186.116
2026-03-28 07:00:00,0.0,489.495,1610444.02,-6003.28,99.076,0.0,12.9337,0,0.0,0.0,308.2473,0.0,0.0,0.0,0.0,0.0,0.0,307.9334,0.0,0.0,0.0,1700.0472,0.0,0.0,0.0,3268.3427,0.0,9186.116,304.1265
2026-03-28 13:00:00,307.9334,489.4968,1610444.02,0.0,99.076,0.0,12.7689,0,0.0,0.0,0.0,308.2473,0.0,0.0,0.0,0.0,0.0,0.0,0.0,0.0,1700.0472,0.0,0.0,0.0,3268.3427,0.0,9186.116,304.1265,3268.3427
2026-03-28 19:00:00,0.0,489.46,1601450.34,-8993.67,98.5227,0.0,12.6062,0,0.0,0.0,307.9334,0.0,0.0,0.0,0.0,0.0,0.0,0.0,0.0,1700.0472,0.0,0.0,0.0,3268.3427,0.0,9186.116,304.1265,3268.3427,0.0
2026-03-29 01:00:00,0.0,489.4417,1595462.02,-5988.33,98.1543,0.0,12.4456,0,0.0,0.0,0.0,307.9334,0.0,0.0,0.0,0.0,0.0,0.0,1700.0472,0.0,0.0,0.0,3268.3427,0.0,9186.116,304.1265,3268.3427,0.0,339.2963
2026-03-29 07:00:00,0.0,489.4215,1589479.78,-5982.24,97.7862,0.0,12.287,0,0.0,0.0,0.0,0.0,0.0,0.0,0.0,0.0,0.0,1700.0472,0.0,0.0,0.0,3268.3427,0.0,9186.116,304.1265,3268.3427,0.0,339.2963,3301.8
2026-03-29 13:00:00,1700.0472,489.424,1589479.78,0.0,97.7862,0.0,12.1304,1,5572.8,0.0,0.0,0.0,0.0,0.0,0.0,0.0,0.0,0.0,0.0,0.0,3268.3427,0.0,9186.116,304.1265,3268.3427,0.0,339.2963,3301.8,339.4906
2026-03-29 19:00:00,0.0,489.3808,1577566.83,-11912.94,97.0533,0.0,11.9759,1,5572.8,0.0,1700.0472,0.0,0.0,0.0,0.0,0.0,0.0,0.0,0.0,3268.3427,0.0,9186.116,304.1265,3268.3427,0.0,339.2963,3301.8,339.4906,0.0
2026-03-30 01:00:00,0.0,489.3733,1574601.03,-2965.81,96.8709,0.0,11.8233,1,5572.8,0.0,0.0,1700.0472,0.0,0.0,0.0,0.0,0.0,0.0,3268.3427,0.0,9186.116,304.1265,3268.3427,0.0,339.2963,3301.8,339.4906,0.0,3301.8
2026-03-30 07:00:00,0.0,489.3632,1571636.99,-2964.04,96.6885,0.0,11.6726,1,5572.8,0.0,0.0,0.0,0.0,0.0,0.0,0.0,0.0,3268.3427,0.0,9186.116,304.1265,3268.3427,0.0,339.2963,3301.8,339.4906,0.0,3301.8,0.0
2026-03-30 13:00:00,3268.3427,489.3717,1574601.03,2964.04,96.8709,0.0,11.5239,0,0.0,0.0,0.0,0.0,0.0,0.0,0.0,0.0,0.0,0.0,9186.116,304.1265,3268.3427,0.0,339.2963,3301.8,339.4906,0.0,3301.8,0.0,3301.8
2026-03-30 19:00:00,0.0,489.3387,1562755.0,-11846.03,96.1421,0.0,11.3771,0,0.0,0.0,3268.3427,0.0,0.0,0.0,0.0,0.0,0.0,9186.116,304.1265,3268.3427,0.0,339.2963,3301.8,339.4906,0.0,3301.8,0.0,3301.8,0.0
2026-03-31 01:00:00,9186.116,489.3643,1571636.99,8881.99,96.6885,0.0,11.2321,0,0.0,0.0,0.0,3268.3427,0.0,0.0,0.0,0.0,0.0,304.1265,3268.3427,0.0,339.2963,3301.8,339.4906,0.0,3301.8,0.0,3301.8,0.0,18158.6283
2026-03-31 07:00:00,304.1265,489.362,1571636.99,0.0,96.6885,0.0,11.089,0,0.0,0.0,9186.116,0.0,0.0,0.0,0.0,0.0,0.0,3268.3427,0.0,339.2963,3301.8,339.4906,0.0,3301.8,0.0,3301.8,0.0,18158.6283,0.0
2026-03-31 13:00:00,3268.3427,489.37,1574601.03,2964.04,96.8709,0.0,10.9477,0,0.0,0.0,304.1265,9186.116,0.0,0.0,0.0,0.0,0.0,0.0,339.2963,3301.8,339.4906,0.0,3301.8,0.0,3301.8,0.0,18158.6283,0.0,0.0
2026-03-31 19:00:00,0.0,489.3568,1568674.68,-5926.35,96.5063,0.0,10.8082,0,0.0,0.0,3268.3427,304.1265,0.0,0.0,0.0,0.0,0.0,339.2963,3301.8,339.4906,0.0,3301.8,0.0,3301.8,0.0,18158.6283,0.0,0.0,339.6874
2026-04-01 01:00:00,339.2963,489.36,1568674.68,0.0,96.5063,0.0,10.6705,0,0.0,0.0,0.0,3268.3427,0.0,0.0,0.0,0.0,0.0,3301.8,339.4906,0.0,3301.8,0.0,3301.8,0.0,18158.6283,0.0,0.0,339.6874,339.6874
2026-04-01 07:00:00,3301.8,489.3672,1571636.99,2962.31,96.6885,0.0,10.5346,0,0.0,0.0,339.2963,0.0,0.0,0.0,0.0,0.0,0.0,339.4906,0.0,3301.8,0.0,3301.8,0.0,18158.6283,0.0,0.0,339.6874,339.6874,3305.6952
2026-04-01 13:00:00,339.4906,489.3612,1571636.99,0.0,96.6885,0.0,10.4003,0,0.0,0.0,3301.8,339.2963,0.0,0.0,0.0,0.0,0.0,0.0,3301.8,0.0,3301.8,0.0,18158.6283,0.0,0.0,339.6874,339.6874,3305.6952,3307.6174
2026-04-01 19:00:00,0.0,489.3598,1568674.68,-2962.31,96.5063,0.0,10.2678,0,0.0,0.0,339.4906,3301.8,0.0,0.0,0.0,0.0,0.0,3301.8,0.0,3301.8,0.0,18158.6283,0.0,0.0,339.6874,339.6874,3305.6952,3307.6174,0.0
2026-04-02 01:00:00,3301.8,489.3643,1571636.99,2962.31,96.6885,0.0,10.137,0,0.0,0.0,0.0,339.4906,0.0,0.0,0.0,0.0,0.0,0.0,3301.8,0.0,18158.6283,0.0,0.0,339.6874,339.6874,3305.6952,3307.6174,0.0,339.6874
2026-04-02 07:00:00,0.0,489.3558,1568674.68,-2962.31,96.5063,0.0,10.0078,0,0.0,0.0,3301.8,0.0,0.0,0.0,0.0,0.0,0.0,3301.8,0.0,18158.6283,0.0,0.0,339.6874,339.6874,3305.6952,3307.6174,0.0,339.6874,339.6874
2026-04-02 13:00:00,3301.8,489.3697,1571636.99,2962.31,96.6885,0.0,9.8803,0,0.0,0.0,0.0,3301.8,0.0,0.0,0.0,0.0,0.0,0.0,18158.6283,0.0,0.0,339.6874,339.6874,3305.6952,3307.6174,0.0,339.6874,339.6874,339.6874
2026-04-02 19:00:00,0.0,489.3575,1568674.68,-2962.31,96.5063,0.0,9.7544,0,0.0,0.0,3301.8,0.0,0.0,0.0,0.0,0.0,0.0,18158.6283,0.0,0.0,339.6874,339.6874,3305.6952,3307.6174,0.0,339.6874,339.6874,339.6874,0.0
2026-04-03 01:00:00,18158.6283,489.4142,1586490.96,17816.28,97.6024,0.0,9.6301,0,0.0,0.0,0.0,3301.8,0.0,0.0,0.0,0.0,0.0,0.0,0.0,339.6874,339.6874,3305.6952,3307.6174,0.0,339.6874,339.6874,339.6874,0.0,339.4906
2026-04-03 07:00:00,0.0,489.4032,1583503.92,-2987.05,97.4186,0.0,9.5074,0,0.0,0.0,18158.6283,0.0,0.0,0.0,0.0,0.0,0.0,0.0,339.6874,339.6874,3305.6952,3307.6174,0.0,339.6874,339.6874,339.6874,0.0,339.4906,339.4906
2026-04-03 13:00:00,0.0,489.3758,1574601.03,-8902.89,96.8709,0.0,9.3863,0,0.0,0.0,0.0,18158.6283,0.0,0.0,0.0,0.0,0.0,339.6874,339.6874,3305.6952,3307.6174,0.0,339.6874,339.6874,339.6874,0.0,339.4906,339.4906,3303.7271
2026-04-03 19:00:00,339.6874,489.3783,1574601.03,0.0,96.8709,0.0,9.2667,0,0.0,0.0,0.0,0.0,0.0,0.0,0.0,0.0,0.0,339.6874,3305.6952,3307.6174,0.0,339.6874,339.6874,339.6874,0.0,339.4906,339.4906,3303.7271,0.0
2026-04-04 01:00:00,339.6874,489.3795,1574601.03,0.0,96.8709,0.0,9.1486,0,0.0,0.0,339.6874,0.0,0.0,0.0,0.0,0.0,0.0,3305.6952,3307.6174,0.0,339.6874,339.6874,339.6874,0.0,339.4906,339.4906,3303.7271,0.0,339.2963
2026-04-04 07:00:00,3305.6952,489.3835,1577566.83,2965.81,97.0533,0.0,9.0321,0,0.0,0.0,339.6874,339.6874,0.0,0.0,0.0,0.0,0.0,3307.6174,0.0,339.6874,339.6874,339.6874,0.0,339.4906,339.4906,3303.7271,0.0,339.2963,3301.8
2026-04-04 13:00:00,3307.6174,489.3905,1580534.36,2967.53,97.2359,0.0,8.917,0,0.0,0.0,3305.6952,339.6874,0.0,0.0,0.0,0.0,0.0,0.0,339.6874,339.6874,339.6874,0.0,339.4906,339.4906,3303.7271,0.0,339.2963,3301.8,339.4906
2026-04-04 19:00:00,0.0,489.372,1574601.03,-5933.33,96.8709,0.0,8.8034,0,0.0,0.0,3307.6174,3305.6952,0.0,0.0,0.0,0.0,0.0,339.6874,339.6874,339.6874,0.0,339.4906,339.4906,3303.7271,0.0,339.2963,3301.8,339.4906,0.0
2026-04-05 01:00:00,339.6874,489.379,1574601.03,0.0,96.8709,0.0,8.6912,0,0.0,0.0,0.0,3307.6174,0.0,0.0,0.0,0.0,0.0,339.6874,339.6874,0.0,339.4906,339.4906,3303.7271,0.0,339.2963,3301.8,339.4906,0.0,0.0
2026-04-05 07:00:00,339.6874,489.3702,1574601.03,0.0,96.8709,0.0,8.5805,0,0.0,0.0,339.6874,0.0,0.0,0.0,0.0,0.0,0.0,339.6874,0.0,339.4906,339.4906,3303.7271,0.0,339.2963,3301.8,339.4906,0.0,0.0,0.0
2026-04-05 13:00:00,339.6874,489.3785,1574601.03,0.0,96.8709,0.0,8.4711,0,0.0,0.0,339.6874,339.6874,0.0,0.0,0.0,0.0,0.0,0.0,339.4906,339.4906,3303.7271,0.0,339.2963,3301.8,339.4906,0.0,0.0,0.0,338.7275
2026-04-05 19:00:00,0.0,489.3693,1571636.99,-2964.04,96.6885,0.0,8.3632,0,0.0,0.0,339.6874,339.6874,0.0,0.0,0.0,0.0,0.0,339.4906,339.4906,3303.7271,0.0,339.2963,3301.8,339.4906,0.0,0.0,0.0,338.7275,0.0
2026-04-06 01:00:00,339.4906,489.3648,1571636.99,0.0,96.6885,0.0,8.2566,0,0.0,0.0,0.0,339.6874,0.0,0.0,0.0,0.0,0.0,339.4906,3303.7271,0.0,339.2963,3301.8,339.4906,0.0,0.0,0.0,338.7275,0.0,338.0009
2026-04-06 07:00:00,339.4906,489.3627,1571636.99,0.0,96.6885,0.0,8.1514,0,0.0,0.0,339.4906,0.0,0.0,0.0,0.0,0.0,0.0,3303.7271,0.0,339.2963,3301.8,339.4906,0.0,0.0,0.0,338.7275,0.0,338.0009,0.0
2026-04-06 13:00:00,3303.7271,489.3767,1574601.03,2964.04,96.8709,0.0,8.0476,0,0.0,0.0,339.4906,339.4906,0.0,0.0,0.0,0.0,0.0,0.0,339.2963,3301.8,339.4906,0.0,0.0,0.0,338.7275,0.0,338.0009,0.0,337.8248
2026-04-06 19:00:00,0.0,489.3578,1568674.68,-5926.35,96.5063,0.0,7.945,0,0.0,0.0,3303.7271,339.4906,0.0,0.0,0.0,0.0,0.0,339.2963,3301.8,339.4906,0.0,0.0,0.0,338.7275,0.0,338.0009,0.0,337.8248,0.0
2026-04-07 01:00:00,339.2963,489.3568,1568674.68,0.0,96.5063,0.0,7.8438,0,0.0,0.0,0.0,3303.7271,0.0,0.0,0.0,0.0,0.0,3301.8,339.4906,0.0,0.0,0.0,338.7275,0.0,338.0009,0.0,337.8248,0.0,337.3109
2026-04-07 07:00:00,3301.8,489.3602,1571636.99,2962.31,96.6885,0.0,7.7439,0,0.0,0.0,339.2963,0.0,0.0,0.0,0.0,0.0,0.0,339.4906,0.0,0.0,0.0,338.7275,0.0,338.0009,0.0,337.8248,0.0,337.3109,0.0
2026-04-07 13:00:00,339.4906,489.3638,1571636.99,0.0,96.6885,0.0,7.6452,0,0.0,0.0,3301.8,339.2963,0.0,0.0,0.0,0.0,0.0,0.0,0.0,0.0,338.7275,0.0,338.0009,0.0,337.8248,0.0,337.3109,0.0,0.0
2026-04-07 19:00:00,0.0,489.3448,1565714.02,-5922.97,96.3241,0.0,7.5478,0,0.0,0.0,339.4906,3301.8,0.0,0.0,0.0,0.0,0.0,0.0,0.0,338.7275,0.0,338.0009,0.0,337.8248,0.0,337.3109,0.0,0.0,0.0
2026-04-08 01:00:00,0.0,489.3385,1562755.0,-2959.02,96.1421,0.0,7.4516,0,0.0,0.0,0.0,339.4906,0.0,0.0,0.0,0.0,0.0,0.0,338.7275,0.0,338.0009,0.0,337.8248,0.0,337.3109,0.0,0.0,0.0,2697.6605
2026-04-08 07:00:00,0.0,489.3225,1559797.59,-2957.41,95.9602,0.0,7.3567,0,0.0,0.0,0.0,0.0,0.0,0.0,0.0,0.0,0.0,338.7275,0.0,338.0009,0.0,337.8248,0.0,337.3109,0.0,0.0,0.0,2697.6605,0.0
2026-04-08 13:00:00,338.7275,489.3248,1559797.59,0.0,95.9602,0.0,7.2629,0,0.0,0.0,0.0,0.0,0.0,0.0,0.0,0.0,0.0,0.0,338.0009,0.0,337.8248,0.0,337.3109,0.0,0.0,0.0,2697.6605,0.0,5630.6991
2026-04-08 19:00:00,0.0,489.2838,1547983.88,-11813.71,95.2334,0.0,7.1704,0,0.0,0.0,338.7275,0.0,0.0,0.0,0.0,0.0,0.0,338.0009,0.0,337.8248,0.0,337.3109,0.0,0.0,0.0,2697.6605,0.0,5630.6991,0.0
2026-04-09 01:00:00,338.0009,489.2898,1547983.88,0.0,95.2334,0.0,7.079,0,0.0,0.0,0.0,338.7275,0.0,0.0,0.0,0.0,0.0,0.0,337.8248,0.0,337.3109,0.0,0.0,0.0,2697.6605,0.0,5630.6991,0.0,0.0
2026-04-09 07:00:00,0.0,489.2773,1545034.36,-2949.52,95.0519,0.0,6.9888,0,0.0,0.0,338.0009,0.0,0.0,0.0,0.0,0.0,0.0,337.8248,0.0,337.3109,0.0,0.0,0.0,2697.6605,0.0,5630.6991,0.0,0.0,0.0
2026-04-09 13:00:00,337.8248,489.2743,1545034.36,0.0,95.0519,0.0,6.8998,0,0.0,0.0,0.0,338.0009,0.0,0.0,0.0,0.0,0.0,0.0,337.3109,0.0,0.0,0.0,2697.6605,0.0,5630.6991,0.0,0.0,0.0,5624.6976
2026-04-09 19:00:00,0.0,489.2438,1536194.84,-8839.52,94.5081,0.0,6.8119,0,0.0,0.0,337.8248,0.0,0.0,0.0,0.0,0.0,0.0,337.3109,0.0,0.0,0.0,2697.6605,0.0,5630.6991,0.0,0.0,0.0,5624.6976,0.0
2026-04-10 01:00:00,337.3109,489.2443,1536194.84,0.0,94.5081,0.0,6.7251,0,0.0,0.0,0.0,337.8248,0.0,0.0,0.0,0.0,0.0,0.0,0.0,0.0,2697.6605,0.0,5630.6991,0.0,0.0,0.0,5624.6976,0.0,0.0
2026-04-10 07:00:00,0.0,489.2345,1533251.23,-2943.61,94.327,0.0,6.6394,0,0.0,0.0,337.3109,0.0,0.0,0.0,0.0,0.0,0.0,0.0,0.0,2697.6605,0.0,5630.6991,0.0,0.0,0.0,5624.6976,0.0,0.0,0.0
2026-04-10 13:00:00,0.0,489.2245,1530308.98,-2942.25,94.146,0.0,6.5548,1,9446.4,0.0,0.0,337.3109,0.0,0.0,0.0,0.0,0.0,0.0,2697.6605,0.0,5630.6991,0.0,0.0,0.0,5624.6976,0.0,0.0,0.0,5619.8806
2026-04-10 19:00:00,0.0,489.1975,1521494.77,-8814.21,93.6037,0.0,6.4713,1,9446.4,0.0,0.0,0.0,0.0,0.0,0.0,0.0,0.0,2697.6605,0.0,5630.6991,0.0,0.0,0.0,5624.6976,0.0,0.0,0.0,5619.8806,0.0
2026-04-11 01:00:00,2697.6605,489.1927,1521494.77,0.0,93.6037,0.0,6.3888,1,9446.4,0.0,0.0,0.0,0.0,0.0,0.0,0.0,0.0,0.0,5630.6991,0.0,0.0,0.0,5624.6976,0.0,0.0,0.0,5619.8806,0.0,0.0
2026-04-11 07:00:00,0.0,489.1822,1518561.73,-2933.04,93.4233,0.0,6.3074,1,9446.4,0.0,2697.6605,0.0,0.0,0.0,0.0,0.0,0.0,5630.6991,0.0,0.0,0.0,5624.6976,0.0,0.0,0.0,5619.8806,0.0,0.0,5617.0838
2026-04-11 13:00:00,5630.6991,489.1923,1521494.77,2933.04,93.6037,0.0,6.2271,1,9446.4,0.0,0.0,2697.6605,0.0,0.0,0.0,0.0,0.0,0.0,0.0,0.0,5624.6976,0.0,0.0,0.0,5619.8806,0.0,0.0,5617.0838,0.0
2026-04-11 19:00:00,0.0,489.155,1509768.13,-11726.64,92.8823,0.0,6.1477,1,9446.4,0.0,5630.6991,0.0,0.0,0.0,0.0,0.0,0.0,0.0,0.0,5624.6976,0.0,0.0,0.0,5619.8806,0.0,0.0,5617.0838,0.0,0.0
2026-04-12 01:00:00,0.0,489.1392,1503910.11,-5858.02,92.5219,0.0,6.0694,1,9446.4,0.0,0.0,5630.6991,0.0,0.0,0.0,0.0,0.0,0.0,5624.6976,0.0,0.0,0.0,5619.8806,0.0,0.0,5617.0838,0.0,0.0,0.0
2026-04-12 07:00:00,0.0,489.1298,1500982.45,-2927.66,92.3418,0.0,5.9921,1,9446.4,0.0,0.0,0.0,0.0,0.0,0.0,0.0,0.0,5624.6976,0.0,0.0,0.0,5619.8806,0.0,0.0,5617.0838,0.0,0.0,0.0,5614.2991
2026-04-12 13:00:00,5624.6976,489.134,1503910.11,2927.66,92.5219,0.0,5.9157,1,9446.4,0.0,0.0,0.0,0.0,0.0,0.0,0.0,0.0,0.0,0.0,0.0,5619.8806,0.0,0.0,5617.0838,0.0,0.0,0.0,5614.2991,5615.2064
2026-04-12 19:00:00,0.0,489.103,1495129.73,-8780.38,91.9817,0.0,5.8403,1,9446.4,0.0,5624.6976,0.0,0.0,0.0,0.0,0.0,0.0,0.0,0.0,5619.8806,0.0,0.0,5617.0838,0.0,0.0,0.0,5614.2991,5615.2064,0.0
2026-04-13 01:00:00,0.0,489.0882,1489280.51,-5849.23,91.6219,0.0,5.7659,1,9446.4,0.0,0.0,5624.6976,0.0,0.0,0.0,0.0,0.0,0.0,5619.8806,0.0,0.0,5617.0838,0.0,0.0,0.0,5614.2991,5615.2064,0.0,2695.5652
2026-04-13 07:00:00,0.0,489.0768,1486357.16,-2923.35,91.442,0.0,5.6925,1,9446.4,0.0,0.0,0.0,0.0,0.0,0.0,0.0,0.0,5619.8806,0.0,0.0,5617.0838,0.0,0.0,0.0,5614.2991,5615.2064,0.0,2695.5652,2695.5652
2026-04-13 13:00:00,5619.8806,489.0802,1489280.51,2923.35,91.6219,0.0,5.6199,1,9446.4,0.0,0.0,0.0,0.0,0.0,0.0,0.0,0.0,0.0,0.0,5617.0838,0.0,0.0,0.0,5614.2991,5615.2064,0.0,2695.5652,2695.5652,0.0
2026-04-13 19:00:00,0.0,489.063,1483434.61,-5845.9,91.2622,0.0,5.5483,1,9446.4,0.0,5619.8806,0.0,0.0,0.0,0.0,0.0,0.0,0.0,5617.0838,0.0,0.0,0.0,5614.2991,5615.2064,0.0,2695.5652,2695.5652,0.0,0.0
2026-04-14 01:00:00,0.0,489.0487,1477592.14,-5842.47,90.9028,0.0,5.4776,1,9446.4,0.0,0.0,5619.8806,0.0,0.0,0.0,0.0,0.0,5617.0838,0.0,0.0,0.0,5614.2991,5615.2064,0.0,2695.5652,2695.5652,0.0,0.0,0.0
2026-04-14 07:00:00,5617.0838,489.0535,1480512.99,2920.85,91.0825,0.0,5.4078,1,9446.4,0.0,0.0,0.0,0.0,0.0,0.0,0.0,0.0,0.0,0.0,0.0,5614.2991,5615.2064,0.0,2695.5652,2695.5652,0.0,0.0,0.0,0.0
2026-04-14 13:00:00,0.0,489.0488,1477592.14,-2920.85,90.9028,0.0,5.3389,1,9446.4,0.0,5617.0838,0.0,0.0,0.0,0.0,0.0,0.0,0.0,0.0,5614.2991,5615.2064,0.0,2695.5652,2695.5652,0.0,0.0,0.0,0.0,5604.5261
2026-04-14 19:00:00,0.0,489.0228,1471753.02,-5839.13,90.5436,0.0,5.2709,1,9446.4,0.0,0.0,5617.0838,0.0,0.0,0.0,0.0,0.0,0.0,5614.2991,5615.2064,0.0,2695.5652,2695.5652,0.0,0.0,0.0,0.0,5604.5261,0.0
2026-04-15 01:00:00,0.0,489.0137,1468834.66,-2918.35,90.364,0.0,5.2037,1,9446.4,0.0,0.0,0.0,0.0,0.0,0.0,0.0,0.0,5614.2991,5615.2064,0.0,2695.5652,2695.5652,0.0,0.0,0.0,0.0,5604.5261,0.0,0.0
2026-04-15 07:00:00,5614.2991,489.0247,1471753.02,2918.35,90.5436,0.0,5.1374,1,9446.4,0.0,0.0,0.0,0.0,0.0,0.0,0.0,0.0,5615.2064,0.0,2695.5652,2695.5652,0.0,0.0,0.0,0.0,5604.5261,0.0,0.0,8510.0574
2026-04-15 13:00:00,5615.2064,489.0373,1474672.18,2919.16,90.7232,0.0,5.072,1,9446.4,0.0,5614.2991,0.0,0.0,0.0,0.0,0.0,0.0,0.0,2695.5652,2695.5652,0.0,0.0,0.0,0.0,5604.5261,0.0,0.0,8510.0574,0.0
2026-04-15 19:00:00,0.0,488.9892,1460084.49,-14587.69,89.8257,0.0,5.0074,1,9446.4,0.0,5615.2064,5614.2991,0.0,0.0,0.0,0.0,0.0,2695.5652,2695.5652,0.0,0.0,0.0,0.0,5604.5261,0.0,0.0,8510.0574,0.0,0.0
2026-04-16 01:00:00,2695.5652,488.9847,1460084.49,0.0,89.8257,0.0,4.9436,1,9446.4,0.0,0.0,5615.2064,0.0,0.0,0.0,0.0,0.0,2695.5652,0.0,0.0,0.0,0.0,5604.5261,0.0,0.0,8510.0574,0.0,0.0,0.0
2026-04-16 07:00:00,2695.5652,488.9865,1460084.49,0.0,89.8257,0.0,4.8806,1,9446.4,0.0,2695.5652,0.0,0.0,0.0,0.0,0.0,0.0,0.0,0.0,0.0,0.0,5604.5261,0.0,0.0,8510.0574,0.0,0.0,0.0,332.5894
2026-04-16 13:00:00,0.0,488.9742,1457169.38,-2915.1,89.6464,0.0,4.8184,1,9446.4,0.0,2695.5652,2695.5652,0.0,0.0,0.0,0.0,0.0,0.0,0.0,0.0,5604.5261,0.0,0.0,8510.0574,0.0,0.0,0.0,332.5894,9047.6352
2026-04-16 19:00:00,0.0,488.942,1448428.87,-8740.51,89.1087,0.0,4.757,1,9446.4,0.0,0.0,2695.5652,0.0,0.0,0.0,0.0,0.0,0.0,0.0,5604.5261,0.0,0.0,8510.0574,0.0,0.0,0.0,332.5894,9047.6352,332.861
2026-04-17 01:00:00,0.0,488.9238,1442605.72,-5823.16,88.7504,0.0,4.6964,1,9446.4,0.0,0.0,0.0,0.0,0.0,0.0,0.0,0.0,0.0,5604.5261,0.0,0.0,8510.0574,0.0,0.0,0.0,332.5894,9047.6352,332.861,0.0
2026-04-17 07:00:00,0.0,488.9023,1436785.67,-5820.04,88.3924,0.0,4.6365,1,9446.4,0.0,0.0,0.0,0.0,0.0,0.0,0.0,0.0,5604.5261,0.0,0.0,8510.0574,0.0,0.0,0.0,332.5894,9047.6352,332.861,0.0,0.0
2026-04-17 13:00:00,5604.5261,488.9173,1439695.28,2909.61,88.5714,0.0,4.5775,1,9446.4,0.0,0.0,0.0,0.0,0.0,0.0,0.0,0.0,0.0,0.0,8510.0574,0.0,0.0,0.0,332.5894,9047.6352,332.861,0.0,0.0,9050.0438
2026-04-17 19:00:00,0.0,488.8975,1433876.88,-5818.4,88.2134,0.0,4.5191,1,9446.4,0.0,5604.5261,0.0,0.0,0.0,0.0,0.0,0.0,0.0,8510.0574,0.0,0.0,0.0,332.5894,9047.6352,332.861,0.0,0.0,9050.0438,0.0
2026-04-18 01:00:00,0.0,488.878,1428061.56,-5815.32,87.8556,0.0,4.4616,1,9446.4,0.0,0.0,5604.5261,0.0,0.0,0.0,0.0,0.0,8510.0574,0.0,0.0,0.0,332.5894,9047.6352,332.861,0.0,0.0,9050.0438,0.0,0.0
2026-04-18 07:00:00,8510.0574,488.891,1433876.88,5815.32,88.2134,0.0,4.4047,1,9446.4,0.0,0.0,0.0,0.0,0.0,0.0,0.0,0.0,0.0,0.0,0.0,332.5894,9047.6352,332.861,0.0,0.0,9050.0438,0.0,0.0,332.5894
2026-04-18 13:00:00,0.0,488.877,1428061.56,-5815.32,87.8556,0.0,4.3486,0,0.0,0.0,8510.0574,0.0,0.0,0.0,0.0,0.0,0.0,0.0,0.0,332.5894,9047.6352,332.861,0.0,0.0,9050.0438,0.0,0.0,332.5894,9047.6352
2026-04-18 19:00:00,0.0,488.8545,1422249.4,-5812.16,87.4981,0.0,4.2932,0,0.0,0.0,0.0,8510.0574,0.0,0.0,0.0,0.0,0.0,0.0,332.5894,9047.6352,332.861,0.0,0.0,9050.0438,0.0,0.0,332.5894,9047.6352,0.0
2026-04-19 01:00:00,0.0,488.8345,1416440.29,-5809.1,87.1407,0.0,4.2385,0,0.0,0.0,0.0,0.0,0.0,0.0,0.0,0.0,0.0,332.5894,9047.6352,332.861,0.0,0.0,9050.0438,0.0,0.0,332.5894,9047.6352,0.0,0.0
2026-04-19 07:00:00,332.5894,488.8352,1416440.29,0.0,87.1407,0.0,4.1845,0,0.0,0.0,0.0,0.0,0.0,0.0,0.0,0.0,0.0,9047.6352,332.861,0.0,0.0,9050.0438,0.0,0.0,332.5894,9047.6352,0.0,0.0,332.5894
2026-04-19 13:00:00,9047.6352,488.8645,1425155.07,8714.77,87.6768,0.0,4.1312,0,0.0,0.0,332.5894,0.0,0.0,0.0,0.0,0.0,0.0,332.861,0.0,0.0,9050.0438,0.0,0.0,332.5894,9047.6352,0.0,0.0,332.5894,6141.8732
2026-04-19 19:00:00,332.861,488.8643,1425155.07,0.0,87.6768,0.0,4.0785,0,0.0,0.0,9047.6352,332.5894,0.0,0.0,0.0,0.0,0.0,0.0,0.0,9050.0438,0.0,0.0,332.5894,9047.6352,0.0,0.0,332.5894,6141.8732,332.7703
2026-04-20 01:00:00,0.0,488.8507,1422249.4,-2905.67,87.4981,0.0,4.0266,0,0.0,0.0,332.861,9047.6352,0.0,0.0,0.0,0.0,0.0,0.0,9050.0438,0.0,0.0,332.5894,9047.6352,0.0,0.0,332.5894,6141.8732,332.7703,0.0
2026-04-20 07:00:00,0.0,488.8413,1419344.47,-2904.93,87.3194,0.0,3.9753,0,0.0,0.0,0.0,332.861,0.0,0.0,0.0,0.0,0.0,9050.0438,0.0,0.0,332.5894,9047.6352,0.0,0.0,332.5894,6141.8732,332.7703,0.0,0.0
2026-04-20 13:00:00,9050.0438,488.8728,1428061.56,8717.09,87.8556,0.0,3.9246,0,0.0,0.0,0.0,0.0,0.0,0.0,0.0,0.0,0.0,0.0,0.0,332.5894,9047.6352,0.0,0.0,332.5894,6141.8732,332.7703,0.0,0.0,6140.2254
2026-04-20 19:00:00,0.0,488.8612,1425155.07,-2906.49,87.6768,0.0,3.8746,0,0.0,0.0,9050.0438,0.0,0.0,0.0,0.0,0.0,0.0,0.0,332.5894,9047.6352,0.0,0.0,332.5894,6141.8732,332.7703,0.0,0.0,6140.2254,0.0
2026-04-21 01:00:00,0.0,488.8363,1416440.29,-8714.77,87.1407,0.0,3.8252,0,0.0,0.0,0.0,9050.0438,0.0,0.0,0.0,0.0,0.0,332.5894,9047.6352,0.0,0.0,332.5894,6141.8732,332.7703,0.0,0.0,6140.2254,0.0,0.0
2026-04-21 07:00:00,332.5894,488.833,1416440.29,0.0,87.1407,0.0,3.7765,0,0.0,0.0,0.0,0.0,0.0,0.0,0.0,0.0,0.0,9047.6352,0.0,0.0,332.5894,6141.8732,332.7703,0.0,0.0,6140.2254,0.0,0.0,332.4092
2026-04-21 13:00:00,9047.6352,488.8637,1425155.07,8714.77,87.6768,0.0,3.7284,0,0.0,0.0,332.5894,0.0,0.0,0.0,0.0,0.0,0.0,0.0,0.0,332.5894,6141.8732,332.7703,0.0,0.0,6140.2254,0.0,0.0,332.4092,3235.1571
2026-04-21 19:00:00,0.0,488.8552,1422249.4,-2905.67,87.4981,0.0,3.6809,0,0.0,0.0,9047.6352,332.5894,0.0,0.0,0.0,0.0,0.0,0.0,332.5894,6141.8732,332.7703,0.0,0.0,6140.2254,0.0,0.0,332.4092,3235.1571,3235.9599
2026-04-22 01:00:00,0.0,488.8363,1416440.29,-5809.1,87.1407,0.0,3.634,0,0.0,0.0,0.0,9047.6352,0.0,0.0,0.0,0.0,0.0,332.5894,6141.8732,332.7703,0.0,0.0,6140.2254,0.0,0.0,332.4092,3235.1571,3235.9599,0.0
2026-04-22 07:00:00,332.5894,488.8375,1416440.29,0.0,87.1407,0.0,3.5877,0,0.0,0.0,0.0,0.0,0.0,0.0,0.0,0.0,0.0,6141.8732,332.7703,0.0,0.0,6140.2254,0.0,0.0,332.4092,3235.1571,3235.9599,0.0,332.4993
2026-04-22 13:00:00,6141.8732,488.8552,1422249.4,5809.1,87.4981,0.0,3.542,0,0.0,0.0,332.5894,0.0,0.0,0.0,0.0,0.0,0.0,332.7703,0.0,0.0,6140.2254,0.0,0.0,332.4092,3235.1571,3235.9599,0.0,332.4993,0.0
2026-04-22 19:00:00,332.7703,488.8507,1422249.4,0.0,87.4981,0.0,3.4968,0,0.0,0.0,6141.8732,332.5894,0.0,0.0,0.0,0.0,0.0,0.0,0.0,6140.2254,0.0,0.0,332.4092,3235.1571,3235.9599,0.0,332.4993,0.0,3236.855
2026-04-23 01:00:00,0.0,488.8342,1416440.29,-5809.1,87.1407,0.0,3.4523,0,0.0,0.0,332.7703,6141.8732,0.0,0.0,0.0,0.0,0.0,0.0,6140.2254,0.0,0.0,332.4092,3235.1571,3235.9599,0.0,332.4993,0.0,3236.855,0.0
2026-04-23 07:00:00,0.0,488.8238,1413536.92,-2903.37,86.9621,0.0,3.4083,0,0.0,0.0,0.0,332.7703,0.0,0.0,0.0,0.0,0.0,6140.2254,0.0,0.0,332.4092,3235.1571,3235.9599,0.0,332.4993,0.0,3236.855,0.0,274.5143
2026-04-23 13:00:00,6140.2254,488.8427,1419344.47,5807.55,87.3194,0.0,3.3649,0,0.0,0.0,0.0,0.0,0.0,0.0,0.0,0.0,0.0,0.0,0.0,332.4092,3235.1571,3235.9599,0.0,332.4993,0.0,3236.855,0.0,274.5143,6141.8732
2026-04-23 19:00:00,0.0,488.8308,1416440.29,-2904.18,87.1407,1.2,4.522,0,0.0,0.0,6140.2254,0.0,0.0,0.0,1.2,1.2,1.2,0.0,332.4092,3235.1571,3235.9599,0.0,332.4993,0.0,3236.855,0.0,274.5143,6141.8732,0.0
2026-04-24 01:00:00,0.0,488.8177,1410634.26,-5806.03,86.7835,0.0,4.4644,0,0.0,0.0,0.0,6140.2254,1.2,0.0,1.2,1.2,1.2,332.4092,3235.1571,3235.9599,0.0,332.4993,0.0,3236.855,0.0,274.5143,6141.8732,0.0,0.0
2026-04-24 07:00:00,332.4092,488.8132,1410634.26,0.0,86.7835,0.0,4.4075,0,0.0,0.0,0.0,0.0,0.0,1.2,1.2,1.2,1.2,3235.1571,3235.9599,0.0,332.4993,0.0,3236.855,0.0,274.5143,6141.8732,0.0,0.0,332.3194
2026-04-24 13:00:00,3235.1571,488.8297,1413536.92,2902.66,86.9621,0.0,4.3513,0,0.0,0.0,332.4092,0.0,0.0,0.0,0.0,1.2,1.2,3235.9599,0.0,332.4993,0.0,3236.855,0.0,274.5143,6141.8732,0.0,0.0,332.3194,14849.754
2026-04-24 19:00:00,3235.9599,488.8323,1416440.29,2903.37,87.1407,0.0,4.2959,0,0.0,0.0,3235.1571,332.4092,0.0,0.0,0.0,1.2,1.2,0.0,332.4993,0.0,3236.855,0.0,274.5143,6141.8732,0.0,0.0,332.3194,14849.754,0.0
2026-04-25 01:00:00,0.0,488.8205,1413536.92,-2903.37,86.9621,0.0,4.2411,0,0.0,0.0,3235.9599,3235.1571,0.0,0.0,0.0,0.0,1.2,332.4993,0.0,3236.855,0.0,274.5143,6141.8732,0.0,0.0,332.3194,14849.754,0.0,0.0
2026-04-25 07:00:00,332.4993,488.8213,1413536.92,0.0,86.9621,0.0,4.1871,0,0.0,0.0,0.0,3235.9599,0.0,0.0,0.0,0.0,1.2,0.0,3236.855,0.0,274.5143,6141.8732,0.0,0.0,332.3194,14849.754,0.0,0.0,332.5894
2026-04-25 13:00:00,0.0,488.8353,1416440.29,2903.37,87.1407,25.2,29.3338,0,0.0,0.0,332.4993,0.0,0.0,0.0,25.2,25.2,25.2,3236.855,0.0,274.5143,6141.8732,0.0,0.0,332.3194,14849.754,0.0,0.0,332.5894,3236.855
2026-04-25 19:00:00,3236.855,488.8402,1419344.47,2904.18,87.3194,0.0,28.96,0,0.0,0.0,0.0,332.4993,25.2,0.0,25.2,25.2,25.2,0.0,274.5143,6141.8732,0.0,0.0,332.3194,14849.754,0.0,0.0,332.5894,3236.855,0.0
2026-04-26 01:00:00,0.0,488.8352,1416440.29,-2904.18,87.1407,0.4,28.991,0,0.0,0.0,3236.855,0.0,0.0,25.2,25.599999999999998,25.599999999999998,25.599999999999998,274.5143,6141.8732,0.0,0.0,332.3194,14849.754,0.0,0.0,332.5894,3236.855,0.0,0.0
2026-04-26 07:00:00,274.5143,488.8342,1416440.29,0.0,87.1407,0.2,28.8216,0,0.0,0.0,0.0,3236.855,0.4,0.0,0.6000000000000001,25.799999999999997,25.799999999999997,6141.8732,0.0,0.0,332.3194,14849.754,0.0,0.0,332.5894,3236.855,0.0,0.0,332.4092
2026-04-26 13:00:00,6141.8732,488.8592,1422249.4,5809.1,87.4981,0.0,28.4544,0,0.0,0.0,274.5143,0.0,0.2,0.4,0.6000000000000001,25.799999999999997,25.799999999999997,0.0,0.0,332.3194,14849.754,0.0,0.0,332.5894,3236.855,0.0,0.0,332.4092,6138.6177
2026-04-26 19:00:00,0.0,488.8283,1413536.92,-8712.47,86.9621,0.0,28.0918,0,0.0,0.0,6141.8732,274.5143,0.0,0.2,0.2,0.6000000000000001,25.799999999999997,0.0,332.3194,14849.754,0.0,0.0,332.5894,3236.855,0.0,0.0,332.4092,6138.6177,0.0
2026-04-27 01:00:00,0.0,488.8047,1407732.41,-5804.51,86.605,0.2,27.9339,0,0.0,0.0,0.0,6141.8732,0.0,0.0,0.2,0.8,25.999999999999996,332.3194,14849.754,0.0,0.0,332.5894,3236.855,0.0,0.0,332.4092,6138.6177,0.0,332.4993
2026-04-27 07:00:00,332.3194,488.8097,1407732.41,0.0,86.605,0.0,27.578,0,0.0,0.0,0.0,0.0,0.2,0.0,0.2,0.4,0.8,14849.754,0.0,0.0,332.5894,3236.855,0.0,0.0,332.4092,6138.6177,0.0,332.4993,0.0
2026-04-27 13:00:00,14849.754,488.854,1422249.4,14516.98,87.4981,0.0,27.2266,0,0.0,0.0,332.3194,0.0,0.0,0.2,0.2,0.2,0.8,0.0,0.0,332.5894,3236.855,0.0,0.0,332.4092,6138.6177,0.0,332.4993,0.0,3235.1571
2026-04-27 19:00:00,0.0,488.8413,1419344.47,-2904.93,87.3194,0.0,26.8797,0,0.0,0.0,14849.754,332.3194,0.0,0.0,0.0,0.2,0.4,0.0,332.5894,3236.855,0.0,0.0,332.4092,6138.6177,0.0,332.4993,0.0,3235.1571,0.0
2026-04-28 01:00:00,0.0,488.8348,1416440.29,-2904.18,87.1407,0.0,26.5372,0,0.0,0.0,0.0,14849.754,0.0,0.0,0.0,0.2,0.2,332.5894,3236.855,0.0,0.0,332.4092,6138.6177,0.0,332.4993,0.0,3235.1571,0.0,0.0
2026-04-28 07:00:00,332.5894,488.8317,1416440.29,0.0,87.1407,0.0,26.1991,0,0.0,0.0,0.0,0.0,0.0,0.0,0.0,0.0,0.2,3236.855,0.0,0.0,332.4092,6138.6177,0.0,332.4993,0.0,3235.1571,0.0,0.0,313.6855
2026-04-28 13:00:00,3236.855,488.8437,1419344.47,2904.18,87.3194,0.0,25.8653,0,0.0,0.0,332.5894,0.0,0.0,0.0,0.0,0.0,0.2,0.0,0.0,332.4092,6138.6177,0.0,332.4993,0.0,3235.1571,0.0,0.0,313.6855,6118.3658
2026-04-28 19:00:00,0.0,488.8363,1416440.29,-2904.18,87.1407,0.0,25.5357,0,0.0,0.0,3236.855,332.5894,0.0,0.0,0.0,0.0,0.0,0.0,332.4092,6138.6177,0.0,332.4993,0.0,3235.1571,0.0,0.0,313.6855,6118.3658,0.0
2026-04-29 01:00:00,0.0,488.8153,1410634.26,-5806.03,86.7835,0.0,25.2104,0,0.0,0.0,0.0,3236.855,0.0,0.0,0.0,0.0,0.0,332.4092,6138.6177,0.0,332.4993,0.0,3235.1571,0.0,0.0,313.6855,6118.3658,0.0,0.0
2026-04-29 07:00:00,332.4092,488.8167,1410634.26,0.0,86.7835,0.0,24.8891,0,0.0,0.0,0.0,0.0,0.0,0.0,0.0,0.0,0.0,6138.6177,0.0,332.4993,0.0,3235.1571,0.0,0.0,313.6855,6118.3658,0.0,0.0,313.6855
2026-04-29 13:00:00,6138.6177,488.8337,1416440.29,5806.03,87.1407,0.0,24.572,0,0.0,0.0,332.4092,0.0,0.0,0.0,0.0,0.0,0.0,0.0,332.4993,0.0,3235.1571,0.0,0.0,313.6855,6118.3658,0.0,0.0,313.6855,6118.3658
2026-04-29 19:00:00,0.0,488.8273,1413536.92,-2903.37,86.9621,0.0,24.2589,0,0.0,0.0,6138.6177,332.4092,0.0,0.0,0.0,0.0,0.0,332.4993,0.0,3235.1571,0.0,0.0,313.6855,6118.3658,0.0,0.0,313.6855,6118.3658,0.0
2026-04-30 01:00:00,332.4993,488.821,1413536.92,0.0,86.9621,0.0,23.9498,0,0.0,0.0,0.0,6138.6177,0.0,0.0,0.0,0.0,0.0,0.0,3235.1571,0.0,0.0,313.6855,6118.3658,0.0,0.0,313.6855,6118.3658,0.0,0.0
2026-04-30 07:00:00,0.0,488.8143,1410634.26,-2902.66,86.7835,0.0,23.6447,0,0.0,0.0,332.4993,0.0,0.0,0.0,0.0,0.0,0.0,3235.1571,0.0,0.0,313.6855,6118.3658,0.0,0.0,313.6855,6118.3658,0.0,0.0,0.0
2026-04-30 13:00:00,3235.1571,488.8242,1413536.92,2902.66,86.9621,0.0,23.3434,0,0.0,0.0,0.0,332.4993,0.0,0.0,0.0,0.0,0.0,0.0,0.0,313.6855,6118.3658,0.0,0.0,313.6855,6118.3658,0.0,0.0,0.0,14819.3665
2026-04-30 19:00:00,0.0,488.8185,1410634.26,-2902.66,86.7835,0.0,23.046,0,0.0,0.0,3235.1571,0.0,0.0,0.0,0.0,0.0,0.0,0.0,313.6855,6118.3658,0.0,0.0,313.6855,6118.3658,0.0,0.0,0.0,14819.3665,0.0
2026-05-01 01:00:00,0.0,488.8072,1407732.41,-2901.85,86.605,0.0,22.7523,0,0.0,0.0,0.0,3235.1571,0.0,0.0,0.0,0.0,0.0,313.6855,6118.3658,0.0,0.0,313.6855,6118.3658,0.0,0.0,0.0,14819.3665,0.0,0.0
2026-05-01 07:00:00,313.6855,488.8018,1407732.41,0.0,86.605,0.0,22.4624,0,0.0,0.0,0.0,0.0,0.0,0.0,0.0,0.0,0.0,6118.3658,0.0,0.0,313.6855,6118.3658,0.0,0.0,0.0,14819.3665,0.0,0.0,313.3478
2026-05-01 13:00:00,6118.3658,488.8218,1413536.92,5804.51,86.9621,0.0,22.1762,0,0.0,0.0,313.6855,0.0,0.0,0.0,0.0,0.0,0.0,0.0,0.0,313.6855,6118.3658,0.0,0.0,0.0,14819.3665,0.0,0.0,313.3478,9012.2495
2026-05-01 19:00:00,0.0,488.8188,1410634.26,-2902.66,86.7835,0.0,21.8937,0,0.0,0.0,6118.3658,313.6855,0.0,0.0,0.0,0.0,0.0,0.0,313.6855,6118.3658,0.0,0.0,0.0,14819.3665,0.0,0.0,313.3478,9012.2495,313.6007
2026-05-02 01:00:00,0.0,488.807,1407732.41,-2901.85,86.605,0.0,21.6147,0,0.0,0.0,0.0,6118.3658,0.0,0.0,0.0,0.0,0.0,313.6855,6118.3658,0.0,0.0,0.0,14819.3665,0.0,0.0,313.3478,9012.2495,313.6007,0.0
2026-05-02 07:00:00,313.6855,488.8093,1407732.41,0.0,86.605,0.0,21.3393,0,0.0,0.0,0.0,0.0,0.0,0.0,0.0,0.0,0.0,6118.3658,0.0,0.0,0.0,14819.3665,0.0,0.0,313.3478,9012.2495,313.6007,0.0,4199.0371
2026-05-02 13:00:00,6118.3658,488.8223,1413536.92,5804.51,86.9621,0.0,21.0674,0,0.0,0.0,313.6855,0.0,0.0,0.0,0.0,0.0,0.0,0.0,0.0,0.0,14819.3665,0.0,0.0,313.3478,9012.2495,313.6007,0.0,4199.0371,6116.7317
2026-05-02 19:00:00,0.0,488.8148,1410634.26,-2902.66,86.7835,0.0,20.799,0,0.0,0.0,6118.3658,313.6855,0.0,0.0,0.0,0.0,0.0,0.0,0.0,14819.3665,0.0,0.0,313.3478,9012.2495,313.6007,0.0,4199.0371,6116.7317,952.1825
2026-05-03 01:00:00,0.0,488.7912,1404831.3,-5802.96,86.4265,0.0,20.534,0,0.0,0.0,0.0,6118.3658,0.0,0.0,0.0,0.0,0.0,0.0,14819.3665,0.0,0.0,313.3478,9012.2495,313.6007,0.0,4199.0371,6116.7317,952.1825,0.0
2026-05-03 07:00:00,0.0,488.7768,1399031.41,-5799.89,86.0697,0.0,20.2724,0,0.0,0.0,0.0,0.0,0.0,0.0,0.0,0.0,0.0,14819.3665,0.0,0.0,313.3478,9012.2495,313.6007,0.0,4199.0371,6116.7317,952.1825,0.0,139.5593
2026-05-03 13:00:00,14819.3665,488.8218,1413536.92,14505.51,86.9621,0.0,20.0141,0,0.0,0.0,0.0,0.0,0.0,0.0,0.0,0.0,0.0,0.0,0.0,313.3478,9012.2495,313.6007,0.0,4199.0371,6116.7317,952.1825,0.0,139.5593,6116.7317
2026-05-03 19:00:00,0.0,488.7993,1404831.3,-8705.62,86.4265,0.0,19.7591,0,0.0,0.0,14819.3665,0.0,0.0,0.0,0.0,0.0,0.0,0.0,313.3478,9012.2495,313.6007,0.0,4199.0371,6116.7317,952.1825,0.0,139.5593,6116.7317,0.0
2026-05-04 01:00:00,0.0,488.7673,1396132.65,-8698.65,85.8913,0.0,19.5073,0,0.0,0.0,0.0,14819.3665,0.0,0.0,0.0,0.0,0.0,313.3478,9012.2495,313.6007,0.0,4199.0371,6116.7317,952.1825,0.0,139.5593,6116.7317,0.0,0.0
2026-05-04 07:00:00,313.3478,488.766,1396132.65,0.0,85.8913,0.0,19.2587,0,0.0,0.0,0.0,0.0,0.0,0.0,0.0,0.0,0.0,9012.2495,313.6007,0.0,4199.0371,6116.7317,952.1825,0.0,139.5593,6116.7317,0.0,0.0,313.6007
2026-05-04 13:00:00,9012.2495,488.7993,1404831.3,8698.65,86.4265,0.0,19.0134,0,0.0,0.0,313.3478,0.0,0.0,0.0,0.0,0.0,0.0,313.6007,0.0,4199.0371,6116.7317,952.1825,0.0,139.5593,6116.7317,0.0,0.0,313.6007,11922.9302
2026-05-04 19:00:00,313.6007,488.7958,1404831.3,0.0,86.4265,0.0,18.7711,0,0.0,0.0,9012.2495,313.3478,0.0,0.0,0.0,0.0,0.0,0.0,4199.0371,6116.7317,952.1825,0.0,139.5593,6116.7317,0.0,0.0,313.6007,11922.9302,1824.0282
2026-05-05 01:00:00,0.0,488.7738,1399031.41,-5799.89,86.0697,29.0,47.5319,0,0.0,0.0,313.6007,9012.2495,0.0,0.0,29.0,29.0,29.0,4199.0371,6116.7317,952.1825,0.0,139.5593,6116.7317,0.0,0.0,313.6007,11922.9302,1824.0282,0.0
2026-05-05 07:00:00,4199.0371,488.7963,1404831.3,5799.89,86.4265,6.6,53.5263,0,0.0,0.0,0.0,313.6007,29.0,0.0,35.6,35.6,35.6,6116.7317,952.1825,0.0,139.5593,6116.7317,0.0,0.0,313.6007,11922.9302,1824.0282,0.0,255.8656
2026-05-05 13:00:00,6116.7317,488.8168,1410634.26,5802.96,86.7835,0.0,52.8443,0,0.0,0.0,4199.0371,0.0,6.6,29.0,35.6,35.6,35.6,952.1825,0.0,139.5593,6116.7317,0.0,0.0,313.6007,11922.9302,1824.0282,0.0,255.8656,9028.9716
2026-05-05 19:00:00,952.1825,488.828,1413536.92,2902.66,86.9621,7.8,59.971,0,0.0,0.0,6116.7317,4199.0371,0.0,6.6,14.399999999999999,43.4,43.4,0.0,139.5593,6116.7317,0.0,0.0,313.6007,11922.9302,1824.0282,0.0,255.8656,9028.9716,3220.7763
2026-05-06 01:00:00,0.0,488.7958,1404831.3,-8705.62,86.4265,0.0,59.2069,0,0.0,0.0,952.1825,6116.7317,7.8,0.0,7.8,43.4,43.4,139.5593,6116.7317,0.0,0.0,313.6007,11922.9302,1824.0282,0.0,255.8656,9028.9716,3220.7763,0.0
2026-05-06 07:00:00,139.5593,488.7968,1404831.3,0.0,86.4265,0.6,59.0525,0,0.0,0.0,0.0,952.1825,0.0,7.8,8.4,14.999999999999998,44.0,6116.7317,0.0,0.0,313.6007,11922.9302,1824.0282,0.0,255.8656,9028.9716,3220.7763,0.0,3219.8686
2026-05-06 13:00:00,6116.7317,488.812,1410634.26,5802.96,86.7835,0.0,58.3001,0,0.0,0.0,139.5593,0.0,0.6,0.0,0.6,8.4,44.0,0.0,0.0,313.6007,11922.9302,1824.0282,0.0,255.8656,9028.9716,3220.7763,0.0,3219.8686,0.0
2026-05-06 19:00:00,0.0,488.8142,1410634.26,0.0,86.7835,2.0,59.5572,0,0.0,0.0,6116.7317,139.5593,0.0,0.6,2.6,10.4,17.0,0.0,313.6007,11922.9302,1824.0282,0.0,255.8656,9028.9716,3220.7763,0.0,3219.8686,0.0,6129.7789
2026-05-07 01:00:00,0.0,488.7985,1404831.3,-5802.96,86.4265,0.0,58.7984,0,0.0,0.0,0.0,6116.7317,2.0,0.0,2.0,2.6,10.4,313.6007,11922.9302,1824.0282,0.0,255.8656,9028.9716,3220.7763,0.0,3219.8686,0.0,6129.7789,0.0
2026-05-07 07:00:00,313.6007,488.7967,1404831.3,0.0,86.4265,0.0,58.0492,0,0.0,0.0,0.0,0.0,0.0,2.0,2.0,2.6,10.4,11922.9302,1824.0282,0.0,255.8656,9028.9716,3220.7763,0.0,3219.8686,0.0,6129.7789,0.0,4617.4083
2026-05-07 13:00:00,11922.9302,488.8397,1416440.29,11608.99,87.1407,0.0,57.3096,0,0.0,0.0,313.6007,0.0,0.0,0.0,0.0,2.0,2.6,1824.0282,0.0,255.8656,9028.9716,3220.7763,0.0,3219.8686,0.0,6129.7789,0.0,4617.4083,5900.2303
2026-05-07 19:00:00,1824.0282,488.8435,1419344.47,2904.18,87.3194,4.8,61.3794,0,0.0,0.0,11922.9302,313.6007,0.0,0.0,4.8,6.8,7.4,0.0,255.8656,9028.9716,3220.7763,0.0,3219.8686,0.0,6129.7789,0.0,4617.4083,5900.2303,0.0
2026-05-08 01:00:00,0.0,488.8387,1416440.29,-2904.18,87.1407,10.6,71.1973,0,0.0,0.0,1824.0282,11922.9302,4.8,0.0,15.399999999999999,15.399999999999999,17.4,255.8656,9028.9716,3220.7763,0.0,3219.8686,0.0,6129.7789,0.0,4617.4083,5900.2303,0.0,0.0
2026-05-08 07:00:00,255.8656,488.8352,1416440.29,0.0,87.1407,0.2,70.4902,0,0.0,0.0,0.0,1824.0282,10.6,4.8,15.599999999999998,15.599999999999998,17.599999999999998,9028.9716,3220.7763,0.0,3219.8686,0.0,6129.7789,0.0,4617.4083,5900.2303,0.0,0.0,1708.9261
2026-05-08 13:00:00,9028.9716,488.8635,1425155.07,8714.77,87.6768,0.0,69.592,0,0.0,0.0,255.8656,0.0,0.2,10.6,10.799999999999999,15.599999999999998,15.599999999999998,3220.7763,0.0,3219.8686,0.0,6129.7789,0.0,4617.4083,5900.2303,0.0,0.0,1708.9261,17798.8944
2026-05-08 19:00:00,3220.7763,488.8758,1428061.56,2906.49,87.8556,0.0,68.7053,0,0.0,0.0,9028.9716,255.8656,0.0,0.2,0.2,15.599999999999998,15.599999999999998,0.0,3219.8686,0.0,6129.7789,0.0,4617.4083,5900.2303,0.0,0.0,1708.9261,17798.8944,0.0
2026-05-09 01:00:00,0.0,488.8557,1422249.4,-5812.16,87.4981,0.0,67.8299,0,0.0,0.0,3220.7763,9028.9716,0.0,0.0,0.0,10.799999999999999,15.599999999999998,3219.8686,0.0,6129.7789,0.0,4617.4083,5900.2303,0.0,0.0,1708.9261,17798.8944,0.0,0.0
2026-05-09 07:00:00,3219.8686,488.866,1425155.07,2905.67,87.6768,0.0,66.9657,0,0.0,0.0,0.0,3220.7763,0.0,0.0,0.0,0.2,15.599999999999998,0.0,6129.7789,0.0,4617.4083,5900.2303,0.0,0.0,1708.9261,17798.8944,0.0,0.0,198.5649
2026-05-09 13:00:00,0.0,488.8777,1428061.56,2906.49,87.8556,11.8,77.9124,0,0.0,0.0,3219.8686,0.0,0.0,0.0,11.8,11.8,22.6,6129.7789,0.0,4617.4083,5900.2303,0.0,0.0,1708.9261,17798.8944,0.0,0.0,198.5649,6146.3841
2026-05-09 19:00:00,6129.7789,488.8933,1433876.88,5815.32,88.2134,0.0,76.9197,0,0.0,0.0,0.0,3219.8686,11.8,0.0,11.8,11.8,12.0,0.0,4617.4083,5900.2303,0.0,0.0,1708.9261,17798.8944,0.0,0.0,198.5649,6146.3841,0.0
2026-05-10 01:00:00,0.0,488.878,1428061.56,-5815.32,87.8556,16.0,91.9396,0,0.0,0.0,6129.7789,0.0,0.0,11.8,27.8,27.8,27.8,4617.4083,5900.2303,0.0,0.0,1708.9261,17798.8944,0.0,0.0,198.5649,6146.3841,0.0,36678.0882
2026-05-10 07:00:00,4617.4083,488.8908,1433876.88,5815.32,88.2134,5.2,95.9682,0,0.0,0.0,0.0,6129.7789,16.0,0.0,21.2,33.0,33.0,5900.2303,0.0,0.0,1708.9261,17798.8944,0.0,0.0,198.5649,6146.3841,0.0,36678.0882,14928.9068
2026-05-10 13:00:00,5900.2303,488.9117,1439695.28,5818.4,88.5714,0.8,95.5454,0,0.0,0.0,4617.4083,0.0,5.2,16.0,22.0,33.8,33.8,0.0,0.0,1708.9261,17798.8944,0.0,0.0,198.5649,6146.3841,0.0,36678.0882,14928.9068,17985.025
2026-05-10 19:00:00,0.0,488.9178,1439695.28,0.0,88.5714,24.0,118.328,0,0.0,0.0,5900.2303,4617.4083,0.8,5.2,30.0,46.0,57.8,0.0,1708.9261,17798.8944,0.0,0.0,198.5649,6146.3841,0.0,36678.0882,14928.9068,17985.025,0.0
2026-05-11 01:00:00,0.0,488.909,1436785.67,-2909.61,88.3924,2.2,119.0203,0,0.0,0.0,0.0,5900.2303,24.0,0.8,27.0,48.2,60.0,1708.9261,17798.8944,0.0,0.0,198.5649,6146.3841,0.0,36678.0882,14928.9068,17985.025,0.0,14542.2306
2026-05-11 07:00:00,1708.9261,488.9358,1445516.87,8731.2,88.9295,25.2,142.7039,0,0.0,0.0,0.0,0.0,2.2,24.0,51.4,57.400000000000006,73.4,17798.8944,0.0,0.0,198.5649,6146.3841,0.0,36678.0882,14928.9068,17985.025,0.0,14542.2306,6236.5252
2026-05-11 13:00:00,17798.8944,488.9947,1463000.44,17483.56,90.0051,0.0,140.8856,0,0.0,0.0,1708.9261,0.0,25.2,2.2,27.4,52.2,73.4,0.0,0.0,198.5649,6146.3841,0.0,36678.0882,14928.9068,17985.025,0.0,14542.2306,6236.5252,3280.9383
2026-05-11 19:00:00,0.0,488.9807,1460084.49,-2915.95,89.8257,0.0,139.0905,0,0.0,0.0,17798.8944,1708.9261,0.0,25.2,25.2,51.4,57.400000000000006,0.0,198.5649,6146.3841,0.0,36678.0882,14928.9068,17985.025,0.0,14542.2306,6236.5252,3280.9383,0.0
2026-05-12 01:00:00,0.0,488.9745,1457169.38,-2915.1,89.6464,12.8,150.1183,0,0.0,0.0,0.0,17798.8944,0.0,0.0,12.8,40.2,65.0,198.5649,6146.3841,0.0,36678.0882,14928.9068,17985.025,0.0,14542.2306,6236.5252,3280.9383,0.0,320.2768
2026-05-12 07:00:00,198.5649,488.9775,1457169.38,0.0,89.6464,0.4,148.6056,0,0.0,0.0,0.0,0.0,12.8,0.0,13.200000000000001,38.4,64.60000000000001,6146.3841,0.0,36678.0882,14928.9068,17985.025,0.0,14542.2306,6236.5252,3280.9383,0.0,320.2768,2690.1365
2026-05-12 13:00:00,6146.3841,488.9967,1463000.44,5831.05,90.0051,0.0,146.7121,0,0.0,0.0,198.5649,0.0,0.4,12.8,13.200000000000001,13.200000000000001,40.6,0.0,36678.0882,14928.9068,17985.025,0.0,14542.2306,6236.5252,3280.9383,0.0,320.2768,2690.1365,12070.3853
2026-05-12 19:00:00,0.0,489.0178,1468834.66,5834.22,90.364,29.4,174.2428,0,0.0,0.0,6146.3841,198.5649,0.0,0.4,29.799999999999997,42.6,67.8,36678.0882,14928.9068,17985.025,0.0,14542.2306,6236.5252,3280.9383,0.0,320.2768,2690.1365,12070.3853,0.0
2026-05-13 01:00:00,36678.0882,489.1627,1512698.45,43863.79,93.0626,25.6,197.6227,0,0.0,0.0,0.0,6146.3841,29.4,0.0,55.0,68.2,68.2,14928.9068,17985.025,0.0,14542.2306,6236.5252,3280.9383,0.0,320.2768,2690.1365,12070.3853,0.0,0.0
2026-05-13 07:00:00,14928.9068,489.2182,1527368.22,14669.77,93.9651,0.2,195.3047,0,0.0,0.0,36678.0882,0.0,25.6,29.4,55.2,55.6,68.4,17985.025,0.0,14542.2306,6236.5252,3280.9383,0.0,320.2768,2690.1365,12070.3853,0.0,0.0,320.8349
2026-05-13 13:00:00,17985.025,489.2742,1545034.36,17666.14,95.0519,0.0,192.8162,0,0.0,0.0,14928.9068,36678.0882,0.2,25.6,25.8,55.2,68.4,0.0,14542.2306,6236.5252,3280.9383,0.0,320.2768,2690.1365,12070.3853,0.0,0.0,320.8349,11578.5472
2026-05-13 19:00:00,0.0,489.262,1542086.36,-2948.0,94.8705,1.2,191.5595,0,0.0,0.0,17985.025,14928.9068,0.0,0.2,1.4,56.400000000000006,56.800000000000004,14542.2306,6236.5252,3280.9383,0.0,320.2768,2690.1365,12070.3853,0.0,0.0,320.8349,11578.5472,0.0
2026-05-14 01:00:00,14542.2306,489.3262,1559797.59,17711.23,95.9602,11.8,200.9187,0,0.0,0.0,0.0,17985.025,1.2,0.0,13.0,38.8,68.2,6236.5252,3280.9383,0.0,320.2768,2690.1365,12070.3853,0.0,0.0,320.8349,11578.5472,0.0,0.0
2026-05-14 07:00:00,6236.5252,489.3498,1565714.02,5916.43,96.3241,0.0,198.3587,0,0.0,0.0,14542.2306,0.0,11.8,1.2,13.0,13.200000000000001,68.2,3280.9383,0.0,320.2768,2690.1365,12070.3853,0.0,0.0,320.8349,11578.5472,0.0,0.0,9268.7445
2026-05-14 13:00:00,3280.9383,489.3518,1568674.68,2960.66,96.5063,0.0,195.8313,0,0.0,0.0,6236.5252,14542.2306,0.0,11.8,11.8,13.0,38.8,0.0,320.2768,2690.1365,12070.3853,0.0,0.0,320.8349,11578.5472,0.0,0.0,9268.7445,9239.6287
2026-05-14 19:00:00,0.0,489.3533,1568674.68,0.0,96.5063,11.0,204.3362,0,0.0,0.0,3280.9383,6236.5252,0.0,0.0,11.0,24.0,24.200000000000003,320.2768,2690.1365,12070.3853,0.0,0.0,320.8349,11578.5472,0.0,0.0,9268.7445,9239.6287,0.0
2026-05-15 01:00:00,320.2768,489.3535,1568674.68,0.0,96.5063,0.0,201.7326,0,0.0,0.0,0.0,3280.9383,11.0,0.0,11.0,22.8,24.0,2690.1365,12070.3853,0.0,0.0,320.8349,11578.5472,0.0,0.0,9268.7445,9239.6287,0.0,323.6543
2026-05-15 07:00:00,2690.1365,489.3643,1571636.99,2962.31,96.6885,2.0,201.1623,0,0.0,0.0,320.2768,0.0,0.0,11.0,13.0,13.0,26.0,12070.3853,0.0,0.0,320.8349,11578.5472,0.0,0.0,9268.7445,9239.6287,0.0,323.6543,323.6543
2026-05-15 13:00:00,12070.3853,489.409,1583503.92,11866.93,97.4186,0.4,198.9992,0,0.0,0.0,2690.1365,320.2768,2.0,0.0,2.4,13.4,25.2,0.0,0.0,320.8349,11578.5472,0.0,0.0,9268.7445,9239.6287,0.0,323.6543,323.6543,2951.1706
2026-05-15 19:00:00,0.0,489.3933,1580534.36,-2969.56,97.2359,0.0,196.4636,0,0.0,0.0,12070.3853,2690.1365,0.4,2.0,2.4,13.4,13.4,0.0,320.8349,11578.5472,0.0,0.0,9268.7445,9239.6287,0.0,323.6543,323.6543,2951.1706,6324.9749
2026-05-16 01:00:00,0.0,489.3892,1577566.83,-2967.53,97.0533,0.0,193.9604,0,0.0,0.0,0.0,12070.3853,0.0,0.4,0.4,2.4,13.4,320.8349,11578.5472,0.0,0.0,9268.7445,9239.6287,0.0,323.6543,323.6543,2951.1706,6324.9749,324.636
2026-05-16 07:00:00,320.8349,489.3855,1577566.83,0.0,97.0533,0.0,191.4891,0,0.0,0.0,0.0,0.0,0.0,0.0,0.0,2.4,13.4,11578.5472,0.0,0.0,9268.7445,9239.6287,0.0,323.6543,323.6543,2951.1706,6324.9749,324.636,324.636
2026-05-16 13:00:00,11578.5472,489.429,1589479.78,11912.94,97.7862,2.2,191.2492,0,0.0,0.0,320.8349,0.0,0.0,0.0,2.2,2.6,4.6,0.0,0.0,9268.7445,9239.6287,0.0,323.6543,323.6543,2951.1706,6324.9749,324.636,324.636,8194.6132
2026-05-16 19:00:00,0.0,489.4205,1589479.78,0.0,97.7862,3.6,192.4124,0,0.0,0.0,11578.5472,320.8349,2.2,0.0,5.800000000000001,5.800000000000001,8.2,0.0,9268.7445,9239.6287,0.0,323.6543,323.6543,2951.1706,6324.9749,324.636,324.636,8194.6132,12500.390126628065
2026-05-17 01:00:00,0.0,489.396,1580534.36,-8945.42,97.2359,0.0,189.9608,0,0.0,0.0,0.0,11578.5472,3.6,2.2,5.800000000000001,5.800000000000001,6.2,9268.7445,9239.6287,0.0,323.6543,323.6543,2951.1706,6324.9749,324.636,324.636,8194.6132,12500.390126628065,12395.6662
2026-05-17 07:00:00,9268.7445,489.4283,1589479.78,8945.42,97.7862,0.0,187.5404,0,0.0,0.0,0.0,0.0,0.0,3.6,3.6,5.800000000000001,5.800000000000001,9239.6287,0.0,323.6543,323.6543,2951.1706,6324.9749,324.636,324.636,8194.6132,12500.390126628065,12395.6662,327.2042
2026-05-17 13:00:00,9239.6287,489.4578,1598455.47,8975.69,98.3384,0.2,185.3509,0,0.0,0.0,9268.7445,0.0,0.0,0.0,0.2,6.000000000000001,6.000000000000001,0.0,323.6543,323.6543,2951.1706,6324.9749,324.636,324.636,8194.6132,12500.390126628065,12395.6662,327.2042,6381.0753
2026-05-17 19:00:00,0.0,489.4427,1595462.02,-2993.46,98.1543,0.0,182.9892,0,0.0,0.0,9239.6287,9268.7445,0.2,0.0,0.2,3.8000000000000003,6.000000000000001,323.6543,323.6543,2951.1706,6324.9749,324.636,324.636,8194.6132,12500.390126628065,12395.6662,327.2042,6381.0753,0.0
2026-05-18 01:00:00,323.6543,489.4483,1595462.02,0.0,98.1543,0.0,180.6577,0,0.0,0.0,0.0,9239.6287,0.0,0.2,0.2,0.2,6.000000000000001,323.6543,2951.1706,6324.9749,324.636,324.636,8194.6132,12500.390126628065,12395.6662,327.2042,6381.0753,0.0,3353.3729
2026-05-18 07:00:00,323.6543,489.4468,1595462.02,0.0,98.1543,0.0,178.3558,0,0.0,0.0,323.6543,0.0,0.0,0.0,0.0,0.2,3.8000000000000003,2951.1706,6324.9749,324.636,324.636,8194.6132,12500.390126628065,12395.6662,327.2042,6381.0753,0.0,3353.3729,327.3799
2026-05-18 13:00:00,2951.1706,489.4898,1607444.59,11982.58,98.8914,31.2,207.2833,0,0.0,0.0,323.6543,323.6543,0.0,0.0,31.2,31.4,31.4,6324.9749,324.636,324.636,8194.6132,12500.390126628065,12395.6662,327.2042,6381.0753,0.0,3353.3729,327.3799,9415.2014
2026-05-18 19:00:00,6324.9749,489.5037,1613444.93,6000.34,99.2606,0.0,204.6422,0,0.0,0.0,2951.1706,323.6543,31.2,0.0,31.2,31.2,31.4,324.636,324.636,8194.6132,12500.390126628065,12395.6662,327.2042,6381.0753,0.0,3353.3729,327.3799,9415.2014,327.8768
2026-05-19 01:00:00,324.636,489.5033,1613444.93,0.0,99.2606,0.0,202.0348,0,0.0,0.0,6324.9749,2951.1706,0.0,31.2,31.2,31.2,31.4,324.636,8194.6132,12500.390126628065,12395.6662,327.2042,6381.0753,0.0,3353.3729,327.3799,9415.2014,327.8768,0.0
2026-05-19 07:00:00,324.636,489.5015,1613444.93,0.0,99.2606,0.0,199.4606,0,0.0,0.0,324.636,6324.9749,0.0,0.0,0.0,31.2,31.2,8194.6132,12500.390126628065,12395.6662,327.2042,6381.0753,0.0,3353.3729,327.3799,9415.2014,327.8768,0.0,327.5477
2026-05-19 13:00:00,8194.6132,489.5372,1622456.77,9011.84,99.815,3.8,200.7192,0,0.0,0.0,324.636,324.636,0.0,0.0,3.8,35.0,35.0,12500.390126628065,12395.6662,327.2042,6381.0753,0.0,3353.3729,327.3799,9415.2014,327.8768,0.0,327.5477,9420.0518
2026-05-19 19:00:00,12500.390126628065,489.5762,1634494.02,12037.24,100.5555,0.4,198.5617,0,0.0,257.83112662806445,8194.6132,324.636,3.8,0.0,4.2,4.2,35.4,12395.6662,327.2042,6381.0753,0.0,3353.3729,327.3799,9415.2014,327.8768,0.0,327.5477,9420.0518,0.0
2026-05-20 01:00:00,12395.6662,489.62,1646562.48,12068.46,101.298,0.0,196.0317,0,0.0,0.0,12500.390126628065,8194.6132,0.4,3.8,4.2,4.2,35.4,327.2042,6381.0753,0.0,3353.3729,327.3799,9415.2014,327.8768,0.0,327.5477,9420.0518,0.0,0.0
2026-05-20 07:00:00,327.2042,489.617,1646562.48,0.0,101.298,0.0,193.534,0,0.0,0.0,12395.6662,12500.390126628065,0.0,0.4,0.4,4.2,4.2,6381.0753,0.0,3353.3729,327.3799,9415.2014,327.8768,0.0,327.5477,9420.0518,0.0,0.0,6330.2378
2026-05-20 13:00:00,6381.0753,489.6322,1652616.01,6053.53,101.6704,0.0,191.0681,0,0.0,0.0,327.2042,12395.6662,0.0,0.0,0.0,4.2,4.2,0.0,3353.3729,327.3799,9415.2014,327.8768,0.0,327.5477,9420.0518,0.0,0.0,6330.2378,12472.640603235206
2026-05-20 19:00:00,0.0,489.6163,1646562.48,-6053.53,101.298,5.6,194.2336,0,0.0,0.0,6381.0753,327.2042,0.0,0.0,5.6,6.0,9.8,3353.3729,327.3799,9415.2014,327.8768,0.0,327.5477,9420.0518,0.0,0.0,6330.2378,12472.640603235206,0.0
2026-05-21 01:00:00,3353.3729,489.6243,1649588.47,3025.99,101.4842,0.0,191.7588,0,0.0,0.0,0.0,6381.0753,5.6,0.0,5.6,5.6,9.8,327.3799,9415.2014,327.8768,0.0,327.5477,9420.0518,0.0,0.0,6330.2378,12472.640603235206,0.0,0.0
2026-05-21 07:00:00,327.3799,489.6225,1649588.47,0.0,101.4842,0.0,189.3155,0,0.0,0.0,3353.3729,0.0,0.0,5.6,5.6,5.6,6.0,9415.2014,327.8768,0.0,327.5477,9420.0518,0.0,0.0,6330.2378,12472.640603235206,0.0,0.0,3363.6375002437976
2026-05-21 13:00:00,9415.2014,489.6555,1658675.8,9087.32,102.0432,0.0,186.9034,0,0.0,0.0,327.3799,3353.3729,0.0,0.0,0.0,5.6,5.6,327.8768,0.0,327.5477,9420.0518,0.0,0.0,6330.2378,12472.640603235206,0.0,0.0,3363.6375002437976,10537.727356886207
2026-05-21 19:00:00,327.8768,489.6577,1658675.8,0.0,102.0432,0.0,184.5219,0,0.0,0.0,9415.2014,327.3799,0.0,0.0,0.0,5.6,5.6,0.0,327.5477,9420.0518,0.0,0.0,6330.2378,12472.640603235206,0.0,0.0,3363.6375002437976,10537.727356886207,0.0
2026-05-22 01:00:00,0.0,489.639,1652616.01,-6059.79,101.6704,0.0,182.1709,0,0.0,0.0,327.8768,9415.2014,0.0,0.0,0.0,0.0,5.6,327.5477,9420.0518,0.0,0.0,6330.2378,12472.640603235206,0.0,0.0,3363.6375002437976,10537.727356886207,0.0,328.2057
2026-05-22 07:00:00,327.5477,489.6377,1652616.01,0.0,101.6704,0.0,179.8497,0,0.0,0.0,0.0,327.8768,0.0,0.0,0.0,0.0,5.6,9420.0518,0.0,0.0,6330.2378,12472.640603235206,0.0,0.0,3363.6375002437976,10537.727356886207,0.0,328.2057,0.0
2026-05-22 13:00:00,9420.0518,489.6687,1661708.02,9092.01,102.2298,0.0,177.5582,0,0.0,0.0,327.5477,0.0,0.0,0.0,0.0,0.0,0.0,0.0,0.0,6330.2378,12472.640603235206,0.0,0.0,3363.6375002437976,10537.727356886207,0.0,328.2057,0.0,19898.945215181637
2026-05-22 19:00:00,0.0,489.6752,1664741.67,3033.66,102.4164,15.6,190.8958,0,0.0,0.0,9420.0518,327.5477,0.0,0.0,15.6,15.6,15.6,0.0,6330.2378,12472.640603235206,0.0,0.0,3363.6375002437976,10537.727356886207,0.0,328.2057,0.0,19898.945215181637,0.0
2026-05-23 01:00:00,0.0,489.644,1655645.16,-9096.51,101.8568,5.0,193.4636,0,0.0,0.0,0.0,9420.0518,15.6,0.0,20.6,20.6,20.6,6330.2378,12472.640603235206,0.0,0.0,3363.6375002437976,10537.727356886207,0.0,328.2057,0.0,19898.945215181637,0.0,0.0
2026-05-23 07:00:00,6330.2378,489.6632,1661708.02,6062.86,102.2298,0.2,191.1986,0,0.0,0.0,0.0,0.0,5.0,15.6,20.8,20.8,20.8,12472.640603235206,0.0,0.0,3363.6375002437976,10537.727356886207,0.0,328.2057,0.0,19898.945215181637,0.0,0.0,9929.956525178828
2026-05-23 13:00:00,12472.640603235206,489.7013,1673851.74,12143.72,102.9769,0.0,188.7624,0,0.0,0.21600323520602524,6330.2378,0.0,0.2,5.0,5.2,20.8,20.8,0.0,0.0,3363.6375002437976,10537.727356886207,0.0,328.2057,0.0,19898.945215181637,0.0,0.0,9929.956525178828,15297.16784374141
2026-05-23 19:00:00,0.0,489.6883,1667776.83,-6074.91,102.6031,0.0,186.3573,0,0.0,281.16273340279366,12472.640603235206,6330.2378,0.0,0.2,0.2,20.8,20.8,0.0,3363.6375002437976,10537.727356886207,0.0,328.2057,0.0,19898.945215181637,0.0,0.0,9929.956525178828,15297.16784374141,0.0
2026-05-24 01:00:00,0.0,489.6778,1664741.67,-3035.16,102.4164,0.2,184.1828,0,0.0,0.0,0.0,12472.640603235206,0.0,0.0,0.2,5.4,21.0,3363.6375002437976,10537.727356886207,0.0,328.2057,0.0,19898.945215181637,0.0,0.0,9929.956525178828,15297.16784374141,0.0,22163.229230418474
2026-05-24 07:00:00,3363.6375002437976,489.6813,1667776.83,3035.16,102.6031,0.0,181.8361,0,0.0,0.10800024379740926,0.0,0.0,0.2,0.0,0.2,0.4,21.0,10537.727356886207,0.0,328.2057,0.0,19898.945215181637,0.0,0.0,9929.956525178828,15297.16784374141,0.0,22163.229230418474,5906.298933097276
2026-05-24 13:00:00,10537.727356886207,489.7148,1676891.46,9114.63,103.1639,0.0,179.5192,0,0.0,1094.228656886207,3363.6375002437976,0.0,0.0,0.2,0.2,0.2,5.4,0.0,328.2057,0.0,19898.945215181637,0.0,0.0,9929.956525178828,15297.16784374141,0.0,22163.229230418474,5906.298933097276,42206.668879140925
2026-05-24 19:00:00,0.0,489.6703,1664741.67,-12149.79,102.4164,0.0,177.2319,0,0.0,66.36596124104565,10537.727356886207,3363.6375002437976,0.0,0.0,0.0,0.2,0.4,328.2057,0.0,19898.945215181637,0.0,0.0,9929.956525178828,15297.16784374141,0.0,22163.229230418474,5906.298933097276,42206.668879140925,12365.107100344983
2026-05-25 01:00:00,328.2057,489.6745,1664741.67,0.0,102.4164,0.0,174.9737,0,0.0,0.0,0.0,10537.727356886207,0.0,0.0,0.0,0.2,0.2,0.0,19898.945215181637,0.0,0.0,9929.956525178828,15297.16784374141,0.0,22163.229230418474,5906.298933097276,42206.668879140925,12365.107100344983,19479.844498841183
2026-05-25 07:00:00,0.0,489.6682,1661708.02,-3033.66,102.2298,0.0,172.7443,0,0.0,0.0,328.2057,0.0,0.0,0.0,0.0,0.0,0.2,19898.945215181637,0.0,0.0,9929.956525178828,15297.16784374141,0.0,22163.229230418474,5906.298933097276,42206.668879140925,12365.107100344983,19479.844498841183,981.0735708879129
2026-05-25 13:00:00,19898.945215181637,489.7203,1679932.84,18224.82,103.351,0.0,170.5433,0,0.0,1345.0771151816361,0.0,328.2057,0.0,0.0,0.0,0.0,0.2,0.0,0.0,9929.956525178828,15297.16784374141,0.0,22163.229230418474,5906.298933097276,42206.668879140925,12365.107100344983,19479.844498841183,981.0735708879129,27542.60057265192
2026-05-25 19:00:00,0.0,489.6797,1664741.67,-15191.17,102.4164,0.0,168.3703,0,0.0,157.45992571329313,19898.945215181637,0.0,0.0,0.0,0.0,0.0,0.0,0.0,9929.956525178828,15297.16784374141,0.0,22163.229230418474,5906.298933097276,42206.668879140925,12365.107100344983,19479.844498841183,981.0735708879129,27542.60057265192,32549.45338801007
2026-05-26 01:00:00,0.0,489.6685,1661708.02,-3033.66,102.2298,19.0,185.225,0,0.0,0.0,0.0,19898.945215181637,0.0,0.0,19.0,19.0,19.0,9929.956525178828,15297.16784374141,0.0,22163.229230418474,5906.298933097276,42206.668879140925,12365.107100344983,19479.844498841183,981.0735708879129,27542.60057265192,32549.45338801007,32482.91723763912
2026-05-26 07:00:00,9929.956525178828,489.6962,1670813.48,9105.47,102.79,0.0,182.865,0,0.0,495.9520251788278,0.0,0.0,19.0,0.0,19.0,19.0,19.0,15297.16784374141,0.0,22163.229230418474,5906.298933097276,42206.668879140925,12365.107100344983,19479.844498841183,981.0735708879129,27542.60057265192,32549.45338801007,32482.91723763912,23028.452765623864
2026-05-26 13:00:00,15297.16784374141,489.731,1682975.65,12162.17,103.5382,0.0,180.535,0,0.0,2805.78804374141,9929.956525178828,0.0,0.0,19.0,19.0,19.0,19.0,0.0,22163.229230418474,5906.298933097276,42206.668879140925,12365.107100344983,19479.844498841183,981.0735708879129,27542.60057265192,32549.45338801007,32482.91723763912,23028.452765623864,66676.01854218234
2026-05-26 19:00:00,0.0,489.73,1679932.84,-3042.81,103.351,7.6,185.8347,0,0.0,3940.2607650030477,15297.16784374141,9929.956525178828,0.0,0.0,7.6,26.6,26.6,22163.229230418474,5906.298933097276,42206.668879140925,12365.107100344983,19479.844498841183,981.0735708879129,27542.60057265192,32549.45338801007,32482.91723763912,23028.452765623864,66676.01854218234,44608.92757588995
2026-05-27 01:00:00,22163.229230418474,489.7602,1692113.66,12180.82,104.1004,0.0,183.4669,0,0.0,9652.675630418473,0.0,15297.16784374141,7.6,0.0,7.6,26.6,26.6,5906.298933097276,42206.668879140925,12365.107100344983,19479.844498841183,981.0735708879129,27542.60057265192,32549.45338801007,32482.91723763912,23028.452765623864,66676.01854218234,44608.92757588995,29803.806656692912
2026-05-27 07:00:00,5906.298933097276,489.755,1689066.07,-3047.59,103.9129,0.0,181.1293,0,0.0,8624.340033097276,22163.229230418474,0.0,0.0,7.6,7.6,7.6,26.6,42206.668879140925,12365.107100344983,19479.844498841183,981.0735708879129,27542.60057265192,32549.45338801007,32482.91723763912,23028.452765623864,66676.01854218234,44608.92757588995,29803.806656692912,27417.979470389513
2026-05-27 13:00:00,42206.668879140925,489.803,1704320.27,15254.2,104.8513,0.0,178.8214,0,0.0,26620.966979140925,5906.298933097276,22163.229230418474,0.0,0.0,0.0,7.6,26.6,12365.107100344983,19479.844498841183,981.0735708879129,27542.60057265192,32549.45338801007,32482.91723763912,23028.452765623864,66676.01854218234,44608.92757588995,29803.806656692912,27417.979470389513,49110.07463977682
2026-05-27 19:00:00,12365.107100344983,489.7833,1698213.64,-6106.63,104.4756,0.2,176.743,0,0.0,18202.689800344982,42206.668879140925,5906.298933097276,0.0,0.0,0.2,7.8,7.8,19479.844498841183,981.0735708879129,27542.60057265192,32549.45338801007,32482.91723763912,23028.452765623864,66676.01854218234,44608.92757588995,29803.806656692912,27417.979470389513,49110.07463977682,52365.15065974705
2026-05-28 01:00:00,19479.844498841183,489.787,1698213.64,0.0,104.4756,0.0,174.491,0,0.0,19149.764398841184,12365.107100344983,42206.668879140925,0.2,0.0,0.2,0.2,7.8,981.0735708879129,27542.60057265192,32549.45338801007,32482.91723763912,23028.452765623864,66676.01854218234,44608.92757588995,29803.806656692912,27417.979470389513,49110.07463977682,52365.15065974705,14735.36441169112
2026-05-28 07:00:00,981.0735708879129,489.7582,1689066.07,-9147.57,103.9129,0.0,172.2678,0,0.0,9799.095370887911,19479.844498841183,12365.107100344983,0.0,0.2,0.2,0.2,7.8,27542.60057265192,32549.45338801007,32482.91723763912,23028.452765623864,66676.01854218234,44608.92757588995,29803.806656692912,27417.979470389513,49110.07463977682,52365.15065974705,14735.36441169112,20159.12467077533
2026-05-28 13:00:00,27542.60057265192,489.787,1698213.64,9147.57,104.4756,4.2,174.2728,0,0.0,19346.609372651925,981.0735708879129,19479.844498841183,0.0,0.0,4.2,4.4,4.4,32549.45338801007,32482.91723763912,23028.452765623864,66676.01854218234,44608.92757588995,29803.806656692912,27417.979470389513,49110.07463977682,52365.15065974705,14735.36441169112,20159.12467077533,42026.1162618972
2026-05-28 19:00:00,32549.45338801007,489.803,1704320.27,6106.63,104.8513,0.0,172.0523,0,0.0,26111.32528801007,27542.60057265192,981.0735708879129,4.2,0.0,4.2,4.4,4.4,32482.91723763912,23028.452765623864,66676.01854218234,44608.92757588995,29803.806656692912,27417.979470389513,49110.07463977682,52365.15065974705,14735.36441169112,20159.12467077533,42026.1162618972,83828.81273329818
2026-05-29 01:00:00,32482.91723763912,489.8113,1707386.39,3066.12,105.04,2.6,172.4601,0,0.0,29882.501137639127,32549.45338801007,27542.60057265192,0.0,4.2,6.800000000000001,6.800000000000001,7.0,23028.452765623864,66676.01854218234,44608.92757588995,29803.806656692912,27417.979470389513,49110.07463977682,52365.15065974705,14735.36441169112,20159.12467077533,42026.1162618972,83828.81273329818,0.0
2026-05-29 07:00:00,23028.452765623864,489.8023,1704320.27,-3066.12,104.8513,0.0,170.2627,0,0.0,25763.07476562386,32482.91723763912,32549.45338801007,2.6,0.0,2.6,6.800000000000001,7.0,66676.01854218234,44608.92757588995,29803.806656692912,27417.979470389513,49110.07463977682,52365.15065974705,14735.36441169112,20159.12467077533,42026.1162618972,83828.81273329818,0.0,0.0
2026-05-29 13:00:00,66676.01854218234,489.8513,1719668.7,15348.43,105.7956,0.0,168.0933,0,0.0,50995.082642182344,23028.452765623864,32482.91723763912,0.0,2.6,2.6,6.800000000000001,6.800000000000001,44608.92757588995,29803.806656692912,27417.979470389513,49110.07463977682,52365.15065974705,14735.36441169112,20159.12467077533,42026.1162618972,83828.81273329818,0.0,0.0,1758.8606048371666
2026-05-29 19:00:00,44608.92757588995,489.8447,1716595.66,-3073.04,105.6065,0.0,165.9516,0,0.0,47349.64137588996,66676.01854218234,23028.452765623864,0.0,0.0,0.0,2.6,6.800000000000001,29803.806656692912,27417.979470389513,49110.07463977682,52365.15065974705,14735.36441169112,20159.12467077533,42026.1162618972,83828.81273329818,0.0,0.0,1758.8606048371666,0.0
2026-05-30 01:00:00,29803.806656692912,489.823,1710454.44,-6141.22,105.2287,1.0,164.8371,0,0.0,35919.96275669291,44608.92757588995,66676.01854218234,0.0,0.0,1.0,3.6,7.800000000000001,27417.979470389513,49110.07463977682,52365.15065974705,14735.36441169112,20159.12467077533,42026.1162618972,83828.81273329818,0.0,0.0,1758.8606048371666,0.0,0.0
2026-05-30 07:00:00,27417.979470389513,489.8127,1707386.39,-3068.04,105.04,1.2,163.9369,0,0.0,30522.316170389513,29803.806656692912,44608.92757588995,1.0,0.0,2.2,2.2,4.8,49110.07463977682,52365.15065974705,14735.36441169112,20159.12467077533,42026.1162618972,83828.81273329818,0.0,0.0,1758.8606048371666,0.0,0.0,325.77500222710546
2026-05-30 13:00:00,49110.07463977682,489.8367,1713524.23,6137.84,105.4176,1.4,163.2481,0,0.0,43069.97933977682,27417.979470389513,29803.806656692912,1.2,1.0,3.6,3.6,6.199999999999999,52365.15065974705,14735.36441169112,20159.12467077533,42026.1162618972,83828.81273329818,0.0,0.0,1758.8606048371666,0.0,0.0,325.77500222710546,0.0
2026-05-30 19:00:00,52365.15065974705,489.8448,1716595.66,3071.43,105.6065,0.0,161.168,0,0.0,48961.39955974704,49110.07463977682,27417.979470389513,1.4,1.2,2.5999999999999996,3.6,3.6,14735.36441169112,20159.12467077533,42026.1162618972,83828.81273329818,0.0,0.0,1758.8606048371666,0.0,0.0,325.77500222710546,0.0,445.8581677852667
2026-05-31 01:00:00,14735.36441169112,489.804,1704320.27,-12275.39,104.8513,0.0,159.1145,0,0.0,26679.256011691123,52365.15065974705,49110.07463977682,0.0,1.4,1.4,3.6,3.6,20159.12467077533,42026.1162618972,83828.81273329818,0.0,0.0,1758.8606048371666,0.0,0.0,325.77500222710546,0.0,445.8581677852667,0.0
2026-05-31 07:00:00,20159.12467077533,489.796,1701265.99,-3054.28,104.6634,0.0,157.0872,0,0.0,22883.14657077533,14735.36441169112,52365.15065974705,0.0,0.0,0.0,2.5999999999999996,3.6,42026.1162618972,83828.81273329818,0.0,0.0,1758.8606048371666,0.0,0.0,325.77500222710546,0.0,445.8581677852667,0.0,3363.8180003657017
2026-05-31 13:00:00,42026.1162618972,489.8333,1713524.23,12258.25,105.4176,38.6,193.6857,0,0.0,41288.4253618972,20159.12467077533,14735.36441169112,0.0,0.0,38.6,40.0,42.2,83828.81273329818,0.0,0.0,1758.8606048371666,0.0,0.0,325.77500222710546,0.0,445.8581677852667,0.0,3363.8180003657017,325.5112012735615
2026-05-31 19:00:00,83828.81273329818,489.8783,1725819.69,12295.46,106.174,4.0,195.2178,0,0.0,72431.36713329819,42026.1162618972,20159.12467077533,38.6,0.0,42.6,42.6,45.2,0.0,0.0,1758.8606048371666,0.0,0.0,325.77500222710546,0.0,445.8581677852667,0.0,3363.8180003657017,325.5112012735615,0.0
2026-06-01 01:00:00,0.0,489.7335,1682975.65,-42844.04,103.5382,0.0,192.7305,0,0.0,3085.1436996042685,83828.81273329818,42026.1162618972,4.0,38.6,42.6,42.6,44.0,0.0,1758.8606048371666,0.0,0.0,325.77500222710546,0.0,445.8581677852667,0.0,3363.8180003657017,325.5112012735615,0.0,325.2346
2026-06-01 07:00:00,0.0,489.7257,1679932.84,-3042.81,103.351,0.0,190.2748,0,0.0,1798.2311000524446,0.0,83828.81273329818,0.0,4.0,4.0,42.6,42.6,1758.8606048371666,0.0,0.0,325.77500222710546,0.0,445.8581677852667,0.0,3363.8180003657017,325.5112012735615,0.0,325.2346,325.2346
2026-06-01 13:00:00,1758.8606048371666,489.7277,1679932.84,0.0,103.351,2.2,190.0504,0,0.0,2102.388604837166,0.0,0.0,0.0,0.0,2.2,44.800000000000004,44.800000000000004,0.0,0.0,325.77500222710546,0.0,445.8581677852667,0.0,3363.8180003657017,325.5112012735615,0.0,325.2346,325.2346,325.2346
2026-06-01 19:00:00,0.0,489.7188,1676891.46,-3041.38,103.1639,0.0,187.6289,0,0.0,1034.8890699845408,1758.8606048371666,0.0,2.2,0.0,2.2,6.2,44.800000000000004,0.0,325.77500222710546,0.0,445.8581677852667,0.0,3363.8180003657017,325.5112012735615,0.0,325.2346,325.2346,325.2346,325.2346
2026-06-02 01:00:00,0.0,489.7072,1673851.74,-3039.72,102.9769,0.0,185.2382,0,0.0,133.05592630572627,0.0,1758.8606048371666,0.0,2.2,2.2,2.2,44.800000000000004,325.77500222710546,0.0,445.8581677852667,0.0,3363.8180003657017,325.5112012735615,0.0,325.2346,325.2346,325.2346,325.2346,325.2844001219005
2026-06-02 07:00:00,325.77500222710546,489.702,1673851.74,0.0,102.9769,0.0,182.878,0,0.0,0.37800222710549886,0.0,0.0,0.0,0.0,0.0,2.2,6.2,0.0,445.8581677852667,0.0,3363.8180003657017,325.5112012735615,0.0,325.2346,325.2346,325.2346,325.2346,325.2844001219005,325.2346
2026-06-02 13:00:00,0.0,489.7012,1673851.74,0.0,102.9769,5.8,186.3479,0,0.0,0.10800161760301262,325.77500222710546,0.0,0.0,0.0,5.8,8.0,8.0,445.8581677852667,0.0,3363.8180003657017,325.5112012735615,0.0,325.2346,325.2346,325.2346,325.2346,325.2844001219005,325.2346,325.2346
2026-06-02 19:00:00,445.8581677852667,489.7062,1673851.74,0.0,102.9769,0.0,183.9736,0,0.0,120.45766778526676,0.0,325.77500222710546,5.8,0.0,5.8,5.8,8.0,0.0,3363.8180003657017,325.5112012735615,0.0,325.2346,325.2346,325.2346,325.2346,325.2844001219005,325.2346,325.2346,0.0
2026-06-03 01:00:00,0.0,489.6998,1670813.48,-3038.26,102.79,0.0,181.6295,0,0.0,0.21600048760198898,445.8581677852667,0.0,0.0,5.8,5.8,5.8,8.0,3363.8180003657017,325.5112012735615,0.0,325.2346,325.2346,325.2346,325.2346,325.2844001219005,325.2346,325.2346,0.0,325.2346
2026-06-03 07:00:00,3363.8180003657017,489.7005,1673851.74,3038.26,102.9769,0.0,179.3152,0,0.0,0.16200036570149173,0.0,445.8581677852667,0.0,0.0,0.0,5.8,5.8,325.5112012735615,0.0,325.2346,325.2346,325.2346,325.2346,325.2844001219005,325.2346,325.2346,0.0,325.2346,325.2346
2026-06-03 13:00:00,325.5112012735615,489.7,1673851.74,0.0,102.9769,0.0,177.0305,0,0.0,0.10800127356147342,3363.8180003657017,0.0,0.0,0.0,0.0,5.8,5.8,0.0,325.2346,325.2346,325.2346,325.2346,325.2844001219005,325.2346,325.2346,0.0,325.2346,325.2346,264.485
2026-06-03 19:00:00,0.0,489.694,1670813.48,-3038.26,102.79,2.2,176.9749,0,0.0,0.0,325.5112012735615,3363.8180003657017,0.0,0.0,2.2,2.2,8.0,325.2346,325.2346,325.2346,325.2346,325.2844001219005,325.2346,325.2346,0.0,325.2346,325.2346,264.485,0.0
2026-06-04 01:00:00,325.2346,489.6927,1670813.48,0.0,102.79,0.0,174.72,0,0.0,0.0,0.0,325.5112012735615,2.2,0.0,2.2,2.2,8.0,325.2346,325.2346,325.2346,325.2844001219005,325.2346,325.2346,0.0,325.2346,325.2346,264.485,0.0,325.0698
2026-06-04 07:00:00,325.2346,489.6938,1670813.48,0.0,102.79,0.0,172.4938,0,0.0,0.0,325.2346,0.0,0.0,2.2,2.2,2.2,2.2,325.2346,325.2346,325.2844001219005,325.2346,325.2346,0.0,325.2346,325.2346,264.485,0.0,325.0698,0.0
2026-06-04 13:00:00,325.2346,489.694,1670813.48,0.0,102.79,0.0,170.296,0,0.0,0.0,325.2346,325.2346,0.0,0.0,0.0,2.2,2.2,325.2346,325.2844001219005,325.2346,325.2346,0.0,325.2346,325.2346,264.485,0.0,325.0698,0.0,3360.2271
2026-06-04 19:00:00,325.2346,489.693,1670813.48,0.0,102.79,0.0,168.1261,0,0.0,0.0,325.2346,325.2346,0.0,0.0,0.0,2.2,2.2,325.2844001219005,325.2346,325.2346,0.0,325.2346,325.2346,264.485,0.0,325.0698,0.0,3360.2271,0.0
2026-06-05 01:00:00,325.2844001219005,489.6902,1670813.48,0.0,102.79,0.0,165.984,0,0.0,0.054000121900497244,325.2346,325.2346,0.0,0.0,0.0,0.0,2.2,325.2346,325.2346,0.0,325.2346,325.2346,264.485,0.0,325.0698,0.0,3360.2271,0.0,0.0
2026-06-05 07:00:00,325.2346,489.693,1670813.48,0.0,102.79,0.0,163.8691,0,0.0,0.0,325.2844001219005,325.2346,0.0,0.0,0.0,0.0,2.2,325.2346,0.0,325.2346,325.2346,264.485,0.0,325.0698,0.0,3360.2271,0.0,0.0,324.9059
2026-06-05 13:00:00,325.2346,489.692,1670813.48,0.0,102.79,0.0,161.7812,0,0.0,0.0,325.2346,325.2844001219005,0.0,0.0,0.0,0.0,0.0,0.0,325.2346,325.2346,264.485,0.0,325.0698,0.0,3360.2271,0.0,0.0,324.9059,324.9059
2026-06-05 19:00:00,0.0,489.695,1670813.48,0.0,102.79,3.8,163.5198,0,0.0,0.10800161760301262,325.2346,325.2346,0.0,0.0,3.8,3.8,3.8,325.2346,325.2346,264.485,0.0,325.0698,0.0,3360.2271,0.0,0.0,324.9059,324.9059,324.9059
2026-06-06 01:00:00,325.2346,489.695,1670813.48,0.0,102.79,0.0,161.4363,0,0.0,0.0,0.0,325.2346,3.8,0.0,3.8,3.8,3.8,325.2346,264.485,0.0,325.0698,0.0,3360.2271,0.0,0.0,324.9059,324.9059,324.9059,324.9059
2026-06-06 07:00:00,325.2346,489.695,1670813.48,0.0,102.79,0.0,159.3794,0,0.0,0.0,325.2346,0.0,0.0,3.8,3.8,3.8,3.8,264.485,0.0,325.0698,0.0,3360.2271,0.0,0.0,324.9059,324.9059,324.9059,324.9059,324.9059
2026-06-06 13:00:00,264.485,489.694,1670813.48,0.0,102.79,0.2,157.5487,0,0.0,0.0,325.2346,325.2346,0.0,0.0,0.2,4.0,4.0,0.0,325.0698,0.0,3360.2271,0.0,0.0,324.9059,324.9059,324.9059,324.9059,324.9059,324.9059
2026-06-06 19:00:00,0.0,489.6862,1667776.83,-3036.65,102.6031,0.0,155.5413,0,0.0,0.0,264.485,325.2346,0.2,0.0,0.2,4.0,4.0,325.0698,0.0,3360.2271,0.0,0.0,324.9059,324.9059,324.9059,324.9059,324.9059,324.9059,324.9059
2026-06-07 01:00:00,325.0698,489.6835,1667776.83,0.0,102.6031,0.0,153.5595,0,0.0,0.0,0.0,264.485,0.0,0.2,0.2,0.2,4.0,0.0,3360.2271,0.0,0.0,324.9059,324.9059,324.9059,324.9059,324.9059,324.9059,324.9059,0.0
2026-06-07 07:00:00,0.0,489.6787,1664741.67,-3035.16,102.4164,0.0,151.6029,0,0.0,0.0,325.0698,0.0,0.0,0.0,0.0,0.2,4.0,3360.2271,0.0,0.0,324.9059,324.9059,324.9059,324.9059,324.9059,324.9059,324.9059,0.0,325.0698
2026-06-07 13:00:00,3360.2271,489.682,1667776.83,3035.16,102.6031,0.0,149.6713,0,0.0,0.0,0.0,325.0698,0.0,0.0,0.0,0.2,0.2,0.0,0.0,324.9059,324.9059,324.9059,324.9059,324.9059,324.9059,324.9059,0.0,325.0698,325.0698
2026-06-07 19:00:00,0.0,489.6812,1667776.83,0.0,102.6031,2.2,149.9642,0,0.0,0.0,3360.2271,0.0,0.0,0.0,2.2,2.2,2.4000000000000004,0.0,324.9059,324.9059,324.9059,324.9059,324.9059,324.9059,324.9059,0.0,325.0698,325.0698,325.0698
2026-06-08 01:00:00,0.0,489.6772,1664741.67,-3035.16,102.4164,0.0,148.0535,0,0.0,0.0,0.0,3360.2271,2.2,0.0,2.2,2.2,2.4000000000000004,324.9059,324.9059,324.9059,324.9059,324.9059,324.9059,324.9059,0.0,325.0698,325.0698,325.0698,0.0
2026-06-08 07:00:00,324.9059,489.6765,1664741.67,0.0,102.4164,0.0,146.167,0,0.0,0.0,0.0,0.0,0.0,2.2,2.2,2.2,2.2,324.9059,324.9059,324.9059,324.9059,324.9059,324.9059,0.0,325.0698,325.0698,325.0698,0.0,324.9059
2026-06-08 13:00:00,324.9059,489.6755,1664741.67,0.0,102.4164,0.0,144.3047,0,0.0,0.0,324.9059,0.0,0.0,0.0,0.0,2.2,2.2,324.9059,324.9059,324.9059,324.9059,324.9059,0.0,325.0698,325.0698,325.0698,0.0,324.9059,0.0
2026-06-08 19:00:00,324.9059,489.6758,1664741.67,0.0,102.4164,0.0,142.466,0,0.0,0.0,324.9059,324.9059,0.0,0.0,0.0,2.2,2.2,324.9059,324.9059,324.9059,324.9059,0.0,325.0698,325.0698,325.0698,0.0,324.9059,0.0,3420.3159
2026-06-09 01:00:00,324.9059,489.6728,1664741.67,0.0,102.4164,0.0,140.6508,0,0.0,0.0,324.9059,324.9059,0.0,0.0,0.0,0.0,2.2,324.9059,324.9059,324.9059,0.0,325.0698,325.0698,325.0698,0.0,324.9059,0.0,3420.3159,0.0
2026-06-09 07:00:00,324.9059,489.6742,1664741.67,0.0,102.4164,0.0,138.8587,0,0.0,0.0,324.9059,324.9059,0.0,0.0,0.0,0.0,2.2,324.9059,324.9059,0.0,325.0698,325.0698,325.0698,0.0,324.9059,0.0,3420.3159,0.0,325.2346
2026-06-09 13:00:00,324.9059,489.6743,1664741.67,0.0,102.4164,0.0,137.0894,0,0.0,0.0,324.9059,324.9059,0.0,0.0,0.0,0.0,0.0,324.9059,0.0,325.0698,325.0698,325.0698,0.0,324.9059,0.0,3420.3159,0.0,325.2346,325.2346
2026-06-09 19:00:00,324.9059,489.6707,1664741.67,0.0,102.4164,0.0,135.3427,0,0.0,0.0,324.9059,324.9059,0.0,0.0,0.0,0.0,0.0,0.0,325.0698,325.0698,325.0698,0.0,324.9059,0.0,3420.3159,0.0,325.2346,325.2346,325.2346
2026-06-10 01:00:00,0.0,489.6812,1667776.83,3035.16,102.6031,12.2,145.8182,0,0.0,0.0,324.9059,324.9059,0.0,0.0,12.2,12.2,12.2,325.0698,325.0698,325.0698,0.0,324.9059,0.0,3420.3159,0.0,325.2346,325.2346,325.2346,0.0
2026-06-10 07:00:00,325.0698,489.68,1667776.83,0.0,102.6031,0.0,143.9603,0,0.0,0.0,0.0,324.9059,12.2,0.0,12.2,12.2,12.2,325.0698,325.0698,0.0,324.9059,0.0,3420.3159,0.0,325.2346,325.2346,325.2346,0.0,264.64440036570153
2026-06-10 13:00:00,325.0698,489.684,1667776.83,0.0,102.6031,0.0,142.126,0,0.0,0.0,325.0698,0.0,0.0,12.2,12.2,12.2,12.2,325.0698,0.0,324.9059,0.0,3420.3159,0.0,325.2346,325.2346,325.2346,0.0,264.64440036570153,325.2346
2026-06-10 19:00:00,325.0698,489.683,1667776.83,0.0,102.6031,0.0,140.3152,0,0.0,0.0,325.0698,325.0698,0.0,0.0,0.0,12.2,12.2,0.0,324.9059,0.0,3420.3159,0.0,325.2346,325.2346,325.2346,0.0,264.64440036570153,325.2346,325.2346
2026-06-11 01:00:00,0.0,489.678,1664741.67,-3035.16,102.4164,0.0,138.5273,0,0.0,0.0,325.0698,325.0698,0.0,0.0,0.0,12.2,12.2,324.9059,0.0,3420.3159,0.0,325.2346,325.2346,325.2346,0.0,264.64440036570153,325.2346,325.2346,0.0
2026-06-11 07:00:00,324.9059,489.6777,1664741.67,0.0,102.4164,0.0,136.7623,0,0.0,0.0,0.0,325.0698,0.0,0.0,0.0,0.0,12.2,0.0,3420.3159,0.0,325.2346,325.2346,325.2346,0.0,264.64440036570153,325.2346,325.2346,0.0,0.0
2026-06-11 13:00:00,0.0,489.6755,1664741.67,0.0,102.4164,8.8,143.8197,0,0.0,0.0,324.9059,0.0,0.0,0.0,8.8,8.8,21.0,3420.3159,0.0,325.2346,325.2346,325.2346,0.0,264.64440036570153,325.2346,325.2346,0.0,0.0,324.9059
2026-06-11 19:00:00,3420.3159,489.6918,1670813.48,6071.81,102.79,9.8,151.7873,0,0.0,0.0,0.0,324.9059,8.8,0.0,18.6,18.6,18.6,0.0,325.2346,325.2346,325.2346,0.0,264.64440036570153,325.2346,325.2346,0.0,0.0,324.9059,0.0
2026-06-12 01:00:00,0.0,489.698,1670813.48,0.0,102.79,5.0,154.8533,0,0.0,0.16200036570149173,3420.3159,0.0,9.8,8.8,23.6,23.6,23.6,325.2346,325.2346,325.2346,0.0,264.64440036570153,325.2346,325.2346,0.0,0.0,324.9059,0.0,324.7428
2026-06-12 07:00:00,325.2346,489.695,1670813.48,0.0,102.79,0.0,152.8802,0,0.0,0.0,0.0,3420.3159,5.0,9.8,14.8,23.6,23.6,325.2346,325.2346,0.0,264.64440036570153,325.2346,325.2346,0.0,0.0,324.9059,0.0,324.7428,0.0
2026-06-12 13:00:00,325.2346,489.6953,1670813.48,0.0,102.79,0.0,150.9323,0,0.0,0.0,325.2346,0.0,0.0,5.0,5.0,23.6,23.6,325.2346,0.0,264.64440036570153,325.2346,325.2346,0.0,0.0,324.9059,0.0,324.7428,0.0,2686.1802
2026-06-12 19:00:00,325.2346,489.6962,1670813.48,0.0,102.79,0.0,149.0092,0,0.0,0.0,325.2346,325.2346,0.0,0.0,0.0,14.8,23.6,0.0,264.64440036570153,325.2346,325.2346,0.0,0.0,324.9059,0.0,324.7428,0.0,2686.1802,2019.2661
2026-06-13 01:00:00,0.0,489.6918,1670813.48,0.0,102.79,12.2,159.3106,0,0.0,0.0,325.2346,325.2346,0.0,0.0,12.2,17.2,35.8,264.64440036570153,325.2346,325.2346,0.0,0.0,324.9059,0.0,324.7428,0.0,2686.1802,2019.2661,8752.3823
2026-06-13 07:00:00,264.64440036570153,489.698,1670813.48,0.0,102.79,0.2,157.4808,0,0.0,0.16200036570149173,0.0,325.2346,12.2,0.0,12.399999999999999,12.399999999999999,27.2,325.2346,325.2346,0.0,0.0,324.9059,0.0,324.7428,0.0,2686.1802,2019.2661,8752.3823,2686.5059
2026-06-13 13:00:00,325.2346,489.694,1670813.48,0.0,102.79,0.0,155.4742,0,0.0,0.0,264.64440036570153,0.0,0.2,12.2,12.399999999999999,12.399999999999999,17.4,325.2346,0.0,0.0,324.9059,0.0,324.7428,0.0,2686.1802,2019.2661,8752.3823,2686.5059,0.0
2026-06-13 19:00:00,325.2346,489.6908,1670813.48,0.0,102.79,0.0,153.4933,0,0.0,0.0,325.2346,264.64440036570153,0.0,0.2,0.2,12.399999999999999,12.399999999999999,0.0,0.0,324.9059,0.0,324.7428,0.0,2686.1802,2019.2661,8752.3823,2686.5059,0.0,2686.1802
2026-06-14 01:00:00,0.0,489.6838,1667776.83,-3036.65,102.6031,0.0,151.5375,0,0.0,0.0,325.2346,325.2346,0.0,0.0,0.0,12.399999999999999,12.399999999999999,0.0,324.9059,0.0,324.7428,0.0,2686.1802,2019.2661,8752.3823,2686.5059,0.0,2686.1802,5718.5635
2026-06-14 07:00:00,0.0,489.6793,1664741.67,-3035.16,102.4164,0.0,149.6067,0,0.0,0.0,0.0,325.2346,0.0,0.0,0.0,0.2,12.399999999999999,324.9059,0.0,324.7428,0.0,2686.1802,2019.2661,8752.3823,2686.5059,0.0,2686.1802,5718.5635,2686.3428
2026-06-14 13:00:00,324.9059,489.6755,1664741.67,0.0,102.4164,0.0,147.7005,0,0.0,0.0,0.0,0.0,0.0,0.0,0.0,0.0,12.399999999999999,0.0,324.7428,0.0,2686.1802,2019.2661,8752.3823,2686.5059,0.0,2686.1802,5718.5635,2686.3428,0.0
2026-06-14 19:00:00,0.0,489.6698,1661708.02,-3033.66,102.2298,0.0,145.8186,0,0.0,0.0,324.9059,0.0,0.0,0.0,0.0,0.0,0.2,324.7428,0.0,2686.1802,2019.2661,8752.3823,2686.5059,0.0,2686.1802,5718.5635,2686.3428,0.0,0.0
2026-06-15 01:00:00,324.7428,489.662,1661708.02,0.0,102.2298,0.0,143.9607,0,0.0,0.0,0.0,324.9059,0.0,0.0,0.0,0.0,0.0,0.0,2686.1802,2019.2661,8752.3823,2686.5059,0.0,2686.1802,5718.5635,2686.3428,0.0,0.0,2685.8544
2026-06-15 07:00:00,0.0,489.6578,1658675.8,-3032.22,102.0432,0.0,142.1264,0,0.0,0.0,324.7428,0.0,0.0,0.0,0.0,0.0,0.0,2686.1802,2019.2661,8752.3823,2686.5059,0.0,2686.1802,5718.5635,2686.3428,0.0,0.0,2685.8544,2685.8544
2026-06-15 13:00:00,2686.1802,489.6577,1658675.8,0.0,102.0432,0.0,140.3155,1,9446.4,0.0,0.0,324.7428,0.0,0.0,0.0,0.0,0.0,2019.2661,8752.3823,2686.5059,0.0,2686.1802,5718.5635,2686.3428,0.0,0.0,2685.8544,2685.8544,324.2544
2026-06-15 19:00:00,2019.2661,489.6568,1658675.8,0.0,102.0432,2.2,140.7277,1,9446.4,0.0,2686.1802,0.0,0.0,0.0,2.2,2.2,2.2,8752.3823,2686.5059,0.0,2686.1802,5718.5635,2686.3428,0.0,0.0,2685.8544,2685.8544,324.2544,0.0
2026-06-16 01:00:00,8752.3823,489.6733,1664741.67,6065.88,102.4164,0.0,138.9346,1,9446.4,0.0,2019.2661,2686.1802,2.2,0.0,2.2,2.2,2.2,2686.5059,0.0,2686.1802,5718.5635,2686.3428,0.0,0.0,2685.8544,2685.8544,324.2544,0.0,2927.8108
2026-06-16 07:00:00,2686.5059,489.67,1664741.67,0.0,102.4164,0.0,137.1644,1,9446.4,0.0,8752.3823,2019.2661,0.0,2.2,2.2,2.2,2.2,0.0,2686.1802,5718.5635,2686.3428,0.0,0.0,2685.8544,2685.8544,324.2544,0.0,2927.8108,324.2544
2026-06-16 13:00:00,0.0,489.657,1658675.8,-6065.88,102.0432,0.0,135.4167,1,9446.4,0.0,2686.5059,8752.3823,0.0,0.0,0.0,2.2,2.2,2686.1802,5718.5635,2686.3428,0.0,0.0,2685.8544,2685.8544,324.2544,0.0,2927.8108,324.2544,0.0
2026-06-16 19:00:00,2686.1802,489.6577,1658675.8,0.0,102.0432,0.0,133.6913,1,9446.4,0.0,0.0,2686.5059,0.0,0.0,0.0,2.2,2.2,5718.5635,2686.3428,0.0,0.0,2685.8544,2685.8544,324.2544,0.0,2927.8108,324.2544,0.0,0.0
2026-06-17 01:00:00,5718.5635,489.6642,1661708.02,3032.22,102.2298,0.0,131.9879,1,9446.4,0.0,2686.1802,0.0,0.0,0.0,0.0,0.0,2.2,2686.3428,0.0,0.0,2685.8544,2685.8544,324.2544,0.0,2927.8108,324.2544,0.0,0.0,323.9143
2026-06-17 07:00:00,2686.3428,489.662,1661708.02,0.0,102.2298,0.0,130.3062,1,9446.4,0.0,5718.5635,2686.1802,0.0,0.0,0.0,0.0,2.2,0.0,0.0,2685.8544,2685.8544,324.2544,0.0,2927.8108,324.2544,0.0,0.0,323.9143,323.9143
2026-06-17 13:00:00,0.0,489.6418,1655645.16,-6062.86,101.8568,0.0,128.6459,1,9446.4,0.0,2686.3428,5718.5635,0.0,0.0,0.0,0.0,0.0,0.0,2685.8544,2685.8544,324.2544,0.0,2927.8108,324.2544,0.0,0.0,323.9143,323.9143,0.0
2026-06-17 19:00:00,0.0,489.6348,1652616.01,-3029.16,101.6704,0.0,127.0067,1,9446.4,0.0,0.0,2686.3428,0.0,0.0,0.0,0.0,0.0,2685.8544,2685.8544,324.2544,0.0,2927.8108,324.2544,0.0,0.0,323.9143,323.9143,0.0,323.0725
2026-06-18 01:00:00,2685.8544,489.636,1652616.01,0.0,101.6704,0.0,125.3885,1,9446.4,0.0,0.0,0.0,0.0,0.0,0.0,0.0,0.0,2685.8544,324.2544,0.0,2927.8108,324.2544,0.0,0.0,323.9143,323.9143,0.0,323.0725,3348.1763
2026-06-18 07:00:00,2685.8544,489.6355,1652616.01,0.0,101.6704,0.0,123.7908,1,9446.4,0.0,2685.8544,0.0,0.0,0.0,0.0,0.0,0.0,324.2544,0.0,2927.8108,324.2544,0.0,0.0,323.9143,323.9143,0.0,323.0725,3348.1763,323.9143
2026-06-18 13:00:00,324.2544,489.6302,1652616.01,0.0,101.6704,0.0,122.2136,0,0.0,0.0,2685.8544,2685.8544,0.0,0.0,0.0,0.0,0.0,0.0,2927.8108,324.2544,0.0,0.0,323.9143,323.9143,0.0,323.0725,3348.1763,323.9143,0.0
2026-06-18 19:00:00,0.0,489.6242,1649588.47,-3027.53,101.4842,0.0,120.6564,0,0.0,0.0,324.2544,2685.8544,0.0,0.0,0.0,0.0,0.0,2927.8108,324.2544,0.0,0.0,323.9143,323.9143,0.0,323.0725,3348.1763,323.9143,0.0,3348.1763
2026-06-19 01:00:00,2927.8108,489.6383,1652616.01,3027.53,101.6704,1.4,120.5191,0,0.0,0.0,0.0,324.2544,0.0,0.0,1.4,1.4,1.4,324.2544,0.0,0.0,323.9143,323.9143,0.0,323.0725,3348.1763,323.9143,0.0,3348.1763,202.9036
2026-06-19 07:00:00,324.2544,489.6393,1652616.01,0.0,101.6704,0.0,118.9835,0,0.0,0.0,2927.8108,0.0,1.4,0.0,1.4,1.4,1.4,0.0,0.0,323.9143,323.9143,0.0,323.0725,3348.1763,323.9143,0.0,3348.1763,202.9036,323.9143
2026-06-19 13:00:00,0.0,489.6227,1649588.47,-3027.53,101.4842,0.0,117.4674,0,0.0,0.0,324.2544,2927.8108,0.0,1.4,1.4,1.4,1.4,0.0,323.9143,323.9143,0.0,323.0725,3348.1763,323.9143,0.0,3348.1763,202.9036,323.9143,0.0
2026-06-19 19:00:00,0.0,489.6163,1646562.48,-3025.99,101.298,0.0,115.9707,0,0.0,0.0,0.0,324.2544,0.0,0.0,0.0,1.4,1.4,323.9143,323.9143,0.0,323.0725,3348.1763,323.9143,0.0,3348.1763,202.9036,323.9143,0.0,323.0725
2026-06-20 01:00:00,323.9143,489.618,1646562.48,0.0,101.298,0.0,114.4931,0,0.0,0.0,0.0,0.0,0.0,0.0,0.0,1.4,1.4,323.9143,0.0,323.0725,3348.1763,323.9143,0.0,3348.1763,202.9036,323.9143,0.0,323.0725,3348.1763
2026-06-20 07:00:00,323.9143,489.6182,1646562.48,0.0,101.298,0.0,113.0343,0,0.0,0.0,323.9143,0.0,0.0,0.0,0.0,0.0,1.4,0.0,323.0725,3348.1763,323.9143,0.0,3348.1763,202.9036,323.9143,0.0,323.0725,3348.1763,323.9143
2026-06-20 13:00:00,0.0,489.605,1643538.22,-3024.26,101.112,0.0,111.5941,0,0.0,0.0,323.9143,323.9143,0.0,0.0,0.0,0.0,1.4,323.0725,3348.1763,323.9143,0.0,3348.1763,202.9036,323.9143,0.0,323.0725,3348.1763,323.9143,0.0
2026-06-20 19:00:00,323.0725,489.6068,1643538.22,0.0,101.112,0.0,110.1722,0,0.0,0.0,0.0,323.9143,0.0,0.0,0.0,0.0,0.0,3348.1763,323.9143,0.0,3348.1763,202.9036,323.9143,0.0,323.0725,3348.1763,323.9143,0.0,323.0725
2026-06-21 01:00:00,3348.1763,489.614,1646562.48,3024.26,101.298,0.0,108.7684,0,0.0,0.0,323.0725,0.0,0.0,0.0,0.0,0.0,0.0,323.9143,0.0,3348.1763,202.9036,323.9143,0.0,323.0725,3348.1763,323.9143,0.0,323.0725,3348.1763
2026-06-21 07:00:00,323.9143,489.617,1646562.48,0.0,101.298,0.0,107.3826,0,0.0,0.0,3348.1763,323.0725,0.0,0.0,0.0,0.0,0.0,0.0,3348.1763,202.9036,323.9143,0.0,323.0725,3348.1763,323.9143,0.0,323.0725,3348.1763,323.9143
2026-06-21 13:00:00,0.0,489.605,1643538.22,-3024.26,101.112,0.0,106.0144,0,0.0,0.0,323.9143,3348.1763,0.0,0.0,0.0,0.0,0.0,3348.1763,202.9036,323.9143,0.0,323.0725,3348.1763,323.9143,0.0,323.0725,3348.1763,323.9143,0.0
2026-06-21 19:00:00,3348.1763,489.6105,1646562.48,3024.26,101.298,0.0,104.6636,0,0.0,0.0,0.0,323.9143,0.0,0.0,0.0,0.0,0.0,202.9036,323.9143,0.0,323.0725,3348.1763,323.9143,0.0,323.0725,3348.1763,323.9143,0.0,322.8682
2026-06-22 01:00:00,202.9036,489.618,1646562.48,0.0,101.298,0.4,103.73,0,0.0,0.0,3348.1763,0.0,0.0,0.0,0.4,0.4,0.4,323.9143,0.0,323.0725,3348.1763,323.9143,0.0,323.0725,3348.1763,323.9143,0.0,322.8682,6364.5186
2026-06-22 07:00:00,323.9143,489.617,1646562.48,0.0,101.298,0.0,102.4083,0,0.0,0.0,202.9036,3348.1763,0.4,0.0,0.4,0.4,0.4,0.0,323.0725,3348.1763,323.9143,0.0,323.0725,3348.1763,323.9143,0.0,322.8682,6364.5186,0.0
2026-06-22 13:00:00,0.0,489.6092,1643538.22,-3024.26,101.112,0.0,101.1035,0,0.0,0.0,323.9143,202.9036,0.0,0.4,0.4,0.4,0.4,323.0725,3348.1763,323.9143,0.0,323.0725,3348.1763,323.9143,0.0,322.8682,6364.5186,0.0,0.0
2026-06-22 19:00:00,323.0725,489.6003,1643538.22,0.0,101.112,0.0,99.8153,0,0.0,0.0,0.0,323.9143,0.0,0.0,0.0,0.4,0.4,3348.1763,323.9143,0.0,323.0725,3348.1763,323.9143,0.0,322.8682,6364.5186,0.0,0.0,3337.5227
2026-06-23 01:00:00,3348.1763,489.6192,1646562.48,3024.26,101.298,0.0,98.5435,0,0.0,0.0,323.0725,0.0,0.0,0.0,0.0,0.4,0.4,323.9143,0.0,323.0725,3348.1763,323.9143,0.0,322.8682,6364.5186,0.0,0.0,3337.5227,3339.4148
2026-06-23 07:00:00,323.9143,489.617,1646562.48,0.0,101.298,0.0,97.2879,0,0.0,0.0,3348.1763,323.0725,0.0,0.0,0.0,0.0,0.4,0.0,323.0725,3348.1763,323.9143,0.0,322.8682,6364.5186,0.0,0.0,3337.5227,3339.4148,323.0725
2026-06-23 13:00:00,0.0,489.6062,1643538.22,-3024.26,101.112,0.0,96.0483,0,0.0,0.0,323.9143,3348.1763,0.0,0.0,0.0,0.0,0.4,323.0725,3348.1763,323.9143,0.0,322.8682,6364.5186,0.0,0.0,3337.5227,3339.4148,323.0725,0.0
2026-06-23 19:00:00,323.0725,489.606,1643538.22,0.0,101.112,0.0,94.8245,0,0.0,0.0,0.0,323.9143,0.0,0.0,0.0,0.0,0.0,3348.1763,323.9143,0.0,322.8682,6364.5186,0.0,0.0,3337.5227,3339.4148,323.0725,0.0,3337.5227
2026-06-24 01:00:00,3348.1763,489.611,1646562.48,3024.26,101.298,0.0,93.6163,0,0.0,0.0,323.0725,0.0,0.0,0.0,0.0,0.0,0.0,323.9143,0.0,322.8682,6364.5186,0.0,0.0,3337.5227,3339.4148,323.0725,0.0,3337.5227,322.8682
2026-06-24 07:00:00,323.9143,489.611,1646562.48,0.0,101.298,0.0,92.4235,0,0.0,0.0,3348.1763,323.0725,0.0,0.0,0.0,0.0,0.0,0.0,322.8682,6364.5186,0.0,0.0,3337.5227,3339.4148,323.0725,0.0,3337.5227,322.8682,322.8682
2026-06-24 13:00:00,0.0,489.5993,1640521.87,-6040.6,100.9264,0.0,91.2459,0,0.0,0.0,323.9143,3348.1763,0.0,0.0,0.0,0.0,0.0,322.8682,6364.5186,0.0,0.0,3337.5227,3339.4148,323.0725,0.0,3337.5227,322.8682,322.8682,0.0
2026-06-24 19:00:00,322.8682,489.5982,1640521.87,0.0,100.9264,0.0,90.0833,0,0.0,0.0,0.0,323.9143,0.0,0.0,0.0,0.0,0.0,6364.5186,0.0,0.0,3337.5227,3339.4148,323.0725,0.0,3337.5227,322.8682,322.8682,0.0,322.7003
2026-06-25 01:00:00,6364.5186,489.611,1646562.48,6040.6,101.298,0.0,88.9355,0,0.0,0.0,322.8682,0.0,0.0,0.0,0.0,0.0,0.0,0.0,0.0,3337.5227,3339.4148,323.0725,0.0,3337.5227,322.8682,322.8682,0.0,322.7003,3337.5227
2026-06-25 07:00:00,0.0,489.6052,1643538.22,-3024.26,101.112,0.0,87.8024,0,0.0,0.0,6364.5186,322.8682,0.0,0.0,0.0,0.0,0.0,0.0,3337.5227,3339.4148,323.0725,0.0,3337.5227,322.8682,322.8682,0.0,322.7003,3337.5227,322.8682
2026-06-25 13:00:00,0.0,489.59,1637507.22,-6031.0,100.7409,0.0,86.6836,0,0.0,0.0,0.0,6364.5186,0.0,0.0,0.0,0.0,0.0,3337.5227,3339.4148,323.0725,0.0,3337.5227,322.8682,322.8682,0.0,322.7003,3337.5227,322.8682,0.0
2026-06-25 19:00:00,3337.5227,489.5908,1640521.87,3014.65,100.9264,0.0,85.5792,0,0.0,0.0,0.0,0.0,0.0,0.0,0.0,0.0,0.0,3339.4148,323.0725,0.0,3337.5227,322.8682,322.8682,0.0,322.7003,3337.5227,322.8682,0.0,3335.9035
2026-06-26 01:00:00,3339.4148,489.604,1643538.22,3016.34,101.112,0.0,84.4888,0,0.0,0.0,3337.5227,0.0,0.0,0.0,0.0,0.0,0.0,323.0725,0.0,3337.5227,322.8682,322.8682,0.0,322.7003,3337.5227,322.8682,0.0,3335.9035,322.7003
2026-06-26 07:00:00,323.0725,489.6052,1643538.22,0.0,101.112,0.0,83.4122,0,0.0,0.0,3339.4148,3337.5227,0.0,0.0,0.0,0.0,0.0,0.0,3337.5227,322.8682,322.8682,0.0,322.7003,3337.5227,322.8682,0.0,3335.9035,322.7003,322.7003
2026-06-26 13:00:00,0.0,489.5887,1637507.22,-6031.0,100.7409,0.0,82.3494,0,0.0,0.0,323.0725,3339.4148,0.0,0.0,0.0,0.0,0.0,3337.5227,322.8682,322.8682,0.0,322.7003,3337.5227,322.8682,0.0,3335.9035,322.7003,322.7003,0.0
2026-06-26 19:00:00,3337.5227,489.594,1640521.87,3014.65,100.9264,0.0,81.3002,0,0.0,0.0,0.0,323.0725,0.0,0.0,0.0,0.0,0.0,322.8682,322.8682,0.0,322.7003,3337.5227,322.8682,0.0,3335.9035,322.7003,322.7003,0.0,2623.8847
2026-06-27 01:00:00,322.8682,489.597,1640521.87,0.0,100.9264,0.0,80.2643,0,0.0,0.0,3337.5227,0.0,0.0,0.0,0.0,0.0,0.0,322.8682,0.0,322.7003,3337.5227,322.8682,0.0,3335.9035,322.7003,322.7003,0.0,2623.8847,5456.3877
2026-06-27 07:00:00,322.8682,489.5962,1640521.87,0.0,100.9264,0.0,79.2416,0,0.0,0.0,322.8682,3337.5227,0.0,0.0,0.0,0.0,0.0,0.0,322.7003,3337.5227,322.8682,0.0,3335.9035,322.7003,322.7003,0.0,2623.8847,5456.3877,2443.1845
2026-06-27 13:00:00,0.0,489.5825,1637507.22,-3014.65,100.7409,0.0,78.232,0,0.0,0.0,322.8682,322.8682,0.0,0.0,0.0,0.0,0.0,322.7003,3337.5227,322.8682,0.0,3335.9035,322.7003,322.7003,0.0,2623.8847,5456.3877,2443.1845,2684.3003
2026-06-27 19:00:00,322.7003,489.5813,1637507.22,0.0,100.7409,0.0,77.2352,0,0.0,0.0,0.0,322.8682,0.0,0.0,0.0,0.0,0.0,3337.5227,322.8682,0.0,3335.9035,322.7003,322.7003,0.0,2623.8847,5456.3877,2443.1845,2684.3003,0.0
2026-06-28 01:00:00,3337.5227,489.5912,1640521.87,3014.65,100.9264,0.0,76.2511,0,0.0,0.0,322.7003,0.0,0.0,0.0,0.0,0.0,0.0,322.8682,0.0,3335.9035,322.7003,322.7003,0.0,2623.8847,5456.3877,2443.1845,2684.3003,0.0,5655.4147
2026-06-28 07:00:00,322.8682,489.5958,1640521.87,0.0,100.9264,0.0,75.2795,0,0.0,0.0,3337.5227,322.7003,0.0,0.0,0.0,0.0,0.0,0.0,3335.9035,322.7003,322.7003,0.0,2623.8847,5456.3877,2443.1845,2684.3003,0.0,5655.4147,1798.306
2026-06-28 13:00:00,0.0,489.5793,1634494.02,-6027.86,100.5555,0.0,74.3204,0,0.0,0.0,322.8682,3337.5227,0.0,0.0,0.0,0.0,0.0,3335.9035,322.7003,322.7003,0.0,2623.8847,5456.3877,2443.1845,2684.3003,0.0,5655.4147,1798.306,0.0
2026-06-28 19:00:00,3335.9035,489.5848,1637507.22,3013.2,100.7409,0.0,73.3734,0,0.0,0.0,0.0,322.8682,0.0,0.0,0.0,0.0,0.0,322.7003,322.7003,0.0,2623.8847,5456.3877,2443.1845,2684.3003,0.0,5655.4147,1798.306,0.0,2039.5865
2026-06-29 01:00:00,322.7003,489.588,1637507.22,0.0,100.7409,0.0,72.4385,0,0.0,0.0,3335.9035,0.0,0.0,0.0,0.0,0.0,0.0,322.7003,0.0,2623.8847,5456.3877,2443.1845,2684.3003,0.0,5655.4147,1798.306,0.0,2039.5865,0.0
2026-06-29 07:00:00,322.7003,489.5882,1637507.22,0.0,100.7409,0.0,71.5156,0,0.0,0.0,322.7003,3335.9035,0.0,0.0,0.0,0.0,0.0,0.0,2623.8847,5456.3877,2443.1845,2684.3003,0.0,5655.4147,1798.306,0.0,2039.5865,0.0,0.0
2026-06-29 13:00:00,0.0,489.5795,1634494.02,-3013.2,100.5555,0.0,70.6044,1,9446.4,0.0,322.7003,322.7003,0.0,0.0,0.0,0.0,0.0,2623.8847,5456.3877,2443.1845,2684.3003,0.0,5655.4147,1798.306,0.0,2039.5865,0.0,0.0,0.0
2026-06-29 19:00:00,2623.8847,489.5775,1634494.02,0.0,100.5555,0.2,69.9048,1,9446.4,0.0,0.0,322.7003,0.0,0.0,0.2,0.2,0.2,5456.3877,2443.1845,2684.3003,0.0,5655.4147,1798.306,0.0,2039.5865,0.0,0.0,0.0,0.0
2026-06-30 01:00:00,5456.3877,489.5858,1637507.22,3013.2,100.7409,0.8,69.8141,1,9446.4,0.0,2623.8847,0.0,0.2,0.0,1.0,1.0,1.0,2443.1845,2684.3003,0.0,5655.4147,1798.306,0.0,2039.5865,0.0,0.0,0.0,0.0,5650.3207
2026-06-30 07:00:00,2443.1845,489.5858,1637507.22,0.0,100.7409,0.8,69.7245,1,9446.4,0.0,5456.3877,2623.8847,0.8,0.2,1.8,1.8,1.8,2684.3003,0.0,5655.4147,1798.306,0.0,2039.5865,0.0,0.0,0.0,0.0,5650.3207,0.0
2026-06-30 13:00:00,2684.3003,489.5853,1637507.22,0.0,100.7409,0.0,68.8361,1,9446.4,0.0,2443.1845,5456.3877,0.8,0.8,1.6,1.8,1.8,0.0,5655.4147,1798.306,0.0,2039.5865,0.0,0.0,0.0,0.0,5650.3207,0.0,0.0
2026-06-30 19:00:00,0.0,489.5797,1634494.02,-3013.2,100.5555,0.0,67.9591,1,9446.4,0.0,2684.3003,2443.1845,0.0,0.8,0.8,1.8,1.8,5655.4147,1798.306,0.0,2039.5865,0.0,0.0,0.0,0.0,5650.3207,0.0,0.0,0.0
2026-07-01 01:00:00,5655.4147,489.5833,1637507.22,3013.2,100.7409,0.0,67.0932,1,9446.4,0.0,0.0,2684.3003,0.0,0.0,0.0,1.6,1.8,1798.306,0.0,2039.5865,0.0,0.0,0.0,0.0,5650.3207,0.0,0.0,0.0,5646.9405
2026-07-01 07:00:00,1798.306,489.5888,1637507.22,0.0,100.7409,2.8,69.0383,1,9446.4,0.0,5655.4147,0.0,0.0,0.0,2.8,3.5999999999999996,4.6,0.0,2039.5865,0.0,0.0,0.0,0.0,5650.3207,0.0,0.0,0.0,5646.9405,0.0
2026-07-01 13:00:00,0.0,489.573,1634494.02,-3013.2,100.5555,0.0,68.1587,1,9446.4,0.0,1798.306,5655.4147,2.8,0.0,2.8,2.8,4.4,2039.5865,0.0,0.0,0.0,0.0,5650.3207,0.0,0.0,0.0,5646.9405,0.0,0.0
2026-07-01 19:00:00,2039.5865,489.5727,1634494.02,0.0,100.5555,2.0,69.2902,1,9446.4,0.0,0.0,1798.306,0.0,2.8,4.8,4.8,5.6,0.0,0.0,0.0,0.0,5650.3207,0.0,0.0,0.0,5646.9405,0.0,0.0,0.0
2026-07-02 01:00:00,0.0,489.5698,1631482.4,-3011.62,100.3703,0.0,68.4074,1,9446.4,0.0,2039.5865,0.0,2.0,0.0,2.0,4.8,4.8,0.0,0.0,0.0,5650.3207,0.0,0.0,0.0,5646.9405,0.0,0.0,0.0,0.0
2026-07-02 07:00:00,0.0,489.5538,1628472.31,-3010.09,100.1851,1.4,68.9358,1,9446.4,0.0,0.0,2039.5865,0.0,2.0,3.4,6.199999999999999,6.199999999999999,0.0,0.0,5650.3207,0.0,0.0,0.0,5646.9405,0.0,0.0,0.0,0.0,0.0
2026-07-02 13:00:00,0.0,489.541,1625463.76,-3008.55,100.0,0.8,68.8574,1,9446.4,0.0,0.0,0.0,1.4,0.0,2.2,4.2,6.999999999999999,0.0,5650.3207,0.0,0.0,0.0,5646.9405,0.0,0.0,0.0,0.0,0.0,0.0
2026-07-02 19:00:00,0.0,489.5408,1625463.76,0.0,100.0,13.0,80.9801,1,9446.4,0.0,0.0,0.0,0.8,1.4,15.2,17.2,20.0,5650.3207,0.0,0.0,0.0,5646.9405,0.0,0.0,0.0,0.0,0.0,0.0,0.0
2026-07-03 01:00:00,5650.3207,489.5538,1628472.31,3008.55,100.1851,0.0,79.9483,1,9446.4,0.0,0.0,0.0,13.0,0.8,13.8,15.2,17.2,0.0,0.0,0.0,5646.9405,0.0,0.0,0.0,0.0,0.0,0.0,0.0,2640.2085
2026-07-03 07:00:00,0.0,489.5425,1625463.76,-3008.55,100.0,1.4,80.3296,1,9446.4,0.0,5650.3207,0.0,0.0,13.0,14.4,16.599999999999998,18.599999999999998,0.0,0.0,5646.9405,0.0,0.0,0.0,0.0,0.0,0.0,0.0,2640.2085,0.0
2026-07-03 13:00:00,0.0,489.5207,1619451.32,-6012.44,99.6301,0.0,79.3061,1,9446.4,0.0,0.0,5650.3207,1.4,0.0,1.4,15.200000000000001,16.599999999999998,0.0,5646.9405,0.0,0.0,0.0,0.0,0.0,0.0,0.0,2640.2085,0.0,0.0
2026-07-03 19:00:00,0.0,489.5228,1619451.32,0.0,99.6301,15.2,93.4956,1,9446.4,0.0,0.0,0.0,0.0,1.4,16.599999999999998,29.6,31.799999999999997,5646.9405,0.0,0.0,0.0,0.0,0.0,0.0,0.0,2640.2085,0.0,0.0,0.0
2026-07-04 01:00:00,5646.9405,489.5323,1622456.77,3005.46,99.815,0.0,92.3043,1,9446.4,0.0,0.0,0.0,15.2,0.0,15.2,16.599999999999998,30.4,0.0,0.0,0.0,0.0,0.0,0.0,0.0,2640.2085,0.0,0.0,0.0,0.0
2026-07-04 07:00:00,0.0,489.5233,1619451.32,-3005.46,99.6301,0.0,91.1283,1,9446.4,0.0,5646.9405,0.0,0.0,15.2,15.2,16.599999999999998,29.6,0.0,0.0,0.0,0.0,0.0,0.0,2640.2085,0.0,0.0,0.0,0.0,
2026-07-04 13:00:00,0.0,489.5045,1613444.93,-6006.39,99.2606,0.0,89.9671,1,9446.4,0.0,0.0,5646.9405,0.0,0.0,0.0,15.2,16.599999999999998,0.0,0.0,0.0,0.0,0.0,2640.2085,0.0,0.0,0.0,0.0,,
2026-07-04 19:00:00,0.0,489.493,1610444.02,-3000.91,99.076,0.0,88.8208,1,9446.4,0.0,0.0,0.0,0.0,0.0,0.0,15.2,16.599999999999998,0.0,0.0,0.0,0.0,2640.2085,0.0,0.0,0.0,0.0,,,
2026-07-05 01:00:00,0.0,489.4895,1607444.59,-2999.42,98.8914,0.0,87.6891,1,9446.4,0.0,0.0,0.0,0.0,0.0,0.0,0.0,15.2,0.0,0.0,0.0,2640.2085,0.0,0.0,0.0,0.0,,,,
2026-07-05 07:00:00,0.0,489.479,1604446.72,-2997.87,98.707,0.0,86.5718,1,9446.4,0.0,0.0,0.0,0.0,0.0,0.0,0.0,15.2,0.0,0.0,2640.2085,0.0,0.0,0.0,0.0,,,,,
2026-07-05 13:00:00,0.0,489.4593,1598455.47,-5991.25,98.3384,0.0,85.4688,1,9446.4,0.0,0.0,0.0,0.0,0.0,0.0,0.0,0.0,0.0,2640.2085,0.0,0.0,0.0,0.0,,,,,,
2026-07-05 19:00:00,0.0,489.4482,1595462.02,-2993.46,98.1543,0.0,84.3798,1,9446.4,0.0,0.0,0.0,0.0,0.0,0.0,0.0,0.0,2640.2085,0.0,0.0,0.0,0.0,,,,,,,
2026-07-06 01:00:00,2640.2085,489.445,1595462.02,0.0,98.1543,0.0,83.3047,1,9446.4,0.0,0.0,0.0,0.0,0.0,0.0,0.0,0.0,0.0,0.0,0.0,0.0,,,,,,,,
2026-07-06 07:00:00,0.0,489.4313,1592470.13,-2991.89,97.9702,0.0,82.2432,1,9446.4,0.0,2640.2085,0.0,0.0,0.0,0.0,0.0,0.0,0.0,0.0,0.0,,,,,,,,,
2026-07-06 13:00:00,0.0,489.4145,1586490.96,-5979.17,97.6024,0.0,81.1953,1,9446.4,0.0,0.0,2640.2085,0.0,0.0,0.0,0.0,0.0,0.0,0.0,,,,,,,,,,
2026-07-06 19:00:00,0.0,489.402,1583503.92,-2987.05,97.4186,0.0,80.1608,1,9446.4,0.0,0.0,0.0,0.0,0.0,0.0,0.0,0.0,0.0,,,,,,,,,,,
2026-07-07 01:00:00,0.0,489.398,1580534.36,-2969.56,97.2359,0.0,79.1394,1,9446.4,0.0,0.0,0.0,0.0,0.0,0.0,0.0,0.0,,,,,,,,,,,,
2026-07-11 07:00:00,0.0,489.2262,1530308.98,-5885.85,94.146,0.2,0.5949,1,9446.4,0.0,,,,,,,,0.0,0.0,2575.9978,2634.6666,0.0,0.0,0.0,0.0,1227.6199,5564.7283,2106.8792,2634.4072
2026-07-11 13:00:00,0.0,489.21,1527368.22,-2940.76,93.9651,0.0,0.5873,1,9446.4,0.0,0.0,,0.2,,,,,0.0,2575.9978,2634.6666,0.0,0.0,0.0,0.0,1227.6199,5564.7283,2106.8792,2634.4072,0.0
2026-07-11 19:00:00,0.0,489.1997,1521494.77,-5873.45,93.6037,0.4,0.9798,1,9446.4,0.0,0.0,0.0,0.0,0.2,0.6000000000000001,,,2575.9978,2634.6666,0.0,0.0,0.0,0.0,1227.6199,5564.7283,2106.8792,2634.4072,0.0,0.0
2026-07-12 01:00:00,2575.9978,489.1967,1521494.77,0.0,93.6037,0.2,1.1674,1,9446.4,0.0,0.0,0.0,0.4,0.0,0.6000000000000001,,,2634.6666,0.0,0.0,0.0,0.0,1227.6199,5564.7283,2106.8792,2634.4072,0.0,0.0,2634.2386
2026-07-12 07:00:00,2634.6666,489.1922,1521494.77,0.0,93.6037,0.0,1.1525,1,9446.4,0.0,2575.9978,0.0,0.2,0.4,0.6000000000000001,0.8,,0.0,0.0,0.0,0.0,1227.6199,5564.7283,2106.8792,2634.4072,0.0,0.0,2634.2386,0.0
2026-07-12 13:00:00,0.0,489.1745,1515629.66,-5865.11,93.2429,0.0,1.1378,1,9446.4,0.0,2634.6666,2575.9978,0.0,0.2,0.2,0.6000000000000001,,0.0,0.0,0.0,1227.6199,5564.7283,2106.8792,2634.4072,0.0,0.0,2634.2386,0.0,0.0
2026-07-12 19:00:00,0.0,489.163,1512698.45,-2931.21,93.0626,0.0,1.1233,1,9446.4,0.0,0.0,2634.6666,0.0,0.0,0.0,0.6000000000000001,0.8,0.0,0.0,1227.6199,5564.7283,2106.8792,2634.4072,0.0,0.0,2634.2386,0.0,0.0,0.0
2026-07-13 01:00:00,0.0,489.1585,1509768.13,-2930.32,92.8823,0.0,1.109,1,9446.4,0.0,0.0,0.0,0.0,0.0,0.0,0.2,0.6000000000000001,0.0,1227.6199,5564.7283,2106.8792,2634.4072,0.0,0.0,2634.2386,0.0,0.0,0.0,0.0
2026-07-13 07:00:00,0.0,489.1445,1506838.7,-2929.44,92.7021,0.0,1.0949,1,9446.4,0.0,0.0,0.0,0.0,0.0,0.0,0.0,0.6000000000000001,1227.6199,5564.7283,2106.8792,2634.4072,0.0,0.0,2634.2386,0.0,0.0,0.0,0.0,0.0
2026-07-13 13:00:00,1227.6199,489.1508,1509768.13,2929.44,92.8823,14.8,15.8809,1,9446.4,0.0,0.0,0.0,0.0,0.0,14.8,14.8,15.0,5564.7283,2106.8792,2634.4072,0.0,0.0,2634.2386,0.0,0.0,0.0,0.0,0.0,0.0
2026-07-13 19:00:00,5564.7283,489.163,1512698.45,2930.32,93.0626,0.0,15.6786,1,9446.4,0.0,1227.6199,0.0,14.8,0.0,14.8,14.8,14.8,2106.8792,2634.4072,0.0,0.0,2634.2386,0.0,0.0,0.0,0.0,0.0,0.0,0.0
2026-07-14 01:00:00,2106.8792,489.1685,1512698.45,0.0,93.0626,1.8,17.2788,1,9446.4,0.0,5564.7283,1227.6199,0.0,14.8,16.6,16.6,16.6,2634.4072,0.0,0.0,2634.2386,0.0,0.0,0.0,0.0,0.0,0.0,0.0,0.0
2026-07-14 07:00:00,2634.4072,489.1653,1512698.45,0.0,93.0626,0.0,17.0586,1,9446.4,0.0,2106.8792,5564.7283,1.8,0.0,1.8,16.6,16.6,0.0,0.0,2634.2386,0.0,0.0,0.0,0.0,0.0,0.0,0.0,0.0,2633.2668
2026-07-14 13:00:00,0.0,489.1523,1509768.13,-2930.32,92.8823,0.0,16.8413,1,9446.4,0.0,2634.4072,2106.8792,0.0,1.8,1.8,16.6,16.6,0.0,2634.2386,0.0,0.0,0.0,0.0,0.0,0.0,0.0,0.0,2633.2668,0.0
2026-07-14 19:00:00,0.0,489.1402,1506838.7,-2929.44,92.7021,0.0,16.6267,1,9446.4,0.0,0.0,2634.4072,0.0,0.0,0.0,1.8,16.6,2634.2386,0.0,0.0,0.0,0.0,0.0,0.0,0.0,0.0,2633.2668,0.0,2574.7685
2026-07-15 01:00:00,2634.2386,489.1402,1506838.7,0.0,92.7021,0.0,16.4149,1,9446.4,0.0,0.0,0.0,0.0,0.0,0.0,1.8,16.6,0.0,0.0,0.0,0.0,0.0,0.0,0.0,0.0,2633.2668,0.0,2574.7685,0.0
2026-07-15 07:00:00,0.0,489.1305,1503910.11,-2928.59,92.5219,0.0,16.2057,1,9446.4,0.0,2634.2386,0.0,0.0,0.0,0.0,0.0,1.8,0.0,0.0,0.0,0.0,0.0,0.0,0.0,2633.2668,0.0,2574.7685,0.0,0.0
2026-07-15 13:00:00,0.0,489.1142,1498055.63,-5854.48,92.1617,0.0,15.9992,1,9446.4,0.0,0.0,2634.2386,0.0,0.0,0.0,0.0,1.8,0.0,0.0,0.0,0.0,0.0,0.0,2633.2668,0.0,2574.7685,0.0,0.0,3682.1395
2026-07-15 19:00:00,0.0,489.104,1495129.73,-2925.89,91.9817,0.0,15.7954,1,9446.4,0.0,0.0,0.0,0.0,0.0,0.0,0.0,0.0,0.0,0.0,0.0,0.0,0.0,2633.2668,0.0,2574.7685,0.0,0.0,3682.1395,0.0
2026-07-16 01:00:00,0.0,489.078,1486357.16,-8772.58,91.442,0.0,15.5941,1,9446.4,0.0,0.0,0.0,0.0,0.0,0.0,0.0,0.0,0.0,0.0,0.0,0.0,2633.2668,0.0,2574.7685,0.0,0.0,3682.1395,0.0,0.0
2026-07-16 07:00:00,0.0,489.0652,1483434.61,-2922.55,91.2622,0.0,15.3954,1,9446.4,0.0,0.0,0.0,0.0,0.0,0.0,0.0,0.0,0.0,0.0,0.0,2633.2668,0.0,2574.7685,0.0,0.0,3682.1395,0.0,0.0,0.0
2026-07-16 13:00:00,0.0,489.0547,1480512.99,-2921.62,91.0825,0.0,15.1993,1,9446.4,0.0,0.0,0.0,0.0,0.0,0.0,0.0,0.0,0.0,0.0,2633.2668,0.0,2574.7685,0.0,0.0,3682.1395,0.0,0.0,0.0,0.0
2026-07-16 19:00:00,0.0,489.0463,1477592.14,-2920.85,90.9028,0.0,15.0056,1,9446.4,0.0,0.0,0.0,0.0,0.0,0.0,0.0,0.0,0.0,2633.2668,0.0,2574.7685,0.0,0.0,3682.1395,0.0,0.0,0.0,0.0,0.0
2026-07-17 01:00:00,0.0,489.0297,1471753.02,-5839.13,90.5436,0.0,14.8144,1,9446.4,0.0,0.0,0.0,0.0,0.0,0.0,0.0,0.0,2633.2668,0.0,2574.7685,0.0,0.0,3682.1395,0.0,0.0,0.0,0.0,0.0,0.0
2026-07-17 07:00:00,2633.2668,489.0217,1471753.02,0.0,90.5436,0.0,14.6256,1,9446.4,0.0,0.0,0.0,0.0,0.0,0.0,0.0,0.0,0.0,2574.7685,0.0,0.0,3682.1395,0.0,0.0,0.0,0.0,0.0,0.0,0.0
2026-07-17 13:00:00,0.0,489.0082,1465917.18,-5835.83,90.1846,0.0,14.4393,1,9446.4,0.0,2633.2668,0.0,0.0,0.0,0.0,0.0,0.0,2574.7685,0.0,0.0,3682.1395,0.0,0.0,0.0,0.0,0.0,0.0,0.0,5542.0361
2026-07-17 19:00:00,2574.7685,489.006,1465917.18,0.0,90.1846,0.2,14.4553,1,9446.4,0.0,0.0,2633.2668,0.0,0.0,0.2,0.2,0.2,0.0,0.0,3682.1395,0.0,0.0,0.0,0.0,0.0,0.0,0.0,5542.0361,0.0
2026-07-18 01:00:00,0.0,488.9952,1463000.44,-2916.74,90.0051,0.0,14.2711,1,9446.4,0.0,2574.7685,0.0,0.2,0.0,0.2,0.2,0.2,0.0,3682.1395,0.0,0.0,0.0,0.0,0.0,0.0,0.0,5542.0361,0.0,0.0
2026-07-18 07:00:00,0.0,488.9785,1457169.38,-5831.05,89.6464,0.4,14.4893,1,9446.4,0.0,0.0,2574.7685,0.0,0.2,0.6000000000000001,0.6000000000000001,0.6000000000000001,3682.1395,0.0,0.0,0.0,0.0,0.0,0.0,0.0,5542.0361,0.0,0.0,0.0
2026-07-18 13:00:00,3682.1395,488.9832,1460084.49,2915.1,89.8257,6.4,20.7047,1,9446.4,0.0,0.0,0.0,0.4,0.0,6.800000000000001,7.0,7.0,0.0,0.0,0.0,0.0,0.0,0.0,0.0,5542.0361,0.0,0.0,0.0,0.0
2026-07-18 19:00:00,0.0,488.9768,1457169.38,-2915.1,89.6464,0.8,21.2409,1,9446.4,0.0,3682.1395,0.0,6.4,0.4,7.6000000000000005,7.8,7.8,0.0,0.0,0.0,0.0,0.0,0.0,5542.0361,0.0,0.0,0.0,0.0,0.0
2026-07-19 01:00:00,0.0,488.9647,1454255.07,-2914.32,89.4671,0.0,20.9702,1,9446.4,0.0,0.0,3682.1395,0.8,6.4,7.2,7.6000000000000005,7.8,0.0,0.0,0.0,0.0,0.0,5542.0361,0.0,0.0,0.0,0.0,0.0,0.0
2026-07-19 07:00:00,0.0,488.9568,1451341.56,-2913.51,89.2878,0.2,20.903,1,9446.4,0.0,0.0,0.0,0.0,0.8,1.0,7.800000000000001,8.0,0.0,0.0,0.0,0.0,5542.0361,0.0,0.0,0.0,0.0,0.0,0.0,0.0
2026-07-19 13:00:00,0.0,488.9487,1448428.87,-2912.69,89.1087,0.0,20.6367,1,9446.4,0.0,0.0,0.0,0.2,0.0,0.2,7.4,7.800000000000001,0.0,0.0,0.0,5542.0361,0.0,0.0,0.0,0.0,0.0,0.0,0.0,0.0
2026-07-19 19:00:00,0.0,488.9393,1445516.87,-2912.0,88.9295,0.0,20.3738,1,9446.4,0.0,0.0,0.0,0.0,0.2,0.2,1.0,7.800000000000001,0.0,0.0,5542.0361,0.0,0.0,0.0,0.0,0.0,0.0,0.0,0.0,0.0
2026-07-20 01:00:00,0.0,488.9192,1439695.28,-5821.59,88.5714,0.0,20.1142,1,9446.4,0.0,0.0,0.0,0.0,0.0,0.0,0.2,7.4,0.0,5542.0361,0.0,0.0,0.0,0.0,0.0,0.0,0.0,0.0,0.0,0.0
2026-07-20 07:00:00,0.0,488.9042,1436785.67,-2909.61,88.3924,0.0,19.8579,1,9446.4,0.0,0.0,0.0,0.0,0.0,0.0,0.2,1.0,5542.0361,0.0,0.0,0.0,0.0,0.0,0.0,0.0,0.0,0.0,0.0,0.0
2026-07-20 13:00:00,5542.0361,488.9143,1439695.28,2909.61,88.5714,0.0,19.6049,1,9446.4,0.0,0.0,0.0,0.0,0.0,0.0,0.0,0.2,0.0,0.0,0.0,0.0,0.0,0.0,0.0,0.0,0.0,0.0,0.0,2631.0306
2026-07-20 19:00:00,0.0,488.8918,1433876.88,-5818.4,88.2134,0.0,19.3551,1,9446.4,0.0,5542.0361,0.0,0.0,0.0,0.0,0.0,0.2,0.0,0.0,0.0,0.0,0.0,0.0,0.0,0.0,0.0,0.0,2631.0306,0.0
2026-07-21 01:00:00,0.0,488.8768,1428061.56,-5815.32,87.8556,0.0,19.1085,1,9446.4,0.0,0.0,5542.0361,0.0,0.0,0.0,0.0,0.0,0.0,0.0,0.0,0.0,0.0,0.0,0.0,0.0,0.0,2631.0306,0.0,0.0
2026-07-21 07:00:00,0.0,488.865,1425155.07,-2906.49,87.6768,0.0,18.865,1,9446.4,0.0,0.0,0.0,0.0,0.0,0.0,0.0,0.0,0.0,0.0,0.0,0.0,0.0,0.0,0.0,0.0,2631.0306,0.0,0.0,0.0
2026-07-21 13:00:00,0.0,488.8575,1422249.4,-2905.67,87.4981,0.0,18.6246,1,9446.4,0.0,0.0,0.0,0.0,0.0,0.0,0.0,0.0,0.0,0.0,0.0,0.0,0.0,0.0,0.0,2631.0306,0.0,0.0,0.0,0.0
2026-07-21 19:00:00,0.0,488.8432,1419344.47,-2904.93,87.3194,1.6,19.9873,1,9446.4,0.0,0.0,0.0,0.0,0.0,1.6,1.6,1.6,0.0,0.0,0.0,0.0,0.0,0.0,2631.0306,0.0,0.0,0.0,0.0,0.0
2026-07-22 01:00:00,0.0,488.8205,1413536.92,-5807.55,86.9621,0.0,19.7327,1,9446.4,0.0,0.0,0.0,1.6,0.0,1.6,1.6,1.6,0.0,0.0,0.0,0.0,0.0,2631.0306,0.0,0.0,0.0,0.0,0.0,0.0
2026-07-22 07:00:00,0.0,488.808,1407732.41,-5804.51,86.605,0.2,19.6812,1,9446.4,0.0,0.0,0.0,0.0,1.6,1.8,1.8,1.8,0.0,0.0,0.0,0.0,2631.0306,0.0,0.0,0.0,0.0,0.0,0.0,0.0
2026-07-22 13:00:00,0.0,488.7993,1404831.3,-2901.11,86.4265,0.0,19.4305,1,9446.4,0.0,0.0,0.0,0.2,0.0,0.2,1.8,1.8,0.0,0.0,0.0,2631.0306,0.0,0.0,0.0,0.0,0.0,0.0,0.0,0.0
2026-07-22 19:00:00,0.0,488.7873,1401930.96,-2900.35,86.2481,0.0,19.1829,1,9446.4,0.0,0.0,0.0,0.0,0.2,0.2,1.8,1.8,0.0,0.0,2631.0306,0.0,0.0,0.0,0.0,0.0,0.0,0.0,0.0,0.0
2026-07-23 01:00:00,0.0,488.7453,1390337.34,-11593.62,85.5348,0.4,19.3385,1,9446.4,0.0,0.0,0.0,0.0,0.0,0.4,0.6000000000000001,2.2,0.0,2631.0306,0.0,0.0,0.0,0.0,0.0,0.0,0.0,0.0,0.0,0.0
2026-07-23 07:00:00,0.0,488.7272,1384545.09,-5792.25,85.1785,0.2,19.2921,1,9446.4,0.0,0.0,0.0,0.4,0.0,0.6000000000000001,0.8,2.4000000000000004,2631.0306,0.0,0.0,0.0,0.0,0.0,0.0,0.0,0.0,0.0,0.0,0.0
2026-07-23 13:00:00,2631.0306,488.7238,1384545.09,0.0,85.1785,0.0,19.0463,1,9446.4,0.0,0.0,0.0,0.2,0.4,0.6000000000000001,0.6000000000000001,0.8,0.0,0.0,0.0,0.0,0.0,0.0,0.0,0.0,0.0,0.0,0.0,5508.154
2026-07-23 19:00:00,0.0,488.698,1375862.31,-8682.78,84.6443,5.2,24.0036,1,9446.4,0.0,2631.0306,0.0,0.0,0.2,5.4,5.800000000000001,6.0,0.0,0.0,0.0,0.0,0.0,0.0,0.0,0.0,0.0,0.0,5508.154,0.0
2026-07-24 01:00:00,0.0,488.6573,1364295.84,-11566.47,83.9327,0.0,23.6978,1,9446.4,0.0,0.0,2631.0306,5.2,0.0,5.2,5.800000000000001,5.800000000000001,0.0,0.0,0.0,0.0,0.0,0.0,0.0,0.0,0.0,5508.154,0.0,0.0
2026-07-24 07:00:00,0.0,488.6402,1361406.04,-2889.81,83.7549,0.0,23.3958,1,9446.4,0.0,0.0,0.0,0.0,5.2,5.2,5.4,5.800000000000001,0.0,0.0,0.0,0.0,0.0,0.0,0.0,0.0,5508.154,0.0,0.0,0.0
2026-07-24 13:00:00,0.0,488.6395,1358517.04,-2889.0,83.5772,0.0,23.0977,1,9446.4,0.0,0.0,0.0,0.0,0.0,0.0,5.2,5.800000000000001,0.0,0.0,0.0,0.0,0.0,0.0,0.0,5508.154,0.0,0.0,0.0,0.0
2026-07-24 19:00:00,0.0,488.5897,1344083.14,-14433.9,82.6892,0.0,22.8034,1,9446.4,0.0,0.0,0.0,0.0,0.0,0.0,5.2,5.4,0.0,0.0,0.0,0.0,0.0,0.0,5508.154,0.0,0.0,0.0,0.0,0.0
2026-07-25 01:00:00,0.0,488.5595,1335431.62,-8651.52,82.157,0.0,22.5129,1,9446.4,0.0,0.0,0.0,0.0,0.0,0.0,0.0,5.2,0.0,0.0,0.0,0.0,0.0,5508.154,0.0,0.0,0.0,0.0,0.0,0.0
2026-07-25 07:00:00,0.0,488.534,1329667.52,-5764.1,81.8023,0.0,22.226,1,9446.4,0.0,0.0,0.0,0.0,0.0,0.0,0.0,5.2,0.0,0.0,0.0,0.0,5508.154,0.0,0.0,0.0,0.0,0.0,0.0,0.0
2026-07-25 13:00:00,0.0,488.5567,1335431.62,5764.1,82.157,44.4,66.3428,1,9446.4,0.0,0.0,0.0,0.0,0.0,44.4,44.4,44.4,0.0,0.0,0.0,5508.154,0.0,0.0,0.0,0.0,0.0,0.0,0.0,0.0
2026-07-25 19:00:00,0.0,488.5473,1332549.22,-2882.39,81.9796,0.0,65.4975,1,9446.4,0.0,0.0,0.0,44.4,0.0,44.4,44.4,44.4,0.0,0.0,5508.154,0.0,0.0,0.0,0.0,0.0,0.0,0.0,0.0,0.0
2026-07-26 01:00:00,0.0,488.5172,1323906.49,-8642.74,81.4479,0.0,64.663,1,9446.4,0.0,0.0,0.0,0.0,44.4,44.4,44.4,44.4,0.0,5508.154,0.0,0.0,0.0,0.0,0.0,0.0,0.0,0.0,0.0,0.0
2026-07-26 07:00:00,0.0,488.4947,1318148.34,-5758.15,81.0937,0.2,64.0391,1,9446.4,0.0,0.0,0.0,0.0,0.0,0.2,44.6,44.6,5508.154,0.0,0.0,0.0,0.0,0.0,0.0,0.0,0.0,0.0,0.0,0.0
2026-07-26 13:00:00,5508.154,488.5017,1321027.03,2878.69,81.2708,0.0,63.2231,1,9446.4,0.0,0.0,0.0,0.2,0.0,0.2,44.6,44.6,0.0,0.0,0.0,0.0,0.0,0.0,0.0,0.0,0.0,0.0,0.0,0.0
2026-07-26 19:00:00,0.0,488.4637,1309516.81,-11510.22,80.5627,0.0,62.4176,1,9446.4,0.0,5508.154,0.0,0.0,0.2,0.2,0.2,44.6,0.0,0.0,0.0,0.0,0.0,0.0,0.0,0.0,0.0,0.0,0.0,0.0
2026-07-27 01:00:00,0.0,488.4242,1298018.4,-11498.41,79.8553,0.2,61.8223,1,9446.4,0.0,0.0,5508.154,0.0,0.0,0.2,0.4,44.800000000000004,0.0,0.0,0.0,0.0,0.0,0.0,0.0,0.0,0.0,0.0,0.0,0.0
2026-07-27 07:00:00,0.0,488.401,1292273.57,-5744.83,79.5018,0.0,61.0346,1,9446.4,0.0,0.0,0.0,0.2,0.0,0.2,0.4,0.4,0.0,0.0,0.0,0.0,0.0,0.0,0.0,0.0,0.0,0.0,0.0,1767.2123
2026-07-27 13:00:00,0.0,488.3892,1286531.71,-5741.86,79.1486,0.0,60.2569,1,9446.4,0.0,0.0,0.0,0.0,0.2,0.2,0.2,0.4,0.0,0.0,0.0,0.0,0.0,0.0,0.0,0.0,0.0,0.0,1767.2123,14052.2123
2026-07-27 19:00:00,0.0,488.3745,1283661.88,-2869.83,78.972,0.0,59.4892,1,9446.4,0.0,0.0,0.0,0.0,0.0,0.0,0.2,0.4,0.0,0.0,0.0,0.0,0.0,0.0,0.0,0.0,0.0,1767.2123,14052.2123,0.0
2026-07-28 01:00:00,0.0,488.33,1272189.99,-11471.88,78.2663,1.2,59.9312,1,9446.4,0.0,0.0,0.0,0.0,0.0,1.2,1.4,1.4,0.0,0.0,0.0,0.0,0.0,0.0,0.0,0.0,1767.2123,14052.2123,0.0,0.0
2026-07-28 07:00:00,0.0,488.3078,1263593.79,-8596.2,77.7374,0.0,59.1676,1,9446.4,0.0,0.0,0.0,1.2,0.0,1.2,1.2,1.4,0.0,0.0,0.0,0.0,0.0,0.0,0.0,1767.2123,14052.2123,0.0,0.0,0.0
2026-07-28 13:00:00,0.0,488.2958,1260729.83,-2863.96,77.5612,0.0,58.4137,1,9446.4,0.0,0.0,0.0,0.0,1.2,1.2,1.2,1.4,0.0,0.0,0.0,0.0,0.0,0.0,1767.2123,14052.2123,0.0,0.0,0.0,5479.7647
2026-07-28 19:00:00,0.0,488.2855,1257866.66,-2863.17,77.3851,0.0,57.6694,1,9446.4,0.0,0.0,0.0,0.0,0.0,0.0,1.2,1.2,0.0,0.0,0.0,0.0,0.0,1767.2123,14052.2123,0.0,0.0,0.0,5479.7647,8160.4049
2026-07-29 01:00:00,0.0,488.2367,1243561.76,-14304.91,76.505,0.0,56.9346,1,9446.4,0.0,0.0,0.0,0.0,0.0,0.0,1.2,1.2,0.0,0.0,0.0,0.0,1767.2123,14052.2123,0.0,0.0,0.0,5479.7647,8160.4049,11210.7671
2026-07-29 07:00:00,0.0,488.2137,1237844.92,-5716.83,76.1533,0.0,56.2092,1,9446.4,0.0,0.0,0.0,0.0,0.0,0.0,0.0,1.2,0.0,0.0,0.0,1767.2123,14052.2123,0.0,0.0,0.0,5479.7647,8160.4049,11210.7671,0.0
2026-07-29 13:00:00,0.0,488.2053,1234987.61,-2857.32,75.9776,0.0,55.493,1,9446.4,0.0,0.0,0.0,0.0,0.0,0.0,0.0,1.2,0.0,0.0,1767.2123,14052.2123,0.0,0.0,0.0,5479.7647,8160.4049,11210.7671,0.0,5266.7032
2026-07-29 19:00:00,0.0,488.1807,1229275.2,-5712.4,75.6261,0.0,54.7859,1,9446.4,0.0,0.0,0.0,0.0,0.0,0.0,0.0,0.0,0.0,1767.2123,14052.2123,0.0,0.0,0.0,5479.7647,8160.4049,11210.7671,0.0,5266.7032,0.0
2026-07-30 01:00:00,0.0,488.1427,1217859.49,-11415.71,74.9238,0.2,54.2879,1,9446.4,0.0,0.0,0.0,0.0,0.0,0.2,0.2,0.2,1767.2123,14052.2123,0.0,0.0,0.0,5479.7647,8160.4049,11210.7671,0.0,5266.7032,0.0,0.0
2026-07-30 07:00:00,1767.2123,488.1793,1226420.13,8560.64,75.4505,33.0,86.5962,1,9446.4,0.0,0.0,0.0,0.2,0.0,33.2,33.2,33.2,14052.2123,0.0,0.0,0.0,5479.7647,8160.4049,11210.7671,0.0,5266.7032,0.0,0.0,0.0
2026-07-30 13:00:00,14052.2123,488.218,1237844.92,11424.8,76.1533,0.0,85.4928,1,9446.4,0.0,1767.2123,0.0,33.0,0.2,33.2,33.2,33.2,0.0,0.0,0.0,5479.7647,8160.4049,11210.7671,0.0,5266.7032,0.0,0.0,0.0,0.0
2026-07-30 19:00:00,0.0,488.2007,1234987.61,-2857.32,75.9776,0.0,84.4035,1,9446.4,0.0,14052.2123,1767.2123,0.0,33.0,33.0,33.2,33.2,0.0,0.0,5479.7647,8160.4049,11210.7671,0.0,5266.7032,0.0,0.0,0.0,0.0,0.0
2026-07-31 01:00:00,0.0,488.162,1223565.81,-11421.8,75.2749,0.0,83.3281,1,9446.4,0.0,0.0,14052.2123,0.0,0.0,0.0,33.2,33.2,0.0,5479.7647,8160.4049,11210.7671,0.0,5266.7032,0.0,0.0,0.0,0.0,0.0,0.0
2026-07-31 07:00:00,0.0,488.1467,1217859.49,-5706.32,74.9238,1.0,83.2664,1,9446.4,0.0,0.0,0.0,0.0,0.0,1.0,34.0,34.2,5479.7647,8160.4049,11210.7671,0.0,5266.7032,0.0,0.0,0.0,0.0,0.0,0.0,0.0
2026-07-31 13:00:00,5479.7647,488.1528,1220712.27,2852.78,75.0993,0.0,82.2054,1,9446.4,0.0,0.0,0.0,1.0,0.0,1.0,1.0,34.2,8160.4049,11210.7671,0.0,5266.7032,0.0,0.0,0.0,0.0,0.0,0.0,0.0,0.0
2026-07-31 19:00:00,8160.4049,488.2075,1234987.61,14275.33,75.9776,30.6,111.758,1,9446.4,0.0,5479.7647,0.0,0.0,1.0,31.6,31.6,64.6,11210.7671,0.0,5266.7032,0.0,0.0,0.0,0.0,0.0,0.0,0.0,0.0,0.0
2026-08-01 01:00:00,11210.7671,488.2365,1243561.76,8574.15,76.505,0.0,110.3341,1,9446.4,0.0,8160.4049,5479.7647,30.6,0.0,30.6,31.6,31.6,0.0,5266.7032,0.0,0.0,0.0,0.0,0.0,0.0,0.0,0.0,0.0,0.0
2026-08-01 07:00:00,0.0,488.2263,1240702.94,-2858.82,76.3292,0.0,108.9282,1,9446.4,0.0,11210.7671,8160.4049,0.0,30.6,30.6,31.6,31.6,5266.7032,0.0,0.0,0.0,0.0,0.0,0.0,0.0,0.0,0.0,0.0,5480.4502
2026-08-01 13:00:00,5266.7032,488.2363,1243561.76,2858.82,76.505,0.8,108.3403,1,9446.4,0.0,0.0,11210.7671,0.0,0.0,0.8,31.400000000000002,32.4,0.0,0.0,0.0,0.0,0.0,0.0,0.0,0.0,0.0,0.0,5480.4502,0.0
2026-08-01 19:00:00,0.0,488.2003,1234987.61,-8574.15,75.9776,0.0,106.9599,1,9446.4,0.0,5266.7032,0.0,0.8,0.0,0.8,31.400000000000002,32.4,0.0,0.0,0.0,0.0,0.0,0.0,0.0,0.0,0.0,5480.4502,0.0,0.0
2026-08-02 01:00:00,0.0,488.1802,1229275.2,-5712.4,75.6261,0.4,105.9971,1,9446.4,0.0,0.0,5266.7032,0.0,0.8,1.2000000000000002,1.2000000000000002,31.8,0.0,0.0,0.0,0.0,0.0,0.0,0.0,0.0,5480.4502,0.0,0.0,0.0
2026-08-02 07:00:00,0.0,488.1707,1226420.13,-2855.08,75.4505,0.0,104.6465,1,9446.4,0.0,0.0,0.0,0.4,0.0,0.4,1.2000000000000002,31.8,0.0,0.0,0.0,0.0,0.0,0.0,0.0,5480.4502,0.0,0.0,0.0,0.0
2026-08-02 13:00:00,0.0,488.1507,1220712.27,-5707.85,75.0993,0.0,103.3132,1,9446.4,0.0,0.0,0.0,0.0,0.4,0.4,1.2000000000000002,1.2000000000000002,0.0,0.0,0.0,0.0,0.0,0.0,5480.4502,0.0,0.0,0.0,0.0,0.0
2026-08-02 19:00:00,0.0,488.1323,1215007.42,-5704.86,74.7484,0.2,102.1968,1,9446.4,0.0,0.0,0.0,0.0,0.0,0.2,0.6000000000000001,1.4000000000000001,0.0,0.0,0.0,0.0,0.0,5480.4502,0.0,0.0,0.0,0.0,0.0,0.0
2026-08-03 01:00:00,0.0,488.1093,1206455.78,-8551.64,74.2223,0.6,101.4947,1,9446.4,0.0,0.0,0.0,0.2,0.0,0.8,1.2000000000000002,2.0,0.0,0.0,0.0,0.0,5480.4502,0.0,0.0,0.0,0.0,0.0,0.0,272.7005
2026-08-03 07:00:00,0.0,488.1,1203606.76,-2849.02,74.047,0.0,100.2015,1,9446.4,0.0,0.0,0.0,0.6,0.2,0.8,0.8,1.2000000000000002,0.0,0.0,0.0,5480.4502,0.0,0.0,0.0,0.0,0.0,0.0,272.7005,272.7005
2026-08-03 13:00:00,0.0,488.0853,1200758.45,-2848.31,73.8717,0.0,98.9248,1,9446.4,0.0,0.0,0.0,0.0,0.6,0.6,0.8,1.2000000000000002,0.0,0.0,5480.4502,0.0,0.0,0.0,0.0,0.0,0.0,272.7005,272.7005,272.7005
2026-08-03 19:00:00,0.0,488.0707,1197910.98,-2847.47,73.6966,0.0,97.6643,1,9446.4,0.0,0.0,0.0,0.0,0.0,0.0,0.8,0.8,0.0,5480.4502,0.0,0.0,0.0,0.0,0.0,0.0,272.7005,272.7005,272.7005,0.0
2026-08-04 01:00:00,0.0,488.0478,1189373.12,-8537.86,73.1713,0.0,96.42,1,9446.4,0.0,0.0,0.0,0.0,0.0,0.0,0.6,0.8,5480.4502,0.0,0.0,0.0,0.0,0.0,0.0,272.7005,272.7005,272.7005,0.0,2200.5853
2026-08-04 07:00:00,5480.4502,488.0507,1192218.29,2845.18,73.3463,0.0,95.1914,1,9446.4,0.0,0.0,0.0,0.0,0.0,0.0,0.0,0.8,0.0,0.0,0.0,0.0,0.0,0.0,272.7005,272.7005,272.7005,0.0,2200.5853,3052.1185
2026-08-04 13:00:00,0.0,488.0108,1180842.29,-11376.0,72.6465,0.0,93.9786,1,9446.4,0.0,5480.4502,0.0,0.0,0.0,0.0,0.0,0.6,0.0,0.0,0.0,0.0,0.0,272.7005,272.7005,272.7005,0.0,2200.5853,3052.1185,272.7795
2026-08-04 19:00:00,0.0,487.9947,1175159.27,-5683.02,72.2969,6.0,98.7811,0,0.0,0.0,0.0,5480.4502,0.0,0.0,6.0,6.0,6.0,0.0,0.0,0.0,0.0,272.7005,272.7005,272.7005,0.0,2200.5853,3052.1185,272.7795,953.444
2026-08-05 01:00:00,0.0,487.9758,1169479.81,-5679.46,71.9475,0.0,97.5225,0,0.0,0.0,0.0,0.0,6.0,0.0,6.0,6.0,6.0,0.0,0.0,0.0,272.7005,272.7005,272.7005,0.0,2200.5853,3052.1185,272.7795,953.444,0.0
2026-08-05 07:00:00,0.0,487.9612,1166641.25,-2838.56,71.7728,1.0,97.2799,0,0.0,0.0,0.0,0.0,0.0,6.0,7.0,7.0,7.0,0.0,0.0,272.7005,272.7005,272.7005,0.0,2200.5853,3052.1185,272.7795,953.444,0.0,8279.8949
2026-08-05 13:00:00,0.0,487.9488,1160966.5,-5674.75,71.4237,0.0,96.0404,0,0.0,0.0,0.0,0.0,1.0,0.0,1.0,7.0,7.0,0.0,272.7005,272.7005,272.7005,0.0,2200.5853,3052.1185,272.7795,953.444,0.0,8279.8949,8742.4393
2026-08-05 19:00:00,0.0,487.9312,1158130.43,-2836.07,71.2492,0.8,95.6168,0,0.0,0.0,0.0,0.0,0.0,1.0,1.8,7.8,7.8,272.7005,272.7005,272.7005,0.0,2200.5853,3052.1185,272.7795,953.444,0.0,8279.8949,8742.4393,3117.1487
2026-08-06 01:00:00,272.7005,487.9347,1158130.43,0.0,71.2492,0.0,94.3985,0,0.0,0.0,0.0,0.0,0.8,0.0,0.8,1.8,7.8,272.7005,272.7005,0.0,2200.5853,3052.1185,272.7795,953.444,0.0,8279.8949,8742.4393,3117.1487,442.7137
2026-08-06 07:00:00,272.7005,487.9327,1158130.43,0.0,71.2492,0.0,93.1957,0,0.0,0.0,272.7005,0.0,0.0,0.8,0.8,1.8,7.8,272.7005,0.0,2200.5853,3052.1185,272.7795,953.444,0.0,8279.8949,8742.4393,3117.1487,442.7137,11662.4423
2026-08-06 13:00:00,272.7005,487.9327,1158130.43,0.0,71.2492,0.0,92.0082,0,0.0,0.0,272.7005,272.7005,0.0,0.0,0.0,0.8,1.8,0.0,2200.5853,3052.1185,272.7795,953.444,0.0,8279.8949,8742.4393,3117.1487,442.7137,11662.4423,5972.9712
2026-08-06 19:00:00,0.0,487.9298,1155295.11,-2835.32,71.0748,0.2,91.0359,0,0.0,0.0,272.7005,272.7005,0.0,0.0,0.2,1.0,2.0,2200.5853,3052.1185,272.7795,953.444,0.0,8279.8949,8742.4393,3117.1487,442.7137,11662.4423,5972.9712,5976.0894
2026-08-07 01:00:00,2200.5853,487.9308,1158130.43,2835.32,71.2492,3.2,93.076,0,0.0,0.0,0.0,272.7005,0.2,0.0,3.4000000000000004,3.4000000000000004,4.2,3052.1185,272.7795,953.444,0.0,8279.8949,8742.4393,3117.1487,442.7137,11662.4423,5972.9712,5976.0894,331.0156
2026-08-07 07:00:00,3052.1185,487.94,1160966.5,2836.07,71.4237,0.2,92.0901,0,0.0,0.0,2200.5853,0.0,3.2,0.2,3.6000000000000005,3.6000000000000005,4.4,272.7795,953.444,0.0,8279.8949,8742.4393,3117.1487,442.7137,11662.4423,5972.9712,5976.0894,331.0156,5524.1848
2026-08-07 13:00:00,272.7795,487.9477,1160966.5,0.0,71.4237,0.0,90.9167,0,0.0,0.0,3052.1185,2200.5853,0.2,3.2,3.4000000000000004,3.6000000000000005,3.6000000000000005,953.444,0.0,8279.8949,8742.4393,3117.1487,442.7137,11662.4423,5972.9712,5976.0894,331.0156,5524.1848,37439.4779
2026-08-07 19:00:00,953.444,487.9562,1163803.47,2836.97,71.5982,7.6,97.3583,0,0.0,0.0,272.7795,3052.1185,0.0,0.2,7.8,11.2,11.2,0.0,8279.8949,8742.4393,3117.1487,442.7137,11662.4423,5972.9712,5976.0894,331.0156,5524.1848,37439.4779,0.0
2026-08-08 01:00:00,0.0,487.9633,1166641.25,2837.78,71.7728,23.2,119.3178,0,0.0,0.0,953.444,272.7795,7.6,0.0,30.799999999999997,34.2,34.4,8279.8949,8742.4393,3117.1487,442.7137,11662.4423,5972.9712,5976.0894,331.0156,5524.1848,37439.4779,0.0,0.0
2026-08-08 07:00:00,8279.8949,487.9927,1175159.27,8518.02,72.2969,1.8,119.5975,0,0.0,0.0,0.0,953.444,23.2,7.6,32.599999999999994,32.8,36.199999999999996,8742.4393,3117.1487,442.7137,11662.4423,5972.9712,5976.0894,331.0156,5524.1848,37439.4779,0.0,0.0,8855.9188
2026-08-08 13:00:00,8742.4393,488.0218,1183685.13,8525.86,72.8214,0.2,118.2737,0,0.0,0.0,8279.8949,0.0,1.8,23.2,25.2,32.8,36.2,3117.1487,442.7137,11662.4423,5972.9712,5976.0894,331.0156,5524.1848,37439.4779,0.0,0.0,8855.9188,17457.1171
2026-08-08 19:00:00,3117.1487,488.0332,1186528.76,2843.63,72.9963,0.0,116.7667,0,0.0,0.0,8742.4393,8279.8949,0.2,1.8,2.0,32.8,33.0,442.7137,11662.4423,5972.9712,5976.0894,331.0156,5524.1848,37439.4779,0.0,0.0,8855.9188,17457.1171,5951.4157
2026-08-09 01:00:00,442.7137,488.057,1192218.29,5689.53,73.3463,19.4,134.6789,0,0.0,0.0,3117.1487,8742.4393,0.0,0.2,19.599999999999998,44.599999999999994,52.199999999999996,11662.4423,5972.9712,5976.0894,331.0156,5524.1848,37439.4779,0.0,0.0,8855.9188,17457.1171,5951.4157,0.0
2026-08-09 07:00:00,11662.4423,488.091,1203606.76,11388.47,74.047,0.0,132.9629,0,0.0,0.0,442.7137,3117.1487,19.4,0.0,19.4,21.4,52.199999999999996,5972.9712,5976.0894,331.0156,5524.1848,37439.4779,0.0,0.0,8855.9188,17457.1171,5951.4157,0.0,2626.5452
2026-08-09 13:00:00,5972.9712,488.1125,1209305.6,5698.84,74.3976,0.0,131.2688,0,0.0,0.0,11662.4423,442.7137,0.0,19.4,19.4,19.599999999999998,44.599999999999994,5976.0894,331.0156,5524.1848,37439.4779,0.0,0.0,8855.9188,17457.1171,5951.4157,0.0,2626.5452,28985.8127
2026-08-09 19:00:00,5976.0894,488.1347,1215007.42,5701.81,74.7484,0.0,129.5962,0,0.0,0.0,5972.9712,11662.4423,0.0,0.0,0.0,19.4,21.4,331.0156,5524.1848,37439.4779,0.0,0.0,8855.9188,17457.1171,5951.4157,0.0,2626.5452,28985.8127,6716.6464
2026-08-10 01:00:00,331.0156,488.1417,1217859.49,2852.08,74.9238,9.8,137.745,0,0.0,0.0,5976.0894,5972.9712,0.0,0.0,9.8,29.2,29.4,5524.1848,37439.4779,0.0,0.0,8855.9188,17457.1171,5951.4157,0.0,2626.5452,28985.8127,6716.6464,0.0
2026-08-10 07:00:00,5524.1848,488.164,1223565.81,5706.32,75.2749,1.6,137.5899,0,0.0,0.0,331.0156,5976.0894,9.8,0.0,11.4,11.4,30.8,37439.4779,0.0,0.0,8855.9188,17457.1171,5951.4157,0.0,2626.5452,28985.8127,6716.6464,0.0,6028.8984
2026-08-10 13:00:00,37439.4779,488.2917,1260729.83,37164.02,77.5612,0.0,135.8368,0,0.0,0.0,5524.1848,331.0156,1.6,9.8,11.4,11.4,30.8,0.0,0.0,8855.9188,17457.1171,5951.4157,0.0,2626.5452,28985.8127,6716.6464,0.0,6028.8984,52180.6877
2026-08-10 19:00:00,0.0,488.2405,1246421.23,-14308.61,76.681,5.6,139.706,0,0.0,0.0,37439.4779,5524.1848,0.0,1.6,7.199999999999999,17.0,17.0,0.0,8855.9188,17457.1171,5951.4157,0.0,2626.5452,28985.8127,6716.6464,0.0,6028.8984,52180.6877,0.0
2026-08-11 01:00:00,0.0,488.2397,1243561.76,-2859.47,76.505,13.6,151.526,0,0.0,0.0,0.0,37439.4779,5.6,0.0,19.2,30.6,30.6,8855.9188,17457.1171,5951.4157,0.0,2626.5452,28985.8127,6716.6464,0.0,6028.8984,52180.6877,0.0,0.0
2026-08-11 07:00:00,8855.9188,488.2683,1252142.44,8580.68,77.0329,0.0,149.5953,0,0.0,0.0,0.0,0.0,13.6,5.6,19.2,20.799999999999997,30.6,17457.1171,5951.4157,0.0,2626.5452,28985.8127,6716.6464,0.0,6028.8984,52180.6877,0.0,0.0,3159.7454
2026-08-11 13:00:00,17457.1171,488.3273,1269323.88,17181.44,78.09,0.0,147.6893,0,0.0,0.0,8855.9188,0.0,0.0,13.6,13.6,19.2,30.6,5951.4157,0.0,2626.5452,28985.8127,6716.6464,0.0,6028.8984,52180.6877,0.0,0.0,3159.7454,11814.4609
2026-08-11 19:00:00,5951.4157,488.3445,1275056.83,5732.94,78.4426,0.2,146.0075,0,0.0,0.0,17457.1171,8855.9188,0.0,0.0,0.2,19.4,20.999999999999996,0.0,2626.5452,28985.8127,6716.6464,0.0,6028.8984,52180.6877,0.0,0.0,3159.7454,11814.4609,20496.0704
2026-08-12 01:00:00,0.0,488.331,1272189.99,-2866.83,78.2663,2.6,146.7471,0,0.0,0.0,5951.4157,17457.1171,0.2,0.0,2.8000000000000003,16.4,22.0,2626.5452,28985.8127,6716.6464,0.0,6028.8984,52180.6877,0.0,0.0,3159.7454,11814.4609,20496.0704,0.0
2026-08-12 07:00:00,2626.5452,488.3495,1275056.83,2866.83,78.4426,1.8,146.6774,0,0.0,0.0,0.0,5951.4157,2.6,0.2,4.6000000000000005,4.6000000000000005,23.8,28985.8127,6716.6464,0.0,6028.8984,52180.6877,0.0,0.0,3159.7454,11814.4609,20496.0704,0.0,3162.9389
2026-08-12 13:00:00,28985.8127,488.4443,1303766.09,28709.26,80.2089,0.0,144.8085,0,0.0,0.0,2626.5452,0.0,1.8,2.6,4.4,4.6000000000000005,18.2,6716.6464,0.0,6028.8984,52180.6877,0.0,0.0,3159.7454,11814.4609,20496.0704,0.0,3162.9389,17605.4955
2026-08-12 19:00:00,6716.6464,488.4883,1315270.42,11504.33,80.9166,17.6,160.5634,0,0.0,0.0,28985.8127,2626.5452,0.0,1.8,19.400000000000002,22.200000000000003,22.200000000000003,0.0,6028.8984,52180.6877,0.0,0.0,3159.7454,11814.4609,20496.0704,0.0,3162.9389,17605.4955,6060.0164
2026-08-13 01:00:00,0.0,488.4518,1306641.11,-8629.31,80.3857,0.0,158.5176,0,0.0,0.0,6716.6464,28985.8127,17.6,0.0,17.6,22.0,22.200000000000003,6028.8984,52180.6877,0.0,0.0,3159.7454,11814.4609,20496.0704,0.0,3162.9389,17605.4955,6060.0164,0.0
2026-08-13 07:00:00,6028.8984,488.479,1312393.24,5752.13,80.7396,0.0,156.4979,0,0.0,0.0,0.0,6716.6464,0.0,17.6,17.6,19.400000000000002,22.200000000000003,52180.6877,0.0,0.0,3159.7454,11814.4609,20496.0704,0.0,3162.9389,17605.4955,6060.0164,0.0,3167.0103
2026-08-13 13:00:00,52180.6877,488.657,1364295.84,51902.6,83.9327,0.0,154.5038,0,0.0,0.0,6028.8984,0.0,0.0,0.0,0.0,17.6,22.0,0.0,0.0,3159.7454,11814.4609,20496.0704,0.0,3162.9389,17605.4955,6060.0164,0.0,3167.0103,17628.2558
2026-08-13 19:00:00,0.0,488.6022,1349854.47,-14441.37,83.0443,0.0,152.5352,0,0.0,0.0,52180.6877,6028.8984,0.0,0.0,0.0,17.6,19.400000000000002,0.0,3159.7454,11814.4609,20496.0704,0.0,3162.9389,17605.4955,6060.0164,0.0,3167.0103,17628.2558,0.0
2026-08-14 01:00:00,0.0,488.5402,1332549.22,-17305.25,81.9796,0.0,150.5917,0,0.0,0.0,0.0,52180.6877,0.0,0.0,0.0,0.0,17.6,3159.7454,11814.4609,20496.0704,0.0,3162.9389,17605.4955,6060.0164,0.0,3167.0103,17628.2558,0.0,0.0
2026-08-14 07:00:00,3159.7454,488.5535,1335431.62,2882.39,82.157,0.0,148.673,0,0.0,0.0,0.0,0.0,0.0,0.0,0.0,0.0,17.6,11814.4609,20496.0704,0.0,3162.9389,17605.4955,6060.0164,0.0,3167.0103,17628.2558,0.0,0.0,6061.5978
2026-08-14 13:00:00,11814.4609,488.597,1346968.43,11536.82,82.8667,0.0,146.7787,0,0.0,0.0,3159.7454,0.0,0.0,0.0,0.0,0.0,0.0,20496.0704,0.0,3162.9389,17605.4955,6060.0164,0.0,3167.0103,17628.2558,0.0,0.0,6061.5978,17646.4626
2026-08-14 19:00:00,20496.0704,488.6687,1367186.34,20217.91,84.1105,0.0,144.9085,0,0.0,0.0,11814.4609,3159.7454,0.0,0.0,0.0,0.0,0.0,0.0,3162.9389,17605.4955,6060.0164,0.0,3167.0103,17628.2558,0.0,0.0,6061.5978,17646.4626,278.7559
2026-08-15 01:00:00,0.0,488.5878,1344083.14,-23103.2,82.6892,0.0,143.0621,0,0.0,0.0,20496.0704,11814.4609,0.0,0.0,0.0,0.0,0.0,3162.9389,17605.4955,6060.0164,0.0,3167.0103,17628.2558,0.0,0.0,6061.5978,17646.4626,278.7559,0.0
2026-08-15 07:00:00,3162.9389,488.5962,1346968.43,2885.29,82.8667,0.0,141.2393,0,0.0,0.0,0.0,20496.0704,0.0,0.0,0.0,0.0,0.0,17605.4955,6060.0164,0.0,3167.0103,17628.2558,0.0,0.0,6061.5978,17646.4626,278.7559,0.0,6067.8643
2026-08-15 13:00:00,17605.4955,488.6567,1364295.84,17327.41,83.9327,0.0,139.4397,0,0.0,0.0,3162.9389,0.0,0.0,0.0,0.0,0.0,0.0,6060.0164,0.0,3167.0103,17628.2558,0.0,0.0,6061.5978,17646.4626,278.7559,0.0,6067.8643,8968.3697
2026-08-15 19:00:00,6060.0164,488.676,1370077.63,5781.78,84.2884,0.0,137.6631,0,0.0,0.0,17605.4955,3162.9389,0.0,0.0,0.0,0.0,0.0,0.0,3167.0103,17628.2558,0.0,0.0,6061.5978,17646.4626,278.7559,0.0,6067.8643,8968.3697,278.8308
2026-08-16 01:00:00,0.0,488.638,1358517.04,-11560.59,83.5772,0.0,135.909,0,0.0,0.0,6060.0164,17605.4955,0.0,0.0,0.0,0.0,0.0,3167.0103,17628.2558,0.0,0.0,6061.5978,17646.4626,278.7559,0.0,6067.8643,8968.3697,278.8308,0.0
2026-08-16 07:00:00,3167.0103,488.6402,1361406.04,2889.0,83.7549,0.0,134.1774,0,0.0,0.0,0.0,6060.0164,0.0,0.0,0.0,0.0,0.0,17628.2558,0.0,0.0,6061.5978,17646.4626,278.7559,0.0,6067.8643,8968.3697,278.8308,0.0,278.6064
2026-08-16 13:00:00,17628.2558,488.7092,1378755.83,17349.8,84.8223,0.0,132.4677,0,0.0,0.0,3167.0103,0.0,0.0,0.0,0.0,0.0,0.0,0.0,0.0,6061.5978,17646.4626,278.7559,0.0,6067.8643,8968.3697,278.8308,0.0,278.6064,0.0
2026-08-16 19:00:00,0.0,488.6993,1375862.31,-2893.52,84.6443,0.0,130.7799,0,0.0,0.0,17628.2558,3167.0103,0.0,0.0,0.0,0.0,0.0,0.0,6061.5978,17646.4626,278.7559,0.0,6067.8643,8968.3697,278.8308,0.0,278.6064,0.0,5259.8723
2026-08-17 01:00:00,0.0,488.6688,1367186.34,-8675.97,84.1105,0.0,129.1136,0,0.0,0.0,0.0,17628.2558,0.0,0.0,0.0,0.0,0.0,6061.5978,17646.4626,278.7559,0.0,6067.8643,8968.3697,278.8308,0.0,278.6064,0.0,5259.8723,0.0
2026-08-17 07:00:00,6061.5978,488.6817,1372969.63,5783.29,84.4663,0.0,127.4685,0,0.0,0.0,0.0,0.0,0.0,0.0,0.0,0.0,0.0,17646.4626,278.7559,0.0,6067.8643,8968.3697,278.8308,0.0,278.6064,0.0,5259.8723,0.0,2885.5414
2026-08-17 13:00:00,17646.4626,488.7445,1390337.34,17367.71,85.5348,0.0,125.8443,0,0.0,0.0,6061.5978,0.0,0.0,0.0,0.0,0.0,0.0,278.7559,0.0,6067.8643,8968.3697,278.8308,0.0,278.6064,0.0,5259.8723,0.0,2885.5414,11872.674
2026-08-17 19:00:00,278.7559,488.7482,1390337.34,0.0,85.5348,0.0,124.2409,0,0.0,0.0,17646.4626,6061.5978,0.0,0.0,0.0,0.0,0.0,0.0,6067.8643,8968.3697,278.8308,0.0,278.6064,0.0,5259.8723,0.0,2885.5414,11872.674,11420.8457
2026-08-18 01:00:00,0.0,488.7,1378755.83,-11581.51,84.8223,2.2,124.8579,0,0.0,0.0,278.7559,17646.4626,0.0,0.0,2.2,2.2,2.2,6067.8643,8968.3697,278.8308,0.0,278.6064,0.0,5259.8723,0.0,2885.5414,11872.674,11420.8457,0.0
2026-08-18 07:00:00,6067.8643,488.7263,1384545.09,5789.26,85.1785,0.0,123.267,0,0.0,0.0,0.0,278.7559,2.2,0.0,2.2,2.2,2.2,8968.3697,278.8308,0.0,278.6064,0.0,5259.8723,0.0,2885.5414,11872.674,11420.8457,0.0,3176.9287
2026-08-18 13:00:00,8968.3697,488.7543,1393234.63,8689.54,85.7131,0.0,121.6964,0,0.0,0.0,6067.8643,0.0,0.0,2.2,2.2,2.2,2.2,278.8308,0.0,278.6064,0.0,5259.8723,0.0,2885.5414,11872.674,11420.8457,0.0,3176.9287,17683.6269
2026-08-18 19:00:00,278.8308,488.751,1393234.63,0.0,85.7131,0.0,120.1458,0,0.0,0.0,8968.3697,6067.8643,0.0,0.0,0.0,2.2,2.2,0.0,278.6064,0.0,5259.8723,0.0,2885.5414,11872.674,11420.8457,0.0,3176.9287,17683.6269,0.0
2026-08-19 01:00:00,0.0,488.7283,1384545.09,-8689.54,85.1785,0.0,118.615,0,0.0,0.0,278.8308,8968.3697,0.0,0.0,0.0,2.2,2.2,278.6064,0.0,5259.8723,0.0,2885.5414,11872.674,11420.8457,0.0,3176.9287,17683.6269,0.0,0.0
2026-08-19 07:00:00,278.6064,488.7272,1384545.09,0.0,85.1785,0.0,117.1037,0,0.0,0.0,0.0,278.8308,0.0,0.0,0.0,0.0,2.2,0.0,5259.8723,0.0,2885.5414,11872.674,11420.8457,0.0,3176.9287,17683.6269,0.0,0.0,0.0
2026-08-19 13:00:00,0.0,488.7213,1384545.09,0.0,85.1785,22.4,138.0116,0,0.0,0.0,278.6064,0.0,0.0,0.0,22.4,22.4,24.599999999999998,5259.8723,0.0,2885.5414,11872.674,11420.8457,0.0,3176.9287,17683.6269,0.0,0.0,0.0,26375.4166
2026-08-19 19:00:00,5259.8723,488.7402,1390337.34,5792.25,85.5348,2.8,139.0531,0,0.0,0.0,0.0,278.6064,22.4,0.0,25.2,25.2,25.2,0.0,2885.5414,11872.674,11420.8457,0.0,3176.9287,17683.6269,0.0,0.0,0.0,26375.4166,0.0
2026-08-20 01:00:00,0.0,488.7338,1387440.86,-2896.48,85.3566,0.2,137.4814,0,0.0,0.0,5259.8723,0.0,2.8,22.4,25.4,25.4,25.4,2885.5414,11872.674,11420.8457,0.0,3176.9287,17683.6269,0.0,0.0,0.0,26375.4166,0.0,0.0
2026-08-20 07:00:00,2885.5414,488.7413,1390337.34,2896.48,85.5348,1.0,136.7297,0,0.0,0.0,0.0,5259.8723,0.2,2.8,4.0,26.4,26.4,11872.674,11420.8457,0.0,3176.9287,17683.6269,0.0,0.0,0.0,26375.4166,0.0,0.0,278.5318
2026-08-20 13:00:00,11872.674,488.781,1401930.96,11593.62,86.2481,0.0,134.9875,0,0.0,0.0,2885.5414,0.0,1.0,0.2,1.2,26.4,26.4,11420.8457,0.0,3176.9287,17683.6269,0.0,0.0,0.0,26375.4166,0.0,0.0,278.5318,3173.6273
2026-08-20 19:00:00,11420.8457,488.8202,1413536.92,11605.96,86.9621,1.6,134.8676,0,0.0,0.0,11872.674,2885.5414,0.0,1.0,2.6,5.6,28.0,0.0,3176.9287,17683.6269,0.0,0.0,0.0,26375.4166,0.0,0.0,278.5318,3173.6273,0.0
2026-08-21 01:00:00,0.0,488.756,1393234.63,-20302.29,85.7131,1.6,134.7492,0,0.0,0.0,11420.8457,11872.674,1.6,0.0,3.2,4.4,29.6,3176.9287,17683.6269,0.0,0.0,0.0,26375.4166,0.0,0.0,278.5318,3173.6273,0.0,0.0
2026-08-21 07:00:00,3176.9287,488.7622,1396132.65,2898.02,85.8913,0.0,133.0323,0,0.0,0.0,0.0,11420.8457,1.6,1.6,3.2,4.2,7.199999999999999,17683.6269,0.0,0.0,0.0,26375.4166,0.0,0.0,278.5318,3173.6273,0.0,0.0,278.1604
2026-08-21 13:00:00,17683.6269,488.8237,1413536.92,17404.27,86.9621,0.0,131.3373,0,0.0,0.0,3176.9287,0.0,0.0,1.6,1.6,3.2,4.4,0.0,0.0,0.0,26375.4166,0.0,0.0,278.5318,3173.6273,0.0,0.0,278.1604,20533.2017
2026-08-21 19:00:00,0.0,488.7728,1399031.41,-14505.51,86.0697,0.8,130.4638,0,0.0,0.0,17683.6269,3176.9287,0.0,0.0,0.8,4.0,5.0,0.0,0.0,26375.4166,0.0,0.0,278.5318,3173.6273,0.0,0.0,278.1604,20533.2017,0.0
2026-08-22 01:00:00,0.0,488.7433,1390337.34,-8694.07,85.5348,0.0,128.8015,0,0.0,0.0,0.0,17683.6269,0.8,0.0,0.8,2.4000000000000004,4.0,0.0,26375.4166,0.0,0.0,278.5318,3173.6273,0.0,0.0,278.1604,20533.2017,0.0,0.0
2026-08-22 07:00:00,0.0,488.737,1387440.86,-2896.48,85.3566,0.0,127.1604,0,0.0,0.0,0.0,0.0,0.0,0.8,0.8,0.8,4.0,26375.4166,0.0,0.0,278.5318,3173.6273,0.0,0.0,278.1604,20533.2017,0.0,0.0,277.7917
2026-08-22 13:00:00,26375.4166,488.8238,1413536.92,26096.06,86.9621,0.0,125.5402,0,0.0,0.0,0.0,0.0,0.0,0.0,0.0,0.8,2.4000000000000004,0.0,0.0,278.5318,3173.6273,0.0,0.0,278.1604,20533.2017,0.0,0.0,277.7917,29187.3372
2026-08-22 19:00:00,0.0,488.7592,1393234.63,-20302.29,85.7131,0.0,123.9407,0,0.0,0.0,26375.4166,0.0,0.0,0.0,0.0,0.8,0.8,0.0,278.5318,3173.6273,0.0,0.0,278.1604,20533.2017,0.0,0.0,277.7917,29187.3372,0.0
2026-08-23 01:00:00,0.0,488.7107,1381650.07,-11584.56,85.0004,0.0,122.3615,0,0.0,0.0,0.0,26375.4166,0.0,0.0,0.0,0.0,0.8,278.5318,3173.6273,0.0,0.0,278.1604,20533.2017,0.0,0.0,277.7917,29187.3372,0.0,0.0
2026-08-23 07:00:00,278.5318,488.713,1381650.07,0.0,85.0004,0.0,120.8024,0,0.0,0.0,0.0,0.0,0.0,0.0,0.0,0.0,0.8,3173.6273,0.0,0.0,278.1604,20533.2017,0.0,0.0,277.7917,29187.3372,0.0,0.0,0.0
2026-08-23 13:00:00,3173.6273,488.7243,1384545.09,2895.02,85.1785,0.0,119.2632,0,0.0,0.0,278.5318,0.0,0.0,0.0,0.0,0.0,0.0,0.0,0.0,278.1604,20533.2017,0.0,0.0,277.7917,29187.3372,0.0,0.0,0.0,17565.1526
2026-08-23 19:00:00,0.0,488.7007,1378755.83,-5789.26,84.8223,0.2,117.9436,0,0.0,0.0,3173.6273,278.5318,0.0,0.0,0.2,0.2,0.2,0.0,278.1604,20533.2017,0.0,0.0,277.7917,29187.3372,0.0,0.0,0.0,17565.1526,0.0
2026-08-24 01:00:00,0.0,488.6615,1367186.34,-11569.49,84.1105,0.0,116.4408,0,0.0,0.0,0.0,3173.6273,0.2,0.0,0.2,0.2,0.2,278.1604,20533.2017,0.0,0.0,277.7917,29187.3372,0.0,0.0,0.0,17565.1526,0.0,0.0
2026-08-24 07:00:00,278.1604,488.6607,1367186.34,0.0,84.1105,0.0,114.9572,0,0.0,0.0,0.0,0.0,0.0,0.2,0.2,0.2,0.2,20533.2017,0.0,0.0,277.7917,29187.3372,0.0,0.0,0.0,17565.1526,0.0,0.0,0.0
2026-08-24 13:00:00,20533.2017,488.7302,1387440.86,20254.52,85.3566,0.0,113.4925,0,0.0,0.0,278.1604,0.0,0.0,0.0,0.0,0.2,0.2,0.0,0.0,277.7917,29187.3372,0.0,0.0,0.0,17565.1526,0.0,0.0,0.0,37719.6008
2026-08-24 19:00:00,0.0,488.649,1361406.04,-26034.83,83.7549,0.0,112.0464,0,0.0,0.0,20533.2017,278.1604,0.0,0.0,0.0,0.2,0.2,0.0,277.7917,29187.3372,0.0,0.0,0.0,17565.1526,0.0,0.0,0.0,37719.6008,23381.3644
2026-08-25 01:00:00,0.0,488.6115,1352741.27,-8664.77,83.2219,0.0,110.6188,0,0.0,0.0,0.0,20533.2017,0.0,0.0,0.0,0.0,0.2,277.7917,29187.3372,0.0,0.0,0.0,17565.1526,0.0,0.0,0.0,37719.6008,23381.3644,0.0
2026-08-25 07:00:00,277.7917,488.6115,1352741.27,0.0,83.2219,0.0,109.2094,0,0.0,0.0,0.0,0.0,0.0,0.0,0.0,0.0,0.2,29187.3372,0.0,0.0,0.0,17565.1526,0.0,0.0,0.0,37719.6008,23381.3644,0.0,0.0
2026-08-25 13:00:00,29187.3372,488.7107,1381650.07,28908.81,85.0004,0.0,107.8179,0,0.0,0.0,277.7917,0.0,0.0,0.0,0.0,0.0,0.0,0.0,0.0,0.0,17565.1526,0.0,0.0,0.0,37719.6008,23381.3644,0.0,0.0,46282.8466
2026-08-25 19:00:00,0.0,488.57,1341198.56,-40451.51,82.5117,0.8,107.2441,0,0.0,0.0,29187.3372,277.7917,0.0,0.0,0.8,0.8,0.8,0.0,0.0,17565.1526,0.0,0.0,0.0,37719.6008,23381.3644,0.0,0.0,46282.8466,0.0
2026-08-26 01:00:00,0.0,488.5292,1326786.62,-14411.94,81.6251,0.0,105.8777,0,0.0,0.0,0.0,29187.3372,0.8,0.0,0.8,0.8,0.8,0.0,17565.1526,0.0,0.0,0.0,37719.6008,23381.3644,0.0,0.0,46282.8466,0.0,0.0
2026-08-26 07:00:00,0.0,488.5083,1321027.03,-5759.59,81.2708,0.0,104.5286,0,0.0,0.0,0.0,0.0,0.0,0.8,0.8,0.8,0.8,17565.1526,0.0,0.0,0.0,37719.6008,23381.3644,0.0,0.0,46282.8466,0.0,0.0,0.0
2026-08-26 13:00:00,17565.1526,488.5652,1338314.76,17287.73,82.3343,0.0,103.1968,0,0.0,0.0,0.0,0.0,0.0,0.0,0.0,0.8,0.8,0.0,0.0,0.0,37719.6008,23381.3644,0.0,0.0,46282.8466,0.0,0.0,0.0,43323.9373
2026-08-26 19:00:00,0.0,488.5205,1326786.62,-11528.13,81.6251,16.4,118.2819,0,0.0,0.0,17565.1526,0.0,0.0,0.0,16.4,17.2,17.2,0.0,0.0,37719.6008,23381.3644,0.0,0.0,46282.8466,0.0,0.0,0.0,43323.9373,23303.6124
2026-08-27 01:00:00,0.0,488.4757,1312393.24,-14393.38,80.7396,0.0,116.7748,0,0.0,0.0,0.0,17565.1526,16.4,0.0,16.4,16.4,17.2,0.0,37719.6008,23381.3644,0.0,0.0,46282.8466,0.0,0.0,0.0,43323.9373,23303.6124,0.0
2026-08-27 07:00:00,0.0,488.458,1306641.11,-5752.13,80.3857,0.0,115.2869,0,0.0,0.0,0.0,0.0,0.0,16.4,16.4,16.4,17.2,37719.6008,23381.3644,0.0,0.0,46282.8466,0.0,0.0,0.0,43323.9373,23303.6124,0.0,0.0
2026-08-27 13:00:00,37719.6008,488.5805,1344083.14,37442.03,82.6892,0.0,113.818,0,0.0,0.0,0.0,0.0,0.0,0.0,0.0,16.4,16.4,23381.3644,0.0,0.0,46282.8466,0.0,0.0,0.0,43323.9373,23303.6124,0.0,0.0,5826.2778
2026-08-27 19:00:00,23381.3644,488.6603,1367186.34,23103.2,84.1105,0.0,112.3678,0,0.0,0.0,37719.6008,0.0,0.0,0.0,0.0,16.4,16.4,0.0,0.0,46282.8466,0.0,0.0,0.0,43323.9373,23303.6124,0.0,0.0,5826.2778,0.0
2026-08-28 01:00:00,0.0,488.397,1289402.26,-77784.09,79.3252,0.0,110.9361,0,0.0,0.0,23381.3644,37719.6008,0.0,0.0,0.0,0.0,16.4,0.0,46282.8466,0.0,0.0,0.0,43323.9373,23303.6124,0.0,0.0,5826.2778,0.0,0.0
2026-08-28 07:00:00,0.0,488.3797,1283661.88,-5740.38,78.972,0.0,109.5226,0,0.0,0.0,0.0,23381.3644,0.0,0.0,0.0,0.0,16.4,46282.8466,0.0,0.0,0.0,43323.9373,23303.6124,0.0,0.0,5826.2778,0.0,0.0,0.0
2026-08-28 13:00:00,46282.8466,488.539,1329667.52,46005.64,81.8023,0.0,108.1271,0,0.0,0.0,0.0,0.0,0.0,0.0,0.0,0.0,0.0,0.0,0.0,0.0,43323.9373,23303.6124,0.0,0.0,5826.2778,0.0,0.0,0.0,71911.6641
2026-08-28 19:00:00,0.0,488.4037,1292273.57,-37393.95,79.5018,0.0,106.7494,0,0.0,0.0,46282.8466,0.0,0.0,0.0,0.0,0.0,0.0,0.0,0.0,43323.9373,23303.6124,0.0,0.0,5826.2778,0.0,0.0,0.0,71911.6641,0.0
2026-08-29 01:00:00,0.0,488.3197,1266458.5,-25815.07,77.9137,0.0,105.3893,0,0.0,0.0,0.0,46282.8466,0.0,0.0,0.0,0.0,0.0,0.0,43323.9373,23303.6124,0.0,0.0,5826.2778,0.0,0.0,0.0,71911.6641,0.0,0.0
2026-08-29 07:00:00,0.0,488.3017,1263593.79,-2864.71,77.7374,0.0,104.0465,0,0.0,0.0,0.0,0.0,0.0,0.0,0.0,0.0,0.0,43323.9373,23303.6124,0.0,0.0,5826.2778,0.0,0.0,0.0,71911.6641,0.0,0.0,0.0
2026-08-29 13:00:00,43323.9373,488.4507,1306641.11,43047.32,80.3857,0.0,102.7208,0,0.0,0.0,0.0,0.0,0.0,0.0,0.0,0.0,0.0,23303.6124,0.0,0.0,5826.2778,0.0,0.0,0.0,71911.6641,0.0,0.0,0.0,48808.6871
2026-08-29 19:00:00,23303.6124,488.534,1329667.52,23026.41,81.8023,0.0,101.412,0,0.0,0.0,43323.9373,0.0,0.0,0.0,0.0,0.0,0.0,0.0,0.0,5826.2778,0.0,0.0,0.0,71911.6641,0.0,0.0,0.0,48808.6871,0.0
2026-08-30 01:00:00,0.0,488.2685,1252142.44,-77525.08,77.0329,0.0,100.1198,0,0.0,0.0,23303.6124,43323.9373,0.0,0.0,0.0,0.0,0.0,0.0,5826.2778,0.0,0.0,0.0,71911.6641,0.0,0.0,0.0,48808.6871,0.0,0.0
2026-08-30 07:00:00,0.0,488.2533,1249281.49,-2860.95,76.8569,0.2,99.0441,0,0.0,0.0,0.0,23303.6124,0.0,0.0,0.2,0.2,0.2,5826.2778,0.0,0.0,0.0,71911.6641,0.0,0.0,0.0,48808.6871,0.0,0.0,0.0
2026-08-30 13:00:00,5826.2778,488.2702,1255004.19,5722.7,77.209,0.6,98.3822,0,0.0,0.0,0.0,0.0,0.2,0.0,0.8,0.8,0.8,0.0,0.0,0.0,71911.6641,0.0,0.0,0.0,48808.6871,0.0,0.0,0.0,271.2292
2026-08-30 19:00:00,0.0,488.2467,1246421.23,-8582.96,76.681,1.0,98.1286,0,0.0,0.0,5826.2778,0.0,0.6,0.2,1.8,1.8,1.8,0.0,0.0,71911.6641,0.0,0.0,0.0,48808.6871,0.0,0.0,0.0,271.2292,22643.1548
2026-08-31 01:00:00,0.0,488.2123,1237844.92,-8576.3,76.1533,0.2,97.0783,0,0.0,0.0,0.0,5826.2778,1.0,0.6,1.8,2.0,2.0,0.0,71911.6641,0.0,0.0,0.0,48808.6871,0.0,0.0,0.0,271.2292,22643.1548,11678.8721
2026-08-31 07:00:00,0.0,488.1945,1232130.98,-5713.95,75.8018,3.4,99.2414,0,0.0,0.0,0.0,0.0,0.2,1.0,4.6,5.4,5.4,71911.6641,0.0,0.0,0.0,48808.6871,0.0,0.0,0.0,271.2292,22643.1548,11678.8721,0.0
2026-08-31 13:00:00,71911.6641,488.4412,1303766.09,71635.12,80.2089,0.0,97.9769,0,0.0,0.0,0.0,0.0,3.4,0.2,3.6,5.2,5.4,0.0,0.0,0.0,48808.6871,0.0,0.0,0.0,271.2292,22643.1548,11678.8721,0.0,28491.4082
2026-08-31 19:00:00,0.0,488.3973,1289402.26,-14363.83,79.3252,0.0,96.7286,0,0.0,0.0,71911.6641,0.0,0.0,3.4,3.4,4.6,5.4,0.0,0.0,48808.6871,0.0,0.0,0.0,271.2292,22643.1548,11678.8721,0.0,28491.4082,0.0
2026-09-01 01:00:00,0.0,488.1187,1209305.6,-80096.66,74.3976,0.8,96.2961,0,0.0,0.0,0.0,71911.6641,0.0,0.0,0.8,4.4,6.0,0.0,48808.6871,0.0,0.0,0.0,271.2292,22643.1548,11678.8721,0.0,28491.4082,0.0,0.0
2026-09-01 07:00:00,0.0,488.0935,1203606.76,-5698.84,74.047,0.0,95.0692,0,0.0,0.0,0.0,0.0,0.8,0.0,0.8,4.2,5.3999999999999995,48808.6871,0.0,0.0,0.0,271.2292,22643.1548,11678.8721,0.0,28491.4082,0.0,0.0,0.0
2026-09-01 13:00:00,48808.6871,488.2693,1252142.44,48535.68,77.0329,0.0,93.8578,0,0.0,0.0,0.0,0.0,0.0,0.8,0.8,0.8,4.4,0.0,0.0,0.0,271.2292,22643.1548,11678.8721,0.0,28491.4082,0.0,0.0,0.0,12303.192
2026-09-01 19:00:00,0.0,488.0612,1195064.26,-57078.18,73.5214,5.2,97.862,0,0.0,0.0,48808.6871,0.0,0.0,0.0,5.2,6.0,9.4,0.0,0.0,271.2292,22643.1548,11678.8721,0.0,28491.4082,0.0,0.0,0.0,12303.192,21120.8543
2026-09-02 01:00:00,0.0,488.0433,1189373.12,-5691.14,73.1713,0.2,96.8151,0,0.0,0.0,0.0,48808.6871,5.2,0.0,5.4,6.2,6.2,0.0,271.2292,22643.1548,11678.8721,0.0,28491.4082,0.0,0.0,0.0,12303.192,21120.8543,272.7885
2026-09-02 07:00:00,0.0,488.0245,1183685.13,-5687.98,72.8214,0.2,95.7815,0,0.0,0.0,0.0,0.0,0.2,5.2,5.6000000000000005,5.6000000000000005,6.4,271.2292,22643.1548,11678.8721,0.0,28491.4082,0.0,0.0,0.0,12303.192,21120.8543,272.7885,3132.3316
2026-09-02 13:00:00,271.2292,488.0207,1183685.13,0.0,72.8214,0.0,94.5611,0,0.0,0.0,0.0,0.0,0.2,0.2,0.4,5.6000000000000005,6.4,22643.1548,11678.8721,0.0,28491.4082,0.0,0.0,0.0,12303.192,21120.8543,272.7885,3132.3316,23176.0975
2026-09-02 19:00:00,22643.1548,488.1172,1209305.6,25620.47,74.3976,11.4,104.7562,0,0.0,0.0,271.2292,0.0,0.0,0.2,11.6,17.0,17.0,11678.8721,0.0,28491.4082,0.0,0.0,0.0,12303.192,21120.8543,272.7885,3132.3316,23176.0975,0.0
2026-09-03 01:00:00,11678.8721,488.1558,1220712.27,11406.67,75.0993,0.0,103.4215,0,0.0,0.0,22643.1548,271.2292,11.4,0.0,11.4,11.8,17.0,0.0,28491.4082,0.0,0.0,0.0,12303.192,21120.8543,272.7885,3132.3316,23176.0975,0.0,0.0
2026-09-03 07:00:00,0.0,488.1478,1217859.49,-2852.78,74.9238,0.0,102.1038,0,0.0,0.0,11678.8721,22643.1548,0.0,11.4,11.4,11.6,17.0,28491.4082,0.0,0.0,0.0,12303.192,21120.8543,272.7885,3132.3316,23176.0975,0.0,0.0,272.7885
2026-09-03 13:00:00,28491.4082,488.2428,1246421.23,28561.74,76.681,1.2,102.0028,0,0.0,0.0,0.0,11678.8721,0.0,0.0,1.2,12.6,13.0,0.0,0.0,0.0,12303.192,21120.8543,272.7885,3132.3316,23176.0975,0.0,0.0,272.7885,57604.3454
2026-09-03 19:00:00,0.0,488.1763,1226420.13,-20001.1,75.4505,0.2,100.9031,0,0.0,0.0,28491.4082,0.0,1.2,0.0,1.4,12.799999999999999,12.999999999999998,0.0,0.0,12303.192,21120.8543,272.7885,3132.3316,23176.0975,0.0,0.0,272.7885,57604.3454,0.0
2026-09-04 01:00:00,0.0,488.1423,1217859.49,-8560.64,74.9238,0.0,99.6175,0,0.0,0.0,0.0,28491.4082,0.2,1.2,1.4,1.4,12.799999999999999,0.0,12303.192,21120.8543,272.7885,3132.3316,23176.0975,0.0,0.0,272.7885,57604.3454,0.0,8888.0111
2026-09-04 07:00:00,0.0,488.106,1206455.78,-11403.71,74.2223,0.0,98.3482,0,0.0,0.0,0.0,0.0,0.0,0.2,0.2,1.4,12.799999999999999,12303.192,21120.8543,272.7885,3132.3316,23176.0975,0.0,0.0,272.7885,57604.3454,0.0,8888.0111,6020.474
2026-09-04 13:00:00,12303.192,488.1598,1220712.27,14256.5,75.0993,7.8,104.8951,0,0.0,0.0,0.0,0.0,0.0,0.0,7.8,9.2,9.2,21120.8543,272.7885,3132.3316,23176.0975,0.0,0.0,272.7885,57604.3454,0.0,8888.0111,6020.474,3838.3528
2026-09-04 19:00:00,21120.8543,488.2375,1243561.76,22849.48,76.505,7.0,110.5586,0,0.0,0.0,12303.192,0.0,7.8,0.0,14.8,15.0,16.2,272.7885,3132.3316,23176.0975,0.0,0.0,272.7885,57604.3454,0.0,8888.0111,6020.474,3838.3528,3150.152
2026-09-05 01:00:00,272.7885,488.2392,1243561.76,0.0,76.505,0.0,109.1499,0,0.0,0.0,21120.8543,12303.192,7.0,7.8,14.8,14.8,16.2,3132.3316,23176.0975,0.0,0.0,272.7885,57604.3454,0.0,8888.0111,6020.474,3838.3528,3150.152,3150.9586
2026-09-05 07:00:00,3132.3316,488.2402,1246421.23,2859.47,76.681,0.0,107.7592,0,0.0,0.0,272.7885,21120.8543,0.0,7.0,7.0,14.8,15.0,23176.0975,0.0,0.0,272.7885,57604.3454,0.0,8888.0111,6020.474,3838.3528,3150.152,3150.9586,0.0
2026-09-05 13:00:00,23176.0975,488.3257,1269323.88,22902.66,78.09,0.0,106.3862,0,0.0,0.0,3132.3316,272.7885,0.0,0.0,0.0,14.8,14.8,0.0,0.0,272.7885,57604.3454,0.0,8888.0111,6020.474,3838.3528,3150.152,3150.9586,0.0,3611.0527
2026-09-05 19:00:00,0.0,488.268,1252142.44,-17181.44,77.0329,2.4,107.4307,0,0.0,0.0,23176.0975,3132.3316,0.0,0.0,2.4,9.4,17.2,0.0,272.7885,57604.3454,0.0,8888.0111,6020.474,3838.3528,3150.152,3150.9586,0.0,3611.0527,14672.0548
2026-09-06 01:00:00,0.0,488.2373,1243561.76,-8580.68,76.505,0.0,106.0619,0,0.0,0.0,0.0,23176.0975,2.4,0.0,2.4,2.4,17.2,272.7885,57604.3454,0.0,8888.0111,6020.474,3838.3528,3150.152,3150.9586,0.0,3611.0527,14672.0548,217.336
2026-09-06 07:00:00,272.7885,488.234,1243561.76,0.0,76.505,0.0,104.7105,0,0.0,0.0,0.0,0.0,0.0,2.4,2.4,2.4,9.4,57604.3454,0.0,8888.0111,6020.474,3838.3528,3150.152,3150.9586,0.0,3611.0527,14672.0548,217.336,274.9612
2026-09-06 13:00:00,57604.3454,488.4368,1300891.87,57330.11,80.032,0.0,103.3763,0,0.0,0.0,272.7885,0.0,0.0,0.0,0.0,2.4,2.4,0.0,8888.0111,6020.474,3838.3528,3150.152,3150.9586,0.0,3611.0527,14672.0548,217.336,274.9612,8922.4199
2026-09-06 19:00:00,0.0,488.3807,1286531.71,-14360.16,79.1486,0.0,102.0591,0,0.0,0.0,57604.3454,272.7885,0.0,0.0,0.0,2.4,2.4,8888.0111,6020.474,3838.3528,3150.152,3150.9586,0.0,3611.0527,14672.0548,217.336,274.9612,8922.4199,8348.281
2026-09-07 01:00:00,8888.0111,488.4112,1295145.63,8613.92,79.6785,0.0,100.7588,0,0.0,0.0,0.0,57604.3454,0.0,0.0,0.0,0.0,2.4,6020.474,3838.3528,3150.152,3150.9586,0.0,3611.0527,14672.0548,217.336,274.9612,8922.4199,8348.281,166087.4504
2026-09-07 07:00:00,6020.474,488.4363,1300891.87,5746.24,80.032,0.0,99.4749,0,0.0,0.0,8888.0111,0.0,0.0,0.0,0.0,0.0,2.4,3838.3528,3150.152,3150.9586,0.0,3611.0527,14672.0548,217.336,274.9612,8922.4199,8348.281,166087.4504,38525.9921
2026-09-07 13:00:00,3838.3528,488.45,1306641.11,5749.25,80.3857,7.6,105.8075,0,0.0,0.0,6020.474,8888.0111,0.0,0.0,7.6,7.6,7.6,3150.152,3150.9586,0.0,3611.0527,14672.0548,217.336,274.9612,8922.4199,8348.281,166087.4504,38525.9921,26799.4099
2026-09-07 19:00:00,3150.152,488.4653,1309516.81,2875.7,80.5627,0.0,104.4593,0,0.0,0.0,3838.3528,6020.474,7.6,0.0,7.6,7.6,7.6,3150.9586,0.0,3611.0527,14672.0548,217.336,274.9612,8922.4199,8348.281,166087.4504,38525.9921,26799.4099,73267.15063245433
2026-09-08 01:00:00,3150.9586,488.474,1312393.24,2876.43,80.7396,0.0,103.1284,0,0.0,0.0,3150.152,3838.3528,0.0,7.6,7.6,7.6,7.6,0.0,3611.0527,14672.0548,217.336,274.9612,8922.4199,8348.281,166087.4504,38525.9921,26799.4099,73267.15063245433,131250.77399716998
2026-09-08 07:00:00,0.0,488.4673,1309516.81,-2876.43,80.5627,0.0,101.8144,0,0.0,0.0,3150.9586,3150.152,0.0,0.0,0.0,7.6,7.6,3611.0527,14672.0548,217.336,274.9612,8922.4199,8348.281,166087.4504,38525.9921,26799.4099,73267.15063245433,131250.77399716998,148352.39873567427
2026-09-08 13:00:00,3611.0527,488.482,1315270.42,5753.61,80.9166,8.4,108.9171,0,0.0,0.0,0.0,3150.9586,0.0,0.0,8.4,16.0,16.0,14672.0548,217.336,274.9612,8922.4199,8348.281,166087.4504,38525.9921,26799.4099,73267.15063245433,131250.77399716998,148352.39873567427,146028.99864951475
2026-09-08 19:00:00,14672.0548,488.5332,1329667.52,14397.09,81.8023,0.0,107.5294,0,0.0,0.0,3611.0527,0.0,8.4,0.0,8.4,8.4,16.0,217.336,274.9612,8922.4199,8348.281,166087.4504,38525.9921,26799.4099,73267.15063245433,131250.77399716998,148352.39873567427,146028.99864951475,153663.3693356372
2026-09-09 01:00:00,217.336,488.5318,1329667.52,0.0,81.8023,0.2,106.3593,0,0.0,0.0,14672.0548,3611.0527,0.0,8.4,8.6,8.6,16.2,274.9612,8922.4199,8348.281,166087.4504,38525.9921,26799.4099,73267.15063245433,131250.77399716998,148352.39873567427,146028.99864951475,153663.3693356372,119935.08176146922
2026-09-09 07:00:00,274.9612,488.5318,1329667.52,0.0,81.8023,0.0,105.0041,0,0.0,0.0,217.336,14672.0548,0.2,0.0,0.2,8.6,8.6,8922.4199,8348.281,166087.4504,38525.9921,26799.4099,73267.15063245433,131250.77399716998,148352.39873567427,146028.99864951475,153663.3693356372,119935.08176146922,134018.6393014722
2026-09-09 13:00:00,8922.4199,488.5697,1338314.76,8647.24,82.3343,0.0,103.6662,0,0.0,0.0,274.9612,217.336,0.0,0.2,0.2,8.6,8.6,8348.281,166087.4504,38525.9921,26799.4099,73267.15063245433,131250.77399716998,148352.39873567427,146028.99864951475,153663.3693356372,119935.08176146922,134018.6393014722,104718.30083630496
2026-09-09 19:00:00,8348.281,488.6283,1355628.73,17313.97,83.3995,32.0,134.3453,0,0.0,0.0,8922.4199,274.9612,0.0,0.0,32.0,32.2,40.6,166087.4504,38525.9921,26799.4099,73267.15063245433,131250.77399716998,148352.39873567427,146028.99864951475,153663.3693356372,119935.08176146922,134018.6393014722,104718.30083630496,101283.52169457012
2026-09-10 01:00:00,166087.4504,489.1958,1521494.77,165866.04,93.6037,0.2,132.8336,0,0.0,0.0,8348.281,8922.4199,32.0,0.0,32.2,32.400000000000006,40.800000000000004,38525.9921,26799.4099,73267.15063245433,131250.77399716998,148352.39873567427,146028.99864951475,153663.3693356372,119935.08176146922,134018.6393014722,104718.30083630496,101283.52169457012,94026.76535271681
2026-09-10 07:00:00,38525.9921,489.3275,1559797.59,38302.82,95.9602,0.2,131.3411,0,0.0,0.0,166087.4504,8348.281,0.2,32.0,32.400000000000006,32.400000000000006,32.60000000000001,26799.4099,73267.15063245433,131250.77399716998,148352.39873567427,146028.99864951475,153663.3693356372,119935.08176146922,134018.6393014722,104718.30083630496,101283.52169457012,94026.76535271681,82470.94505038613
2026-09-10 13:00:00,26799.4099,489.417,1586490.96,26693.37,97.6024,0.6,130.2676,0,0.0,0.0,38525.9921,166087.4504,0.2,0.2,1.0,33.00000000000001,33.20000000000001,73267.15063245433,131250.77399716998,148352.39873567427,146028.99864951475,153663.3693356372,119935.08176146922,134018.6393014722,104718.30083630496,101283.52169457012,94026.76535271681,82470.94505038613,66158.55382123626
2026-09-10 19:00:00,73267.15063245433,489.6508,1658675.8,72184.83,102.0432,26.2,154.8078,0,0.0,8735.16513245434,26799.4099,38525.9921,0.6,0.2,27.0,59.2,59.2,131250.77399716998,148352.39873567427,146028.99864951475,153663.3693356372,119935.08176146922,134018.6393014722,104718.30083630496,101283.52169457012,94026.76535271681,82470.94505038613,66158.55382123626,62340.65375086597
2026-09-11 01:00:00,131250.77399716998,489.8758,1725819.69,67143.9,106.174,9.6,162.4353,0,0.0,66767.08789717,73267.15063245433,26799.4099,26.2,0.6,36.4,36.8,68.8,148352.39873567427,146028.99864951475,153663.3693356372,119935.08176146922,134018.6393014722,104718.30083630496,101283.52169457012,94026.76535271681,82470.94505038613,66158.55382123626,62340.65375086597,62899.80059389451
2026-09-11 07:00:00,148352.39873567427,489.9562,1750489.9,24670.21,107.6917,0.2,160.5657,0,0.0,123448.82603567425,131250.77399716998,73267.15063245433,9.6,26.2,36.0,36.800000000000004,69.0,146028.99864951475,153663.3693356372,119935.08176146922,134018.6393014722,104718.30083630496,101283.52169457012,94026.76535271681,82470.94505038613,66158.55382123626,62340.65375086597,62899.80059389451,53892.10810969258
2026-09-11 13:00:00,146028.99864951475,489.9762,1756674.08,6184.18,108.0722,0.0,158.5198,0,0.0,139549.32074951477,148352.39873567427,131250.77399716998,0.2,9.6,9.799999999999999,36.6,37.0,153663.3693356372,119935.08176146922,134018.6393014722,104718.30083630496,101283.52169457012,94026.76535271681,82470.94505038613,66158.55382123626,62340.65375086597,62899.80059389451,53892.10810969258,42344.110572705365
2026-09-11 19:00:00,153663.3693356372,489.9892,1759768.74,3094.66,108.2626,0.6,157.1001,0,0.0,150458.77843563718,146028.99864951475,148352.39873567427,0.0,0.2,0.8,36.6,37.400000000000006,119935.08176146922,134018.6393014722,104718.30083630496,101283.52169457012,94026.76535271681,82470.94505038613,66158.55382123626,62340.65375086597,62899.80059389451,53892.10810969258,42344.110572705365,45963.48177215344
2026-09-12 01:00:00,119935.08176146922,489.9807,1759768.74,0.0,108.2626,0.0,155.0984,0,0.0,119639.42016146923,153663.3693356372,146028.99864951475,0.6,0.0,0.6,10.399999999999999,37.2,134018.6393014722,104718.30083630496,101283.52169457012,94026.76535271681,82470.94505038613,66158.55382123626,62340.65375086597,62899.80059389451,53892.10810969258,42344.110572705365,45963.48177215344,45125.7797506621
2026-09-12 07:00:00,134018.6393014722,489.9728,1756674.08,-3094.66,108.0722,0.0,153.1222,0,0.0,136817.7966014722,119935.08176146922,153663.3693356372,0.0,0.6,0.6,0.8,36.6,104718.30083630496,101283.52169457012,94026.76535271681,82470.94505038613,66158.55382123626,62340.65375086597,62899.80059389451,53892.10810969258,42344.110572705365,45963.48177215344,45125.7797506621,36923.94028505996
2026-09-12 13:00:00,104718.30083630496,489.9437,1747400.29,-9273.78,107.5016,0.0,151.1712,0,0.0,113697.06633630497,134018.6393014722,119935.08176146922,0.0,0.0,0.0,0.6,10.399999999999999,101283.52169457012,94026.76535271681,82470.94505038613,66158.55382123626,62340.65375086597,62899.80059389451,53892.10810969258,42344.110572705365,45963.48177215344,45125.7797506621,36923.94028505996,33616.534348086294
2026-09-12 19:00:00,101283.52169457012,489.9312,1744312.38,-3087.92,107.3117,0.0,149.2451,0,0.0,104076.58689457012,104718.30083630496,134018.6393014722,0.0,0.0,0.0,0.6,0.8,94026.76535271681,82470.94505038613,66158.55382123626,62340.65375086597,62899.80059389451,53892.10810969258,42344.110572705365,45963.48177215344,45125.7797506621,36923.94028505996,33616.534348086294,30706.92101717747
2026-09-13 01:00:00,94026.76535271681,489.9213,1741226.06,-3086.32,107.1218,0.0,147.3435,0,0.0,96818.39125271681,101283.52169457012,104718.30083630496,0.0,0.0,0.0,0.0,0.6,82470.94505038613,66158.55382123626,62340.65375086597,62899.80059389451,53892.10810969258,42344.110572705365,45963.48177215344,45125.7797506621,36923.94028505996,33616.534348086294,30706.92101717747,38662.67374212277
2026-09-13 07:00:00,82470.94505038613,489.9095,1735058.57,-6167.48,106.7424,0.0,145.4661,0,0.0,88344.05455038614,94026.76535271681,101283.52169457012,0.0,0.0,0.0,0.0,0.6,66158.55382123626,62340.65375086597,62899.80059389451,53892.10810969258,42344.110572705365,45963.48177215344,45125.7797506621,36923.94028505996,33616.534348086294,30706.92101717747,38662.67374212277,28610.34691004958
2026-09-13 13:00:00,66158.55382123626,489.8855,1728897.66,-6160.91,106.3633,0.0,143.6126,0,0.0,72025.40542123627,82470.94505038613,94026.76535271681,0.0,0.0,0.0,0.0,0.0,62340.65375086597,62899.80059389451,53892.10810969258,42344.110572705365,45963.48177215344,45125.7797506621,36923.94028505996,33616.534348086294,30706.92101717747,38662.67374212277,28610.34691004958,27564.98511835149
2026-09-13 19:00:00,62340.65375086597,489.8748,1725819.69,-3077.97,106.174,0.0,141.7828,0,0.0,65124.722950865966,66158.55382123626,82470.94505038613,0.0,0.0,0.0,0.0,0.0,62899.80059389451,53892.10810969258,42344.110572705365,45963.48177215344,45125.7797506621,36923.94028505996,33616.534348086294,30706.92101717747,38662.67374212277,28610.34691004958,27564.98511835149,30584.593360049934
2026-09-14 01:00:00,62899.80059389451,489.8708,1725819.69,0.0,106.174,0.0,139.9763,0,0.0,62605.90209389452,62340.65375086597,66158.55382123626,0.0,0.0,0.0,0.0,0.0,53892.10810969258,42344.110572705365,45963.48177215344,45125.7797506621,36923.94028505996,33616.534348086294,30706.92101717747,38662.67374212277,28610.34691004958,27564.98511835149,30584.593360049934,33419.81691970716
2026-09-14 07:00:00,53892.10810969258,489.8612,1722743.39,-3076.31,105.9847,0.0,138.1928,0,0.0,56674.67540969257,62899.80059389451,62340.65375086597,0.0,0.0,0.0,0.0,0.0,42344.110572705365,45963.48177215344,45125.7797506621,36923.94028505996,33616.534348086294,30706.92101717747,38662.67374212277,28610.34691004958,27564.98511835149,30584.593360049934,33419.81691970716,31169.46819154754
2026-09-14 13:00:00,42344.110572705365,489.8467,1716595.66,-6147.73,105.6065,0.0,136.432,0,0.0,48198.418572705355,53892.10810969258,62899.80059389451,0.0,0.0,0.0,0.0,0.0,45963.48177215344,45125.7797506621,36923.94028505996,33616.534348086294,30706.92101717747,38662.67374212277,28610.34691004958,27564.98511835149,30584.593360049934,33419.81691970716,31169.46819154754,29908.21183050625
2026-09-14 19:00:00,45963.48177215344,489.8422,1716595.66,0.0,105.6065,0.0,134.6937,0,0.0,45670.06247215344,42344.110572705365,53892.10810969258,0.0,0.0,0.0,0.0,0.0,45125.7797506621,36923.94028505996,33616.534348086294,30706.92101717747,38662.67374212277,28610.34691004958,27564.98511835149,30584.593360049934,33419.81691970716,31169.46819154754,29908.21183050625,17052.46924539189
2026-09-15 01:00:00,45125.7797506621,489.8407,1716595.66,0.0,105.6065,0.0,132.9775,0,0.0,44832.3549506621,45963.48177215344,42344.110572705365,0.0,0.0,0.0,0.0,0.0,36923.94028505996,33616.534348086294,30706.92101717747,38662.67374212277,28610.34691004958,27564.98511835149,30584.593360049934,33419.81691970716,31169.46819154754,29908.21183050625,17052.46924539189,9903.349172916889
2026-09-15 07:00:00,36923.94028505996,489.8312,1713524.23,-3071.43,105.4176,0.0,131.2831,0,0.0,39702.10208505996,45125.7797506621,45963.48177215344,0.0,0.0,0.0,0.0,0.0,33616.534348086294,30706.92101717747,38662.67374212277,28610.34691004958,27564.98511835149,30584.593360049934,33419.81691970716,31169.46819154754,29908.21183050625,17052.46924539189,9903.349172916889,2887.8226889781854
2026-09-15 13:00:00,33616.534348086294,489.8248,1710454.44,-3069.8,105.2287,0.0,129.6104,0,0.0,36393.231348086294,36923.94028505996,45125.7797506621,0.0,0.0,0.0,0.0,0.0,30706.92101717747,38662.67374212277,28610.34691004958,27564.98511835149,30584.593360049934,33419.81691970716,31169.46819154754,29908.21183050625,17052.46924539189,9903.349172916889,2887.8226889781854,
2026-09-15 19:00:00,30706.92101717747,489.8197,1707386.39,-3068.04,105.04,1.0,128.959,0,0.0,33788.75011717747,33616.534348086294,36923.94028505996,0.0,0.0,1.0,1.0,1.0,38662.67374212277,28610.34691004958,27564.98511835149,30584.593360049934,33419.81691970716,31169.46819154754,29908.21183050625,17052.46924539189,9903.349172916889,2887.8226889781854,,
2026-09-16 01:00:00,38662.67374212277,489.8228,1710454.44,3068.04,105.2287,0.2,127.5159,0,0.0,35362.901742122776,30706.92101717747,33616.534348086294,1.0,0.0,1.2,1.2,1.2,28610.34691004958,27564.98511835149,30584.593360049934,33419.81691970716,31169.46819154754,29908.21183050625,17052.46924539189,9903.349172916889,2887.8226889781854,,,
2026-09-16 07:00:00,28610.34691004958,489.8163,1707386.39,-3068.04,105.04,0.6,126.4911,0,0.0,31569.494410049578,38662.67374212277,30706.92101717747,0.2,1.0,1.7999999999999998,1.7999999999999998,1.7999999999999998,27564.98511835149,30584.593360049934,33419.81691970716,31169.46819154754,29908.21183050625,17052.46924539189,9903.349172916889,2887.8226889781854,,,,
2026-09-16 13:00:00,27564.98511835149,489.8123,1707386.39,0.0,105.04,9.6,134.4794,0,0.0,30216.59751835149,28610.34691004958,38662.67374212277,0.6,0.2,10.4,11.399999999999999,11.399999999999999,30584.593360049934,33419.81691970716,31169.46819154754,29908.21183050625,17052.46924539189,9903.349172916889,2887.8226889781854,,,,,
2026-09-16 19:00:00,30584.593360049934,489.8125,1707386.39,0.0,105.04,0.0,132.766,0,0.0,30291.66086004993,27564.98511835149,28610.34691004958,9.6,0.6,10.2,11.399999999999999,11.399999999999999,33419.81691970716,31169.46819154754,29908.21183050625,17052.46924539189,9903.349172916889,2887.8226889781854,,,,,,
2026-09-17 01:00:00,33419.81691970716,489.8183,1707386.39,0.0,105.04,0.0,131.0743,0,0.0,33126.88381970717,30584.593360049934,27564.98511835149,0.0,9.6,9.6,10.4,11.399999999999999,31169.46819154754,29908.21183050625,17052.46924539189,9903.349172916889,2887.8226889781854,,,,,,,
2026-09-17 07:00:00,31169.46819154754,489.8137,1707386.39,0.0,105.04,0.0,129.4043,0,0.0,30876.53299154754,33419.81691970716,30584.593360049934,0.0,0.0,0.0,10.2,11.399999999999999,29908.21183050625,17052.46924539189,9903.349172916889,2887.8226889781854,,,,,,,,
2026-09-17 13:00:00,29908.21183050625,489.811,1707386.39,0.0,105.04,0.0,127.7555,0,0.0,29615.277130506252,31169.46819154754,33419.81691970716,0.0,0.0,0.0,9.6,10.4,17052.46924539189,9903.349172916889,2887.8226889781854,,,,,,,,,
2026-09-17 19:00:00,17052.46924539189,489.7958,1701265.99,-6120.4,104.6634,0.0,126.1277,0,0.0,22881.277345391893,29908.21183050625,31169.46819154754,0.0,0.0,0.0,0.0,10.2,9903.349172916889,2887.8226889781854,,,,,,,,,,
2026-09-18 01:00:00,9903.349172916889,489.778,1695162.85,-6103.14,104.288,0.0,124.5206,0,0.0,15715.20037291689,17052.46924539189,29908.21183050625,0.0,0.0,0.0,0.0,9.6,2887.8226889781854,,,,,,,,,,,
2026-09-18 07:00:00,2887.8226889781854,489.757,1689066.07,-6096.78,103.9129,0.0,122.9341,0,0.0,8693.634088978184,9903.349172916889,17052.46924539189,0.0,0.0,0.0,0.0,0.0,,,,,,,,,,,,
