Datetime,Q_in_t (m3/6h),Water_Level_t (m),Storage_S_t (m3),DeltaS_t (m3/6h),%Full_t,Rain_obs_t (mm),API_t (mm),is_release_active,release_rate_daily (m3/day),spill_m3,Qin_lag1 (m3/6h),Qin_lag2 (m3/6h),Rain_lag1 (mm),Rain_lag2 (mm),Rain_roll3 (mm),Rain_roll5 (mm),Rain_roll7 (mm),y1=Q_in_t+1 (m3/6h),y2=Q_in_t+2 (m3/6h),y3=Q_in_t+3 (m3/6h),y4=Q_in_t+4 (m3/6h),y5=Q_in_t+5 (m3/6h),y6=Q_in_t+6 (m3/6h),y7=Q_in_t+7 (m3/6h),y8=Q_in_t+8 (m3/6h),y9=Q_in_t+9 (m3/6h),y10=Q_in_t+10 (m3/6h),y11=Q_in_t+11 (m3/6h),y12=Q_in_t+12 (m3/6h)
2025-06-27T07:00:00,4015.8731,489.4848,1607444.59,0.0,98.8914,0.2,0.2,1,15019.2,0.0,,,,,,,,5935.3823,7077.0864,4076.1718,4076.1718,4076.1718,7078.7038,4076.3357,4076.3357,4076.3357,4076.3357,4076.3357,4076.3357
2025-06-27T13:00:00,5935.3823,489.4947,1610444.02,2999.42,99.076,3.8,3.9975,1,15019.2,0.0,4015.8731,,0.2,,,,,7077.0864,4076.1718,4076.1718,4076.1718,7078.7038,4076.3357,4076.3357,4076.3357,4076.3357,4076.3357,4076.3357,4076.3357
2025-06-27T19:00:00,7077.0864,489.5038,1613444.93,3000.91,99.2606,0.0,3.9465,1,15019.2,0.0,5935.3823,4015.8731,3.8,0.2,4.0,,,4076.1718,4076.1718,4076.1718,7078.7038,4076.3357,4076.3357,4076.3357,4076.3357,4076.3357,4076.3357,4076.3357,4076.3357
2025-06-28T01:00:00,4076.1718,489.5057,1613444.93,0.0,99.2606,0.0,3.8962,1,15019.2,0.0,7077.0864,5935.3823,0.0,3.8,3.8,,,4076.1718,4076.1718,7078.7038,4076.3357,4076.3357,4076.3357,4076.3357,4076.3357,4076.3357,4076.3357,4076.3357,4034.3974
2025-06-28T07:00:00,4076.1718,489.5067,1613444.93,0.0,99.2606,0.0,3.8466,1,15019.2,0.0,4076.1718,7077.0864,0.0,0.0,0.0,4.0,,4076.1718,7078.7038,4076.3357,4076.3357,4076.3357,4076.3357,4076.3357,4076.3357,4076.3357,4076.3357,4034.3974,4034.3974
2025-06-28T13:00:00,4076.1718,489.505,1613444.93,0.0,99.2606,0.0,3.7976,1,15019.2,0.0,4076.1718,4076.1718,0.0,0.0,0.0,3.8,,7078.7038,4076.3357,4076.3357,4076.3357,4076.3357,4076.3357,4076.3357,4076.3357,4076.3357,4034.3974,4034.3974,4034.3974
2025-06-28T19:00:00,7078.7038,489.51,1616447.3,3002.37,99.4453,0.0,3.7492,1,15019.2,0.0,4076.1718,4076.1718,0.0,0.0,0.0,0.0,4.0,4076.3357,4076.3357,4076.3357,4076.3357,4076.3357,4076.3357,4076.3357,4076.3357,4034.3974,4034.3974,4034.3974,2893.1955
2025-06-29T01:00:00,4076.3357,489.511,1616447.3,0.0,99.4453,0.0,3.7014,1,15019.2,0.0,7078.7038,4076.1718,0.0,0.0,0.0,0.0,3.8,4076.3357,4076.3357,4076.3357,4076.3357,4076.3357,4076.3357,4076.3357,4034.3974,4034.3974,4034.3974,2893.1955,4034.3974
2025-06-29T07:00:00,4076.3357,489.5114,1616447.3,0.0,99.4453,0.0,3.6543,1,15019.2,0.0,4076.3357,7078.7038,0.0,0.0,0.0,0.0,0.0,4076.3357,4076.3357,4076.3357,4076.3357,4076.3357,4076.3357,4034.3974,4034.3974,4034.3974,2893.1955,4034.3974,7038.5578
2025-06-29T13:00:00,4076.3357,489.511,1616447.3,0.0,99.4453,0.0,3.6077,1,15019.2,0.0,4076.3357,4076.3357,0.0,0.0,0.0,0.0,0.0,4076.3357,4076.3357,4076.3357,4076.3357,4076.3357,4034.3974,4034.3974,4034.3974,2893.1955,4034.3974,7038.5578,4034.5408
2025-06-29T19:00:00,4076.3357,489.5122,1616447.3,0.0,99.4453,0.0,3.5617,1,15019.2,0.0,4076.3357,4076.3357,0.0,0.0,0.0,0.0,0.0,4076.3357,4076.3357,4076.3357,4076.3357,4034.3974,4034.3974,4034.3974,2893.1955,4034.3974,7038.5578,4034.5408,4034.5408
2025-06-30T01:00:00,4076.3357,489.5133,1616447.3,0.0,99.4453,0.0,3.5164,1,15019.2,0.0,4076.3357,4076.3357,0.0,0.0,0.0,0.0,0.0,4076.3357,4076.3357,4076.3357,4034.3974,4034.3974,4034.3974,2893.1955,4034.3974,7038.5578,4034.5408,4034.5408,4034.5408
2025-06-30T07:00:00,4076.3357,489.5122,1616447.3,0.0,99.4453,0.0,3.4715,1,15019.2,0.0,4076.3357,4076.3357,0.0,0.0,0.0,0.0,0.0,4076.3357,4076.3357,4034.3974,4034.3974,4034.3974,2893.1955,4034.3974,7038.5578,4034.5408,4034.5408,4034.5408,4034.5408
2025-06-30T13:00:00,4076.3357,489.515,1616447.3,0.0,99.4453,0.0,3.4273,1,15019.2,0.0,4076.3357,4076.3357,0.0,0.0,0.0,0.0,0.0,4076.3357,4034.3974,4034.3974,4034.3974,2893.1955,4034.3974,7038.5578,4034.5408,4034.5408,4034.5408,4034.5408,4034.5408
2025-06-30T19:00:00,4076.3357,489.516,1616447.3,0.0,99.4453,0.0,3.3836,1,15019.2,0.0,4076.3357,4076.3357,0.0,0.0,0.0,0.0,0.0,4034.3974,4034.3974,4034.3974,2893.1955,4034.3974,7038.5578,4034.5408,4034.5408,4034.5408,4034.5408,4034.5408,0.0
2025-07-01T01:00:00,4034.3974,489.5168,1616447.3,0.0,99.4453,0.0,3.3405,1,15019.2,0.0,4076.3357,4076.3357,0.0,0.0,0.0,0.0,0.0,4034.3974,4034.3974,2893.1955,4034.3974,7038.5578,4034.5408,4034.5408,4034.5408,4034.5408,4034.5408,0.0,8241.0922
2025-07-01T07:00:00,4034.3974,489.5158,1616447.3,0.0,99.4453,0.0,3.298,1,15019.2,0.0,4034.3974,4076.3357,0.0,0.0,0.0,0.0,0.0,4034.3974,2893.1955,4034.3974,7038.5578,4034.5408,4034.5408,4034.5408,4034.5408,4034.5408,0.0,8241.0922,3914.6022
2025-07-01T13:00:00,4034.3974,489.517,1616447.3,0.0,99.4453,0.0,3.2559,1,15019.2,0.0,4034.3974,4034.3974,0.0,0.0,0.0,0.0,0.0,2893.1955,4034.3974,7038.5578,4034.5408,4034.5408,4034.5408,4034.5408,4034.5408,0.0,8241.0922,3914.6022,4034.9739
2025-07-01T19:00:00,2893.1955,489.5175,1616447.3,0.0,99.4453,3.8,7.0145,1,15019.2,0.0,4034.3974,4034.3974,0.0,0.0,3.8,3.8,3.8,4034.3974,7038.5578,4034.5408,4034.5408,4034.5408,4034.5408,4034.5408,0.0,8241.0922,3914.6022,4034.9739,3914.6022
2025-07-02T01:00:00,4034.3974,489.5188,1616447.3,0.0,99.4453,0.0,6.9251,1,15019.2,0.0,2893.1955,4034.3974,3.8,0.0,3.8,3.8,3.8,7038.5578,4034.5408,4034.5408,4034.5408,4034.5408,4034.5408,0.0,8241.0922,3914.6022,4034.9739,3914.6022,4034.9739
2025-07-02T07:00:00,7038.5578,489.5223,1619451.32,3004.02,99.6301,0.0,6.8369,1,15019.2,0.0,4034.3974,2893.1955,0.0,3.8,3.8,3.8,3.8,4034.5408,4034.5408,4034.5408,4034.5408,4034.5408,0.0,8241.0922,3914.6022,4034.9739,3914.6022,4034.9739,4034.9739
2025-07-02T13:00:00,4034.5408,489.5208,1619451.32,0.0,99.6301,0.0,6.7497,1,15019.2,0.0,7038.5578,4034.3974,0.0,0.0,0.0,3.8,3.8,4034.5408,4034.5408,4034.5408,4034.5408,0.0,8241.0922,3914.6022,4034.9739,3914.6022,4034.9739,4034.9739,4034.9739
2025-07-02T19:00:00,4034.5408,489.524,1619451.32,0.0,99.6301,0.0,6.6637,1,15019.2,0.0,4034.5408,7038.5578,0.0,0.0,0.0,3.8,3.8,4034.5408,4034.5408,4034.5408,0.0,8241.0922,3914.6022,4034.9739,3914.6022,4034.9739,4034.9739,4034.9739,1627.5387
2025-07-03T01:00:00,4034.5408,489.524,1619451.32,0.0,99.6301,0.0,6.5788,1,15019.2,0.0,4034.5408,4034.5408,0.0,0.0,0.0,0.0,3.8,4034.5408,4034.5408,0.0,8241.0922,3914.6022,4034.9739,3914.6022,4034.9739,4034.9739,4034.9739,1627.5387,4877.4029
2025-07-03T07:00:00,4034.5408,489.524,1619451.32,0.0,99.6301,0.0,6.495,1,15019.2,0.0,4034.5408,4034.5408,0.0,0.0,0.0,0.0,3.8,4034.5408,0.0,8241.0922,3914.6022,4034.9739,3914.6022,4034.9739,4034.9739,4034.9739,1627.5387,4877.4029,6444.4078
2025-07-03T13:00:00,4034.5408,489.524,1619451.32,0.0,99.6301,0.0,6.4123,1,15019.2,0.0,4034.5408,4034.5408,0.0,0.0,0.0,0.0,0.0,0.0,8241.0922,3914.6022,4034.9739,3914.6022,4034.9739,4034.9739,4034.9739,1627.5387,4877.4029,6444.4078,4035.2654
2025-07-03T19:00:00,0.0,489.5252,1619451.32,0.0,99.6301,13.8,20.1306,1,15019.2,0.0,4034.5408,4034.5408,0.0,0.0,13.8,13.8,13.8,8241.0922,3914.6022,4034.9739,3914.6022,4034.9739,4034.9739,4034.9739,1627.5387,4877.4029,6444.4078,4035.2654,4035.2654
2025-07-04T01:00:00,8241.0922,489.5533,1628472.31,9020.99,100.1851,16.0,35.8741,1,15019.2,0.0,0.0,4034.5408,13.8,0.0,29.8,29.8,29.8,3914.6022,4034.9739,3914.6022,4034.9739,4034.9739,4034.9739,1627.5387,4877.4029,6444.4078,4035.2654,4035.2654,4035.2654
2025-07-04T07:00:00,3914.6022,489.5573,1628472.31,0.0,100.1851,0.4,35.817,1,15019.2,0.0,8241.0922,0.0,16.0,13.8,30.2,30.2,30.2,4034.9739,3914.6022,4034.9739,4034.9739,4034.9739,1627.5387,4877.4029,6444.4078,4035.2654,4035.2654,4035.2654,4035.2654
2025-07-04T13:00:00,4034.9739,489.5555,1628472.31,0.0,100.1851,0.0,35.3606,1,15019.2,0.0,3914.6022,8241.0922,0.4,16.0,16.4,30.2,30.2,3914.6022,4034.9739,4034.9739,4034.9739,1627.5387,4877.4029,6444.4078,4035.2654,4035.2654,4035.2654,4035.2654,4035.2654
2025-07-04T19:00:00,3914.6022,489.5563,1628472.31,0.0,100.1851,0.4,35.3101,1,15019.2,0.0,4034.9739,3914.6022,0.0,0.4,0.8,30.599999999999998,30.599999999999998,4034.9739,4034.9739,4034.9739,1627.5387,4877.4029,6444.4078,4035.2654,4035.2654,4035.2654,4035.2654,4035.2654,4035.2654
2025-07-05T01:00:00,4034.9739,489.557,1628472.31,0.0,100.1851,0.0,34.8602,1,15019.2,0.0,3914.6022,4034.9739,0.4,0.0,0.4,16.799999999999997,30.599999999999998,4034.9739,4034.9739,1627.5387,4877.4029,6444.4078,4035.2654,4035.2654,4035.2654,4035.2654,4035.2654,4035.2654,4035.2654
2025-07-05T07:00:00,4034.9739,489.5562,1628472.31,0.0,100.1851,0.0,34.416,1,15019.2,0.0,4034.9739,3914.6022,0.0,0.4,0.4,0.8,30.599999999999998,4034.9739,1627.5387,4877.4029,6444.4078,4035.2654,4035.2654,4035.2654,4035.2654,4035.2654,4035.2654,4035.2654,4035.2654
2025-07-05T13:00:00,4034.9739,489.5542,1628472.31,0.0,100.1851,0.0,33.9775,1,15019.2,0.0,4034.9739,4034.9739,0.0,0.0,0.0,0.4,16.799999999999997,1627.5387,4877.4029,6444.4078,4035.2654,4035.2654,4035.2654,4035.2654,4035.2654,4035.2654,4035.2654,4035.2654,4035.2654
2025-07-05T19:00:00,1627.5387,489.5555,1628472.31,0.0,100.1851,8.0,41.5446,1,15019.2,0.0,4034.9739,4034.9739,0.0,0.0,8.0,8.4,8.8,4877.4029,6444.4078,4035.2654,4035.2654,4035.2654,4035.2654,4035.2654,4035.2654,4035.2654,4035.2654,4035.2654,4035.2654
2025-07-06T01:00:00,4877.4029,489.5672,1631482.4,3010.09,100.3703,7.2,48.2152,1,15019.2,0.0,1627.5387,4034.9739,8.0,0.0,15.2,15.2,15.600000000000001,6444.4078,4035.2654,4035.2654,4035.2654,4035.2654,4035.2654,4035.2654,4035.2654,4035.2654,4035.2654,4035.2654,4035.2654
2025-07-06T07:00:00,6444.4078,489.5747,1634494.02,3011.62,100.5555,2.0,49.6009,1,15019.2,0.0,4877.4029,1627.5387,7.2,8.0,17.2,17.2,17.6,4035.2654,4035.2654,4035.2654,4035.2654,4035.2654,4035.2654,4035.2654,4035.2654,4035.2654,4035.2654,4035.2654,4035.2654
2025-07-06T13:00:00,4035.2654,489.5765,1634494.02,0.0,100.5555,0.0,48.9689,1,15019.2,0.0,6444.4078,4877.4029,2.0,7.2,9.2,17.2,17.2,4035.2654,4035.2654,4035.2654,4035.2654,4035.2654,4035.2654,4035.2654,4035.2654,4035.2654,4035.2654,4035.2654,4035.2654
2025-07-06T19:00:00,4035.2654,489.576,1634494.02,0.0,100.5555,0.0,48.345,1,15019.2,0.0,4035.2654,6444.4078,0.0,2.0,2.0,17.2,17.2,4035.2654,4035.2654,4035.2654,4035.2654,4035.2654,4035.2654,4035.2654,4035.2654,4035.2654,4035.2654,4035.2654,782.6307
2025-07-07T01:00:00,4035.2654,489.5753,1634494.02,0.0,100.5555,0.0,47.729,1,15019.2,0.0,4035.2654,4035.2654,0.0,0.0,0.0,9.2,17.2,4035.2654,4035.2654,4035.2654,4035.2654,4035.2654,4035.2654,4035.2654,4035.2654,4035.2654,4035.2654,782.6307,1686.6629
2025-07-07T07:00:00,4035.2654,489.577,1634494.02,0.0,100.5555,0.0,47.1208,1,15019.2,0.0,4035.2654,4035.2654,0.0,0.0,0.0,2.0,17.2,4035.2654,4035.2654,4035.2654,4035.2654,4035.2654,4035.2654,4035.2654,4035.2654,4035.2654,782.6307,1686.6629,4035.1194
2025-07-07T13:00:00,4035.2654,489.5753,1634494.02,0.0,100.5555,0.0,46.5205,1,15019.2,0.0,4035.2654,4035.2654,0.0,0.0,0.0,0.0,9.2,4035.2654,4035.2654,4035.2654,4035.2654,4035.2654,4035.2654,4035.2654,4035.2654,782.6307,1686.6629,4035.1194,1024.8845
2025-07-07T19:00:00,4035.2654,489.5763,1634494.02,0.0,100.5555,0.0,45.9277,1,15019.2,0.0,4035.2654,4035.2654,0.0,0.0,0.0,0.0,2.0,4035.2654,4035.2654,4035.2654,4035.2654,4035.2654,4035.2654,4035.2654,782.6307,1686.6629,4035.1194,1024.8845,4034.9739
2025-07-08T01:00:00,4035.2654,489.5747,1634494.02,0.0,100.5555,0.0,45.3425,1,15019.2,0.0,4035.2654,4035.2654,0.0,0.0,0.0,0.0,0.0,4035.2654,4035.2654,4035.2654,4035.2654,4035.2654,4035.2654,782.6307,1686.6629,4035.1194,1024.8845,4034.9739,605.1969
2025-07-08T07:00:00,4035.2654,489.5735,1634494.02,0.0,100.5555,0.0,44.7648,1,15019.2,0.0,4035.2654,4035.2654,0.0,0.0,0.0,0.0,0.0,4035.2654,4035.2654,4035.2654,4035.2654,4035.2654,782.6307,1686.6629,4035.1194,1024.8845,4034.9739,605.1969,4034.829
2025-07-08T13:00:00,4035.2654,489.572,1634494.02,0.0,100.5555,0.0,44.1944,1,15019.2,0.0,4035.2654,4035.2654,0.0,0.0,0.0,0.0,0.0,4035.2654,4035.2654,4035.2654,4035.2654,782.6307,1686.6629,4035.1194,1024.8845,4034.9739,605.1969,4034.829,1027.6985
2025-07-08T19:00:00,4035.2654,489.573,1634494.02,0.0,100.5555,0.0,43.6313,1,15019.2,0.0,4035.2654,4035.2654,0.0,0.0,0.0,0.0,0.0,4035.2654,4035.2654,4035.2654,782.6307,1686.6629,4035.1194,1024.8845,4034.9739,605.1969,4034.829,1027.6985,3613.8142
2025-07-09T01:00:00,4035.2654,489.5723,1634494.02,0.0,100.5555,0.0,43.0754,1,15019.2,0.0,4035.2654,4035.2654,0.0,0.0,0.0,0.0,0.0,4035.2654,4035.2654,782.6307,1686.6629,4035.1194,1024.8845,4034.9739,605.1969,4034.829,1027.6985,3613.8142,3132.8195
2025-07-09T07:00:00,4035.2654,489.57,1634494.02,0.0,100.5555,0.0,42.5266,1,15019.2,0.0,4035.2654,4035.2654,0.0,0.0,0.0,0.0,0.0,4035.2654,782.6307,1686.6629,4035.1194,1024.8845,4034.9739,605.1969,4034.829,1027.6985,3613.8142,3132.8195,788.7099
2025-07-09T13:00:00,4035.2654,489.571,1634494.02,0.0,100.5555,0.0,41.9847,1,15019.2,0.0,4035.2654,4035.2654,0.0,0.0,0.0,0.0,0.0,782.6307,1686.6629,4035.1194,1024.8845,4034.9739,605.1969,4034.829,1027.6985,3613.8142,3132.8195,788.7099,7699.4192
2025-07-09T19:00:00,782.6307,489.5677,1631482.4,-3011.62,100.3703,0.8,42.2498,1,15019.2,0.0,4035.2654,4035.2654,0.0,0.0,0.8,0.8,0.8,1686.6629,4035.1194,1024.8845,4034.9739,605.1969,4034.829,1027.6985,3613.8142,3132.8195,788.7099,7699.4192,4094.584
2025-07-10T01:00:00,1686.6629,489.5658,1631482.4,0.0,100.3703,7.8,49.5114,1,15019.2,0.0,782.6307,4035.2654,0.8,0.0,8.6,8.6,8.6,4035.1194,1024.8845,4034.9739,605.1969,4034.829,1027.6985,3613.8142,3132.8195,788.7099,7699.4192,4094.584,6564.9036
2025-07-10T07:00:00,4035.1194,489.5628,1631482.4,0.0,100.3703,0.0,48.8806,1,15019.2,0.0,1686.6629,782.6307,7.8,0.8,8.6,8.6,8.6,1024.8845,4034.9739,605.1969,4034.829,1027.6985,3613.8142,3132.8195,788.7099,7699.4192,4094.584,6564.9036,6325.2671
2025-07-10T13:00:00,1024.8845,489.5567,1628472.31,-3010.09,100.1851,0.0,48.2578,1,15019.2,0.0,4035.1194,1686.6629,0.0,7.8,7.8,8.6,8.6,4034.9739,605.1969,4034.829,1027.6985,3613.8142,3132.8195,788.7099,7699.4192,4094.584,6564.9036,6325.2671,4035.4114
2025-07-10T19:00:00,4034.9739,489.5518,1628472.31,0.0,100.1851,0.0,47.6429,1,15019.2,0.0,1024.8845,4035.1194,0.0,0.0,0.0,8.6,8.6,605.1969,4034.829,1027.6985,3613.8142,3132.8195,788.7099,7699.4192,4094.584,6564.9036,6325.2671,4035.4114,4035.4114
2025-07-11T01:00:00,605.1969,489.5457,1625463.76,-3008.55,100.0,1.4,48.4359,1,15019.2,0.0,4034.9739,1024.8845,0.0,0.0,1.4,9.2,10.0,4034.829,1027.6985,3613.8142,3132.8195,788.7099,7699.4192,4094.584,6564.9036,6325.2671,4035.4114,4035.4114,4035.4114
2025-07-11T07:00:00,4034.829,489.544,1625463.76,0.0,100.0,0.0,47.8187,1,15019.2,0.0,605.1969,4034.9739,1.4,0.0,1.4,1.4,10.0,1027.6985,3613.8142,3132.8195,788.7099,7699.4192,4094.584,6564.9036,6325.2671,4035.4114,4035.4114,4035.4114,4035.4114
2025-07-11T13:00:00,1027.6985,489.5372,1622456.77,-3006.99,99.815,0.0,47.2094,1,15019.2,0.0,4034.829,605.1969,0.0,1.4,1.4,1.4,9.2,3613.8142,3132.8195,788.7099,7699.4192,4094.584,6564.9036,6325.2671,4035.4114,4035.4114,4035.4114,4035.4114,4035.4114
2025-07-11T19:00:00,3613.8142,489.5312,1622456.77,0.0,99.815,1.4,48.0079,1,15019.2,0.0,1027.6985,4034.829,0.0,0.0,1.4,2.8,2.8,3132.8195,788.7099,7699.4192,4094.584,6564.9036,6325.2671,4035.4114,4035.4114,4035.4114,4035.4114,4035.4114,1022.0622
2025-07-12T01:00:00,3132.8195,489.5302,1622456.77,0.0,99.815,3.0,50.3962,1,15019.2,0.0,3613.8142,1027.6985,1.4,0.0,4.4,5.8,5.8,788.7099,7699.4192,4094.584,6564.9036,6325.2671,4035.4114,4035.4114,4035.4114,4035.4114,4035.4114,1022.0622,4035.2654
2025-07-12T07:00:00,788.7099,489.5297,1619451.32,-3005.46,99.6301,0.8,50.5541,1,15019.2,0.0,3132.8195,3613.8142,3.0,1.4,5.2,5.2,6.6,7699.4192,4094.584,6564.9036,6325.2671,4035.4114,4035.4114,4035.4114,4035.4114,4035.4114,1022.0622,4035.2654,4035.2654
2025-07-12T13:00:00,7699.4192,489.5505,1628472.31,9020.99,100.1851,17.8,67.71,1,15019.2,0.0,788.7099,3132.8195,0.8,3.0,21.6,23.0,24.4,4094.584,6564.9036,6325.2671,4035.4114,4035.4114,4035.4114,4035.4114,4035.4114,1022.0622,4035.2654,4035.2654,4035.2654
2025-07-12T19:00:00,4094.584,489.5667,1631482.4,3010.09,100.3703,9.8,76.6473,1,15019.2,0.0,7699.4192,788.7099,17.8,0.8,28.400000000000002,32.8,32.8,6564.9036,6325.2671,4035.4114,4035.4114,4035.4114,4035.4114,4035.4114,1022.0622,4035.2654,4035.2654,4035.2654,0.0
2025-07-13T01:00:00,6564.9036,489.5778,1634494.02,3011.62,100.5555,1.6,77.2707,1,15019.2,0.0,4094.584,7699.4192,9.8,17.8,29.200000000000003,33.0,34.4,6325.2671,4035.4114,4035.4114,4035.4114,4035.4114,4035.4114,1022.0622,4035.2654,4035.2654,4035.2654,0.0,20600.4606
2025-07-13T07:00:00,6325.2671,489.5882,1637507.22,3013.2,100.7409,2.4,78.6861,1,15019.2,0.0,6564.9036,4094.584,1.6,9.8,13.8,32.400000000000006,36.8,4035.4114,4035.4114,4035.4114,4035.4114,4035.4114,1022.0622,4035.2654,4035.2654,4035.2654,0.0,20600.4606,136773.7993
2025-07-13T13:00:00,4035.4114,489.5882,1637507.22,0.0,100.7409,0.0,77.6835,1,15019.2,0.0,6325.2671,6564.9036,2.4,1.6,4.0,31.6,35.4,4035.4114,4035.4114,4035.4114,4035.4114,1022.0622,4035.2654,4035.2654,4035.2654,0.0,20600.4606,136773.7993,63917.0174
2025-07-13T19:00:00,4035.4114,489.588,1637507.22,0.0,100.7409,0.0,76.6937,1,15019.2,0.0,4035.4114,6325.2671,0.0,2.4,2.4,13.8,32.400000000000006,4035.4114,4035.4114,4035.4114,1022.0622,4035.2654,4035.2654,4035.2654,0.0,20600.4606,136773.7993,63917.0174,40619.4739
2025-07-14T01:00:00,4035.4114,489.5848,1637507.22,0.0,100.7409,0.0,75.7166,1,15019.2,0.0,4035.4114,4035.4114,0.0,0.0,0.0,4.0,31.6,4035.4114,4035.4114,1022.0622,4035.2654,4035.2654,4035.2654,0.0,20600.4606,136773.7993,63917.0174,40619.4739,30638.0429
2025-07-14T07:00:00,4035.4114,489.5832,1637507.22,0.0,100.7409,0.0,74.7518,1,15019.2,0.0,4035.4114,4035.4114,0.0,0.0,0.0,2.4,13.8,4035.4114,1022.0622,4035.2654,4035.2654,4035.2654,0.0,20600.4606,136773.7993,63917.0174,40619.4739,30638.0429,15888.0862
2025-07-14T13:00:00,4035.4114,489.5823,1637507.22,0.0,100.7409,0.0,73.7994,1,15019.2,0.0,4035.4114,4035.4114,0.0,0.0,0.0,0.0,4.0,1022.0622,4035.2654,4035.2654,4035.2654,0.0,20600.4606,136773.7993,63917.0174,40619.4739,30638.0429,15888.0862,13406.53
2025-07-14T19:00:00,1022.0622,489.5793,1634494.02,-3013.2,100.5555,0.0,72.8591,1,15019.2,0.0,4035.4114,4035.4114,0.0,0.0,0.0,0.0,2.4,4035.2654,4035.2654,4035.2654,0.0,20600.4606,136773.7993,63917.0174,40619.4739,30638.0429,15888.0862,13406.53,5449.7244
2025-07-15T01:00:00,4035.2654,489.577,1634494.02,0.0,100.5555,0.0,71.9307,1,15019.2,0.0,1022.0622,4035.4114,0.0,0.0,0.0,0.0,0.0,4035.2654,4035.2654,0.0,20600.4606,136773.7993,63917.0174,40619.4739,30638.0429,15888.0862,13406.53,5449.7244,191.0088
2025-07-15T07:00:00,4035.2654,489.5735,1634494.02,0.0,100.5555,0.0,71.0142,1,15019.2,0.0,4035.2654,1022.0622,0.0,0.0,0.0,0.0,0.0,4035.2654,0.0,20600.4606,136773.7993,63917.0174,40619.4739,30638.0429,15888.0862,13406.53,5449.7244,191.0088,1590.5696
2025-07-15T13:00:00,4035.2654,489.57,1634494.02,0.0,100.5555,0.0,70.1094,1,15019.2,0.0,4035.2654,4035.2654,0.0,0.0,0.0,0.0,0.0,0.0,20600.4606,136773.7993,63917.0174,40619.4739,30638.0429,15888.0862,13406.53,5449.7244,191.0088,1590.5696,0.0
2025-07-15T19:00:00,0.0,489.5637,1631482.4,-3011.62,100.3703,7.6,76.8161,1,15019.2,0.0,4035.2654,4035.2654,0.0,0.0,7.6,7.6,7.6,20600.4606,136773.7993,63917.0174,40619.4739,30638.0429,15888.0862,13406.53,5449.7244,191.0088,1590.5696,0.0,1002.1735
2025-07-16T01:00:00,20600.4606,489.6567,1658675.8,27193.4,102.0432,69.6,145.4374,1,15019.2,10468.75,0.0,4035.2654,7.6,0.0,77.19999999999999,77.19999999999999,77.19999999999999,136773.7993,63917.0174,40619.4739,30638.0429,15888.0862,13406.53,5449.7244,191.0088,1590.5696,0.0,1002.1735,1003.5331
2025-07-16T07:00:00,136773.7993,489.8553,1719668.7,60992.91,105.7956,1.6,145.1843,1,15019.2,72231.69,20600.4606,0.0,69.6,7.6,78.79999999999998,78.79999999999998,78.79999999999998,63917.0174,40619.4739,30638.0429,15888.0862,13406.53,5449.7244,191.0088,1590.5696,0.0,1002.1735,1003.5331,1004.8266
2025-07-16T13:00:00,63917.0174,489.8432,1716595.66,-3073.04,105.6065,3.2,146.5344,1,15019.2,63932.31,136773.7993,20600.4606,1.6,69.6,74.39999999999999,81.99999999999999,81.99999999999999,40619.4739,30638.0429,15888.0862,13406.53,5449.7244,191.0088,1590.5696,0.0,1002.1735,1003.5331,1004.8266,1006.2711
2025-07-16T19:00:00,40619.4739,489.8145,1707386.39,-9209.27,105.04,0.0,144.6674,1,15019.2,45788.34,63917.0174,136773.7993,3.2,1.6,4.800000000000001,81.99999999999999,81.99999999999999,30638.0429,15888.0862,13406.53,5449.7244,191.0088,1590.5696,0.0,1002.1735,1003.5331,1004.8266,1006.2711,1007.6081
2025-07-17T01:00:00,30638.0429,489.7918,1701265.99,-6120.4,104.6634,0.6,143.4241,1,15019.2,32902.54,40619.4739,63917.0174,0.0,3.2,3.8000000000000003,74.99999999999999,82.59999999999998,15888.0862,13406.53,5449.7244,191.0088,1590.5696,0.0,1002.1735,1003.5331,1004.8266,1006.2711,1007.6081,1009.0843
2025-07-17T07:00:00,15888.0862,489.7683,1692113.66,-9152.33,104.1004,0.4,141.9967,1,15019.2,21123.7,30638.0429,40619.4739,0.6,0.0,1.0,5.800000000000001,82.99999999999999,13406.53,5449.7244,191.0088,1590.5696,0.0,1002.1735,1003.5331,1004.8266,1006.2711,1007.6081,1009.0843,1010.4743
2025-07-17T13:00:00,13406.53,489.7512,1689066.07,-3047.59,103.9129,4.2,144.3874,1,15019.2,13695.28,15888.0862,30638.0429,0.4,0.6,5.2,8.4,79.6,5449.7244,191.0088,1590.5696,0.0,1002.1735,1003.5331,1004.8266,1006.2711,1007.6081,1009.0843,1010.4743,0.0
2025-07-17T19:00:00,5449.7244,489.7342,1682975.65,-6090.42,103.5382,0.0,142.5477,1,15019.2,7501.94,13406.53,15888.0862,4.2,0.4,4.6000000000000005,5.2,10.0,191.0088,1590.5696,0.0,1002.1735,1003.5331,1004.8266,1006.2711,1007.6081,1009.0843,1010.4743,0.0,7062.6118
2025-07-18T01:00:00,191.0088,489.715,1676891.46,-6084.19,103.1639,0.0,140.7314,1,15019.2,2237.29,5449.7244,13406.53,0.0,4.2,4.2,5.2,8.4,1590.5696,0.0,1002.1735,1003.5331,1004.8266,1006.2711,1007.6081,1009.0843,1010.4743,0.0,7062.6118,1010.4743
2025-07-18T07:00:00,1590.5696,489.7047,1673851.74,-3039.72,102.9769,0.0,138.9383,1,15019.2,592.53,191.0088,5449.7244,0.0,0.0,0.0,4.6000000000000005,5.2,0.0,1002.1735,1003.5331,1004.8266,1006.2711,1007.6081,1009.0843,1010.4743,0.0,7062.6118,1010.4743,3733.9406
2025-07-18T13:00:00,0.0,489.6883,1667776.83,-6074.91,102.6031,0.0,137.168,1,15019.2,0.0,1590.5696,191.0088,0.0,0.0,0.0,4.2,5.2,1002.1735,1003.5331,1004.8266,1006.2711,1007.6081,1009.0843,1010.4743,0.0,7062.6118,1010.4743,3733.9406,1011.4734
2025-07-18T19:00:00,1002.1735,489.6748,1664741.67,-3035.16,102.4164,0.0,135.4203,1,15019.2,0.0,0.0,1590.5696,0.0,0.0,0.0,0.0,4.6000000000000005,1003.5331,1004.8266,1006.2711,1007.6081,1009.0843,1010.4743,0.0,7062.6118,1010.4743,3733.9406,1011.4734,4035.7354
2025-07-19T01:00:00,1003.5331,489.663,1661708.02,-3033.66,102.2298,0.0,133.6949,1,15019.2,0.0,1002.1735,0.0,0.0,0.0,0.0,0.0,4.2,1004.8266,1006.2711,1007.6081,1009.0843,1010.4743,0.0,7062.6118,1010.4743,3733.9406,1011.4734,4035.7354,1019.2154
2025-07-19T07:00:00,1004.8266,489.6528,1658675.8,-3032.22,102.0432,0.0,131.9914,1,15019.2,0.0,1003.5331,1002.1735,0.0,0.0,0.0,0.0,0.0,1006.2711,1007.6081,1009.0843,1010.4743,0.0,7062.6118,1010.4743,3733.9406,1011.4734,4035.7354,1019.2154,1020.7569
2025-07-19T13:00:00,1006.2711,489.641,1655645.16,-3030.63,101.8568,0.0,130.3096,1,15019.2,0.0,1004.8266,1003.5331,0.0,0.0,0.0,0.0,0.0,1007.6081,1009.0843,1010.4743,0.0,7062.6118,1010.4743,3733.9406,1011.4734,4035.7354,1019.2154,1020.7569,2829.8322
2025-07-19T19:00:00,1007.6081,489.6357,1652616.01,-3029.16,101.6704,0.0,128.6493,1,15019.2,0.0,1006.2711,1004.8266,0.0,0.0,0.0,0.0,0.0,1009.0843,1010.4743,0.0,7062.6118,1010.4743,3733.9406,1011.4734,4035.7354,1019.2154,1020.7569,2829.8322,4637.8098
2025-07-20T01:00:00,1009.0843,489.6223,1649588.47,-3027.53,101.4842,0.0,127.0101,1,15019.2,0.0,1007.6081,1006.2711,0.0,0.0,0.0,0.0,0.0,1010.4743,0.0,7062.6118,1010.4743,3733.9406,1011.4734,4035.7354,1019.2154,1020.7569,2829.8322,4637.8098,2588.1163
2025-07-20T07:00:00,1010.4743,489.6143,1646562.48,-3025.99,101.298,0.0,125.3918,1,15019.2,0.0,1009.0843,1007.6081,0.0,0.0,0.0,0.0,0.0,0.0,7062.6118,1010.4743,3733.9406,1011.4734,4035.7354,1019.2154,1020.7569,2829.8322,4637.8098,2588.1163,22140.8032
2025-07-20T13:00:00,0.0,489.6195,1646562.48,0.0,101.298,18.8,142.5942,1,15019.2,0.0,1010.4743,1009.0843,0.0,0.0,18.8,18.8,18.8,7062.6118,1010.4743,3733.9406,1011.4734,4035.7354,1019.2154,1020.7569,2829.8322,4637.8098,2588.1163,22140.8032,381053.0029
2025-07-20T19:00:00,7062.6118,489.6257,1649588.47,3025.99,101.4842,0.0,140.7773,1,15019.2,0.0,0.0,1010.4743,18.8,0.0,18.8,18.8,18.8,1010.4743,3733.9406,1011.4734,4035.7354,1019.2154,1020.7569,2829.8322,4637.8098,2588.1163,22140.8032,381053.0029,367014.6845
2025-07-21T01:00:00,1010.4743,489.6157,1646562.48,-3025.99,101.298,0.0,138.9836,1,15019.2,0.0,7062.6118,0.0,0.0,18.8,18.8,18.8,18.8,3733.9406,1011.4734,4035.7354,1019.2154,1020.7569,2829.8322,4637.8098,2588.1163,22140.8032,381053.0029,367014.6845,217374.0195
2025-07-21T07:00:00,3733.9406,489.6115,1646562.48,0.0,101.298,1.0,138.2127,1,15019.2,0.0,1010.4743,7062.6118,0.0,0.0,1.0,19.8,19.8,1011.4734,4035.7354,1019.2154,1020.7569,2829.8322,4637.8098,2588.1163,22140.8032,381053.0029,367014.6845,217374.0195,148158.2777
2025-07-21T13:00:00,1011.4734,489.6073,1643538.22,-3024.26,101.112,0.0,136.4517,1,15019.2,0.0,3733.9406,1010.4743,1.0,0.0,1.0,19.8,19.8,4035.7354,1019.2154,1020.7569,2829.8322,4637.8098,2588.1163,22140.8032,381053.0029,367014.6845,217374.0195,148158.2777,101061.7166
2025-07-21T19:00:00,4035.7354,489.6028,1643538.22,0.0,101.112,0.0,134.7131,1,15019.2,0.0,1011.4734,3733.9406,0.0,1.0,1.0,1.0,19.8,1019.2154,1020.7569,2829.8322,4637.8098,2588.1163,22140.8032,381053.0029,367014.6845,217374.0195,148158.2777,101061.7166,77300.978
2025-07-22T01:00:00,1019.2154,489.595,1640521.87,-3016.34,100.9264,0.0,132.9967,1,15019.2,0.0,4035.7354,1011.4734,0.0,0.0,0.0,1.0,19.8,1020.7569,2829.8322,4637.8098,2588.1163,22140.8032,381053.0029,367014.6845,217374.0195,148158.2777,101061.7166,77300.978,62143.7436
2025-07-22T07:00:00,1020.7569,489.5898,1637507.22,-3014.65,100.7409,0.0,131.3021,1,15019.2,0.0,1019.2154,4035.7354,0.0,0.0,0.0,1.0,1.0,2829.8322,4637.8098,2588.1163,22140.8032,381053.0029,367014.6845,217374.0195,148158.2777,101061.7166,77300.978,62143.7436,48998.9928
2025-07-22T13:00:00,2829.8322,489.583,1637507.22,0.0,100.7409,4.0,133.6291,1,15019.2,0.0,1020.7569,1019.2154,0.0,0.0,4.0,4.0,5.0,4637.8098,2588.1163,22140.8032,381053.0029,367014.6845,217374.0195,148158.2777,101061.7166,77300.978,62143.7436,48998.9928,46106.643
2025-07-22T19:00:00,4637.8098,489.5908,1640521.87,3014.65,100.9264,8.0,139.9265,1,15019.2,0.0,2829.8322,1020.7569,4.0,0.0,12.0,12.0,13.0,2588.1163,22140.8032,381053.0029,367014.6845,217374.0195,148158.2777,101061.7166,77300.978,62143.7436,48998.9928,46106.643,31924.9913
2025-07-23T01:00:00,2588.1163,489.5968,1640521.87,0.0,100.9264,4.8,142.9436,1,15019.2,0.0,4637.8098,2829.8322,8.0,4.0,16.8,16.8,16.8,22140.8032,381053.0029,367014.6845,217374.0195,148158.2777,101061.7166,77300.978,62143.7436,48998.9928,46106.643,31924.9913,28774.4707
2025-07-23T07:00:00,22140.8032,489.6707,1664741.67,24219.8,102.4164,41.8,182.9223,1,15019.2,6567.63,2588.1163,4637.8098,4.8,8.0,54.599999999999994,58.599999999999994,58.599999999999994,381053.0029,367014.6845,217374.0195,148158.2777,101061.7166,77300.978,62143.7436,48998.9928,46106.643,31924.9913,28774.4707,26183.7604
2025-07-23T13:00:00,381053.0029,490.0633,1784660.65,119918.97,109.7939,30.8,211.3916,1,15019.2,266705.2,22140.8032,2588.1163,41.8,4.8,77.39999999999999,89.39999999999999,89.39999999999999,367014.6845,217374.0195,148158.2777,101061.7166,77300.978,62143.7436,48998.9928,46106.643,31924.9913,28774.4707,26183.7604,21864.5097
2025-07-23T19:00:00,367014.6845,490.1387,1806566.42,21905.77,111.1416,6.0,214.6982,1,15019.2,342943.99,381053.0029,22140.8032,30.8,41.8,78.6,91.39999999999999,95.39999999999999,217374.0195,148158.2777,101061.7166,77300.978,62143.7436,48998.9928,46106.643,31924.9913,28774.4707,26183.7604,21864.5097,16576.6482
2025-07-24T01:00:00,217374.0195,490.047,1778420.13,-28146.3,109.41,0.4,212.3626,1,15019.2,241599.85,367014.6845,381053.0029,6.0,30.8,37.199999999999996,83.8,95.8,148158.2777,101061.7166,77300.978,62143.7436,48998.9928,46106.643,31924.9913,28774.4707,26183.7604,21864.5097,16576.6482,12267.0077
2025-07-24T07:00:00,148158.2777,489.971,1756674.08,-21746.05,108.0722,2.6,212.2568,1,15019.2,166665.8,217374.0195,367014.6845,0.4,6.0,9.0,81.6,94.39999999999999,101061.7166,77300.978,62143.7436,48998.9928,46106.643,31924.9913,28774.4707,26183.7604,21864.5097,16576.6482,12267.0077,9138.2282
2025-07-24T13:00:00,101061.7166,489.9123,1738141.52,-18532.56,106.932,0.2,209.7523,1,15019.2,115613.99,148158.2777,217374.0195,2.6,0.4,3.2,40.0,86.6,77300.978,62143.7436,48998.9928,46106.643,31924.9913,28774.4707,26183.7604,21864.5097,16576.6482,12267.0077,9138.2282,10422.4657
2025-07-24T19:00:00,77300.978,489.8757,1725819.69,-12321.82,106.174,4.2,211.2798,1,15019.2,86873.88,101061.7166,148158.2777,0.2,2.6,7.0,13.399999999999999,86.0,62143.7436,48998.9928,46106.643,31924.9913,28774.4707,26183.7604,21864.5097,16576.6482,12267.0077,9138.2282,10422.4657,51232.5856
2025-07-25T01:00:00,62143.7436,489.8482,1716595.66,-9224.03,105.6065,0.0,208.5878,1,15019.2,67326.9,77300.978,101061.7166,4.2,0.2,4.4,7.4,44.2,48998.9928,46106.643,31924.9913,28774.4707,26183.7604,21864.5097,16576.6482,12267.0077,9138.2282,10422.4657,51232.5856,168103.6535
2025-07-25T07:00:00,48998.9928,489.8255,1710454.44,-6141.22,105.2287,4.4,210.3301,1,15019.2,52450.0,62143.7436,77300.978,0.0,4.2,8.600000000000001,11.4,17.799999999999997,46106.643,31924.9913,28774.4707,26183.7604,21864.5097,16576.6482,12267.0077,9138.2282,10422.4657,51232.5856,168103.6535,118732.963
2025-07-25T13:00:00,46106.643,489.8135,1707386.39,-3068.04,105.04,0.0,207.6502,1,15019.2,45134.28,48998.9928,62143.7436,4.4,0.0,4.4,8.8,11.8,31924.9913,28774.4707,26183.7604,21864.5097,16576.6482,12267.0077,9138.2282,10422.4657,51232.5856,168103.6535,118732.963,99239.1239
2025-07-25T19:00:00,31924.9913,489.794,1701265.99,-6120.4,104.6634,0.0,205.0044,1,15019.2,34006.3,46106.643,48998.9928,0.0,4.4,4.4,8.600000000000001,11.4,28774.4707,26183.7604,21864.5097,16576.6482,12267.0077,9138.2282,10422.4657,51232.5856,168103.6535,118732.963,99239.1239,77466.9458
2025-07-26T01:00:00,28774.4707,489.7855,1698213.64,-3052.34,104.4756,5.6,207.9923,1,15019.2,29496.75,31924.9913,46106.643,0.0,0.0,5.6,10.0,14.4,26183.7604,21864.5097,16576.6482,12267.0077,9138.2282,10422.4657,51232.5856,168103.6535,118732.963,99239.1239,77466.9458,69827.3009
2025-07-26T07:00:00,26183.7604,489.7772,1695162.85,-3050.79,104.288,0.4,205.7422,1,15019.2,25317.76,28774.4707,31924.9913,5.6,0.0,6.0,10.4,14.600000000000001,21864.5097,16576.6482,12267.0077,9138.2282,10422.4657,51232.5856,168103.6535,118732.963,99239.1239,77466.9458,69827.3009,49726.5468
2025-07-26T13:00:00,21864.5097,489.7678,1692113.66,-3049.19,104.1004,0.0,203.1208,1,15019.2,20875.06,26183.7604,28774.4707,0.4,5.6,6.0,6.0,10.4,16576.6482,12267.0077,9138.2282,10422.4657,51232.5856,168103.6535,118732.963,99239.1239,77466.9458,69827.3009,49726.5468,45301.9271
2025-07-26T19:00:00,16576.6482,489.7558,1689066.07,-3047.59,103.9129,0.0,200.5327,1,15019.2,15585.75,21864.5097,26183.7604,0.0,0.4,0.4,6.0,10.4,12267.0077,9138.2282,10422.4657,51232.5856,168103.6535,118732.963,99239.1239,77466.9458,69827.3009,49726.5468,45301.9271,38118.0192
2025-07-27T01:00:00,12267.0077,489.745,1686020.07,-3046.0,103.7255,0.0,197.9776,1,15019.2,11274.66,16576.6482,21864.5097,0.0,0.0,0.0,6.0,6.0,9138.2282,10422.4657,51232.5856,168103.6535,118732.963,99239.1239,77466.9458,69827.3009,49726.5468,45301.9271,38118.0192,100115.354
2025-07-27T07:00:00,9138.2282,489.7362,1682975.65,-3044.41,103.5382,0.0,195.4551,1,15019.2,8144.44,12267.0077,16576.6482,0.0,0.0,0.0,0.4,6.0,10422.4657,51232.5856,168103.6535,118732.963,99239.1239,77466.9458,69827.3009,49726.5468,45301.9271,38118.0192,100115.354,86120.5246
2025-07-27T13:00:00,10422.4657,489.7307,1682975.65,0.0,103.5382,0.0,192.9647,1,15019.2,6384.27,9138.2282,12267.0077,0.0,0.0,0.0,0.0,6.0,51232.5856,168103.6535,118732.963,99239.1239,77466.9458,69827.3009,49726.5468,45301.9271,38118.0192,100115.354,86120.5246,75793.6456
2025-07-27T19:00:00,51232.5856,489.7955,1701265.99,18290.33,104.6634,42.2,232.7061,1,15019.2,41787.67,10422.4657,9138.2282,0.0,0.0,42.2,42.2,42.6,168103.6535,118732.963,99239.1239,77466.9458,69827.3009,49726.5468,45301.9271,38118.0192,100115.354,86120.5246,75793.6456,55464.3527
2025-07-28T01:00:00,168103.6535,489.9232,1741226.06,39960.07,107.1218,0.8,230.5411,1,15019.2,124348.3,51232.5856,10422.4657,42.2,0.0,43.0,43.0,43.0,118732.963,99239.1239,77466.9458,69827.3009,49726.5468,45301.9271,38118.0192,100115.354,86120.5246,75793.6456,55464.3527,42208.7708
2025-07-28T07:00:00,118732.963,489.918,1738141.52,-3084.54,106.932,7.4,235.0036,1,15019.2,120057.54,168103.6535,51232.5856,0.8,42.2,50.4,50.4,50.4,99239.1239,77466.9458,69827.3009,49726.5468,45301.9271,38118.0192,100115.354,86120.5246,75793.6456,55464.3527,42208.7708,32839.4028
2025-07-28T13:00:00,99239.1239,489.8947,1731977.26,-6164.25,106.5528,0.0,232.0093,1,15019.2,101361.73,118732.963,168103.6535,7.4,0.8,8.200000000000001,50.4,50.4,77466.9458,69827.3009,49726.5468,45301.9271,38118.0192,100115.354,86120.5246,75793.6456,55464.3527,42208.7708,32839.4028,24649.2534
2025-07-28T19:00:00,77466.9458,489.87,1722743.39,-9233.87,105.9847,0.2,229.2532,1,15019.2,82721.14,99239.1239,118732.963,0.0,7.4,7.6000000000000005,50.6,50.6,69827.3009,49726.5468,45301.9271,38118.0192,100115.354,86120.5246,75793.6456,55464.3527,42208.7708,32839.4028,24649.2534,20292.9614
2025-07-29T01:00:00,69827.3009,489.8505,1719668.7,-3074.69,105.7956,0.2,226.5322,1,15019.2,68922.43,77466.9458,99239.1239,0.2,0.0,0.4,8.6,50.800000000000004,49726.5468,45301.9271,38118.0192,100115.354,86120.5246,75793.6456,55464.3527,42208.7708,32839.4028,24649.2534,20292.9614,15346.7184
2025-07-29T07:00:00,49726.5468,489.8293,1710454.44,-9214.27,105.2287,0.0,223.6458,1,15019.2,54900.24,69827.3009,77466.9458,0.2,0.2,0.4,7.800000000000001,50.800000000000004,45301.9271,38118.0192,100115.354,86120.5246,75793.6456,55464.3527,42208.7708,32839.4028,24649.2534,20292.9614,15346.7184,10697.852
2025-07-29T13:00:00,45301.9271,489.8122,1707386.39,-3068.04,105.04,0.0,220.7963,1,15019.2,44329.57,49726.5468,69827.3009,0.0,0.2,0.2,0.4,8.6,38118.0192,100115.354,86120.5246,75793.6456,55464.3527,42208.7708,32839.4028,24649.2534,20292.9614,15346.7184,10697.852,8044.678
2025-07-29T19:00:00,38118.0192,489.8072,1704320.27,-3066.12,104.8513,14.4,232.383,1,15019.2,41557.16,45301.9271,49726.5468,0.0,0.0,14.4,14.8,22.200000000000003,100115.354,86120.5246,75793.6456,55464.3527,42208.7708,32839.4028,24649.2534,20292.9614,15346.7184,10697.852,8044.678,4742.366
2025-07-30T01:00:00,100115.354,489.8673,1722743.39,18423.12,105.9847,10.4,239.8221,1,15019.2,80849.63,38118.0192,45301.9271,14.4,0.0,24.8,25.0,25.200000000000003,86120.5246,75793.6456,55464.3527,42208.7708,32839.4028,24649.2534,20292.9614,15346.7184,10697.852,8044.678,4742.366,2746.7305
2025-07-30T07:00:00,86120.5246,489.8692,1722743.39,0.0,105.9847,0.0,236.7664,1,15019.2,82079.34,100115.354,38118.0192,10.4,14.4,24.8,24.8,25.200000000000003,75793.6456,55464.3527,42208.7708,32839.4028,24649.2534,20292.9614,15346.7184,10697.852,8044.678,4742.366,2746.7305,1669.4437
2025-07-30T13:00:00,75793.6456,489.859,1719668.7,-3074.69,105.7956,0.0,233.7497,1,15019.2,74827.3,86120.5246,100115.354,0.0,10.4,10.4,24.8,25.0,55464.3527,42208.7708,32839.4028,24649.2534,20292.9614,15346.7184,10697.852,8044.678,4742.366,2746.7305,1669.4437,1078.4794
2025-07-30T19:00:00,55464.3527,489.8335,1713524.23,-6144.47,105.4176,0.0,230.7714,1,15019.2,57568.1,75793.6456,86120.5246,0.0,0.0,0.0,24.8,24.8,42208.7708,32839.4028,24649.2534,20292.9614,15346.7184,10697.852,8044.678,4742.366,2746.7305,1669.4437,1078.4794,1010.4423
2025-07-31T01:00:00,42208.7708,489.8123,1707386.39,-6137.84,105.04,0.4,228.231,1,15019.2,44428.9,55464.3527,75793.6456,0.0,0.0,0.4,10.8,25.2,32839.4028,24649.2534,20292.9614,15346.7184,10697.852,8044.678,4742.366,2746.7305,1669.4437,1078.4794,1010.4423,1011.79
2025-07-31T07:00:00,32839.4028,489.7957,1701265.99,-6120.4,104.6634,0.0,225.323,1,15019.2,34920.71,42208.7708,55464.3527,0.4,0.0,0.4,0.4,25.2,24649.2534,20292.9614,15346.7184,10697.852,8044.678,4742.366,2746.7305,1669.4437,1078.4794,1010.4423,1011.79,1013.1448
2025-07-31T13:00:00,24649.2534,489.78,1695162.85,-6103.14,104.288,0.0,222.4521,1,15019.2,26713.6,32839.4028,42208.7708,0.0,0.4,0.4,0.4,10.8,20292.9614,15346.7184,10697.852,8044.678,4742.366,2746.7305,1669.4437,1078.4794,1010.4423,1011.79,1013.1448,1014.4335
2025-07-31T19:00:00,20292.9614,489.7655,1692113.66,-3049.19,104.1004,1.6,221.2177,1,15019.2,19791.25,24649.2534,32839.4028,0.0,0.0,1.6,2.0,2.0,15346.7184,10697.852,8044.678,4742.366,2746.7305,1669.4437,1078.4794,1010.4423,1011.79,1013.1448,1014.4335,1015.8732
2025-08-01T01:00:00,15346.7184,489.7528,1689066.07,-3047.59,103.9129,0.0,218.3991,1,15019.2,14346.16,20292.9614,24649.2534,1.6,0.0,1.6,2.0,2.0,10697.852,8044.678,4742.366,2746.7305,1669.4437,1078.4794,1010.4423,1011.79,1013.1448,1014.4335,1015.8732,1017.2055
2025-08-01T07:00:00,10697.852,489.7407,1686020.07,-3046.0,103.7255,0.0,215.6163,1,15019.2,9695.86,15346.7184,20292.9614,0.0,1.6,1.6,1.6,2.0,8044.678,4742.366,2746.7305,1669.4437,1078.4794,1010.4423,1011.79,1013.1448,1014.4335,1015.8732,1017.2055,1018.6768
2025-08-01T13:00:00,8044.678,489.7328,1682975.65,-3044.41,103.5382,0.0,212.8691,1,15019.2,7041.25,10697.852,15346.7184,0.0,0.0,0.0,1.6,2.0,4742.366,2746.7305,1669.4437,1078.4794,1010.4423,1011.79,1013.1448,1014.4335,1015.8732,1017.2055,1018.6768,1020.0617
2025-08-01T19:00:00,4742.366,489.7215,1679932.84,-3042.81,103.351,0.0,210.1568,1,15019.2,3737.49,8044.678,10697.852,0.0,0.0,0.0,1.6,1.6,2746.7305,1669.4437,1078.4794,1010.4423,1011.79,1013.1448,1014.4335,1015.8732,1017.2055,1018.6768,1020.0617,4046.0547
2025-08-02T01:00:00,2746.7305,489.7128,1676891.46,-3041.38,103.1639,0.0,207.4791,1,15019.2,1740.57,4742.366,8044.678,0.0,0.0,0.0,0.0,1.6,1669.4437,1078.4794,1010.4423,1011.79,1013.1448,1014.4335,1015.8732,1017.2055,1018.6768,1020.0617,4046.0547,0.0
2025-08-02T07:00:00,1669.4437,489.7065,1673851.74,-3039.72,102.9769,0.0,204.8355,1,15019.2,661.77,2746.7305,4742.366,0.0,0.0,0.0,0.0,1.6,1078.4794,1010.4423,1011.79,1013.1448,1014.4335,1015.8732,1017.2055,1018.6768,1020.0617,4046.0547,0.0,1030.3085
2025-08-02T13:00:00,1078.4794,489.697,1670813.48,-3038.26,102.79,0.0,202.2256,1,15019.2,69.49,1669.4437,2746.7305,0.0,0.0,0.0,0.0,0.0,1010.4423,1011.79,1013.1448,1014.4335,1015.8732,1017.2055,1018.6768,1020.0617,4046.0547,0.0,1030.3085,1031.6088
2025-08-02T19:00:00,1010.4423,489.6852,1667776.83,-3036.65,102.6031,0.0,199.649,1,15019.2,0.0,1078.4794,1669.4437,0.0,0.0,0.0,0.0,0.0,1011.79,1013.1448,1014.4335,1015.8732,1017.2055,1018.6768,1020.0617,4046.0547,0.0,1030.3085,1031.6088,3442.3331
2025-08-03T01:00:00,1011.79,489.6753,1664741.67,-3035.16,102.4164,0.0,197.1051,1,15019.2,0.0,1010.4423,1078.4794,0.0,0.0,0.0,0.0,0.0,1013.1448,1014.4335,1015.8732,1017.2055,1018.6768,1020.0617,4046.0547,0.0,1030.3085,1031.6088,3442.3331,1033.0397
2025-08-03T07:00:00,1013.1448,489.665,1661708.02,-3033.66,102.2298,0.0,194.5937,1,15019.2,0.0,1011.79,1010.4423,0.0,0.0,0.0,0.0,0.0,1014.4335,1015.8732,1017.2055,1018.6768,1020.0617,4046.0547,0.0,1030.3085,1031.6088,3442.3331,1033.0397,1034.4213
2025-08-03T13:00:00,1014.4335,489.6565,1658675.8,-3032.22,102.0432,0.0,192.1143,1,15019.2,0.0,1013.1448,1011.79,0.0,0.0,0.0,0.0,0.0,1015.8732,1017.2055,1018.6768,1020.0617,4046.0547,0.0,1030.3085,1031.6088,3442.3331,1033.0397,1034.4213,1035.8142
2025-08-03T19:00:00,1015.8732,489.6478,1655645.16,-3030.63,101.8568,0.0,189.6665,1,15019.2,0.0,1014.4335,1013.1448,0.0,0.0,0.0,0.0,0.0,1017.2055,1018.6768,1020.0617,4046.0547,0.0,1030.3085,1031.6088,3442.3331,1033.0397,1034.4213,1035.8142,1037.2255
2025-08-04T01:00:00,1017.2055,489.6382,1652616.01,-3029.16,101.6704,0.0,187.2499,1,15019.2,0.0,1015.8732,1014.4335,0.0,0.0,0.0,0.0,0.0,1018.6768,1020.0617,4046.0547,0.0,1030.3085,1031.6088,3442.3331,1033.0397,1034.4213,1035.8142,1037.2255,1038.6071
2025-08-04T07:00:00,1018.6768,489.6282,1649588.47,-3027.53,101.4842,0.0,184.8641,1,15019.2,0.0,1017.2055,1015.8732,0.0,0.0,0.0,0.0,0.0,1020.0617,4046.0547,0.0,1030.3085,1031.6088,3442.3331,1033.0397,1034.4213,1035.8142,1037.2255,1038.6071,1039.8978
2025-08-04T13:00:00,1020.0617,489.6182,1646562.48,-3025.99,101.298,0.0,182.5086,1,15019.2,0.0,1018.6768,1017.2055,0.0,0.0,0.0,0.0,0.0,4046.0547,0.0,1030.3085,1031.6088,3442.3331,1033.0397,1034.4213,1035.8142,1037.2255,1038.6071,1039.8978,4043.9148
2025-08-04T19:00:00,4046.0547,489.6107,1646562.48,0.0,101.298,0.0,180.1832,1,15019.2,0.0,1020.0617,1018.6768,0.0,0.0,0.0,0.0,0.0,0.0,1030.3085,1031.6088,3442.3331,1033.0397,1034.4213,1035.8142,1037.2255,1038.6071,1039.8978,4043.9148,1041.3992
2025-08-05T01:00:00,0.0,489.598,1640521.87,-6040.6,100.9264,0.0,177.8874,1,15019.2,0.0,4046.0547,1020.0617,0.0,0.0,0.0,0.0,0.0,1030.3085,1031.6088,3442.3331,1033.0397,1034.4213,1035.8142,1037.2255,1038.6071,1039.8978,4043.9148,1041.3992,922.7003
2025-08-05T07:00:00,1030.3085,489.588,1637507.22,-3014.65,100.7409,0.0,175.6209,1,15019.2,0.0,0.0,4046.0547,0.0,0.0,0.0,0.0,0.0,1031.6088,3442.3331,1033.0397,1034.4213,1035.8142,1037.2255,1038.6071,1039.8978,4043.9148,1041.3992,922.7003,744.1868
2025-08-05T13:00:00,1031.6088,489.5762,1634494.02,-3013.2,100.5555,0.0,173.3832,1,15019.2,0.0,1030.3085,0.0,0.0,0.0,0.0,0.0,0.0,3442.3331,1033.0397,1034.4213,1035.8142,1037.2255,1038.6071,1039.8978,4043.9148,1041.3992,922.7003,744.1868,4043.4737
2025-08-05T19:00:00,3442.3331,489.572,1634494.02,0.0,100.5555,2.0,173.174,1,15019.2,0.0,1031.6088,1030.3085,0.0,0.0,2.0,2.0,2.0,1033.0397,1034.4213,1035.8142,1037.2255,1038.6071,1039.8978,4043.9148,1041.3992,922.7003,744.1868,4043.4737,1045.4533
2025-08-06T01:00:00,1033.0397,489.5613,1631482.4,-3011.62,100.3703,0.0,170.9675,1,15019.2,0.0,3442.3331,1031.6088,2.0,0.0,2.0,2.0,2.0,1034.4213,1035.8142,1037.2255,1038.6071,1039.8978,4043.9148,1041.3992,922.7003,744.1868,4043.4737,1045.4533,747.2455
2025-08-06T07:00:00,1034.4213,489.554,1628472.31,-3010.09,100.1851,0.0,168.7892,1,15019.2,0.0,1033.0397,3442.3331,0.0,2.0,2.0,2.0,2.0,1035.8142,1037.2255,1038.6071,1039.8978,4043.9148,1041.3992,922.7003,744.1868,4043.4737,1045.4533,747.2455,269.6892
2025-08-06T13:00:00,1035.8142,489.5445,1625463.76,-3008.55,100.0,0.0,166.6385,1,15019.2,0.0,1034.4213,1033.0397,0.0,0.0,0.0,2.0,2.0,1037.2255,1038.6071,1039.8978,4043.9148,1041.3992,922.7003,744.1868,4043.4737,1045.4533,747.2455,269.6892,989.5834
2025-08-06T19:00:00,1037.2255,489.5368,1622456.77,-3006.99,99.815,0.0,164.5153,1,15019.2,0.0,1035.8142,1034.4213,0.0,0.0,0.0,2.0,2.0,1038.6071,1039.8978,4043.9148,1041.3992,922.7003,744.1868,4043.4737,1045.4533,747.2455,269.6892,989.5834,4042.8925
2025-08-07T01:00:00,1038.6071,489.5283,1619451.32,-3005.46,99.6301,0.0,162.4192,1,15019.2,0.0,1037.2255,1035.8142,0.0,0.0,0.0,0.0,2.0,1039.8978,4043.9148,1041.3992,922.7003,744.1868,4043.4737,1045.4533,747.2455,269.6892,989.5834,4042.8925,1050.8579
2025-08-07T07:00:00,1039.8978,489.5197,1616447.3,-3004.02,99.4453,0.0,160.3497,1,15019.2,0.0,1038.6071,1037.2255,0.0,0.0,0.0,0.0,2.0,4043.9148,1041.3992,922.7003,744.1868,4043.4737,1045.4533,747.2455,269.6892,989.5834,4042.8925,1050.8579,1052.2518
2025-08-07T13:00:00,4043.9148,489.512,1616447.3,0.0,99.4453,0.0,158.3066,1,15019.2,0.0,1039.8978,1038.6071,0.0,0.0,0.0,0.0,0.0,1041.3992,922.7003,744.1868,4043.4737,1045.4533,747.2455,269.6892,989.5834,4042.8925,1050.8579,1052.2518,1053.6307
2025-08-07T19:00:00,1041.3992,489.5022,1613444.93,-3002.37,99.2606,0.0,156.2896,1,15019.2,0.0,4043.9148,1039.8978,0.0,0.0,0.0,0.0,0.0,922.7003,744.1868,4043.4737,1045.4533,747.2455,269.6892,989.5834,4042.8925,1050.8579,1052.2518,1053.6307,1055.1545
2025-08-08T01:00:00,922.7003,489.4942,1610444.02,-3000.91,99.076,0.4,154.6982,1,15019.2,0.0,1041.3992,4043.9148,0.0,0.0,0.4,0.4,0.4,744.1868,4043.4737,1045.4533,747.2455,269.6892,989.5834,4042.8925,1050.8579,1052.2518,1053.6307,1055.1545,1070.9997
2025-08-08T07:00:00,744.1868,489.4882,1607444.59,-2999.42,98.8914,1.0,153.7271,1,15019.2,0.0,922.7003,1041.3992,0.4,0.0,1.4,1.4,1.4,4043.4737,1045.4533,747.2455,269.6892,989.5834,4042.8925,1050.8579,1052.2518,1053.6307,1055.1545,1070.9997,1072.8572
2025-08-08T13:00:00,4043.4737,489.4805,1607444.59,0.0,98.8914,0.0,151.7684,1,15019.2,0.0,744.1868,922.7003,1.0,0.4,1.4,1.4,1.4,1045.4533,747.2455,269.6892,989.5834,4042.8925,1050.8579,1052.2518,1053.6307,1055.1545,1070.9997,1072.8572,1074.4064
2025-08-08T19:00:00,1045.4533,489.4732,1604446.72,-2997.87,98.707,0.0,149.8347,1,15019.2,0.0,4043.4737,744.1868,0.0,1.0,1.0,1.4,1.4,747.2455,269.6892,989.5834,4042.8925,1050.8579,1052.2518,1053.6307,1055.1545,1070.9997,1072.8572,1074.4064,4040.2144
2025-08-09T01:00:00,747.2455,489.4647,1601450.34,-2996.37,98.5227,1.0,148.9256,1,15019.2,0.0,1045.4533,4043.4737,0.0,0.0,1.0,2.4,2.4,269.6892,989.5834,4042.8925,1050.8579,1052.2518,1053.6307,1055.1545,1070.9997,1072.8572,1074.4064,4040.2144,4040.2144
2025-08-09T07:00:00,269.6892,489.458,1598455.47,-2994.87,98.3384,2.6,149.628,1,15019.2,0.0,747.2455,1045.4533,1.0,0.0,3.6,4.6,5.0,989.5834,4042.8925,1050.8579,1052.2518,1053.6307,1055.1545,1070.9997,1072.8572,1074.4064,4040.2144,4040.2144,4040.2144
2025-08-09T13:00:00,989.5834,489.4493,1595462.02,-2993.46,98.1543,0.2,147.9216,1,15019.2,0.0,269.6892,747.2455,2.6,1.0,3.8000000000000003,3.8000000000000003,5.2,4042.8925,1050.8579,1052.2518,1053.6307,1055.1545,1070.9997,1072.8572,1074.4064,4040.2144,4040.2144,4040.2144,0.0
2025-08-09T19:00:00,4042.8925,489.443,1595462.02,0.0,98.1543,0.0,146.0368,1,15019.2,0.0,989.5834,269.6892,0.2,2.6,2.8000000000000003,3.8000000000000003,4.8,1050.8579,1052.2518,1053.6307,1055.1545,1070.9997,1072.8572,1074.4064,4040.2144,4040.2144,4040.2144,0.0,24484.1658
2025-08-10T01:00:00,1050.8579,489.435,1592470.13,-2991.89,97.9702,0.0,144.1761,1,15019.2,0.0,4042.8925,989.5834,0.0,0.2,0.2,3.8000000000000003,3.8000000000000003,1052.2518,1053.6307,1055.1545,1070.9997,1072.8572,1074.4064,4040.2144,4040.2144,4040.2144,0.0,24484.1658,10034.5739
2025-08-10T07:00:00,1052.2518,489.4245,1589479.78,-2990.35,97.7862,0.0,142.3391,1,15019.2,0.0,1050.8579,4042.8925,0.0,0.0,0.0,2.8000000000000003,3.8000000000000003,1053.6307,1055.1545,1070.9997,1072.8572,1074.4064,4040.2144,4040.2144,4040.2144,0.0,24484.1658,10034.5739,10040.919
2025-08-10T13:00:00,1053.6307,489.4143,1586490.96,-2988.82,97.6024,0.0,140.5255,1,15019.2,0.0,1052.2518,1050.8579,0.0,0.0,0.0,0.2,3.8000000000000003,1055.1545,1070.9997,1072.8572,1074.4064,4040.2144,4040.2144,4040.2144,0.0,24484.1658,10034.5739,10040.919,3623.6016
2025-08-10T19:00:00,1055.1545,489.4047,1583503.92,-2987.05,97.4186,0.0,138.735,1,15019.2,0.0,1053.6307,1052.2518,0.0,0.0,0.0,0.0,2.8000000000000003,1070.9997,1072.8572,1074.4064,4040.2144,4040.2144,4040.2144,0.0,24484.1658,10034.5739,10040.919,3623.6016,22011.9805
2025-08-11T01:00:00,1070.9997,489.397,1580534.36,-2969.56,97.2359,0.0,136.9673,1,15019.2,0.0,1055.1545,1053.6307,0.0,0.0,0.0,0.0,0.2,1072.8572,1074.4064,4040.2144,4040.2144,4040.2144,0.0,24484.1658,10034.5739,10040.919,3623.6016,22011.9805,13084.5931
2025-08-11T07:00:00,1072.8572,489.3865,1577566.83,-2967.53,97.0533,0.0,135.2221,1,15019.2,0.0,1070.9997,1055.1545,0.0,0.0,0.0,0.0,0.0,1074.4064,4040.2144,4040.2144,4040.2144,0.0,24484.1658,10034.5739,10040.919,3623.6016,22011.9805,13084.5931,4045.1141
2025-08-11T13:00:00,1074.4064,489.3782,1574601.03,-2965.81,96.8709,0.0,133.4992,1,15019.2,0.0,1072.8572,1070.9997,0.0,0.0,0.0,0.0,0.0,4040.2144,4040.2144,4040.2144,0.0,24484.1658,10034.5739,10040.919,3623.6016,22011.9805,13084.5931,4045.1141,2838.9129
2025-08-11T19:00:00,4040.2144,489.377,1574601.03,0.0,96.8709,0.0,131.7982,1,15019.2,0.0,1074.4064,1072.8572,0.0,0.0,0.0,0.0,0.0,4040.2144,4040.2144,0.0,24484.1658,10034.5739,10040.919,3623.6016,22011.9805,13084.5931,4045.1141,2838.9129,4045.1141
2025-08-12T01:00:00,4040.2144,489.3777,1574601.03,0.0,96.8709,0.0,130.1189,1,15019.2,0.0,4040.2144,1074.4064,0.0,0.0,0.0,0.0,0.0,4040.2144,0.0,24484.1658,10034.5739,10040.919,3623.6016,22011.9805,13084.5931,4045.1141,2838.9129,4045.1141,1030.3085
2025-08-12T07:00:00,4040.2144,489.3743,1574601.03,0.0,96.8709,0.0,128.461,1,15019.2,0.0,4040.2144,4040.2144,0.0,0.0,0.0,0.0,0.0,0.0,24484.1658,10034.5739,10040.919,3623.6016,22011.9805,13084.5931,4045.1141,2838.9129,4045.1141,1030.3085,4044.963
2025-08-12T13:00:00,0.0,489.378,1574601.03,0.0,96.8709,15.6,142.4242,1,15019.2,0.0,4040.2144,4040.2144,0.0,0.0,15.6,15.6,15.6,24484.1658,10034.5739,10040.919,3623.6016,22011.9805,13084.5931,4045.1141,2838.9129,4045.1141,1030.3085,4044.963,1031.6088
2025-08-12T19:00:00,24484.1658,489.4507,1598455.47,23854.45,98.3384,11.4,152.0095,1,15019.2,0.0,0.0,4040.2144,15.6,0.0,27.0,27.0,27.0,10034.5739,10040.919,3623.6016,22011.9805,13084.5931,4045.1141,2838.9129,4045.1141,1030.3085,4044.963,1031.6088,19316.0359
2025-08-13T01:00:00,10034.5739,489.479,1604446.72,5991.25,98.707,0.0,150.0727,1,15019.2,0.0,24484.1658,0.0,11.4,15.6,27.0,27.0,27.0,10040.919,3623.6016,22011.9805,13084.5931,4045.1141,2838.9129,4045.1141,1030.3085,4044.963,1031.6088,19316.0359,16184.9295
2025-08-13T07:00:00,10040.919,489.49,1610444.02,5997.3,99.076,0.0,148.1606,1,15019.2,0.0,10034.5739,24484.1658,0.0,11.4,11.4,27.0,27.0,3623.6016,22011.9805,13084.5931,4045.1141,2838.9129,4045.1141,1030.3085,4044.963,1031.6088,19316.0359,16184.9295,3196.7494
2025-08-13T13:00:00,3623.6016,489.4995,1610444.02,0.0,99.076,1.4,147.6728,1,15019.2,0.0,10040.919,10034.5739,0.0,0.0,1.4,28.4,28.4,22011.9805,13084.5931,4045.1141,2838.9129,4045.1141,1030.3085,4044.963,1031.6088,19316.0359,16184.9295,3196.7494,828.2851
2025-08-13T19:00:00,22011.9805,489.5633,1631482.4,21038.38,100.3703,10.2,155.9912,1,15019.2,0.0,3623.6016,10040.919,1.4,0.0,11.6,23.0,38.599999999999994,13084.5931,4045.1141,2838.9129,4045.1141,1030.3085,4044.963,1031.6088,19316.0359,16184.9295,3196.7494,828.2851,173069.7775
2025-08-14T01:00:00,13084.5931,489.5913,1640521.87,9039.48,100.9264,0.0,154.0037,1,15019.2,0.0,22011.9805,3623.6016,10.2,1.4,11.6,11.6,38.599999999999994,4045.1141,2838.9129,4045.1141,1030.3085,4044.963,1031.6088,19316.0359,16184.9295,3196.7494,828.2851,173069.7775,141684.0207
2025-08-14T07:00:00,4045.1141,489.5977,1640521.87,0.0,100.9264,0.0,152.0414,1,15019.2,0.0,13084.5931,22011.9805,0.0,10.2,10.2,11.6,23.0,2838.9129,4045.1141,1030.3085,4044.963,1031.6088,19316.0359,16184.9295,3196.7494,828.2851,173069.7775,141684.0207,94532.4988
2025-08-14T13:00:00,2838.9129,489.5977,1640521.87,0.0,100.9264,4.0,154.1042,1,15019.2,0.0,4045.1141,13084.5931,0.0,0.0,4.0,15.6,15.6,4045.1141,1030.3085,4044.963,1031.6088,19316.0359,16184.9295,3196.7494,828.2851,173069.7775,141684.0207,94532.4988,74244.086
2025-08-14T19:00:00,4045.1141,489.5963,1640521.87,0.0,100.9264,0.0,152.1407,1,15019.2,0.0,2838.9129,4045.1141,4.0,0.0,4.0,14.2,15.6,1030.3085,4044.963,1031.6088,19316.0359,16184.9295,3196.7494,828.2851,173069.7775,141684.0207,94532.4988,74244.086,102722.4001
2025-08-15T01:00:00,1030.3085,489.5868,1637507.22,-3014.65,100.7409,0.0,150.2022,1,15019.2,0.0,4045.1141,2838.9129,0.0,4.0,4.0,4.0,15.6,4044.963,1031.6088,19316.0359,16184.9295,3196.7494,828.2851,173069.7775,141684.0207,94532.4988,74244.086,102722.4001,84304.2618
2025-08-15T07:00:00,4044.963,489.5802,1637507.22,0.0,100.7409,0.0,148.2884,1,15019.2,0.0,1030.3085,4045.1141,0.0,0.0,0.0,4.0,14.2,1031.6088,19316.0359,16184.9295,3196.7494,828.2851,173069.7775,141684.0207,94532.4988,74244.086,102722.4001,84304.2618,59225.3357
2025-08-15T13:00:00,1031.6088,489.5712,1634494.02,-3013.2,100.5555,0.0,146.399,1,15019.2,0.0,4044.963,1030.3085,0.0,0.0,0.0,4.0,4.0,19316.0359,16184.9295,3196.7494,828.2851,173069.7775,141684.0207,94532.4988,74244.086,102722.4001,84304.2618,59225.3357,42388.8753
2025-08-15T19:00:00,19316.0359,489.6598,1658675.8,24181.78,102.0432,29.4,173.9337,1,15019.2,0.0,1031.6088,4044.963,0.0,0.0,29.4,29.4,33.4,16184.9295,3196.7494,828.2851,173069.7775,141684.0207,94532.4988,74244.086,102722.4001,84304.2618,59225.3357,42388.8753,35190.0403
2025-08-16T01:00:00,16184.9295,489.6925,1670813.48,12137.69,102.79,0.0,171.7175,1,15019.2,0.0,19316.0359,1031.6088,29.4,0.0,29.4,29.4,33.4,3196.7494,828.2851,173069.7775,141684.0207,94532.4988,74244.086,102722.4001,84304.2618,59225.3357,42388.8753,35190.0403,28898.2148
2025-08-16T07:00:00,3196.7494,489.6925,1670813.48,0.0,102.79,2.8,172.3296,1,15019.2,0.0,16184.9295,19316.0359,0.0,29.4,32.199999999999996,32.199999999999996,32.199999999999996,828.2851,173069.7775,141684.0207,94532.4988,74244.086,102722.4001,84304.2618,59225.3357,42388.8753,35190.0403,28898.2148,16999.2764
2025-08-16T13:00:00,828.2851,489.6852,1667776.83,-3036.65,102.6031,0.6,170.7338,1,15019.2,0.0,3196.7494,16184.9295,2.8,0.0,3.4,32.8,32.8,173069.7775,141684.0207,94532.4988,74244.086,102722.4001,84304.2618,59225.3357,42388.8753,35190.0403,28898.2148,16999.2764,9744.1472
2025-08-16T19:00:00,173069.7775,489.9055,1735058.57,67281.74,106.7424,37.6,206.1584,1,15019.2,113325.27,828.2851,3196.7494,0.6,2.8,41.0,70.4,70.4,141684.0207,94532.4988,74244.086,102722.4001,84304.2618,59225.3357,42388.8753,35190.0403,28898.2148,16999.2764,9744.1472,9147.8739
2025-08-17T01:00:00,141684.0207,489.9312,1744312.38,9253.8,107.3117,8.8,212.3317,1,15019.2,131094.8,173069.7775,828.2851,37.6,0.6,47.0,49.8,79.2,94532.4988,74244.086,102722.4001,84304.2618,59225.3357,42388.8753,35190.0403,28898.2148,16999.2764,9744.1472,9147.8739,4459.1931
2025-08-17T07:00:00,94532.4988,489.8965,1731977.26,-12335.12,106.5528,0.2,209.8263,1,15019.2,102877.81,141684.0207,173069.7775,8.8,37.6,46.60000000000001,50.0,79.4,74244.086,102722.4001,84304.2618,59225.3357,42388.8753,35190.0403,28898.2148,16999.2764,9744.1472,9147.8739,4459.1931,0.0
2025-08-17T13:00:00,74244.086,489.867,1722743.39,-9233.87,105.9847,3.8,210.9528,1,15019.2,80595.74,94532.4988,141684.0207,0.2,8.8,12.8,51.0,53.8,102722.4001,84304.2618,59225.3357,42388.8753,35190.0403,28898.2148,16999.2764,9744.1472,9147.8739,4459.1931,0.0,1078.4794
2025-08-17T19:00:00,102722.4001,489.886,1728897.66,6154.27,106.3633,6.8,215.0649,1,15019.2,94610.48,74244.086,94532.4988,3.8,0.2,10.8,57.2,60.599999999999994,84304.2618,59225.3357,42388.8753,35190.0403,28898.2148,16999.2764,9744.1472,9147.8739,4459.1931,0.0,1078.4794,1010.4423
2025-08-18T01:00:00,84304.2618,489.8708,1725819.69,-3077.97,106.174,0.0,212.3247,1,15019.2,83331.13,102722.4001,74244.086,6.8,3.8,10.6,19.6,57.8,59225.3357,42388.8753,35190.0403,28898.2148,16999.2764,9744.1472,9147.8739,4459.1931,0.0,1078.4794,1010.4423,1011.79
2025-08-18T07:00:00,59225.3357,489.8438,1716595.66,-9224.03,105.6065,0.0,209.6194,1,15019.2,64398.75,84304.2618,102722.4001,0.0,6.8,6.8,10.8,57.2,42388.8753,35190.0403,28898.2148,16999.2764,9744.1472,9147.8739,4459.1931,0.0,1078.4794,1010.4423,1011.79,1013.1448
2025-08-18T13:00:00,42388.8753,489.8175,1707386.39,-9209.27,105.04,0.0,206.9485,1,15019.2,47548.02,59225.3357,84304.2618,0.0,0.0,0.0,10.6,19.6,35190.0403,28898.2148,16999.2764,9744.1472,9147.8739,4459.1931,0.0,1078.4794,1010.4423,1011.79,1013.1448,4046.8005
2025-08-18T19:00:00,35190.0403,489.7998,1701265.99,-6120.4,104.6634,0.0,204.3117,1,15019.2,37261.67,42388.8753,59225.3357,0.0,0.0,0.0,6.8,10.8,28898.2148,16999.2764,9744.1472,9147.8739,4459.1931,0.0,1078.4794,1010.4423,1011.79,1013.1448,4046.8005,832.5479
2025-08-19T01:00:00,28898.2148,489.7823,1698213.64,-3052.34,104.4756,0.0,201.7085,1,15019.2,27901.94,35190.0403,42388.8753,0.0,0.0,0.0,0.0,10.6,16999.2764,9744.1472,9147.8739,4459.1931,0.0,1078.4794,1010.4423,1011.79,1013.1448,4046.8005,832.5479,1015.8732
2025-08-19T07:00:00,16999.2764,489.7638,1692113.66,-6099.98,104.1004,0.0,199.1384,1,15019.2,19050.95,28898.2148,35190.0403,0.0,0.0,0.0,0.0,6.8,9744.1472,9147.8739,4459.1931,0.0,1078.4794,1010.4423,1011.79,1013.1448,4046.8005,832.5479,1015.8732,0.0
2025-08-19T13:00:00,9744.1472,489.747,1686020.07,-6093.59,103.7255,0.8,197.4011,1,15019.2,12033.36,16999.2764,28898.2148,0.0,0.0,0.8,0.8,0.8,9147.8739,4459.1931,0.0,1078.4794,1010.4423,1011.79,1013.1448,4046.8005,832.5479,1015.8732,0.0,10227.1974
2025-08-19T19:00:00,9147.8739,489.7362,1682975.65,-3044.41,103.5382,0.0,194.8859,1,15019.2,8144.44,9744.1472,16999.2764,0.8,0.0,0.8,0.8,0.8,4459.1931,0.0,1078.4794,1010.4423,1011.79,1013.1448,4046.8005,832.5479,1015.8732,0.0,10227.1974,832.5479
2025-08-20T01:00:00,4459.1931,489.7203,1679932.84,-3042.81,103.351,0.0,192.4028,1,15019.2,3454.31,9147.8739,9744.1472,0.0,0.8,0.8,0.8,0.8,0.0,1078.4794,1010.4423,1011.79,1013.1448,4046.8005,832.5479,1015.8732,0.0,10227.1974,832.5479,955.2747
2025-08-20T07:00:00,0.0,489.709,1673851.74,-6081.1,102.9769,0.0,189.9513,1,15019.2,1046.07,4459.1931,9147.8739,0.0,0.0,0.0,0.8,0.8,1078.4794,1010.4423,1011.79,1013.1448,4046.8005,832.5479,1015.8732,0.0,10227.1974,832.5479,955.2747,108.681
2025-08-20T13:00:00,1078.4794,489.6968,1670813.48,-3038.26,102.79,0.0,187.531,1,15019.2,69.49,0.0,4459.1931,0.0,0.0,0.0,0.8,0.8,1010.4423,1011.79,1013.1448,4046.8005,832.5479,1015.8732,0.0,10227.1974,832.5479,955.2747,108.681,2895.5631
2025-08-20T19:00:00,1010.4423,489.6863,1667776.83,-3036.65,102.6031,0.0,185.1416,1,15019.2,0.0,1078.4794,0.0,0.0,0.0,0.0,0.0,0.8,1011.79,1013.1448,4046.8005,832.5479,1015.8732,0.0,10227.1974,832.5479,955.2747,108.681,2895.5631,9075.7588
2025-08-21T01:00:00,1011.79,489.677,1664741.67,-3035.16,102.4164,0.0,182.7826,1,15019.2,0.0,1010.4423,1078.4794,0.0,0.0,0.0,0.0,0.8,1013.1448,4046.8005,832.5479,1015.8732,0.0,10227.1974,832.5479,955.2747,108.681,2895.5631,9075.7588,16393.4129
2025-08-21T07:00:00,1013.1448,489.6663,1661708.02,-3033.66,102.2298,0.0,180.4537,1,15019.2,0.0,1011.79,1010.4423,0.0,0.0,0.0,0.0,0.0,4046.8005,832.5479,1015.8732,0.0,10227.1974,832.5479,955.2747,108.681,2895.5631,9075.7588,16393.4129,7974.4419
2025-08-21T13:00:00,4046.8005,489.661,1661708.02,0.0,102.2298,0.0,178.1545,1,15019.2,0.0,1013.1448,1011.79,0.0,0.0,0.0,0.0,0.0,832.5479,1015.8732,0.0,10227.1974,832.5479,955.2747,108.681,2895.5631,9075.7588,16393.4129,7974.4419,8780.7835
2025-08-21T19:00:00,832.5479,489.6512,1658675.8,-3032.22,102.0432,0.6,176.4845,1,15019.2,0.0,4046.8005,1013.1448,0.0,0.0,0.6,0.6,0.6,1015.8732,0.0,10227.1974,832.5479,955.2747,108.681,2895.5631,9075.7588,16393.4129,7974.4419,8780.7835,0.0
2025-08-22T01:00:00,1015.8732,489.6433,1655645.16,-3030.63,101.8568,0.0,174.2359,1,15019.2,0.0,832.5479,4046.8005,0.6,0.0,0.6,0.6,0.6,0.0,10227.1974,832.5479,955.2747,108.681,2895.5631,9075.7588,16393.4129,7974.4419,8780.7835,0.0,1008.9849
2025-08-22T07:00:00,0.0,489.6397,1652616.01,-3029.16,101.6704,14.6,186.6158,1,15019.2,0.0,1015.8732,832.5479,0.0,0.6,15.2,15.2,15.2,10227.1974,832.5479,955.2747,108.681,2895.5631,9075.7588,16393.4129,7974.4419,8780.7835,0.0,1008.9849,403.2516
2025-08-22T13:00:00,10227.1974,489.6607,1661708.02,9092.01,102.2298,9.6,193.8381,1,15019.2,0.0,0.0,1015.8732,14.6,0.0,24.2,24.799999999999997,24.799999999999997,832.5479,955.2747,108.681,2895.5631,9075.7588,16393.4129,7974.4419,8780.7835,0.0,1008.9849,403.2516,4047.0949
2025-08-22T19:00:00,832.5479,489.6517,1658675.8,-3032.22,102.0432,0.6,191.9683,1,15019.2,0.0,10227.1974,0.0,9.6,14.6,24.8,25.4,25.4,955.2747,108.681,2895.5631,9075.7588,16393.4129,7974.4419,8780.7835,0.0,1008.9849,403.2516,4047.0949,0.0
2025-08-23T01:00:00,955.2747,489.6418,1655645.16,-3030.63,101.8568,0.2,189.7224,1,15019.2,0.0,832.5479,10227.1974,0.6,9.6,10.399999999999999,25.0,25.599999999999998,108.681,2895.5631,9075.7588,16393.4129,7974.4419,8780.7835,0.0,1008.9849,403.2516,4047.0949,0.0,1015.8732
2025-08-23T07:00:00,108.681,489.6385,1652616.01,-3029.16,101.6704,3.0,190.305,1,15019.2,0.0,955.2747,832.5479,0.2,0.6,3.8,28.0,28.599999999999998,2895.5631,9075.7588,16393.4129,7974.4419,8780.7835,0.0,1008.9849,403.2516,4047.0949,0.0,1015.8732,0.0
2025-08-23T13:00:00,2895.5631,489.6338,1652616.01,0.0,101.6704,3.8,191.6803,1,15019.2,0.0,108.681,955.2747,3.0,0.2,7.0,17.2,31.8,9075.7588,16393.4129,7974.4419,8780.7835,0.0,1008.9849,403.2516,4047.0949,0.0,1015.8732,0.0,3318.5557
2025-08-23T19:00:00,9075.7588,489.6535,1658675.8,6059.79,102.0432,3.4,192.638,1,15019.2,0.0,2895.5631,108.681,3.8,3.0,10.2,11.0,35.2,16393.4129,7974.4419,8780.7835,0.0,1008.9849,403.2516,4047.0949,0.0,1015.8732,0.0,3318.5557,12337.3543
2025-08-24T01:00:00,16393.4129,489.6995,1670813.48,12137.69,102.79,0.0,190.1835,1,15019.2,208.48,9075.7588,2895.5631,3.4,3.8,7.199999999999999,10.4,20.599999999999998,7974.4419,8780.7835,0.0,1008.9849,403.2516,4047.0949,0.0,1015.8732,0.0,3318.5557,12337.3543,45862.8407
2025-08-24T07:00:00,7974.4419,489.708,1673851.74,3038.26,102.9769,0.0,187.7603,1,15019.2,888.79,16393.4129,9075.7588,0.0,3.4,3.4,10.2,11.0,8780.7835,0.0,1008.9849,403.2516,4047.0949,0.0,1015.8732,0.0,3318.5557,12337.3543,45862.8407,103791.419
2025-08-24T13:00:00,8780.7835,489.7127,1676891.46,3039.72,103.1639,0.2,185.5679,1,15019.2,1754.33,7974.4419,16393.4129,0.0,0.0,0.2,7.3999999999999995,10.6,0.0,1008.9849,403.2516,4047.0949,0.0,1015.8732,0.0,3318.5557,12337.3543,45862.8407,103791.419,93595.448
2025-08-24T19:00:00,0.0,489.7023,1673851.74,-3039.72,102.9769,11.8,195.0035,1,15019.2,453.54,8780.7835,7974.4419,0.2,0.0,12.0,15.4,22.2,1008.9849,403.2516,4047.0949,0.0,1015.8732,0.0,3318.5557,12337.3543,45862.8407,103791.419,93595.448,83516.1136
2025-08-25T01:00:00,1008.9849,489.694,1670813.48,-3038.26,102.79,0.0,192.5189,1,15019.2,0.0,0.0,8780.7835,11.8,0.2,12.0,12.0,19.2,403.2516,4047.0949,0.0,1015.8732,0.0,3318.5557,12337.3543,45862.8407,103791.419,93595.448,83516.1136,83345.5101
2025-08-25T07:00:00,403.2516,489.6892,1667776.83,-3036.65,102.6031,2.0,192.0659,1,15019.2,0.0,1008.9849,0.0,0.0,11.8,13.8,14.0,17.4,4047.0949,0.0,1015.8732,0.0,3318.5557,12337.3543,45862.8407,103791.419,93595.448,83516.1136,83345.5101,65347.5373
2025-08-25T13:00:00,4047.0949,489.6865,1667776.83,0.0,102.6031,0.0,189.6187,1,15019.2,0.0,403.2516,1008.9849,2.0,0.0,2.0,14.0,14.0,0.0,1015.8732,0.0,3318.5557,12337.3543,45862.8407,103791.419,93595.448,83516.1136,83345.5101,65347.5373,50793.8402
2025-08-25T19:00:00,0.0,489.6523,1658675.8,-9101.03,102.0432,0.0,187.2027,1,15019.2,0.0,4047.0949,403.2516,0.0,2.0,2.0,13.8,14.0,1015.8732,0.0,3318.5557,12337.3543,45862.8407,103791.419,93595.448,83516.1136,83345.5101,65347.5373,50793.8402,39375.3175
2025-08-26T01:00:00,1015.8732,489.6437,1655645.16,-3030.63,101.8568,0.0,184.8175,1,15019.2,0.0,0.0,4047.0949,0.0,0.0,0.0,2.0,14.0,0.0,3318.5557,12337.3543,45862.8407,103791.419,93595.448,83516.1136,83345.5101,65347.5373,50793.8402,39375.3175,29717.3679
2025-08-26T07:00:00,0.0,489.6383,1652616.01,-3029.16,101.6704,12.8,195.2626,1,15019.2,0.0,1015.8732,0.0,0.0,0.0,12.8,14.8,26.6,3318.5557,12337.3543,45862.8407,103791.419,93595.448,83516.1136,83345.5101,65347.5373,50793.8402,39375.3175,29717.3679,25333.3388
2025-08-26T13:00:00,3318.5557,489.6495,1655645.16,3029.16,101.8568,12.4,205.1747,1,15019.2,0.0,0.0,1015.8732,12.8,0.0,25.200000000000003,25.200000000000003,27.200000000000003,12337.3543,45862.8407,103791.419,93595.448,83516.1136,83345.5101,65347.5373,50793.8402,39375.3175,29717.3679,25333.3388,18416.7049
2025-08-26T19:00:00,12337.3543,489.6887,1667776.83,12131.67,102.6031,13.4,215.9605,1,15019.2,226.77,3318.5557,0.0,12.4,12.8,38.6,38.6,40.6,45862.8407,103791.419,93595.448,83516.1136,83345.5101,65347.5373,50793.8402,39375.3175,29717.3679,25333.3388,18416.7049,10460.5716
2025-08-27T01:00:00,45862.8407,489.7628,1692113.66,24336.83,104.1004,10.0,223.2088,1,15019.2,20526.08,12337.3543,3318.5557,13.4,12.4,35.8,48.6,48.6,103791.419,93595.448,83516.1136,83345.5101,65347.5373,50793.8402,39375.3175,29717.3679,25333.3388,18416.7049,10460.5716,8095.3178
2025-08-27T07:00:00,103791.419,489.8552,1719668.7,27555.04,105.7956,0.6,220.9648,1,15019.2,72370.04,45862.8407,12337.3543,10.0,13.4,24.0,49.2,49.2,93595.448,83516.1136,83345.5101,65347.5373,50793.8402,39375.3175,29717.3679,25333.3388,18416.7049,10460.5716,8095.3178,4912.2145
2025-08-27T13:00:00,93595.448,489.8735,1725819.69,6150.99,106.174,6.0,224.1494,1,15019.2,85239.68,103791.419,45862.8407,0.6,10.0,16.6,42.4,55.2,83516.1136,83345.5101,65347.5373,50793.8402,39375.3175,29717.3679,25333.3388,18416.7049,10460.5716,8095.3178,4912.2145,3267.5134
2025-08-27T19:00:00,83516.1136,489.8723,1725819.69,0.0,106.174,16.2,237.4934,1,15019.2,84450.09,93595.448,103791.419,6.0,0.6,22.799999999999997,46.2,71.4,83345.5101,65347.5373,50793.8402,39375.3175,29717.3679,25333.3388,18416.7049,10460.5716,8095.3178,4912.2145,3267.5134,2624.7833
2025-08-28T01:00:00,83345.5101,489.8698,1722743.39,-3076.31,105.9847,0.8,235.2674,1,15019.2,82616.93,83516.1136,93595.448,16.2,6.0,23.0,33.599999999999994,59.39999999999999,65347.5373,50793.8402,39375.3175,29717.3679,25333.3388,18416.7049,10460.5716,8095.3178,4912.2145,3267.5134,2624.7833,6484.3317
2025-08-28T07:00:00,65347.5373,489.8483,1716595.66,-6147.73,105.6065,0.0,232.2698,1,15019.2,67444.65,83345.5101,83516.1136,0.8,16.2,17.0,23.599999999999998,47.0,50793.8402,39375.3175,29717.3679,25333.3388,18416.7049,10460.5716,8095.3178,4912.2145,3267.5134,2624.7833,6484.3317,1716.5745
2025-08-28T13:00:00,50793.8402,489.8262,1710454.44,-6141.22,105.2287,0.0,229.3103,1,15019.2,52884.77,65347.5373,83345.5101,0.0,0.8,0.8,23.0,33.599999999999994,39375.3175,29717.3679,25333.3388,18416.7049,10460.5716,8095.3178,4912.2145,3267.5134,2624.7833,6484.3317,1716.5745,4033.9986
2025-08-28T19:00:00,39375.3175,489.8072,1704320.27,-6134.17,104.8513,0.0,226.3885,1,15019.2,41459.61,50793.8402,65347.5373,0.0,0.0,0.0,17.0,23.599999999999998,29717.3679,25333.3388,18416.7049,10460.5716,8095.3178,4912.2145,3267.5134,2624.7833,6484.3317,1716.5745,4033.9986,36.992
2025-08-29T01:00:00,29717.3679,489.7898,1698213.64,-6106.63,104.4756,0.0,223.504,1,15019.2,31775.38,39375.3175,50793.8402,0.0,0.0,0.0,0.8,23.0,25333.3388,18416.7049,10460.5716,8095.3178,4912.2145,3267.5134,2624.7833,6484.3317,1716.5745,4033.9986,36.992,4044.8768
2025-08-29T07:00:00,25333.3388,489.7752,1695162.85,-3050.79,104.288,0.0,220.6563,1,15019.2,24335.67,29717.3679,39375.3175,0.0,0.0,0.0,0.0,17.0,18416.7049,10460.5716,8095.3178,4912.2145,3267.5134,2624.7833,6484.3317,1716.5745,4033.9986,36.992,4044.8768,1008.0771
2025-08-29T13:00:00,18416.7049,489.7602,1692113.66,-3049.19,104.1004,0.0,217.8448,1,15019.2,17417.59,25333.3388,29717.3679,0.0,0.0,0.0,0.0,0.8,10460.5716,8095.3178,4912.2145,3267.5134,2624.7833,6484.3317,1716.5745,4033.9986,36.992,4044.8768,1008.0771,3619.696
2025-08-29T19:00:00,10460.5716,489.7482,1686020.07,-6093.59,103.7255,0.0,215.0691,1,15019.2,12506.17,18416.7049,25333.3388,0.0,0.0,0.0,0.0,0.0,8095.3178,4912.2145,3267.5134,2624.7833,6484.3317,1716.5745,4033.9986,36.992,4044.8768,1008.0771,3619.696,1009.4259
2025-08-30T01:00:00,8095.3178,489.733,1682975.65,-3044.41,103.5382,0.0,212.3288,1,15019.2,7091.89,10460.5716,18416.7049,0.0,0.0,0.0,0.0,0.0,4912.2145,3267.5134,2624.7833,6484.3317,1716.5745,4033.9986,36.992,4044.8768,1008.0771,3619.696,1009.4259,1010.7818
2025-08-30T07:00:00,4912.2145,489.722,1679932.84,-3042.81,103.351,0.0,209.6234,1,15019.2,3907.33,8095.3178,10460.5716,0.0,0.0,0.0,0.0,0.0,3267.5134,2624.7833,6484.3317,1716.5745,4033.9986,36.992,4044.8768,1008.0771,3619.696,1009.4259,1010.7818,4044.4376
2025-08-30T13:00:00,3267.5134,489.7153,1676891.46,-3041.38,103.1639,0.0,206.9525,1,15019.2,2261.35,4912.2145,8095.3178,0.0,0.0,0.0,0.0,0.0,2624.7833,6484.3317,1716.5745,4033.9986,36.992,4044.8768,1008.0771,3619.696,1009.4259,1010.7818,4044.4376,1012.0718
2025-08-30T19:00:00,2624.7833,489.7158,1676891.46,0.0,103.1639,12.6,216.9157,1,15019.2,2408.34,3267.5134,4912.2145,0.0,0.0,12.6,12.6,12.6,6484.3317,1716.5745,4033.9986,36.992,4044.8768,1008.0771,3619.696,1009.4259,1010.7818,4044.4376,1012.0718,3074.2355
2025-08-31T01:00:00,6484.3317,489.7162,1676891.46,0.0,103.1639,0.0,214.1518,1,15019.2,2436.79,2624.7833,3267.5134,12.6,0.0,12.6,12.6,12.6,1716.5745,4033.9986,36.992,4044.8768,1008.0771,3619.696,1009.4259,1010.7818,4044.4376,1012.0718,3074.2355,7076.6583
2025-08-31T07:00:00,1716.5745,489.7083,1673851.74,-3039.72,102.9769,0.8,212.2232,1,15019.2,952.02,6484.3317,2624.7833,0.0,12.6,13.4,13.4,13.4,4033.9986,36.992,4044.8768,1008.0771,3619.696,1009.4259,1010.7818,4044.4376,1012.0718,3074.2355,7076.6583,4044.4376
2025-08-31T13:00:00,4033.9986,489.7012,1673851.74,0.0,102.9769,0.6,210.1192,1,15019.2,168.95,1716.5745,6484.3317,0.8,0.0,1.4,14.0,14.0,36.992,4044.8768,1008.0771,3619.696,1009.4259,1010.7818,4044.4376,1012.0718,3074.2355,7076.6583,4044.4376,4044.4376
2025-08-31T19:00:00,36.992,489.697,1670813.48,-3038.26,102.79,3.2,210.642,1,15019.2,0.0,4033.9986,1716.5745,0.6,0.8,4.6,17.2,17.2,4044.8768,1008.0771,3619.696,1009.4259,1010.7818,4044.4376,1012.0718,3074.2355,7076.6583,4044.4376,4044.4376,1012.0718
2025-09-01T01:00:00,4044.8768,489.6918,1670813.48,0.0,102.79,0.0,207.9581,1,15019.2,0.0,36.992,4033.9986,3.2,0.6,3.8000000000000003,4.6,17.2,1008.0771,3619.696,1009.4259,1010.7818,4044.4376,1012.0718,3074.2355,7076.6583,4044.4376,4044.4376,1012.0718,1013.5126
2025-09-01T07:00:00,1008.0771,489.6848,1667776.83,-3036.65,102.6031,0.0,205.3084,1,15019.2,0.0,4044.8768,36.992,0.0,3.2,3.2,4.6,17.2,3619.696,1009.4259,1010.7818,4044.4376,1012.0718,3074.2355,7076.6583,4044.4376,4044.4376,1012.0718,1013.5126,4044.1473
2025-09-01T13:00:00,3619.696,489.68,1667776.83,0.0,102.6031,1.4,204.0925,1,15019.2,0.0,1008.0771,4044.8768,0.0,0.0,1.4,5.2,6.0,1009.4259,1010.7818,4044.4376,1012.0718,3074.2355,7076.6583,4044.4376,4044.4376,1012.0718,1013.5126,4044.1473,1014.8461
2025-09-01T19:00:00,1009.4259,489.6753,1664741.67,-3035.16,102.4164,0.0,201.492,1,15019.2,0.0,3619.696,1008.0771,1.4,0.0,1.4,4.6,6.0,1010.7818,4044.4376,1012.0718,3074.2355,7076.6583,4044.4376,4044.4376,1012.0718,1013.5126,4044.1473,1014.8461,1016.3185
2025-09-02T01:00:00,1010.7818,489.6663,1661708.02,-3033.66,102.2298,0.0,198.9247,1,15019.2,0.0,1009.4259,3619.696,0.0,1.4,1.4,1.4,5.2,4044.4376,1012.0718,3074.2355,7076.6583,4044.4376,4044.4376,1012.0718,1013.5126,4044.1473,1014.8461,1016.3185,1017.7048
2025-09-02T07:00:00,4044.4376,489.662,1661708.02,0.0,102.2298,0.0,196.3902,1,15019.2,0.0,1010.7818,1009.4259,0.0,0.0,0.0,1.4,4.6,1012.0718,3074.2355,7076.6583,4044.4376,4044.4376,1012.0718,1013.5126,4044.1473,1014.8461,1016.3185,1017.7048,4043.6978
2025-09-02T13:00:00,1012.0718,489.6567,1658675.8,-3032.22,102.0432,0.0,193.8879,1,15019.2,0.0,4044.4376,1010.7818,0.0,0.0,0.0,1.4,1.4,3074.2355,7076.6583,4044.4376,4044.4376,1012.0718,1013.5126,4044.1473,1014.8461,1016.3185,1017.7048,4043.6978,1018.685
2025-09-02T19:00:00,3074.2355,489.6597,1658675.8,0.0,102.0432,3.2,194.6174,1,15019.2,0.0,1012.0718,4044.4376,0.0,0.0,3.2,3.2,4.6,7076.6583,4044.4376,4044.4376,1012.0718,1013.5126,4044.1473,1014.8461,1016.3185,1017.7048,4043.6978,1018.685,4042.9471
2025-09-03T01:00:00,7076.6583,489.6665,1661708.02,3032.22,102.2298,0.0,192.1377,1,15019.2,0.0,3074.2355,1012.0718,3.2,0.0,3.2,3.2,4.6,4044.4376,4044.4376,1012.0718,1013.5126,4044.1473,1014.8461,1016.3185,1017.7048,4043.6978,1018.685,4042.9471,1026.4225
2025-09-03T07:00:00,4044.4376,489.662,1661708.02,0.0,102.2298,0.0,189.6896,1,15019.2,0.0,7076.6583,3074.2355,0.0,3.2,3.2,3.2,3.2,4044.4376,1012.0718,1013.5126,4044.1473,1014.8461,1016.3185,1017.7048,4043.6978,1018.685,4042.9471,1026.4225,1027.9603
2025-09-03T13:00:00,4044.4376,489.6617,1661708.02,0.0,102.2298,0.0,187.2727,1,15019.2,0.0,4044.4376,7076.6583,0.0,0.0,0.0,3.2,3.2,1012.0718,1013.5126,4044.1473,1014.8461,1016.3185,1017.7048,4043.6978,1018.685,4042.9471,1026.4225,1027.9603,4042.6148
2025-09-03T19:00:00,1012.0718,489.6542,1658675.8,-3032.22,102.0432,0.0,184.8866,1,15019.2,0.0,4044.4376,4044.4376,0.0,0.0,0.0,3.2,3.2,1013.5126,4044.1473,1014.8461,1016.3185,1017.7048,4043.6978,1018.685,4042.9471,1026.4225,1027.9603,4042.6148,1029.2618
2025-09-04T01:00:00,1013.5126,489.6473,1655645.16,-3030.63,101.8568,0.0,182.5308,1,15019.2,0.0,1012.0718,4044.4376,0.0,0.0,0.0,0.0,3.2,4044.1473,1014.8461,1016.3185,1017.7048,4043.6978,1018.685,4042.9471,1026.4225,1027.9603,4042.6148,1029.2618,1030.694
2025-09-04T07:00:00,4044.1473,489.6401,1655645.16,0.0,101.8568,0.0,180.2051,1,15019.2,0.0,1013.5126,1012.0718,0.0,0.0,0.0,0.0,3.2,1014.8461,1016.3185,1017.7048,4043.6978,1018.685,4042.9471,1026.4225,1027.9603,4042.6148,1029.2618,1030.694,4042.3154
2025-09-04T13:00:00,1014.8461,489.6377,1652616.01,-3029.16,101.6704,0.0,177.9091,1,15019.2,0.0,4044.1473,1013.5126,0.0,0.0,0.0,0.0,0.0,1016.3185,1017.7048,4043.6978,1018.685,4042.9471,1026.4225,1027.9603,4042.6148,1029.2618,1030.694,4042.3154,2717.5451
2025-09-04T19:00:00,1016.3185,489.6265,1649588.47,-3027.53,101.4842,0.0,175.6422,1,15019.2,0.0,1014.8461,4044.1473,0.0,0.0,0.0,0.0,0.0,1017.7048,4043.6978,1018.685,4042.9471,1026.4225,1027.9603,4042.6148,1029.2618,1030.694,4042.3154,2717.5451,4042.3154
2025-09-05T01:00:00,1017.7048,489.6183,1646562.48,-3025.99,101.298,0.0,173.4043,1,15019.2,0.0,1016.3185,1014.8461,0.0,0.0,0.0,0.0,0.0,4043.6978,1018.685,4042.9471,1026.4225,1027.9603,4042.6148,1029.2618,1030.694,4042.3154,2717.5451,4042.3154,1032.0768
2025-09-05T07:00:00,4043.6978,489.6147,1646562.48,0.0,101.298,0.0,171.1949,1,15019.2,0.0,1017.7048,1016.3185,0.0,0.0,0.0,0.0,0.0,1018.685,4042.9471,1026.4225,1027.9603,4042.6148,1029.2618,1030.694,4042.3154,2717.5451,4042.3154,1032.0768,1033.4708
2025-09-05T13:00:00,1018.685,489.6082,1643538.22,-3024.26,101.112,0.0,169.0136,1,15019.2,0.0,4043.6978,1017.7048,0.0,0.0,0.0,0.0,0.0,4042.9471,1026.4225,1027.9603,4042.6148,1029.2618,1030.694,4042.3154,2717.5451,4042.3154,1032.0768,1033.4708,4042.0176
2025-09-05T19:00:00,4042.9471,489.6035,1643538.22,0.0,101.112,0.0,166.8601,1,15019.2,0.0,1018.685,4043.6978,0.0,0.0,0.0,0.0,0.0,1026.4225,1027.9603,4042.6148,1029.2618,1030.694,4042.3154,2717.5451,4042.3154,1032.0768,1033.4708,4042.0176,1034.8834
2025-09-06T01:00:00,1026.4225,489.594,1640521.87,-3016.34,100.9264,0.0,164.7341,1,15019.2,0.0,4042.9471,1018.685,0.0,0.0,0.0,0.0,0.0,1027.9603,4042.6148,1029.2618,1030.694,4042.3154,2717.5451,4042.3154,1032.0768,1033.4708,4042.0176,1034.8834,1036.2662
2025-09-06T07:00:00,1027.9603,489.589,1637507.22,-3014.65,100.7409,0.0,162.6351,1,15019.2,0.0,1026.4225,4042.9471,0.0,0.0,0.0,0.0,0.0,4042.6148,1029.2618,1030.694,4042.3154,2717.5451,4042.3154,1032.0768,1033.4708,4042.0176,1034.8834,1036.2662,1037.558
2025-09-06T13:00:00,4042.6148,489.5883,1637507.22,0.0,100.7409,0.0,160.5629,1,15019.2,0.0,1027.9603,1026.4225,0.0,0.0,0.0,0.0,0.0,1029.2618,1030.694,4042.3154,2717.5451,4042.3154,1032.0768,1033.4708,4042.0176,1034.8834,1036.2662,1037.558,4041.5751
2025-09-06T19:00:00,1029.2618,489.5773,1634494.02,-3013.2,100.5555,0.0,158.5171,1,15019.2,0.0,4042.6148,1027.9603,0.0,0.0,0.0,0.0,0.0,1030.694,4042.3154,2717.5451,4042.3154,1032.0768,1033.4708,4042.0176,1034.8834,1036.2662,1037.558,4041.5751,1039.0606
2025-09-07T01:00:00,1030.694,489.5692,1631482.4,-3011.62,100.3703,0.0,156.4974,1,15019.2,0.0,1029.2618,4042.6148,0.0,0.0,0.0,0.0,0.0,4042.3154,2717.5451,4042.3154,1032.0768,1033.4708,4042.0176,1034.8834,1036.2662,1037.558,4041.5751,1039.0606,1040.3682
2025-09-07T07:00:00,4042.3154,489.565,1631482.4,0.0,100.3703,0.0,154.5034,1,15019.2,0.0,1030.694,1029.2618,0.0,0.0,0.0,0.0,0.0,2717.5451,4042.3154,1032.0768,1033.4708,4042.0176,1034.8834,1036.2662,1037.558,4041.5751,1039.0606,1040.3682,1041.7132
2025-09-07T13:00:00,2717.5451,489.568,1631482.4,0.0,100.3703,4.4,156.9348,1,15019.2,0.0,4042.3154,1030.694,0.0,0.0,4.4,4.4,4.4,4042.3154,1032.0768,1033.4708,4042.0176,1034.8834,1036.2662,1037.558,4041.5751,1039.0606,1040.3682,1041.7132,4041.1375
2025-09-07T19:00:00,4042.3154,489.561,1631482.4,0.0,100.3703,0.0,154.9352,1,15019.2,0.0,2717.5451,4042.3154,4.4,0.0,4.4,4.4,4.4,1032.0768,1033.4708,4042.0176,1034.8834,1036.2662,1037.558,4041.5751,1039.0606,1040.3682,1041.7132,4041.1375,2241.962
2025-09-08T01:00:00,1032.0768,489.5522,1628472.31,-3010.09,100.1851,0.0,152.9611,1,15019.2,0.0,4042.3154,2717.5451,0.0,4.4,4.4,4.4,4.4,1033.4708,4042.0176,1034.8834,1036.2662,1037.558,4041.5751,1039.0606,1040.3682,1041.7132,4041.1375,2241.962,4041.1375
2025-09-08T07:00:00,1033.4708,489.5467,1625463.76,-3008.55,100.0,0.0,151.0122,1,15019.2,0.0,1032.0768,4042.3154,0.0,0.0,0.0,4.4,4.4,4042.0176,1034.8834,1036.2662,1037.558,4041.5751,1039.0606,1040.3682,1041.7132,4041.1375,2241.962,4041.1375,1043.1183
2025-09-08T13:00:00,4042.0176,489.5432,1625463.76,0.0,100.0,0.0,149.088,1,15019.2,0.0,1033.4708,1032.0768,0.0,0.0,0.0,4.4,4.4,1034.8834,1036.2662,1037.558,4041.5751,1039.0606,1040.3682,1041.7132,4041.1375,2241.962,4041.1375,1043.1183,4040.9927
2025-09-08T19:00:00,1034.8834,489.5345,1622456.77,-3006.99,99.815,0.0,147.1884,1,15019.2,0.0,4042.0176,1033.4708,0.0,0.0,0.0,0.0,4.4,1036.2662,1037.558,4041.5751,1039.0606,1040.3682,1041.7132,4041.1375,2241.962,4041.1375,1043.1183,4040.9927,1044.4746
2025-09-09T01:00:00,1036.2662,489.523,1619451.32,-3005.46,99.6301,0.0,145.313,1,15019.2,0.0,1034.8834,4042.0176,0.0,0.0,0.0,0.0,4.4,1037.558,4041.5751,1039.0606,1040.3682,1041.7132,4041.1375,2241.962,4041.1375,1043.1183,4040.9927,1044.4746,1045.8324
2025-09-09T07:00:00,1037.558,489.5168,1616447.3,-3004.02,99.4453,0.0,143.4615,1,15019.2,0.0,1036.2662,1034.8834,0.0,0.0,0.0,0.0,0.0,4041.5751,1039.0606,1040.3682,1041.7132,4041.1375,2241.962,4041.1375,1043.1183,4040.9927,1044.4746,1045.8324,1047.1048
2025-09-09T13:00:00,4041.5751,489.513,1616447.3,0.0,99.4453,0.0,141.6336,1,15019.2,0.0,1037.558,1036.2662,0.0,0.0,0.0,0.0,0.0,1039.0606,1040.3682,1041.7132,4041.1375,2241.962,4041.1375,1043.1183,4040.9927,1044.4746,1045.8324,1047.1048,4040.5609
2025-09-09T19:00:00,1039.0606,489.5058,1613444.93,-3002.37,99.2606,0.0,139.829,1,15019.2,0.0,4041.5751,1037.558,0.0,0.0,0.0,0.0,0.0,1040.3682,1041.7132,4041.1375,2241.962,4041.1375,1043.1183,4040.9927,1044.4746,1045.8324,1047.1048,4040.5609,1048.5275
2025-09-10T01:00:00,1040.3682,489.4955,1610444.02,-3000.91,99.076,0.0,138.0474,1,15019.2,0.0,1039.0606,4041.5751,0.0,0.0,0.0,0.0,0.0,1041.7132,4041.1375,2241.962,4041.1375,1043.1183,4040.9927,1044.4746,1045.8324,1047.1048,4040.5609,1048.5275,1049.9226
2025-09-10T07:00:00,1041.7132,489.4892,1607444.59,-2999.42,98.8914,0.0,136.2885,1,15019.2,0.0,1040.3682,1039.0606,0.0,0.0,0.0,0.0,0.0,4041.1375,2241.962,4041.1375,1043.1183,4040.9927,1044.4746,1045.8324,1047.1048,4040.5609,1048.5275,1049.9226,1051.3028
2025-09-10T13:00:00,4041.1375,489.486,1607444.59,0.0,98.8914,0.0,134.552,1,15019.2,0.0,1041.7132,1040.3682,0.0,0.0,0.0,0.0,0.0,2241.962,4041.1375,1043.1183,4040.9927,1044.4746,1045.8324,1047.1048,4040.5609,1048.5275,1049.9226,1051.3028,1052.8285
2025-09-10T19:00:00,2241.962,489.4803,1607444.59,0.0,98.8914,6.0,138.8376,1,15019.2,0.0,4041.1375,1041.7132,0.0,0.0,6.0,6.0,6.0,4041.1375,1043.1183,4040.9927,1044.4746,1045.8324,1047.1048,4040.5609,1048.5275,1049.9226,1051.3028,1052.8285,1068.6871
2025-09-11T01:00:00,4041.1375,489.4822,1607444.59,0.0,98.8914,0.0,137.0686,1,15019.2,0.0,2241.962,4041.1375,6.0,0.0,6.0,6.0,6.0,1043.1183,4040.9927,1044.4746,1045.8324,1047.1048,4040.5609,1048.5275,1049.9226,1051.3028,1052.8285,1068.6871,1070.546
2025-09-11T07:00:00,1043.1183,489.477,1604446.72,-2997.87,98.707,0.0,135.3221,1,15019.2,0.0,4041.1375,2241.962,0.0,6.0,6.0,6.0,6.0,4040.9927,1044.4746,1045.8324,1047.1048,4040.5609,1048.5275,1049.9226,1051.3028,1052.8285,1068.6871,1070.546,1072.0965
2025-09-11T13:00:00,4040.9927,489.4748,1604446.72,0.0,98.707,0.0,133.5979,1,15019.2,0.0,1043.1183,4041.1375,0.0,0.0,0.0,6.0,6.0,1044.4746,1045.8324,1047.1048,4040.5609,1048.5275,1049.9226,1051.3028,1052.8285,1068.6871,1070.546,1072.0965,0.0
2025-09-11T19:00:00,1044.4746,489.4682,1601450.34,-2996.37,98.5227,0.0,131.8957,1,15019.2,0.0,4040.9927,1043.1183,0.0,0.0,0.0,6.0,6.0,1045.8324,1047.1048,4040.5609,1048.5275,1049.9226,1051.3028,1052.8285,1068.6871,1070.546,1072.0965,0.0,7003.8793
2025-09-12T01:00:00,1045.8324,489.457,1598455.47,-2994.87,98.3384,0.0,130.2151,1,15019.2,0.0,1044.4746,4040.9927,0.0,0.0,0.0,0.0,6.0,1047.1048,4040.5609,1048.5275,1049.9226,1051.3028,1052.8285,1068.6871,1070.546,1072.0965,0.0,7003.8793,1072.0965
2025-09-12T07:00:00,1047.1048,489.4488,1595462.02,-2993.46,98.1543,0.0,128.556,1,15019.2,0.0,1045.8324,1044.4746,0.0,0.0,0.0,0.0,6.0,4040.5609,1048.5275,1049.9226,1051.3028,1052.8285,1068.6871,1070.546,1072.0965,0.0,7003.8793,1072.0965,1073.7005
2025-09-12T13:00:00,4040.5609,489.4452,1595462.02,0.0,98.1543,0.0,126.918,1,15019.2,0.0,1047.1048,1045.8324,0.0,0.0,0.0,0.0,0.0,1048.5275,1049.9226,1051.3028,1052.8285,1068.6871,1070.546,1072.0965,0.0,7003.8793,1072.0965,1073.7005,2378.3671
2025-09-12T19:00:00,1048.5275,489.4352,1592470.13,-2991.89,97.9702,0.0,125.3009,1,15019.2,0.0,4040.5609,1047.1048,0.0,0.0,0.0,0.0,0.0,1049.9226,1051.3028,1052.8285,1068.6871,1070.546,1072.0965,0.0,7003.8793,1072.0965,1073.7005,2378.3671,
2025-09-13T01:00:00,1049.9226,489.4232,1589479.78,-2990.35,97.7862,0.0,123.7044,1,15019.2,0.0,1048.5275,4040.5609,0.0,0.0,0.0,0.0,0.0,1051.3028,1052.8285,1068.6871,1070.546,1072.0965,0.0,7003.8793,1072.0965,1073.7005,2378.3671,,
2025-09-13T07:00:00,1051.3028,489.414,1586490.96,-2988.82,97.6024,0.0,122.1282,1,15019.2,0.0,1049.9226,1048.5275,0.0,0.0,0.0,0.0,0.0,1052.8285,1068.6871,1070.546,1072.0965,0.0,7003.8793,1072.0965,1073.7005,2378.3671,,,
2025-09-13T13:00:00,1052.8285,489.4033,1583503.92,-2987.05,97.4186,0.0,120.5721,1,15019.2,0.0,1051.3028,1049.9226,0.0,0.0,0.0,0.0,0.0,1068.6871,1070.546,1072.0965,0.0,7003.8793,1072.0965,1073.7005,2378.3671,,,,
2025-09-13T19:00:00,1068.6871,489.3927,1580534.36,-2969.56,97.2359,0.0,119.0359,1,15019.2,0.0,1052.8285,1051.3028,0.0,0.0,0.0,0.0,0.0,1070.546,1072.0965,0.0,7003.8793,1072.0965,1073.7005,2378.3671,,,,,
2025-09-14T01:00:00,1070.546,489.3827,1577566.83,-2967.53,97.0533,0.0,117.5192,1,15019.2,0.0,1068.6871,1052.8285,0.0,0.0,0.0,0.0,0.0,1072.0965,0.0,7003.8793,1072.0965,1073.7005,2378.3671,,,,,,
2025-09-14T07:00:00,1072.0965,489.374,1574601.03,-2965.81,96.8709,0.0,116.0218,1,15019.2,0.0,1070.546,1068.6871,0.0,0.0,0.0,0.0,0.0,0.0,7003.8793,1072.0965,1073.7005,2378.3671,,,,,,,
2025-09-14T13:00:00,0.0,489.3782,1574601.03,0.0,96.8709,15.4,129.9435,1,15019.2,0.0,1072.0965,1070.546,0.0,0.0,15.4,15.4,15.4,7003.8793,1072.0965,1073.7005,2378.3671,,,,,,,,
2025-09-14T19:00:00,7003.8793,489.383,1577566.83,2965.81,97.0533,0.0,128.2879,1,15019.2,0.0,0.0,1072.0965,15.4,0.0,15.4,15.4,15.4,1072.0965,1073.7005,2378.3671,,,,,,,,,
2025-09-15T01:00:00,1072.0965,489.3707,1574601.03,-2965.81,96.8709,0.0,126.6533,1,15019.2,0.0,7003.8793,0.0,0.0,15.4,15.4,15.4,15.4,1073.7005,2378.3671,,,,,,,,,,
2025-09-15T07:00:00,1073.7005,489.361,1571636.99,-2964.04,96.6885,0.0,125.0395,1,15019.2,0.0,1072.0965,7003.8793,0.0,0.0,0.0,15.4,15.4,2378.3671,,,,,,,,,,,
2025-09-15T13:00:00,2378.3671,489.3613,1571636.99,0.0,96.6885,5.6,129.0463,1,15019.2,0.0,1073.7005,1072.0965,0.0,0.0,5.6,21.0,21.0,,,,,,,,,,,,
2025-09-17T01:00:00,1076.7565,489.3433,1565714.02,-2960.66,96.3241,0.0,0.0,1,15019.2,0.0,,,,,,,,1078.241,4037.2597,0.0,1082.609,1083.9863,1085.4214,0.0,1089.5897,0.0,3859.2631,0.0,1094.7518
2025-09-17T07:00:00,1078.241,489.3347,1562755.0,-2959.02,96.1421,0.0,0.0,1,15019.2,0.0,1076.7565,,0.0,,,,,4037.2597,0.0,1082.609,1083.9863,1085.4214,0.0,1089.5897,0.0,3859.2631,0.0,1094.7518,802.0817
2025-09-17T13:00:00,4037.2597,489.332,1562755.0,0.0,96.1421,0.0,0.0,1,15019.2,0.0,1078.241,1076.7565,0.0,0.0,0.0,,,0.0,1082.609,1083.9863,1085.4214,0.0,1089.5897,0.0,3859.2631,0.0,1094.7518,802.0817,0.0
2025-09-17T19:00:00,0.0,489.3155,1556841.8,-5913.2,95.7783,0.0,0.0,1,15019.2,0.0,4037.2597,1078.241,0.0,0.0,0.0,,,1082.609,1083.9863,1085.4214,0.0,1089.5897,0.0,3859.2631,0.0,1094.7518,802.0817,0.0,4034.8776
2025-09-18T01:00:00,1082.609,489.3013,1553887.61,-2954.19,95.5966,0.0,0.0,1,15019.2,0.0,0.0,4037.2597,0.0,0.0,0.0,0.0,,1083.9863,1085.4214,0.0,1089.5897,0.0,3859.2631,0.0,1094.7518,802.0817,0.0,4034.8776,1101.7489
2025-09-18T07:00:00,1083.9863,489.29,1550934.95,-2952.66,95.4149,0.0,0.0,1,15019.2,0.0,1082.609,0.0,0.0,0.0,0.0,0.0,,1085.4214,0.0,1089.5897,0.0,3859.2631,0.0,1094.7518,802.0817,0.0,4034.8776,1101.7489,1043.9951
2025-09-18T13:00:00,1085.4214,489.283,1547983.88,-2951.08,95.2334,0.0,0.0,1,15019.2,0.0,1083.9863,1082.609,0.0,0.0,0.0,0.0,0.0,0.0,1089.5897,0.0,3859.2631,0.0,1094.7518,802.0817,0.0,4034.8776,1101.7489,1043.9951,693.1069
2025-09-18T19:00:00,0.0,489.2685,1542086.36,-5897.52,94.8705,0.0,0.0,1,15019.2,0.0,1085.4214,1083.9863,0.0,0.0,0.0,0.0,0.0,1089.5897,0.0,3859.2631,0.0,1094.7518,802.0817,0.0,4034.8776,1101.7489,1043.9951,693.1069,1104.2039
2025-09-19T01:00:00,1089.5897,489.2517,1539139.89,-2946.47,94.6893,0.0,0.0,1,15019.2,0.0,0.0,1085.4214,0.0,0.0,0.0,0.0,0.0,0.0,3859.2631,0.0,1094.7518,802.0817,0.0,4034.8776,1101.7489,1043.9951,693.1069,1104.2039,987.846
2025-09-19T07:00:00,0.0,489.2455,1536194.84,-2945.05,94.5081,5.2,5.2,1,15019.2,0.0,1089.5897,0.0,0.0,0.0,5.2,5.2,5.2,3859.2631,0.0,1094.7518,802.0817,0.0,4034.8776,1101.7489,1043.9951,693.1069,1104.2039,987.846,1105.7676
2025-09-19T13:00:00,3859.2631,489.2403,1536194.84,0.0,94.5081,0.6,5.7337,1,15019.2,0.0,0.0,1089.5897,5.2,0.0,5.8,5.8,5.8,0.0,1094.7518,802.0817,0.0,4034.8776,1101.7489,1043.9951,693.1069,1104.2039,987.846,1105.7676,930.9727
2025-09-19T19:00:00,0.0,489.2248,1530308.98,-5885.85,94.146,0.0,5.6607,1,15019.2,0.0,3859.2631,0.0,0.6,5.2,5.8,5.8,5.8,1094.7518,802.0817,0.0,4034.8776,1101.7489,1043.9951,693.1069,1104.2039,987.846,1105.7676,930.9727,873.259
2025-09-20T01:00:00,1094.7518,489.2133,1527368.22,-2940.76,93.9651,0.0,5.5886,1,15019.2,0.0,0.0,3859.2631,0.0,0.6,0.6,5.8,5.8,802.0817,0.0,4034.8776,1101.7489,1043.9951,693.1069,1104.2039,987.846,1105.7676,930.9727,873.259,1108.2058
2025-09-20T07:00:00,802.0817,489.2018,1524428.77,-2939.45,93.7842,1.0,6.5174,1,15019.2,0.0,1094.7518,0.0,0.0,0.0,1.0,6.8,6.8,0.0,4034.8776,1101.7489,1043.9951,693.1069,1104.2039,987.846,1105.7676,930.9727,873.259,1108.2058,1050.4872
2025-09-20T13:00:00,0.0,489.1942,1521494.77,-2934.0,93.6037,6.6,13.0343,1,15019.2,0.0,802.0817,1094.7518,1.0,0.0,7.6,8.2,13.399999999999999,4034.8776,1101.7489,1043.9951,693.1069,1104.2039,987.846,1105.7676,930.9727,873.259,1108.2058,1050.4872,0.0
2025-09-20T19:00:00,4034.8776,489.1902,1521494.77,0.0,93.6037,0.0,12.8682,1,15019.2,0.0,0.0,802.0817,6.6,1.0,7.6,7.6,13.399999999999999,1101.7489,1043.9951,693.1069,1104.2039,987.846,1105.7676,930.9727,873.259,1108.2058,1050.4872,0.0,1111.2195
2025-09-21T01:00:00,1101.7489,489.1838,1518561.73,-2933.04,93.4233,0.0,12.7043,1,15019.2,0.0,4034.8776,0.0,0.0,6.6,6.6,7.6,8.2,1043.9951,693.1069,1104.2039,987.846,1105.7676,930.9727,873.259,1108.2058,1050.4872,0.0,1111.2195,1112.0678
2025-09-21T07:00:00,1043.9951,489.175,1515629.66,-2932.07,93.2429,0.2,12.7424,1,15019.2,0.0,1101.7489,4034.8776,0.0,0.0,0.2,7.8,7.8,693.1069,1104.2039,987.846,1105.7676,930.9727,873.259,1108.2058,1050.4872,0.0,1111.2195,1112.0678,0.0
2025-09-21T13:00:00,693.1069,489.1673,1512698.45,-2931.21,93.0626,1.4,13.9801,1,15019.2,0.0,1043.9951,1101.7489,0.2,0.0,1.5999999999999999,8.2,9.2,1104.2039,987.846,1105.7676,930.9727,873.259,1108.2058,1050.4872,0.0,1111.2195,1112.0678,0.0,4033.5233
2025-09-21T19:00:00,1104.2039,489.154,1509768.13,-2930.32,92.8823,0.0,13.8019,1,15019.2,0.0,693.1069,1043.9951,1.4,0.2,1.5999999999999999,1.5999999999999999,9.2,987.846,1105.7676,930.9727,873.259,1108.2058,1050.4872,0.0,1111.2195,1112.0678,0.0,4033.5233,0.0
2025-09-22T01:00:00,987.846,489.146,1506838.7,-2929.44,92.7021,0.4,14.0261,1,15019.2,0.0,1104.2039,693.1069,0.0,1.4,1.7999999999999998,2.0,8.6,1105.7676,930.9727,873.259,1108.2058,1050.4872,0.0,1111.2195,1112.0678,0.0,4033.5233,0.0,5316.5109
2025-09-22T07:00:00,1105.7676,489.1348,1503910.11,-2928.59,92.5219,0.0,13.8474,1,15019.2,0.0,987.846,1104.2039,0.4,0.0,0.4,2.0,2.0,930.9727,873.259,1108.2058,1050.4872,0.0,1111.2195,1112.0678,0.0,4033.5233,0.0,5316.5109,6311.0771
2025-09-22T13:00:00,930.9727,489.126,1500982.45,-2927.66,92.3418,0.6,14.2709,1,15019.2,0.0,1105.7676,987.846,0.0,0.4,1.0,2.4,2.6,873.259,1108.2058,1050.4872,0.0,1111.2195,1112.0678,0.0,4033.5233,0.0,5316.5109,6311.0771,4033.6043
2025-09-22T19:00:00,873.259,489.1117,1498055.63,-2926.82,92.1617,0.8,14.8891,1,15019.2,0.0,930.9727,1105.7676,0.6,0.0,1.4,1.8,3.4000000000000004,1108.2058,1050.4872,0.0,1111.2195,1112.0678,0.0,4033.5233,0.0,5316.5109,6311.0771,4033.6043,1113.5626
2025-09-23T01:00:00,1108.2058,489.1015,1495129.73,-2925.89,91.9817,0.0,14.6994,1,15019.2,0.0,873.259,930.9727,0.8,0.6,1.4,1.8,3.2,1050.4872,0.0,1111.2195,1112.0678,0.0,4033.5233,0.0,5316.5109,6311.0771,4033.6043,1113.5626,1114.2779
2025-09-23T07:00:00,1050.4872,489.0912,1492204.7,-2925.04,91.8018,0.2,14.7121,1,15019.2,0.0,1108.2058,873.259,0.0,0.8,1.0,1.5999999999999999,2.0,0.0,1111.2195,1112.0678,0.0,4033.5233,0.0,5316.5109,6311.0771,4033.6043,1113.5626,1114.2779,1115.0088
2025-09-23T13:00:00,0.0,489.0785,1486357.16,-5847.54,91.442,0.0,14.5246,1,15019.2,0.0,1050.4872,1108.2058,0.2,0.0,0.2,1.5999999999999999,2.0,1111.2195,1112.0678,0.0,4033.5233,0.0,5316.5109,6311.0771,4033.6043,1113.5626,1114.2779,1115.0088,4033.3626
2025-09-23T19:00:00,1111.2195,489.0648,1483434.61,-2922.55,91.2622,0.0,14.3396,1,15019.2,0.0,0.0,1050.4872,0.0,0.2,0.2,1.0,1.5999999999999999,1112.0678,0.0,4033.5233,0.0,5316.5109,6311.0771,4033.6043,1113.5626,1114.2779,1115.0088,4033.3626,1115.803
2025-09-24T01:00:00,1112.0678,489.0523,1480512.99,-2921.62,91.0825,0.0,14.1569,1,15019.2,0.0,1111.2195,0.0,0.0,0.0,0.0,0.2,1.5999999999999999,0.0,4033.5233,0.0,5316.5109,6311.0771,4033.6043,1113.5626,1114.2779,1115.0088,4033.3626,1115.803,1116.4588
2025-09-24T07:00:00,0.0,489.037,1474672.18,-5840.81,90.7232,0.0,13.9765,1,15019.2,0.0,1112.0678,1111.2195,0.0,0.0,0.0,0.2,1.0,4033.5233,0.0,5316.5109,6311.0771,4033.6043,1113.5626,1114.2779,1115.0088,4033.3626,1115.803,1116.4588,1117.1726
2025-09-24T13:00:00,4033.5233,489.0308,1474672.18,0.0,90.7232,0.0,13.7984,1,15019.2,0.0,0.0,1112.0678,0.0,0.0,0.0,0.0,0.2,0.0,5316.5109,6311.0771,4033.6043,1113.5626,1114.2779,1115.0088,4033.3626,1115.803,1116.4588,1117.1726,1117.9442
2025-09-24T19:00:00,0.0,489.0153,1468834.66,-5837.52,90.364,0.2,13.8226,1,15019.2,0.0,4033.5233,0.0,0.0,0.0,0.2,0.2,0.4,5316.5109,6311.0771,4033.6043,1113.5626,1114.2779,1115.0088,4033.3626,1115.803,1116.4588,1117.1726,1117.9442,827.2626
2025-09-25T01:00:00,5316.5109,489.0338,1474672.18,5837.52,90.7232,15.6,29.2465,1,15019.2,0.0,0.0,4033.5233,0.2,0.0,15.799999999999999,15.799999999999999,15.799999999999999,6311.0771,4033.6043,1113.5626,1114.2779,1115.0088,4033.3626,1115.803,1116.4588,1117.1726,1117.9442,827.2626,4032.9688
2025-09-25T07:00:00,6311.0771,489.0402,1477592.14,2919.96,90.9028,2.2,31.0738,1,15019.2,0.0,5316.5109,0.0,15.6,0.2,18.0,18.0,18.0,4033.6043,1113.5626,1114.2779,1115.0088,4033.3626,1115.803,1116.4588,1117.1726,1117.9442,827.2626,4032.9688,1119.384
2025-09-25T13:00:00,4033.6043,489.0417,1477592.14,0.0,90.9028,0.0,30.6779,1,15019.2,0.0,6311.0771,5316.5109,2.2,15.6,17.8,18.0,18.0,1113.5626,1114.2779,1115.0088,4033.3626,1115.803,1116.4588,1117.1726,1117.9442,827.2626,4032.9688,1119.384,4032.8911
2025-09-25T19:00:00,1113.5626,489.036,1474672.18,-2919.96,90.7232,0.0,30.287,1,15019.2,0.0,4033.6043,6311.0771,0.0,2.2,2.2,18.0,18.0,1114.2779,1115.0088,4033.3626,1115.803,1116.4588,1117.1726,1117.9442,827.2626,4032.9688,1119.384,4032.8911,0.0
2025-09-26T01:00:00,1114.2779,489.027,1471753.02,-2919.16,90.5436,0.0,29.9011,1,15019.2,0.0,1113.5626,4033.6043,0.0,0.0,0.0,17.8,18.0,1115.0088,4033.3626,1115.803,1116.4588,1117.1726,1117.9442,827.2626,4032.9688,1119.384,4032.8911,0.0,1121.501
2025-09-26T07:00:00,1115.0088,489.018,1468834.66,-2918.35,90.364,0.0,29.5201,1,15019.2,0.0,1114.2779,1113.5626,0.0,0.0,0.0,2.2,18.0,4033.3626,1115.803,1116.4588,1117.1726,1117.9442,827.2626,4032.9688,1119.384,4032.8911,0.0,1121.501,1122.1485
2025-09-26T13:00:00,4033.3626,489.0152,1468834.66,0.0,90.364,0.0,29.144,1,15019.2,0.0,1115.0088,1114.2779,0.0,0.0,0.0,0.0,17.8,1115.803,1116.4588,1117.1726,1117.9442,827.2626,4032.9688,1119.384,4032.8911,0.0,1121.501,1122.1485,1122.897
2025-09-26T19:00:00,1115.803,489.0022,1465917.18,-2917.48,90.1846,0.0,28.7727,1,15019.2,0.0,4033.3626,1115.0088,0.0,0.0,0.0,0.0,2.2,1116.4588,1117.1726,1117.9442,827.2626,4032.9688,1119.384,4032.8911,0.0,1121.501,1122.1485,1122.897,0.0
2025-09-27T01:00:00,1116.4588,488.9987,1463000.44,-2916.74,90.0051,0.0,28.4061,1,15019.2,0.0,1115.803,4033.3626,0.0,0.0,0.0,0.0,0.0,1117.1726,1117.9442,827.2626,4032.9688,1119.384,4032.8911,0.0,1121.501,1122.1485,1122.897,0.0,1008.7448
2025-09-27T07:00:00,1117.1726,488.9883,1460084.49,-2915.95,89.8257,0.0,28.0441,1,15019.2,0.0,1116.4588,1115.803,0.0,0.0,0.0,0.0,0.0,1117.9442,827.2626,4032.9688,1119.384,4032.8911,0.0,1121.501,1122.1485,1122.897,0.0,1008.7448,2403.714
2025-09-27T13:00:00,1117.9442,488.9778,1457169.38,-2915.1,89.6464,0.0,27.6868,1,15019.2,0.0,1117.1726,1116.4588,0.0,0.0,0.0,0.0,0.0,827.2626,4032.9688,1119.384,4032.8911,0.0,1121.501,1122.1485,1122.897,0.0,1008.7448,2403.714,6882.3264
2025-09-27T19:00:00,827.2626,488.968,1454255.07,-2914.32,89.4671,1.0,28.334,1,15019.2,0.0,1117.9442,1117.1726,0.0,0.0,1.0,1.0,1.0,4032.9688,1119.384,4032.8911,0.0,1121.501,1122.1485,1122.897,0.0,1008.7448,2403.714,6882.3264,3741.5885
2025-09-28T01:00:00,4032.9688,488.9645,1454255.07,0.0,89.4671,0.0,27.973,1,15019.2,0.0,827.2626,1117.9442,1.0,0.0,1.0,1.0,1.0,1119.384,4032.8911,0.0,1121.501,1122.1485,1122.897,0.0,1008.7448,2403.714,6882.3264,3741.5885,1278.7887
2025-09-28T07:00:00,1119.384,488.9578,1451341.56,-2913.51,89.2878,0.0,27.6166,1,15019.2,0.0,4032.9688,827.2626,0.0,1.0,1.0,1.0,1.0,4032.8911,0.0,1121.501,1122.1485,1122.897,0.0,1008.7448,2403.714,6882.3264,3741.5885,1278.7887,3954.5211
2025-09-28T13:00:00,4032.8911,488.9505,1451341.56,0.0,89.2878,0.0,27.2647,1,15019.2,0.0,1119.384,4032.9688,0.0,0.0,0.0,1.0,1.0,0.0,1121.501,1122.1485,1122.897,0.0,1008.7448,2403.714,6882.3264,3741.5885,1278.7887,3954.5211,6572.4485
2025-09-28T19:00:00,0.0,488.9372,1445516.87,-5824.69,88.9295,0.0,26.9173,1,15019.2,0.0,4032.8911,1119.384,0.0,0.0,0.0,1.0,1.0,1121.501,1122.1485,1122.897,0.0,1008.7448,2403.714,6882.3264,3741.5885,1278.7887,3954.5211,6572.4485,1045.7308
2025-09-29T01:00:00,1121.501,488.9243,1442605.72,-2911.16,88.7504,0.0,26.5744,1,15019.2,0.0,0.0,4032.8911,0.0,0.0,0.0,0.0,1.0,1122.1485,1122.897,0.0,1008.7448,2403.714,6882.3264,3741.5885,1278.7887,3954.5211,6572.4485,1045.7308,1104.5526
2025-09-29T07:00:00,1122.1485,488.9102,1439695.28,-2910.43,88.5714,0.0,26.2358,1,15019.2,0.0,1121.501,0.0,0.0,0.0,0.0,0.0,1.0,1122.897,0.0,1008.7448,2403.714,6882.3264,3741.5885,1278.7887,3954.5211,6572.4485,1045.7308,1104.5526,1105.2895
2025-09-29T13:00:00,1122.897,488.9047,1436785.67,-2909.61,88.3924,0.0,25.9015,1,15019.2,0.0,1122.1485,1121.501,0.0,0.0,0.0,0.0,0.0,0.0,1008.7448,2403.714,6882.3264,3741.5885,1278.7887,3954.5211,6572.4485,1045.7308,1104.5526,1105.2895,4012.5471
2025-09-29T19:00:00,0.0,488.8895,1430968.82,-5816.86,88.0345,0.0,25.5715,1,15019.2,0.0,1122.897,1122.1485,0.0,0.0,0.0,0.0,0.0,1008.7448,2403.714,6882.3264,3741.5885,1278.7887,3954.5211,6572.4485,1045.7308,1104.5526,1105.2895,4012.5471,4012.5471
2025-09-30T01:00:00,1008.7448,488.8753,1428061.56,-2907.26,87.8556,0.4,25.6457,1,15019.2,0.0,0.0,1122.897,0.0,0.0,0.4,0.4,0.4,2403.714,6882.3264,3741.5885,1278.7887,3954.5211,6572.4485,1045.7308,1104.5526,1105.2895,4012.5471,4012.5471,4012.5471
2025-09-30T07:00:00,2403.714,488.8802,1430968.82,2907.26,88.0345,15.6,40.9189,1,15019.2,0.0,1008.7448,0.0,0.4,0.0,16.0,16.0,16.0,6882.3264,3741.5885,1278.7887,3954.5211,6572.4485,1045.7308,1104.5526,1105.2895,4012.5471,4012.5471,4012.5471,1105.9833
2025-09-30T13:00:00,6882.3264,488.8978,1433876.88,2908.07,88.2134,0.2,40.5975,1,15019.2,0.0,2403.714,1008.7448,15.6,0.4,16.2,16.2,16.2,3741.5885,1278.7887,3954.5211,6572.4485,1045.7308,1104.5526,1105.2895,4012.5471,4012.5471,4012.5471,1105.9833,4012.4762
2025-09-30T19:00:00,3741.5885,488.895,1433876.88,0.0,88.2134,1.0,41.0803,1,15019.2,0.0,6882.3264,2403.714,0.2,15.6,16.799999999999997,17.2,17.2,1278.7887,3954.5211,6572.4485,1045.7308,1104.5526,1105.2895,4012.5471,4012.5471,4012.5471,1105.9833,4012.4762,1106.7344
2025-10-01T01:00:00,1278.7887,488.8953,1433876.88,0.0,88.2134,9.4,49.9568,1,15019.2,0.0,3741.5885,6882.3264,1.0,0.2,10.6,26.6,26.6,3954.5211,6572.4485,1045.7308,1104.5526,1105.2895,4012.5471,4012.5471,4012.5471,1105.9833,4012.4762,1106.7344,4012.4056
2025-10-01T07:00:00,3954.5211,488.8998,1433876.88,0.0,88.2134,0.2,49.5203,1,15019.2,0.0,1278.7887,3741.5885,9.4,1.0,10.6,26.399999999999995,26.8,6572.4485,1045.7308,1104.5526,1105.2895,4012.5471,4012.5471,4012.5471,1105.9833,4012.4762,1106.7344,4012.4056,526.5018
2025-10-01T13:00:00,6572.4485,488.9023,1436785.67,2908.79,88.3924,1.2,50.0893,1,15019.2,0.0,3954.5211,1278.7887,0.2,9.4,10.799999999999999,11.999999999999998,28.0,1045.7308,1104.5526,1105.2895,4012.5471,4012.5471,4012.5471,1105.9833,4012.4762,1106.7344,4012.4056,526.5018,3140.9768
2025-10-01T19:00:00,1045.7308,488.8943,1433876.88,-2908.79,88.2134,0.2,49.6511,1,15019.2,0.0,6572.4485,3954.5211,1.2,0.2,1.5999999999999999,11.999999999999998,27.799999999999994,1104.5526,1105.2895,4012.5471,4012.5471,4012.5471,1105.9833,4012.4762,1106.7344,4012.4056,526.5018,3140.9768,4012.335
2025-10-02T01:00:00,1104.5526,488.886,1430968.82,-2908.07,88.0345,0.0,49.0185,1,15019.2,0.0,1045.7308,6572.4485,0.2,1.2,1.4,10.999999999999998,12.199999999999998,1105.2895,4012.5471,4012.5471,4012.5471,1105.9833,4012.4762,1106.7344,4012.4056,526.5018,3140.9768,4012.335,1108.0894
2025-10-02T07:00:00,1105.2895,488.879,1428061.56,-2907.26,87.8556,0.0,48.3939,1,15019.2,0.0,1104.5526,1045.7308,0.0,0.2,0.2,1.5999999999999999,11.999999999999998,4012.5471,4012.5471,4012.5471,1105.9833,4012.4762,1106.7344,4012.4056,526.5018,3140.9768,4012.335,1108.0894,1108.8239
2025-10-02T13:00:00,4012.5471,488.8753,1428061.56,0.0,87.8556,0.0,47.7773,1,15019.2,0.0,1105.2895,1104.5526,0.0,0.0,0.0,1.4,10.999999999999998,4012.5471,4012.5471,1105.9833,4012.4762,1106.7344,4012.4056,526.5018,3140.9768,4012.335,1108.0894,1108.8239,1109.4664
2025-10-02T19:00:00,4012.5471,488.8712,1428061.56,0.0,87.8556,0.0,47.1686,1,15019.2,0.0,4012.5471,1105.2895,0.0,0.0,0.0,0.2,1.5999999999999999,4012.5471,1105.9833,4012.4762,1106.7344,4012.4056,526.5018,3140.9768,4012.335,1108.0894,1108.8239,1109.4664,4012.1242
2025-10-03T01:00:00,4012.5471,488.872,1428061.56,0.0,87.8556,0.0,46.5676,1,15019.2,0.0,4012.5471,4012.5471,0.0,0.0,0.0,0.0,1.4,1105.9833,4012.4762,1106.7344,4012.4056,526.5018,3140.9768,4012.335,1108.0894,1108.8239,1109.4664,4012.1242,1110.2017
2025-10-03T07:00:00,1105.9833,488.8662,1425155.07,-2906.49,87.6768,0.0,45.9742,1,15019.2,0.0,4012.5471,4012.5471,0.0,0.0,0.0,0.0,0.2,4012.4762,1106.7344,4012.4056,526.5018,3140.9768,4012.335,1108.0894,1108.8239,1109.4664,4012.1242,1110.2017,1110.8755
2025-10-03T13:00:00,4012.4762,488.8655,1425155.07,0.0,87.6768,0.0,45.3885,1,15019.2,0.0,1105.9833,4012.5471,0.0,0.0,0.0,0.0,0.0,1106.7344,4012.4056,526.5018,3140.9768,4012.335,1108.0894,1108.8239,1109.4664,4012.1242,1110.2017,1110.8755,1111.569
2025-10-03T19:00:00,1106.7344,488.8583,1422249.4,-2905.67,87.4981,0.0,44.8101,1,15019.2,0.0,4012.4762,1105.9833,0.0,0.0,0.0,0.0,0.0,4012.4056,526.5018,3140.9768,4012.335,1108.0894,1108.8239,1109.4664,4012.1242,1110.2017,1110.8755,1111.569,0.0
2025-10-04T01:00:00,4012.4056,488.8542,1422249.4,0.0,87.4981,0.0,44.2392,1,15019.2,0.0,1106.7344,4012.4762,0.0,0.0,0.0,0.0,0.0,526.5018,3140.9768,4012.335,1108.0894,1108.8239,1109.4664,4012.1242,1110.2017,1110.8755,1111.569,0.0,1113.6836
2025-10-04T07:00:00,526.5018,488.8475,1419344.47,-2904.93,87.3194,2.0,45.6755,1,15019.2,0.0,4012.4056,1106.7344,0.0,0.0,2.0,2.0,2.0,3140.9768,4012.335,1108.0894,1108.8239,1109.4664,4012.1242,1110.2017,1110.8755,1111.569,0.0,1113.6836,1114.3455
2025-10-04T13:00:00,3140.9768,488.8467,1419344.47,0.0,87.3194,3.0,48.0936,1,15019.2,0.0,526.5018,4012.4056,2.0,0.0,5.0,5.0,5.0,4012.335,1108.0894,1108.8239,1109.4664,4012.1242,1110.2017,1110.8755,1111.569,0.0,1113.6836,1114.3455,2910.817
2025-10-04T19:00:00,4012.335,488.843,1419344.47,0.0,87.3194,0.0,47.4808,1,15019.2,0.0,3140.9768,526.5018,3.0,2.0,5.0,5.0,5.0,1108.0894,1108.8239,1109.4664,4012.1242,1110.2017,1110.8755,1111.569,0.0,1113.6836,1114.3455,2910.817,12705.9166
2025-10-05T01:00:00,1108.0894,488.8345,1416440.29,-2904.18,87.1407,0.0,46.8758,1,15019.2,0.0,4012.335,3140.9768,0.0,3.0,3.0,5.0,5.0,1108.8239,1109.4664,4012.1242,1110.2017,1110.8755,1111.569,0.0,1113.6836,1114.3455,2910.817,12705.9166,1113.0189
2025-10-05T07:00:00,1108.8239,488.8257,1413536.92,-2903.37,86.9621,0.0,46.2785,1,15019.2,0.0,1108.0894,4012.335,0.0,0.0,0.0,5.0,5.0,1109.4664,4012.1242,1110.2017,1110.8755,1111.569,0.0,1113.6836,1114.3455,2910.817,12705.9166,1113.0189,1113.6836
2025-10-05T13:00:00,1109.4664,488.818,1410634.26,-2902.66,86.7835,0.0,45.6889,1,15019.2,0.0,1108.8239,1108.0894,0.0,0.0,0.0,3.0,5.0,4012.1242,1110.2017,1110.8755,1111.569,0.0,1113.6836,1114.3455,2910.817,12705.9166,1113.0189,1113.6836,4011.7064
2025-10-05T19:00:00,4012.1242,488.8103,1410634.26,0.0,86.7835,0.0,45.1067,1,15019.2,0.0,1109.4664,1108.8239,0.0,0.0,0.0,0.0,5.0,1110.2017,1110.8755,1111.569,0.0,1113.6836,1114.3455,2910.817,12705.9166,1113.0189,1113.6836,4011.7064,24082.246
2025-10-06T01:00:00,1110.2017,488.8035,1407732.41,-2901.85,86.605,0.0,44.532,1,15019.2,0.0,4012.1242,1109.4664,0.0,0.0,0.0,0.0,3.0,1110.8755,1111.569,0.0,1113.6836,1114.3455,2910.817,12705.9166,1113.0189,1113.6836,4011.7064,24082.246,18537.1847
2025-10-06T07:00:00,1110.8755,488.7908,1404831.3,-2901.11,86.4265,0.0,43.9646,1,15019.2,0.0,1110.2017,4012.1242,0.0,0.0,0.0,0.0,0.0,1111.569,0.0,1113.6836,1114.3455,2910.817,12705.9166,1113.0189,1113.6836,4011.7064,24082.246,18537.1847,12736.874
2025-10-06T13:00:00,1111.569,488.7818,1401930.96,-2900.35,86.2481,0.0,43.4044,1,15019.2,0.0,1110.8755,1110.2017,0.0,0.0,0.0,0.0,0.0,0.0,1113.6836,1114.3455,2910.817,12705.9166,1113.0189,1113.6836,4011.7064,24082.246,18537.1847,12736.874,9832.9461
2025-10-06T19:00:00,0.0,488.7693,1396132.65,-5798.3,85.8913,0.0,42.8514,1,15019.2,0.0,1111.569,1110.8755,0.0,0.0,0.0,0.0,0.0,1113.6836,1114.3455,2910.817,12705.9166,1113.0189,1113.6836,4011.7064,24082.246,18537.1847,12736.874,9832.9461,3314.323
2025-10-07T01:00:00,1113.6836,488.7593,1393234.63,-2898.02,85.7131,0.0,42.3054,1,15019.2,0.0,0.0,1111.569,0.0,0.0,0.0,0.0,0.0,1114.3455,2910.817,12705.9166,1113.0189,1113.6836,4011.7064,24082.246,18537.1847,12736.874,9832.9461,3314.323,6924.1336
2025-10-07T07:00:00,1114.3455,488.7473,1390337.34,-2897.29,85.5348,0.0,41.7664,1,15019.2,0.0,1113.6836,0.0,0.0,0.0,0.0,0.0,0.0,2910.817,12705.9166,1113.0189,1113.6836,4011.7064,24082.246,18537.1847,12736.874,9832.9461,3314.323,6924.1336,6925.047
2025-10-07T13:00:00,2910.817,488.7412,1390337.34,0.0,85.5348,3.8,45.0342,1,15019.2,0.0,1114.3455,1113.6836,0.0,0.0,3.8,3.8,3.8,12705.9166,1113.0189,1113.6836,4011.7064,24082.246,18537.1847,12736.874,9832.9461,3314.323,6924.1336,6925.047,6925.8075
2025-10-07T19:00:00,12705.9166,488.7738,1399031.41,8694.07,86.0697,0.0,44.4604,1,15019.2,0.0,2910.817,1114.3455,3.8,0.0,3.8,3.8,3.8,1113.0189,1113.6836,4011.7064,24082.246,18537.1847,12736.874,9832.9461,3314.323,6924.1336,6925.047,6925.8075,1100.3591
2025-10-08T01:00:00,1113.0189,488.7605,1396132.65,-2898.76,85.8913,0.0,43.8939,1,15019.2,0.0,12705.9166,2910.817,0.0,3.8,3.8,3.8,3.8,1113.6836,4011.7064,24082.246,18537.1847,12736.874,9832.9461,3314.323,6924.1336,6925.047,6925.8075,1100.3591,4013.0472
2025-10-08T07:00:00,1113.6836,488.7547,1393234.63,-2898.02,85.7131,0.0,43.3346,1,15019.2,0.0,1113.0189,12705.9166,0.0,0.0,0.0,3.8,3.8,4011.7064,24082.246,18537.1847,12736.874,9832.9461,3314.323,6924.1336,6925.047,6925.8075,1100.3591,4013.0472,1100.9755
2025-10-08T13:00:00,4011.7064,488.756,1393234.63,0.0,85.7131,0.0,42.7825,1,15019.2,0.0,1113.6836,1113.0189,0.0,0.0,0.0,3.8,3.8,24082.246,18537.1847,12736.874,9832.9461,3314.323,6924.1336,6925.047,6925.8075,1100.3591,4013.0472,1100.9755,6925.047
2025-10-08T19:00:00,24082.246,488.83,1413536.92,20302.29,86.9621,0.8,43.0374,1,15019.2,0.0,4011.7064,1113.6836,0.0,0.0,0.8,0.8,4.6,18537.1847,12736.874,9832.9461,3314.323,6924.1336,6925.047,6925.8075,1100.3591,4013.0472,1100.9755,6925.047,1100.9755
2025-10-09T01:00:00,18537.1847,488.8787,1428061.56,14524.64,87.8556,0.0,42.489,1,15019.2,0.0,24082.246,4011.7064,0.8,0.0,0.8,0.8,4.6,12736.874,9832.9461,3314.323,6924.1336,6925.047,6925.8075,1100.3591,4013.0472,1100.9755,6925.047,1100.9755,1101.7453
2025-10-09T07:00:00,12736.874,488.9028,1436785.67,8724.11,88.3924,0.0,41.9477,1,15019.2,0.0,18537.1847,24082.246,0.0,0.8,0.8,0.8,0.8,9832.9461,3314.323,6924.1336,6925.047,6925.8075,1100.3591,4013.0472,1100.9755,6925.047,1100.9755,1101.7453,1102.3981
2025-10-09T13:00:00,9832.9461,488.9237,1442605.72,5820.04,88.7504,0.0,41.4132,1,15019.2,0.0,12736.874,18537.1847,0.0,0.0,0.0,0.8,0.8,3314.323,6924.1336,6925.047,6925.8075,1100.3591,4013.0472,1100.9755,6925.047,1100.9755,1101.7453,1102.3981,6923.3374
2025-10-09T19:00:00,3314.323,488.9283,1442605.72,0.0,88.7504,2.4,43.2855,1,15019.2,0.0,9832.9461,12736.874,0.0,0.0,2.4,3.2,3.2,6924.1336,6925.047,6925.8075,1100.3591,4013.0472,1100.9755,6925.047,1100.9755,1101.7453,1102.3981,6923.3374,1102.3981
2025-10-10T01:00:00,6924.1336,488.9383,1445516.87,2911.16,88.9295,0.0,42.734,1,15019.2,0.0,3314.323,9832.9461,2.4,0.0,2.4,2.4,3.2,6925.047,6925.8075,1100.3591,4013.0472,1100.9755,6925.047,1100.9755,1101.7453,1102.3981,6923.3374,1102.3981,1103.1519
2025-10-10T07:00:00,6925.047,488.943,1448428.87,2912.0,89.1087,0.0,42.1895,1,15019.2,0.0,6924.1336,3314.323,0.0,2.4,2.4,2.4,3.2,6925.8075,1100.3591,4013.0472,1100.9755,6925.047,1100.9755,1101.7453,1102.3981,6923.3374,1102.3981,1103.1519,1103.8989
2025-10-10T13:00:00,6925.8075,488.954,1451341.56,2912.69,89.2878,0.0,41.652,1,15019.2,0.0,6925.047,6924.1336,0.0,0.0,0.0,2.4,2.4,1100.3591,4013.0472,1100.9755,6925.047,1100.9755,1101.7453,1102.3981,6923.3374,1102.3981,1103.1519,1103.8989,3372.8401
2025-10-10T19:00:00,1100.3591,488.948,1448428.87,-2912.69,89.1087,0.0,41.1212,1,15019.2,0.0,6925.8075,6925.047,0.0,0.0,0.0,2.4,2.4,4013.0472,1100.9755,6925.047,1100.9755,1101.7453,1102.3981,6923.3374,1102.3981,1103.1519,1103.8989,3372.8401,4012.6892
2025-10-11T01:00:00,4013.0472,488.9415,1448428.87,0.0,89.1087,0.0,40.5973,1,15019.2,0.0,1100.3591,6925.8075,0.0,0.0,0.0,0.0,2.4,1100.9755,6925.047,1100.9755,1101.7453,1102.3981,6923.3374,1102.3981,1103.1519,1103.8989,3372.8401,4012.6892,0.0
2025-10-11T07:00:00,1100.9755,488.9373,1445516.87,-2912.0,88.9295,0.0,40.08,1,15019.2,0.0,4013.0472,1100.3591,0.0,0.0,0.0,0.0,2.4,6925.047,1100.9755,1101.7453,1102.3981,6923.3374,1102.3981,1103.1519,1103.8989,3372.8401,4012.6892,0.0,4012.5471
2025-10-11T13:00:00,6925.047,488.9412,1448428.87,2912.0,89.1087,0.0,39.5694,1,15019.2,0.0,1100.9755,4013.0472,0.0,0.0,0.0,0.0,0.0,1100.9755,1101.7453,1102.3981,6923.3374,1102.3981,1103.1519,1103.8989,3372.8401,4012.6892,0.0,4012.5471,3605.5883
2025-10-11T19:00:00,1100.9755,488.9332,1445516.87,-2912.0,88.9295,0.0,39.0652,1,15019.2,0.0,6925.047,1100.9755,0.0,0.0,0.0,0.0,0.0,1101.7453,1102.3981,6923.3374,1102.3981,1103.1519,1103.8989,3372.8401,4012.6892,0.0,4012.5471,3605.5883,17713.4895
2025-10-12T01:00:00,1101.7453,488.9242,1442605.72,-2911.16,88.7504,0.0,38.5674,1,15019.2,0.0,1100.9755,6925.047,0.0,0.0,0.0,0.0,0.0,1102.3981,6923.3374,1102.3981,1103.1519,1103.8989,3372.8401,4012.6892,0.0,4012.5471,3605.5883,17713.4895,6083.0073
2025-10-12T07:00:00,1102.3981,488.9192,1439695.28,-2910.43,88.5714,0.0,38.076,1,15019.2,0.0,1101.7453,1100.9755,0.0,0.0,0.0,0.0,0.0,6923.3374,1102.3981,1103.1519,1103.8989,3372.8401,4012.6892,0.0,4012.5471,3605.5883,17713.4895,6083.0073,258.3193
2025-10-12T13:00:00,6923.3374,488.922,1442605.72,2910.43,88.7504,0.0,37.5909,1,15019.2,0.0,1102.3981,1101.7453,0.0,0.0,0.0,0.0,0.0,1102.3981,1103.1519,1103.8989,3372.8401,4012.6892,0.0,4012.5471,3605.5883,17713.4895,6083.0073,258.3193,4570.6411
2025-10-12T19:00:00,1102.3981,488.9123,1439695.28,-2910.43,88.5714,0.0,37.1119,1,15019.2,0.0,6923.3374,1102.3981,0.0,0.0,0.0,0.0,0.0,1103.1519,1103.8989,3372.8401,4012.6892,0.0,4012.5471,3605.5883,17713.4895,6083.0073,258.3193,4570.6411,258.464
2025-10-13T01:00:00,1103.1519,488.902,1436785.67,-2909.61,88.3924,0.0,36.6391,1,15019.2,0.0,1102.3981,6923.3374,0.0,0.0,0.0,0.0,0.0,1103.8989,3372.8401,4012.6892,0.0,4012.5471,3605.5883,17713.4895,6083.0073,258.3193,4570.6411,258.464,7488.7846
2025-10-13T07:00:00,1103.8989,488.8943,1433876.88,-2908.79,88.2134,0.0,36.1722,1,15019.2,0.0,1103.1519,1102.3981,0.0,0.0,0.0,0.0,0.0,3372.8401,4012.6892,0.0,4012.5471,3605.5883,17713.4895,6083.0073,258.3193,4570.6411,258.464,7488.7846,11878.9615
2025-10-13T13:00:00,3372.8401,488.898,1433876.88,0.0,88.2134,2.2,37.9113,1,15019.2,0.0,1103.8989,1103.1519,0.0,0.0,2.2,2.2,2.2,4012.6892,0.0,4012.5471,3605.5883,17713.4895,6083.0073,258.3193,4570.6411,258.464,7488.7846,11878.9615,9026.8043
2025-10-13T19:00:00,4012.6892,488.8903,1433876.88,0.0,88.2134,0.0,37.4283,1,15019.2,0.0,3372.8401,1103.8989,2.2,0.0,2.2,2.2,2.2,0.0,4012.5471,3605.5883,17713.4895,6083.0073,258.3193,4570.6411,258.464,7488.7846,11878.9615,9026.8043,13307.3812
2025-10-14T01:00:00,0.0,488.8767,1428061.56,-5815.32,87.8556,0.0,36.9514,1,15019.2,0.0,4012.6892,3372.8401,0.0,2.2,2.2,2.2,2.2,4012.5471,3605.5883,17713.4895,6083.0073,258.3193,4570.6411,258.464,7488.7846,11878.9615,9026.8043,13307.3812,20790.2822
2025-10-14T07:00:00,4012.5471,488.872,1428061.56,0.0,87.8556,0.0,36.4806,1,15019.2,0.0,0.0,4012.6892,0.0,0.0,0.0,2.2,2.2,3605.5883,17713.4895,6083.0073,258.3193,4570.6411,258.464,7488.7846,11878.9615,9026.8043,13307.3812,20790.2822,14979.542
2025-10-14T13:00:00,3605.5883,488.8747,1428061.56,0.0,87.8556,1.4,37.4158,1,15019.2,0.0,4012.5471,0.0,0.0,0.0,1.4,3.6,3.6,17713.4895,6083.0073,258.3193,4570.6411,258.464,7488.7846,11878.9615,9026.8043,13307.3812,20790.2822,14979.542,15017.5309
2025-10-14T19:00:00,17713.4895,488.9342,1445516.87,17455.31,88.9295,0.0,36.939,0,0,0.0,3605.5883,4012.5471,1.4,0.0,1.4,1.4,3.6,6083.0073,258.3193,4570.6411,258.464,7488.7846,11878.9615,9026.8043,13307.3812,20790.2822,14979.542,15017.5309,12095.557
2025-10-15T01:00:00,6083.0073,488.9503,1451341.56,5824.69,89.2878,0.0,36.4684,0,0,0.0,17713.4895,3605.5883,0.0,1.4,1.4,1.4,3.6,258.3193,4570.6411,258.464,7488.7846,11878.9615,9026.8043,13307.3812,20790.2822,14979.542,15017.5309,12095.557,6189.3306
2025-10-15T07:00:00,258.3193,488.9583,1451341.56,0.0,89.2878,0.0,36.0037,0,0,0.0,6083.0073,17713.4895,0.0,0.0,0.0,1.4,1.4,4570.6411,258.464,7488.7846,11878.9615,9026.8043,13307.3812,20790.2822,14979.542,15017.5309,12095.557,6189.3306,12154.9732
2025-10-15T13:00:00,4570.6411,488.972,1457169.38,5827.82,89.6464,5.2,40.745,0,0,0.0,258.3193,6083.0073,0.0,0.0,5.2,6.6,6.6,258.464,7488.7846,11878.9615,9026.8043,13307.3812,20790.2822,14979.542,15017.5309,12095.557,6189.3306,12154.9732,12991.3041
2025-10-15T19:00:00,258.464,488.9765,1457169.38,0.0,89.6464,0.0,40.2258,0,0,0.0,4570.6411,258.3193,5.2,0.0,5.2,5.2,6.6,7488.7846,11878.9615,9026.8043,13307.3812,20790.2822,14979.542,15017.5309,12095.557,6189.3306,12154.9732,12991.3041,13005.353
2025-10-16T01:00:00,7488.7846,489.0152,1468834.66,11665.28,90.364,15.2,54.9133,0,0,0.0,258.464,4570.6411,0.0,5.2,20.4,20.4,21.799999999999997,11878.9615,9026.8043,13307.3812,20790.2822,14979.542,15017.5309,12095.557,6189.3306,12154.9732,12991.3041,13005.353,10018.2192
2025-10-16T07:00:00,11878.9615,489.0568,1480512.99,11678.33,91.0825,0.2,54.4136,0,0,0.0,7488.7846,258.464,15.2,0.0,15.399999999999999,20.599999999999998,20.599999999999998,9026.8043,13307.3812,20790.2822,14979.542,15017.5309,12095.557,6189.3306,12154.9732,12991.3041,13005.353,10018.2192,10024.4748
2025-10-16T13:00:00,9026.8043,489.088,1489280.51,8767.52,91.6219,0.0,53.7203,0,0,0.0,11878.9615,7488.7846,0.2,15.2,15.399999999999999,20.599999999999998,20.599999999999998,13307.3812,20790.2822,14979.542,15017.5309,12095.557,6189.3306,12154.9732,12991.3041,13005.353,10018.2192,10024.4748,13038.0625
2025-10-16T19:00:00,13307.3812,489.1412,1506838.7,17558.19,92.7021,15.4,68.4358,0,0,0.0,9026.8043,11878.9615,0.0,0.2,15.6,30.799999999999997,36.0,20790.2822,14979.542,15017.5309,12095.557,6189.3306,12154.9732,12991.3041,13005.353,10018.2192,10024.4748,13038.0625,13052.2769
2025-10-17T01:00:00,20790.2822,489.2183,1527368.22,20529.53,93.9651,0.0,67.5639,0,0,0.0,13307.3812,9026.8043,15.4,0.0,15.4,30.799999999999997,36.0,14979.542,15017.5309,12095.557,6189.3306,12154.9732,12991.3041,13005.353,10018.2192,10024.4748,13038.0625,13052.2769,5468.1089
2025-10-17T07:00:00,14979.542,489.265,1542086.36,14718.14,94.8705,0.0,66.703,0,0,0.0,20790.2822,13307.3812,0.0,15.4,15.4,15.6,30.799999999999997,15017.5309,12095.557,6189.3306,12154.9732,12991.3041,13005.353,10018.2192,10024.4748,13038.0625,13052.2769,5468.1089,13078.4236
2025-10-17T13:00:00,15017.5309,489.3138,1556841.8,14755.44,95.7783,0.0,65.8531,0,0,0.0,14979.542,20790.2822,0.0,0.0,0.0,15.4,30.799999999999997,12095.557,6189.3306,12154.9732,12991.3041,13005.353,10018.2192,10024.4748,13038.0625,13052.2769,5468.1089,13078.4236,7049.3022
2025-10-17T19:00:00,12095.557,489.3525,1568674.68,11832.88,96.5063,0.0,65.014,0,0,0.0,15017.5309,14979.542,0.0,0.0,0.0,15.4,15.6,6189.3306,12154.9732,12991.3041,13005.353,10018.2192,10024.4748,13038.0625,13052.2769,5468.1089,13078.4236,7049.3022,10080.2726
2025-10-18T01:00:00,6189.3306,489.3797,1574601.03,5926.35,96.8709,0.0,64.1857,0,0,0.0,12095.557,15017.5309,0.0,0.0,0.0,0.0,15.4,12154.9732,12991.3041,13005.353,10018.2192,10024.4748,13038.0625,13052.2769,5468.1089,13078.4236,7049.3022,10080.2726,4023.5827
2025-10-18T07:00:00,12154.9732,489.4102,1586490.96,11889.93,97.6024,0.0,63.3679,0,0,0.0,6189.3306,12095.557,0.0,0.0,0.0,0.0,15.4,12991.3041,13005.353,10018.2192,10024.4748,13038.0625,13052.2769,5468.1089,13078.4236,7049.3022,10080.2726,4023.5827,7054.3523
2025-10-18T13:00:00,12991.3041,489.4435,1595462.02,8971.05,98.1543,0.0,62.5605,1,15019.2,0.0,12154.9732,6189.3306,0.0,0.0,0.0,0.0,0.0,13005.353,10018.2192,10024.4748,13038.0625,13052.2769,5468.1089,13078.4236,7049.3022,10080.2726,4023.5827,7054.3523,7056.0733
2025-10-18T19:00:00,13005.353,489.4718,1604446.72,8984.7,98.707,0.0,61.7633,1,15019.2,0.0,12991.3041,12154.9732,0.0,0.0,0.0,0.0,0.0,10018.2192,10024.4748,13038.0625,13052.2769,5468.1089,13078.4236,7049.3022,10080.2726,4023.5827,7054.3523,7056.0733,7057.6438
2025-10-19T01:00:00,10018.2192,489.4945,1610444.02,5997.3,99.076,0.0,60.9764,1,15019.2,0.0,13005.353,12991.3041,0.0,0.0,0.0,0.0,0.0,10024.4748,13038.0625,13052.2769,5468.1089,13078.4236,7049.3022,10080.2726,4023.5827,7054.3523,7056.0733,7057.6438,990.1968
2025-10-19T07:00:00,10024.4748,489.5198,1616447.3,6003.28,99.4453,0.0,60.1995,1,15019.2,0.0,10018.2192,13005.353,0.0,0.0,0.0,0.0,0.0,13038.0625,13052.2769,5468.1089,13078.4236,7049.3022,10080.2726,4023.5827,7054.3523,7056.0733,7057.6438,990.1968,4023.8526
2025-10-19T13:00:00,13038.0625,489.5432,1625463.76,9016.46,100.0,0.0,59.4324,1,15019.2,0.0,10024.4748,10018.2192,0.0,0.0,0.0,0.0,0.0,13052.2769,5468.1089,13078.4236,7049.3022,10080.2726,4023.5827,7054.3523,7056.0733,7057.6438,990.1968,4023.8526,7057.6438
2025-10-19T19:00:00,13052.2769,489.5703,1634494.02,9030.26,100.5555,0.0,58.6752,1,15019.2,0.0,13038.0625,10024.4748,0.0,0.0,0.0,0.0,0.0,5468.1089,13078.4236,7049.3022,10080.2726,4023.5827,7054.3523,7056.0733,7057.6438,990.1968,4023.8526,7057.6438,990.1968
2025-10-20T01:00:00,5468.1089,489.5883,1637507.22,3013.2,100.7409,5.2,63.1276,1,15019.2,0.0,13052.2769,13038.0625,0.0,0.0,5.2,5.2,5.2,13078.4236,7049.3022,10080.2726,4023.5827,7054.3523,7056.0733,7057.6438,990.1968,4023.8526,7057.6438,990.1968,991.497
2025-10-20T07:00:00,13078.4236,489.6105,1646562.48,9055.26,101.298,0.0,62.3232,1,15019.2,0.0,5468.1089,13052.2769,5.2,0.0,5.2,5.2,5.2,7049.3022,10080.2726,4023.5827,7054.3523,7056.0733,7057.6438,990.1968,4023.8526,7057.6438,990.1968,991.497,4023.7176
2025-10-20T13:00:00,7049.3022,489.6288,1649588.47,3025.99,101.4842,0.0,61.5291,1,15019.2,0.0,13078.4236,5468.1089,0.0,5.2,5.2,5.2,5.2,10080.2726,4023.5827,7054.3523,7056.0733,7057.6438,990.1968,4023.8526,7057.6438,990.1968,991.497,4023.7176,4023.7176
2025-10-20T19:00:00,10080.2726,489.6432,1655645.16,6056.69,101.8568,0.0,60.7452,1,15019.2,0.0,7049.3022,13078.4236,0.0,0.0,0.0,5.2,5.2,4023.5827,7054.3523,7056.0733,7057.6438,990.1968,4023.8526,7057.6438,990.1968,991.497,4023.7176,4023.7176,992.948
2025-10-21T01:00:00,4023.5827,489.6463,1655645.16,0.0,101.8568,0.0,59.9712,1,15019.2,0.0,10080.2726,7049.3022,0.0,0.0,0.0,5.2,5.2,7054.3523,7056.0733,7057.6438,990.1968,4023.8526,7057.6438,990.1968,991.497,4023.7176,4023.7176,992.948,994.2918
2025-10-21T07:00:00,7054.3523,489.6555,1658675.8,3030.63,102.0432,0.0,59.2071,1,15019.2,0.0,4023.5827,10080.2726,0.0,0.0,0.0,0.0,5.2,7056.0733,7057.6438,990.1968,4023.8526,7057.6438,990.1968,991.497,4023.7176,4023.7176,992.948,994.2918,4023.4471
2025-10-21T13:00:00,7056.0733,489.6682,1661708.02,3032.22,102.2298,0.0,58.4527,1,15019.2,0.0,7054.3523,4023.5827,0.0,0.0,0.0,0.0,5.2,7057.6438,990.1968,4023.8526,7057.6438,990.1968,991.497,4023.7176,4023.7176,992.948,994.2918,4023.4471,4023.4471
2025-10-21T19:00:00,7057.6438,489.6703,1664741.67,3033.66,102.4164,0.0,57.7079,1,15019.2,0.0,7056.0733,7054.3523,0.0,0.0,0.0,0.0,0.0,990.1968,4023.8526,7057.6438,990.1968,991.497,4023.7176,4023.7176,992.948,994.2918,4023.4471,4023.4471,995.7746
2025-10-22T01:00:00,990.1968,489.6675,1661708.02,-3033.66,102.2298,0.0,56.9726,1,15019.2,0.0,7057.6438,7056.0733,0.0,0.0,0.0,0.0,0.0,4023.8526,7057.6438,990.1968,991.497,4023.7176,4023.7176,992.948,994.2918,4023.4471,4023.4471,995.7746,4023.3092
2025-10-22T07:00:00,4023.8526,489.6698,1661708.02,0.0,102.2298,0.0,56.2467,1,15019.2,0.0,990.1968,7057.6438,0.0,0.0,0.0,0.0,0.0,7057.6438,990.1968,991.497,4023.7176,4023.7176,992.948,994.2918,4023.4471,4023.4471,995.7746,4023.3092,997.1718
2025-10-22T13:00:00,7057.6438,489.6742,1664741.67,3033.66,102.4164,0.0,55.5301,1,15019.2,0.0,4023.8526,990.1968,0.0,0.0,0.0,0.0,0.0,990.1968,991.497,4023.7176,4023.7176,992.948,994.2918,4023.4471,4023.4471,995.7746,4023.3092,997.1718,4023.1648
2025-10-22T19:00:00,990.1968,489.6687,1661708.02,-3033.66,102.2298,0.0,54.8225,1,15019.2,0.0,7057.6438,4023.8526,0.0,0.0,0.0,0.0,0.0,991.497,4023.7176,4023.7176,992.948,994.2918,4023.4471,4023.4471,995.7746,4023.3092,997.1718,4023.1648,998.2055
2025-10-23T01:00:00,991.497,489.6572,1658675.8,-3032.22,102.0432,0.0,54.124,1,15019.2,0.0,990.1968,7057.6438,0.0,0.0,0.0,0.0,0.0,4023.7176,4023.7176,992.948,994.2918,4023.4471,4023.4471,995.7746,4023.3092,997.1718,4023.1648,998.2055,1005.9558
2025-10-23T07:00:00,4023.7176,489.6575,1658675.8,0.0,102.0432,0.0,53.4344,1,15019.2,0.0,991.497,990.1968,0.0,0.0,0.0,0.0,0.0,4023.7176,992.948,994.2918,4023.4471,4023.4471,995.7746,4023.3092,997.1718,4023.1648,998.2055,1005.9558,1007.5042
2025-10-23T13:00:00,4023.7176,489.6555,1658675.8,0.0,102.0432,0.0,52.7536,1,15019.2,0.0,4023.7176,991.497,0.0,0.0,0.0,0.0,0.0,992.948,994.2918,4023.4471,4023.4471,995.7746,4023.3092,997.1718,4023.1648,998.2055,1005.9558,1007.5042,4022.1587
2025-10-23T19:00:00,992.948,489.6477,1655645.16,-3030.63,101.8568,0.0,52.0814,1,15019.2,0.0,4023.7176,4023.7176,0.0,0.0,0.0,0.0,0.0,994.2918,4023.4471,4023.4471,995.7746,4023.3092,997.1718,4023.1648,998.2055,1005.9558,1007.5042,4022.1587,4022.1587
2025-10-24T01:00:00,994.2918,489.6398,1652616.01,-3029.16,101.6704,0.0,51.4178,1,15019.2,0.0,992.948,4023.7176,0.0,0.0,0.0,0.0,0.0,4023.4471,4023.4471,995.7746,4023.3092,997.1718,4023.1648,998.2055,1005.9558,1007.5042,4022.1587,4022.1587,1008.8162
2025-10-24T07:00:00,4023.4471,489.638,1652616.01,0.0,101.6704,0.0,50.7627,1,15019.2,0.0,994.2918,992.948,0.0,0.0,0.0,0.0,0.0,4023.4471,995.7746,4023.3092,997.1718,4023.1648,998.2055,1005.9558,1007.5042,4022.1587,4022.1587,1008.8162,1010.259
2025-10-24T13:00:00,4023.4471,489.6365,1652616.01,0.0,101.6704,0.0,50.1159,1,15019.2,0.0,4023.4471,994.2918,0.0,0.0,0.0,0.0,0.0,995.7746,4023.3092,997.1718,4023.1648,998.2055,1005.9558,1007.5042,4022.1587,4022.1587,1008.8162,1010.259,4021.8803
2025-10-24T19:00:00,995.7746,489.6278,1649588.47,-3027.53,101.4842,0.0,49.4773,1,15019.2,0.0,4023.4471,4023.4471,0.0,0.0,0.0,0.0,0.0,4023.3092,997.1718,4023.1648,998.2055,1005.9558,1007.5042,4022.1587,4022.1587,1008.8162,1010.259,4021.8803,1011.6522
2025-10-25T01:00:00,4023.3092,489.6212,1649588.47,0.0,101.4842,0.0,48.8469,1,15019.2,0.0,995.7746,4023.4471,0.0,0.0,0.0,0.0,0.0,997.1718,4023.1648,998.2055,1005.9558,1007.5042,4022.1587,4022.1587,1008.8162,1010.259,4021.8803,1011.6522,1013.0567
2025-10-25T07:00:00,997.1718,489.6128,1646562.48,-3025.99,101.298,0.0,48.2245,1,15019.2,0.0,4023.3092,995.7746,0.0,0.0,0.0,0.0,0.0,4023.1648,998.2055,1005.9558,1007.5042,4022.1587,4022.1587,1008.8162,1010.259,4021.8803,1011.6522,1013.0567,4021.6035
2025-10-25T13:00:00,4023.1648,489.6105,1646562.48,0.0,101.298,0.0,47.6101,1,15019.2,0.0,997.1718,4023.3092,0.0,0.0,0.0,0.0,0.0,998.2055,1005.9558,1007.5042,4022.1587,4022.1587,1008.8162,1010.259,4021.8803,1011.6522,1013.0567,4021.6035,4021.6035
2025-10-25T19:00:00,998.2055,489.6007,1643538.22,-3024.26,101.112,0.0,47.0035,1,15019.2,0.0,4023.1648,997.1718,0.0,0.0,0.0,0.0,0.0,1005.9558,1007.5042,4022.1587,4022.1587,1008.8162,1010.259,4021.8803,1011.6522,1013.0567,4021.6035,4021.6035,1014.4797
2025-10-26T01:00:00,1005.9558,489.5928,1640521.87,-3016.34,100.9264,0.0,46.4046,1,15019.2,0.0,998.2055,4023.1648,0.0,0.0,0.0,0.0,0.0,1007.5042,4022.1587,4022.1587,1008.8162,1010.259,4021.8803,1011.6522,1013.0567,4021.6035,4021.6035,1014.4797,1015.8729
2025-10-26T07:00:00,1007.5042,489.5885,1637507.22,-3014.65,100.7409,0.0,45.8133,1,15019.2,0.0,1005.9558,998.2055,0.0,0.0,0.0,0.0,0.0,4022.1587,4022.1587,1008.8162,1010.259,4021.8803,1011.6522,1013.0567,4021.6035,4021.6035,1014.4797,1015.8729,4021.3287
2025-10-26T13:00:00,4022.1587,489.586,1637507.22,0.0,100.7409,0.0,45.2296,1,15019.2,0.0,1007.5042,1005.9558,0.0,0.0,0.0,0.0,0.0,4022.1587,1008.8162,1010.259,4021.8803,1011.6522,1013.0567,4021.6035,4021.6035,1014.4797,1015.8729,4021.3287,4021.3287
2025-10-26T19:00:00,4022.1587,489.5807,1637507.22,0.0,100.7409,0.0,44.6533,1,15019.2,0.0,4022.1587,1007.5042,0.0,0.0,0.0,0.0,0.0,1008.8162,1010.259,4021.8803,1011.6522,1013.0567,4021.6035,4021.6035,1014.4797,1015.8729,4021.3287,4021.3287,1017.1751
2025-10-27T01:00:00,1008.8162,489.572,1634494.02,-3013.2,100.5555,0.0,44.0843,1,15019.2,0.0,4022.1587,4022.1587,0.0,0.0,0.0,0.0,0.0,1010.259,4021.8803,1011.6522,1013.0567,4021.6035,4021.6035,1014.4797,1015.8729,4021.3287,4021.3287,1017.1751,1018.688
2025-10-27T07:00:00,1010.259,489.5645,1631482.4,-3011.62,100.3703,0.0,43.5226,1,15019.2,0.0,1008.8162,4022.1587,0.0,0.0,0.0,0.0,0.0,4021.8803,1011.6522,1013.0567,4021.6035,4021.6035,1014.4797,1015.8729,4021.3287,4021.3287,1017.1751,1018.688,4021.056
2025-10-27T13:00:00,4021.8803,489.5635,1631482.4,0.0,100.3703,0.0,42.9681,1,15019.2,0.0,1010.259,1008.8162,0.0,0.0,0.0,0.0,0.0,1011.6522,1013.0567,4021.6035,4021.6035,1014.4797,1015.8729,4021.3287,4021.3287,1017.1751,1018.688,4021.056,4021.056
2025-10-27T19:00:00,1011.6522,489.5552,1628472.31,-3010.09,100.1851,0.0,42.4206,1,15019.2,0.0,4021.8803,1010.259,0.0,0.0,0.0,0.0,0.0,1013.0567,4021.6035,4021.6035,1014.4797,1015.8729,4021.3287,4021.3287,1017.1751,1018.688,4021.056,4021.056,1020.0058
2025-10-28T01:00:00,1013.0567,489.5488,1625463.76,-3008.55,100.0,0.0,41.8801,1,15019.2,0.0,1011.6522,4021.8803,0.0,0.0,0.0,0.0,0.0,4021.6035,4021.6035,1014.4797,1015.8729,4021.3287,4021.3287,1017.1751,1018.688,4021.056,4021.056,1020.0058,1021.361
2025-10-28T07:00:00,4021.6035,489.5417,1625463.76,0.0,100.0,0.0,41.3465,1,15019.2,0.0,1013.0567,1011.6522,0.0,0.0,0.0,0.0,0.0,4021.6035,1014.4797,1015.8729,4021.3287,4021.3287,1017.1751,1018.688,4021.056,4021.056,1020.0058,1021.361,4020.7853
2025-10-28T13:00:00,4021.6035,489.5418,1625463.76,0.0,100.0,0.0,40.8197,1,15019.2,0.0,4021.6035,1013.0567,0.0,0.0,0.0,0.0,0.0,1014.4797,1015.8729,4021.3287,4021.3287,1017.1751,1018.688,4021.056,4021.056,1020.0058,1021.361,4020.7853,4020.7853
2025-10-28T19:00:00,1014.4797,489.5342,1622456.77,-3006.99,99.815,0.0,40.2996,1,15019.2,0.0,4021.6035,4021.6035,0.0,0.0,0.0,0.0,0.0,1015.8729,4021.3287,4021.3287,1017.1751,1018.688,4021.056,4021.056,1020.0058,1021.361,4020.7853,4020.7853,183.5813
2025-10-29T01:00:00,1015.8729,489.5267,1619451.32,-3005.46,99.6301,0.0,39.7861,1,15019.2,0.0,1014.4797,4021.6035,0.0,0.0,0.0,0.0,0.0,4021.3287,4021.3287,1017.1751,1018.688,4021.056,4021.056,1020.0058,1021.361,4020.7853,4020.7853,183.5813,1489.8722
2025-10-29T07:00:00,4021.3287,489.5223,1619451.32,0.0,99.6301,0.0,39.2792,1,15019.2,0.0,1015.8729,1014.4797,0.0,0.0,0.0,0.0,0.0,4021.3287,1017.1751,1018.688,4021.056,4021.056,1020.0058,1021.361,4020.7853,4020.7853,183.5813,1489.8722,0.0
2025-10-29T13:00:00,4021.3287,489.524,1619451.32,0.0,99.6301,0.0,38.7787,1,15019.2,0.0,4021.3287,1015.8729,0.0,0.0,0.0,0.0,0.0,1017.1751,1018.688,4021.056,4021.056,1020.0058,1021.361,4020.7853,4020.7853,183.5813,1489.8722,0.0,7784.9142
2025-10-29T19:00:00,1017.1751,489.5137,1616447.3,-3004.02,99.4453,0.0,38.2846,1,15019.2,0.0,4021.3287,4021.3287,0.0,0.0,0.0,0.0,0.0,1018.688,4021.056,4021.056,1020.0058,1021.361,4020.7853,4020.7853,183.5813,1489.8722,0.0,7784.9142,3407.6871
2025-10-30T01:00:00,1018.688,489.5095,1613444.93,-3002.37,99.2606,0.0,37.7968,1,15019.2,0.0,1017.1751,4021.3287,0.0,0.0,0.0,0.0,0.0,4021.056,4021.056,1020.0058,1021.361,4020.7853,4020.7853,183.5813,1489.8722,0.0,7784.9142,3407.6871,1008.1609
2025-10-30T07:00:00,4021.056,489.5018,1613444.93,0.0,99.2606,0.0,37.3152,1,15019.2,0.0,1018.688,1017.1751,0.0,0.0,0.0,0.0,0.0,4021.056,1020.0058,1021.361,4020.7853,4020.7853,183.5813,1489.8722,0.0,7784.9142,3407.6871,1008.1609,4007.5852
2025-10-30T13:00:00,4021.056,489.504,1613444.93,0.0,99.2606,0.0,36.8398,1,15019.2,0.0,4021.056,1018.688,0.0,0.0,0.0,0.0,0.0,1020.0058,1021.361,4020.7853,4020.7853,183.5813,1489.8722,0.0,7784.9142,3407.6871,1008.1609,4007.5852,3947.6127
2025-10-30T19:00:00,1020.0058,489.4972,1610444.02,-3000.91,99.076,0.0,36.3704,1,15019.2,0.0,4021.056,4021.056,0.0,0.0,0.0,0.0,0.0,1021.361,4020.7853,4020.7853,183.5813,1489.8722,0.0,7784.9142,3407.6871,1008.1609,4007.5852,3947.6127,0.0
2025-10-31T01:00:00,1021.361,489.489,1607444.59,-2999.42,98.8914,0.0,35.907,1,15019.2,0.0,1020.0058,4021.056,0.0,0.0,0.0,0.0,0.0,4020.7853,4020.7853,183.5813,1489.8722,0.0,7784.9142,3407.6871,1008.1609,4007.5852,3947.6127,0.0,3887.5045
2025-10-31T07:00:00,4020.7853,489.485,1607444.59,0.0,98.8914,0.0,35.4495,1,15019.2,0.0,1021.361,1020.0058,0.0,0.0,0.0,0.0,0.0,4020.7853,183.5813,1489.8722,0.0,7784.9142,3407.6871,1008.1609,4007.5852,3947.6127,0.0,3887.5045,1012.3303
2025-10-31T13:00:00,4020.7853,489.4848,1607444.59,0.0,98.8914,0.0,34.9978,1,15019.2,0.0,4020.7853,1021.361,0.0,0.0,0.0,0.0,0.0,183.5813,1489.8722,0.0,7784.9142,3407.6871,1008.1609,4007.5852,3947.6127,0.0,3887.5045,1012.3303,4007.2025
2025-10-31T19:00:00,183.5813,489.4747,1604446.72,-2997.87,98.707,2.8,37.3519,1,15019.2,0.0,4020.7853,4020.7853,0.0,0.0,2.8,2.8,2.8,1489.8722,0.0,7784.9142,3407.6871,1008.1609,4007.5852,3947.6127,0.0,3887.5045,1012.3303,4007.2025,4007.2025
2025-11-01T01:00:00,1489.8722,489.47,1604446.72,0.0,98.707,8.4,45.2759,1,15019.2,0.0,183.5813,4020.7853,2.8,0.0,11.2,11.2,11.2,0.0,7784.9142,3407.6871,1008.1609,4007.5852,3947.6127,0.0,3887.5045,1012.3303,4007.2025,4007.2025,1013.6194
2025-11-01T07:00:00,0.0,489.4738,1604446.72,0.0,98.707,14.0,58.6991,1,15019.2,0.0,1489.8722,183.5813,8.4,2.8,25.2,25.2,25.2,7784.9142,3407.6871,1008.1609,4007.5852,3947.6127,0.0,3887.5045,1012.3303,4007.2025,4007.2025,1013.6194,1015.0588
2025-11-01T13:00:00,7784.9142,489.491,1610444.02,5997.3,99.076,7.4,65.3512,1,15019.2,0.0,0.0,1489.8722,14.0,8.4,29.799999999999997,32.6,32.6,3407.6871,1008.1609,4007.5852,3947.6127,0.0,3887.5045,1012.3303,4007.2025,4007.2025,1013.6194,1015.0588,6998.965
2025-11-01T19:00:00,3407.6871,489.4905,1610444.02,0.0,99.076,2.0,66.5185,1,15019.2,0.0,7784.9142,0.0,7.4,14.0,23.4,34.6,34.6,1008.1609,4007.5852,3947.6127,0.0,3887.5045,1012.3303,4007.2025,4007.2025,1013.6194,1015.0588,6998.965,1015.0588
2025-11-02T01:00:00,1008.1609,489.486,1607444.59,-2999.42,98.8914,0.0,65.6709,1,15019.2,0.0,3407.6871,7784.9142,2.0,7.4,9.4,31.799999999999997,34.6,4007.5852,3947.6127,0.0,3887.5045,1012.3303,4007.2025,4007.2025,1013.6194,1015.0588,6998.965,1015.0588,4006.9483
2025-11-02T07:00:00,4007.5852,489.482,1607444.59,0.0,98.8914,0.0,64.8342,1,15019.2,0.0,1008.1609,3407.6871,0.0,2.0,2.0,23.4,34.6,3947.6127,0.0,3887.5045,1012.3303,4007.2025,4007.2025,1013.6194,1015.0588,6998.965,1015.0588,4006.9483,1492.4915
2025-11-02T13:00:00,3947.6127,489.4808,1607444.59,0.0,98.8914,0.2,64.2081,1,15019.2,0.0,4007.5852,1008.1609,0.0,0.0,0.2,9.6,31.999999999999996,0.0,3887.5045,1012.3303,4007.2025,4007.2025,1013.6194,1015.0588,6998.965,1015.0588,4006.9483,1492.4915,9875.8329
2025-11-02T19:00:00,0.0,489.4698,1601450.34,-5994.25,98.5227,0.0,63.39,1,15019.2,0.0,3947.6127,4007.5852,0.2,0.0,0.2,2.2,23.599999999999998,3887.5045,1012.3303,4007.2025,4007.2025,1013.6194,1015.0588,6998.965,1015.0588,4006.9483,1492.4915,9875.8329,4007.3297
2025-11-03T01:00:00,3887.5045,489.4632,1601450.34,0.0,98.5227,0.4,62.9823,1,15019.2,0.0,0.0,3947.6127,0.0,0.2,0.6000000000000001,0.6000000000000001,10.0,1012.3303,4007.2025,4007.2025,1013.6194,1015.0588,6998.965,1015.0588,4006.9483,1492.4915,9875.8329,4007.3297,1012.3303
2025-11-03T07:00:00,1012.3303,489.455,1598455.47,-2994.87,98.3384,0.0,62.1798,1,15019.2,0.0,3887.5045,0.0,0.4,0.0,0.4,0.6000000000000001,2.6,4007.2025,4007.2025,1013.6194,1015.0588,6998.965,1015.0588,4006.9483,1492.4915,9875.8329,4007.3297,1012.3303,4007.2025
2025-11-03T13:00:00,4007.2025,489.4527,1598455.47,0.0,98.3384,0.0,61.3876,1,15019.2,0.0,1012.3303,3887.5045,0.0,0.4,0.4,0.6000000000000001,0.6000000000000001,4007.2025,1013.6194,1015.0588,6998.965,1015.0588,4006.9483,1492.4915,9875.8329,4007.3297,1012.3303,4007.2025,4640.6019
2025-11-03T19:00:00,4007.2025,489.4535,1598455.47,0.0,98.3384,0.0,60.6054,1,15019.2,0.0,4007.2025,1012.3303,0.0,0.0,0.0,0.4,0.6000000000000001,1013.6194,1015.0588,6998.965,1015.0588,4006.9483,1492.4915,9875.8329,4007.3297,1012.3303,4007.2025,4640.6019,0.0
2025-11-04T01:00:00,1013.6194,489.4438,1595462.02,-2993.46,98.1543,0.0,59.8332,1,15019.2,0.0,4007.2025,4007.2025,0.0,0.0,0.0,0.4,0.6000000000000001,1015.0588,6998.965,1015.0588,4006.9483,1492.4915,9875.8329,4007.3297,1012.3303,4007.2025,4640.6019,0.0,1645.6025
2025-11-04T07:00:00,1015.0588,489.4392,1592470.13,-2991.89,97.9702,0.0,59.0709,1,15019.2,0.0,1013.6194,4007.2025,0.0,0.0,0.0,0.0,0.4,6998.965,1015.0588,4006.9483,1492.4915,9875.8329,4007.3297,1012.3303,4007.2025,4640.6019,0.0,1645.6025,0.0
2025-11-04T13:00:00,6998.965,489.4435,1595462.02,2991.89,98.1543,0.0,58.3182,1,15019.2,0.0,1015.0588,1013.6194,0.0,0.0,0.0,0.0,0.4,1015.0588,4006.9483,1492.4915,9875.8329,4007.3297,1012.3303,4007.2025,4640.6019,0.0,1645.6025,0.0,3245.8586
2025-11-04T19:00:00,1015.0588,489.4375,1592470.13,-2991.89,97.9702,0.0,57.5751,1,15019.2,0.0,6998.965,1015.0588,0.0,0.0,0.0,0.0,0.0,4006.9483,1492.4915,9875.8329,4007.3297,1012.3303,4007.2025,4640.6019,0.0,1645.6025,0.0,3245.8586,252.4025
2025-11-05T01:00:00,4006.9483,489.431,1592470.13,0.0,97.9702,0.0,56.8416,1,15019.2,0.0,1015.0588,6998.965,0.0,0.0,0.0,0.0,0.0,1492.4915,9875.8329,4007.3297,1012.3303,4007.2025,4640.6019,0.0,1645.6025,0.0,3245.8586,252.4025,192.5197
2025-11-05T07:00:00,1492.4915,489.4413,1595462.02,2991.89,98.1543,18.4,74.5173,1,15019.2,0.0,4006.9483,1015.0588,0.0,0.0,18.4,18.4,18.4,9875.8329,4007.3297,1012.3303,4007.2025,4640.6019,0.0,1645.6025,0.0,3245.8586,252.4025,192.5197,3187.4893
2025-11-05T13:00:00,9875.8329,489.4648,1601450.34,5988.33,98.5227,0.4,73.9678,1,15019.2,0.0,1492.4915,4006.9483,18.4,0.0,18.799999999999997,18.799999999999997,18.799999999999997,4007.3297,1012.3303,4007.2025,4640.6019,0.0,1645.6025,0.0,3245.8586,252.4025,192.5197,3187.4893,3069.2036
2025-11-05T19:00:00,4007.3297,489.4623,1601450.34,0.0,98.5227,0.0,73.0254,1,15019.2,0.0,9875.8329,1492.4915,0.4,18.4,18.799999999999997,18.799999999999997,18.799999999999997,1012.3303,4007.2025,4640.6019,0.0,1645.6025,0.0,3245.8586,252.4025,192.5197,3187.4893,3069.2036,3118.964
2025-11-06T01:00:00,1012.3303,489.457,1598455.47,-2994.87,98.3384,0.0,72.0949,1,15019.2,0.0,4007.3297,9875.8329,0.0,0.4,0.4,18.799999999999997,18.799999999999997,4007.2025,4640.6019,0.0,1645.6025,0.0,3245.8586,252.4025,192.5197,3187.4893,3069.2036,3118.964,36449.2892
2025-11-06T07:00:00,4007.2025,489.4572,1598455.47,0.0,98.3384,0.0,71.1763,1,15019.2,0.0,1012.3303,4007.3297,0.0,0.0,0.0,18.799999999999997,18.799999999999997,4640.6019,0.0,1645.6025,0.0,3245.8586,252.4025,192.5197,3187.4893,3069.2036,3118.964,36449.2892,5893.9464
2025-11-06T13:00:00,4640.6019,489.4618,1601450.34,2994.87,98.5227,0.0,70.2695,1,5572.8,0.0,4007.2025,1012.3303,0.0,0.0,0.0,0.4,18.799999999999997,0.0,1645.6025,0.0,3245.8586,252.4025,192.5197,3187.4893,3069.2036,3118.964,36449.2892,5893.9464,3956.7286
2025-11-06T19:00:00,0.0,489.4567,1598455.47,-2994.87,98.3384,0.0,69.3741,1,5572.8,0.0,4640.6019,4007.2025,0.0,0.0,0.0,0.0,18.799999999999997,1645.6025,0.0,3245.8586,252.4025,192.5197,3187.4893,3069.2036,3118.964,36449.2892,5893.9464,3956.7286,10171.7261
2025-11-07T01:00:00,1645.6025,489.45,1598455.47,0.0,98.3384,0.0,68.4902,1,5572.8,0.0,0.0,4640.6019,0.0,0.0,0.0,0.0,0.4,0.0,3245.8586,252.4025,192.5197,3187.4893,3069.2036,3118.964,36449.2892,5893.9464,3956.7286,10171.7261,3027.6662
2025-11-07T07:00:00,0.0,489.446,1595462.02,-2993.46,98.1543,0.0,67.6175,1,5572.8,0.0,1645.6025,0.0,0.0,0.0,0.0,0.0,0.0,3245.8586,252.4025,192.5197,3187.4893,3069.2036,3118.964,36449.2892,5893.9464,3956.7286,10171.7261,3027.6662,6886.8791
2025-11-07T13:00:00,3245.8586,489.4527,1598455.47,2993.46,98.3384,0.0,66.756,0,0,0.0,0.0,1645.6025,0.0,0.0,0.0,0.0,0.0,252.4025,192.5197,3187.4893,3069.2036,3118.964,36449.2892,5893.9464,3956.7286,10171.7261,3027.6662,6886.8791,5411.9316
2025-11-07T19:00:00,252.4025,489.4512,1598455.47,0.0,98.3384,0.0,65.9054,0,0,0.0,3245.8586,0.0,0.0,0.0,0.0,0.0,0.0,192.5197,3187.4893,3069.2036,3118.964,36449.2892,5893.9464,3956.7286,10171.7261,3027.6662,6886.8791,5411.9316,4880.7196
2025-11-08T01:00:00,192.5197,489.454,1598455.47,0.0,98.3384,0.2,65.2657,0,0,0.0,252.4025,3245.8586,0.0,0.0,0.2,0.2,0.2,3187.4893,3069.2036,3118.964,36449.2892,5893.9464,3956.7286,10171.7261,3027.6662,6886.8791,5411.9316,4880.7196,3803.2862
2025-11-08T07:00:00,3187.4893,489.4617,1601450.34,2994.87,98.5227,0.2,64.6341,0,0,0.0,192.5197,252.4025,0.2,0.0,0.4,0.4,0.4,3069.2036,3118.964,36449.2892,5893.9464,3956.7286,10171.7261,3027.6662,6886.8791,5411.9316,4880.7196,3803.2862,0.0
2025-11-08T13:00:00,3069.2036,489.4768,1604446.72,2996.37,98.707,0.6,64.4106,0,0,0.0,3187.4893,192.5197,0.2,0.2,1.0,1.0,1.0,3118.964,36449.2892,5893.9464,3956.7286,10171.7261,3027.6662,6886.8791,5411.9316,4880.7196,3803.2862,0.0,3197.0482
2025-11-08T19:00:00,3118.964,489.5253,1619451.32,15004.6,99.6301,40.4,103.9899,0,0,0.0,3069.2036,3187.4893,0.6,0.2,41.199999999999996,41.4,41.4,36449.2892,5893.9464,3956.7286,10171.7261,3027.6662,6886.8791,5411.9316,4880.7196,3803.2862,0.0,3197.0482,2138.6771
2025-11-09T01:00:00,36449.2892,489.6438,1655645.16,36193.84,101.8568,0.0,102.6649,0,0,0.0,3118.964,3069.2036,40.4,0.6,41.0,41.4,41.4,5893.9464,3956.7286,10171.7261,3027.6662,6886.8791,5411.9316,4880.7196,3803.2862,0.0,3197.0482,2138.6771,0.0
2025-11-09T07:00:00,5893.9464,489.6683,1661708.02,6062.86,102.2298,1.4,102.7568,0,0,0.0,36449.2892,3118.964,0.0,40.4,41.8,42.599999999999994,42.8,3956.7286,10171.7261,3027.6662,6886.8791,5411.9316,4880.7196,3803.2862,0.0,3197.0482,2138.6771,0.0,0.0
2025-11-09T13:00:00,3956.7286,489.69,1667776.83,6068.81,102.6031,7.8,109.2475,0,0,0.0,5893.9464,36449.2892,1.4,0.0,9.2,50.199999999999996,50.599999999999994,10171.7261,3027.6662,6886.8791,5411.9316,4880.7196,3803.2862,0.0,3197.0482,2138.6771,0.0,0.0,3560.9425
2025-11-09T19:00:00,10171.7261,489.7103,1676891.46,9114.63,103.1639,1.6,109.4556,0,0,1287.23,3956.7286,5893.9464,7.8,1.4,10.799999999999999,51.199999999999996,51.99999999999999,3027.6662,6886.8791,5411.9316,4880.7196,3803.2862,0.0,3197.0482,2138.6771,0.0,0.0,3560.9425,0.0
2025-11-10T01:00:00,3027.6662,489.7175,1676891.46,0.0,103.1639,0.0,108.0609,0,0,2771.31,10171.7261,3956.7286,1.6,7.8,9.4,10.799999999999999,51.8,6886.8791,5411.9316,4880.7196,3803.2862,0.0,3197.0482,2138.6771,0.0,0.0,3560.9425,0.0,0.0
2025-11-10T07:00:00,6886.8791,489.721,1679932.84,3041.38,103.351,0.0,106.6841,0,0,3589.02,3027.6662,10171.7261,0.0,1.6,1.6,10.799999999999999,51.199999999999996,5411.9316,4880.7196,3803.2862,0.0,3197.0482,2138.6771,0.0,0.0,3560.9425,0.0,0.0,255.9596
2025-11-10T13:00:00,5411.9316,489.7267,1679932.84,0.0,103.351,0.0,105.3248,0,0,5155.45,6886.8791,3027.6662,0.0,0.0,0.0,9.4,10.799999999999999,4880.7196,3803.2862,0.0,3197.0482,2138.6771,0.0,0.0,3560.9425,0.0,0.0,255.9596,255.9596
2025-11-10T19:00:00,4880.7196,489.7248,1679932.84,0.0,103.351,0.0,103.9828,0,0,4624.24,5411.9316,6886.8791,0.0,0.0,0.0,1.6,10.799999999999999,3803.2862,0.0,3197.0482,2138.6771,0.0,0.0,3560.9425,0.0,0.0,255.9596,255.9596,255.9596
2025-11-11T01:00:00,3803.2862,489.7208,1679932.84,0.0,103.351,0.0,102.6579,0,0,3546.8,4880.7196,5411.9316,0.0,0.0,0.0,0.0,9.4,0.0,3197.0482,2138.6771,0.0,0.0,3560.9425,0.0,0.0,255.9596,255.9596,255.9596,0.0
2025-11-11T07:00:00,0.0,489.7157,1676891.46,-3041.38,103.1639,0.0,101.3499,0,0,2332.68,3803.2862,4880.7196,0.0,0.0,0.0,0.0,1.6,3197.0482,2138.6771,0.0,0.0,3560.9425,0.0,0.0,255.9596,255.9596,255.9596,0.0,255.8302
2025-11-11T13:00:00,3197.0482,489.7183,1676891.46,0.0,103.1639,0.0,100.0585,0,0,2940.7,0.0,3803.2862,0.0,0.0,0.0,0.0,0.0,2138.6771,0.0,0.0,3560.9425,0.0,0.0,255.9596,255.9596,255.9596,0.0,255.8302,255.8302
2025-11-11T19:00:00,2138.6771,489.7132,1676891.46,0.0,103.1639,0.0,98.7836,0,0,1882.33,3197.0482,0.0,0.0,0.0,0.0,0.0,0.0,0.0,0.0,3560.9425,0.0,0.0,255.9596,255.9596,255.9596,0.0,255.8302,255.8302,255.8302
2025-11-12T01:00:00,0.0,489.7028,1673851.74,-3039.72,102.9769,0.0,97.525,0,0,203.02,2138.6771,3197.0482,0.0,0.0,0.0,0.0,0.0,0.0,3560.9425,0.0,0.0,255.9596,255.9596,255.9596,0.0,255.8302,255.8302,255.8302,0.0
2025-11-12T07:00:00,0.0,489.6987,1670813.48,-3038.26,102.79,0.0,96.2824,0,0,52.74,0.0,2138.6771,0.0,0.0,0.0,0.0,0.0,3560.9425,0.0,0.0,255.9596,255.9596,255.9596,0.0,255.8302,255.8302,255.8302,0.0,255.7015
2025-11-12T13:00:00,3560.9425,489.7032,1673851.74,3038.26,102.9769,0.0,95.0556,0,0,266.46,0.0,0.0,0.0,0.0,0.0,0.0,0.0,0.0,0.0,255.9596,255.9596,255.9596,0.0,255.8302,255.8302,255.8302,0.0,255.7015,255.7015
2025-11-12T19:00:00,0.0,489.6987,1670813.48,-3038.26,102.79,0.0,93.8445,0,0,230.24,3560.9425,0.0,0.0,0.0,0.0,0.0,0.0,0.0,255.9596,255.9596,255.9596,0.0,255.8302,255.8302,255.8302,0.0,255.7015,255.7015,255.7015
2025-11-13T01:00:00,0.0,489.688,1667776.83,-3036.65,102.6031,0.0,92.6487,0,0,0.0,0.0,3560.9425,0.0,0.0,0.0,0.0,0.0,255.9596,255.9596,255.9596,0.0,255.8302,255.8302,255.8302,0.0,255.7015,255.7015,255.7015,255.7015
2025-11-13T07:00:00,255.9596,489.684,1667776.83,0.0,102.6031,0.0,91.4683,0,0,0.0,0.0,0.0,0.0,0.0,0.0,0.0,0.0,255.9596,255.9596,0.0,255.8302,255.8302,255.8302,0.0,255.7015,255.7015,255.7015,255.7015,0.0
2025-11-13T13:00:00,255.9596,489.6858,1667776.83,0.0,102.6031,0.0,90.3028,0,0,0.0,255.9596,0.0,0.0,0.0,0.0,0.0,0.0,255.9596,0.0,255.8302,255.8302,255.8302,0.0,255.7015,255.7015,255.7015,255.7015,0.0,255.5731
2025-11-13T19:00:00,255.9596,489.6867,1667776.83,0.0,102.6031,0.0,89.1522,0,0,0.0,255.9596,255.9596,0.0,0.0,0.0,0.0,0.0,0.0,255.8302,255.8302,255.8302,0.0,255.7015,255.7015,255.7015,255.7015,0.0,255.5731,255.5731
2025-11-14T01:00:00,0.0,489.6763,1664741.67,-3035.16,102.4164,0.0,88.0163,0,0,0.0,255.9596,255.9596,0.0,0.0,0.0,0.0,0.0,255.8302,255.8302,255.8302,0.0,255.7015,255.7015,255.7015,255.7015,0.0,255.5731,255.5731,255.5731
2025-11-14T07:00:00,255.8302,489.672,1664741.67,0.0,102.4164,0.0,86.8949,0,0,0.0,0.0,255.9596,0.0,0.0,0.0,0.0,0.0,255.8302,255.8302,0.0,255.7015,255.7015,255.7015,255.7015,0.0,255.5731,255.5731,255.5731,255.5731
2025-11-14T13:00:00,255.8302,489.6763,1664741.67,0.0,102.4164,0.0,85.7877,0,0,0.0,255.8302,0.0,0.0,0.0,0.0,0.0,0.0,255.8302,0.0,255.7015,255.7015,255.7015,255.7015,0.0,255.5731,255.5731,255.5731,255.5731,255.5731
2025-11-14T19:00:00,255.8302,489.6735,1664741.67,0.0,102.4164,0.0,84.6946,0,0,0.0,255.8302,255.8302,0.0,0.0,0.0,0.0,0.0,0.0,255.7015,255.7015,255.7015,255.7015,0.0,255.5731,255.5731,255.5731,255.5731,255.5731,255.5731
2025-11-15T01:00:00,0.0,489.6672,1661708.02,-3033.66,102.2298,0.0,83.6155,0,0,0.0,255.8302,255.8302,0.0,0.0,0.0,0.0,0.0,255.7015,255.7015,255.7015,255.7015,0.0,255.5731,255.5731,255.5731,255.5731,255.5731,255.5731,0.0
2025-11-15T07:00:00,255.7015,489.6663,1661708.02,0.0,102.2298,0.0,82.5501,0,0,0.0,0.0,255.8302,0.0,0.0,0.0,0.0,0.0,255.7015,255.7015,255.7015,0.0,255.5731,255.5731,255.5731,255.5731,255.5731,255.5731,0.0,2946.2557
2025-11-15T13:00:00,255.7015,489.6648,1661708.02,0.0,102.2298,0.0,81.4983,0,0,0.0,255.7015,0.0,0.0,0.0,0.0,0.0,0.0,255.7015,255.7015,0.0,255.5731,255.5731,255.5731,255.5731,255.5731,255.5731,0.0,2946.2557,38005.7679
2025-11-15T19:00:00,255.7015,489.6622,1661708.02,0.0,102.2298,0.0,80.4599,0,0,0.0,255.7015,255.7015,0.0,0.0,0.0,0.0,0.0,255.7015,0.0,255.5731,255.5731,255.5731,255.5731,255.5731,255.5731,0.0,2946.2557,38005.7679,32754.9634
2025-11-16T01:00:00,255.7015,489.664,1661708.02,0.0,102.2298,0.0,79.4347,0,0,0.0,255.7015,255.7015,0.0,0.0,0.0,0.0,0.0,0.0,255.5731,255.5731,255.5731,255.5731,255.5731,255.5731,0.0,2946.2557,38005.7679,32754.9634,45374.833
2025-11-16T07:00:00,0.0,489.6583,1658675.8,-3032.22,102.0432,0.0,78.4226,0,0,0.0,255.7015,255.7015,0.0,0.0,0.0,0.0,0.0,255.5731,255.5731,255.5731,255.5731,255.5731,255.5731,0.0,2946.2557,38005.7679,32754.9634,45374.833,79614.4706
2025-11-16T13:00:00,255.5731,489.6565,1658675.8,0.0,102.0432,0.0,77.4234,0,0,0.0,0.0,255.7015,0.0,0.0,0.0,0.0,0.0,255.5731,255.5731,255.5731,255.5731,255.5731,0.0,2946.2557,38005.7679,32754.9634,45374.833,79614.4706,93194.0889
2025-11-16T19:00:00,255.5731,489.6593,1658675.8,0.0,102.0432,0.0,76.4369,0,0,0.0,255.5731,0.0,0.0,0.0,0.0,0.0,0.0,255.5731,255.5731,255.5731,255.5731,0.0,2946.2557,38005.7679,32754.9634,45374.833,79614.4706,93194.0889,118841.8598
2025-11-17T01:00:00,255.5731,489.6533,1658675.8,0.0,102.0432,0.0,75.463,0,0,0.0,255.5731,255.5731,0.0,0.0,0.0,0.0,0.0,255.5731,255.5731,255.5731,0.0,2946.2557,38005.7679,32754.9634,45374.833,79614.4706,93194.0889,118841.8598,117622.6399
2025-11-17T07:00:00,255.5731,489.6543,1658675.8,0.0,102.0432,0.0,74.5015,0,0,0.0,255.5731,255.5731,0.0,0.0,0.0,0.0,0.0,255.5731,255.5731,0.0,2946.2557,38005.7679,32754.9634,45374.833,79614.4706,93194.0889,118841.8598,117622.6399,97889.3328
2025-11-17T13:00:00,255.5731,489.6567,1658675.8,0.0,102.0432,0.0,73.5522,0,0,0.0,255.5731,255.5731,0.0,0.0,0.0,0.0,0.0,255.5731,0.0,2946.2557,38005.7679,32754.9634,45374.833,79614.4706,93194.0889,118841.8598,117622.6399,97889.3328,88909.7063
2025-11-17T19:00:00,255.5731,489.657,1658675.8,0.0,102.0432,0.0,72.6151,0,0,0.0,255.5731,255.5731,0.0,0.0,0.0,0.0,0.0,0.0,2946.2557,38005.7679,32754.9634,45374.833,79614.4706,93194.0889,118841.8598,117622.6399,97889.3328,88909.7063,69628.7383
2025-11-18T01:00:00,0.0,489.663,1661708.02,3032.22,102.2298,16.6,88.2898,0,0,0.0,255.5731,255.5731,0.0,0.0,16.6,16.6,16.6,2946.2557,38005.7679,32754.9634,45374.833,79614.4706,93194.0889,118841.8598,117622.6399,97889.3328,88909.7063,69628.7383,52298.3517
2025-11-18T07:00:00,2946.2557,489.6978,1670813.48,9105.47,102.79,24.6,111.7649,0,0,1056.9,0.0,255.5731,16.6,0.0,41.2,41.2,41.2,38005.7679,32754.9634,45374.833,79614.4706,93194.0889,118841.8598,117622.6399,97889.3328,88909.7063,69628.7383,52298.3517,48085.337
2025-11-18T13:00:00,38005.7679,489.761,1692113.66,21300.18,104.1004,5.4,115.7408,0,0,18094.69,2946.2557,0.0,24.6,16.6,46.6,46.6,46.6,32754.9634,45374.833,79614.4706,93194.0889,118841.8598,117622.6399,97889.3328,88909.7063,69628.7383,52298.3517,48085.337,41510.0236
2025-11-18T19:00:00,32754.9634,489.786,1698213.64,6099.98,104.4756,11.2,125.4661,0,0,29815.45,38005.7679,2946.2557,5.4,24.6,41.2,57.8,57.8,45374.833,79614.4706,93194.0889,118841.8598,117622.6399,97889.3328,88909.7063,69628.7383,52298.3517,48085.337,41510.0236,35849.6735
2025-11-19T01:00:00,45374.833,489.809,1704320.27,6106.63,104.8513,11.6,135.4675,0,0,42564.88,32754.9634,38005.7679,11.2,5.4,28.200000000000003,69.39999999999999,69.39999999999999,79614.4706,93194.0889,118841.8598,117622.6399,97889.3328,88909.7063,69628.7383,52298.3517,48085.337,41510.0236,35849.6735,21855.7932
2025-11-19T07:00:00,79614.4706,489.8492,1716595.66,12275.39,105.6065,3.0,136.7415,0,0,68001.72,45374.833,32754.9634,11.6,11.2,25.799999999999997,55.800000000000004,72.39999999999999,93194.0889,118841.8598,117622.6399,97889.3328,88909.7063,69628.7383,52298.3517,48085.337,41510.0236,35849.6735,21855.7932,22500.1382
2025-11-19T13:00:00,93194.0889,489.8752,1725819.69,9224.03,106.174,9.2,144.1992,0,0,86541.61,79614.4706,45374.833,3.0,11.6,23.799999999999997,40.400000000000006,81.6,118841.8598,117622.6399,97889.3328,88909.7063,69628.7383,52298.3517,48085.337,41510.0236,35849.6735,21855.7932,22500.1382,22884.8238
2025-11-19T19:00:00,118841.8598,489.9072,1735058.57,9238.88,106.7424,6.2,148.5619,0,0,111254.01,93194.0889,79614.4706,9.2,3.0,18.4,41.2,71.2,117622.6399,97889.3328,88909.7063,69628.7383,52298.3517,48085.337,41510.0236,35849.6735,21855.7932,22500.1382,22884.8238,17918.1697
2025-11-20T01:00:00,117622.6399,489.9113,1738141.52,3082.94,106.932,1.0,147.669,0,0,114588.05,118841.8598,93194.0889,6.2,9.2,16.4,30.999999999999996,47.60000000000001,97889.3328,88909.7063,69628.7383,52298.3517,48085.337,41510.0236,35849.6735,21855.7932,22500.1382,22884.8238,17918.1697,13347.8837
2025-11-20T07:00:00,97889.3328,489.8978,1731977.26,-6164.25,106.5528,0.0,145.7875,0,0,103793.84,117622.6399,118841.8598,1.0,6.2,7.2,19.4,42.2,88909.7063,69628.7383,52298.3517,48085.337,41510.0236,35849.6735,21855.7932,22500.1382,22884.8238,17918.1697,13347.8837,15193.7058
2025-11-20T13:00:00,88909.7063,489.8822,1728897.66,-3079.6,106.3633,0.0,143.9299,0,0,91729.7,97889.3328,117622.6399,0.0,1.0,1.0,16.4,30.999999999999996,69628.7383,52298.3517,48085.337,41510.0236,35849.6735,21855.7932,22500.1382,22884.8238,17918.1697,13347.8837,15193.7058,14662.8831
2025-11-20T19:00:00,69628.7383,489.86,1722743.39,-6154.27,105.9847,0.0,142.096,0,0,75523.69,88909.7063,97889.3328,0.0,0.0,0.0,7.2,19.4,52298.3517,48085.337,41510.0236,35849.6735,21855.7932,22500.1382,22884.8238,17918.1697,13347.8837,15193.7058,14662.8831,13932.8341
2025-11-21T01:00:00,52298.3517,489.8392,1713524.23,-9219.15,105.4176,0.0,140.2855,0,0,61258.6,69628.7383,88909.7063,0.0,0.0,0.0,1.0,16.4,48085.337,41510.0236,35849.6735,21855.7932,22500.1382,22884.8238,17918.1697,13347.8837,15193.7058,14662.8831,13932.8341,6704.9645
2025-11-21T07:00:00,48085.337,489.823,1710454.44,-3069.8,105.2287,0.0,138.4981,0,0,50896.37,52298.3517,69628.7383,0.0,0.0,0.0,0.0,7.2,41510.0236,35849.6735,21855.7932,22500.1382,22884.8238,17918.1697,13347.8837,15193.7058,14662.8831,13932.8341,6704.9645,4294.6025
2025-11-21T13:00:00,41510.0236,489.8122,1707386.39,-3068.04,105.04,0.0,136.7334,0,0,44319.45,48085.337,52298.3517,0.0,0.0,0.0,0.0,1.0,35849.6735,21855.7932,22500.1382,22884.8238,17918.1697,13347.8837,15193.7058,14662.8831,13932.8341,6704.9645,4294.6025,9392.6859
2025-11-21T19:00:00,35849.6735,489.8023,1704320.27,-3066.12,104.8513,0.0,134.9912,0,0,38657.4,41510.0236,48085.337,0.0,0.0,0.0,0.0,0.0,21855.7932,22500.1382,22884.8238,17918.1697,13347.8837,15193.7058,14662.8831,13932.8341,6704.9645,4294.6025,9392.6859,7558.4097
2025-11-22T01:00:00,21855.7932,489.782,1698213.64,-6106.63,104.4756,0.0,133.2713,0,0,27705.13,35849.6735,41510.0236,0.0,0.0,0.0,0.0,0.0,22500.1382,22884.8238,17918.1697,13347.8837,15193.7058,14662.8831,13932.8341,6704.9645,4294.6025,9392.6859,7558.4097,1350.4455
2025-11-22T07:00:00,22500.1382,489.7772,1695162.85,-3050.79,104.288,0.0,131.5732,0,0,25293.77,21855.7932,35849.6735,0.0,0.0,0.0,0.0,0.0,22884.8238,17918.1697,13347.8837,15193.7058,14662.8831,13932.8341,6704.9645,4294.6025,9392.6859,7558.4097,1350.4455,3845.4999
2025-11-22T13:00:00,22884.8238,489.7717,1695162.85,0.0,104.288,0.0,129.8967,0,0,22627.67,22500.1382,21855.7932,0.0,0.0,0.0,0.0,0.0,17918.1697,13347.8837,15193.7058,14662.8831,13932.8341,6704.9645,4294.6025,9392.6859,7558.4097,1350.4455,3845.4999,4518.4957
2025-11-22T19:00:00,17918.1697,489.7675,1692113.66,-3049.19,104.1004,0.0,128.2417,0,0,20710.34,22884.8238,22500.1382,0.0,0.0,0.0,0.0,0.0,13347.8837,15193.7058,14662.8831,13932.8341,6704.9645,4294.6025,9392.6859,7558.4097,1350.4455,3845.4999,4518.4957,4339.6933
2025-11-23T01:00:00,13347.8837,489.7572,1689066.07,-3047.59,103.9129,0.0,126.6077,0,0,16138.59,17918.1697,22884.8238,0.0,0.0,0.0,0.0,0.0,15193.7058,14662.8831,13932.8341,6704.9645,4294.6025,9392.6859,7558.4097,1350.4455,3845.4999,4518.4957,4339.6933,0.0
2025-11-23T07:00:00,15193.7058,489.7543,1689066.07,0.0,103.9129,0.0,124.9945,0,0,14936.82,13347.8837,17918.1697,0.0,0.0,0.0,0.0,0.0,14662.8831,13932.8341,6704.9645,4294.6025,9392.6859,7558.4097,1350.4455,3845.4999,4518.4957,4339.6933,0.0,0.0
2025-11-23T13:00:00,14662.8831,489.753,1689066.07,0.0,103.9129,0.0,123.4019,0,0,14406.0,15193.7058,13347.8837,0.0,0.0,0.0,0.0,0.0,13932.8341,6704.9645,4294.6025,9392.6859,7558.4097,1350.4455,3845.4999,4518.4957,4339.6933,0.0,0.0,5182.1817
2025-11-23T19:00:00,13932.8341,489.7512,1689066.07,0.0,103.9129,0.0,121.8296,0,0,13675.95,14662.8831,15193.7058,0.0,0.0,0.0,0.0,0.0,6704.9645,4294.6025,9392.6859,7558.4097,1350.4455,3845.4999,4518.4957,4339.6933,0.0,0.0,5182.1817,1541.0508
2025-11-24T01:00:00,6704.9645,489.7402,1686020.07,-3046.0,103.7255,0.0,120.2773,0,0,9494.22,13932.8341,14662.8831,0.0,0.0,0.0,0.0,0.0,4294.6025,9392.6859,7558.4097,1350.4455,3845.4999,4518.4957,4339.6933,0.0,0.0,5182.1817,1541.0508,0.0
2025-11-24T07:00:00,4294.6025,489.733,1682975.65,-3044.41,103.5382,0.0,118.7448,0,0,7082.4,6704.9645,13932.8341,0.0,0.0,0.0,0.0,0.0,9392.6859,7558.4097,1350.4455,3845.4999,4518.4957,4339.6933,0.0,0.0,5182.1817,1541.0508,0.0,355.9785
2025-11-24T13:00:00,9392.6859,489.7392,1682975.65,0.0,103.5382,0.0,117.2318,0,0,9136.07,4294.6025,6704.9645,0.0,0.0,0.0,0.0,0.0,7558.4097,1350.4455,3845.4999,4518.4957,4339.6933,0.0,0.0,5182.1817,1541.0508,0.0,355.9785,625.3704
2025-11-24T19:00:00,7558.4097,489.7335,1682975.65,0.0,103.5382,0.0,115.7381,0,0,7301.79,9392.6859,4294.6025,0.0,0.0,0.0,0.0,0.0,1350.4455,3845.4999,4518.4957,4339.6933,0.0,0.0,5182.1817,1541.0508,0.0,355.9785,625.3704,734.2724
2025-11-25T01:00:00,1350.4455,489.723,1679932.84,-3042.81,103.351,0.0,114.2634,0,0,4136.77,7558.4097,9392.6859,0.0,0.0,0.0,0.0,0.0,3845.4999,4518.4957,4339.6933,0.0,0.0,5182.1817,1541.0508,0.0,355.9785,625.3704,734.2724,0.0
2025-11-25T07:00:00,3845.4999,489.721,1679932.84,0.0,103.351,0.0,112.8076,0,0,3589.02,1350.4455,7558.4097,0.0,0.0,0.0,0.0,0.0,4518.4957,4339.6933,0.0,0.0,5182.1817,1541.0508,0.0,355.9785,625.3704,734.2724,0.0,256.0897
2025-11-25T13:00:00,4518.4957,489.7235,1679932.84,0.0,103.351,0.0,111.3702,0,0,4262.01,3845.4999,1350.4455,0.0,0.0,0.0,0.0,0.0,4339.6933,0.0,0.0,5182.1817,1541.0508,0.0,355.9785,625.3704,734.2724,0.0,256.0897,280.9528
2025-11-25T19:00:00,4339.6933,489.7228,1679932.84,0.0,103.351,0.0,109.9512,0,0,4083.21,4518.4957,3845.4999,0.0,0.0,0.0,0.0,0.0,0.0,0.0,5182.1817,1541.0508,0.0,355.9785,625.3704,734.2724,0.0,256.0897,280.9528,256.0897
2025-11-26T01:00:00,0.0,489.715,1676891.46,-3041.38,103.1639,0.0,108.5503,0,0,2166.62,4339.6933,4518.4957,0.0,0.0,0.0,0.0,0.0,0.0,5182.1817,1541.0508,0.0,355.9785,625.3704,734.2724,0.0,256.0897,280.9528,256.0897,0.0
2025-11-26T07:00:00,0.0,489.71,1673851.74,-3039.72,102.9769,0.0,107.1672,0,0,1278.29,0.0,4339.6933,0.0,0.0,0.0,0.0,0.0,5182.1817,1541.0508,0.0,355.9785,625.3704,734.2724,0.0,256.0897,280.9528,256.0897,0.0,255.9596
2025-11-26T13:00:00,5182.1817,489.7137,1676891.46,3039.72,103.1639,0.0,105.8017,0,0,1886.11,0.0,0.0,0.0,0.0,0.0,0.0,0.0,1541.0508,0.0,355.9785,625.3704,734.2724,0.0,256.0897,280.9528,256.0897,0.0,255.9596,3292.7422
2025-11-26T19:00:00,1541.0508,489.7102,1676891.46,0.0,103.1639,0.0,104.4536,0,0,1284.7,5182.1817,0.0,0.0,0.0,0.0,0.0,0.0,0.0,355.9785,625.3704,734.2724,0.0,256.0897,280.9528,256.0897,0.0,255.9596,3292.7422,0.0
2025-11-27T01:00:00,0.0,489.7032,1673851.74,-3039.72,102.9769,0.0,103.1228,0,0,243.27,1541.0508,5182.1817,0.0,0.0,0.0,0.0,0.0,355.9785,625.3704,734.2724,0.0,256.0897,280.9528,256.0897,0.0,255.9596,3292.7422,0.0,255.9596
2025-11-27T07:00:00,355.9785,489.7005,1673851.74,0.0,102.9769,0.0,101.8088,0,0,99.76,0.0,1541.0508,0.0,0.0,0.0,0.0,0.0,625.3704,734.2724,0.0,256.0897,280.9528,256.0897,0.0,255.9596,3292.7422,0.0,255.9596,255.9596
2025-11-27T13:00:00,625.3704,489.7033,1673851.74,0.0,102.9769,0.0,100.5116,0,0,369.15,355.9785,0.0,0.0,0.0,0.0,0.0,0.0,734.2724,0.0,256.0897,280.9528,256.0897,0.0,255.9596,3292.7422,0.0,255.9596,255.9596,255.9596
2025-11-27T19:00:00,734.2724,489.7043,1673851.74,0.0,102.9769,0.0,99.231,0,0,478.05,625.3704,355.9785,0.0,0.0,0.0,0.0,0.0,0.0,256.0897,280.9528,256.0897,0.0,255.9596,3292.7422,0.0,255.9596,255.9596,255.9596,255.9596
2025-11-28T01:00:00,0.0,489.6952,1670813.48,-3038.26,102.79,0.0,97.9666,0,0,0.0,734.2724,625.3704,0.0,0.0,0.0,0.0,0.0,256.0897,280.9528,256.0897,0.0,255.9596,3292.7422,0.0,255.9596,255.9596,255.9596,255.9596,0.0
2025-11-28T07:00:00,256.0897,489.6915,1670813.48,0.0,102.79,0.0,96.7184,0,0,0.0,0.0,734.2724,0.0,0.0,0.0,0.0,0.0,280.9528,256.0897,0.0,255.9596,3292.7422,0.0,255.9596,255.9596,255.9596,255.9596,0.0,246.5488
2025-11-28T13:00:00,280.9528,489.7,1670813.48,0.0,102.79,0.0,95.486,0,0,24.86,256.0897,0.0,0.0,0.0,0.0,0.0,0.0,256.0897,0.0,255.9596,3292.7422,0.0,255.9596,255.9596,255.9596,255.9596,0.0,246.5488,3281.8309
2025-11-28T19:00:00,256.0897,489.6957,1670813.48,0.0,102.79,0.0,94.2694,0,0,0.0,280.9528,256.0897,0.0,0.0,0.0,0.0,0.0,0.0,255.9596,3292.7422,0.0,255.9596,255.9596,255.9596,255.9596,0.0,246.5488,3281.8309,246.6736
2025-11-29T01:00:00,0.0,489.686,1667776.83,-3036.65,102.6031,0.0,93.0683,0,0,0.0,256.0897,280.9528,0.0,0.0,0.0,0.0,0.0,255.9596,3292.7422,0.0,255.9596,255.9596,255.9596,255.9596,0.0,246.5488,3281.8309,246.6736,0.0
2025-11-29T07:00:00,255.9596,489.6872,1667776.83,0.0,102.6031,0.0,91.8825,0,0,0.0,0.0,256.0897,0.0,0.0,0.0,0.0,0.0,3292.7422,0.0,255.9596,255.9596,255.9596,255.9596,0.0,246.5488,3281.8309,246.6736,0.0,246.5488
2025-11-29T13:00:00,3292.7422,489.6903,1670813.48,3036.65,102.79,0.0,90.7117,0,0,0.0,255.9596,0.0,0.0,0.0,0.0,0.0,0.0,0.0,255.9596,255.9596,255.9596,255.9596,0.0,246.5488,3281.8309,246.6736,0.0,246.5488,246.5488
2025-11-29T19:00:00,0.0,489.6898,1667776.83,-3036.65,102.6031,0.0,89.5559,0,0,0.0,3292.7422,255.9596,0.0,0.0,0.0,0.0,0.0,255.9596,255.9596,255.9596,255.9596,0.0,246.5488,3281.8309,246.6736,0.0,246.5488,246.5488,246.5488
2025-11-30T01:00:00,255.9596,489.6838,1667776.83,0.0,102.6031,0.0,88.4149,0,0,0.0,0.0,3292.7422,0.0,0.0,0.0,0.0,0.0,255.9596,255.9596,255.9596,0.0,246.5488,3281.8309,246.6736,0.0,246.5488,246.5488,246.5488,246.5488
2025-11-30T07:00:00,255.9596,489.6812,1667776.83,0.0,102.6031,0.0,87.2883,0,0,0.0,255.9596,0.0,0.0,0.0,0.0,0.0,0.0,255.9596,255.9596,0.0,246.5488,3281.8309,246.6736,0.0,246.5488,246.5488,246.5488,246.5488,246.5488
2025-11-30T13:00:00,255.9596,489.6873,1667776.83,0.0,102.6031,0.0,86.1762,0,0,0.0,255.9596,255.9596,0.0,0.0,0.0,0.0,0.0,255.9596,0.0,246.5488,3281.8309,246.6736,0.0,246.5488,246.5488,246.5488,246.5488,246.5488,246.5488
2025-11-30T19:00:00,255.9596,489.686,1667776.83,0.0,102.6031,0.0,85.0781,0,0,0.0,255.9596,255.9596,0.0,0.0,0.0,0.0,0.0,0.0,246.5488,3281.8309,246.6736,0.0,246.5488,246.5488,246.5488,246.5488,246.5488,246.5488,246.5488
2025-12-01T01:00:00,0.0,489.6795,1664741.67,-3035.16,102.4164,0.0,83.9941,0,0,0.0,255.9596,255.9596,0.0,0.0,0.0,0.0,0.0,246.5488,3281.8309,246.6736,0.0,246.5488,246.5488,246.5488,246.5488,246.5488,246.5488,246.5488,246.5488
2025-12-01T07:00:00,246.5488,489.678,1664741.67,0.0,102.4164,0.0,82.9239,0,0,0.0,0.0,255.9596,0.0,0.0,0.0,0.0,0.0,3281.8309,246.6736,0.0,246.5488,246.5488,246.5488,246.5488,246.5488,246.5488,246.5488,246.5488,0.0
2025-12-01T13:00:00,3281.8309,489.6843,1667776.83,3035.16,102.6031,0.0,81.8673,0,0,0.0,246.5488,0.0,0.0,0.0,0.0,0.0,0.0,246.6736,0.0,246.5488,246.5488,246.5488,246.5488,246.5488,246.5488,246.5488,246.5488,0.0,3280.2046
2025-12-01T19:00:00,246.6736,489.6838,1667776.83,0.0,102.6031,0.0,80.8242,0,0,0.0,3281.8309,246.5488,0.0,0.0,0.0,0.0,0.0,0.0,246.5488,246.5488,246.5488,246.5488,246.5488,246.5488,246.5488,246.5488,0.0,3280.2046,246.5488
2025-12-02T01:00:00,0.0,489.677,1664741.67,-3035.16,102.4164,0.0,79.7944,0,0,0.0,246.6736,3281.8309,0.0,0.0,0.0,0.0,0.0,246.5488,246.5488,246.5488,246.5488,246.5488,246.5488,246.5488,246.5488,0.0,3280.2046,246.5488,0.0
2025-12-02T07:00:00,246.5488,489.6762,1664741.67,0.0,102.4164,0.0,78.7777,0,0,0.0,0.0,246.6736,0.0,0.0,0.0,0.0,0.0,246.5488,246.5488,246.5488,246.5488,246.5488,246.5488,246.5488,0.0,3280.2046,246.5488,0.0,246.4247
2025-12-02T13:00:00,246.5488,489.6797,1664741.67,0.0,102.4164,0.0,77.774,0,0,0.0,246.5488,0.0,0.0,0.0,0.0,0.0,0.0,246.5488,246.5488,246.5488,246.5488,246.5488,246.5488,0.0,3280.2046,246.5488,0.0,246.4247,3280.2046
2025-12-02T19:00:00,246.5488,489.678,1664741.67,0.0,102.4164,0.0,76.783,0,0,0.0,246.5488,246.5488,0.0,0.0,0.0,0.0,0.0,246.5488,246.5488,246.5488,246.5488,246.5488,0.0,3280.2046,246.5488,0.0,246.4247,3280.2046,0.0
2025-12-03T01:00:00,246.5488,489.6758,1664741.67,0.0,102.4164,0.0,75.8047,0,0,0.0,246.5488,246.5488,0.0,0.0,0.0,0.0,0.0,246.5488,246.5488,246.5488,246.5488,0.0,3280.2046,246.5488,0.0,246.4247,3280.2046,0.0,246.4247
2025-12-03T07:00:00,246.5488,489.676,1664741.67,0.0,102.4164,0.0,74.8388,0,0,0.0,246.5488,246.5488,0.0,0.0,0.0,0.0,0.0,246.5488,246.5488,246.5488,0.0,3280.2046,246.5488,0.0,246.4247,3280.2046,0.0,246.4247,246.4247
2025-12-03T13:00:00,246.5488,489.6762,1664741.67,0.0,102.4164,0.0,73.8853,0,0,0.0,246.5488,246.5488,0.0,0.0,0.0,0.0,0.0,246.5488,246.5488,0.0,3280.2046,246.5488,0.0,246.4247,3280.2046,0.0,246.4247,246.4247,246.4247
2025-12-03T19:00:00,246.5488,489.6762,1664741.67,0.0,102.4164,0.0,72.9439,0,0,0.0,246.5488,246.5488,0.0,0.0,0.0,0.0,0.0,246.5488,0.0,3280.2046,246.5488,0.0,246.4247,3280.2046,0.0,246.4247,246.4247,246.4247,246.4247
2025-12-04T01:00:00,246.5488,489.671,1664741.67,0.0,102.4164,0.0,72.0145,0,0,0.0,246.5488,246.5488,0.0,0.0,0.0,0.0,0.0,0.0,3280.2046,246.5488,0.0,246.4247,3280.2046,0.0,246.4247,246.4247,246.4247,246.4247,0.0
2025-12-04T07:00:00,0.0,489.6698,1661708.02,-3033.66,102.2298,0.0,71.0969,0,0,0.0,246.5488,246.5488,0.0,0.0,0.0,0.0,0.0,3280.2046,246.5488,0.0,246.4247,3280.2046,0.0,246.4247,246.4247,246.4247,246.4247,0.0,246.301
2025-12-04T13:00:00,3280.2046,489.6752,1664741.67,3033.66,102.4164,0.0,70.191,0,0,0.0,0.0,246.5488,0.0,0.0,0.0,0.0,0.0,246.5488,0.0,246.4247,3280.2046,0.0,246.4247,246.4247,246.4247,246.4247,0.0,246.301,3278.6454
2025-12-04T19:00:00,246.5488,489.6732,1664741.67,0.0,102.4164,0.0,69.2967,0,0,0.0,3280.2046,0.0,0.0,0.0,0.0,0.0,0.0,0.0,246.4247,3280.2046,0.0,246.4247,246.4247,246.4247,246.4247,0.0,246.301,3278.6454,0.0
2025-12-05T01:00:00,0.0,489.665,1661708.02,-3033.66,102.2298,0.0,68.4137,0,0,0.0,246.5488,3280.2046,0.0,0.0,0.0,0.0,0.0,246.4247,3280.2046,0.0,246.4247,246.4247,246.4247,246.4247,0.0,246.301,3278.6454,0.0,246.301
2025-12-05T07:00:00,246.4247,489.665,1661708.02,0.0,102.2298,0.0,67.5421,0,0,0.0,0.0,246.5488,0.0,0.0,0.0,0.0,0.0,3280.2046,0.0,246.4247,246.4247,246.4247,246.4247,0.0,246.301,3278.6454,0.0,246.301,246.301
2025-12-05T13:00:00,3280.2046,489.6707,1664741.67,3033.66,102.4164,0.0,66.6815,0,0,0.0,246.4247,0.0,0.0,0.0,0.0,0.0,0.0,0.0,246.4247,246.4247,246.4247,246.4247,0.0,246.301,3278.6454,0.0,246.301,246.301,246.301
2025-12-05T19:00:00,0.0,489.67,1661708.02,-3033.66,102.2298,0.0,65.8318,0,0,0.0,3280.2046,246.4247,0.0,0.0,0.0,0.0,0.0,246.4247,246.4247,246.4247,246.4247,0.0,246.301,3278.6454,0.0,246.301,246.301,246.301,246.301
2025-12-06T01:00:00,246.4247,489.666,1661708.02,0.0,102.2298,0.0,64.9931,0,0,0.0,0.0,3280.2046,0.0,0.0,0.0,0.0,0.0,246.4247,246.4247,246.4247,0.0,246.301,3278.6454,0.0,246.301,246.301,246.301,246.301,246.301
2025-12-06T07:00:00,246.4247,489.6638,1661708.02,0.0,102.2298,0.0,64.1649,0,0,0.0,246.4247,0.0,0.0,0.0,0.0,0.0,0.0,246.4247,246.4247,0.0,246.301,3278.6454,0.0,246.301,246.301,246.301,246.301,246.301,246.301
2025-12-06T13:00:00,246.4247,489.669,1661708.02,0.0,102.2298,0.0,63.3474,0,0,0.0,246.4247,246.4247,0.0,0.0,0.0,0.0,0.0,246.4247,0.0,246.301,3278.6454,0.0,246.301,246.301,246.301,246.301,246.301,246.301,246.301
2025-12-06T19:00:00,246.4247,489.6657,1661708.02,0.0,102.2298,0.0,62.5403,0,0,0.0,246.4247,246.4247,0.0,0.0,0.0,0.0,0.0,0.0,246.301,3278.6454,0.0,246.301,246.301,246.301,246.301,246.301,246.301,246.301,246.301
2025-12-07T01:00:00,0.0,489.657,1658675.8,-3032.22,102.0432,0.0,61.7434,0,0,0.0,246.4247,246.4247,0.0,0.0,0.0,0.0,0.0,246.301,3278.6454,0.0,246.301,246.301,246.301,246.301,246.301,246.301,246.301,246.301,0.0
2025-12-07T07:00:00,246.301,489.657,1658675.8,0.0,102.0432,0.0,60.9567,0,0,0.0,0.0,246.4247,0.0,0.0,0.0,0.0,0.0,3278.6454,0.0,246.301,246.301,246.301,246.301,246.301,246.301,246.301,246.301,0.0,246.1773
2025-12-07T13:00:00,3278.6454,489.6632,1661708.02,3032.22,102.2298,0.0,60.18,0,0,0.0,246.301,0.0,0.0,0.0,0.0,0.0,0.0,0.0,246.301,246.301,246.301,246.301,246.301,246.301,246.301,246.301,0.0,246.1773,3276.9356
2025-12-07T19:00:00,0.0,489.6588,1658675.8,-3032.22,102.0432,0.0,59.4132,0,0,0.0,3278.6454,246.301,0.0,0.0,0.0,0.0,0.0,246.301,246.301,246.301,246.301,246.301,246.301,246.301,246.301,0.0,246.1773,3276.9356,0.0
2025-12-08T01:00:00,246.301,489.656,1658675.8,0.0,102.0432,0.0,58.6562,0,0,0.0,0.0,3278.6454,0.0,0.0,0.0,0.0,0.0,246.301,246.301,246.301,246.301,246.301,246.301,246.301,0.0,246.1773,3276.9356,0.0,246.1773
2025-12-08T07:00:00,246.301,489.654,1658675.8,0.0,102.0432,0.0,57.9089,0,0,0.0,246.301,0.0,0.0,0.0,0.0,0.0,0.0,246.301,246.301,246.301,246.301,246.301,246.301,0.0,246.1773,3276.9356,0.0,246.1773,246.1773
2025-12-08T13:00:00,246.301,489.6592,1658675.8,0.0,102.0432,0.0,57.171,0,0,0.0,246.301,246.301,0.0,0.0,0.0,0.0,0.0,246.301,246.301,246.301,246.301,246.301,0.0,246.1773,3276.9356,0.0,246.1773,246.1773,246.1773
2025-12-08T19:00:00,246.301,489.659,1658675.8,0.0,102.0432,0.0,56.4426,0,0,0.0,246.301,246.301,0.0,0.0,0.0,0.0,0.0,246.301,246.301,246.301,246.301,0.0,246.1773,3276.9356,0.0,246.1773,246.1773,246.1773,246.1773
2025-12-09T01:00:00,246.301,489.652,1658675.8,0.0,102.0432,0.0,55.7234,0,0,0.0,246.301,246.301,0.0,0.0,0.0,0.0,0.0,246.301,246.301,246.301,0.0,246.1773,3276.9356,0.0,246.1773,246.1773,246.1773,246.1773,246.1773
2025-12-09T07:00:00,246.301,489.6517,1658675.8,0.0,102.0432,0.0,55.0134,0,0,0.0,246.301,246.301,0.0,0.0,0.0,0.0,0.0,246.301,246.301,0.0,246.1773,3276.9356,0.0,246.1773,246.1773,246.1773,246.1773,246.1773,246.1773
2025-12-09T13:00:00,246.301,489.6507,1658675.8,0.0,102.0432,0.0,54.3125,0,0,0.0,246.301,246.301,0.0,0.0,0.0,0.0,0.0,246.301,0.0,246.1773,3276.9356,0.0,246.1773,246.1773,246.1773,246.1773,246.1773,246.1773,246.1773
2025-12-09T19:00:00,246.301,489.6528,1658675.8,0.0,102.0432,0.0,53.6205,0,0,0.0,246.301,246.301,0.0,0.0,0.0,0.0,0.0,0.0,246.1773,3276.9356,0.0,246.1773,246.1773,246.1773,246.1773,246.1773,246.1773,246.1773,246.1773
2025-12-10T01:00:00,0.0,489.649,1655645.16,-3030.63,101.8568,0.0,52.9372,0,0,0.0,246.301,246.301,0.0,0.0,0.0,0.0,0.0,246.1773,3276.9356,0.0,246.1773,246.1773,246.1773,246.1773,246.1773,246.1773,246.1773,246.1773,246.1773
2025-12-10T07:00:00,246.1773,489.6493,1655645.16,0.0,101.8568,0.0,52.2628,0,0,0.0,0.0,246.301,0.0,0.0,0.0,0.0,0.0,3276.9356,0.0,246.1773,246.1773,246.1773,246.1773,246.1773,246.1773,246.1773,246.1773,246.1773,246.1773
2025-12-10T13:00:00,3276.9356,489.6542,1658675.8,3030.63,102.0432,0.0,51.5968,0,0,0.0,246.1773,0.0,0.0,0.0,0.0,0.0,0.0,0.0,246.1773,246.1773,246.1773,246.1773,246.1773,246.1773,246.1773,246.1773,246.1773,246.1773,246.1773
2025-12-10T19:00:00,0.0,489.6495,1655645.16,-3030.63,101.8568,0.0,50.9394,0,0,0.0,3276.9356,246.1773,0.0,0.0,0.0,0.0,0.0,246.1773,246.1773,246.1773,246.1773,246.1773,246.1773,246.1773,246.1773,246.1773,246.1773,246.1773,246.1773
2025-12-11T01:00:00,246.1773,489.6423,1655645.16,0.0,101.8568,0.0,50.2904,0,0,0.0,0.0,3276.9356,0.0,0.0,0.0,0.0,0.0,246.1773,246.1773,246.1773,246.1773,246.1773,246.1773,246.1773,246.1773,246.1773,246.1773,246.1773,246.1773
2025-12-11T07:00:00,246.1773,489.6427,1655645.16,0.0,101.8568,0.0,49.6496,0,0,0.0,246.1773,0.0,0.0,0.0,0.0,0.0,0.0,246.1773,246.1773,246.1773,246.1773,246.1773,246.1773,246.1773,246.1773,246.1773,246.1773,246.1773,246.1773
2025-12-11T13:00:00,246.1773,489.6453,1655645.16,0.0,101.8568,0.0,49.017,0,0,0.0,246.1773,246.1773,0.0,0.0,0.0,0.0,0.0,246.1773,246.1773,246.1773,246.1773,246.1773,246.1773,246.1773,246.1773,246.1773,246.1773,246.1773,246.1773
2025-12-11T19:00:00,246.1773,489.6452,1655645.16,0.0,101.8568,0.0,48.3925,0,0,0.0,246.1773,246.1773,0.0,0.0,0.0,0.0,0.0,246.1773,246.1773,246.1773,246.1773,246.1773,246.1773,246.1773,246.1773,246.1773,246.1773,246.1773,246.1773
2025-12-12T01:00:00,246.1773,489.644,1655645.16,0.0,101.8568,0.0,47.7759,0,0,0.0,246.1773,246.1773,0.0,0.0,0.0,0.0,0.0,246.1773,246.1773,246.1773,246.1773,246.1773,246.1773,246.1773,246.1773,246.1773,246.1773,246.1773,246.1773
2025-12-12T07:00:00,246.1773,489.6467,1655645.16,0.0,101.8568,0.0,47.1671,0,0,0.0,246.1773,246.1773,0.0,0.0,0.0,0.0,0.0,246.1773,246.1773,246.1773,246.1773,246.1773,246.1773,246.1773,246.1773,246.1773,246.1773,246.1773,246.1773
2025-12-12T13:00:00,246.1773,489.647,1655645.16,0.0,101.8568,0.0,46.5662,0,0,0.0,246.1773,246.1773,0.0,0.0,0.0,0.0,0.0,246.1773,246.1773,246.1773,246.1773,246.1773,246.1773,246.1773,246.1773,246.1773,246.1773,246.1773,246.1773
2025-12-12T19:00:00,246.1773,489.6492,1655645.16,0.0,101.8568,0.0,45.9728,0,0,0.0,246.1773,246.1773,0.0,0.0,0.0,0.0,0.0,246.1773,246.1773,246.1773,246.1773,246.1773,246.1773,246.1773,246.1773,246.1773,246.1773,246.1773,246.1773
2025-12-13T01:00:00,246.1773,489.6465,1655645.16,0.0,101.8568,0.0,45.3871,0,0,0.0,246.1773,246.1773,0.0,0.0,0.0,0.0,0.0,246.1773,246.1773,246.1773,246.1773,246.1773,246.1773,246.1773,246.1773,246.1773,246.1773,246.1773,0.0
2025-12-13T07:00:00,246.1773,489.643,1655645.16,0.0,101.8568,0.0,44.8088,0,0,0.0,246.1773,246.1773,0.0,0.0,0.0,0.0,0.0,246.1773,246.1773,246.1773,246.1773,246.1773,246.1773,246.1773,246.1773,246.1773,246.1773,0.0,246.0529
2025-12-13T13:00:00,246.1773,489.6482,1655645.16,0.0,101.8568,0.0,44.2378,0,0,0.0,246.1773,246.1773,0.0,0.0,0.0,0.0,0.0,246.1773,246.1773,246.1773,246.1773,246.1773,246.1773,246.1773,246.1773,246.1773,0.0,246.0529,246.0529
2025-12-13T19:00:00,246.1773,489.6442,1655645.16,0.0,101.8568,0.0,43.6742,0,0,0.0,246.1773,246.1773,0.0,0.0,0.0,0.0,0.0,246.1773,246.1773,246.1773,246.1773,246.1773,246.1773,246.1773,246.1773,0.0,246.0529,246.0529,3275.3326
2025-12-14T01:00:00,246.1773,489.6438,1655645.16,0.0,101.8568,0.0,43.1177,0,0,0.0,246.1773,246.1773,0.0,0.0,0.0,0.0,0.0,246.1773,246.1773,246.1773,246.1773,246.1773,246.1773,246.1773,0.0,246.0529,246.0529,3275.3326,0.0
2025-12-14T07:00:00,246.1773,489.644,1655645.16,0.0,101.8568,0.0,42.5683,0,0,0.0,246.1773,246.1773,0.0,0.0,0.0,0.0,0.0,246.1773,246.1773,246.1773,246.1773,246.1773,246.1773,0.0,246.0529,246.0529,3275.3326,0.0,246.0529
2025-12-14T13:00:00,246.1773,489.6442,1655645.16,0.0,101.8568,0.0,42.026,0,0,0.0,246.1773,246.1773,0.0,0.0,0.0,0.0,0.0,246.1773,246.1773,246.1773,246.1773,246.1773,0.0,246.0529,246.0529,3275.3326,0.0,246.0529,3275.3326
2025-12-14T19:00:00,246.1773,489.647,1655645.16,0.0,101.8568,0.0,41.4905,0,0,0.0,246.1773,246.1773,0.0,0.0,0.0,0.0,0.0,246.1773,246.1773,246.1773,246.1773,0.0,246.0529,246.0529,3275.3326,0.0,246.0529,3275.3326,0.0
2025-12-15T01:00:00,246.1773,489.6437,1655645.16,0.0,101.8568,0.0,40.9618,0,0,0.0,246.1773,246.1773,0.0,0.0,0.0,0.0,0.0,246.1773,246.1773,246.1773,0.0,246.0529,246.0529,3275.3326,0.0,246.0529,3275.3326,0.0,246.0529
2025-12-15T07:00:00,246.1773,489.6437,1655645.16,0.0,101.8568,0.0,40.4399,0,0,0.0,246.1773,246.1773,0.0,0.0,0.0,0.0,0.0,246.1773,246.1773,0.0,246.0529,246.0529,3275.3326,0.0,246.0529,3275.3326,0.0,246.0529,246.0529
2025-12-15T13:00:00,246.1773,489.6458,1655645.16,0.0,101.8568,0.0,39.9247,0,0,0.0,246.1773,246.1773,0.0,0.0,0.0,0.0,0.0,246.1773,0.0,246.0529,246.0529,3275.3326,0.0,246.0529,3275.3326,0.0,246.0529,246.0529,246.0529
2025-12-15T19:00:00,246.1773,489.646,1655645.16,0.0,101.8568,0.0,39.416,0,0,0.0,246.1773,246.1773,0.0,0.0,0.0,0.0,0.0,0.0,246.0529,246.0529,3275.3326,0.0,246.0529,3275.3326,0.0,246.0529,246.0529,246.0529,246.0529
2025-12-16T01:00:00,0.0,489.6395,1652616.01,-3029.16,101.6704,0.0,38.9137,0,0,0.0,246.1773,246.1773,0.0,0.0,0.0,0.0,0.0,246.0529,246.0529,3275.3326,0.0,246.0529,3275.3326,0.0,246.0529,246.0529,246.0529,246.0529,246.0529
2025-12-16T07:00:00,246.0529,489.638,1652616.01,0.0,101.6704,0.0,38.4179,0,0,0.0,0.0,246.1773,0.0,0.0,0.0,0.0,0.0,246.0529,3275.3326,0.0,246.0529,3275.3326,0.0,246.0529,246.0529,246.0529,246.0529,246.0529,0.0
2025-12-16T13:00:00,246.0529,489.6397,1652616.01,0.0,101.6704,0.0,37.9284,0,0,0.0,246.0529,0.0,0.0,0.0,0.0,0.0,0.0,3275.3326,0.0,246.0529,3275.3326,0.0,246.0529,246.0529,246.0529,246.0529,246.0529,0.0,245.9265
2025-12-16T19:00:00,3275.3326,489.6408,1655645.16,3029.16,101.8568,0.0,37.4452,0,0,0.0,246.0529,246.0529,0.0,0.0,0.0,0.0,0.0,0.0,246.0529,3275.3326,0.0,246.0529,246.0529,246.0529,246.0529,246.0529,0.0,245.9265,3273.5875
2025-12-17T01:00:00,0.0,489.6385,1652616.01,-3029.16,101.6704,0.0,36.9681,0,0,0.0,3275.3326,246.0529,0.0,0.0,0.0,0.0,0.0,246.0529,3275.3326,0.0,246.0529,246.0529,246.0529,246.0529,246.0529,0.0,245.9265,3273.5875,0.0
2025-12-17T07:00:00,246.0529,489.638,1652616.01,0.0,101.6704,0.0,36.497,0,0,0.0,0.0,3275.3326,0.0,0.0,0.0,0.0,0.0,3275.3326,0.0,246.0529,246.0529,246.0529,246.0529,246.0529,0.0,245.9265,3273.5875,0.0,245.9265
2025-12-17T13:00:00,3275.3326,489.6408,1655645.16,3029.16,101.8568,0.0,36.032,0,0,0.0,246.0529,0.0,0.0,0.0,0.0,0.0,0.0,0.0,246.0529,246.0529,246.0529,246.0529,246.0529,0.0,245.9265,3273.5875,0.0,245.9265,245.9265
2025-12-17T19:00:00,0.0,489.6397,1652616.01,-3029.16,101.6704,0.0,35.5729,0,0,0.0,3275.3326,246.0529,0.0,0.0,0.0,0.0,0.0,246.0529,246.0529,246.0529,246.0529,246.0529,0.0,245.9265,3273.5875,0.0,245.9265,245.9265,245.9265
2025-12-18T01:00:00,246.0529,489.6343,1652616.01,0.0,101.6704,0.0,35.1197,0,0,0.0,0.0,3275.3326,0.0,0.0,0.0,0.0,0.0,246.0529,246.0529,246.0529,246.0529,0.0,245.9265,3273.5875,0.0,245.9265,245.9265,245.9265,245.9265
2025-12-18T07:00:00,246.0529,489.6345,1652616.01,0.0,101.6704,0.0,34.6722,0,0,0.0,246.0529,0.0,0.0,0.0,0.0,0.0,0.0,246.0529,246.0529,246.0529,0.0,245.9265,3273.5875,0.0,245.9265,245.9265,245.9265,245.9265,245.9265
2025-12-18T13:00:00,246.0529,489.6368,1652616.01,0.0,101.6704,0.0,34.2304,0,0,0.0,246.0529,246.0529,0.0,0.0,0.0,0.0,0.0,246.0529,246.0529,0.0,245.9265,3273.5875,0.0,245.9265,245.9265,245.9265,245.9265,245.9265,245.9265
2025-12-18T19:00:00,246.0529,489.6342,1652616.01,0.0,101.6704,0.0,33.7943,0,0,0.0,246.0529,246.0529,0.0,0.0,0.0,0.0,0.0,246.0529,0.0,245.9265,3273.5875,0.0,245.9265,245.9265,245.9265,245.9265,245.9265,245.9265,3273.5875
2025-12-19T01:00:00,246.0529,489.631,1652616.01,0.0,101.6704,0.0,33.3637,0,0,0.0,246.0529,246.0529,0.0,0.0,0.0,0.0,0.0,0.0,245.9265,3273.5875,0.0,245.9265,245.9265,245.9265,245.9265,245.9265,245.9265,3273.5875,0.0
2025-12-19T07:00:00,0.0,489.6298,1649588.47,-3027.53,101.4842,0.0,32.9386,0,0,0.0,246.0529,246.0529,0.0,0.0,0.0,0.0,0.0,245.9265,3273.5875,0.0,245.9265,245.9265,245.9265,245.9265,245.9265,245.9265,3273.5875,0.0,245.9265
2025-12-19T13:00:00,245.9265,489.6298,1649588.47,0.0,101.4842,0.0,32.5189,0,0,0.0,0.0,246.0529,0.0,0.0,0.0,0.0,0.0,3273.5875,0.0,245.9265,245.9265,245.9265,245.9265,245.9265,245.9265,3273.5875,0.0,245.9265,245.9265
2025-12-19T19:00:00,3273.5875,489.6318,1652616.01,3027.53,101.6704,0.0,32.1045,0,0,0.0,245.9265,0.0,0.0,0.0,0.0,0.0,0.0,0.0,245.9265,245.9265,245.9265,245.9265,245.9265,245.9265,3273.5875,0.0,245.9265,245.9265,245.9265
2025-12-20T01:00:00,0.0,489.6298,1649588.47,-3027.53,101.4842,0.0,31.6955,0,0,0.0,3273.5875,245.9265,0.0,0.0,0.0,0.0,0.0,245.9265,245.9265,245.9265,245.9265,245.9265,245.9265,3273.5875,0.0,245.9265,245.9265,245.9265,245.9265
2025-12-20T07:00:00,245.9265,489.625,1649588.47,0.0,101.4842,0.0,31.2916,0,0,0.0,0.0,3273.5875,0.0,0.0,0.0,0.0,0.0,245.9265,245.9265,245.9265,245.9265,245.9265,3273.5875,0.0,245.9265,245.9265,245.9265,245.9265,245.9265
2025-12-20T13:00:00,245.9265,489.6248,1649588.47,0.0,101.4842,0.0,30.8929,0,0,0.0,245.9265,0.0,0.0,0.0,0.0,0.0,0.0,245.9265,245.9265,245.9265,245.9265,3273.5875,0.0,245.9265,245.9265,245.9265,245.9265,245.9265,245.9265
2025-12-20T19:00:00,245.9265,489.6275,1649588.47,0.0,101.4842,0.0,30.4993,0,0,0.0,245.9265,245.9265,0.0,0.0,0.0,0.0,0.0,245.9265,245.9265,245.9265,3273.5875,0.0,245.9265,245.9265,245.9265,245.9265,245.9265,245.9265,245.9265
2025-12-21T01:00:00,245.9265,489.625,1649588.47,0.0,101.4842,0.0,30.1107,0,0,0.0,245.9265,245.9265,0.0,0.0,0.0,0.0,0.0,245.9265,245.9265,3273.5875,0.0,245.9265,245.9265,245.9265,245.9265,245.9265,245.9265,245.9265,245.9265
2025-12-21T07:00:00,245.9265,489.625,1649588.47,0.0,101.4842,0.0,29.7271,0,0,0.0,245.9265,245.9265,0.0,0.0,0.0,0.0,0.0,245.9265,3273.5875,0.0,245.9265,245.9265,245.9265,245.9265,245.9265,245.9265,245.9265,245.9265,0.0
2025-12-21T13:00:00,245.9265,489.6285,1649588.47,0.0,101.4842,0.0,29.3483,0,0,0.0,245.9265,245.9265,0.0,0.0,0.0,0.0,0.0,3273.5875,0.0,245.9265,245.9265,245.9265,245.9265,245.9265,245.9265,245.9265,245.9265,0.0,3271.9195
2025-12-21T19:00:00,3273.5875,489.6303,1652616.01,3027.53,101.6704,0.0,28.9744,0,0,0.0,245.9265,245.9265,0.0,0.0,0.0,0.0,0.0,0.0,245.9265,245.9265,245.9265,245.9265,245.9265,245.9265,245.9265,245.9265,0.0,3271.9195,245.9265
2025-12-22T01:00:00,0.0,489.625,1649588.47,-3027.53,101.4842,0.0,28.6052,0,0,0.0,3273.5875,245.9265,0.0,0.0,0.0,0.0,0.0,245.9265,245.9265,245.9265,245.9265,245.9265,245.9265,245.9265,245.9265,0.0,3271.9195,245.9265,0.0
2025-12-22T07:00:00,245.9265,489.624,1649588.47,0.0,101.4842,0.0,28.2407,0,0,0.0,0.0,3273.5875,0.0,0.0,0.0,0.0,0.0,245.9265,245.9265,245.9265,245.9265,245.9265,245.9265,245.9265,0.0,3271.9195,245.9265,0.0,245.7941
2025-12-22T13:00:00,245.9265,489.6242,1649588.47,0.0,101.4842,0.0,27.8809,0,0,0.0,245.9265,0.0,0.0,0.0,0.0,0.0,0.0,245.9265,245.9265,245.9265,245.9265,245.9265,245.9265,0.0,3271.9195,245.9265,0.0,245.7941,3271.9195
2025-12-22T19:00:00,245.9265,489.6252,1649588.47,0.0,101.4842,0.0,27.5256,0,0,0.0,245.9265,245.9265,0.0,0.0,0.0,0.0,0.0,245.9265,245.9265,245.9265,245.9265,245.9265,0.0,3271.9195,245.9265,0.0,245.7941,3271.9195,245.9265
2025-12-23T01:00:00,245.9265,489.6202,1649588.47,0.0,101.4842,0.0,27.1749,0,0,0.0,245.9265,245.9265,0.0,0.0,0.0,0.0,0.0,245.9265,245.9265,245.9265,245.9265,0.0,3271.9195,245.9265,0.0,245.7941,3271.9195,245.9265,0.0
2025-12-23T07:00:00,245.9265,489.6203,1649588.47,0.0,101.4842,0.0,26.8287,0,0,0.0,245.9265,245.9265,0.0,0.0,0.0,0.0,0.0,245.9265,245.9265,245.9265,0.0,3271.9195,245.9265,0.0,245.7941,3271.9195,245.9265,0.0,245.7941
2025-12-23T13:00:00,245.9265,489.6218,1649588.47,0.0,101.4842,0.0,26.4868,0,0,0.0,245.9265,245.9265,0.0,0.0,0.0,0.0,0.0,245.9265,245.9265,0.0,3271.9195,245.9265,0.0,245.7941,3271.9195,245.9265,0.0,245.7941,3271.9195
2025-12-23T19:00:00,245.9265,489.6242,1649588.47,0.0,101.4842,0.0,26.1494,0,0,0.0,245.9265,245.9265,0.0,0.0,0.0,0.0,0.0,245.9265,0.0,3271.9195,245.9265,0.0,245.7941,3271.9195,245.9265,0.0,245.7941,3271.9195,245.9265
2025-12-24T01:00:00,245.9265,489.62,1649588.47,0.0,101.4842,0.0,25.8162,0,0,0.0,245.9265,245.9265,0.0,0.0,0.0,0.0,0.0,0.0,3271.9195,245.9265,0.0,245.7941,3271.9195,245.9265,0.0,245.7941,3271.9195,245.9265,0.0
2025-12-24T07:00:00,0.0,489.6192,1646562.48,-3025.99,101.298,0.0,25.4872,0,0,0.0,245.9265,245.9265,0.0,0.0,0.0,0.0,0.0,3271.9195,245.9265,0.0,245.7941,3271.9195,245.9265,0.0,245.7941,3271.9195,245.9265,0.0,245.7941
2025-12-24T13:00:00,3271.9195,489.622,1649588.47,3025.99,101.4842,0.0,25.1625,0,0,0.0,0.0,245.9265,0.0,0.0,0.0,0.0,0.0,245.9265,0.0,245.7941,3271.9195,245.9265,0.0,245.7941,3271.9195,245.9265,0.0,245.7941,245.7941
2025-12-24T19:00:00,245.9265,489.6205,1649588.47,0.0,101.4842,0.0,24.8419,0,0,0.0,3271.9195,0.0,0.0,0.0,0.0,0.0,0.0,0.0,245.7941,3271.9195,245.9265,0.0,245.7941,3271.9195,245.9265,0.0,245.7941,245.7941,245.7941
2025-12-25T01:00:00,0.0,489.6178,1646562.48,-3025.99,101.298,0.0,24.5254,0,0,0.0,245.9265,3271.9195,0.0,0.0,0.0,0.0,0.0,245.7941,3271.9195,245.9265,0.0,245.7941,3271.9195,245.9265,0.0,245.7941,245.7941,245.7941,245.7941
2025-12-25T07:00:00,245.7941,489.6182,1646562.48,0.0,101.298,0.0,24.2129,0,0,0.0,0.0,245.9265,0.0,0.0,0.0,0.0,0.0,3271.9195,245.9265,0.0,245.7941,3271.9195,245.9265,0.0,245.7941,245.7941,245.7941,245.7941,245.7941
2025-12-25T13:00:00,3271.9195,489.6242,1649588.47,3025.99,101.4842,0.0,23.9044,0,0,0.0,245.7941,0.0,0.0,0.0,0.0,0.0,0.0,245.9265,0.0,245.7941,3271.9195,245.9265,0.0,245.7941,245.7941,245.7941,245.7941,245.7941,245.7941
2025-12-25T19:00:00,245.9265,489.6223,1649588.47,0.0,101.4842,0.0,23.5998,0,0,0.0,3271.9195,245.7941,0.0,0.0,0.0,0.0,0.0,0.0,245.7941,3271.9195,245.9265,0.0,245.7941,245.7941,245.7941,245.7941,245.7941,245.7941,245.7941
2025-12-26T01:00:00,0.0,489.619,1646562.48,-3025.99,101.298,0.0,23.2991,0,0,0.0,245.9265,3271.9195,0.0,0.0,0.0,0.0,0.0,245.7941,3271.9195,245.9265,0.0,245.7941,245.7941,245.7941,245.7941,245.7941,245.7941,245.7941,245.7941
2025-12-26T07:00:00,245.7941,489.6185,1646562.48,0.0,101.298,0.0,23.0022,0,0,0.0,0.0,245.9265,0.0,0.0,0.0,0.0,0.0,3271.9195,245.9265,0.0,245.7941,245.7941,245.7941,245.7941,245.7941,245.7941,245.7941,245.7941,0.0
2025-12-26T13:00:00,3271.9195,489.624,1649588.47,3025.99,101.4842,0.0,22.7091,0,0,0.0,245.7941,0.0,0.0,0.0,0.0,0.0,0.0,245.9265,0.0,245.7941,245.7941,245.7941,245.7941,245.7941,245.7941,245.7941,245.7941,0.0,3270.0561
2025-12-26T19:00:00,245.9265,489.6205,1649588.47,0.0,101.4842,0.0,22.4198,0,0,0.0,3271.9195,245.7941,0.0,0.0,0.0,0.0,0.0,0.0,245.7941,245.7941,245.7941,245.7941,245.7941,245.7941,245.7941,245.7941,0.0,3270.0561,245.7941
2025-12-27T01:00:00,0.0,489.6178,1646562.48,-3025.99,101.298,0.0,22.1341,0,0,0.0,245.9265,3271.9195,0.0,0.0,0.0,0.0,0.0,245.7941,245.7941,245.7941,245.7941,245.7941,245.7941,245.7941,245.7941,0.0,3270.0561,245.7941,0.0
2025-12-27T07:00:00,245.7941,489.6158,1646562.48,0.0,101.298,0.0,21.8521,0,0,0.0,0.0,245.9265,0.0,0.0,0.0,0.0,0.0,245.7941,245.7941,245.7941,245.7941,245.7941,245.7941,245.7941,0.0,3270.0561,245.7941,0.0,245.1555
2025-12-27T13:00:00,245.7941,489.6177,1646562.48,0.0,101.298,0.0,21.5737,0,0,0.0,245.7941,0.0,0.0,0.0,0.0,0.0,0.0,245.7941,245.7941,245.7941,245.7941,245.7941,245.7941,0.0,3270.0561,245.7941,0.0,245.1555,245.1555
2025-12-27T19:00:00,245.7941,489.6195,1646562.48,0.0,101.298,0.0,21.2988,0,0,0.0,245.7941,245.7941,0.0,0.0,0.0,0.0,0.0,245.7941,245.7941,245.7941,245.7941,245.7941,0.0,3270.0561,245.7941,0.0,245.1555,245.1555,245.1555
2025-12-28T01:00:00,245.7941,489.6125,1646562.48,0.0,101.298,0.0,21.0274,0,0,0.0,245.7941,245.7941,0.0,0.0,0.0,0.0,0.0,245.7941,245.7941,245.7941,245.7941,0.0,3270.0561,245.7941,0.0,245.1555,245.1555,245.1555,245.1555
2025-12-28T07:00:00,245.7941,489.6118,1646562.48,0.0,101.298,0.0,20.7595,0,0,0.0,245.7941,245.7941,0.0,0.0,0.0,0.0,0.0,245.7941,245.7941,245.7941,0.0,3270.0561,245.7941,0.0,245.1555,245.1555,245.1555,245.1555,245.1555
2025-12-28T13:00:00,245.7941,489.6145,1646562.48,0.0,101.298,0.0,20.495,0,0,0.0,245.7941,245.7941,0.0,0.0,0.0,0.0,0.0,245.7941,245.7941,0.0,3270.0561,245.7941,0.0,245.1555,245.1555,245.1555,245.1555,245.1555,245.1555
2025-12-28T19:00:00,245.7941,489.6143,1646562.48,0.0,101.298,0.0,20.2339,0,0,0.0,245.7941,245.7941,0.0,0.0,0.0,0.0,0.0,245.7941,0.0,3270.0561,245.7941,0.0,245.1555,245.1555,245.1555,245.1555,245.1555,245.1555,245.1555
2025-12-29T01:00:00,245.7941,489.6103,1646562.48,0.0,101.298,0.0,19.9761,0,0,0.0,245.7941,245.7941,0.0,0.0,0.0,0.0,0.0,0.0,3270.0561,245.7941,0.0,245.1555,245.1555,245.1555,245.1555,245.1555,245.1555,245.1555,252.0528
2025-12-29T07:00:00,0.0,489.609,1643538.22,-3024.26,101.112,0.0,19.7215,0,0,0.0,245.7941,245.7941,0.0,0.0,0.0,0.0,0.0,3270.0561,245.7941,0.0,245.1555,245.1555,245.1555,245.1555,245.1555,245.1555,245.1555,252.0528,252.0528
2025-12-29T13:00:00,3270.0561,489.6127,1646562.48,3024.26,101.298,0.0,19.4703,0,0,0.0,0.0,245.7941,0.0,0.0,0.0,0.0,0.0,245.7941,0.0,245.1555,245.1555,245.1555,245.1555,245.1555,245.1555,245.1555,252.0528,252.0528,3276.9714
2025-12-29T19:00:00,245.7941,489.6115,1646562.48,0.0,101.298,0.0,19.2222,0,0,0.0,3270.0561,0.0,0.0,0.0,0.0,0.0,0.0,0.0,245.1555,245.1555,245.1555,245.1555,245.1555,245.1555,245.1555,252.0528,252.0528,3276.9714,252.7094
2025-12-30T01:00:00,0.0,489.6072,1643538.22,-3024.26,101.112,0.0,18.9773,0,0,0.0,245.7941,3270.0561,0.0,0.0,0.0,0.0,0.0,245.1555,245.1555,245.1555,245.1555,245.1555,245.1555,245.1555,252.0528,252.0528,3276.9714,252.7094,0.0
2025-12-30T07:00:00,245.1555,489.6048,1643538.22,0.0,101.112,0.0,18.7355,0,0,0.0,0.0,245.7941,0.0,0.0,0.0,0.0,0.0,245.1555,245.1555,245.1555,245.1555,245.1555,245.1555,252.0528,252.0528,3276.9714,252.7094,0.0,252.0528
2025-12-30T13:00:00,245.1555,489.6073,1643538.22,0.0,101.112,0.0,18.4967,0,0,0.0,245.1555,0.0,0.0,0.0,0.0,0.0,0.0,245.1555,245.1555,245.1555,245.1555,245.1555,252.0528,252.0528,3276.9714,252.7094,0.0,252.0528,3276.9714
2025-12-30T19:00:00,245.1555,489.6095,1643538.22,0.0,101.112,0.0,18.2611,0,0,0.0,245.1555,245.1555,0.0,0.0,0.0,0.0,0.0,245.1555,245.1555,245.1555,245.1555,252.0528,252.0528,3276.9714,252.7094,0.0,252.0528,3276.9714,252.7094
2025-12-31T01:00:00,245.1555,489.6042,1643538.22,0.0,101.112,0.0,18.0284,0,0,0.0,245.1555,245.1555,0.0,0.0,0.0,0.0,0.0,245.1555,245.1555,245.1555,252.0528,252.0528,3276.9714,252.7094,0.0,252.0528,3276.9714,252.7094,0.0
2025-12-31T07:00:00,245.1555,489.6027,1643538.22,0.0,101.112,0.0,17.7987,0,0,0.0,245.1555,245.1555,0.0,0.0,0.0,0.0,0.0,245.1555,245.1555,252.0528,252.0528,3276.9714,252.7094,0.0,252.0528,3276.9714,252.7094,0.0,0.0
2025-12-31T13:00:00,245.1555,489.6052,1643538.22,0.0,101.112,0.0,17.5719,0,0,0.0,245.1555,245.1555,0.0,0.0,0.0,0.0,0.0,245.1555,252.0528,252.0528,3276.9714,252.7094,0.0,252.0528,3276.9714,252.7094,0.0,0.0,3268.3951
2025-12-31T19:00:00,245.1555,489.6072,1643538.22,0.0,101.112,0.0,17.348,0,0,0.0,245.1555,245.1555,0.0,0.0,0.0,0.0,0.0,252.0528,252.0528,3276.9714,252.7094,0.0,252.0528,3276.9714,252.7094,0.0,0.0,3268.3951,252.0528
2026-01-01T01:00:00,252.0528,489.602,1643538.22,0.0,101.112,0.0,17.127,0,0,0.0,245.1555,245.1555,0.0,0.0,0.0,0.0,0.0,252.0528,3276.9714,252.7094,0.0,252.0528,3276.9714,252.7094,0.0,0.0,3268.3951,252.0528,0.0
2026-01-01T07:00:00,252.0528,489.6005,1643538.22,0.0,101.112,0.0,16.9088,0,0,0.0,252.0528,245.1555,0.0,0.0,0.0,0.0,0.0,3276.9714,252.7094,0.0,252.0528,3276.9714,252.7094,0.0,0.0,3268.3951,252.0528,0.0,251.8931
2026-01-01T13:00:00,3276.9714,489.6178,1646562.48,3024.26,101.298,0.0,16.6933,0,0,0.0,252.0528,252.0528,0.0,0.0,0.0,0.0,0.0,252.7094,0.0,252.0528,3276.9714,252.7094,0.0,0.0,3268.3951,252.0528,0.0,251.8931,3268.3951
2026-01-01T19:00:00,252.7094,489.6155,1646562.48,0.0,101.298,0.0,16.4806,0,0,0.0,3276.9714,252.0528,0.0,0.0,0.0,0.0,0.0,0.0,252.0528,3276.9714,252.7094,0.0,0.0,3268.3951,252.0528,0.0,251.8931,3268.3951,252.0528
2026-01-02T01:00:00,0.0,489.603,1643538.22,-3024.26,101.112,0.0,16.2706,0,0,0.0,252.7094,3276.9714,0.0,0.0,0.0,0.0,0.0,252.0528,3276.9714,252.7094,0.0,0.0,3268.3951,252.0528,0.0,251.8931,3268.3951,252.0528,0.0
2026-01-02T07:00:00,252.0528,489.6013,1643538.22,0.0,101.112,0.0,16.0633,0,0,0.0,0.0,252.7094,0.0,0.0,0.0,0.0,0.0,3276.9714,252.7094,0.0,0.0,3268.3951,252.0528,0.0,251.8931,3268.3951,252.0528,0.0,251.8931
2026-01-02T13:00:00,3276.9714,489.6107,1646562.48,3024.26,101.298,0.0,15.8586,0,0,0.0,252.0528,0.0,0.0,0.0,0.0,0.0,0.0,252.7094,0.0,0.0,3268.3951,252.0528,0.0,251.8931,3268.3951,252.0528,0.0,251.8931,3268.3951
2026-01-02T19:00:00,252.7094,489.6113,1646562.48,0.0,101.298,0.0,15.6566,0,0,0.0,3276.9714,252.0528,0.0,0.0,0.0,0.0,0.0,0.0,0.0,3268.3951,252.0528,0.0,251.8931,3268.3951,252.0528,0.0,251.8931,3268.3951,0.0
2026-01-03T01:00:00,0.0,489.602,1643538.22,-3024.26,101.112,0.0,15.4571,0,0,0.0,252.7094,3276.9714,0.0,0.0,0.0,0.0,0.0,0.0,3268.3951,252.0528,0.0,251.8931,3268.3951,252.0528,0.0,251.8931,3268.3951,0.0,251.8931
2026-01-03T07:00:00,0.0,489.5993,1640521.87,-3016.34,100.9264,0.0,15.2601,0,0,0.0,0.0,252.7094,0.0,0.0,0.0,0.0,0.0,3268.3951,252.0528,0.0,251.8931,3268.3951,252.0528,0.0,251.8931,3268.3951,0.0,251.8931,0.0
2026-01-03T13:00:00,3268.3951,489.6095,1643538.22,3016.34,101.112,0.0,15.0657,0,0,0.0,0.0,0.0,0.0,0.0,0.0,0.0,0.0,252.0528,0.0,251.8931,3268.3951,252.0528,0.0,251.8931,3268.3951,0.0,251.8931,0.0,4659.7476
2026-01-03T19:00:00,252.0528,489.6083,1643538.22,0.0,101.112,0.0,14.8738,0,0,0.0,3268.3951,0.0,0.0,0.0,0.0,0.0,0.0,0.0,251.8931,3268.3951,252.0528,0.0,251.8931,3268.3951,0.0,251.8931,0.0,4659.7476,1645.0931
2026-01-04T01:00:00,0.0,489.6,1640521.87,-3016.34,100.9264,0.0,14.6842,0,0,0.0,252.0528,3268.3951,0.0,0.0,0.0,0.0,0.0,251.8931,3268.3951,252.0528,0.0,251.8931,3268.3951,0.0,251.8931,0.0,4659.7476,1645.0931,0.0
2026-01-04T07:00:00,251.8931,489.5998,1640521.87,0.0,100.9264,0.0,14.4971,0,0,0.0,0.0,252.0528,0.0,0.0,0.0,0.0,0.0,3268.3951,252.0528,0.0,251.8931,3268.3951,0.0,251.8931,0.0,4659.7476,1645.0931,0.0,0.0
2026-01-04T13:00:00,3268.3951,489.6093,1643538.22,3016.34,101.112,0.0,14.3124,0,0,0.0,251.8931,0.0,0.0,0.0,0.0,0.0,0.0,252.0528,0.0,251.8931,3268.3951,0.0,251.8931,0.0,4659.7476,1645.0931,0.0,0.0,1644.8307
2026-01-04T19:00:00,252.0528,489.6048,1643538.22,0.0,101.112,0.0,14.1301,0,0,0.0,3268.3951,251.8931,0.0,0.0,0.0,0.0,0.0,0.0,251.8931,3268.3951,0.0,251.8931,0.0,4659.7476,1645.0931,0.0,0.0,1644.8307,0.0
2026-01-05T01:00:00,0.0,489.5968,1640521.87,-3016.34,100.9264,0.0,13.95,0,0,0.0,252.0528,3268.3951,0.0,0.0,0.0,0.0,0.0,251.8931,3268.3951,0.0,251.8931,0.0,4659.7476,1645.0931,0.0,0.0,1644.8307,0.0,0.0
2026-01-05T07:00:00,251.8931,489.593,1640521.87,0.0,100.9264,0.0,13.7723,0,0,0.0,0.0,252.0528,0.0,0.0,0.0,0.0,0.0,3268.3951,0.0,251.8931,0.0,4659.7476,1645.0931,0.0,0.0,1644.8307,0.0,0.0,0.0
2026-01-05T13:00:00,3268.3951,489.6008,1643538.22,3016.34,101.112,0.0,13.5968,0,0,0.0,251.8931,0.0,0.0,0.0,0.0,0.0,0.0,0.0,251.8931,0.0,4659.7476,1645.0931,0.0,0.0,1644.8307,0.0,0.0,0.0,251.2387
2026-01-05T19:00:00,0.0,489.5975,1640521.87,-3016.34,100.9264,0.0,13.4236,0,0,0.0,3268.3951,251.8931,0.0,0.0,0.0,0.0,0.0,251.8931,0.0,4659.7476,1645.0931,0.0,0.0,1644.8307,0.0,0.0,0.0,251.2387,251.2387
2026-01-06T01:00:00,251.8931,489.593,1640521.87,0.0,100.9264,0.0,13.2525,0,0,0.0,0.0,3268.3951,0.0,0.0,0.0,0.0,0.0,0.0,4659.7476,1645.0931,0.0,0.0,1644.8307,0.0,0.0,0.0,251.2387,251.2387,0.0
2026-01-06T07:00:00,0.0,489.588,1637507.22,-3014.65,100.7409,0.0,13.0837,0,0,0.0,251.8931,0.0,0.0,0.0,0.0,0.0,0.0,4659.7476,1645.0931,0.0,0.0,1644.8307,0.0,0.0,0.0,251.2387,251.2387,0.0,3258.2248
2026-01-06T13:00:00,4659.7476,489.5975,1640521.87,3014.65,100.9264,0.0,12.917,1,5572.8,0.0,0.0,251.8931,0.0,0.0,0.0,0.0,0.0,1645.0931,0.0,0.0,1644.8307,0.0,0.0,0.0,251.2387,251.2387,0.0,3258.2248,3259.9156
2026-01-06T19:00:00,1645.0931,489.5943,1640521.87,0.0,100.9264,0.0,12.7524,1,5572.8,0.0,4659.7476,0.0,0.0,0.0,0.0,0.0,0.0,0.0,0.0,1644.8307,0.0,0.0,0.0,251.2387,251.2387,0.0,3258.2248,3259.9156,251.3689
2026-01-07T01:00:00,0.0,489.5813,1637507.22,-3014.65,100.7409,0.0,12.5899,1,5572.8,0.0,1645.0931,4659.7476,0.0,0.0,0.0,0.0,0.0,0.0,1644.8307,0.0,0.0,0.0,251.2387,251.2387,0.0,3258.2248,3259.9156,251.3689,0.0
2026-01-07T07:00:00,0.0,489.5767,1634494.02,-3013.2,100.5555,0.0,12.4295,1,5572.8,0.0,0.0,1645.0931,0.0,0.0,0.0,0.0,0.0,1644.8307,0.0,0.0,0.0,251.2387,251.2387,0.0,3258.2248,3259.9156,251.3689,0.0,3259.9156
2026-01-07T13:00:00,1644.8307,489.5772,1634494.02,0.0,100.5555,0.0,12.2711,1,5572.8,0.0,0.0,0.0,0.0,0.0,0.0,0.0,0.0,0.0,0.0,0.0,251.2387,251.2387,0.0,3258.2248,3259.9156,251.3689,0.0,3259.9156,251.3689
2026-01-07T19:00:00,0.0,489.5647,1631482.4,-3011.62,100.3703,0.0,12.1148,1,5572.8,0.0,1644.8307,0.0,0.0,0.0,0.0,0.0,0.0,0.0,0.0,251.2387,251.2387,0.0,3258.2248,3259.9156,251.3689,0.0,3259.9156,251.3689,251.3689
2026-01-08T01:00:00,0.0,489.5513,1628472.31,-3010.09,100.1851,0.0,11.9604,1,5572.8,0.0,0.0,1644.8307,0.0,0.0,0.0,0.0,0.0,0.0,251.2387,251.2387,0.0,3258.2248,3259.9156,251.3689,0.0,3259.9156,251.3689,251.3689,251.3689
2026-01-08T07:00:00,0.0,489.5438,1625463.76,-3008.55,100.0,0.0,11.808,1,5572.8,0.0,0.0,0.0,0.0,0.0,0.0,0.0,0.0,251.2387,251.2387,0.0,3258.2248,3259.9156,251.3689,0.0,3259.9156,251.3689,251.3689,251.3689,251.3689
2026-01-08T13:00:00,251.2387,489.5468,1625463.76,0.0,100.0,0.0,11.6576,0,0,0.0,0.0,0.0,0.0,0.0,0.0,0.0,0.0,251.2387,0.0,3258.2248,3259.9156,251.3689,0.0,3259.9156,251.3689,251.3689,251.3689,251.3689,3261.589
2026-01-08T19:00:00,251.2387,489.5422,1625463.76,0.0,100.0,0.0,11.509,0,0,0.0,251.2387,0.0,0.0,0.0,0.0,0.0,0.0,0.0,3258.2248,3259.9156,251.3689,0.0,3259.9156,251.3689,251.3689,251.3689,251.3689,3261.589,251.4996
2026-01-09T01:00:00,0.0,489.5373,1622456.77,-3006.99,99.815,0.0,11.3624,0,0,0.0,251.2387,251.2387,0.0,0.0,0.0,0.0,0.0,3258.2248,3259.9156,251.3689,0.0,3259.9156,251.3689,251.3689,251.3689,251.3689,3261.589,251.4996,0.0
2026-01-09T07:00:00,3258.2248,489.5412,1625463.76,3006.99,100.0,0.0,11.2176,0,0,0.0,0.0,251.2387,0.0,0.0,0.0,0.0,0.0,3259.9156,251.3689,0.0,3259.9156,251.3689,251.3689,251.3689,251.3689,3261.589,251.4996,0.0,3261.589
2026-01-09T13:00:00,3259.9156,489.5555,1628472.31,3008.55,100.1851,0.0,11.0747,0,0,0.0,3258.2248,0.0,0.0,0.0,0.0,0.0,0.0,251.3689,0.0,3259.9156,251.3689,251.3689,251.3689,251.3689,3261.589,251.4996,0.0,3261.589,251.4996
2026-01-09T19:00:00,251.3689,489.554,1628472.31,0.0,100.1851,0.0,10.9336,0,0,0.0,3259.9156,3258.2248,0.0,0.0,0.0,0.0,0.0,0.0,3259.9156,251.3689,251.3689,251.3689,251.3689,3261.589,251.4996,0.0,3261.589,251.4996,251.4996
2026-01-10T01:00:00,0.0,489.5472,1625463.76,-3008.55,100.0,0.0,10.7943,0,0,0.0,251.3689,3259.9156,0.0,0.0,0.0,0.0,0.0,3259.9156,251.3689,251.3689,251.3689,251.3689,3261.589,251.4996,0.0,3261.589,251.4996,251.4996,251.4996
2026-01-10T07:00:00,3259.9156,489.5502,1628472.31,3008.55,100.1851,0.0,10.6567,0,0,0.0,0.0,251.3689,0.0,0.0,0.0,0.0,0.0,251.3689,251.3689,251.3689,251.3689,3261.589,251.4996,0.0,3261.589,251.4996,251.4996,251.4996,251.4996
2026-01-10T13:00:00,251.3689,489.5595,1628472.31,0.0,100.1851,0.0,10.5209,0,0,0.0,3259.9156,0.0,0.0,0.0,0.0,0.0,0.0,251.3689,251.3689,251.3689,3261.589,251.4996,0.0,3261.589,251.4996,251.4996,251.4996,251.4996,251.4996
2026-01-10T19:00:00,251.3689,489.5593,1628472.31,0.0,100.1851,0.0,10.3869,0,0,0.0,251.3689,3259.9156,0.0,0.0,0.0,0.0,0.0,251.3689,251.3689,3261.589,251.4996,0.0,3261.589,251.4996,251.4996,251.4996,251.4996,251.4996,251.4996
2026-01-11T01:00:00,251.3689,489.5548,1628472.31,0.0,100.1851,0.0,10.2546,0,0,0.0,251.3689,251.3689,0.0,0.0,0.0,0.0,0.0,251.3689,3261.589,251.4996,0.0,3261.589,251.4996,251.4996,251.4996,251.4996,251.4996,251.4996,251.4996
2026-01-11T07:00:00,251.3689,489.5533,1628472.31,0.0,100.1851,0.0,10.1239,0,0,0.0,251.3689,251.3689,0.0,0.0,0.0,0.0,0.0,3261.589,251.4996,0.0,3261.589,251.4996,251.4996,251.4996,251.4996,251.4996,251.4996,251.4996,251.4996
2026-01-11T13:00:00,3261.589,489.5653,1631482.4,3010.09,100.3703,0.0,9.9949,0,0,0.0,251.3689,251.3689,0.0,0.0,0.0,0.0,0.0,251.4996,0.0,3261.589,251.4996,251.4996,251.4996,251.4996,251.4996,251.4996,251.4996,251.4996,3263.252
2026-01-11T19:00:00,251.4996,489.5617,1631482.4,0.0,100.3703,0.0,9.8676,0,0,0.0,3261.589,251.3689,0.0,0.0,0.0,0.0,0.0,0.0,3261.589,251.4996,251.4996,251.4996,251.4996,251.4996,251.4996,251.4996,251.4996,3263.252,0.0
2026-01-12T01:00:00,0.0,489.559,1628472.31,-3010.09,100.1851,0.0,9.7418,0,0,0.0,251.4996,3261.589,0.0,0.0,0.0,0.0,0.0,3261.589,251.4996,251.4996,251.4996,251.4996,251.4996,251.4996,251.4996,251.4996,3263.252,0.0,251.4996
2026-01-12T07:00:00,3261.589,489.561,1631482.4,3010.09,100.3703,0.0,9.6177,0,0,0.0,0.0,251.4996,0.0,0.0,0.0,0.0,0.0,251.4996,251.4996,251.4996,251.4996,251.4996,251.4996,251.4996,251.4996,3263.252,0.0,251.4996,251.4996
2026-01-12T13:00:00,251.4996,489.5695,1631482.4,0.0,100.3703,0.0,9.4952,0,0,0.0,3261.589,0.0,0.0,0.0,0.0,0.0,0.0,251.4996,251.4996,251.4996,251.4996,251.4996,251.4996,251.4996,3263.252,0.0,251.4996,251.4996,3263.252
2026-01-12T19:00:00,251.4996,489.5657,1631482.4,0.0,100.3703,0.0,9.3742,0,0,0.0,251.4996,3261.589,0.0,0.0,0.0,0.0,0.0,251.4996,251.4996,251.4996,251.4996,251.4996,251.4996,3263.252,0.0,251.4996,251.4996,3263.252,251.6307
2026-01-13T01:00:00,251.4996,489.561,1631482.4,0.0,100.3703,0.0,9.2547,0,0,0.0,251.4996,251.4996,0.0,0.0,0.0,0.0,0.0,251.4996,251.4996,251.4996,251.4996,251.4996,3263.252,0.0,251.4996,251.4996,3263.252,251.6307,0.0
2026-01-13T07:00:00,251.4996,489.561,1631482.4,0.0,100.3703,0.0,9.1368,0,0,0.0,251.4996,251.4996,0.0,0.0,0.0,0.0,0.0,251.4996,251.4996,251.4996,251.4996,3263.252,0.0,251.4996,251.4996,3263.252,251.6307,0.0,251.4996
2026-01-13T13:00:00,251.4996,489.5683,1631482.4,0.0,100.3703,0.0,9.0204,0,0,0.0,251.4996,251.4996,0.0,0.0,0.0,0.0,0.0,251.4996,251.4996,251.4996,3263.252,0.0,251.4996,251.4996,3263.252,251.6307,0.0,251.4996,3263.252
2026-01-13T19:00:00,251.4996,489.5697,1631482.4,0.0,100.3703,0.0,8.9055,0,0,0.0,251.4996,251.4996,0.0,0.0,0.0,0.0,0.0,251.4996,251.4996,3263.252,0.0,251.4996,251.4996,3263.252,251.6307,0.0,251.4996,3263.252,251.6307
2026-01-14T01:00:00,251.4996,489.5662,1631482.4,0.0,100.3703,0.0,8.792,0,0,0.0,251.4996,251.4996,0.0,0.0,0.0,0.0,0.0,251.4996,3263.252,0.0,251.4996,251.4996,3263.252,251.6307,0.0,251.4996,3263.252,251.6307,251.6307
2026-01-14T07:00:00,251.4996,489.568,1631482.4,0.0,100.3703,0.0,8.68,0,0,0.0,251.4996,251.4996,0.0,0.0,0.0,0.0,0.0,3263.252,0.0,251.4996,251.4996,3263.252,251.6307,0.0,251.4996,3263.252,251.6307,251.6307,251.6307
2026-01-14T13:00:00,3263.252,489.5723,1634494.02,3011.62,100.5555,0.0,8.5694,0,0,0.0,251.4996,251.4996,0.0,0.0,0.0,0.0,0.0,0.0,251.4996,251.4996,3263.252,251.6307,0.0,251.4996,3263.252,251.6307,251.6307,251.6307,251.6307
2026-01-14T19:00:00,0.0,489.5697,1631482.4,-3011.62,100.3703,0.0,8.4602,0,0,0.0,3263.252,251.4996,0.0,0.0,0.0,0.0,0.0,251.4996,251.4996,3263.252,251.6307,0.0,251.4996,3263.252,251.6307,251.6307,251.6307,251.6307,251.6307
2026-01-15T01:00:00,251.4996,489.5682,1631482.4,0.0,100.3703,0.0,8.3524,0,0,0.0,0.0,3263.252,0.0,0.0,0.0,0.0,0.0,251.4996,3263.252,251.6307,0.0,251.4996,3263.252,251.6307,251.6307,251.6307,251.6307,251.6307,0.0
2026-01-15T07:00:00,251.4996,489.5677,1631482.4,0.0,100.3703,0.0,8.246,0,0,0.0,251.4996,0.0,0.0,0.0,0.0,0.0,0.0,3263.252,251.6307,0.0,251.4996,3263.252,251.6307,251.6307,251.6307,251.6307,251.6307,0.0,251.4996
2026-01-15T13:00:00,3263.252,489.5743,1634494.02,3011.62,100.5555,0.0,8.1409,0,0,0.0,251.4996,251.4996,0.0,0.0,0.0,0.0,0.0,251.6307,0.0,251.4996,3263.252,251.6307,251.6307,251.6307,251.6307,251.6307,0.0,251.4996,251.4996
2026-01-15T19:00:00,251.6307,489.5753,1634494.02,0.0,100.5555,0.0,8.0372,0,0,0.0,3263.252,251.4996,0.0,0.0,0.0,0.0,0.0,0.0,251.4996,3263.252,251.6307,251.6307,251.6307,251.6307,251.6307,0.0,251.4996,251.4996,251.4996
2026-01-16T01:00:00,0.0,489.5693,1631482.4,-3011.62,100.3703,0.0,7.9348,0,0,0.0,251.6307,3263.252,0.0,0.0,0.0,0.0,0.0,251.4996,3263.252,251.6307,251.6307,251.6307,251.6307,251.6307,0.0,251.4996,251.4996,251.4996,251.4996
2026-01-16T07:00:00,251.4996,489.5688,1631482.4,0.0,100.3703,0.0,7.8337,0,0,0.0,0.0,251.6307,0.0,0.0,0.0,0.0,0.0,3263.252,251.6307,251.6307,251.6307,251.6307,251.6307,0.0,251.4996,251.4996,251.4996,251.4996,251.4996
2026-01-16T13:00:00,3263.252,489.5735,1634494.02,3011.62,100.5555,0.0,7.7339,0,0,0.0,251.4996,0.0,0.0,0.0,0.0,0.0,0.0,251.6307,251.6307,251.6307,251.6307,251.6307,0.0,251.4996,251.4996,251.4996,251.4996,251.4996,251.4996
2026-01-16T19:00:00,251.6307,489.5733,1634494.02,0.0,100.5555,0.0,7.6353,0,0,0.0,3263.252,251.4996,0.0,0.0,0.0,0.0,0.0,251.6307,251.6307,251.6307,251.6307,0.0,251.4996,251.4996,251.4996,251.4996,251.4996,251.4996,251.4996
2026-01-17T01:00:00,251.6307,489.573,1634494.02,0.0,100.5555,0.0,7.538,0,0,0.0,251.6307,3263.252,0.0,0.0,0.0,0.0,0.0,251.6307,251.6307,251.6307,0.0,251.4996,251.4996,251.4996,251.4996,251.4996,251.4996,251.4996,251.4996
2026-01-17T07:00:00,251.6307,489.5718,1634494.02,0.0,100.5555,0.0,7.442,0,0,0.0,251.6307,251.6307,0.0,0.0,0.0,0.0,0.0,251.6307,251.6307,0.0,251.4996,251.4996,251.4996,251.4996,251.4996,251.4996,251.4996,251.4996,251.4996
2026-01-17T13:00:00,251.6307,489.5722,1634494.02,0.0,100.5555,0.0,7.3472,0,0,0.0,251.6307,251.6307,0.0,0.0,0.0,0.0,0.0,251.6307,0.0,251.4996,251.4996,251.4996,251.4996,251.4996,251.4996,251.4996,251.4996,251.4996,251.4996
2026-01-17T19:00:00,251.6307,489.5722,1634494.02,0.0,100.5555,0.0,7.2536,0,0,0.0,251.6307,251.6307,0.0,0.0,0.0,0.0,0.0,0.0,251.4996,251.4996,251.4996,251.4996,251.4996,251.4996,251.4996,251.4996,251.4996,251.4996,251.4996
2026-01-18T01:00:00,0.0,489.5683,1631482.4,-3011.62,100.3703,0.0,7.1611,0,0,0.0,251.6307,251.6307,0.0,0.0,0.0,0.0,0.0,251.4996,251.4996,251.4996,251.4996,251.4996,251.4996,251.4996,251.4996,251.4996,251.4996,251.4996,251.4996
2026-01-18T07:00:00,251.4996,489.568,1631482.4,0.0,100.3703,0.0,7.0699,0,0,0.0,0.0,251.6307,0.0,0.0,0.0,0.0,0.0,251.4996,251.4996,251.4996,251.4996,251.4996,251.4996,251.4996,251.4996,251.4996,251.4996,251.4996,251.4996
2026-01-18T13:00:00,251.4996,489.569,1631482.4,0.0,100.3703,0.0,6.9798,0,0,0.0,251.4996,0.0,0.0,0.0,0.0,0.0,0.0,251.4996,251.4996,251.4996,251.4996,251.4996,251.4996,251.4996,251.4996,251.4996,251.4996,251.4996,251.4996
2026-01-18T19:00:00,251.4996,489.5695,1631482.4,0.0,100.3703,0.0,6.8909,0,0,0.0,251.4996,251.4996,0.0,0.0,0.0,0.0,0.0,251.4996,251.4996,251.4996,251.4996,251.4996,251.4996,251.4996,251.4996,251.4996,251.4996,251.4996,251.4996
2026-01-19T01:00:00,251.4996,489.5673,1631482.4,0.0,100.3703,0.0,6.8031,0,0,0.0,251.4996,251.4996,0.0,0.0,0.0,0.0,0.0,251.4996,251.4996,251.4996,251.4996,251.4996,251.4996,251.4996,251.4996,251.4996,251.4996,251.4996,251.4996
2026-01-19T07:00:00,251.4996,489.568,1631482.4,0.0,100.3703,0.0,6.7164,0,0,0.0,251.4996,251.4996,0.0,0.0,0.0,0.0,0.0,251.4996,251.4996,251.4996,251.4996,251.4996,251.4996,251.4996,251.4996,251.4996,251.4996,251.4996,251.4996
2026-01-19T13:00:00,251.4996,489.5688,1631482.4,0.0,100.3703,0.0,6.6308,0,0,0.0,251.4996,251.4996,0.0,0.0,0.0,0.0,0.0,251.4996,251.4996,251.4996,251.4996,251.4996,251.4996,251.4996,251.4996,251.4996,251.4996,251.4996,251.4996
2026-01-19T19:00:00,251.4996,489.5685,1631482.4,0.0,100.3703,0.0,6.5463,0,0,0.0,251.4996,251.4996,0.0,0.0,0.0,0.0,0.0,251.4996,251.4996,251.4996,251.4996,251.4996,251.4996,251.4996,251.4996,251.4996,251.4996,251.4996,251.4996
2026-01-20T01:00:00,251.4996,489.5673,1631482.4,0.0,100.3703,0.0,6.4629,0,0,0.0,251.4996,251.4996,0.0,0.0,0.0,0.0,0.0,251.4996,251.4996,251.4996,251.4996,251.4996,251.4996,251.4996,251.4996,251.4996,251.4996,251.4996,251.4996
2026-01-20T07:00:00,251.4996,489.568,1631482.4,0.0,100.3703,0.0,6.3806,0,0,0.0,251.4996,251.4996,0.0,0.0,0.0,0.0,0.0,251.4996,251.4996,251.4996,251.4996,251.4996,251.4996,251.4996,251.4996,251.4996,251.4996,251.4996,251.4996
2026-01-20T13:00:00,251.4996,489.5692,1631482.4,0.0,100.3703,0.0,6.2993,0,0,0.0,251.4996,251.4996,0.0,0.0,0.0,0.0,0.0,251.4996,251.4996,251.4996,251.4996,251.4996,251.4996,251.4996,251.4996,251.4996,251.4996,251.4996,251.4996
2026-01-20T19:00:00,251.4996,489.5688,1631482.4,0.0,100.3703,0.0,6.219,0,0,0.0,251.4996,251.4996,0.0,0.0,0.0,0.0,0.0,251.4996,251.4996,251.4996,251.4996,251.4996,251.4996,251.4996,251.4996,251.4996,251.4996,251.4996,251.4996
2026-01-21T01:00:00,251.4996,489.5667,1631482.4,0.0,100.3703,0.0,6.1398,0,0,0.0,251.4996,251.4996,0.0,0.0,0.0,0.0,0.0,251.4996,251.4996,251.4996,251.4996,251.4996,251.4996,251.4996,251.4996,251.4996,251.4996,251.4996,251.4996
2026-01-21T07:00:00,251.4996,489.5645,1631482.4,0.0,100.3703,0.0,6.0616,0,0,0.0,251.4996,251.4996,0.0,0.0,0.0,0.0,0.0,251.4996,251.4996,251.4996,251.4996,251.4996,251.4996,251.4996,251.4996,251.4996,251.4996,251.4996,251.4996
2026-01-21T13:00:00,251.4996,489.5657,1631482.4,0.0,100.3703,0.0,5.9843,0,0,0.0,251.4996,251.4996,0.0,0.0,0.0,0.0,0.0,251.4996,251.4996,251.4996,251.4996,251.4996,251.4996,251.4996,251.4996,251.4996,251.4996,251.4996,251.4996
2026-01-21T19:00:00,251.4996,489.5655,1631482.4,0.0,100.3703,0.0,5.9081,0,0,0.0,251.4996,251.4996,0.0,0.0,0.0,0.0,0.0,251.4996,251.4996,251.4996,251.4996,251.4996,251.4996,251.4996,251.4996,251.4996,251.4996,251.4996,251.4996
2026-01-22T01:00:00,251.4996,489.563,1631482.4,0.0,100.3703,0.0,5.8328,0,0,0.0,251.4996,251.4996,0.0,0.0,0.0,0.0,0.0,251.4996,251.4996,251.4996,251.4996,251.4996,251.4996,251.4996,251.4996,251.4996,251.4996,251.4996,251.4996
2026-01-22T07:00:00,251.4996,489.561,1631482.4,0.0,100.3703,0.0,5.7585,0,0,0.0,251.4996,251.4996,0.0,0.0,0.0,0.0,0.0,251.4996,251.4996,251.4996,251.4996,251.4996,251.4996,251.4996,251.4996,251.4996,251.4996,251.4996,251.4996
2026-01-22T13:00:00,251.4996,489.5648,1631482.4,0.0,100.3703,0.0,5.6851,0,0,0.0,251.4996,251.4996,0.0,0.0,0.0,0.0,0.0,251.4996,251.4996,251.4996,251.4996,251.4996,251.4996,251.4996,251.4996,251.4996,251.4996,251.4996,3263.252
2026-01-22T19:00:00,251.4996,489.5643,1631482.4,0.0,100.3703,0.0,5.6127,0,0,0.0,251.4996,251.4996,0.0,0.0,0.0,0.0,0.0,251.4996,251.4996,251.4996,251.4996,251.4996,251.4996,251.4996,251.4996,251.4996,251.4996,3263.252,0.0
2026-01-23T01:00:00,251.4996,489.5635,1631482.4,0.0,100.3703,0.0,5.5412,0,0,0.0,251.4996,251.4996,0.0,0.0,0.0,0.0,0.0,251.4996,251.4996,251.4996,251.4996,251.4996,251.4996,251.4996,251.4996,251.4996,3263.252,0.0,251.4996
2026-01-23T07:00:00,251.4996,489.5647,1631482.4,0.0,100.3703,0.0,5.4705,0,0,0.0,251.4996,251.4996,0.0,0.0,0.0,0.0,0.0,251.4996,251.4996,251.4996,251.4996,251.4996,251.4996,251.4996,251.4996,3263.252,0.0,251.4996,251.4996
2026-01-23T13:00:00,251.4996,489.5648,1631482.4,0.0,100.3703,0.0,5.4008,0,0,0.0,251.4996,251.4996,0.0,0.0,0.0,0.0,0.0,251.4996,251.4996,251.4996,251.4996,251.4996,251.4996,251.4996,3263.252,0.0,251.4996,251.4996,3263.252
2026-01-23T19:00:00,251.4996,489.564,1631482.4,0.0,100.3703,0.0,5.332,0,0,0.0,251.4996,251.4996,0.0,0.0,0.0,0.0,0.0,251.4996,251.4996,251.4996,251.4996,251.4996,251.4996,3263.252,0.0,251.4996,251.4996,3263.252,251.6307
2026-01-24T01:00:00,251.4996,489.5658,1631482.4,0.0,100.3703,0.0,5.2641,0,0,0.0,251.4996,251.4996,0.0,0.0,0.0,0.0,0.0,251.4996,251.4996,251.4996,251.4996,251.4996,3263.252,0.0,251.4996,251.4996,3263.252,251.6307,0.0
2026-01-24T07:00:00,251.4996,489.5647,1631482.4,0.0,100.3703,0.0,5.197,0,0,0.0,251.4996,251.4996,0.0,0.0,0.0,0.0,0.0,251.4996,251.4996,251.4996,251.4996,3263.252,0.0,251.4996,251.4996,3263.252,251.6307,0.0,3263.252
2026-01-24T13:00:00,251.4996,489.5657,1631482.4,0.0,100.3703,0.0,5.1308,0,0,0.0,251.4996,251.4996,0.0,0.0,0.0,0.0,0.0,251.4996,251.4996,251.4996,3263.252,0.0,251.4996,251.4996,3263.252,251.6307,0.0,3263.252,251.6307
2026-01-24T19:00:00,251.4996,489.5658,1631482.4,0.0,100.3703,0.0,5.0654,0,0,0.0,251.4996,251.4996,0.0,0.0,0.0,0.0,0.0,251.4996,251.4996,3263.252,0.0,251.4996,251.4996,3263.252,251.6307,0.0,3263.252,251.6307,251.6307
2026-01-25T01:00:00,251.4996,489.567,1631482.4,0.0,100.3703,0.0,5.0009,0,0,0.0,251.4996,251.4996,0.0,0.0,0.0,0.0,0.0,251.4996,3263.252,0.0,251.4996,251.4996,3263.252,251.6307,0.0,3263.252,251.6307,251.6307,251.6307
2026-01-25T07:00:00,251.4996,489.567,1631482.4,0.0,100.3703,0.0,4.9372,0,0,0.0,251.4996,251.4996,0.0,0.0,0.0,0.0,0.0,3263.252,0.0,251.4996,251.4996,3263.252,251.6307,0.0,3263.252,251.6307,251.6307,251.6307,251.6307
2026-01-25T13:00:00,3263.252,489.5712,1634494.02,3011.62,100.5555,0.0,4.8743,0,0,0.0,251.4996,251.4996,0.0,0.0,0.0,0.0,0.0,0.0,251.4996,251.4996,3263.252,251.6307,0.0,3263.252,251.6307,251.6307,251.6307,251.6307,251.6307
2026-01-25T19:00:00,0.0,489.5688,1631482.4,-3011.62,100.3703,0.0,4.8122,0,0,0.0,3263.252,251.4996,0.0,0.0,0.0,0.0,0.0,251.4996,251.4996,3263.252,251.6307,0.0,3263.252,251.6307,251.6307,251.6307,251.6307,251.6307,251.6307
2026-01-26T01:00:00,251.4996,489.567,1631482.4,0.0,100.3703,0.0,4.7508,0,0,0.0,0.0,3263.252,0.0,0.0,0.0,0.0,0.0,251.4996,3263.252,251.6307,0.0,3263.252,251.6307,251.6307,251.6307,251.6307,251.6307,251.6307,251.6307
2026-01-26T07:00:00,251.4996,489.567,1631482.4,0.0,100.3703,0.0,4.6903,0,0,0.0,251.4996,0.0,0.0,0.0,0.0,0.0,0.0,3263.252,251.6307,0.0,3263.252,251.6307,251.6307,251.6307,251.6307,251.6307,251.6307,251.6307,251.6307
2026-01-26T13:00:00,3263.252,489.5723,1634494.02,3011.62,100.5555,0.0,4.6306,0,0,0.0,251.4996,251.4996,0.0,0.0,0.0,0.0,0.0,251.6307,0.0,3263.252,251.6307,251.6307,251.6307,251.6307,251.6307,251.6307,251.6307,251.6307,251.6307
2026-01-26T19:00:00,251.6307,489.5708,1634494.02,0.0,100.5555,0.0,4.5716,0,0,0.0,3263.252,251.4996,0.0,0.0,0.0,0.0,0.0,0.0,3263.252,251.6307,251.6307,251.6307,251.6307,251.6307,251.6307,251.6307,251.6307,251.6307,251.6307
2026-01-27T01:00:00,0.0,489.57,1631482.4,-3011.62,100.3703,0.0,4.5133,0,0,0.0,251.6307,3263.252,0.0,0.0,0.0,0.0,0.0,3263.252,251.6307,251.6307,251.6307,251.6307,251.6307,251.6307,251.6307,251.6307,251.6307,251.6307,251.6307
2026-01-27T07:00:00,3263.252,489.5713,1634494.02,3011.62,100.5555,0.0,4.4558,0,0,0.0,0.0,251.6307,0.0,0.0,0.0,0.0,0.0,251.6307,251.6307,251.6307,251.6307,251.6307,251.6307,251.6307,251.6307,251.6307,251.6307,251.6307,251.6307
2026-01-27T13:00:00,251.6307,489.572,1634494.02,0.0,100.5555,0.0,4.399,0,0,0.0,3263.252,0.0,0.0,0.0,0.0,0.0,0.0,251.6307,251.6307,251.6307,251.6307,251.6307,251.6307,251.6307,251.6307,251.6307,251.6307,251.6307,251.6307
2026-01-27T19:00:00,251.6307,489.5718,1634494.02,0.0,100.5555,0.0,4.343,0,0,0.0,251.6307,3263.252,0.0,0.0,0.0,0.0,0.0,251.6307,251.6307,251.6307,251.6307,251.6307,251.6307,251.6307,251.6307,251.6307,251.6307,251.6307,251.6307
2026-01-28T01:00:00,251.6307,489.5718,1634494.02,0.0,100.5555,0.0,4.2876,0,0,0.0,251.6307,251.6307,0.0,0.0,0.0,0.0,0.0,251.6307,251.6307,251.6307,251.6307,251.6307,251.6307,251.6307,251.6307,251.6307,251.6307,251.6307,0.0
2026-01-28T07:00:00,251.6307,489.5705,1634494.02,0.0,100.5555,0.0,4.233,0,0,0.0,251.6307,251.6307,0.0,0.0,0.0,0.0,0.0,251.6307,251.6307,251.6307,251.6307,251.6307,251.6307,251.6307,251.6307,251.6307,251.6307,0.0,3263.252
2026-01-28T13:00:00,251.6307,489.571,1634494.02,0.0,100.5555,0.0,4.1791,0,0,0.0,251.6307,251.6307,0.0,0.0,0.0,0.0,0.0,251.6307,251.6307,251.6307,251.6307,251.6307,251.6307,251.6307,251.6307,251.6307,0.0,3263.252,251.6307
2026-01-28T19:00:00,251.6307,489.5718,1634494.02,0.0,100.5555,0.0,4.1258,0,0,0.0,251.6307,251.6307,0.0,0.0,0.0,0.0,0.0,251.6307,251.6307,251.6307,251.6307,251.6307,251.6307,251.6307,251.6307,0.0,3263.252,251.6307,251.6307
2026-01-29T01:00:00,251.6307,489.5732,1634494.02,0.0,100.5555,0.0,4.0733,0,0,0.0,251.6307,251.6307,0.0,0.0,0.0,0.0,0.0,251.6307,251.6307,251.6307,251.6307,251.6307,251.6307,251.6307,0.0,3263.252,251.6307,251.6307,0.0
2026-01-29T07:00:00,251.6307,489.571,1634494.02,0.0,100.5555,0.0,4.0214,0,0,0.0,251.6307,251.6307,0.0,0.0,0.0,0.0,0.0,251.6307,251.6307,251.6307,251.6307,251.6307,251.6307,0.0,3263.252,251.6307,251.6307,0.0,285.3307
2026-01-29T13:00:00,251.6307,489.5738,1634494.02,0.0,100.5555,0.0,3.9701,0,0,0.0,251.6307,251.6307,0.0,0.0,0.0,0.0,0.0,251.6307,251.6307,251.6307,251.6307,251.6307,0.0,3263.252,251.6307,251.6307,0.0,285.3307,3297.1006
2026-01-29T19:00:00,251.6307,489.5737,1634494.02,0.0,100.5555,0.0,3.9195,0,0,0.0,251.6307,251.6307,0.0,0.0,0.0,0.0,0.0,251.6307,251.6307,251.6307,251.6307,0.0,3263.252,251.6307,251.6307,0.0,285.3307,3297.1006,0.0
2026-01-30T01:00:00,251.6307,489.5728,1634494.02,0.0,100.5555,0.0,3.8696,0,0,0.0,251.6307,251.6307,0.0,0.0,0.0,0.0,0.0,251.6307,251.6307,251.6307,0.0,3263.252,251.6307,251.6307,0.0,285.3307,3297.1006,0.0,285.3307
2026-01-30T07:00:00,251.6307,489.572,1634494.02,0.0,100.5555,0.0,3.8203,0,0,0.0,251.6307,251.6307,0.0,0.0,0.0,0.0,0.0,251.6307,251.6307,0.0,3263.252,251.6307,251.6307,0.0,285.3307,3297.1006,0.0,285.3307,285.3307
2026-01-30T13:00:00,251.6307,489.57,1634494.02,0.0,100.5555,0.0,3.7716,0,0,0.0,251.6307,251.6307,0.0,0.0,0.0,0.0,0.0,251.6307,0.0,3263.252,251.6307,251.6307,0.0,285.3307,3297.1006,0.0,285.3307,285.3307,2646.9307
2026-01-30T19:00:00,251.6307,489.5717,1634494.02,0.0,100.5555,0.0,3.7236,0,0,0.0,251.6307,251.6307,0.0,0.0,0.0,0.0,0.0,0.0,3263.252,251.6307,251.6307,0.0,285.3307,3297.1006,0.0,285.3307,285.3307,2646.9307,0.0
2026-01-31T01:00:00,0.0,489.57,1631482.4,-3011.62,100.3703,0.0,3.6761,0,0,0.0,251.6307,251.6307,0.0,0.0,0.0,0.0,0.0,3263.252,251.6307,251.6307,0.0,285.3307,3297.1006,0.0,285.3307,285.3307,2646.9307,0.0,2646.7827
2026-01-31T07:00:00,3263.252,489.5712,1634494.02,3011.62,100.5555,0.0,3.6293,0,0,0.0,0.0,251.6307,0.0,0.0,0.0,0.0,0.0,251.6307,251.6307,0.0,285.3307,3297.1006,0.0,285.3307,285.3307,2646.9307,0.0,2646.7827,0.0
2026-01-31T13:00:00,251.6307,489.5712,1634494.02,0.0,100.5555,0.0,3.583,0,0,0.0,3263.252,0.0,0.0,0.0,0.0,0.0,0.0,251.6307,0.0,285.3307,3297.1006,0.0,285.3307,285.3307,2646.9307,0.0,2646.7827,0.0,0.0
2026-01-31T19:00:00,251.6307,489.5718,1634494.02,0.0,100.5555,0.0,3.5374,0,0,0.0,251.6307,3263.252,0.0,0.0,0.0,0.0,0.0,0.0,285.3307,3297.1006,0.0,285.3307,285.3307,2646.9307,0.0,2646.7827,0.0,0.0,0.0
2026-02-01T01:00:00,0.0,489.568,1631482.4,-3011.62,100.3703,0.0,3.4923,0,0,0.0,251.6307,251.6307,0.0,0.0,0.0,0.0,0.0,285.3307,3297.1006,0.0,285.3307,285.3307,2646.9307,0.0,2646.7827,0.0,0.0,0.0,0.0
2026-02-01T07:00:00,285.3307,489.5693,1631482.4,0.0,100.3703,0.0,3.4478,0,0,0.0,0.0,251.6307,0.0,0.0,0.0,0.0,0.0,3297.1006,0.0,285.3307,285.3307,2646.9307,0.0,2646.7827,0.0,0.0,0.0,0.0,2646.196
2026-02-01T13:00:00,3297.1006,489.571,1634494.02,3011.62,100.5555,0.0,3.4039,0,0,0.0,285.3307,0.0,0.0,0.0,0.0,0.0,0.0,0.0,285.3307,285.3307,2646.9307,0.0,2646.7827,0.0,0.0,0.0,0.0,2646.196,0.0
2026-02-01T19:00:00,0.0,489.5687,1631482.4,-3011.62,100.3703,0.0,3.3605,0,0,0.0,3297.1006,285.3307,0.0,0.0,0.0,0.0,0.0,285.3307,285.3307,2646.9307,0.0,2646.7827,0.0,0.0,0.0,0.0,2646.196,0.0,0.0
2026-02-02T01:00:00,285.3307,489.568,1631482.4,0.0,100.3703,0.0,3.3177,0,0,0.0,0.0,3297.1006,0.0,0.0,0.0,0.0,0.0,285.3307,2646.9307,0.0,2646.7827,0.0,0.0,0.0,0.0,2646.196,0.0,0.0,5646.9653
2026-02-02T07:00:00,285.3307,489.567,1631482.4,0.0,100.3703,0.0,3.2754,0,0,0.0,285.3307,0.0,0.0,0.0,0.0,0.0,0.0,2646.9307,0.0,2646.7827,0.0,0.0,0.0,0.0,2646.196,0.0,0.0,5646.9653,2646.0507
2026-02-02T13:00:00,2646.9307,489.5692,1631482.4,0.0,100.3703,0.0,3.2337,1,9446.4,0.0,285.3307,285.3307,0.0,0.0,0.0,0.0,0.0,0.0,2646.7827,0.0,0.0,0.0,0.0,2646.196,0.0,0.0,5646.9653,2646.0507,284.4507
2026-02-02T19:00:00,0.0,489.5587,1628472.31,-3010.09,100.1851,0.0,3.1925,1,9446.4,0.0,2646.9307,285.3307,0.0,0.0,0.0,0.0,0.0,2646.7827,0.0,0.0,0.0,0.0,2646.196,0.0,0.0,5646.9653,2646.0507,284.4507,284.4507
2026-02-03T01:00:00,2646.7827,489.5507,1628472.31,0.0,100.1851,0.0,3.1518,1,9446.4,0.0,0.0,2646.9307,0.0,0.0,0.0,0.0,0.0,0.0,0.0,0.0,0.0,2646.196,0.0,0.0,5646.9653,2646.0507,284.4507,284.4507,284.4507
2026-02-03T07:00:00,0.0,489.5428,1625463.76,-3008.55,100.0,0.0,3.1116,1,9446.4,0.0,2646.7827,0.0,0.0,0.0,0.0,0.0,0.0,0.0,0.0,0.0,2646.196,0.0,0.0,5646.9653,2646.0507,284.4507,284.4507,284.4507,284.4507
2026-02-03T13:00:00,0.0,489.5385,1622456.77,-3006.99,99.815,0.0,3.072,1,9446.4,0.0,0.0,2646.7827,0.0,0.0,0.0,0.0,0.0,0.0,0.0,2646.196,0.0,0.0,5646.9653,2646.0507,284.4507,284.4507,284.4507,284.4507,284.4507
2026-02-03T19:00:00,0.0,489.5257,1619451.32,-3005.46,99.6301,0.0,3.0329,1,9446.4,0.0,0.0,0.0,0.0,0.0,0.0,0.0,0.0,0.0,2646.196,0.0,0.0,5646.9653,2646.0507,284.4507,284.4507,284.4507,284.4507,284.4507,284.4507
2026-02-04T01:00:00,0.0,489.5173,1616447.3,-3004.02,99.4453,0.0,2.9942,1,9446.4,0.0,0.0,0.0,0.0,0.0,0.0,0.0,0.0,2646.196,0.0,0.0,5646.9653,2646.0507,284.4507,284.4507,284.4507,284.4507,284.4507,284.4507,284.4507
2026-02-04T07:00:00,2646.196,489.51,1616447.3,0.0,99.4453,0.0,2.9561,1,9446.4,0.0,0.0,0.0,0.0,0.0,0.0,0.0,0.0,0.0,0.0,5646.9653,2646.0507,284.4507,284.4507,284.4507,284.4507,284.4507,284.4507,284.4507,284.4507
2026-02-04T13:00:00,0.0,489.5057,1613444.93,-3002.37,99.2606,0.0,2.9184,1,9446.4,0.0,2646.196,0.0,0.0,0.0,0.0,0.0,0.0,0.0,5646.9653,2646.0507,284.4507,284.4507,284.4507,284.4507,284.4507,284.4507,284.4507,284.4507,3286.964
2026-02-04T19:00:00,0.0,489.4985,1610444.02,-3000.91,99.076,0.0,2.8812,1,9446.4,0.0,0.0,2646.196,0.0,0.0,0.0,0.0,0.0,5646.9653,2646.0507,284.4507,284.4507,284.4507,284.4507,284.4507,284.4507,284.4507,284.4507,3286.964,284.596
2026-02-05T01:00:00,5646.9653,489.5032,1613444.93,3000.91,99.2606,0.0,2.8445,1,9446.4,0.0,0.0,0.0,0.0,0.0,0.0,0.0,0.0,2646.0507,284.4507,284.4507,284.4507,284.4507,284.4507,284.4507,284.4507,284.4507,3286.964,284.596,284.596
2026-02-05T07:00:00,2646.0507,489.5017,1613444.93,0.0,99.2606,0.0,2.8083,1,9446.4,0.0,5646.9653,0.0,0.0,0.0,0.0,0.0,0.0,284.4507,284.4507,284.4507,284.4507,284.4507,284.4507,284.4507,284.4507,3286.964,284.596,284.596,284.596
2026-02-05T13:00:00,284.4507,489.5042,1613444.93,0.0,99.2606,0.0,2.7725,0,0,0.0,2646.0507,5646.9653,0.0,0.0,0.0,0.0,0.0,284.4507,284.4507,284.4507,284.4507,284.4507,284.4507,284.4507,3286.964,284.596,284.596,284.596,284.596
2026-02-05T19:00:00,284.4507,489.5027,1613444.93,0.0,99.2606,0.0,2.7372,0,0,0.0,284.4507,2646.0507,0.0,0.0,0.0,0.0,0.0,284.4507,284.4507,284.4507,284.4507,284.4507,284.4507,3286.964,284.596,284.596,284.596,284.596,284.596
2026-02-06T01:00:00,284.4507,489.5037,1613444.93,0.0,99.2606,0.0,2.7023,0,0,0.0,284.4507,284.4507,0.0,0.0,0.0,0.0,0.0,284.4507,284.4507,284.4507,284.4507,284.4507,3286.964,284.596,284.596,284.596,284.596,284.596,284.596
2026-02-06T07:00:00,284.4507,489.505,1613444.93,0.0,99.2606,0.0,2.6678,0,0,0.0,284.4507,284.4507,0.0,0.0,0.0,0.0,0.0,284.4507,284.4507,284.4507,284.4507,3286.964,284.596,284.596,284.596,284.596,284.596,284.596,3288.7589
2026-02-06T13:00:00,284.4507,489.5078,1613444.93,0.0,99.2606,0.0,2.6339,0,0,0.0,284.4507,284.4507,0.0,0.0,0.0,0.0,0.0,284.4507,284.4507,284.4507,3286.964,284.596,284.596,284.596,284.596,284.596,284.596,3288.7589,0.0
2026-02-06T19:00:00,284.4507,489.5073,1613444.93,0.0,99.2606,0.0,2.6003,0,0,0.0,284.4507,284.4507,0.0,0.0,0.0,0.0,0.0,284.4507,284.4507,3286.964,284.596,284.596,284.596,284.596,284.596,284.596,3288.7589,0.0,284.596
2026-02-07T01:00:00,284.4507,489.508,1613444.93,0.0,99.2606,0.0,2.5672,0,0,0.0,284.4507,284.4507,0.0,0.0,0.0,0.0,0.0,284.4507,3286.964,284.596,284.596,284.596,284.596,284.596,284.596,3288.7589,0.0,284.596,3288.7589
2026-02-07T07:00:00,284.4507,489.51,1613444.93,0.0,99.2606,0.0,2.5345,0,0,0.0,284.4507,284.4507,0.0,0.0,0.0,0.0,0.0,3286.964,284.596,284.596,284.596,284.596,284.596,284.596,3288.7589,0.0,284.596,3288.7589,284.7419
2026-02-07T13:00:00,3286.964,489.512,1616447.3,3002.37,99.4453,0.0,2.5022,0,0,0.0,284.4507,284.4507,0.0,0.0,0.0,0.0,0.0,284.596,284.596,284.596,284.596,284.596,284.596,3288.7589,0.0,284.596,3288.7589,284.7419,284.7419
2026-02-07T19:00:00,284.596,489.512,1616447.3,0.0,99.4453,0.0,2.4703,0,0,0.0,3286.964,284.4507,0.0,0.0,0.0,0.0,0.0,284.596,284.596,284.596,284.596,284.596,3288.7589,0.0,284.596,3288.7589,284.7419,284.7419,284.7419
2026-02-08T01:00:00,284.596,489.513,1616447.3,0.0,99.4453,0.0,2.4388,0,0,0.0,284.596,3286.964,0.0,0.0,0.0,0.0,0.0,284.596,284.596,284.596,284.596,3288.7589,0.0,284.596,3288.7589,284.7419,284.7419,284.7419,284.7419
2026-02-08T07:00:00,284.596,489.5132,1616447.3,0.0,99.4453,0.0,2.4077,0,0,0.0,284.596,284.596,0.0,0.0,0.0,0.0,0.0,284.596,284.596,284.596,3288.7589,0.0,284.596,3288.7589,284.7419,284.7419,284.7419,284.7419,284.7419
2026-02-08T13:00:00,284.596,489.5148,1616447.3,0.0,99.4453,0.0,2.3771,0,0,0.0,284.596,284.596,0.0,0.0,0.0,0.0,0.0,284.596,284.596,3288.7589,0.0,284.596,3288.7589,284.7419,284.7419,284.7419,284.7419,284.7419,3290.3441
2026-02-08T19:00:00,284.596,489.515,1616447.3,0.0,99.4453,0.0,2.3468,0,0,0.0,284.596,284.596,0.0,0.0,0.0,0.0,0.0,284.596,3288.7589,0.0,284.596,3288.7589,284.7419,284.7419,284.7419,284.7419,284.7419,3290.3441,284.8883
2026-02-09T01:00:00,284.596,489.5158,1616447.3,0.0,99.4453,0.0,2.3169,0,0,0.0,284.596,284.596,0.0,0.0,0.0,0.0,0.0,3288.7589,0.0,284.596,3288.7589,284.7419,284.7419,284.7419,284.7419,284.7419,3290.3441,284.8883,284.8883
2026-02-09T07:00:00,3288.7589,489.5205,1619451.32,3004.02,99.6301,0.0,2.2873,0,0,0.0,284.596,284.596,0.0,0.0,0.0,0.0,0.0,0.0,284.596,3288.7589,284.7419,284.7419,284.7419,284.7419,284.7419,3290.3441,284.8883,284.8883,284.8883
2026-02-09T13:00:00,0.0,489.519,1616447.3,-3004.02,99.4453,0.0,2.2582,0,0,0.0,3288.7589,284.596,0.0,0.0,0.0,0.0,0.0,284.596,3288.7589,284.7419,284.7419,284.7419,284.7419,284.7419,3290.3441,284.8883,284.8883,284.8883,284.8883
2026-02-09T19:00:00,284.596,489.519,1616447.3,0.0,99.4453,0.0,2.2294,0,0,0.0,0.0,3288.7589,0.0,0.0,0.0,0.0,0.0,3288.7589,284.7419,284.7419,284.7419,284.7419,284.7419,3290.3441,284.8883,284.8883,284.8883,284.8883,284.8883
2026-02-10T01:00:00,3288.7589,489.5205,1619451.32,3004.02,99.6301,0.0,2.201,0,0,0.0,284.596,0.0,0.0,0.0,0.0,0.0,0.0,284.7419,284.7419,284.7419,284.7419,284.7419,3290.3441,284.8883,284.8883,284.8883,284.8883,284.8883,0.0
2026-02-10T07:00:00,284.7419,489.5208,1619451.32,0.0,99.6301,0.0,2.173,0,0,0.0,3288.7589,284.596,0.0,0.0,0.0,0.0,0.0,284.7419,284.7419,284.7419,284.7419,3290.3441,284.8883,284.8883,284.8883,284.8883,284.8883,0.0,284.4507
2026-02-10T13:00:00,284.7419,489.5235,1619451.32,0.0,99.6301,0.0,2.1453,0,0,0.0,284.7419,3288.7589,0.0,0.0,0.0,0.0,0.0,284.7419,284.7419,284.7419,3290.3441,284.8883,284.8883,284.8883,284.8883,284.8883,0.0,284.4507,0.0
2026-02-10T19:00:00,284.7419,489.5263,1619451.32,0.0,99.6301,0.0,2.118,0,0,0.0,284.7419,284.7419,0.0,0.0,0.0,0.0,0.0,284.7419,284.7419,3290.3441,284.8883,284.8883,284.8883,284.8883,284.8883,0.0,284.4507,0.0,284.306
2026-02-11T01:00:00,284.7419,489.5263,1619451.32,0.0,99.6301,0.0,2.091,0,0,0.0,284.7419,284.7419,0.0,0.0,0.0,0.0,0.0,284.7419,3290.3441,284.8883,284.8883,284.8883,284.8883,284.8883,0.0,284.4507,0.0,284.306,3285.3653
2026-02-11T07:00:00,284.7419,489.5268,1619451.32,0.0,99.6301,0.0,2.0643,0,0,0.0,284.7419,284.7419,0.0,0.0,0.0,0.0,0.0,3290.3441,284.8883,284.8883,284.8883,284.8883,284.8883,0.0,284.4507,0.0,284.306,3285.3653,284.4507
2026-02-11T13:00:00,3290.3441,489.5323,1622456.77,3005.46,99.815,0.0,2.038,0,0,0.0,284.7419,284.7419,0.0,0.0,0.0,0.0,0.0,284.8883,284.8883,284.8883,284.8883,284.8883,0.0,284.4507,0.0,284.306,3285.3653,284.4507,0.0
2026-02-11T19:00:00,284.8883,489.5322,1622456.77,0.0,99.815,0.0,2.0121,0,0,0.0,3290.3441,284.7419,0.0,0.0,0.0,0.0,0.0,284.8883,284.8883,284.8883,284.8883,0.0,284.4507,0.0,284.306,3285.3653,284.4507,0.0,284.306
2026-02-12T01:00:00,284.8883,489.5335,1622456.77,0.0,99.815,0.0,1.9864,0,0,0.0,284.8883,3290.3441,0.0,0.0,0.0,0.0,0.0,284.8883,284.8883,284.8883,0.0,284.4507,0.0,284.306,3285.3653,284.4507,0.0,284.306,3285.3653
2026-02-12T07:00:00,284.8883,489.5317,1622456.77,0.0,99.815,0.0,1.9611,0,0,0.0,284.8883,284.8883,0.0,0.0,0.0,0.0,0.0,284.8883,284.8883,0.0,284.4507,0.0,284.306,3285.3653,284.4507,0.0,284.306,3285.3653,284.4507
2026-02-12T13:00:00,284.8883,489.5322,1622456.77,0.0,99.815,0.0,1.9361,0,0,0.0,284.8883,284.8883,0.0,0.0,0.0,0.0,0.0,284.8883,0.0,284.4507,0.0,284.306,3285.3653,284.4507,0.0,284.306,3285.3653,284.4507,0.0
2026-02-12T19:00:00,284.8883,489.5318,1622456.77,0.0,99.815,0.0,1.9115,0,0,0.0,284.8883,284.8883,0.0,0.0,0.0,0.0,0.0,0.0,284.4507,0.0,284.306,3285.3653,284.4507,0.0,284.306,3285.3653,284.4507,0.0,3285.3653
2026-02-13T01:00:00,0.0,489.507,1613444.93,-9011.84,99.2606,0.0,1.8871,0,0,0.0,284.8883,284.8883,0.0,0.0,0.0,0.0,0.0,284.4507,0.0,284.306,3285.3653,284.4507,0.0,284.306,3285.3653,284.4507,0.0,3285.3653,284.4507
2026-02-13T07:00:00,284.4507,489.5015,1613444.93,0.0,99.2606,0.0,1.8631,0,0,0.0,0.0,284.8883,0.0,0.0,0.0,0.0,0.0,0.0,284.306,3285.3653,284.4507,0.0,284.306,3285.3653,284.4507,0.0,3285.3653,284.4507,284.4507
2026-02-13T13:00:00,0.0,489.4997,1610444.02,-3000.91,99.076,0.0,1.8393,0,0,0.0,284.4507,0.0,0.0,0.0,0.0,0.0,0.0,284.306,3285.3653,284.4507,0.0,284.306,3285.3653,284.4507,0.0,3285.3653,284.4507,284.4507,0.0
2026-02-13T19:00:00,284.306,489.4995,1610444.02,0.0,99.076,0.0,1.8159,0,0,0.0,0.0,284.4507,0.0,0.0,0.0,0.0,0.0,3285.3653,284.4507,0.0,284.306,3285.3653,284.4507,0.0,3285.3653,284.4507,284.4507,0.0,284.306
2026-02-14T01:00:00,3285.3653,489.5015,1613444.93,3000.91,99.2606,0.0,1.7927,0,0,0.0,284.306,0.0,0.0,0.0,0.0,0.0,0.0,284.4507,0.0,284.306,3285.3653,284.4507,0.0,3285.3653,284.4507,284.4507,0.0,284.306,3285.3653
2026-02-14T07:00:00,284.4507,489.5018,1613444.93,0.0,99.2606,0.0,1.7699,0,0,0.0,3285.3653,284.306,0.0,0.0,0.0,0.0,0.0,0.0,284.306,3285.3653,284.4507,0.0,3285.3653,284.4507,284.4507,0.0,284.306,3285.3653,284.4507
2026-02-14T13:00:00,0.0,489.4997,1610444.02,-3000.91,99.076,0.0,1.7474,0,0,0.0,284.4507,3285.3653,0.0,0.0,0.0,0.0,0.0,284.306,3285.3653,284.4507,0.0,3285.3653,284.4507,284.4507,0.0,284.306,3285.3653,284.4507,0.0
2026-02-14T19:00:00,284.306,489.4995,1610444.02,0.0,99.076,0.0,1.7251,0,0,0.0,0.0,284.4507,0.0,0.0,0.0,0.0,0.0,3285.3653,284.4507,0.0,3285.3653,284.4507,284.4507,0.0,284.306,3285.3653,284.4507,0.0,284.306
2026-02-15T01:00:00,3285.3653,489.5013,1613444.93,3000.91,99.2606,0.0,1.7031,0,0,0.0,284.306,0.0,0.0,0.0,0.0,0.0,0.0,284.4507,0.0,3285.3653,284.4507,284.4507,0.0,284.306,3285.3653,284.4507,0.0,284.306,3285.3653
2026-02-15T07:00:00,284.4507,489.5017,1613444.93,0.0,99.2606,0.0,1.6814,0,0,0.0,3285.3653,284.306,0.0,0.0,0.0,0.0,0.0,0.0,3285.3653,284.4507,284.4507,0.0,284.306,3285.3653,284.4507,0.0,284.306,3285.3653,284.4507
2026-02-15T13:00:00,0.0,489.4997,1610444.02,-3000.91,99.076,0.0,1.66,0,0,0.0,284.4507,3285.3653,0.0,0.0,0.0,0.0,0.0,3285.3653,284.4507,284.4507,0.0,284.306,3285.3653,284.4507,0.0,284.306,3285.3653,284.4507,0.0
2026-02-15T19:00:00,3285.3653,489.5007,1613444.93,3000.91,99.2606,0.0,1.6388,0,0,0.0,0.0,284.4507,0.0,0.0,0.0,0.0,0.0,284.4507,284.4507,0.0,284.306,3285.3653,284.4507,0.0,284.306,3285.3653,284.4507,0.0,284.306
2026-02-16T01:00:00,284.4507,489.5012,1613444.93,0.0,99.2606,0.0,1.618,0,0,0.0,3285.3653,0.0,0.0,0.0,0.0,0.0,0.0,284.4507,0.0,284.306,3285.3653,284.4507,0.0,284.306,3285.3653,284.4507,0.0,284.306,284.306
2026-02-16T07:00:00,284.4507,489.5015,1613444.93,0.0,99.2606,0.0,1.5973,0,0,0.0,284.4507,3285.3653,0.0,0.0,0.0,0.0,0.0,0.0,284.306,3285.3653,284.4507,0.0,284.306,3285.3653,284.4507,0.0,284.306,284.306,3285.3653
2026-02-16T13:00:00,0.0,489.4997,1610444.02,-3000.91,99.076,0.0,1.577,0,0,0.0,284.4507,284.4507,0.0,0.0,0.0,0.0,0.0,284.306,3285.3653,284.4507,0.0,284.306,3285.3653,284.4507,0.0,284.306,284.306,3285.3653,0.0
2026-02-16T19:00:00,284.306,489.4995,1610444.02,0.0,99.076,0.0,1.5569,0,0,0.0,0.0,284.4507,0.0,0.0,0.0,0.0,0.0,3285.3653,284.4507,0.0,284.306,3285.3653,284.4507,0.0,284.306,284.306,3285.3653,0.0,284.306
2026-02-17T01:00:00,3285.3653,489.5015,1613444.93,3000.91,99.2606,0.0,1.5371,0,0,0.0,284.306,0.0,0.0,0.0,0.0,0.0,0.0,284.4507,0.0,284.306,3285.3653,284.4507,0.0,284.306,284.306,3285.3653,0.0,284.306,284.306
2026-02-17T07:00:00,284.4507,489.502,1613444.93,0.0,99.2606,0.0,1.5175,0,0,0.0,3285.3653,284.306,0.0,0.0,0.0,0.0,0.0,0.0,284.306,3285.3653,284.4507,0.0,284.306,284.306,3285.3653,0.0,284.306,284.306,3285.3653
2026-02-17T13:00:00,0.0,489.4998,1610444.02,-3000.91,99.076,0.0,1.4981,0,0,0.0,284.4507,3285.3653,0.0,0.0,0.0,0.0,0.0,284.306,3285.3653,284.4507,0.0,284.306,284.306,3285.3653,0.0,284.306,284.306,3285.3653,0.0
2026-02-17T19:00:00,284.306,489.4985,1610444.02,0.0,99.076,0.0,1.479,0,0,0.0,0.0,284.4507,0.0,0.0,0.0,0.0,0.0,3285.3653,284.4507,0.0,284.306,284.306,3285.3653,0.0,284.306,284.306,3285.3653,0.0,284.306
2026-02-18T01:00:00,3285.3653,489.5008,1613444.93,3000.91,99.2606,0.0,1.4602,0,0,0.0,284.306,0.0,0.0,0.0,0.0,0.0,0.0,284.4507,0.0,284.306,284.306,3285.3653,0.0,284.306,284.306,3285.3653,0.0,284.306,284.306
2026-02-18T07:00:00,284.4507,489.5013,1613444.93,0.0,99.2606,0.0,1.4416,0,0,0.0,3285.3653,284.306,0.0,0.0,0.0,0.0,0.0,0.0,284.306,284.306,3285.3653,0.0,284.306,284.306,3285.3653,0.0,284.306,284.306,284.306
2026-02-18T13:00:00,0.0,489.4985,1610444.02,-3000.91,99.076,0.0,1.4232,0,0,0.0,284.4507,3285.3653,0.0,0.0,0.0,0.0,0.0,284.306,284.306,3285.3653,0.0,284.306,284.306,3285.3653,0.0,284.306,284.306,284.306,284.306
2026-02-18T19:00:00,284.306,489.4985,1610444.02,0.0,99.076,0.0,1.4051,0,0,0.0,0.0,284.4507,0.0,0.0,0.0,0.0,0.0,284.306,3285.3653,0.0,284.306,284.306,3285.3653,0.0,284.306,284.306,284.306,284.306,0.0
2026-02-19T01:00:00,284.306,489.499,1610444.02,0.0,99.076,0.0,1.3872,0,0,0.0,284.306,0.0,0.0,0.0,0.0,0.0,0.0,3285.3653,0.0,284.306,284.306,3285.3653,0.0,284.306,284.306,284.306,284.306,0.0,164.3007
2026-02-19T07:00:00,3285.3653,489.5012,1613444.93,3000.91,99.2606,0.0,1.3695,0,0,0.0,284.306,284.306,0.0,0.0,0.0,0.0,0.0,0.0,284.306,284.306,3285.3653,0.0,284.306,284.306,284.306,284.306,0.0,164.3007,284.306
2026-02-19T13:00:00,0.0,489.4998,1610444.02,-3000.91,99.076,0.0,1.3521,0,0,0.0,3285.3653,284.306,0.0,0.0,0.0,0.0,0.0,284.306,284.306,3285.3653,0.0,284.306,284.306,284.306,284.306,0.0,164.3007,284.306,284.306
2026-02-19T19:00:00,284.306,489.4977,1610444.02,0.0,99.076,0.0,1.3348,0,0,0.0,0.0,3285.3653,0.0,0.0,0.0,0.0,0.0,284.306,3285.3653,0.0,284.306,284.306,284.306,284.306,0.0,164.3007,284.306,284.306,284.306
2026-02-20T01:00:00,284.306,489.4988,1610444.02,0.0,99.076,0.0,1.3178,0,0,0.0,284.306,0.0,0.0,0.0,0.0,0.0,0.0,3285.3653,0.0,284.306,284.306,284.306,284.306,0.0,164.3007,284.306,284.306,284.306,284.306
2026-02-20T07:00:00,3285.3653,489.5003,1613444.93,3000.91,99.2606,0.0,1.301,0,0,0.0,284.306,284.306,0.0,0.0,0.0,0.0,0.0,0.0,284.306,284.306,284.306,284.306,0.0,164.3007,284.306,284.306,284.306,284.306,284.306
2026-02-20T13:00:00,0.0,489.499,1610444.02,-3000.91,99.076,0.0,1.2845,0,0,0.0,3285.3653,284.306,0.0,0.0,0.0,0.0,0.0,284.306,284.306,284.306,284.306,0.0,164.3007,284.306,284.306,284.306,284.306,284.306,284.306
2026-02-20T19:00:00,284.306,489.4975,1610444.02,0.0,99.076,0.0,1.2681,0,0,0.0,0.0,3285.3653,0.0,0.0,0.0,0.0,0.0,284.306,284.306,284.306,0.0,164.3007,284.306,284.306,284.306,284.306,284.306,284.306,284.306
2026-02-21T01:00:00,284.306,489.4998,1610444.02,0.0,99.076,0.0,1.2519,0,0,0.0,284.306,0.0,0.0,0.0,0.0,0.0,0.0,284.306,284.306,0.0,164.3007,284.306,284.306,284.306,284.306,284.306,284.306,284.306,284.306
2026-02-21T07:00:00,284.306,489.4983,1610444.02,0.0,99.076,0.0,1.236,0,0,0.0,284.306,284.306,0.0,0.0,0.0,0.0,0.0,284.306,0.0,164.3007,284.306,284.306,284.306,284.306,284.306,284.306,284.306,284.306,284.306
2026-02-21T13:00:00,284.306,489.4978,1610444.02,0.0,99.076,0.0,1.2202,0,0,0.0,284.306,284.306,0.0,0.0,0.0,0.0,0.0,0.0,164.3007,284.306,284.306,284.306,284.306,284.306,284.306,284.306,284.306,284.306,3285.3653
2026-02-21T19:00:00,0.0,489.4928,1610444.02,0.0,99.076,3.0,4.2047,0,0,0.0,284.306,284.306,0.0,0.0,3.0,3.0,3.0,164.3007,284.306,284.306,284.306,284.306,284.306,284.306,284.306,284.306,284.306,3285.3653,0.0
2026-02-22T01:00:00,164.3007,489.4965,1610444.02,0.0,99.076,0.4,4.5511,0,0,0.0,0.0,284.306,3.0,0.0,3.4,3.4,3.4,284.306,284.306,284.306,284.306,284.306,284.306,284.306,284.306,284.306,3285.3653,0.0,3285.3653
2026-02-22T07:00:00,284.306,489.4965,1610444.02,0.0,99.076,0.0,4.4931,0,0,0.0,164.3007,0.0,0.4,3.0,3.4,3.4,3.4,284.306,284.306,284.306,284.306,284.306,284.306,284.306,284.306,3285.3653,0.0,3285.3653,284.4507
2026-02-22T13:00:00,284.306,489.4992,1610444.02,0.0,99.076,0.0,4.4359,0,0,0.0,284.306,164.3007,0.0,0.4,0.4,3.4,3.4,284.306,284.306,284.306,284.306,284.306,284.306,284.306,3285.3653,0.0,3285.3653,284.4507,284.4507
2026-02-22T19:00:00,284.306,489.4928,1610444.02,0.0,99.076,0.0,4.3794,0,0,0.0,284.306,284.306,0.0,0.0,0.0,3.4,3.4,284.306,284.306,284.306,284.306,284.306,284.306,3285.3653,0.0,3285.3653,284.4507,284.4507,284.4507
2026-02-23T01:00:00,284.306,489.4943,1610444.02,0.0,99.076,0.0,4.3236,0,0,0.0,284.306,284.306,0.0,0.0,0.0,0.4,3.4,284.306,284.306,284.306,284.306,284.306,3285.3653,0.0,3285.3653,284.4507,284.4507,284.4507,284.4507
2026-02-23T07:00:00,284.306,489.4943,1610444.02,0.0,99.076,0.0,4.2685,0,0,0.0,284.306,284.306,0.0,0.0,0.0,0.0,3.4,284.306,284.306,284.306,284.306,3285.3653,0.0,3285.3653,284.4507,284.4507,284.4507,284.4507,284.4507
2026-02-23T13:00:00,284.306,489.499,1610444.02,0.0,99.076,0.0,4.2141,0,0,0.0,284.306,284.306,0.0,0.0,0.0,0.0,0.4,284.306,284.306,284.306,3285.3653,0.0,3285.3653,284.4507,284.4507,284.4507,284.4507,284.4507,284.4507
2026-02-23T19:00:00,284.306,489.494,1610444.02,0.0,99.076,0.0,4.1604,0,0,0.0,284.306,284.306,0.0,0.0,0.0,0.0,0.0,284.306,284.306,3285.3653,0.0,3285.3653,284.4507,284.4507,284.4507,284.4507,284.4507,284.4507,0.0
2026-02-24T01:00:00,284.306,489.4965,1610444.02,0.0,99.076,0.0,4.1074,0,0,0.0,284.306,284.306,0.0,0.0,0.0,0.0,0.0,284.306,3285.3653,0.0,3285.3653,284.4507,284.4507,284.4507,284.4507,284.4507,284.4507,0.0,284.306
2026-02-24T07:00:00,284.306,489.4987,1610444.02,0.0,99.076,0.0,4.0551,0,0,0.0,284.306,284.306,0.0,0.0,0.0,0.0,0.0,3285.3653,0.0,3285.3653,284.4507,284.4507,284.4507,284.4507,284.4507,284.4507,0.0,284.306,3285.3653
2026-02-24T13:00:00,3285.3653,489.5002,1613444.93,3000.91,99.2606,0.0,4.0034,0,0,0.0,284.306,284.306,0.0,0.0,0.0,0.0,0.0,0.0,3285.3653,284.4507,284.4507,284.4507,284.4507,284.4507,284.4507,0.0,284.306,3285.3653,0.0
2026-02-24T19:00:00,0.0,489.498,1610444.02,-3000.91,99.076,0.0,3.9524,0,0,0.0,3285.3653,284.306,0.0,0.0,0.0,0.0,0.0,3285.3653,284.4507,284.4507,284.4507,284.4507,284.4507,284.4507,0.0,284.306,3285.3653,0.0,3285.3653
2026-02-25T01:00:00,3285.3653,489.501,1613444.93,3000.91,99.2606,0.0,3.902,0,0,0.0,0.0,3285.3653,0.0,0.0,0.0,0.0,0.0,284.4507,284.4507,284.4507,284.4507,284.4507,284.4507,0.0,284.306,3285.3653,0.0,3285.3653,284.4507
2026-02-25T07:00:00,284.4507,489.5023,1613444.93,0.0,99.2606,0.0,3.8523,0,0,0.0,3285.3653,0.0,0.0,0.0,0.0,0.0,0.0,284.4507,284.4507,284.4507,284.4507,284.4507,0.0,284.306,3285.3653,0.0,3285.3653,284.4507,284.4507
2026-02-25T13:00:00,284.4507,489.5015,1613444.93,0.0,99.2606,0.0,3.8032,0,0,0.0,284.4507,3285.3653,0.0,0.0,0.0,0.0,0.0,284.4507,284.4507,284.4507,284.4507,0.0,284.306,3285.3653,0.0,3285.3653,284.4507,284.4507,0.0
2026-02-25T19:00:00,284.4507,489.5003,1613444.93,0.0,99.2606,0.0,3.7548,0,0,0.0,284.4507,284.4507,0.0,0.0,0.0,0.0,0.0,284.4507,284.4507,284.4507,0.0,284.306,3285.3653,0.0,3285.3653,284.4507,284.4507,0.0,3285.3653
2026-02-26T01:00:00,284.4507,489.504,1613444.93,0.0,99.2606,0.0,3.7069,0,0,0.0,284.4507,284.4507,0.0,0.0,0.0,0.0,0.0,284.4507,284.4507,0.0,284.306,3285.3653,0.0,3285.3653,284.4507,284.4507,0.0,3285.3653,308.0901
2026-02-26T07:00:00,284.4507,489.506,1613444.93,0.0,99.2606,0.0,3.6597,0,0,0.0,284.4507,284.4507,0.0,0.0,0.0,0.0,0.0,284.4507,0.0,284.306,3285.3653,0.0,3285.3653,284.4507,284.4507,0.0,3285.3653,308.0901,308.0901
2026-02-26T13:00:00,284.4507,489.5025,1613444.93,0.0,99.2606,0.0,3.6131,0,0,0.0,284.4507,284.4507,0.0,0.0,0.0,0.0,0.0,0.0,284.306,3285.3653,0.0,3285.3653,284.4507,284.4507,0.0,3285.3653,308.0901,308.0901,0.0
2026-02-26T19:00:00,0.0,489.4985,1610444.02,-3000.91,99.076,0.0,3.567,0,0,0.0,284.4507,284.4507,0.0,0.0,0.0,0.0,0.0,284.306,3285.3653,0.0,3285.3653,284.4507,284.4507,0.0,3285.3653,308.0901,308.0901,0.0,307.9334
2026-02-27T01:00:00,284.306,489.499,1610444.02,0.0,99.076,0.0,3.5216,0,0,0.0,0.0,284.4507,0.0,0.0,0.0,0.0,0.0,3285.3653,0.0,3285.3653,284.4507,284.4507,0.0,3285.3653,308.0901,308.0901,0.0,307.9334,3309.0047
2026-02-27T07:00:00,3285.3653,489.5007,1613444.93,3000.91,99.2606,0.0,3.4767,0,0,0.0,284.306,0.0,0.0,0.0,0.0,0.0,0.0,0.0,3285.3653,284.4507,284.4507,0.0,3285.3653,308.0901,308.0901,0.0,307.9334,3309.0047,0.0
2026-02-27T13:00:00,0.0,489.4998,1610444.02,-3000.91,99.076,0.0,3.4324,0,0,0.0,3285.3653,284.306,0.0,0.0,0.0,0.0,0.0,3285.3653,284.4507,284.4507,0.0,3285.3653,308.0901,308.0901,0.0,307.9334,3309.0047,0.0,307.9334
2026-02-27T19:00:00,3285.3653,489.5005,1613444.93,3000.91,99.2606,0.0,3.3887,0,0,0.0,0.0,3285.3653,0.0,0.0,0.0,0.0,0.0,284.4507,284.4507,0.0,3285.3653,308.0901,308.0901,0.0,307.9334,3309.0047,0.0,307.9334,307.9334
2026-02-28T01:00:00,284.4507,489.5068,1613444.93,0.0,99.2606,0.0,3.3455,0,0,0.0,3285.3653,0.0,0.0,0.0,0.0,0.0,0.0,284.4507,0.0,3285.3653,308.0901,308.0901,0.0,307.9334,3309.0047,0.0,307.9334,307.9334,0.0
2026-02-28T07:00:00,284.4507,489.5015,1613444.93,0.0,99.2606,0.0,3.3029,0,0,0.0,284.4507,3285.3653,0.0,0.0,0.0,0.0,0.0,0.0,3285.3653,308.0901,308.0901,0.0,307.9334,3309.0047,0.0,307.9334,307.9334,0.0,307.7773
2026-02-28T13:00:00,0.0,489.4998,1610444.02,-3000.91,99.076,0.0,3.2608,0,0,0.0,284.4507,284.4507,0.0,0.0,0.0,0.0,0.0,3285.3653,308.0901,308.0901,0.0,307.9334,3309.0047,0.0,307.9334,307.9334,0.0,307.7773,0.0
2026-02-28T19:00:00,3285.3653,489.5005,1613444.93,3000.91,99.2606,0.0,3.2192,0,0,0.0,0.0,284.4507,0.0,0.0,0.0,0.0,0.0,308.0901,308.0901,0.0,307.9334,3309.0047,0.0,307.9334,307.9334,0.0,307.7773,0.0,0.0
2026-03-01T01:00:00,308.0901,489.5013,1613444.93,0.0,99.2606,0.0,3.1782,0,0,0.0,3285.3653,0.0,0.0,0.0,0.0,0.0,0.0,308.0901,0.0,307.9334,3309.0047,0.0,307.9334,307.9334,0.0,307.7773,0.0,0.0,9301.6061
2026-03-01T07:00:00,308.0901,489.502,1613444.93,0.0,99.2606,0.0,3.1377,0,0,0.0,308.0901,3285.3653,0.0,0.0,0.0,0.0,0.0,0.0,307.9334,3309.0047,0.0,307.9334,307.9334,0.0,307.7773,0.0,0.0,9301.6061,6311.5299
2026-03-01T13:00:00,0.0,489.4998,1610444.02,-3000.91,99.076,0.0,3.0977,0,0,0.0,308.0901,308.0901,0.0,0.0,0.0,0.0,0.0,307.9334,3309.0047,0.0,307.9334,307.9334,0.0,307.7773,0.0,0.0,9301.6061,6311.5299,3312.4222
2026-03-01T19:00:00,307.9334,489.499,1610444.02,0.0,99.076,0.0,3.0583,0,0,0.0,0.0,308.0901,0.0,0.0,0.0,0.0,0.0,3309.0047,0.0,307.9334,307.9334,0.0,307.7773,0.0,0.0,9301.6061,6311.5299,3312.4222,0.0
2026-03-02T01:00:00,3309.0047,489.5012,1613444.93,3000.91,99.2606,0.0,3.0193,0,0,0.0,307.9334,0.0,0.0,0.0,0.0,0.0,0.0,0.0,307.9334,307.9334,0.0,307.7773,0.0,0.0,9301.6061,6311.5299,3312.4222,0.0,0.0
2026-03-02T07:00:00,0.0,489.4982,1610444.02,-3000.91,99.076,0.0,2.9808,0,0,0.0,3309.0047,307.9334,0.0,0.0,0.0,0.0,0.0,307.9334,307.9334,0.0,307.7773,0.0,0.0,9301.6061,6311.5299,3312.4222,0.0,0.0,0.0
2026-03-02T13:00:00,307.9334,489.4942,1610444.02,0.0,99.076,0.0,2.9429,0,0,0.0,0.0,3309.0047,0.0,0.0,0.0,0.0,0.0,307.9334,0.0,307.7773,0.0,0.0,9301.6061,6311.5299,3312.4222,0.0,0.0,0.0,3307.3577
2026-03-02T19:00:00,307.9334,489.4918,1610444.02,0.0,99.076,0.0,2.9054,0,0,0.0,307.9334,0.0,0.0,0.0,0.0,0.0,0.0,0.0,307.7773,0.0,0.0,9301.6061,6311.5299,3312.4222,0.0,0.0,0.0,3307.3577,0.0
2026-03-03T01:00:00,0.0,489.487,1607444.59,-2999.42,98.8914,0.0,2.8683,0,0,0.0,307.9334,307.9334,0.0,0.0,0.0,0.0,0.0,307.7773,0.0,0.0,9301.6061,6311.5299,3312.4222,0.0,0.0,0.0,3307.3577,0.0,307.7773
2026-03-03T07:00:00,307.7773,489.4843,1607444.59,0.0,98.8914,0.0,2.8318,0,0,0.0,0.0,307.9334,0.0,0.0,0.0,0.0,0.0,0.0,0.0,9301.6061,6311.5299,3312.4222,0.0,0.0,0.0,3307.3577,0.0,307.7773,307.7773
2026-03-03T13:00:00,0.0,489.4783,1604446.72,-2997.87,98.707,0.0,2.7957,0,0,0.0,307.7773,0.0,0.0,0.0,0.0,0.0,0.0,0.0,9301.6061,6311.5299,3312.4222,0.0,0.0,0.0,3307.3577,0.0,307.7773,307.7773,6308.429
2026-03-03T19:00:00,0.0,489.4642,1601450.34,-2996.37,98.5227,0.0,2.7601,0,0,0.0,0.0,307.7773,0.0,0.0,0.0,0.0,0.0,9301.6061,6311.5299,3312.4222,0.0,0.0,0.0,3307.3577,0.0,307.7773,307.7773,6308.429,9320.4046
2026-03-04T01:00:00,9301.6061,489.4952,1610444.02,8993.67,99.076,0.0,2.7249,0,0,0.0,0.0,0.0,0.0,0.0,0.0,0.0,0.0,6311.5299,3312.4222,0.0,0.0,0.0,3307.3577,0.0,307.7773,307.7773,6308.429,9320.4046,0.0
2026-03-04T07:00:00,6311.5299,489.5122,1616447.3,6003.28,99.4453,0.0,2.6902,0,0,0.0,9301.6061,0.0,0.0,0.0,0.0,0.0,0.0,3312.4222,0.0,0.0,0.0,3307.3577,0.0,307.7773,307.7773,6308.429,9320.4046,0.0,0.0
2026-03-04T13:00:00,3312.4222,489.5217,1619451.32,3004.02,99.6301,0.0,2.6559,0,0,0.0,6311.5299,9301.6061,0.0,0.0,0.0,0.0,0.0,0.0,0.0,0.0,3307.3577,0.0,307.7773,307.7773,6308.429,9320.4046,0.0,0.0,308.2473
2026-03-04T19:00:00,0.0,489.5053,1613444.93,-6006.39,99.2606,0.0,2.6221,0,0,0.0,3312.4222,6311.5299,0.0,0.0,0.0,0.0,0.0,0.0,0.0,3307.3577,0.0,307.7773,307.7773,6308.429,9320.4046,0.0,0.0,308.2473,0.0
2026-03-05T01:00:00,0.0,489.4927,1610444.02,-3000.91,99.076,0.0,2.5887,0,0,0.0,0.0,3312.4222,0.0,0.0,0.0,0.0,0.0,0.0,3307.3577,0.0,307.7773,307.7773,6308.429,9320.4046,0.0,0.0,308.2473,0.0,0.0
2026-03-05T07:00:00,0.0,489.4865,1607444.59,-2999.42,98.8914,0.0,2.5557,0,0,0.0,0.0,0.0,0.0,0.0,0.0,0.0,0.0,3307.3577,0.0,307.7773,307.7773,6308.429,9320.4046,0.0,0.0,308.2473,0.0,0.0,307.9334
2026-03-05T13:00:00,3307.3577,489.495,1610444.02,2999.42,99.076,0.0,2.5231,0,0,0.0,0.0,0.0,0.0,0.0,0.0,0.0,0.0,0.0,307.7773,307.7773,6308.429,9320.4046,0.0,0.0,308.2473,0.0,0.0,307.9334,6311.5299
2026-03-05T19:00:00,0.0,489.483,1607444.59,-2999.42,98.8914,0.0,2.491,0,0,0.0,3307.3577,0.0,0.0,0.0,0.0,0.0,0.0,307.7773,307.7773,6308.429,9320.4046,0.0,0.0,308.2473,0.0,0.0,307.9334,6311.5299,0.0
2026-03-06T01:00:00,307.7773,489.4802,1607444.59,0.0,98.8914,0.0,2.4592,0,0,0.0,0.0,3307.3577,0.0,0.0,0.0,0.0,0.0,307.7773,6308.429,9320.4046,0.0,0.0,308.2473,0.0,0.0,307.9334,6311.5299,0.0,307.9334
2026-03-06T07:00:00,307.7773,489.4838,1607444.59,0.0,98.8914,0.0,2.4279,0,0,0.0,307.7773,0.0,0.0,0.0,0.0,0.0,0.0,6308.429,9320.4046,0.0,0.0,308.2473,0.0,0.0,307.9334,6311.5299,0.0,307.9334,6311.5299
2026-03-06T13:00:00,6308.429,489.5037,1613444.93,6000.34,99.2606,0.0,2.397,0,0,0.0,307.7773,307.7773,0.0,0.0,0.0,0.0,0.0,9320.4046,0.0,0.0,308.2473,0.0,0.0,307.9334,6311.5299,0.0,307.9334,6311.5299,6318.0365
2026-03-06T19:00:00,9320.4046,489.5308,1622456.77,9011.84,99.815,0.0,2.3664,0,0,0.0,6308.429,307.7773,0.0,0.0,0.0,0.0,0.0,0.0,0.0,308.2473,0.0,0.0,307.9334,6311.5299,0.0,307.9334,6311.5299,6318.0365,0.0
2026-03-07T01:00:00,0.0,489.5288,1619451.32,-3005.46,99.6301,0.0,2.3363,0,0,0.0,9320.4046,6308.429,0.0,0.0,0.0,0.0,0.0,0.0,308.2473,0.0,0.0,307.9334,6311.5299,0.0,307.9334,6311.5299,6318.0365,0.0,6311.5299
2026-03-07T07:00:00,0.0,489.5183,1616447.3,-3004.02,99.4453,0.0,2.3065,0,0,0.0,0.0,9320.4046,0.0,0.0,0.0,0.0,0.0,308.2473,0.0,0.0,307.9334,6311.5299,0.0,307.9334,6311.5299,6318.0365,0.0,6311.5299,0.0
2026-03-07T13:00:00,308.2473,489.5142,1616447.3,0.0,99.4453,0.0,2.2771,0,0,0.0,0.0,0.0,0.0,0.0,0.0,0.0,0.0,0.0,0.0,307.9334,6311.5299,0.0,307.9334,6311.5299,6318.0365,0.0,6311.5299,0.0,3310.6153
2026-03-07T19:00:00,0.0,489.5052,1613444.93,-3002.37,99.2606,0.0,2.2481,0,0,0.0,308.2473,0.0,0.0,0.0,0.0,0.0,0.0,0.0,307.9334,6311.5299,0.0,307.9334,6311.5299,6318.0365,0.0,6311.5299,0.0,3310.6153,0.0
2026-03-08T01:00:00,0.0,489.4945,1610444.02,-3000.91,99.076,0.0,2.2195,0,0,0.0,0.0,308.2473,0.0,0.0,0.0,0.0,0.0,307.9334,6311.5299,0.0,307.9334,6311.5299,6318.0365,0.0,6311.5299,0.0,3310.6153,0.0,0.0
2026-03-08T07:00:00,307.9334,489.4978,1610444.02,0.0,99.076,0.0,2.1912,0,0,0.0,0.0,0.0,0.0,0.0,0.0,0.0,0.0,6311.5299,0.0,307.9334,6311.5299,6318.0365,0.0,6311.5299,0.0,3310.6153,0.0,0.0,0.0
2026-03-08T13:00:00,6311.5299,489.5185,1616447.3,6003.28,99.4453,0.0,2.1633,0,0,0.0,307.9334,0.0,0.0,0.0,0.0,0.0,0.0,0.0,307.9334,6311.5299,6318.0365,0.0,6311.5299,0.0,3310.6153,0.0,0.0,0.0,3067.3471
2026-03-08T19:00:00,0.0,489.4993,1610444.02,-6003.28,99.076,0.0,2.1357,0,0,0.0,6311.5299,307.9334,0.0,0.0,0.0,0.0,0.0,307.9334,6311.5299,6318.0365,0.0,6311.5299,0.0,3310.6153,0.0,0.0,0.0,3067.3471,0.0
2026-03-09T01:00:00,307.9334,489.4982,1610444.02,0.0,99.076,0.0,2.1085,0,0,0.0,0.0,6311.5299,0.0,0.0,0.0,0.0,0.0,6311.5299,6318.0365,0.0,6311.5299,0.0,3310.6153,0.0,0.0,0.0,3067.3471,0.0,0.0
2026-03-09T07:00:00,6311.5299,489.5158,1616447.3,6003.28,99.4453,0.0,2.0816,0,0,0.0,307.9334,0.0,0.0,0.0,0.0,0.0,0.0,6318.0365,0.0,6311.5299,0.0,3310.6153,0.0,0.0,0.0,3067.3471,0.0,0.0,307.6218
2026-03-09T13:00:00,6318.0365,489.5302,1622456.77,6009.47,99.815,0.0,2.0551,0,0,0.0,6311.5299,307.9334,0.0,0.0,0.0,0.0,0.0,0.0,6311.5299,0.0,3310.6153,0.0,0.0,0.0,3067.3471,0.0,0.0,307.6218,3305.6518
2026-03-09T19:00:00,0.0,489.496,1610444.02,-12012.76,99.076,0.0,2.0289,0,0,0.0,6318.0365,6311.5299,0.0,0.0,0.0,0.0,0.0,6311.5299,0.0,3310.6153,0.0,0.0,0.0,3067.3471,0.0,0.0,307.6218,3305.6518,0.0
2026-03-10T01:00:00,6311.5299,489.5123,1616447.3,6003.28,99.4453,0.0,2.0031,0,0,0.0,0.0,6318.0365,0.0,0.0,0.0,0.0,0.0,0.0,3310.6153,0.0,0.0,0.0,3067.3471,0.0,0.0,307.6218,3305.6518,0.0,307.6218
2026-03-10T07:00:00,0.0,489.5038,1613444.93,-3002.37,99.2606,0.0,1.9775,0,0,0.0,6311.5299,0.0,0.0,0.0,0.0,0.0,0.0,3310.6153,0.0,0.0,0.0,3067.3471,0.0,0.0,307.6218,3305.6518,0.0,307.6218,666.861
2026-03-10T13:00:00,3310.6153,489.5162,1616447.3,3002.37,99.4453,0.0,1.9524,0,0,0.0,0.0,6311.5299,0.0,0.0,0.0,0.0,0.0,0.0,0.0,0.0,3067.3471,0.0,0.0,307.6218,3305.6518,0.0,307.6218,666.861,3127.3497
2026-03-10T19:00:00,0.0,489.493,1610444.02,-6003.28,99.076,0.0,1.9275,0,0,0.0,3310.6153,0.0,0.0,0.0,0.0,0.0,0.0,0.0,0.0,3067.3471,0.0,0.0,307.6218,3305.6518,0.0,307.6218,666.861,3127.3497,0.0
2026-03-11T01:00:00,0.0,489.4867,1607444.59,-2999.42,98.8914,0.0,1.9029,0,0,0.0,0.0,3310.6153,0.0,0.0,0.0,0.0,0.0,0.0,3067.3471,0.0,0.0,307.6218,3305.6518,0.0,307.6218,666.861,3127.3497,0.0,3307.3577
2026-03-11T07:00:00,0.0,489.489,1607444.59,0.0,98.8914,3.4,5.2787,0,0,0.0,0.0,0.0,0.0,0.0,3.4,3.4,3.4,3067.3471,0.0,0.0,307.6218,3305.6518,0.0,307.6218,666.861,3127.3497,0.0,3307.3577,307.9334
2026-03-11T13:00:00,3067.3471,489.491,1610444.02,2999.42,99.076,0.8,6.0114,0,0,0.0,0.0,0.0,3.4,0.0,4.2,4.2,4.2,0.0,0.0,307.6218,3305.6518,0.0,307.6218,666.861,3127.3497,0.0,3307.3577,307.9334,307.9334
2026-03-11T19:00:00,0.0,489.4825,1607444.59,-2999.42,98.8914,0.0,5.9348,0,0,0.0,3067.3471,0.0,0.8,3.4,4.2,4.2,4.2,0.0,307.6218,3305.6518,0.0,307.6218,666.861,3127.3497,0.0,3307.3577,307.9334,307.9334,247.9307
2026-03-12T01:00:00,0.0,489.479,1604446.72,-2997.87,98.707,0.0,5.8592,0,0,0.0,0.0,3067.3471,0.0,0.8,0.8,4.2,4.2,307.6218,3305.6518,0.0,307.6218,666.861,3127.3497,0.0,3307.3577,307.9334,307.9334,247.9307,307.9334
2026-03-12T07:00:00,307.6218,489.476,1604446.72,0.0,98.707,0.0,5.7845,0,0,0.0,0.0,0.0,0.0,0.0,0.0,4.2,4.2,3305.6518,0.0,307.6218,666.861,3127.3497,0.0,3307.3577,307.9334,307.9334,247.9307,307.9334,307.9334
2026-03-12T13:00:00,3305.6518,489.4838,1607444.59,2997.87,98.8914,0.0,5.7108,0,0,0.0,307.6218,0.0,0.0,0.0,0.0,0.8,4.2,0.0,307.6218,666.861,3127.3497,0.0,3307.3577,307.9334,307.9334,247.9307,307.9334,307.9334,307.9334
2026-03-12T19:00:00,0.0,489.4717,1604446.72,-2997.87,98.707,0.0,5.6381,0,0,0.0,3305.6518,307.6218,0.0,0.0,0.0,0.0,4.2,307.6218,666.861,3127.3497,0.0,3307.3577,307.9334,307.9334,247.9307,307.9334,307.9334,307.9334,307.9334
2026-03-13T01:00:00,307.6218,489.477,1604446.72,0.0,98.707,0.0,5.5662,0,0,0.0,0.0,3305.6518,0.0,0.0,0.0,0.0,0.8,666.861,3127.3497,0.0,3307.3577,307.9334,307.9334,247.9307,307.9334,307.9334,307.9334,307.9334,307.9334
2026-03-13T07:00:00,666.861,489.4807,1607444.59,2997.87,98.8914,8.8,14.2953,0,0,0.0,307.6218,0.0,0.0,0.0,8.8,8.8,8.8,3127.3497,0.0,3307.3577,307.9334,307.9334,247.9307,307.9334,307.9334,307.9334,307.9334,307.9334,307.9334
2026-03-13T13:00:00,3127.3497,489.492,1610444.02,2999.42,99.076,0.6,14.7132,0,0,0.0,666.861,307.6218,8.8,0.0,9.4,9.4,9.4,0.0,3307.3577,307.9334,307.9334,247.9307,307.9334,307.9334,307.9334,307.9334,307.9334,307.9334,3309.0047
2026-03-13T19:00:00,0.0,489.4847,1607444.59,-2999.42,98.8914,0.0,14.5257,0,0,0.0,3127.3497,666.861,0.6,8.8,9.4,9.4,9.4,3307.3577,307.9334,307.9334,247.9307,307.9334,307.9334,307.9334,307.9334,307.9334,307.9334,3309.0047,0.0
2026-03-14T01:00:00,3307.3577,489.4932,1610444.02,2999.42,99.076,0.0,14.3406,0,0,0.0,0.0,3127.3497,0.0,0.6,0.6,9.4,9.4,307.9334,307.9334,247.9307,307.9334,307.9334,307.9334,307.9334,307.9334,307.9334,3309.0047,0.0,308.0901
2026-03-14T07:00:00,307.9334,489.4943,1610444.02,0.0,99.076,0.0,14.1579,0,0,0.0,3307.3577,0.0,0.0,0.0,0.0,9.4,9.4,307.9334,247.9307,307.9334,307.9334,307.9334,307.9334,307.9334,307.9334,3309.0047,0.0,308.0901,308.0901
2026-03-14T13:00:00,307.9334,489.4962,1610444.02,0.0,99.076,0.0,13.9775,0,0,0.0,307.9334,3307.3577,0.0,0.0,0.0,0.6,9.4,247.9307,307.9334,307.9334,307.9334,307.9334,307.9334,307.9334,3309.0047,0.0,308.0901,308.0901,3310.6153
2026-03-14T19:00:00,247.9307,489.4905,1610444.02,0.0,99.076,0.2,13.9994,0,0,0.0,307.9334,307.9334,0.0,0.0,0.2,0.2,9.6,307.9334,307.9334,307.9334,307.9334,307.9334,307.9334,3309.0047,0.0,308.0901,308.0901,3310.6153,0.0
2026-03-15T01:00:00,307.9334,489.495,1610444.02,0.0,99.076,0.0,13.821,0,0,0.0,247.9307,307.9334,0.2,0.0,0.2,0.2,0.8,307.9334,307.9334,307.9334,307.9334,307.9334,3309.0047,0.0,308.0901,308.0901,3310.6153,0.0,3310.6153
2026-03-15T07:00:00,307.9334,489.4952,1610444.02,0.0,99.076,0.0,13.6449,0,0,0.0,307.9334,247.9307,0.0,0.2,0.2,0.2,0.2,307.9334,307.9334,307.9334,307.9334,3309.0047,0.0,308.0901,308.0901,3310.6153,0.0,3310.6153,308.2473
2026-03-15T13:00:00,307.9334,489.494,1610444.02,0.0,99.076,0.0,13.4711,0,0,0.0,307.9334,307.9334,0.0,0.0,0.0,0.2,0.2,307.9334,307.9334,307.9334,3309.0047,0.0,308.0901,308.0901,3310.6153,0.0,3310.6153,308.2473,3312.4222
2026-03-15T19:00:00,307.9334,489.4927,1610444.02,0.0,99.076,0.0,13.2995,0,0,0.0,307.9334,307.9334,0.0,0.0,0.0,0.2,0.2,307.9334,307.9334,3309.0047,0.0,308.0901,308.0901,3310.6153,0.0,3310.6153,308.2473,3312.4222,308.4052
2026-03-16T01:00:00,307.9334,489.4907,1610444.02,0.0,99.076,0.0,13.13,0,0,0.0,307.9334,307.9334,0.0,0.0,0.0,0.0,0.2,307.9334,3309.0047,0.0,308.0901,308.0901,3310.6153,0.0,3310.6153,308.2473,3312.4222,308.4052,18365.2669
2026-03-16T07:00:00,307.9334,489.4903,1610444.02,0.0,99.076,0.0,12.9627,0,0,0.0,307.9334,307.9334,0.0,0.0,0.0,0.0,0.2,3309.0047,0.0,308.0901,308.0901,3310.6153,0.0,3310.6153,308.2473,3312.4222,308.4052,18365.2669,0.0
2026-03-16T13:00:00,3309.0047,489.5,1613444.93,3000.91,99.2606,0.0,12.7975,0,0,0.0,307.9334,307.9334,0.0,0.0,0.0,0.0,0.0,0.0,308.0901,308.0901,3310.6153,0.0,3310.6153,308.2473,3312.4222,308.4052,18365.2669,0.0,3322.5674
2026-03-16T19:00:00,0.0,489.5038,1613444.93,0.0,99.2606,8.8,21.4345,0,0,0.0,3309.0047,307.9334,0.0,0.0,8.8,8.8,8.8,308.0901,308.0901,3310.6153,0.0,3310.6153,308.2473,3312.4222,308.4052,18365.2669,0.0,3322.5674,0.0
2026-03-17T01:00:00,308.0901,489.5015,1613444.93,0.0,99.2606,0.0,21.1614,0,0,0.0,0.0,3309.0047,8.8,0.0,8.8,8.8,8.8,308.0901,3310.6153,0.0,3310.6153,308.2473,3312.4222,308.4052,18365.2669,0.0,3322.5674,0.0,309.0425
2026-03-17T07:00:00,308.0901,489.502,1613444.93,0.0,99.2606,0.0,20.8917,0,0,0.0,308.0901,0.0,0.0,8.8,8.8,8.8,8.8,3310.6153,0.0,3310.6153,308.2473,3312.4222,308.4052,18365.2669,0.0,3322.5674,0.0,309.0425,309.0425
2026-03-17T13:00:00,3310.6153,489.5172,1616447.3,3002.37,99.4453,0.0,20.6256,0,0,0.0,308.0901,308.0901,0.0,0.0,0.0,8.8,8.8,0.0,3310.6153,308.2473,3312.4222,308.4052,18365.2669,0.0,3322.5674,0.0,309.0425,309.0425,3320.8246
2026-03-17T19:00:00,0.0,489.5098,1613444.93,-3002.37,99.2606,1.8,22.1628,0,0,0.0,3310.6153,308.0901,0.0,0.0,1.8,10.600000000000001,10.600000000000001,3310.6153,308.2473,3312.4222,308.4052,18365.2669,0.0,3322.5674,0.0,309.0425,309.0425,3320.8246,309.2033
2026-03-18T01:00:00,3310.6153,489.511,1616447.3,3002.37,99.4453,0.0,21.8804,0,0,0.0,0.0,3310.6153,1.8,0.0,1.8,1.8,10.600000000000001,308.2473,3312.4222,308.4052,18365.2669,0.0,3322.5674,0.0,309.0425,309.0425,3320.8246,309.2033,309.2033
2026-03-18T07:00:00,308.2473,489.512,1616447.3,0.0,99.4453,0.0,21.6016,0,0,0.0,3310.6153,0.0,0.0,1.8,1.8,1.8,10.600000000000001,3312.4222,308.4052,18365.2669,0.0,3322.5674,0.0,309.0425,309.0425,3320.8246,309.2033,309.2033,309.2033
2026-03-18T13:00:00,3312.4222,489.5257,1619451.32,3004.02,99.6301,0.0,21.3263,0,0,0.0,308.2473,3310.6153,0.0,0.0,0.0,1.8,1.8,308.4052,18365.2669,0.0,3322.5674,0.0,309.0425,309.0425,3320.8246,309.2033,309.2033,309.2033,3322.5674
2026-03-18T19:00:00,308.4052,489.528,1619451.32,0.0,99.6301,0.0,21.0546,0,0,0.0,3312.4222,308.2473,0.0,0.0,0.0,1.8,1.8,18365.2669,0.0,3322.5674,0.0,309.0425,309.0425,3320.8246,309.2033,309.2033,309.2033,3322.5674,0.0
2026-03-19T01:00:00,18365.2669,489.5823,1637507.22,18055.9,100.7409,0.0,20.7864,0,0,0.0,308.4052,3312.4222,0.0,0.0,0.0,0.0,1.8,0.0,3322.5674,0.0,309.0425,309.0425,3320.8246,309.2033,309.2033,309.2033,3322.5674,0.0,0.0
2026-03-19T07:00:00,0.0,489.579,1634494.02,-3013.2,100.5555,0.0,20.5215,0,0,0.0,18365.2669,308.4052,0.0,0.0,0.0,0.0,1.8,3322.5674,0.0,309.0425,309.0425,3320.8246,309.2033,309.2033,309.2033,3322.5674,0.0,0.0,0.0
2026-03-19T13:00:00,3322.5674,489.5877,1637507.22,3013.2,100.7409,0.0,20.26,0,0,0.0,0.0,18365.2669,0.0,0.0,0.0,0.0,0.0,0.0,309.0425,309.0425,3320.8246,309.2033,309.2033,309.2033,3322.5674,0.0,0.0,0.0,3315.7087
2026-03-19T19:00:00,0.0,489.5628,1631482.4,-6024.82,100.3703,0.0,20.0019,0,0,0.0,3322.5674,0.0,0.0,0.0,0.0,0.0,0.0,309.0425,309.0425,3320.8246,309.2033,309.2033,309.2033,3322.5674,0.0,0.0,0.0,3315.7087,308.7226
2026-03-20T01:00:00,309.0425,489.564,1631482.4,0.0,100.3703,0.0,19.747,0,0,0.0,0.0,3322.5674,0.0,0.0,0.0,0.0,0.0,309.0425,3320.8246,309.2033,309.2033,309.2033,3322.5674,0.0,0.0,0.0,3315.7087,308.7226,3317.429
2026-03-20T07:00:00,309.0425,489.5647,1631482.4,0.0,100.3703,0.0,19.4954,0,0,0.0,309.0425,0.0,0.0,0.0,0.0,0.0,0.0,3320.8246,309.2033,309.2033,309.2033,3322.5674,0.0,0.0,0.0,3315.7087,308.7226,3317.429,0.0
2026-03-20T13:00:00,3320.8246,489.5758,1634494.02,3011.62,100.5555,0.0,19.247,0,0,0.0,309.0425,309.0425,0.0,0.0,0.0,0.0,0.0,309.2033,309.2033,309.2033,3322.5674,0.0,0.0,0.0,3315.7087,308.7226,3317.429,0.0,3317.429
2026-03-20T19:00:00,309.2033,489.5798,1634494.02,0.0,100.5555,0.0,19.0018,0,0,0.0,3320.8246,309.0425,0.0,0.0,0.0,0.0,0.0,309.2033,309.2033,3322.5674,0.0,0.0,0.0,3315.7087,308.7226,3317.429,0.0,3317.429,0.0
2026-03-21T01:00:00,309.2033,489.5718,1634494.02,0.0,100.5555,0.0,18.7597,0,0,0.0,309.2033,3320.8246,0.0,0.0,0.0,0.0,0.0,309.2033,3322.5674,0.0,0.0,0.0,3315.7087,308.7226,3317.429,0.0,3317.429,0.0,308.5636
2026-03-21T07:00:00,309.2033,489.5782,1634494.02,0.0,100.5555,0.0,18.5207,0,0,0.0,309.2033,309.2033,0.0,0.0,0.0,0.0,0.0,3322.5674,0.0,0.0,0.0,3315.7087,308.7226,3317.429,0.0,3317.429,0.0,308.5636,3315.7087
2026-03-21T13:00:00,3322.5674,489.5852,1637507.22,3013.2,100.7409,0.0,18.2847,0,0,0.0,309.2033,309.2033,0.0,0.0,0.0,0.0,0.0,0.0,0.0,0.0,3315.7087,308.7226,3317.429,0.0,3317.429,0.0,308.5636,3315.7087,3317.429
2026-03-21T19:00:00,0.0,489.563,1631482.4,-6024.82,100.3703,0.0,18.0517,0,0,0.0,3322.5674,309.2033,0.0,0.0,0.0,0.0,0.0,0.0,0.0,3315.7087,308.7226,3317.429,0.0,3317.429,0.0,308.5636,3315.7087,3317.429,0.0
2026-03-22T01:00:00,0.0,489.5493,1625463.76,-6018.64,100.0,0.0,17.8217,0,0,0.0,0.0,3322.5674,0.0,0.0,0.0,0.0,0.0,0.0,3315.7087,308.7226,3317.429,0.0,3317.429,0.0,308.5636,3315.7087,3317.429,0.0,0.0
2026-03-22T07:00:00,0.0,489.5318,1622456.77,-3006.99,99.815,0.0,17.5946,0,0,0.0,0.0,0.0,0.0,0.0,0.0,0.0,0.0,3315.7087,308.7226,3317.429,0.0,3317.429,0.0,308.5636,3315.7087,3317.429,0.0,0.0,308.4052
2026-03-22T13:00:00,3315.7087,489.549,1625463.76,3006.99,100.0,0.0,17.3704,0,0,0.0,0.0,0.0,0.0,0.0,0.0,0.0,0.0,308.7226,3317.429,0.0,3317.429,0.0,308.5636,3315.7087,3317.429,0.0,0.0,308.4052,6321.1646
2026-03-22T19:00:00,308.7226,489.5487,1625463.76,0.0,100.0,0.0,17.1491,0,0,0.0,3315.7087,0.0,0.0,0.0,0.0,0.0,0.0,3317.429,0.0,3317.429,0.0,308.5636,3315.7087,3317.429,0.0,0.0,308.4052,6321.1646,0.0
2026-03-23T01:00:00,3317.429,489.5503,1628472.31,3008.55,100.1851,0.0,16.9306,0,0,0.0,308.7226,3315.7087,0.0,0.0,0.0,0.0,0.0,0.0,3317.429,0.0,308.5636,3315.7087,3317.429,0.0,0.0,308.4052,6321.1646,0.0,0.0
2026-03-23T07:00:00,0.0,489.5428,1625463.76,-3008.55,100.0,0.0,16.7149,0,0,0.0,3317.429,308.7226,0.0,0.0,0.0,0.0,0.0,3317.429,0.0,308.5636,3315.7087,3317.429,0.0,0.0,308.4052,6321.1646,0.0,0.0,3314.0195
2026-03-23T13:00:00,3317.429,489.551,1628472.31,3008.55,100.1851,0.0,16.5019,0,0,0.0,0.0,3317.429,0.0,0.0,0.0,0.0,0.0,0.0,308.5636,3315.7087,3317.429,0.0,0.0,308.4052,6321.1646,0.0,0.0,3314.0195,3315.7087
2026-03-23T19:00:00,0.0,489.5368,1622456.77,-6015.53,99.815,0.0,16.2917,0,0,0.0,3317.429,0.0,0.0,0.0,0.0,0.0,0.0,308.5636,3315.7087,3317.429,0.0,0.0,308.4052,6321.1646,0.0,0.0,3314.0195,3315.7087,0.0
2026-03-24T01:00:00,308.5636,489.5392,1622456.77,0.0,99.815,0.0,16.0841,0,0,0.0,0.0,3317.429,0.0,0.0,0.0,0.0,0.0,3315.7087,3317.429,0.0,0.0,308.4052,6321.1646,0.0,0.0,3314.0195,3315.7087,0.0,308.2473
2026-03-24T07:00:00,3315.7087,489.5452,1625463.76,3006.99,100.0,0.0,15.8791,0,0,0.0,308.5636,0.0,0.0,0.0,0.0,0.0,0.0,3317.429,0.0,0.0,308.4052,6321.1646,0.0,0.0,3314.0195,3315.7087,0.0,308.2473,308.2473
2026-03-24T13:00:00,3317.429,489.5583,1628472.31,3008.55,100.1851,0.0,15.6768,0,0,0.0,3315.7087,308.5636,0.0,0.0,0.0,0.0,0.0,0.0,0.0,308.4052,6321.1646,0.0,0.0,3314.0195,3315.7087,0.0,308.2473,308.2473,6318.0365
2026-03-24T19:00:00,0.0,489.5357,1622456.77,-6015.53,99.815,0.0,15.4771,0,0,0.0,3317.429,3315.7087,0.0,0.0,0.0,0.0,0.0,0.0,308.4052,6321.1646,0.0,0.0,3314.0195,3315.7087,0.0,308.2473,308.2473,6318.0365,0.0
2026-03-25T01:00:00,0.0,489.5287,1619451.32,-3005.46,99.6301,0.0,15.2799,0,0,0.0,0.0,3317.429,0.0,0.0,0.0,0.0,0.0,308.4052,6321.1646,0.0,0.0,3314.0195,3315.7087,0.0,308.2473,308.2473,6318.0365,0.0,308.2473
2026-03-25T07:00:00,308.4052,489.5282,1619451.32,0.0,99.6301,0.0,15.0852,0,0,0.0,0.0,0.0,0.0,0.0,0.0,0.0,0.0,6321.1646,0.0,0.0,3314.0195,3315.7087,0.0,308.2473,308.2473,6318.0365,0.0,308.2473,0.0
2026-03-25T13:00:00,6321.1646,489.5453,1625463.76,6012.44,100.0,0.0,14.893,0,0,0.0,308.4052,0.0,0.0,0.0,0.0,0.0,0.0,0.0,0.0,3314.0195,3315.7087,0.0,308.2473,308.2473,6318.0365,0.0,308.2473,0.0,307.9334
2026-03-25T19:00:00,0.0,489.5312,1622456.77,-3006.99,99.815,0.0,14.7032,0,0,0.0,6321.1646,308.4052,0.0,0.0,0.0,0.0,0.0,0.0,3314.0195,3315.7087,0.0,308.2473,308.2473,6318.0365,0.0,308.2473,0.0,307.9334,0.0
2026-03-26T01:00:00,0.0,489.5215,1619451.32,-3005.46,99.6301,0.0,14.5159,0,0,0.0,0.0,6321.1646,0.0,0.0,0.0,0.0,0.0,3314.0195,3315.7087,0.0,308.2473,308.2473,6318.0365,0.0,308.2473,0.0,307.9334,0.0,0.0
2026-03-26T07:00:00,3314.0195,489.5352,1622456.77,3005.46,99.815,0.0,14.3309,0,0,0.0,0.0,0.0,0.0,0.0,0.0,0.0,0.0,3315.7087,0.0,308.2473,308.2473,6318.0365,0.0,308.2473,0.0,307.9334,0.0,0.0,0.0
2026-03-26T13:00:00,3315.7087,489.542,1625463.76,3006.99,100.0,0.0,14.1483,0,0,0.0,3314.0195,0.0,0.0,0.0,0.0,0.0,0.0,0.0,308.2473,308.2473,6318.0365,0.0,308.2473,0.0,307.9334,0.0,0.0,0.0,1700.0472
2026-03-26T19:00:00,0.0,489.5193,1616447.3,-9016.46,99.4453,0.0,13.9681,0,0,0.0,3315.7087,3314.0195,0.0,0.0,0.0,0.0,0.0,308.2473,308.2473,6318.0365,0.0,308.2473,0.0,307.9334,0.0,0.0,0.0,1700.0472,0.0
2026-03-27T01:00:00,308.2473,489.5148,1616447.3,0.0,99.4453,0.0,13.7901,0,0,0.0,0.0,3315.7087,0.0,0.0,0.0,0.0,0.0,308.2473,6318.0365,0.0,308.2473,0.0,307.9334,0.0,0.0,0.0,1700.0472,0.0,0.0
2026-03-27T07:00:00,308.2473,489.5142,1616447.3,0.0,99.4453,0.0,13.6144,0,0,0.0,308.2473,0.0,0.0,0.0,0.0,0.0,0.0,6318.0365,0.0,308.2473,0.0,307.9334,0.0,0.0,0.0,1700.0472,0.0,0.0,0.0
2026-03-27T13:00:00,6318.0365,489.5327,1622456.77,6009.47,99.815,0.0,13.4409,0,0,0.0,308.2473,308.2473,0.0,0.0,0.0,0.0,0.0,0.0,308.2473,0.0,307.9334,0.0,0.0,0.0,1700.0472,0.0,0.0,0.0,3268.3427
2026-03-27T19:00:00,0.0,489.5192,1616447.3,-6009.47,99.4453,0.0,13.2697,0,0,0.0,6318.0365,308.2473,0.0,0.0,0.0,0.0,0.0,308.2473,0.0,307.9334,0.0,0.0,0.0,1700.0472,0.0,0.0,0.0,3268.3427,0.0
2026-03-28T01:00:00,308.2473,489.5117,1616447.3,0.0,99.4453,0.0,13.1006,0,0,0.0,0.0,6318.0365,0.0,0.0,0.0,0.0,0.0,0.0,307.9334,0.0,0.0,0.0,1700.0472,0.0,0.0,0.0,3268.3427,0.0,9186.116
2026-03-28T07:00:00,0.0,489.495,1610444.02,-6003.28,99.076,0.0,12.9337,0,0,0.0,308.2473,0.0,0.0,0.0,0.0,0.0,0.0,307.9334,0.0,0.0,0.0,1700.0472,0.0,0.0,0.0,3268.3427,0.0,9186.116,304.1265
2026-03-28T13:00:00,307.9334,489.4968,1610444.02,0.0,99.076,0.0,12.7689,0,0,0.0,0.0,308.2473,0.0,0.0,0.0,0.0,0.0,0.0,0.0,0.0,1700.0472,0.0,0.0,0.0,3268.3427,0.0,9186.116,304.1265,3268.3427
2026-03-28T19:00:00,0.0,489.46,1601450.34,-8993.67,98.5227,0.0,12.6062,0,0,0.0,307.9334,0.0,0.0,0.0,0.0,0.0,0.0,0.0,0.0,1700.0472,0.0,0.0,0.0,3268.3427,0.0,9186.116,304.1265,3268.3427,0.0
2026-03-29T01:00:00,0.0,489.4417,1595462.02,-5988.33,98.1543,0.0,12.4456,0,0,0.0,0.0,307.9334,0.0,0.0,0.0,0.0,0.0,0.0,1700.0472,0.0,0.0,0.0,3268.3427,0.0,9186.116,304.1265,3268.3427,0.0,339.2963
2026-03-29T07:00:00,0.0,489.4215,1589479.78,-5982.24,97.7862,0.0,12.287,0,0,0.0,0.0,0.0,0.0,0.0,0.0,0.0,0.0,1700.0472,0.0,0.0,0.0,3268.3427,0.0,9186.116,304.1265,3268.3427,0.0,339.2963,3301.8
2026-03-29T13:00:00,1700.0472,489.424,1589479.78,0.0,97.7862,0.0,12.1304,1,5572.8,0.0,0.0,0.0,0.0,0.0,0.0,0.0,0.0,0.0,0.0,0.0,3268.3427,0.0,9186.116,304.1265,3268.3427,0.0,339.2963,3301.8,339.4906
2026-03-29T19:00:00,0.0,489.3808,1577566.83,-11912.94,97.0533,0.0,11.9759,1,5572.8,0.0,1700.0472,0.0,0.0,0.0,0.0,0.0,0.0,0.0,0.0,3268.3427,0.0,9186.116,304.1265,3268.3427,0.0,339.2963,3301.8,339.4906,0.0
2026-03-30T01:00:00,0.0,489.3733,1574601.03,-2965.81,96.8709,0.0,11.8233,1,5572.8,0.0,0.0,1700.0472,0.0,0.0,0.0,0.0,0.0,0.0,3268.3427,0.0,9186.116,304.1265,3268.3427,0.0,339.2963,3301.8,339.4906,0.0,3301.8
2026-03-30T07:00:00,0.0,489.3632,1571636.99,-2964.04,96.6885,0.0,11.6726,1,5572.8,0.0,0.0,0.0,0.0,0.0,0.0,0.0,0.0,3268.3427,0.0,9186.116,304.1265,3268.3427,0.0,339.2963,3301.8,339.4906,0.0,3301.8,0.0
2026-03-30T13:00:00,3268.3427,489.3717,1574601.03,2964.04,96.8709,0.0,11.5239,0,0,0.0,0.0,0.0,0.0,0.0,0.0,0.0,0.0,0.0,9186.116,304.1265,3268.3427,0.0,339.2963,3301.8,339.4906,0.0,3301.8,0.0,3301.8
2026-03-30T19:00:00,0.0,489.3387,1562755.0,-11846.03,96.1421,0.0,11.3771,0,0,0.0,3268.3427,0.0,0.0,0.0,0.0,0.0,0.0,9186.116,304.1265,3268.3427,0.0,339.2963,3301.8,339.4906,0.0,3301.8,0.0,3301.8,0.0
2026-03-31T01:00:00,9186.116,489.3643,1571636.99,8881.99,96.6885,0.0,11.2321,0,0,0.0,0.0,3268.3427,0.0,0.0,0.0,0.0,0.0,304.1265,3268.3427,0.0,339.2963,3301.8,339.4906,0.0,3301.8,0.0,3301.8,0.0,18158.6283
2026-03-31T07:00:00,304.1265,489.362,1571636.99,0.0,96.6885,0.0,11.089,0,0,0.0,9186.116,0.0,0.0,0.0,0.0,0.0,0.0,3268.3427,0.0,339.2963,3301.8,339.4906,0.0,3301.8,0.0,3301.8,0.0,18158.6283,0.0
2026-03-31T13:00:00,3268.3427,489.37,1574601.03,2964.04,96.8709,0.0,10.9477,0,0,0.0,304.1265,9186.116,0.0,0.0,0.0,0.0,0.0,0.0,339.2963,3301.8,339.4906,0.0,3301.8,0.0,3301.8,0.0,18158.6283,0.0,0.0
2026-03-31T19:00:00,0.0,489.3568,1568674.68,-5926.35,96.5063,0.0,10.8082,0,0,0.0,3268.3427,304.1265,0.0,0.0,0.0,0.0,0.0,339.2963,3301.8,339.4906,0.0,3301.8,0.0,3301.8,0.0,18158.6283,0.0,0.0,339.6874
2026-04-01T01:00:00,339.2963,489.36,1568674.68,0.0,96.5063,0.0,10.6705,0,0,0.0,0.0,3268.3427,0.0,0.0,0.0,0.0,0.0,3301.8,339.4906,0.0,3301.8,0.0,3301.8,0.0,18158.6283,0.0,0.0,339.6874,339.6874
2026-04-01T07:00:00,3301.8,489.3672,1571636.99,2962.31,96.6885,0.0,10.5346,0,0,0.0,339.2963,0.0,0.0,0.0,0.0,0.0,0.0,339.4906,0.0,3301.8,0.0,3301.8,0.0,18158.6283,0.0,0.0,339.6874,339.6874,3305.6952
2026-04-01T13:00:00,339.4906,489.3612,1571636.99,0.0,96.6885,0.0,10.4003,0,0,0.0,3301.8,339.2963,0.0,0.0,0.0,0.0,0.0,0.0,3301.8,0.0,3301.8,0.0,18158.6283,0.0,0.0,339.6874,339.6874,3305.6952,3307.6174
2026-04-01T19:00:00,0.0,489.3598,1568674.68,-2962.31,96.5063,0.0,10.2678,0,0,0.0,339.4906,3301.8,0.0,0.0,0.0,0.0,0.0,3301.8,0.0,3301.8,0.0,18158.6283,0.0,0.0,339.6874,339.6874,3305.6952,3307.6174,0.0
2026-04-02T01:00:00,3301.8,489.3643,1571636.99,2962.31,96.6885,0.0,10.137,0,0,0.0,0.0,339.4906,0.0,0.0,0.0,0.0,0.0,0.0,3301.8,0.0,18158.6283,0.0,0.0,339.6874,339.6874,3305.6952,3307.6174,0.0,339.6874
2026-04-02T07:00:00,0.0,489.3558,1568674.68,-2962.31,96.5063,0.0,10.0078,0,0,0.0,3301.8,0.0,0.0,0.0,0.0,0.0,0.0,3301.8,0.0,18158.6283,0.0,0.0,339.6874,339.6874,3305.6952,3307.6174,0.0,339.6874,339.6874
2026-04-02T13:00:00,3301.8,489.3697,1571636.99,2962.31,96.6885,0.0,9.8803,0,0,0.0,0.0,3301.8,0.0,0.0,0.0,0.0,0.0,0.0,18158.6283,0.0,0.0,339.6874,339.6874,3305.6952,3307.6174,0.0,339.6874,339.6874,339.6874
2026-04-02T19:00:00,0.0,489.3575,1568674.68,-2962.31,96.5063,0.0,9.7544,0,0,0.0,3301.8,0.0,0.0,0.0,0.0,0.0,0.0,18158.6283,0.0,0.0,339.6874,339.6874,3305.6952,3307.6174,0.0,339.6874,339.6874,339.6874,0.0
2026-04-03T01:00:00,18158.6283,489.4142,1586490.96,17816.28,97.6024,0.0,9.6301,0,0,0.0,0.0,3301.8,0.0,0.0,0.0,0.0,0.0,0.0,0.0,339.6874,339.6874,3305.6952,3307.6174,0.0,339.6874,339.6874,339.6874,0.0,339.4906
2026-04-03T07:00:00,0.0,489.4032,1583503.92,-2987.05,97.4186,0.0,9.5074,0,0,0.0,18158.6283,0.0,0.0,0.0,0.0,0.0,0.0,0.0,339.6874,339.6874,3305.6952,3307.6174,0.0,339.6874,339.6874,339.6874,0.0,339.4906,339.4906
2026-04-03T13:00:00,0.0,489.3758,1574601.03,-8902.89,96.8709,0.0,9.3863,0,0,0.0,0.0,18158.6283,0.0,0.0,0.0,0.0,0.0,339.6874,339.6874,3305.6952,3307.6174,0.0,339.6874,339.6874,339.6874,0.0,339.4906,339.4906,3303.7271
2026-04-03T19:00:00,339.6874,489.3783,1574601.03,0.0,96.8709,0.0,9.2667,0,0,0.0,0.0,0.0,0.0,0.0,0.0,0.0,0.0,339.6874,3305.6952,3307.6174,0.0,339.6874,339.6874,339.6874,0.0,339.4906,339.4906,3303.7271,0.0
2026-04-04T01:00:00,339.6874,489.3795,1574601.03,0.0,96.8709,0.0,9.1486,0,0,0.0,339.6874,0.0,0.0,0.0,0.0,0.0,0.0,3305.6952,3307.6174,0.0,339.6874,339.6874,339.6874,0.0,339.4906,339.4906,3303.7271,0.0,339.2963
2026-04-04T07:00:00,3305.6952,489.3835,1577566.83,2965.81,97.0533,0.0,9.0321,0,0,0.0,339.6874,339.6874,0.0,0.0,0.0,0.0,0.0,3307.6174,0.0,339.6874,339.6874,339.6874,0.0,339.4906,339.4906,3303.7271,0.0,339.2963,3301.8
2026-04-04T13:00:00,3307.6174,489.3905,1580534.36,2967.53,97.2359,0.0,8.917,0,0,0.0,3305.6952,339.6874,0.0,0.0,0.0,0.0,0.0,0.0,339.6874,339.6874,339.6874,0.0,339.4906,339.4906,3303.7271,0.0,339.2963,3301.8,339.4906
2026-04-04T19:00:00,0.0,489.372,1574601.03,-5933.33,96.8709,0.0,8.8034,0,0,0.0,3307.6174,3305.6952,0.0,0.0,0.0,0.0,0.0,339.6874,339.6874,339.6874,0.0,339.4906,339.4906,3303.7271,0.0,339.2963,3301.8,339.4906,0.0
2026-04-05T01:00:00,339.6874,489.379,1574601.03,0.0,96.8709,0.0,8.6912,0,0,0.0,0.0,3307.6174,0.0,0.0,0.0,0.0,0.0,339.6874,339.6874,0.0,339.4906,339.4906,3303.7271,0.0,339.2963,3301.8,339.4906,0.0,0.0
2026-04-05T07:00:00,339.6874,489.3702,1574601.03,0.0,96.8709,0.0,8.5805,0,0,0.0,339.6874,0.0,0.0,0.0,0.0,0.0,0.0,339.6874,0.0,339.4906,339.4906,3303.7271,0.0,339.2963,3301.8,339.4906,0.0,0.0,0.0
2026-04-05T13:00:00,339.6874,489.3785,1574601.03,0.0,96.8709,0.0,8.4711,0,0,0.0,339.6874,339.6874,0.0,0.0,0.0,0.0,0.0,0.0,339.4906,339.4906,3303.7271,0.0,339.2963,3301.8,339.4906,0.0,0.0,0.0,338.7275
2026-04-05T19:00:00,0.0,489.3693,1571636.99,-2964.04,96.6885,0.0,8.3632,0,0,0.0,339.6874,339.6874,0.0,0.0,0.0,0.0,0.0,339.4906,339.4906,3303.7271,0.0,339.2963,3301.8,339.4906,0.0,0.0,0.0,338.7275,0.0
2026-04-06T01:00:00,339.4906,489.3648,1571636.99,0.0,96.6885,0.0,8.2566,0,0,0.0,0.0,339.6874,0.0,0.0,0.0,0.0,0.0,339.4906,3303.7271,0.0,339.2963,3301.8,339.4906,0.0,0.0,0.0,338.7275,0.0,338.0009
2026-04-06T07:00:00,339.4906,489.3627,1571636.99,0.0,96.6885,0.0,8.1514,0,0,0.0,339.4906,0.0,0.0,0.0,0.0,0.0,0.0,3303.7271,0.0,339.2963,3301.8,339.4906,0.0,0.0,0.0,338.7275,0.0,338.0009,0.0
2026-04-06T13:00:00,3303.7271,489.3767,1574601.03,2964.04,96.8709,0.0,8.0476,0,0,0.0,339.4906,339.4906,0.0,0.0,0.0,0.0,0.0,0.0,339.2963,3301.8,339.4906,0.0,0.0,0.0,338.7275,0.0,338.0009,0.0,337.8248
2026-04-06T19:00:00,0.0,489.3578,1568674.68,-5926.35,96.5063,0.0,7.945,0,0,0.0,3303.7271,339.4906,0.0,0.0,0.0,0.0,0.0,339.2963,3301.8,339.4906,0.0,0.0,0.0,338.7275,0.0,338.0009,0.0,337.8248,0.0
2026-04-07T01:00:00,339.2963,489.3568,1568674.68,0.0,96.5063,0.0,7.8438,0,0,0.0,0.0,3303.7271,0.0,0.0,0.0,0.0,0.0,3301.8,339.4906,0.0,0.0,0.0,338.7275,0.0,338.0009,0.0,337.8248,0.0,337.3109
2026-04-07T07:00:00,3301.8,489.3602,1571636.99,2962.31,96.6885,0.0,7.7439,0,0,0.0,339.2963,0.0,0.0,0.0,0.0,0.0,0.0,339.4906,0.0,0.0,0.0,338.7275,0.0,338.0009,0.0,337.8248,0.0,337.3109,0.0
2026-04-07T13:00:00,339.4906,489.3638,1571636.99,0.0,96.6885,0.0,7.6452,0,0,0.0,3301.8,339.2963,0.0,0.0,0.0,0.0,0.0,0.0,0.0,0.0,338.7275,0.0,338.0009,0.0,337.8248,0.0,337.3109,0.0,0.0
2026-04-07T19:00:00,0.0,489.3448,1565714.02,-5922.97,96.3241,0.0,7.5478,0,0,0.0,339.4906,3301.8,0.0,0.0,0.0,0.0,0.0,0.0,0.0,338.7275,0.0,338.0009,0.0,337.8248,0.0,337.3109,0.0,0.0,0.0
2026-04-08T01:00:00,0.0,489.3385,1562755.0,-2959.02,96.1421,0.0,7.4516,0,0,0.0,0.0,339.4906,0.0,0.0,0.0,0.0,0.0,0.0,338.7275,0.0,338.0009,0.0,337.8248,0.0,337.3109,0.0,0.0,0.0,2697.6605
2026-04-08T07:00:00,0.0,489.3225,1559797.59,-2957.41,95.9602,0.0,7.3567,0,0,0.0,0.0,0.0,0.0,0.0,0.0,0.0,0.0,338.7275,0.0,338.0009,0.0,337.8248,0.0,337.3109,0.0,0.0,0.0,2697.6605,0.0
2026-04-08T13:00:00,338.7275,489.3248,1559797.59,0.0,95.9602,0.0,7.2629,0,0,0.0,0.0,0.0,0.0,0.0,0.0,0.0,0.0,0.0,338.0009,0.0,337.8248,0.0,337.3109,0.0,0.0,0.0,2697.6605,0.0,5630.6991
2026-04-08T19:00:00,0.0,489.2838,1547983.88,-11813.71,95.2334,0.0,7.1704,0,0,0.0,338.7275,0.0,0.0,0.0,0.0,0.0,0.0,338.0009,0.0,337.8248,0.0,337.3109,0.0,0.0,0.0,2697.6605,0.0,5630.6991,0.0
2026-04-09T01:00:00,338.0009,489.2898,1547983.88,0.0,95.2334,0.0,7.079,0,0,0.0,0.0,338.7275,0.0,0.0,0.0,0.0,0.0,0.0,337.8248,0.0,337.3109,0.0,0.0,0.0,2697.6605,0.0,5630.6991,0.0,0.0
2026-04-09T07:00:00,0.0,489.2773,1545034.36,-2949.52,95.0519,0.0,6.9888,0,0,0.0,338.0009,0.0,0.0,0.0,0.0,0.0,0.0,337.8248,0.0,337.3109,0.0,0.0,0.0,2697.6605,0.0,5630.6991,0.0,0.0,0.0
2026-04-09T13:00:00,337.8248,489.2743,1545034.36,0.0,95.0519,0.0,6.8998,0,0,0.0,0.0,338.0009,0.0,0.0,0.0,0.0,0.0,0.0,337.3109,0.0,0.0,0.0,2697.6605,0.0,5630.6991,0.0,0.0,0.0,5624.6976
2026-04-09T19:00:00,0.0,489.2438,1536194.84,-8839.52,94.5081,0.0,6.8119,0,0,0.0,337.8248,0.0,0.0,0.0,0.0,0.0,0.0,337.3109,0.0,0.0,0.0,2697.6605,0.0,5630.6991,0.0,0.0,0.0,5624.6976,0.0
2026-04-10T01:00:00,337.3109,489.2443,1536194.84,0.0,94.5081,0.0,6.7251,0,0,0.0,0.0,337.8248,0.0,0.0,0.0,0.0,0.0,0.0,0.0,0.0,2697.6605,0.0,5630.6991,0.0,0.0,0.0,5624.6976,0.0,0.0
2026-04-10T07:00:00,0.0,489.2345,1533251.23,-2943.61,94.327,0.0,6.6394,0,0,0.0,337.3109,0.0,0.0,0.0,0.0,0.0,0.0,0.0,0.0,2697.6605,0.0,5630.6991,0.0,0.0,0.0,5624.6976,0.0,0.0,0.0
2026-04-10T13:00:00,0.0,489.2245,1530308.98,-2942.25,94.146,0.0,6.5548,1,9446.4,0.0,0.0,337.3109,0.0,0.0,0.0,0.0,0.0,0.0,2697.6605,0.0,5630.6991,0.0,0.0,0.0,5624.6976,0.0,0.0,0.0,5619.8806
2026-04-10T19:00:00,0.0,489.1975,1521494.77,-8814.21,93.6037,0.0,6.4713,1,9446.4,0.0,0.0,0.0,0.0,0.0,0.0,0.0,0.0,2697.6605,0.0,5630.6991,0.0,0.0,0.0,5624.6976,0.0,0.0,0.0,5619.8806,0.0
2026-04-11T01:00:00,2697.6605,489.1927,1521494.77,0.0,93.6037,0.0,6.3888,1,9446.4,0.0,0.0,0.0,0.0,0.0,0.0,0.0,0.0,0.0,5630.6991,0.0,0.0,0.0,5624.6976,0.0,0.0,0.0,5619.8806,0.0,0.0
2026-04-11T07:00:00,0.0,489.1822,1518561.73,-2933.04,93.4233,0.0,6.3074,1,9446.4,0.0,2697.6605,0.0,0.0,0.0,0.0,0.0,0.0,5630.6991,0.0,0.0,0.0,5624.6976,0.0,0.0,0.0,5619.8806,0.0,0.0,5617.0838
2026-04-11T13:00:00,5630.6991,489.1923,1521494.77,2933.04,93.6037,0.0,6.2271,1,9446.4,0.0,0.0,2697.6605,0.0,0.0,0.0,0.0,0.0,0.0,0.0,0.0,5624.6976,0.0,0.0,0.0,5619.8806,0.0,0.0,5617.0838,0.0
2026-04-11T19:00:00,0.0,489.155,1509768.13,-11726.64,92.8823,0.0,6.1477,1,9446.4,0.0,5630.6991,0.0,0.0,0.0,0.0,0.0,0.0,0.0,0.0,5624.6976,0.0,0.0,0.0,5619.8806,0.0,0.0,5617.0838,0.0,0.0
2026-04-12T01:00:00,0.0,489.1392,1503910.11,-5858.02,92.5219,0.0,6.0694,1,9446.4,0.0,0.0,5630.6991,0.0,0.0,0.0,0.0,0.0,0.0,5624.6976,0.0,0.0,0.0,5619.8806,0.0,0.0,5617.0838,0.0,0.0,0.0
2026-04-12T07:00:00,0.0,489.1298,1500982.45,-2927.66,92.3418,0.0,5.9921,1,9446.4,0.0,0.0,0.0,0.0,0.0,0.0,0.0,0.0,5624.6976,0.0,0.0,0.0,5619.8806,0.0,0.0,5617.0838,0.0,0.0,0.0,5614.2991
2026-04-12T13:00:00,5624.6976,489.134,1503910.11,2927.66,92.5219,0.0,5.9157,1,9446.4,0.0,0.0,0.0,0.0,0.0,0.0,0.0,0.0,0.0,0.0,0.0,5619.8806,0.0,0.0,5617.0838,0.0,0.0,0.0,5614.2991,5615.2064
2026-04-12T19:00:00,0.0,489.103,1495129.73,-8780.38,91.9817,0.0,5.8403,1,9446.4,0.0,5624.6976,0.0,0.0,0.0,0.0,0.0,0.0,0.0,0.0,5619.8806,0.0,0.0,5617.0838,0.0,0.0,0.0,5614.2991,5615.2064,0.0
2026-04-13T01:00:00,0.0,489.0882,1489280.51,-5849.23,91.6219,0.0,5.7659,1,9446.4,0.0,0.0,5624.6976,0.0,0.0,0.0,0.0,0.0,0.0,5619.8806,0.0,0.0,5617.0838,0.0,0.0,0.0,5614.2991,5615.2064,0.0,2695.5652
2026-04-13T07:00:00,0.0,489.0768,1486357.16,-2923.35,91.442,0.0,5.6925,1,9446.4,0.0,0.0,0.0,0.0,0.0,0.0,0.0,0.0,5619.8806,0.0,0.0,5617.0838,0.0,0.0,0.0,5614.2991,5615.2064,0.0,2695.5652,2695.5652
2026-04-13T13:00:00,5619.8806,489.0802,1489280.51,2923.35,91.6219,0.0,5.6199,1,9446.4,0.0,0.0,0.0,0.0,0.0,0.0,0.0,0.0,0.0,0.0,5617.0838,0.0,0.0,0.0,5614.2991,5615.2064,0.0,2695.5652,2695.5652,0.0
2026-04-13T19:00:00,0.0,489.063,1483434.61,-5845.9,91.2622,0.0,5.5483,1,9446.4,0.0,5619.8806,0.0,0.0,0.0,0.0,0.0,0.0,0.0,5617.0838,0.0,0.0,0.0,5614.2991,5615.2064,0.0,2695.5652,2695.5652,0.0,0.0
2026-04-14T01:00:00,0.0,489.0487,1477592.14,-5842.47,90.9028,0.0,5.4776,1,9446.4,0.0,0.0,5619.8806,0.0,0.0,0.0,0.0,0.0,5617.0838,0.0,0.0,0.0,5614.2991,5615.2064,0.0,2695.5652,2695.5652,0.0,0.0,0.0
2026-04-14T07:00:00,5617.0838,489.0535,1480512.99,2920.85,91.0825,0.0,5.4078,1,9446.4,0.0,0.0,0.0,0.0,0.0,0.0,0.0,0.0,0.0,0.0,0.0,5614.2991,5615.2064,0.0,2695.5652,2695.5652,0.0,0.0,0.0,0.0
2026-04-14T13:00:00,0.0,489.0488,1477592.14,-2920.85,90.9028,0.0,5.3389,1,9446.4,0.0,5617.0838,0.0,0.0,0.0,0.0,0.0,0.0,0.0,0.0,5614.2991,5615.2064,0.0,2695.5652,2695.5652,0.0,0.0,0.0,0.0,5604.5261
2026-04-14T19:00:00,0.0,489.0228,1471753.02,-5839.13,90.5436,0.0,5.2709,1,9446.4,0.0,0.0,5617.0838,0.0,0.0,0.0,0.0,0.0,0.0,5614.2991,5615.2064,0.0,2695.5652,2695.5652,0.0,0.0,0.0,0.0,5604.5261,0.0
2026-04-15T01:00:00,0.0,489.0137,1468834.66,-2918.35,90.364,0.0,5.2037,1,9446.4,0.0,0.0,0.0,0.0,0.0,0.0,0.0,0.0,5614.2991,5615.2064,0.0,2695.5652,2695.5652,0.0,0.0,0.0,0.0,5604.5261,0.0,0.0
2026-04-15T07:00:00,5614.2991,489.0247,1471753.02,2918.35,90.5436,0.0,5.1374,1,9446.4,0.0,0.0,0.0,0.0,0.0,0.0,0.0,0.0,5615.2064,0.0,2695.5652,2695.5652,0.0,0.0,0.0,0.0,5604.5261,0.0,0.0,8510.0574
2026-04-15T13:00:00,5615.2064,489.0373,1474672.18,2919.16,90.7232,0.0,5.072,1,9446.4,0.0,5614.2991,0.0,0.0,0.0,0.0,0.0,0.0,0.0,2695.5652,2695.5652,0.0,0.0,0.0,0.0,5604.5261,0.0,0.0,8510.0574,0.0
2026-04-15T19:00:00,0.0,488.9892,1460084.49,-14587.69,89.8257,0.0,5.0074,1,9446.4,0.0,5615.2064,5614.2991,0.0,0.0,0.0,0.0,0.0,2695.5652,2695.5652,0.0,0.0,0.0,0.0,5604.5261,0.0,0.0,8510.0574,0.0,0.0
2026-04-16T01:00:00,2695.5652,488.9847,1460084.49,0.0,89.8257,0.0,4.9436,1,9446.4,0.0,0.0,5615.2064,0.0,0.0,0.0,0.0,0.0,2695.5652,0.0,0.0,0.0,0.0,5604.5261,0.0,0.0,8510.0574,0.0,0.0,0.0
2026-04-16T07:00:00,2695.5652,488.9865,1460084.49,0.0,89.8257,0.0,4.8806,1,9446.4,0.0,2695.5652,0.0,0.0,0.0,0.0,0.0,0.0,0.0,0.0,0.0,0.0,5604.5261,0.0,0.0,8510.0574,0.0,0.0,0.0,332.5894
2026-04-16T13:00:00,0.0,488.9742,1457169.38,-2915.1,89.6464,0.0,4.8184,1,9446.4,0.0,2695.5652,2695.5652,0.0,0.0,0.0,0.0,0.0,0.0,0.0,0.0,5604.5261,0.0,0.0,8510.0574,0.0,0.0,0.0,332.5894,9047.6352
2026-04-16T19:00:00,0.0,488.942,1448428.87,-8740.51,89.1087,0.0,4.757,1,9446.4,0.0,0.0,2695.5652,0.0,0.0,0.0,0.0,0.0,0.0,0.0,5604.5261,0.0,0.0,8510.0574,0.0,0.0,0.0,332.5894,9047.6352,332.861
2026-04-17T01:00:00,0.0,488.9238,1442605.72,-5823.16,88.7504,0.0,4.6964,1,9446.4,0.0,0.0,0.0,0.0,0.0,0.0,0.0,0.0,0.0,5604.5261,0.0,0.0,8510.0574,0.0,0.0,0.0,332.5894,9047.6352,332.861,0.0
2026-04-17T07:00:00,0.0,488.9023,1436785.67,-5820.04,88.3924,0.0,4.6365,1,9446.4,0.0,0.0,0.0,0.0,0.0,0.0,0.0,0.0,5604.5261,0.0,0.0,8510.0574,0.0,0.0,0.0,332.5894,9047.6352,332.861,0.0,0.0
2026-04-17T13:00:00,5604.5261,488.9173,1439695.28,2909.61,88.5714,0.0,4.5775,1,9446.4,0.0,0.0,0.0,0.0,0.0,0.0,0.0,0.0,0.0,0.0,8510.0574,0.0,0.0,0.0,332.5894,9047.6352,332.861,0.0,0.0,9050.0438
2026-04-17T19:00:00,0.0,488.8975,1433876.88,-5818.4,88.2134,0.0,4.5191,1,9446.4,0.0,5604.5261,0.0,0.0,0.0,0.0,0.0,0.0,0.0,8510.0574,0.0,0.0,0.0,332.5894,9047.6352,332.861,0.0,0.0,9050.0438,0.0
2026-04-18T01:00:00,0.0,488.878,1428061.56,-5815.32,87.8556,0.0,4.4616,1,9446.4,0.0,0.0,5604.5261,0.0,0.0,0.0,0.0,0.0,8510.0574,0.0,0.0,0.0,332.5894,9047.6352,332.861,0.0,0.0,9050.0438,0.0,0.0
2026-04-18T07:00:00,8510.0574,488.891,1433876.88,5815.32,88.2134,0.0,4.4047,1,9446.4,0.0,0.0,0.0,0.0,0.0,0.0,0.0,0.0,0.0,0.0,0.0,332.5894,9047.6352,332.861,0.0,0.0,9050.0438,0.0,0.0,332.5894
2026-04-18T13:00:00,0.0,488.877,1428061.56,-5815.32,87.8556,0.0,4.3486,0,0,0.0,8510.0574,0.0,0.0,0.0,0.0,0.0,0.0,0.0,0.0,332.5894,9047.6352,332.861,0.0,0.0,9050.0438,0.0,0.0,332.5894,9047.6352
2026-04-18T19:00:00,0.0,488.8545,1422249.4,-5812.16,87.4981,0.0,4.2932,0,0,0.0,0.0,8510.0574,0.0,0.0,0.0,0.0,0.0,0.0,332.5894,9047.6352,332.861,0.0,0.0,9050.0438,0.0,0.0,332.5894,9047.6352,0.0
2026-04-19T01:00:00,0.0,488.8345,1416440.29,-5809.1,87.1407,0.0,4.2385,0,0,0.0,0.0,0.0,0.0,0.0,0.0,0.0,0.0,332.5894,9047.6352,332.861,0.0,0.0,9050.0438,0.0,0.0,332.5894,9047.6352,0.0,0.0
2026-04-19T07:00:00,332.5894,488.8352,1416440.29,0.0,87.1407,0.0,4.1845,0,0,0.0,0.0,0.0,0.0,0.0,0.0,0.0,0.0,9047.6352,332.861,0.0,0.0,9050.0438,0.0,0.0,332.5894,9047.6352,0.0,0.0,332.5894
2026-04-19T13:00:00,9047.6352,488.8645,1425155.07,8714.77,87.6768,0.0,4.1312,0,0,0.0,332.5894,0.0,0.0,0.0,0.0,0.0,0.0,332.861,0.0,0.0,9050.0438,0.0,0.0,332.5894,9047.6352,0.0,0.0,332.5894,6141.8732
2026-04-19T19:00:00,332.861,488.8643,1425155.07,0.0,87.6768,0.0,4.0785,0,0,0.0,9047.6352,332.5894,0.0,0.0,0.0,0.0,0.0,0.0,0.0,9050.0438,0.0,0.0,332.5894,9047.6352,0.0,0.0,332.5894,6141.8732,332.7703
2026-04-20T01:00:00,0.0,488.8507,1422249.4,-2905.67,87.4981,0.0,4.0266,0,0,0.0,332.861,9047.6352,0.0,0.0,0.0,0.0,0.0,0.0,9050.0438,0.0,0.0,332.5894,9047.6352,0.0,0.0,332.5894,6141.8732,332.7703,0.0
2026-04-20T07:00:00,0.0,488.8413,1419344.47,-2904.93,87.3194,0.0,3.9753,0,0,0.0,0.0,332.861,0.0,0.0,0.0,0.0,0.0,9050.0438,0.0,0.0,332.5894,9047.6352,0.0,0.0,332.5894,6141.8732,332.7703,0.0,0.0
2026-04-20T13:00:00,9050.0438,488.8728,1428061.56,8717.09,87.8556,0.0,3.9246,0,0,0.0,0.0,0.0,0.0,0.0,0.0,0.0,0.0,0.0,0.0,332.5894,9047.6352,0.0,0.0,332.5894,6141.8732,332.7703,0.0,0.0,6140.2254
2026-04-20T19:00:00,0.0,488.8612,1425155.07,-2906.49,87.6768,0.0,3.8746,0,0,0.0,9050.0438,0.0,0.0,0.0,0.0,0.0,0.0,0.0,332.5894,9047.6352,0.0,0.0,332.5894,6141.8732,332.7703,0.0,0.0,6140.2254,0.0
2026-04-21T01:00:00,0.0,488.8363,1416440.29,-8714.77,87.1407,0.0,3.8252,0,0,0.0,0.0,9050.0438,0.0,0.0,0.0,0.0,0.0,332.5894,9047.6352,0.0,0.0,332.5894,6141.8732,332.7703,0.0,0.0,6140.2254,0.0,0.0
2026-04-21T07:00:00,332.5894,488.833,1416440.29,0.0,87.1407,0.0,3.7765,0,0,0.0,0.0,0.0,0.0,0.0,0.0,0.0,0.0,9047.6352,0.0,0.0,332.5894,6141.8732,332.7703,0.0,0.0,6140.2254,0.0,0.0,332.4092
2026-04-21T13:00:00,9047.6352,488.8637,1425155.07,8714.77,87.6768,0.0,3.7284,0,0,0.0,332.5894,0.0,0.0,0.0,0.0,0.0,0.0,0.0,0.0,332.5894,6141.8732,332.7703,0.0,0.0,6140.2254,0.0,0.0,332.4092,3235.1571
2026-04-21T19:00:00,0.0,488.8552,1422249.4,-2905.67,87.4981,0.0,3.6809,0,0,0.0,9047.6352,332.5894,0.0,0.0,0.0,0.0,0.0,0.0,332.5894,6141.8732,332.7703,0.0,0.0,6140.2254,0.0,0.0,332.4092,3235.1571,3235.9599
2026-04-22T01:00:00,0.0,488.8363,1416440.29,-5809.1,87.1407,0.0,3.634,0,0,0.0,0.0,9047.6352,0.0,0.0,0.0,0.0,0.0,332.5894,6141.8732,332.7703,0.0,0.0,6140.2254,0.0,0.0,332.4092,3235.1571,3235.9599,0.0
2026-04-22T07:00:00,332.5894,488.8375,1416440.29,0.0,87.1407,0.0,3.5877,0,0,0.0,0.0,0.0,0.0,0.0,0.0,0.0,0.0,6141.8732,332.7703,0.0,0.0,6140.2254,0.0,0.0,332.4092,3235.1571,3235.9599,0.0,332.4993
2026-04-22T13:00:00,6141.8732,488.8552,1422249.4,5809.1,87.4981,0.0,3.542,0,0,0.0,332.5894,0.0,0.0,0.0,0.0,0.0,0.0,332.7703,0.0,0.0,6140.2254,0.0,0.0,332.4092,3235.1571,3235.9599,0.0,332.4993,0.0
2026-04-22T19:00:00,332.7703,488.8507,1422249.4,0.0,87.4981,0.0,3.4968,0,0,0.0,6141.8732,332.5894,0.0,0.0,0.0,0.0,0.0,0.0,0.0,6140.2254,0.0,0.0,332.4092,3235.1571,3235.9599,0.0,332.4993,0.0,3236.855
2026-04-23T01:00:00,0.0,488.8342,1416440.29,-5809.1,87.1407,0.0,3.4523,0,0,0.0,332.7703,6141.8732,0.0,0.0,0.0,0.0,0.0,0.0,6140.2254,0.0,0.0,332.4092,3235.1571,3235.9599,0.0,332.4993,0.0,3236.855,0.0
2026-04-23T07:00:00,0.0,488.8238,1413536.92,-2903.37,86.9621,0.0,3.4083,0,0,0.0,0.0,332.7703,0.0,0.0,0.0,0.0,0.0,6140.2254,0.0,0.0,332.4092,3235.1571,3235.9599,0.0,332.4993,0.0,3236.855,0.0,274.5143
2026-04-23T13:00:00,6140.2254,488.8427,1419344.47,5807.55,87.3194,0.0,3.3649,0,0,0.0,0.0,0.0,0.0,0.0,0.0,0.0,0.0,0.0,0.0,332.4092,3235.1571,3235.9599,0.0,332.4993,0.0,3236.855,0.0,274.5143,6141.8732
2026-04-23T19:00:00,0.0,488.8308,1416440.29,-2904.18,87.1407,1.2,4.522,0,0,0.0,6140.2254,0.0,0.0,0.0,1.2,1.2,1.2,0.0,332.4092,3235.1571,3235.9599,0.0,332.4993,0.0,3236.855,0.0,274.5143,6141.8732,0.0
2026-04-24T01:00:00,0.0,488.8177,1410634.26,-5806.03,86.7835,0.0,4.4644,0,0,0.0,0.0,6140.2254,1.2,0.0,1.2,1.2,1.2,332.4092,3235.1571,3235.9599,0.0,332.4993,0.0,3236.855,0.0,274.5143,6141.8732,0.0,0.0
2026-04-24T07:00:00,332.4092,488.8132,1410634.26,0.0,86.7835,0.0,4.4075,0,0,0.0,0.0,0.0,0.0,1.2,1.2,1.2,1.2,3235.1571,3235.9599,0.0,332.4993,0.0,3236.855,0.0,274.5143,6141.8732,0.0,0.0,332.3194
2026-04-24T13:00:00,3235.1571,488.8297,1413536.92,2902.66,86.9621,0.0,4.3513,0,0,0.0,332.4092,0.0,0.0,0.0,0.0,1.2,1.2,3235.9599,0.0,332.4993,0.0,3236.855,0.0,274.5143,6141.8732,0.0,0.0,332.3194,14849.754
2026-04-24T19:00:00,3235.9599,488.8323,1416440.29,2903.37,87.1407,0.0,4.2959,0,0,0.0,3235.1571,332.4092,0.0,0.0,0.0,1.2,1.2,0.0,332.4993,0.0,3236.855,0.0,274.5143,6141.8732,0.0,0.0,332.3194,14849.754,0.0
2026-04-25T01:00:00,0.0,488.8205,1413536.92,-2903.37,86.9621,0.0,4.2411,0,0,0.0,3235.9599,3235.1571,0.0,0.0,0.0,0.0,1.2,332.4993,0.0,3236.855,0.0,274.5143,6141.8732,0.0,0.0,332.3194,14849.754,0.0,0.0
2026-04-25T07:00:00,332.4993,488.8213,1413536.92,0.0,86.9621,0.0,4.1871,0,0,0.0,0.0,3235.9599,0.0,0.0,0.0,0.0,1.2,0.0,3236.855,0.0,274.5143,6141.8732,0.0,0.0,332.3194,14849.754,0.0,0.0,332.5894
2026-04-25T13:00:00,0.0,488.8353,1416440.29,2903.37,87.1407,25.2,29.3338,0,0,0.0,332.4993,0.0,0.0,0.0,25.2,25.2,25.2,3236.855,0.0,274.5143,6141.8732,0.0,0.0,332.3194,14849.754,0.0,0.0,332.5894,3236.855
2026-04-25T19:00:00,3236.855,488.8402,1419344.47,2904.18,87.3194,0.0,28.96,0,0,0.0,0.0,332.4993,25.2,0.0,25.2,25.2,25.2,0.0,274.5143,6141.8732,0.0,0.0,332.3194,14849.754,0.0,0.0,332.5894,3236.855,0.0
2026-04-26T01:00:00,0.0,488.8352,1416440.29,-2904.18,87.1407,0.4,28.991,0,0,0.0,3236.855,0.0,0.0,25.2,25.599999999999998,25.599999999999998,25.599999999999998,274.5143,6141.8732,0.0,0.0,332.3194,14849.754,0.0,0.0,332.5894,3236.855,0.0,0.0
2026-04-26T07:00:00,274.5143,488.8342,1416440.29,0.0,87.1407,0.2,28.8216,0,0,0.0,0.0,3236.855,0.4,0.0,0.6000000000000001,25.799999999999997,25.799999999999997,6141.8732,0.0,0.0,332.3194,14849.754,0.0,0.0,332.5894,3236.855,0.0,0.0,332.4092
2026-04-26T13:00:00,6141.8732,488.8592,1422249.4,5809.1,87.4981,0.0,28.4544,0,0,0.0,274.5143,0.0,0.2,0.4,0.6000000000000001,25.799999999999997,25.799999999999997,0.0,0.0,332.3194,14849.754,0.0,0.0,332.5894,3236.855,0.0,0.0,332.4092,6138.6177
2026-04-26T19:00:00,0.0,488.8283,1413536.92,-8712.47,86.9621,0.0,28.0918,0,0,0.0,6141.8732,274.5143,0.0,0.2,0.2,0.6000000000000001,25.799999999999997,0.0,332.3194,14849.754,0.0,0.0,332.5894,3236.855,0.0,0.0,332.4092,6138.6177,0.0
2026-04-27T01:00:00,0.0,488.8047,1407732.41,-5804.51,86.605,0.2,27.9339,0,0,0.0,0.0,6141.8732,0.0,0.0,0.2,0.8,25.999999999999996,332.3194,14849.754,0.0,0.0,332.5894,3236.855,0.0,0.0,332.4092,6138.6177,0.0,332.4993
2026-04-27T07:00:00,332.3194,488.8097,1407732.41,0.0,86.605,0.0,27.578,0,0,0.0,0.0,0.0,0.2,0.0,0.2,0.4,0.8,14849.754,0.0,0.0,332.5894,3236.855,0.0,0.0,332.4092,6138.6177,0.0,332.4993,0.0
2026-04-27T13:00:00,14849.754,488.854,1422249.4,14516.98,87.4981,0.0,27.2266,0,0,0.0,332.3194,0.0,0.0,0.2,0.2,0.2,0.8,0.0,0.0,332.5894,3236.855,0.0,0.0,332.4092,6138.6177,0.0,332.4993,0.0,3235.1571
2026-04-27T19:00:00,0.0,488.8413,1419344.47,-2904.93,87.3194,0.0,26.8797,0,0,0.0,14849.754,332.3194,0.0,0.0,0.0,0.2,0.4,0.0,332.5894,3236.855,0.0,0.0,332.4092,6138.6177,0.0,332.4993,0.0,3235.1571,0.0
2026-04-28T01:00:00,0.0,488.8348,1416440.29,-2904.18,87.1407,0.0,26.5372,0,0,0.0,0.0,14849.754,0.0,0.0,0.0,0.2,0.2,332.5894,3236.855,0.0,0.0,332.4092,6138.6177,0.0,332.4993,0.0,3235.1571,0.0,0.0
2026-04-28T07:00:00,332.5894,488.8317,1416440.29,0.0,87.1407,0.0,26.1991,0,0,0.0,0.0,0.0,0.0,0.0,0.0,0.0,0.2,3236.855,0.0,0.0,332.4092,6138.6177,0.0,332.4993,0.0,3235.1571,0.0,0.0,313.6855
2026-04-28T13:00:00,3236.855,488.8437,1419344.47,2904.18,87.3194,0.0,25.8653,0,0,0.0,332.5894,0.0,0.0,0.0,0.0,0.0,0.2,0.0,0.0,332.4092,6138.6177,0.0,332.4993,0.0,3235.1571,0.0,0.0,313.6855,6118.3658
2026-04-28T19:00:00,0.0,488.8363,1416440.29,-2904.18,87.1407,0.0,25.5357,0,0,0.0,3236.855,332.5894,0.0,0.0,0.0,0.0,0.0,0.0,332.4092,6138.6177,0.0,332.4993,0.0,3235.1571,0.0,0.0,313.6855,6118.3658,0.0
2026-04-29T01:00:00,0.0,488.8153,1410634.26,-5806.03,86.7835,0.0,25.2104,0,0,0.0,0.0,3236.855,0.0,0.0,0.0,0.0,0.0,332.4092,6138.6177,0.0,332.4993,0.0,3235.1571,0.0,0.0,313.6855,6118.3658,0.0,0.0
2026-04-29T07:00:00,332.4092,488.8167,1410634.26,0.0,86.7835,0.0,24.8891,0,0,0.0,0.0,0.0,0.0,0.0,0.0,0.0,0.0,6138.6177,0.0,332.4993,0.0,3235.1571,0.0,0.0,313.6855,6118.3658,0.0,0.0,313.6855
2026-04-29T13:00:00,6138.6177,488.8337,1416440.29,5806.03,87.1407,0.0,24.572,0,0,0.0,332.4092,0.0,0.0,0.0,0.0,0.0,0.0,0.0,332.4993,0.0,3235.1571,0.0,0.0,313.6855,6118.3658,0.0,0.0,313.6855,6118.3658
2026-04-29T19:00:00,0.0,488.8273,1413536.92,-2903.37,86.9621,0.0,24.2589,0,0,0.0,6138.6177,332.4092,0.0,0.0,0.0,0.0,0.0,332.4993,0.0,3235.1571,0.0,0.0,313.6855,6118.3658,0.0,0.0,313.6855,6118.3658,0.0
2026-04-30T01:00:00,332.4993,488.821,1413536.92,0.0,86.9621,0.0,23.9498,0,0,0.0,0.0,6138.6177,0.0,0.0,0.0,0.0,0.0,0.0,3235.1571,0.0,0.0,313.6855,6118.3658,0.0,0.0,313.6855,6118.3658,0.0,0.0
2026-04-30T07:00:00,0.0,488.8143,1410634.26,-2902.66,86.7835,0.0,23.6447,0,0,0.0,332.4993,0.0,0.0,0.0,0.0,0.0,0.0,3235.1571,0.0,0.0,313.6855,6118.3658,0.0,0.0,313.6855,6118.3658,0.0,0.0,0.0
2026-04-30T13:00:00,3235.1571,488.8242,1413536.92,2902.66,86.9621,0.0,23.3434,0,0,0.0,0.0,332.4993,0.0,0.0,0.0,0.0,0.0,0.0,0.0,313.6855,6118.3658,0.0,0.0,313.6855,6118.3658,0.0,0.0,0.0,14819.3665
2026-04-30T19:00:00,0.0,488.8185,1410634.26,-2902.66,86.7835,0.0,23.046,0,0,0.0,3235.1571,0.0,0.0,0.0,0.0,0.0,0.0,0.0,313.6855,6118.3658,0.0,0.0,313.6855,6118.3658,0.0,0.0,0.0,14819.3665,0.0
2026-05-01T01:00:00,0.0,488.8072,1407732.41,-2901.85,86.605,0.0,22.7523,0,0,0.0,0.0,3235.1571,0.0,0.0,0.0,0.0,0.0,313.6855,6118.3658,0.0,0.0,313.6855,6118.3658,0.0,0.0,0.0,14819.3665,0.0,0.0
2026-05-01T07:00:00,313.6855,488.8018,1407732.41,0.0,86.605,0.0,22.4624,0,0,0.0,0.0,0.0,0.0,0.0,0.0,0.0,0.0,6118.3658,0.0,0.0,313.6855,6118.3658,0.0,0.0,0.0,14819.3665,0.0,0.0,313.3478
2026-05-01T13:00:00,6118.3658,488.8218,1413536.92,5804.51,86.9621,0.0,22.1762,0,0,0.0,313.6855,0.0,0.0,0.0,0.0,0.0,0.0,0.0,0.0,313.6855,6118.3658,0.0,0.0,0.0,14819.3665,0.0,0.0,313.3478,9012.2495
2026-05-01T19:00:00,0.0,488.8188,1410634.26,-2902.66,86.7835,0.0,21.8937,0,0,0.0,6118.3658,313.6855,0.0,0.0,0.0,0.0,0.0,0.0,313.6855,6118.3658,0.0,0.0,0.0,14819.3665,0.0,0.0,313.3478,9012.2495,313.6007
2026-05-02T01:00:00,0.0,488.807,1407732.41,-2901.85,86.605,0.0,21.6147,0,0,0.0,0.0,6118.3658,0.0,0.0,0.0,0.0,0.0,313.6855,6118.3658,0.0,0.0,0.0,14819.3665,0.0,0.0,313.3478,9012.2495,313.6007,0.0
2026-05-02T07:00:00,313.6855,488.8093,1407732.41,0.0,86.605,0.0,21.3393,0,0,0.0,0.0,0.0,0.0,0.0,0.0,0.0,0.0,6118.3658,0.0,0.0,0.0,14819.3665,0.0,0.0,313.3478,9012.2495,313.6007,0.0,4199.0371
2026-05-02T13:00:00,6118.3658,488.8223,1413536.92,5804.51,86.9621,0.0,21.0674,0,0,0.0,313.6855,0.0,0.0,0.0,0.0,0.0,0.0,0.0,0.0,0.0,14819.3665,0.0,0.0,313.3478,9012.2495,313.6007,0.0,4199.0371,6116.7317
2026-05-02T19:00:00,0.0,488.8148,1410634.26,-2902.66,86.7835,0.0,20.799,0,0,0.0,6118.3658,313.6855,0.0,0.0,0.0,0.0,0.0,0.0,0.0,14819.3665,0.0,0.0,313.3478,9012.2495,313.6007,0.0,4199.0371,6116.7317,952.1825
2026-05-03T01:00:00,0.0,488.7912,1404831.3,-5802.96,86.4265,0.0,20.534,0,0,0.0,0.0,6118.3658,0.0,0.0,0.0,0.0,0.0,0.0,14819.3665,0.0,0.0,313.3478,9012.2495,313.6007,0.0,4199.0371,6116.7317,952.1825,0.0
2026-05-03T07:00:00,0.0,488.7768,1399031.41,-5799.89,86.0697,0.0,20.2724,0,0,0.0,0.0,0.0,0.0,0.0,0.0,0.0,0.0,14819.3665,0.0,0.0,313.3478,9012.2495,313.6007,0.0,4199.0371,6116.7317,952.1825,0.0,139.5593
2026-05-03T13:00:00,14819.3665,488.8218,1413536.92,14505.51,86.9621,0.0,20.0141,0,0,0.0,0.0,0.0,0.0,0.0,0.0,0.0,0.0,0.0,0.0,313.3478,9012.2495,313.6007,0.0,4199.0371,6116.7317,952.1825,0.0,139.5593,6116.7317
2026-05-03T19:00:00,0.0,488.7993,1404831.3,-8705.62,86.4265,0.0,19.7591,0,0,0.0,14819.3665,0.0,0.0,0.0,0.0,0.0,0.0,0.0,313.3478,9012.2495,313.6007,0.0,4199.0371,6116.7317,952.1825,0.0,139.5593,6116.7317,0.0
2026-05-04T01:00:00,0.0,488.7673,1396132.65,-8698.65,85.8913,0.0,19.5073,0,0,0.0,0.0,14819.3665,0.0,0.0,0.0,0.0,0.0,313.3478,9012.2495,313.6007,0.0,4199.0371,6116.7317,952.1825,0.0,139.5593,6116.7317,0.0,0.0
2026-05-04T07:00:00,313.3478,488.766,1396132.65,0.0,85.8913,0.0,19.2587,0,0,0.0,0.0,0.0,0.0,0.0,0.0,0.0,0.0,9012.2495,313.6007,0.0,4199.0371,6116.7317,952.1825,0.0,139.5593,6116.7317,0.0,0.0,313.6007
2026-05-04T13:00:00,9012.2495,488.7993,1404831.3,8698.65,86.4265,0.0,19.0134,0,0,0.0,313.3478,0.0,0.0,0.0,0.0,0.0,0.0,313.6007,0.0,4199.0371,6116.7317,952.1825,0.0,139.5593,6116.7317,0.0,0.0,313.6007,11922.9302
2026-05-04T19:00:00,313.6007,488.7958,1404831.3,0.0,86.4265,0.0,18.7711,0,0,0.0,9012.2495,313.3478,0.0,0.0,0.0,0.0,0.0,0.0,4199.0371,6116.7317,952.1825,0.0,139.5593,6116.7317,0.0,0.0,313.6007,11922.9302,1824.0282
2026-05-05T01:00:00,0.0,488.7738,1399031.41,-5799.89,86.0697,29.0,47.5319,0,0,0.0,313.6007,9012.2495,0.0,0.0,29.0,29.0,29.0,4199.0371,6116.7317,952.1825,0.0,139.5593,6116.7317,0.0,0.0,313.6007,11922.9302,1824.0282,0.0
2026-05-05T07:00:00,4199.0371,488.7963,1404831.3,5799.89,86.4265,6.6,53.5263,0,0,0.0,0.0,313.6007,29.0,0.0,35.6,35.6,35.6,6116.7317,952.1825,0.0,139.5593,6116.7317,0.0,0.0,313.6007,11922.9302,1824.0282,0.0,255.8656
2026-05-05T13:00:00,6116.7317,488.8168,1410634.26,5802.96,86.7835,0.0,52.8443,0,0,0.0,4199.0371,0.0,6.6,29.0,35.6,35.6,35.6,952.1825,0.0,139.5593,6116.7317,0.0,0.0,313.6007,11922.9302,1824.0282,0.0,255.8656,9028.9716
2026-05-05T19:00:00,952.1825,488.828,1413536.92,2902.66,86.9621,7.8,59.971,0,0,0.0,6116.7317,4199.0371,0.0,6.6,14.399999999999999,43.4,43.4,0.0,139.5593,6116.7317,0.0,0.0,313.6007,11922.9302,1824.0282,0.0,255.8656,9028.9716,3220.7763
2026-05-06T01:00:00,0.0,488.7958,1404831.3,-8705.62,86.4265,0.0,59.2069,0,0,0.0,952.1825,6116.7317,7.8,0.0,7.8,43.4,43.4,139.5593,6116.7317,0.0,0.0,313.6007,11922.9302,1824.0282,0.0,255.8656,9028.9716,3220.7763,0.0
2026-05-06T07:00:00,139.5593,488.7968,1404831.3,0.0,86.4265,0.6,59.0525,0,0,0.0,0.0,952.1825,0.0,7.8,8.4,14.999999999999998,44.0,6116.7317,0.0,0.0,313.6007,11922.9302,1824.0282,0.0,255.8656,9028.9716,3220.7763,0.0,3219.8686
2026-05-06T13:00:00,6116.7317,488.812,1410634.26,5802.96,86.7835,0.0,58.3001,0,0,0.0,139.5593,0.0,0.6,0.0,0.6,8.4,44.0,0.0,0.0,313.6007,11922.9302,1824.0282,0.0,255.8656,9028.9716,3220.7763,0.0,3219.8686,0.0
2026-05-06T19:00:00,0.0,488.8142,1410634.26,0.0,86.7835,2.0,59.5572,0,0,0.0,6116.7317,139.5593,0.0,0.6,2.6,10.4,17.0,0.0,313.6007,11922.9302,1824.0282,0.0,255.8656,9028.9716,3220.7763,0.0,3219.8686,0.0,6129.7789
2026-05-07T01:00:00,0.0,488.7985,1404831.3,-5802.96,86.4265,0.0,58.7984,0,0,0.0,0.0,6116.7317,2.0,0.0,2.0,2.6,10.4,313.6007,11922.9302,1824.0282,0.0,255.8656,9028.9716,3220.7763,0.0,3219.8686,0.0,6129.7789,0.0
2026-05-07T07:00:00,313.6007,488.7967,1404831.3,0.0,86.4265,0.0,58.0492,0,0,0.0,0.0,0.0,0.0,2.0,2.0,2.6,10.4,11922.9302,1824.0282,0.0,255.8656,9028.9716,3220.7763,0.0,3219.8686,0.0,6129.7789,0.0,4617.4083
2026-05-07T13:00:00,11922.9302,488.8397,1416440.29,11608.99,87.1407,0.0,57.3096,0,0,0.0,313.6007,0.0,0.0,0.0,0.0,2.0,2.6,1824.0282,0.0,255.8656,9028.9716,3220.7763,0.0,3219.8686,0.0,6129.7789,0.0,4617.4083,5900.2303
2026-05-07T19:00:00,1824.0282,488.8435,1419344.47,2904.18,87.3194,4.8,61.3794,0,0,0.0,11922.9302,313.6007,0.0,0.0,4.8,6.8,7.4,0.0,255.8656,9028.9716,3220.7763,0.0,3219.8686,0.0,6129.7789,0.0,4617.4083,5900.2303,0.0
2026-05-08T01:00:00,0.0,488.8387,1416440.29,-2904.18,87.1407,10.6,71.1973,0,0,0.0,1824.0282,11922.9302,4.8,0.0,15.399999999999999,15.399999999999999,17.4,255.8656,9028.9716,3220.7763,0.0,3219.8686,0.0,6129.7789,0.0,4617.4083,5900.2303,0.0,0.0
2026-05-08T07:00:00,255.8656,488.8352,1416440.29,0.0,87.1407,0.2,70.4902,0,0,0.0,0.0,1824.0282,10.6,4.8,15.599999999999998,15.599999999999998,17.599999999999998,9028.9716,3220.7763,0.0,3219.8686,0.0,6129.7789,0.0,4617.4083,5900.2303,0.0,0.0,1708.9261
2026-05-08T13:00:00,9028.9716,488.8635,1425155.07,8714.77,87.6768,0.0,69.592,0,0,0.0,255.8656,0.0,0.2,10.6,10.799999999999999,15.599999999999998,15.599999999999998,3220.7763,0.0,3219.8686,0.0,6129.7789,0.0,4617.4083,5900.2303,0.0,0.0,1708.9261,17798.8944
2026-05-08T19:00:00,3220.7763,488.8758,1428061.56,2906.49,87.8556,0.0,68.7053,0,0,0.0,9028.9716,255.8656,0.0,0.2,0.2,15.599999999999998,15.599999999999998,0.0,3219.8686,0.0,6129.7789,0.0,4617.4083,5900.2303,0.0,0.0,1708.9261,17798.8944,0.0
2026-05-09T01:00:00,0.0,488.8557,1422249.4,-5812.16,87.4981,0.0,67.8299,0,0,0.0,3220.7763,9028.9716,0.0,0.0,0.0,10.799999999999999,15.599999999999998,3219.8686,0.0,6129.7789,0.0,4617.4083,5900.2303,0.0,0.0,1708.9261,17798.8944,0.0,0.0
2026-05-09T07:00:00,3219.8686,488.866,1425155.07,2905.67,87.6768,0.0,66.9657,0,0,0.0,0.0,3220.7763,0.0,0.0,0.0,0.2,15.599999999999998,0.0,6129.7789,0.0,4617.4083,5900.2303,0.0,0.0,1708.9261,17798.8944,0.0,0.0,198.5649
2026-05-09T13:00:00,0.0,488.8777,1428061.56,2906.49,87.8556,11.8,77.9124,0,0,0.0,3219.8686,0.0,0.0,0.0,11.8,11.8,22.6,6129.7789,0.0,4617.4083,5900.2303,0.0,0.0,1708.9261,17798.8944,0.0,0.0,198.5649,6146.3841
2026-05-09T19:00:00,6129.7789,488.8933,1433876.88,5815.32,88.2134,0.0,76.9197,0,0,0.0,0.0,3219.8686,11.8,0.0,11.8,11.8,12.0,0.0,4617.4083,5900.2303,0.0,0.0,1708.9261,17798.8944,0.0,0.0,198.5649,6146.3841,0.0
2026-05-10T01:00:00,0.0,488.878,1428061.56,-5815.32,87.8556,16.0,91.9396,0,0,0.0,6129.7789,0.0,0.0,11.8,27.8,27.8,27.8,4617.4083,5900.2303,0.0,0.0,1708.9261,17798.8944,0.0,0.0,198.5649,6146.3841,0.0,36678.0882
2026-05-10T07:00:00,4617.4083,488.8908,1433876.88,5815.32,88.2134,5.2,95.9682,0,0,0.0,0.0,6129.7789,16.0,0.0,21.2,33.0,33.0,5900.2303,0.0,0.0,1708.9261,17798.8944,0.0,0.0,198.5649,6146.3841,0.0,36678.0882,14928.9068
2026-05-10T13:00:00,5900.2303,488.9117,1439695.28,5818.4,88.5714,0.8,95.5454,0,0,0.0,4617.4083,0.0,5.2,16.0,22.0,33.8,33.8,0.0,0.0,1708.9261,17798.8944,0.0,0.0,198.5649,6146.3841,0.0,36678.0882,14928.9068,17985.025
2026-05-10T19:00:00,0.0,488.9178,1439695.28,0.0,88.5714,24.0,118.328,0,0,0.0,5900.2303,4617.4083,0.8,5.2,30.0,46.0,57.8,0.0,1708.9261,17798.8944,0.0,0.0,198.5649,6146.3841,0.0,36678.0882,14928.9068,17985.025,0.0
2026-05-11T01:00:00,0.0,488.909,1436785.67,-2909.61,88.3924,2.2,119.0203,0,0,0.0,0.0,5900.2303,24.0,0.8,27.0,48.2,60.0,1708.9261,17798.8944,0.0,0.0,198.5649,6146.3841,0.0,36678.0882,14928.9068,17985.025,0.0,14542.2306
2026-05-11T07:00:00,1708.9261,488.9358,1445516.87,8731.2,88.9295,25.2,142.7039,0,0,0.0,0.0,0.0,2.2,24.0,51.4,57.400000000000006,73.4,17798.8944,0.0,0.0,198.5649,6146.3841,0.0,36678.0882,14928.9068,17985.025,0.0,14542.2306,6236.5252
2026-05-11T13:00:00,17798.8944,488.9947,1463000.44,17483.56,90.0051,0.0,140.8856,0,0,0.0,1708.9261,0.0,25.2,2.2,27.4,52.2,73.4,0.0,0.0,198.5649,6146.3841,0.0,36678.0882,14928.9068,17985.025,0.0,14542.2306,6236.5252,3280.9383
2026-05-11T19:00:00,0.0,488.9807,1460084.49,-2915.95,89.8257,0.0,139.0905,0,0,0.0,17798.8944,1708.9261,0.0,25.2,25.2,51.4,57.400000000000006,0.0,198.5649,6146.3841,0.0,36678.0882,14928.9068,17985.025,0.0,14542.2306,6236.5252,3280.9383,0.0
2026-05-12T01:00:00,0.0,488.9745,1457169.38,-2915.1,89.6464,12.8,150.1183,0,0,0.0,0.0,17798.8944,0.0,0.0,12.8,40.2,65.0,198.5649,6146.3841,0.0,36678.0882,14928.9068,17985.025,0.0,14542.2306,6236.5252,3280.9383,0.0,320.2768
2026-05-12T07:00:00,198.5649,488.9775,1457169.38,0.0,89.6464,0.4,148.6056,0,0,0.0,0.0,0.0,12.8,0.0,13.200000000000001,38.4,64.60000000000001,6146.3841,0.0,36678.0882,14928.9068,17985.025,0.0,14542.2306,6236.5252,3280.9383,0.0,320.2768,2690.1365
2026-05-12T13:00:00,6146.3841,488.9967,1463000.44,5831.05,90.0051,0.0,146.7121,0,0,0.0,198.5649,0.0,0.4,12.8,13.200000000000001,13.200000000000001,40.6,0.0,36678.0882,14928.9068,17985.025,0.0,14542.2306,6236.5252,3280.9383,0.0,320.2768,2690.1365,12070.3853
2026-05-12T19:00:00,0.0,489.0178,1468834.66,5834.22,90.364,29.4,174.2428,0,0,0.0,6146.3841,198.5649,0.0,0.4,29.799999999999997,42.6,67.8,36678.0882,14928.9068,17985.025,0.0,14542.2306,6236.5252,3280.9383,0.0,320.2768,2690.1365,12070.3853,0.0
2026-05-13T01:00:00,36678.0882,489.1627,1512698.45,43863.79,93.0626,25.6,197.6227,0,0,0.0,0.0,6146.3841,29.4,0.0,55.0,68.2,68.2,14928.9068,17985.025,0.0,14542.2306,6236.5252,3280.9383,0.0,320.2768,2690.1365,12070.3853,0.0,0.0
2026-05-13T07:00:00,14928.9068,489.2182,1527368.22,14669.77,93.9651,0.2,195.3047,0,0,0.0,36678.0882,0.0,25.6,29.4,55.2,55.6,68.4,17985.025,0.0,14542.2306,6236.5252,3280.9383,0.0,320.2768,2690.1365,12070.3853,0.0,0.0,320.8349
2026-05-13T13:00:00,17985.025,489.2742,1545034.36,17666.14,95.0519,0.0,192.8162,0,0,0.0,14928.9068,36678.0882,0.2,25.6,25.8,55.2,68.4,0.0,14542.2306,6236.5252,3280.9383,0.0,320.2768,2690.1365,12070.3853,0.0,0.0,320.8349,11578.5472
2026-05-13T19:00:00,0.0,489.262,1542086.36,-2948.0,94.8705,1.2,191.5595,0,0,0.0,17985.025,14928.9068,0.0,0.2,1.4,56.400000000000006,56.800000000000004,14542.2306,6236.5252,3280.9383,0.0,320.2768,2690.1365,12070.3853,0.0,0.0,320.8349,11578.5472,0.0
2026-05-14T01:00:00,14542.2306,489.3262,1559797.59,17711.23,95.9602,11.8,200.9187,0,0,0.0,0.0,17985.025,1.2,0.0,13.0,38.8,68.2,6236.5252,3280.9383,0.0,320.2768,2690.1365,12070.3853,0.0,0.0,320.8349,11578.5472,0.0,0.0
2026-05-14T07:00:00,6236.5252,489.3498,1565714.02,5916.43,96.3241,0.0,198.3587,0,0,0.0,14542.2306,0.0,11.8,1.2,13.0,13.200000000000001,68.2,3280.9383,0.0,320.2768,2690.1365,12070.3853,0.0,0.0,320.8349,11578.5472,0.0,0.0,9268.7445
2026-05-14T13:00:00,3280.9383,489.3518,1568674.68,2960.66,96.5063,0.0,195.8313,0,0,0.0,6236.5252,14542.2306,0.0,11.8,11.8,13.0,38.8,0.0,320.2768,2690.1365,12070.3853,0.0,0.0,320.8349,11578.5472,0.0,0.0,9268.7445,9239.6287
2026-05-14T19:00:00,0.0,489.3533,1568674.68,0.0,96.5063,11.0,204.3362,0,0,0.0,3280.9383,6236.5252,0.0,0.0,11.0,24.0,24.200000000000003,320.2768,2690.1365,12070.3853,0.0,0.0,320.8349,11578.5472,0.0,0.0,9268.7445,9239.6287,0.0
2026-05-15T01:00:00,320.2768,489.3535,1568674.68,0.0,96.5063,0.0,201.7326,0,0,0.0,0.0,3280.9383,11.0,0.0,11.0,22.8,24.0,2690.1365,12070.3853,0.0,0.0,320.8349,11578.5472,0.0,0.0,9268.7445,9239.6287,0.0,323.6543
2026-05-15T07:00:00,2690.1365,489.3643,1571636.99,2962.31,96.6885,2.0,201.1623,0,0,0.0,320.2768,0.0,0.0,11.0,13.0,13.0,26.0,12070.3853,0.0,0.0,320.8349,11578.5472,0.0,0.0,9268.7445,9239.6287,0.0,323.6543,323.6543
2026-05-15T13:00:00,12070.3853,489.409,1583503.92,11866.93,97.4186,0.4,198.9992,0,0,0.0,2690.1365,320.2768,2.0,0.0,2.4,13.4,25.2,0.0,0.0,320.8349,11578.5472,0.0,0.0,9268.7445,9239.6287,0.0,323.6543,323.6543,2951.1706
2026-05-15T19:00:00,0.0,489.3933,1580534.36,-2969.56,97.2359,0.0,196.4636,0,0,0.0,12070.3853,2690.1365,0.4,2.0,2.4,13.4,13.4,0.0,320.8349,11578.5472,0.0,0.0,9268.7445,9239.6287,0.0,323.6543,323.6543,2951.1706,6324.9749
2026-05-16T01:00:00,0.0,489.3892,1577566.83,-2967.53,97.0533,0.0,193.9604,0,0,0.0,0.0,12070.3853,0.0,0.4,0.4,2.4,13.4,320.8349,11578.5472,0.0,0.0,9268.7445,9239.6287,0.0,323.6543,323.6543,2951.1706,6324.9749,324.636
2026-05-16T07:00:00,320.8349,489.3855,1577566.83,0.0,97.0533,0.0,191.4891,0,0,0.0,0.0,0.0,0.0,0.0,0.0,2.4,13.4,11578.5472,0.0,0.0,9268.7445,9239.6287,0.0,323.6543,323.6543,2951.1706,6324.9749,324.636,324.636
2026-05-16T13:00:00,11578.5472,489.429,1589479.78,11912.94,97.7862,2.2,191.2492,0,0,0.0,320.8349,0.0,0.0,0.0,2.2,2.6,4.6,0.0,0.0,9268.7445,9239.6287,0.0,323.6543,323.6543,2951.1706,6324.9749,324.636,324.636,8194.6132
2026-05-16T19:00:00,0.0,489.4205,1589479.78,0.0,97.7862,3.6,192.4124,0,0,0.0,11578.5472,320.8349,2.2,0.0,5.800000000000001,5.800000000000001,8.2,0.0,9268.7445,9239.6287,0.0,323.6543,323.6543,2951.1706,6324.9749,324.636,324.636,8194.6132,12973.379
2026-05-17T01:00:00,0.0,489.396,1580534.36,-8945.42,97.2359,0.0,189.9608,0,0,0.0,0.0,11578.5472,3.6,2.2,5.800000000000001,5.800000000000001,6.2,9268.7445,9239.6287,0.0,323.6543,323.6543,2951.1706,6324.9749,324.636,324.636,8194.6132,12973.379,12395.6662
2026-05-17T07:00:00,9268.7445,489.4283,1589479.78,8945.42,97.7862,0.0,187.5404,0,0,0.0,0.0,0.0,0.0,3.6,3.6,5.800000000000001,5.800000000000001,9239.6287,0.0,323.6543,323.6543,2951.1706,6324.9749,324.636,324.636,8194.6132,12973.379,12395.6662,327.2042
2026-05-17T13:00:00,9239.6287,489.4578,1598455.47,8975.69,98.3384,0.2,185.3509,0,0,0.0,9268.7445,0.0,0.0,0.0,0.2,6.000000000000001,6.000000000000001,0.0,323.6543,323.6543,2951.1706,6324.9749,324.636,324.636,8194.6132,12973.379,12395.6662,327.2042,6381.0753
2026-05-17T19:00:00,0.0,489.4427,1595462.02,-2993.46,98.1543,0.0,182.9892,0,0,0.0,9239.6287,9268.7445,0.2,0.0,0.2,3.8000000000000003,6.000000000000001,323.6543,323.6543,2951.1706,6324.9749,324.636,324.636,8194.6132,12973.379,12395.6662,327.2042,6381.0753,0.0
2026-05-18T01:00:00,323.6543,489.4483,1595462.02,0.0,98.1543,0.0,180.6577,0,0,0.0,0.0,9239.6287,0.0,0.2,0.2,0.2,6.000000000000001,323.6543,2951.1706,6324.9749,324.636,324.636,8194.6132,12973.379,12395.6662,327.2042,6381.0753,0.0,3353.3729
2026-05-18T07:00:00,323.6543,489.4468,1595462.02,0.0,98.1543,0.0,178.3558,0,0,0.0,323.6543,0.0,0.0,0.0,0.0,0.2,3.8000000000000003,2951.1706,6324.9749,324.636,324.636,8194.6132,12973.379,12395.6662,327.2042,6381.0753,0.0,3353.3729,327.3799
2026-05-18T13:00:00,2951.1706,489.4898,1607444.59,11982.58,98.8914,31.2,207.2833,0,0,0.0,323.6543,323.6543,0.0,0.0,31.2,31.4,31.4,6324.9749,324.636,324.636,8194.6132,12973.379,12395.6662,327.2042,6381.0753,0.0,3353.3729,327.3799,9415.2014
2026-05-18T19:00:00,6324.9749,489.5037,1613444.93,6000.34,99.2606,0.0,204.6422,0,0,0.0,2951.1706,323.6543,31.2,0.0,31.2,31.2,31.4,324.636,324.636,8194.6132,12973.379,12395.6662,327.2042,6381.0753,0.0,3353.3729,327.3799,9415.2014,327.8768
2026-05-19T01:00:00,324.636,489.5033,1613444.93,0.0,99.2606,0.0,202.0348,0,0,0.0,6324.9749,2951.1706,0.0,31.2,31.2,31.2,31.4,324.636,8194.6132,12973.379,12395.6662,327.2042,6381.0753,0.0,3353.3729,327.3799,9415.2014,327.8768,0.0
2026-05-19T07:00:00,324.636,489.5015,1613444.93,0.0,99.2606,0.0,199.4606,0,0,0.0,324.636,6324.9749,0.0,0.0,0.0,31.2,31.2,8194.6132,12973.379,12395.6662,327.2042,6381.0753,0.0,3353.3729,327.3799,9415.2014,327.8768,0.0,327.5477
2026-05-19T13:00:00,8194.6132,489.5372,1622456.77,9011.84,99.815,3.8,200.7192,0,0,0.0,324.636,324.636,0.0,0.0,3.8,35.0,35.0,12973.379,12395.6662,327.2042,6381.0753,0.0,3353.3729,327.3799,9415.2014,327.8768,0.0,327.5477,9420.0518
2026-05-19T19:00:00,12973.379,489.5762,1634494.02,12037.24,100.5555,0.4,198.5617,0,0,730.82,8194.6132,324.636,3.8,0.0,4.2,4.2,35.4,12395.6662,327.2042,6381.0753,0.0,3353.3729,327.3799,9415.2014,327.8768,0.0,327.5477,9420.0518,0.0
2026-05-20T01:00:00,12395.6662,489.62,1646562.48,12068.46,101.298,0.0,196.0317,0,0,0.0,12973.379,8194.6132,0.4,3.8,4.2,4.2,35.4,327.2042,6381.0753,0.0,3353.3729,327.3799,9415.2014,327.8768,0.0,327.5477,9420.0518,0.0,0.0
2026-05-20T07:00:00,327.2042,489.617,1646562.48,0.0,101.298,0.0,193.534,0,0,0.0,12395.6662,12973.379,0.0,0.4,0.4,4.2,4.2,6381.0753,0.0,3353.3729,327.3799,9415.2014,327.8768,0.0,327.5477,9420.0518,0.0,0.0,6330.2378
2026-05-20T13:00:00,6381.0753,489.6322,1652616.01,6053.53,101.6704,0.0,191.0681,0,0,0.0,327.2042,12395.6662,0.0,0.0,0.0,4.2,4.2,0.0,3353.3729,327.3799,9415.2014,327.8768,0.0,327.5477,9420.0518,0.0,0.0,6330.2378,12702.6646
2026-05-20T19:00:00,0.0,489.6163,1646562.48,-6053.53,101.298,5.6,194.2336,0,0,0.0,6381.0753,327.2042,0.0,0.0,5.6,6.0,9.8,3353.3729,327.3799,9415.2014,327.8768,0.0,327.5477,9420.0518,0.0,0.0,6330.2378,12702.6646,0.0
2026-05-21T01:00:00,3353.3729,489.6243,1649588.47,3025.99,101.4842,0.0,191.7588,0,0,0.0,0.0,6381.0753,5.6,0.0,5.6,5.6,9.8,327.3799,9415.2014,327.8768,0.0,327.5477,9420.0518,0.0,0.0,6330.2378,12702.6646,0.0,0.0
2026-05-21T07:00:00,327.3799,489.6225,1649588.47,0.0,101.4842,0.0,189.3155,0,0,0.0,3353.3729,0.0,0.0,5.6,5.6,5.6,6.0,9415.2014,327.8768,0.0,327.5477,9420.0518,0.0,0.0,6330.2378,12702.6646,0.0,0.0,3381.1095
2026-05-21T13:00:00,9415.2014,489.6555,1658675.8,9087.32,102.0432,0.0,186.9034,0,0,0.0,327.3799,3353.3729,0.0,0.0,0.0,5.6,5.6,327.8768,0.0,327.5477,9420.0518,0.0,0.0,6330.2378,12702.6646,0.0,0.0,3381.1095,12413.9687
2026-05-21T19:00:00,327.8768,489.6577,1658675.8,0.0,102.0432,0.0,184.5219,0,0,0.0,9415.2014,327.3799,0.0,0.0,0.0,5.6,5.6,0.0,327.5477,9420.0518,0.0,0.0,6330.2378,12702.6646,0.0,0.0,3381.1095,12413.9687,0.0
2026-05-22T01:00:00,0.0,489.639,1652616.01,-6059.79,101.6704,0.0,182.1709,0,0,0.0,327.8768,9415.2014,0.0,0.0,0.0,0.0,5.6,327.5477,9420.0518,0.0,0.0,6330.2378,12702.6646,0.0,0.0,3381.1095,12413.9687,0.0,328.2057
2026-05-22T07:00:00,327.5477,489.6377,1652616.01,0.0,101.6704,0.0,179.8497,0,0,0.0,0.0,327.8768,0.0,0.0,0.0,0.0,5.6,9420.0518,0.0,0.0,6330.2378,12702.6646,0.0,0.0,3381.1095,12413.9687,0.0,328.2057,0.0
2026-05-22T13:00:00,9420.0518,489.6687,1661708.02,9092.01,102.2298,0.0,177.5582,0,0,0.0,327.5477,0.0,0.0,0.0,0.0,0.0,0.0,0.0,0.0,6330.2378,12702.6646,0.0,0.0,3381.1095,12413.9687,0.0,328.2057,0.0,22278.9981
2026-05-22T19:00:00,0.0,489.6752,1664741.67,3033.66,102.4164,15.6,190.8958,0,0,0.0,9420.0518,327.5477,0.0,0.0,15.6,15.6,15.6,0.0,6330.2378,12702.6646,0.0,0.0,3381.1095,12413.9687,0.0,328.2057,0.0,22278.9981,0.0
2026-05-23T01:00:00,0.0,489.644,1655645.16,-9096.51,101.8568,5.0,193.4636,0,0,0.0,0.0,9420.0518,15.6,0.0,20.6,20.6,20.6,6330.2378,12702.6646,0.0,0.0,3381.1095,12413.9687,0.0,328.2057,0.0,22278.9981,0.0,0.0
2026-05-23T07:00:00,6330.2378,489.6632,1661708.02,6062.86,102.2298,0.2,191.1986,0,0,0.0,0.0,0.0,5.0,15.6,20.8,20.8,20.8,12702.6646,0.0,0.0,3381.1095,12413.9687,0.0,328.2057,0.0,22278.9981,0.0,0.0,10733.6645
2026-05-23T13:00:00,12702.6646,489.7013,1673851.74,12143.72,102.9769,0.0,188.7624,0,0,230.24,6330.2378,0.0,0.2,5.0,5.2,20.8,20.8,0.0,0.0,3381.1095,12413.9687,0.0,328.2057,0.0,22278.9981,0.0,0.0,10733.6645,19111.8298
2026-05-23T19:00:00,0.0,489.6883,1667776.83,-6074.91,102.6031,0.0,186.3573,0,0,776.97,12702.6646,6330.2378,0.0,0.2,0.2,20.8,20.8,0.0,3381.1095,12413.9687,0.0,328.2057,0.0,22278.9981,0.0,0.0,10733.6645,19111.8298,3097.7882
2026-05-24T01:00:00,0.0,489.6778,1664741.67,-3035.16,102.4164,0.2,184.1828,0,0,0.0,0.0,12702.6646,0.0,0.0,0.2,5.4,21.0,3381.1095,12413.9687,0.0,328.2057,0.0,22278.9981,0.0,0.0,10733.6645,19111.8298,3097.7882,29949.7836
2026-05-24T07:00:00,3381.1095,489.6813,1667776.83,3035.16,102.6031,0.0,181.8361,0,0,17.58,0.0,0.0,0.2,0.0,0.2,0.4,21.0,12413.9687,0.0,328.2057,0.0,22278.9981,0.0,0.0,10733.6645,19111.8298,3097.7882,29949.7836,12968.3689
2026-05-24T13:00:00,12413.9687,489.7148,1676891.46,9114.63,103.1639,0.0,179.5192,0,0,2970.47,3381.1095,0.0,0.0,0.2,0.2,0.2,5.4,0.0,328.2057,0.0,22278.9981,0.0,0.0,10733.6645,19111.8298,3097.7882,29949.7836,12968.3689,55256.8319
2026-05-24T19:00:00,0.0,489.6703,1664741.67,-12149.79,102.4164,0.0,177.2319,0,0,291.35,12413.9687,3381.1095,0.0,0.0,0.0,0.2,0.4,328.2057,0.0,22278.9981,0.0,0.0,10733.6645,19111.8298,3097.7882,29949.7836,12968.3689,55256.8319,23052.2873
2026-05-25T01:00:00,328.2057,489.6745,1664741.67,0.0,102.4164,0.0,174.9737,0,0,0.0,0.0,12413.9687,0.0,0.0,0.0,0.2,0.2,0.0,22278.9981,0.0,0.0,10733.6645,19111.8298,3097.7882,29949.7836,12968.3689,55256.8319,23052.2873,30661.2601
2026-05-25T07:00:00,0.0,489.6682,1661708.02,-3033.66,102.2298,0.0,172.7443,0,0,0.0,328.2057,0.0,0.0,0.0,0.0,0.0,0.2,22278.9981,0.0,0.0,10733.6645,19111.8298,3097.7882,29949.7836,12968.3689,55256.8319,23052.2873,30661.2601,8440.4182
2026-05-25T13:00:00,22278.9981,489.7203,1679932.84,18224.82,103.351,0.0,170.5433,0,0,3725.13,0.0,328.2057,0.0,0.0,0.0,0.0,0.2,0.0,0.0,10733.6645,19111.8298,3097.7882,29949.7836,12968.3689,55256.8319,23052.2873,30661.2601,8440.4182,38707.4612
2026-05-25T19:00:00,0.0,489.6797,1664741.67,-15191.17,102.4164,0.0,168.3703,0,0,514.78,22278.9981,0.0,0.0,0.0,0.0,0.0,0.0,0.0,10733.6645,19111.8298,3097.7882,29949.7836,12968.3689,55256.8319,23052.2873,30661.2601,8440.4182,38707.4612,45640.6881
2026-05-26T01:00:00,0.0,489.6685,1661708.02,-3033.66,102.2298,19.0,185.225,0,0,0.0,0.0,22278.9981,0.0,0.0,19.0,19.0,19.0,10733.6645,19111.8298,3097.7882,29949.7836,12968.3689,55256.8319,23052.2873,30661.2601,8440.4182,38707.4612,45640.6881,46557.9261
2026-05-26T07:00:00,10733.6645,489.6962,1670813.48,9105.47,102.79,0.0,182.865,0,0,1299.66,0.0,0.0,19.0,0.0,19.0,19.0,19.0,19111.8298,3097.7882,29949.7836,12968.3689,55256.8319,23052.2873,30661.2601,8440.4182,38707.4612,45640.6881,46557.9261,36046.078
2026-05-26T13:00:00,19111.8298,489.731,1682975.65,12162.17,103.5382,0.0,180.535,0,0,6620.45,10733.6645,0.0,0.0,19.0,19.0,19.0,19.0,3097.7882,29949.7836,12968.3689,55256.8319,23052.2873,30661.2601,8440.4182,38707.4612,45640.6881,46557.9261,36046.078,85252.7859
2026-05-26T19:00:00,3097.7882,489.73,1679932.84,-3042.81,103.351,7.6,185.8347,0,0,8123.56,19111.8298,10733.6645,0.0,0.0,7.6,26.6,26.6,29949.7836,12968.3689,55256.8319,23052.2873,30661.2601,8440.4182,38707.4612,45640.6881,46557.9261,36046.078,85252.7859,62444.1562
2026-05-27T01:00:00,29949.7836,489.7602,1692113.66,12180.82,104.1004,0.0,183.4669,0,0,17439.23,3097.7882,19111.8298,7.6,0.0,7.6,26.6,26.6,12968.3689,55256.8319,23052.2873,30661.2601,8440.4182,38707.4612,45640.6881,46557.9261,36046.078,85252.7859,62444.1562,45200.7139
2026-05-27T07:00:00,12968.3689,489.755,1689066.07,-3047.59,103.9129,0.0,181.1293,0,0,15686.41,29949.7836,3097.7882,0.0,7.6,7.6,7.6,26.6,55256.8319,23052.2873,30661.2601,8440.4182,38707.4612,45640.6881,46557.9261,36046.078,85252.7859,62444.1562,45200.7139,41647.1733
2026-05-27T13:00:00,55256.8319,489.803,1704320.27,15254.2,104.8513,0.0,178.8214,0,0,39671.13,12968.3689,29949.7836,0.0,0.0,0.0,7.6,26.6,23052.2873,30661.2601,8440.4182,38707.4612,45640.6881,46557.9261,36046.078,85252.7859,62444.1562,45200.7139,41647.1733,66048.5653
2026-05-27T19:00:00,23052.2873,489.7833,1698213.64,-6106.63,104.4756,0.2,176.743,0,0,28889.87,55256.8319,12968.3689,0.0,0.0,0.2,7.8,7.8,30661.2601,8440.4182,38707.4612,45640.6881,46557.9261,36046.078,85252.7859,62444.1562,45200.7139,41647.1733,66048.5653,70128.1811
2026-05-28T01:00:00,30661.2601,489.787,1698213.64,0.0,104.4756,0.0,174.491,0,0,30331.18,23052.2873,55256.8319,0.2,0.0,0.2,0.2,7.8,8440.4182,38707.4612,45640.6881,46557.9261,36046.078,85252.7859,62444.1562,45200.7139,41647.1733,66048.5653,70128.1811,27937.6184
2026-05-28T07:00:00,8440.4182,489.7582,1689066.07,-9147.57,103.9129,0.0,172.2678,0,0,17258.44,30661.2601,23052.2873,0.0,0.2,0.2,0.2,7.8,38707.4612,45640.6881,46557.9261,36046.078,85252.7859,62444.1562,45200.7139,41647.1733,66048.5653,70128.1811,27937.6184,32430.5881
2026-05-28T13:00:00,38707.4612,489.787,1698213.64,9147.57,104.4756,4.2,174.2728,0,0,30511.47,8440.4182,30661.2601,0.0,0.0,4.2,4.4,4.4,45640.6881,46557.9261,36046.078,85252.7859,62444.1562,45200.7139,41647.1733,66048.5653,70128.1811,27937.6184,32430.5881,58592.4709
2026-05-28T19:00:00,45640.6881,489.803,1704320.27,6106.63,104.8513,0.0,172.0523,0,0,39202.56,38707.4612,8440.4182,4.2,0.0,4.2,4.4,4.4,46557.9261,36046.078,85252.7859,62444.1562,45200.7139,41647.1733,66048.5653,70128.1811,27937.6184,32430.5881,58592.4709,105003.3556
2026-05-29T01:00:00,46557.9261,489.8113,1707386.39,3066.12,105.04,2.6,172.4601,0,0,43957.51,45640.6881,38707.4612,0.0,4.2,6.800000000000001,6.800000000000001,7.0,36046.078,85252.7859,62444.1562,45200.7139,41647.1733,66048.5653,70128.1811,27937.6184,32430.5881,58592.4709,105003.3556,0.0
2026-05-29T07:00:00,36046.078,489.8023,1704320.27,-3066.12,104.8513,0.0,170.2627,0,0,38780.7,46557.9261,45640.6881,2.6,0.0,2.6,6.800000000000001,7.0,85252.7859,62444.1562,45200.7139,41647.1733,66048.5653,70128.1811,27937.6184,32430.5881,58592.4709,105003.3556,0.0,2151.1248
2026-05-29T13:00:00,85252.7859,489.8513,1719668.7,15348.43,105.7956,0.0,168.0933,0,0,69571.85,36046.078,46557.9261,0.0,2.6,2.6,6.800000000000001,6.800000000000001,62444.1562,45200.7139,41647.1733,66048.5653,70128.1811,27937.6184,32430.5881,58592.4709,105003.3556,0.0,2151.1248,5108.872
2026-05-29T19:00:00,62444.1562,489.8447,1716595.66,-3073.04,105.6065,0.0,165.9516,0,0,65184.87,85252.7859,36046.078,0.0,0.0,0.0,2.6,6.800000000000001,45200.7139,41647.1733,66048.5653,70128.1811,27937.6184,32430.5881,58592.4709,105003.3556,0.0,2151.1248,5108.872,456.2074
2026-05-30T01:00:00,45200.7139,489.823,1710454.44,-6141.22,105.2287,1.0,164.8371,0,0,51316.87,62444.1562,85252.7859,0.0,0.0,1.0,3.6,7.800000000000001,41647.1733,66048.5653,70128.1811,27937.6184,32430.5881,58592.4709,105003.3556,0.0,2151.1248,5108.872,456.2074,0.0
2026-05-30T07:00:00,41647.1733,489.8127,1707386.39,-3068.04,105.04,1.2,163.9369,0,0,44751.51,45200.7139,62444.1562,1.0,0.0,2.2,2.2,4.8,66048.5653,70128.1811,27937.6184,32430.5881,58592.4709,105003.3556,0.0,2151.1248,5108.872,456.2074,0.0,471.597
2026-05-30T13:00:00,66048.5653,489.8367,1713524.23,6137.84,105.4176,1.4,163.2481,0,0,60008.47,41647.1733,45200.7139,1.2,1.0,3.6,3.6,6.199999999999999,70128.1811,27937.6184,32430.5881,58592.4709,105003.3556,0.0,2151.1248,5108.872,456.2074,0.0,471.597,0.0
2026-05-30T19:00:00,70128.1811,489.8448,1716595.66,3071.43,105.6065,0.0,161.168,0,0,66724.43,66048.5653,41647.1733,1.4,1.2,2.5999999999999996,3.6,3.6,27937.6184,32430.5881,58592.4709,105003.3556,0.0,2151.1248,5108.872,456.2074,0.0,471.597,0.0,1149.1905
2026-05-31T01:00:00,27937.6184,489.804,1704320.27,-12275.39,104.8513,0.0,159.1145,0,0,39881.51,70128.1811,66048.5653,0.0,1.4,1.4,3.6,3.6,32430.5881,58592.4709,105003.3556,0.0,2151.1248,5108.872,456.2074,0.0,471.597,0.0,1149.1905,0.0
2026-05-31T07:00:00,32430.5881,489.796,1701265.99,-3054.28,104.6634,0.0,157.0872,0,0,35154.61,27937.6184,70128.1811,0.0,0.0,0.0,2.5999999999999996,3.6,58592.4709,105003.3556,0.0,2151.1248,5108.872,456.2074,0.0,471.597,0.0,1149.1905,0.0,3382.306
2026-05-31T13:00:00,58592.4709,489.8333,1713524.23,12258.25,105.4176,38.6,193.6857,0,0,57854.78,32430.5881,27937.6184,0.0,0.0,38.6,40.0,42.2,105003.3556,0.0,2151.1248,5108.872,456.2074,0.0,471.597,0.0,1149.1905,0.0,3382.306,416.7532
2026-05-31T19:00:00,105003.3556,489.8783,1725819.69,12295.46,106.174,4.0,195.2178,0,0,93605.91,58592.4709,32430.5881,38.6,0.0,42.6,42.6,45.2,0.0,2151.1248,5108.872,456.2074,0.0,471.597,0.0,1149.1905,0.0,3382.306,416.7532,0.0
2026-06-01T01:00:00,0.0,489.7335,1682975.65,-42844.04,103.5382,0.0,192.7305,0,0,7251.51,105003.3556,58592.4709,4.0,38.6,42.6,42.6,44.0,2151.1248,5108.872,456.2074,0.0,471.597,0.0,1149.1905,0.0,3382.306,416.7532,0.0,325.2346
2026-06-01T07:00:00,2151.1248,489.7257,1679932.84,-3042.81,103.351,0.0,190.2748,0,0,4868.2,0.0,105003.3556,0.0,4.0,4.0,42.6,42.6,5108.872,456.2074,0.0,471.597,0.0,1149.1905,0.0,3382.306,416.7532,0.0,325.2346,325.2346
2026-06-01T13:00:00,5108.872,489.7277,1679932.84,0.0,103.351,2.2,190.0504,0,0,5452.4,2151.1248,0.0,0.0,0.0,2.2,44.800000000000004,44.800000000000004,456.2074,0.0,471.597,0.0,1149.1905,0.0,3382.306,416.7532,0.0,325.2346,325.2346,325.2346
2026-06-01T19:00:00,456.2074,489.7188,1676891.46,-3041.38,103.1639,0.0,187.6289,0,0,3172.02,5108.872,2151.1248,2.2,0.0,2.2,6.2,44.800000000000004,0.0,471.597,0.0,1149.1905,0.0,3382.306,416.7532,0.0,325.2346,325.2346,325.2346,325.2346
2026-06-02T01:00:00,0.0,489.7072,1673851.74,-3039.72,102.9769,0.0,185.2382,0,0,850.89,456.2074,5108.872,0.0,2.2,2.2,2.2,44.800000000000004,471.597,0.0,1149.1905,0.0,3382.306,416.7532,0.0,325.2346,325.2346,325.2346,325.2346,331.4504
2026-06-02T07:00:00,471.597,489.702,1673851.74,0.0,102.9769,0.0,182.878,0,0,146.2,0.0,456.2074,0.0,0.0,0.0,2.2,6.2,0.0,1149.1905,0.0,3382.306,416.7532,0.0,325.2346,325.2346,325.2346,325.2346,331.4504,325.2346
2026-06-02T13:00:00,0.0,489.7012,1673851.74,0.0,102.9769,5.8,186.3479,0,0,115.12,471.597,0.0,0.0,0.0,5.8,8.0,8.0,1149.1905,0.0,3382.306,416.7532,0.0,325.2346,325.2346,325.2346,325.2346,331.4504,325.2346,325.2346
2026-06-02T19:00:00,1149.1905,489.7062,1673851.74,0.0,102.9769,0.0,183.9736,0,0,823.79,0.0,471.597,5.8,0.0,5.8,5.8,8.0,0.0,3382.306,416.7532,0.0,325.2346,325.2346,325.2346,325.2346,331.4504,325.2346,325.2346,0.0
2026-06-03T01:00:00,0.0,489.6998,1670813.48,-3038.26,102.79,0.0,181.6295,0,0,24.86,1149.1905,0.0,0.0,5.8,5.8,5.8,8.0,3382.306,416.7532,0.0,325.2346,325.2346,325.2346,325.2346,331.4504,325.2346,325.2346,0.0,325.2346
2026-06-03T07:00:00,3382.306,489.7005,1673851.74,3038.26,102.9769,0.0,179.3152,0,0,18.65,0.0,1149.1905,0.0,0.0,0.0,5.8,5.8,416.7532,0.0,325.2346,325.2346,325.2346,325.2346,331.4504,325.2346,325.2346,0.0,325.2346,325.2346
2026-06-03T13:00:00,416.7532,489.7,1673851.74,0.0,102.9769,0.0,177.0305,0,0,91.35,3382.306,0.0,0.0,0.0,0.0,5.8,5.8,0.0,325.2346,325.2346,325.2346,325.2346,331.4504,325.2346,325.2346,0.0,325.2346,325.2346,264.485
2026-06-03T19:00:00,0.0,489.694,1670813.48,-3038.26,102.79,2.2,176.9749,0,0,0.0,416.7532,3382.306,0.0,0.0,2.2,2.2,8.0,325.2346,325.2346,325.2346,325.2346,331.4504,325.2346,325.2346,0.0,325.2346,325.2346,264.485,0.0
2026-06-04T01:00:00,325.2346,489.6927,1670813.48,0.0,102.79,0.0,174.72,0,0,0.0,0.0,416.7532,2.2,0.0,2.2,2.2,8.0,325.2346,325.2346,325.2346,331.4504,325.2346,325.2346,0.0,325.2346,325.2346,264.485,0.0,325.0698
2026-06-04T07:00:00,325.2346,489.6938,1670813.48,0.0,102.79,0.0,172.4938,0,0,0.0,325.2346,0.0,0.0,2.2,2.2,2.2,2.2,325.2346,325.2346,331.4504,325.2346,325.2346,0.0,325.2346,325.2346,264.485,0.0,325.0698,0.0
2026-06-04T13:00:00,325.2346,489.694,1670813.48,0.0,102.79,0.0,170.296,0,0,0.0,325.2346,325.2346,0.0,0.0,0.0,2.2,2.2,325.2346,331.4504,325.2346,325.2346,0.0,325.2346,325.2346,264.485,0.0,325.0698,0.0,3360.2271
2026-06-04T19:00:00,325.2346,489.693,1670813.48,0.0,102.79,0.0,168.1261,0,0,0.0,325.2346,325.2346,0.0,0.0,0.0,2.2,2.2,331.4504,325.2346,325.2346,0.0,325.2346,325.2346,264.485,0.0,325.0698,0.0,3360.2271,0.0
2026-06-05T01:00:00,331.4504,489.6902,1670813.48,0.0,102.79,0.0,165.984,0,0,6.22,325.2346,325.2346,0.0,0.0,0.0,0.0,2.2,325.2346,325.2346,0.0,325.2346,325.2346,264.485,0.0,325.0698,0.0,3360.2271,0.0,0.0
2026-06-05T07:00:00,325.2346,489.693,1670813.48,0.0,102.79,0.0,163.8691,0,0,0.0,331.4504,325.2346,0.0,0.0,0.0,0.0,2.2,325.2346,0.0,325.2346,325.2346,264.485,0.0,325.0698,0.0,3360.2271,0.0,0.0,324.9059
2026-06-05T13:00:00,325.2346,489.692,1670813.48,0.0,102.79,0.0,161.7812,0,0,0.0,325.2346,331.4504,0.0,0.0,0.0,0.0,0.0,0.0,325.2346,325.2346,264.485,0.0,325.0698,0.0,3360.2271,0.0,0.0,324.9059,324.9059
2026-06-05T19:00:00,0.0,489.695,1670813.48,0.0,102.79,3.8,163.5198,0,0,115.12,325.2346,325.2346,0.0,0.0,3.8,3.8,3.8,325.2346,325.2346,264.485,0.0,325.0698,0.0,3360.2271,0.0,0.0,324.9059,324.9059,324.9059
2026-06-06T01:00:00,325.2346,489.695,1670813.48,0.0,102.79,0.0,161.4363,0,0,0.0,0.0,325.2346,3.8,0.0,3.8,3.8,3.8,325.2346,264.485,0.0,325.0698,0.0,3360.2271,0.0,0.0,324.9059,324.9059,324.9059,324.9059
2026-06-06T07:00:00,325.2346,489.695,1670813.48,0.0,102.79,0.0,159.3794,0,0,0.0,325.2346,0.0,0.0,3.8,3.8,3.8,3.8,264.485,0.0,325.0698,0.0,3360.2271,0.0,0.0,324.9059,324.9059,324.9059,324.9059,324.9059
2026-06-06T13:00:00,264.485,489.694,1670813.48,0.0,102.79,0.2,157.5487,0,0,0.0,325.2346,325.2346,0.0,0.0,0.2,4.0,4.0,0.0,325.0698,0.0,3360.2271,0.0,0.0,324.9059,324.9059,324.9059,324.9059,324.9059,324.9059
2026-06-06T19:00:00,0.0,489.6862,1667776.83,-3036.65,102.6031,0.0,155.5413,0,0,0.0,264.485,325.2346,0.2,0.0,0.2,4.0,4.0,325.0698,0.0,3360.2271,0.0,0.0,324.9059,324.9059,324.9059,324.9059,324.9059,324.9059,324.9059
2026-06-07T01:00:00,325.0698,489.6835,1667776.83,0.0,102.6031,0.0,153.5595,0,0,0.0,0.0,264.485,0.0,0.2,0.2,0.2,4.0,0.0,3360.2271,0.0,0.0,324.9059,324.9059,324.9059,324.9059,324.9059,324.9059,324.9059,0.0
2026-06-07T07:00:00,0.0,489.6787,1664741.67,-3035.16,102.4164,0.0,151.6029,0,0,0.0,325.0698,0.0,0.0,0.0,0.0,0.2,4.0,3360.2271,0.0,0.0,324.9059,324.9059,324.9059,324.9059,324.9059,324.9059,324.9059,0.0,325.0698
2026-06-07T13:00:00,3360.2271,489.682,1667776.83,3035.16,102.6031,0.0,149.6713,0,0,0.0,0.0,325.0698,0.0,0.0,0.0,0.2,0.2,0.0,0.0,324.9059,324.9059,324.9059,324.9059,324.9059,324.9059,324.9059,0.0,325.0698,325.0698
2026-06-07T19:00:00,0.0,489.6812,1667776.83,0.0,102.6031,2.2,149.9642,0,0,0.0,3360.2271,0.0,0.0,0.0,2.2,2.2,2.4000000000000004,0.0,324.9059,324.9059,324.9059,324.9059,324.9059,324.9059,324.9059,0.0,325.0698,325.0698,325.0698
2026-06-08T01:00:00,0.0,489.6772,1664741.67,-3035.16,102.4164,0.0,148.0535,0,0,0.0,0.0,3360.2271,2.2,0.0,2.2,2.2,2.4000000000000004,324.9059,324.9059,324.9059,324.9059,324.9059,324.9059,324.9059,0.0,325.0698,325.0698,325.0698,0.0
2026-06-08T07:00:00,324.9059,489.6765,1664741.67,0.0,102.4164,0.0,146.167,0,0,0.0,0.0,0.0,0.0,2.2,2.2,2.2,2.2,324.9059,324.9059,324.9059,324.9059,324.9059,324.9059,0.0,325.0698,325.0698,325.0698,0.0,324.9059
2026-06-08T13:00:00,324.9059,489.6755,1664741.67,0.0,102.4164,0.0,144.3047,0,0,0.0,324.9059,0.0,0.0,0.0,0.0,2.2,2.2,324.9059,324.9059,324.9059,324.9059,324.9059,0.0,325.0698,325.0698,325.0698,0.0,324.9059,0.0
2026-06-08T19:00:00,324.9059,489.6758,1664741.67,0.0,102.4164,0.0,142.466,0,0,0.0,324.9059,324.9059,0.0,0.0,0.0,2.2,2.2,324.9059,324.9059,324.9059,324.9059,0.0,325.0698,325.0698,325.0698,0.0,324.9059,0.0,3420.3159
2026-06-09T01:00:00,324.9059,489.6728,1664741.67,0.0,102.4164,0.0,140.6508,0,0,0.0,324.9059,324.9059,0.0,0.0,0.0,0.0,2.2,324.9059,324.9059,324.9059,0.0,325.0698,325.0698,325.0698,0.0,324.9059,0.0,3420.3159,0.0
2026-06-09T07:00:00,324.9059,489.6742,1664741.67,0.0,102.4164,0.0,138.8587,0,0,0.0,324.9059,324.9059,0.0,0.0,0.0,0.0,2.2,324.9059,324.9059,0.0,325.0698,325.0698,325.0698,0.0,324.9059,0.0,3420.3159,0.0,325.2346
2026-06-09T13:00:00,324.9059,489.6743,1664741.67,0.0,102.4164,0.0,137.0894,0,0,0.0,324.9059,324.9059,0.0,0.0,0.0,0.0,0.0,324.9059,0.0,325.0698,325.0698,325.0698,0.0,324.9059,0.0,3420.3159,0.0,325.2346,325.2346
2026-06-09T19:00:00,324.9059,489.6707,1664741.67,0.0,102.4164,0.0,135.3427,0,0,0.0,324.9059,324.9059,0.0,0.0,0.0,0.0,0.0,0.0,325.0698,325.0698,325.0698,0.0,324.9059,0.0,3420.3159,0.0,325.2346,325.2346,325.2346
2026-06-10T01:00:00,0.0,489.6812,1667776.83,3035.16,102.6031,12.2,145.8182,0,0,0.0,324.9059,324.9059,0.0,0.0,12.2,12.2,12.2,325.0698,325.0698,325.0698,0.0,324.9059,0.0,3420.3159,0.0,325.2346,325.2346,325.2346,0.0
2026-06-10T07:00:00,325.0698,489.68,1667776.83,0.0,102.6031,0.0,143.9603,0,0,0.0,0.0,324.9059,12.2,0.0,12.2,12.2,12.2,325.0698,325.0698,0.0,324.9059,0.0,3420.3159,0.0,325.2346,325.2346,325.2346,0.0,283.1324
2026-06-10T13:00:00,325.0698,489.684,1667776.83,0.0,102.6031,0.0,142.126,0,0,0.0,325.0698,0.0,0.0,12.2,12.2,12.2,12.2,325.0698,0.0,324.9059,0.0,3420.3159,0.0,325.2346,325.2346,325.2346,0.0,283.1324,325.2346
2026-06-10T19:00:00,325.0698,489.683,1667776.83,0.0,102.6031,0.0,140.3152,0,0,0.0,325.0698,325.0698,0.0,0.0,0.0,12.2,12.2,0.0,324.9059,0.0,3420.3159,0.0,325.2346,325.2346,325.2346,0.0,283.1324,325.2346,325.2346
2026-06-11T01:00:00,0.0,489.678,1664741.67,-3035.16,102.4164,0.0,138.5273,0,0,0.0,325.0698,325.0698,0.0,0.0,0.0,12.2,12.2,324.9059,0.0,3420.3159,0.0,325.2346,325.2346,325.2346,0.0,283.1324,325.2346,325.2346,0.0
2026-06-11T07:00:00,324.9059,489.6777,1664741.67,0.0,102.4164,0.0,136.7623,0,0,0.0,0.0,325.0698,0.0,0.0,0.0,0.0,12.2,0.0,3420.3159,0.0,325.2346,325.2346,325.2346,0.0,283.1324,325.2346,325.2346,0.0,0.0
2026-06-11T13:00:00,0.0,489.6755,1664741.67,0.0,102.4164,8.8,143.8197,0,0,0.0,324.9059,0.0,0.0,0.0,8.8,8.8,21.0,3420.3159,0.0,325.2346,325.2346,325.2346,0.0,283.1324,325.2346,325.2346,0.0,0.0,324.9059
2026-06-11T19:00:00,3420.3159,489.6918,1670813.48,6071.81,102.79,9.8,151.7873,0,0,0.0,0.0,324.9059,8.8,0.0,18.6,18.6,18.6,0.0,325.2346,325.2346,325.2346,0.0,283.1324,325.2346,325.2346,0.0,0.0,324.9059,0.0
2026-06-12T01:00:00,0.0,489.698,1670813.48,0.0,102.79,5.0,154.8533,0,0,18.65,3420.3159,0.0,9.8,8.8,23.6,23.6,23.6,325.2346,325.2346,325.2346,0.0,283.1324,325.2346,325.2346,0.0,0.0,324.9059,0.0,324.7428
2026-06-12T07:00:00,325.2346,489.695,1670813.48,0.0,102.79,0.0,152.8802,0,0,0.0,0.0,3420.3159,5.0,9.8,14.8,23.6,23.6,325.2346,325.2346,0.0,283.1324,325.2346,325.2346,0.0,0.0,324.9059,0.0,324.7428,0.0
2026-06-12T13:00:00,325.2346,489.6953,1670813.48,0.0,102.79,0.0,150.9323,0,0,0.0,325.2346,0.0,0.0,5.0,5.0,23.6,23.6,325.2346,0.0,283.1324,325.2346,325.2346,0.0,0.0,324.9059,0.0,324.7428,0.0,324.5802
2026-06-12T19:00:00,325.2346,489.6962,1670813.48,0.0,102.79,0.0,149.0092,0,0,0.0,325.2346,325.2346,0.0,0.0,0.0,14.8,23.6,0.0,283.1324,325.2346,325.2346,0.0,0.0,324.9059,0.0,324.7428,0.0,324.5802,0.0
2026-06-13T01:00:00,0.0,489.6918,1670813.48,0.0,102.79,12.2,159.3106,0,0,0.0,325.2346,325.2346,0.0,0.0,12.2,17.2,35.8,283.1324,325.2346,325.2346,0.0,0.0,324.9059,0.0,324.7428,0.0,324.5802,0.0,6390.7823
2026-06-13T07:00:00,283.1324,489.698,1670813.48,0.0,102.79,0.2,157.4808,0,0,18.65,0.0,325.2346,12.2,0.0,12.399999999999999,12.399999999999999,27.2,325.2346,325.2346,0.0,0.0,324.9059,0.0,324.7428,0.0,324.5802,0.0,6390.7823,324.9059
2026-06-13T13:00:00,325.2346,489.694,1670813.48,0.0,102.79,0.0,155.4742,0,0,0.0,283.1324,0.0,0.2,12.2,12.399999999999999,12.399999999999999,17.4,325.2346,0.0,0.0,324.9059,0.0,324.7428,0.0,324.5802,0.0,6390.7823,324.9059,0.0
2026-06-13T19:00:00,325.2346,489.6908,1670813.48,0.0,102.79,0.0,153.4933,0,0,0.0,325.2346,283.1324,0.0,0.2,0.2,12.399999999999999,12.399999999999999,0.0,0.0,324.9059,0.0,324.7428,0.0,324.5802,0.0,6390.7823,324.9059,0.0,324.5802
2026-06-14T01:00:00,0.0,489.6838,1667776.83,-3036.65,102.6031,0.0,151.5375,0,0,0.0,325.2346,325.2346,0.0,0.0,0.0,12.399999999999999,12.399999999999999,0.0,324.9059,0.0,324.7428,0.0,324.5802,0.0,6390.7823,324.9059,0.0,324.5802,3356.9635
2026-06-14T07:00:00,0.0,489.6793,1664741.67,-3035.16,102.4164,0.0,149.6067,0,0,0.0,0.0,325.2346,0.0,0.0,0.0,0.2,12.399999999999999,324.9059,0.0,324.7428,0.0,324.5802,0.0,6390.7823,324.9059,0.0,324.5802,3356.9635,324.7428
2026-06-14T13:00:00,324.9059,489.6755,1664741.67,0.0,102.4164,0.0,147.7005,0,0,0.0,0.0,0.0,0.0,0.0,0.0,0.0,12.399999999999999,0.0,324.7428,0.0,324.5802,0.0,6390.7823,324.9059,0.0,324.5802,3356.9635,324.7428,0.0
2026-06-14T19:00:00,0.0,489.6698,1661708.02,-3033.66,102.2298,0.0,145.8186,0,0,0.0,324.9059,0.0,0.0,0.0,0.0,0.0,0.2,324.7428,0.0,324.5802,0.0,6390.7823,324.9059,0.0,324.5802,3356.9635,324.7428,0.0,0.0
2026-06-15T01:00:00,324.7428,489.662,1661708.02,0.0,102.2298,0.0,143.9607,0,0,0.0,0.0,324.9059,0.0,0.0,0.0,0.0,0.0,0.0,324.5802,0.0,6390.7823,324.9059,0.0,324.5802,3356.9635,324.7428,0.0,0.0,324.2544
2026-06-15T07:00:00,0.0,489.6578,1658675.8,-3032.22,102.0432,0.0,142.1264,0,0,0.0,324.7428,0.0,0.0,0.0,0.0,0.0,0.0,324.5802,0.0,6390.7823,324.9059,0.0,324.5802,3356.9635,324.7428,0.0,0.0,324.2544,324.2544
2026-06-15T13:00:00,324.5802,489.6577,1658675.8,0.0,102.0432,0.0,140.3155,0,0,0.0,0.0,324.7428,0.0,0.0,0.0,0.0,0.0,0.0,6390.7823,324.9059,0.0,324.5802,3356.9635,324.7428,0.0,0.0,324.2544,324.2544,324.2544
2026-06-15T19:00:00,0.0,489.6568,1658675.8,0.0,102.0432,2.2,140.7277,0,0,0.0,324.5802,0.0,0.0,0.0,2.2,2.2,2.2,6390.7823,324.9059,0.0,324.5802,3356.9635,324.7428,0.0,0.0,324.2544,324.2544,324.2544,0.0
2026-06-16T01:00:00,6390.7823,489.6733,1664741.67,6065.88,102.4164,0.0,138.9346,0,0,0.0,0.0,324.5802,2.2,0.0,2.2,2.2,2.2,324.9059,0.0,324.5802,3356.9635,324.7428,0.0,0.0,324.2544,324.2544,324.2544,0.0,2927.8108
2026-06-16T07:00:00,324.9059,489.67,1664741.67,0.0,102.4164,0.0,137.1644,0,0,0.0,6390.7823,0.0,0.0,2.2,2.2,2.2,2.2,0.0,324.5802,3356.9635,324.7428,0.0,0.0,324.2544,324.2544,324.2544,0.0,2927.8108,324.2544
2026-06-16T13:00:00,0.0,489.657,1658675.8,-6065.88,102.0432,0.0,135.4167,0,0,0.0,324.9059,6390.7823,0.0,0.0,0.0,2.2,2.2,324.5802,3356.9635,324.7428,0.0,0.0,324.2544,324.2544,324.2544,0.0,2927.8108,324.2544,0.0
2026-06-16T19:00:00,324.5802,489.6577,1658675.8,0.0,102.0432,0.0,133.6913,0,0,0.0,0.0,324.9059,0.0,0.0,0.0,2.2,2.2,3356.9635,324.7428,0.0,0.0,324.2544,324.2544,324.2544,0.0,2927.8108,324.2544,0.0,0.0
2026-06-17T01:00:00,3356.9635,489.6642,1661708.02,3032.22,102.2298,0.0,131.9879,0,0,0.0,324.5802,0.0,0.0,0.0,0.0,0.0,2.2,324.7428,0.0,0.0,324.2544,324.2544,324.2544,0.0,2927.8108,324.2544,0.0,0.0,323.9143
2026-06-17T07:00:00,324.7428,489.662,1661708.02,0.0,102.2298,0.0,130.3062,0,0,0.0,3356.9635,324.5802,0.0,0.0,0.0,0.0,2.2,0.0,0.0,324.2544,324.2544,324.2544,0.0,2927.8108,324.2544,0.0,0.0,323.9143,323.9143
2026-06-17T13:00:00,0.0,489.6418,1655645.16,-6062.86,101.8568,0.0,128.6459,0,0,0.0,324.7428,3356.9635,0.0,0.0,0.0,0.0,0.0,0.0,324.2544,324.2544,324.2544,0.0,2927.8108,324.2544,0.0,0.0,323.9143,323.9143,0.0
2026-06-17T19:00:00,0.0,489.6348,1652616.01,-3029.16,101.6704,0.0,127.0067,0,0,0.0,0.0,324.7428,0.0,0.0,0.0,0.0,0.0,324.2544,324.2544,324.2544,0.0,2927.8108,324.2544,0.0,0.0,323.9143,323.9143,0.0,323.0725
2026-06-18T01:00:00,324.2544,489.636,1652616.01,0.0,101.6704,0.0,125.3885,0,0,0.0,0.0,0.0,0.0,0.0,0.0,0.0,0.0,324.2544,324.2544,0.0,2927.8108,324.2544,0.0,0.0,323.9143,323.9143,0.0,323.0725,3348.1763
2026-06-18T07:00:00,324.2544,489.6355,1652616.01,0.0,101.6704,0.0,123.7908,0,0,0.0,324.2544,0.0,0.0,0.0,0.0,0.0,0.0,324.2544,0.0,2927.8108,324.2544,0.0,0.0,323.9143,323.9143,0.0,323.0725,3348.1763,323.9143
2026-06-18T13:00:00,324.2544,489.6302,1652616.01,0.0,101.6704,0.0,122.2136,0,0,0.0,324.2544,324.2544,0.0,0.0,0.0,0.0,0.0,0.0,2927.8108,324.2544,0.0,0.0,323.9143,323.9143,0.0,323.0725,3348.1763,323.9143,0.0
2026-06-18T19:00:00,0.0,489.6242,1649588.47,-3027.53,101.4842,0.0,120.6564,0,0,0.0,324.2544,324.2544,0.0,0.0,0.0,0.0,0.0,2927.8108,324.2544,0.0,0.0,323.9143,323.9143,0.0,323.0725,3348.1763,323.9143,0.0,3348.1763
2026-06-19T01:00:00,2927.8108,489.6383,1652616.01,3027.53,101.6704,1.4,120.5191,0,0,0.0,0.0,324.2544,0.0,0.0,1.4,1.4,1.4,324.2544,0.0,0.0,323.9143,323.9143,0.0,323.0725,3348.1763,323.9143,0.0,3348.1763,202.9036
2026-06-19T07:00:00,324.2544,489.6393,1652616.01,0.0,101.6704,0.0,118.9835,0,0,0.0,2927.8108,0.0,1.4,0.0,1.4,1.4,1.4,0.0,0.0,323.9143,323.9143,0.0,323.0725,3348.1763,323.9143,0.0,3348.1763,202.9036,323.9143
2026-06-19T13:00:00,0.0,489.6227,1649588.47,-3027.53,101.4842,0.0,117.4674,0,0,0.0,324.2544,2927.8108,0.0,1.4,1.4,1.4,1.4,0.0,323.9143,323.9143,0.0,323.0725,3348.1763,323.9143,0.0,3348.1763,202.9036,323.9143,0.0
2026-06-19T19:00:00,0.0,489.6163,1646562.48,-3025.99,101.298,0.0,115.9707,0,0,0.0,0.0,324.2544,0.0,0.0,0.0,1.4,1.4,323.9143,323.9143,0.0,323.0725,3348.1763,323.9143,0.0,3348.1763,202.9036,323.9143,0.0,323.0725
2026-06-20T01:00:00,323.9143,489.618,1646562.48,0.0,101.298,0.0,114.4931,0,0,0.0,0.0,0.0,0.0,0.0,0.0,1.4,1.4,323.9143,0.0,323.0725,3348.1763,323.9143,0.0,3348.1763,202.9036,323.9143,0.0,323.0725,3348.1763
2026-06-20T07:00:00,323.9143,489.6182,1646562.48,0.0,101.298,0.0,113.0343,0,0,0.0,323.9143,0.0,0.0,0.0,0.0,0.0,1.4,0.0,323.0725,3348.1763,323.9143,0.0,3348.1763,202.9036,323.9143,0.0,323.0725,3348.1763,323.9143
2026-06-20T13:00:00,0.0,489.605,1643538.22,-3024.26,101.112,0.0,111.5941,0,0,0.0,323.9143,323.9143,0.0,0.0,0.0,0.0,1.4,323.0725,3348.1763,323.9143,0.0,3348.1763,202.9036,323.9143,0.0,323.0725,3348.1763,323.9143,0.0
2026-06-20T19:00:00,323.0725,489.6068,1643538.22,0.0,101.112,0.0,110.1722,0,0,0.0,0.0,323.9143,0.0,0.0,0.0,0.0,0.0,3348.1763,323.9143,0.0,3348.1763,202.9036,323.9143,0.0,323.0725,3348.1763,323.9143,0.0,323.0725
2026-06-21T01:00:00,3348.1763,489.614,1646562.48,3024.26,101.298,0.0,108.7684,0,0,0.0,323.0725,0.0,0.0,0.0,0.0,0.0,0.0,323.9143,0.0,3348.1763,202.9036,323.9143,0.0,323.0725,3348.1763,323.9143,0.0,323.0725,3348.1763
2026-06-21T07:00:00,323.9143,489.617,1646562.48,0.0,101.298,0.0,107.3826,0,0,0.0,3348.1763,323.0725,0.0,0.0,0.0,0.0,0.0,0.0,3348.1763,202.9036,323.9143,0.0,323.0725,3348.1763,323.9143,0.0,323.0725,3348.1763,323.9143
2026-06-21T13:00:00,0.0,489.605,1643538.22,-3024.26,101.112,0.0,106.0144,0,0,0.0,323.9143,3348.1763,0.0,0.0,0.0,0.0,0.0,3348.1763,202.9036,323.9143,0.0,323.0725,3348.1763,323.9143,0.0,323.0725,3348.1763,323.9143,0.0
2026-06-21T19:00:00,3348.1763,489.6105,1646562.48,3024.26,101.298,0.0,104.6636,0,0,0.0,0.0,323.9143,0.0,0.0,0.0,0.0,0.0,202.9036,323.9143,0.0,323.0725,3348.1763,323.9143,0.0,323.0725,3348.1763,323.9143,0.0,322.8682
2026-06-22T01:00:00,202.9036,489.618,1646562.48,0.0,101.298,0.4,103.73,0,0,0.0,3348.1763,0.0,0.0,0.0,0.4,0.4,0.4,323.9143,0.0,323.0725,3348.1763,323.9143,0.0,323.0725,3348.1763,323.9143,0.0,322.8682,6364.5186
2026-06-22T07:00:00,323.9143,489.617,1646562.48,0.0,101.298,0.0,102.4083,0,0,0.0,202.9036,3348.1763,0.4,0.0,0.4,0.4,0.4,0.0,323.0725,3348.1763,323.9143,0.0,323.0725,3348.1763,323.9143,0.0,322.8682,6364.5186,0.0
2026-06-22T13:00:00,0.0,489.6092,1643538.22,-3024.26,101.112,0.0,101.1035,0,0,0.0,323.9143,202.9036,0.0,0.4,0.4,0.4,0.4,323.0725,3348.1763,323.9143,0.0,323.0725,3348.1763,323.9143,0.0,322.8682,6364.5186,0.0,0.0
2026-06-22T19:00:00,323.0725,489.6003,1643538.22,0.0,101.112,0.0,99.8153,0,0,0.0,0.0,323.9143,0.0,0.0,0.0,0.4,0.4,3348.1763,323.9143,0.0,323.0725,3348.1763,323.9143,0.0,322.8682,6364.5186,0.0,0.0,3337.5227
2026-06-23T01:00:00,3348.1763,489.6192,1646562.48,3024.26,101.298,0.0,98.5435,0,0,0.0,323.0725,0.0,0.0,0.0,0.0,0.4,0.4,323.9143,0.0,323.0725,3348.1763,323.9143,0.0,322.8682,6364.5186,0.0,0.0,3337.5227,3339.4148
2026-06-23T07:00:00,323.9143,489.617,1646562.48,0.0,101.298,0.0,97.2879,0,0,0.0,3348.1763,323.0725,0.0,0.0,0.0,0.0,0.4,0.0,323.0725,3348.1763,323.9143,0.0,322.8682,6364.5186,0.0,0.0,3337.5227,3339.4148,323.0725
2026-06-23T13:00:00,0.0,489.6062,1643538.22,-3024.26,101.112,0.0,96.0483,0,0,0.0,323.9143,3348.1763,0.0,0.0,0.0,0.0,0.4,323.0725,3348.1763,323.9143,0.0,322.8682,6364.5186,0.0,0.0,3337.5227,3339.4148,323.0725,0.0
2026-06-23T19:00:00,323.0725,489.606,1643538.22,0.0,101.112,0.0,94.8245,0,0,0.0,0.0,323.9143,0.0,0.0,0.0,0.0,0.0,3348.1763,323.9143,0.0,322.8682,6364.5186,0.0,0.0,3337.5227,3339.4148,323.0725,0.0,5699.1227
2026-06-24T01:00:00,3348.1763,489.611,1646562.48,3024.26,101.298,0.0,93.6163,0,0,0.0,323.0725,0.0,0.0,0.0,0.0,0.0,0.0,323.9143,0.0,322.8682,6364.5186,0.0,0.0,3337.5227,3339.4148,323.0725,0.0,5699.1227,2684.4682
2026-06-24T07:00:00,323.9143,489.611,1646562.48,0.0,101.298,0.0,92.4235,0,0,0.0,3348.1763,323.0725,0.0,0.0,0.0,0.0,0.0,0.0,322.8682,6364.5186,0.0,0.0,3337.5227,3339.4148,323.0725,0.0,5699.1227,2684.4682,2684.4682
2026-06-24T13:00:00,0.0,489.5993,1640521.87,-6040.6,100.9264,0.0,91.2459,0,0,0.0,323.9143,3348.1763,0.0,0.0,0.0,0.0,0.0,322.8682,6364.5186,0.0,0.0,3337.5227,3339.4148,323.0725,0.0,5699.1227,2684.4682,2684.4682,0.0
2026-06-24T19:00:00,322.8682,489.5982,1640521.87,0.0,100.9264,0.0,90.0833,0,0,0.0,0.0,323.9143,0.0,0.0,0.0,0.0,0.0,6364.5186,0.0,0.0,3337.5227,3339.4148,323.0725,0.0,5699.1227,2684.4682,2684.4682,0.0,2684.3003
2026-06-25T01:00:00,6364.5186,489.611,1646562.48,6040.6,101.298,0.0,88.9355,0,0,0.0,322.8682,0.0,0.0,0.0,0.0,0.0,0.0,0.0,0.0,3337.5227,3339.4148,323.0725,0.0,5699.1227,2684.4682,2684.4682,0.0,2684.3003,5699.1227
2026-06-25T07:00:00,0.0,489.6052,1643538.22,-3024.26,101.112,0.0,87.8024,0,0,0.0,6364.5186,322.8682,0.0,0.0,0.0,0.0,0.0,0.0,3337.5227,3339.4148,323.0725,0.0,5699.1227,2684.4682,2684.4682,0.0,2684.3003,5699.1227,2684.4682
2026-06-25T13:00:00,0.0,489.59,1637507.22,-6031.0,100.7409,0.0,86.6836,0,0,0.0,0.0,6364.5186,0.0,0.0,0.0,0.0,0.0,3337.5227,3339.4148,323.0725,0.0,5699.1227,2684.4682,2684.4682,0.0,2684.3003,5699.1227,2684.4682,0.0
2026-06-25T19:00:00,3337.5227,489.5908,1640521.87,3014.65,100.9264,0.0,85.5792,0,0,0.0,0.0,0.0,0.0,0.0,0.0,0.0,0.0,3339.4148,323.0725,0.0,5699.1227,2684.4682,2684.4682,0.0,2684.3003,5699.1227,2684.4682,0.0,5697.5035
2026-06-26T01:00:00,3339.4148,489.604,1643538.22,3016.34,101.112,0.0,84.4888,0,0,0.0,3337.5227,0.0,0.0,0.0,0.0,0.0,0.0,323.0725,0.0,5699.1227,2684.4682,2684.4682,0.0,2684.3003,5699.1227,2684.4682,0.0,5697.5035,2684.3003
2026-06-26T07:00:00,323.0725,489.6052,1643538.22,0.0,101.112,0.0,83.4122,0,0,0.0,3339.4148,3337.5227,0.0,0.0,0.0,0.0,0.0,0.0,5699.1227,2684.4682,2684.4682,0.0,2684.3003,5699.1227,2684.4682,0.0,5697.5035,2684.3003,2684.3003
2026-06-26T13:00:00,0.0,489.5887,1637507.22,-6031.0,100.7409,0.0,82.3494,1,9446.4,0.0,323.0725,3339.4148,0.0,0.0,0.0,0.0,0.0,5699.1227,2684.4682,2684.4682,0.0,2684.3003,5699.1227,2684.4682,0.0,5697.5035,2684.3003,2684.3003,0.0
2026-06-26T19:00:00,5699.1227,489.594,1640521.87,3014.65,100.9264,0.0,81.3002,1,9446.4,0.0,0.0,323.0725,0.0,0.0,0.0,0.0,0.0,2684.4682,2684.4682,0.0,2684.3003,5699.1227,2684.4682,0.0,5697.5035,2684.3003,2684.3003,0.0,2623.8847
2026-06-27T01:00:00,2684.4682,489.597,1640521.87,0.0,100.9264,0.0,80.2643,1,9446.4,0.0,5699.1227,0.0,0.0,0.0,0.0,0.0,0.0,2684.4682,0.0,2684.3003,5699.1227,2684.4682,0.0,5697.5035,2684.3003,2684.3003,0.0,2623.8847,5456.3877
2026-06-27T07:00:00,2684.4682,489.5962,1640521.87,0.0,100.9264,0.0,79.2416,1,9446.4,0.0,2684.4682,5699.1227,0.0,0.0,0.0,0.0,0.0,0.0,2684.3003,5699.1227,2684.4682,0.0,5697.5035,2684.3003,2684.3003,0.0,2623.8847,5456.3877,2443.1845
2026-06-27T13:00:00,0.0,489.5825,1637507.22,-3014.65,100.7409,0.0,78.232,1,9446.4,0.0,2684.4682,2684.4682,0.0,0.0,0.0,0.0,0.0,2684.3003,5699.1227,2684.4682,0.0,5697.5035,2684.3003,2684.3003,0.0,2623.8847,5456.3877,2443.1845,2684.3003
2026-06-27T19:00:00,2684.3003,489.5813,1637507.22,0.0,100.7409,0.0,77.2352,1,9446.4,0.0,0.0,2684.4682,0.0,0.0,0.0,0.0,0.0,5699.1227,2684.4682,0.0,5697.5035,2684.3003,2684.3003,0.0,2623.8847,5456.3877,2443.1845,2684.3003,0.0
2026-06-28T01:00:00,5699.1227,489.5912,1640521.87,3014.65,100.9264,0.0,76.2511,1,9446.4,0.0,2684.3003,0.0,0.0,0.0,0.0,0.0,0.0,2684.4682,0.0,5697.5035,2684.3003,2684.3003,0.0,2623.8847,5456.3877,2443.1845,2684.3003,0.0,5655.4147
2026-06-28T07:00:00,2684.4682,489.5958,1640521.87,0.0,100.9264,0.0,75.2795,1,9446.4,0.0,5699.1227,2684.3003,0.0,0.0,0.0,0.0,0.0,0.0,5697.5035,2684.3003,2684.3003,0.0,2623.8847,5456.3877,2443.1845,2684.3003,0.0,5655.4147,1798.306
2026-06-28T13:00:00,0.0,489.5793,1634494.02,-6027.86,100.5555,0.0,74.3204,1,9446.4,0.0,2684.4682,5699.1227,0.0,0.0,0.0,0.0,0.0,5697.5035,2684.3003,2684.3003,0.0,2623.8847,5456.3877,2443.1845,2684.3003,0.0,5655.4147,1798.306,0.0
2026-06-28T19:00:00,5697.5035,489.5848,1637507.22,3013.2,100.7409,0.0,73.3734,1,9446.4,0.0,0.0,2684.4682,0.0,0.0,0.0,0.0,0.0,2684.3003,2684.3003,0.0,2623.8847,5456.3877,2443.1845,2684.3003,0.0,5655.4147,1798.306,0.0,2039.5865
2026-06-29T01:00:00,2684.3003,489.588,1637507.22,0.0,100.7409,0.0,72.4385,1,9446.4,0.0,5697.5035,0.0,0.0,0.0,0.0,0.0,0.0,2684.3003,0.0,2623.8847,5456.3877,2443.1845,2684.3003,0.0,5655.4147,1798.306,0.0,2039.5865,0.0
2026-06-29T07:00:00,2684.3003,489.5882,1637507.22,0.0,100.7409,0.0,71.5156,1,9446.4,0.0,2684.3003,5697.5035,0.0,0.0,0.0,0.0,0.0,0.0,2623.8847,5456.3877,2443.1845,2684.3003,0.0,5655.4147,1798.306,0.0,2039.5865,0.0,0.0
2026-06-29T13:00:00,0.0,489.5795,1634494.02,-3013.2,100.5555,0.0,70.6044,1,9446.4,0.0,2684.3003,2684.3003,0.0,0.0,0.0,0.0,0.0,2623.8847,5456.3877,2443.1845,2684.3003,0.0,5655.4147,1798.306,0.0,2039.5865,0.0,0.0,0.0
2026-06-29T19:00:00,2623.8847,489.5775,1634494.02,0.0,100.5555,0.2,69.9048,1,9446.4,0.0,0.0,2684.3003,0.0,0.0,0.2,0.2,0.2,5456.3877,2443.1845,2684.3003,0.0,5655.4147,1798.306,0.0,2039.5865,0.0,0.0,0.0,0.0
2026-06-30T01:00:00,5456.3877,489.5858,1637507.22,3013.2,100.7409,0.8,69.8141,1,9446.4,0.0,2623.8847,0.0,0.2,0.0,1.0,1.0,1.0,2443.1845,2684.3003,0.0,5655.4147,1798.306,0.0,2039.5865,0.0,0.0,0.0,0.0,5650.3207
2026-06-30T07:00:00,2443.1845,489.5858,1637507.22,0.0,100.7409,0.8,69.7245,1,9446.4,0.0,5456.3877,2623.8847,0.8,0.2,1.8,1.8,1.8,2684.3003,0.0,5655.4147,1798.306,0.0,2039.5865,0.0,0.0,0.0,0.0,5650.3207,0.0
2026-06-30T13:00:00,2684.3003,489.5853,1637507.22,0.0,100.7409,0.0,68.8361,1,9446.4,0.0,2443.1845,5456.3877,0.8,0.8,1.6,1.8,1.8,0.0,5655.4147,1798.306,0.0,2039.5865,0.0,0.0,0.0,0.0,5650.3207,0.0,0.0
2026-06-30T19:00:00,0.0,489.5797,1634494.02,-3013.2,100.5555,0.0,67.9591,1,9446.4,0.0,2684.3003,2443.1845,0.0,0.8,0.8,1.8,1.8,5655.4147,1798.306,0.0,2039.5865,0.0,0.0,0.0,0.0,5650.3207,0.0,0.0,0.0
2026-07-01T01:00:00,5655.4147,489.5833,1637507.22,3013.2,100.7409,0.0,67.0932,1,9446.4,0.0,0.0,2684.3003,0.0,0.0,0.0,1.6,1.8,1798.306,0.0,2039.5865,0.0,0.0,0.0,0.0,5650.3207,0.0,0.0,0.0,5646.9405
2026-07-01T07:00:00,1798.306,489.5888,1637507.22,0.0,100.7409,2.8,69.0383,1,9446.4,0.0,5655.4147,0.0,0.0,0.0,2.8,3.5999999999999996,4.6,0.0,2039.5865,0.0,0.0,0.0,0.0,5650.3207,0.0,0.0,0.0,5646.9405,0.0
2026-07-01T13:00:00,0.0,489.573,1634494.02,-3013.2,100.5555,0.0,68.1587,1,9446.4,0.0,1798.306,5655.4147,2.8,0.0,2.8,2.8,4.4,2039.5865,0.0,0.0,0.0,0.0,5650.3207,0.0,0.0,0.0,5646.9405,0.0,0.0
2026-07-01T19:00:00,2039.5865,489.5727,1634494.02,0.0,100.5555,2.0,69.2902,1,9446.4,0.0,0.0,1798.306,0.0,2.8,4.8,4.8,5.6,0.0,0.0,0.0,0.0,5650.3207,0.0,0.0,0.0,5646.9405,0.0,0.0,0.0
2026-07-02T01:00:00,0.0,489.5698,1631482.4,-3011.62,100.3703,0.0,68.4074,1,9446.4,0.0,2039.5865,0.0,2.0,0.0,2.0,4.8,4.8,0.0,0.0,0.0,5650.3207,0.0,0.0,0.0,5646.9405,0.0,0.0,0.0,0.0
2026-07-02T07:00:00,0.0,489.5538,1628472.31,-3010.09,100.1851,1.4,68.9358,1,9446.4,0.0,0.0,2039.5865,0.0,2.0,3.4,6.199999999999999,6.199999999999999,0.0,0.0,5650.3207,0.0,0.0,0.0,5646.9405,0.0,0.0,0.0,0.0,0.0
2026-07-02T13:00:00,0.0,489.541,1625463.76,-3008.55,100.0,0.8,68.8574,1,9446.4,0.0,0.0,0.0,1.4,0.0,2.2,4.2,6.999999999999999,0.0,5650.3207,0.0,0.0,0.0,5646.9405,0.0,0.0,0.0,0.0,0.0,0.0
2026-07-02T19:00:00,0.0,489.5408,1625463.76,0.0,100.0,13.0,80.9801,1,9446.4,0.0,0.0,0.0,0.8,1.4,15.2,17.2,20.0,5650.3207,0.0,0.0,0.0,5646.9405,0.0,0.0,0.0,0.0,0.0,0.0,0.0
2026-07-03T01:00:00,5650.3207,489.5538,1628472.31,3008.55,100.1851,0.0,79.9483,1,9446.4,0.0,0.0,0.0,13.0,0.8,13.8,15.2,17.2,0.0,0.0,0.0,5646.9405,0.0,0.0,0.0,0.0,0.0,0.0,0.0,2640.2085
2026-07-03T07:00:00,0.0,489.5425,1625463.76,-3008.55,100.0,1.4,80.3296,1,9446.4,0.0,5650.3207,0.0,0.0,13.0,14.4,16.599999999999998,18.599999999999998,0.0,0.0,5646.9405,0.0,0.0,0.0,0.0,0.0,0.0,0.0,2640.2085,0.0
2026-07-03T13:00:00,0.0,489.5207,1619451.32,-6012.44,99.6301,0.0,79.3061,1,9446.4,0.0,0.0,5650.3207,1.4,0.0,1.4,15.200000000000001,16.599999999999998,0.0,5646.9405,0.0,0.0,0.0,0.0,0.0,0.0,0.0,2640.2085,0.0,0.0
2026-07-03T19:00:00,0.0,489.5228,1619451.32,0.0,99.6301,15.2,93.4956,1,9446.4,0.0,0.0,0.0,0.0,1.4,16.599999999999998,29.6,31.799999999999997,5646.9405,0.0,0.0,0.0,0.0,0.0,0.0,0.0,2640.2085,0.0,0.0,0.0
2026-07-04T01:00:00,5646.9405,489.5323,1622456.77,3005.46,99.815,0.0,92.3043,1,9446.4,0.0,0.0,0.0,15.2,0.0,15.2,16.599999999999998,30.4,0.0,0.0,0.0,0.0,0.0,0.0,0.0,2640.2085,0.0,0.0,0.0,0.0
2026-07-04T07:00:00,0.0,489.5233,1619451.32,-3005.46,99.6301,0.0,91.1283,1,9446.4,0.0,5646.9405,0.0,0.0,15.2,15.2,16.599999999999998,29.6,0.0,0.0,0.0,0.0,0.0,0.0,2640.2085,0.0,0.0,0.0,0.0,
2026-07-04T13:00:00,0.0,489.5045,1613444.93,-6006.39,99.2606,0.0,89.9671,1,9446.4,0.0,0.0,5646.9405,0.0,0.0,0.0,15.2,16.599999999999998,0.0,0.0,0.0,0.0,0.0,2640.2085,0.0,0.0,0.0,0.0,,
2026-07-04T19:00:00,0.0,489.493,1610444.02,-3000.91,99.076,0.0,88.8208,1,9446.4,0.0,0.0,0.0,0.0,0.0,0.0,15.2,16.599999999999998,0.0,0.0,0.0,0.0,2640.2085,0.0,0.0,0.0,0.0,,,
2026-07-05T01:00:00,0.0,489.4895,1607444.59,-2999.42,98.8914,0.0,87.6891,1,9446.4,0.0,0.0,0.0,0.0,0.0,0.0,0.0,15.2,0.0,0.0,0.0,2640.2085,0.0,0.0,0.0,0.0,,,,
2026-07-05T07:00:00,0.0,489.479,1604446.72,-2997.87,98.707,0.0,86.5718,1,9446.4,0.0,0.0,0.0,0.0,0.0,0.0,0.0,15.2,0.0,0.0,2640.2085,0.0,0.0,0.0,0.0,,,,,
2026-07-05T13:00:00,0.0,489.4593,1598455.47,-5991.25,98.3384,0.0,85.4688,1,9446.4,0.0,0.0,0.0,0.0,0.0,0.0,0.0,0.0,0.0,2640.2085,0.0,0.0,0.0,0.0,,,,,,
2026-07-05T19:00:00,0.0,489.4482,1595462.02,-2993.46,98.1543,0.0,84.3798,1,9446.4,0.0,0.0,0.0,0.0,0.0,0.0,0.0,0.0,2640.2085,0.0,0.0,0.0,0.0,,,,,,,
2026-07-06T01:00:00,2640.2085,489.445,1595462.02,0.0,98.1543,0.0,83.3047,1,9446.4,0.0,0.0,0.0,0.0,0.0,0.0,0.0,0.0,0.0,0.0,0.0,0.0,,,,,,,,
2026-07-06T07:00:00,0.0,489.4313,1592470.13,-2991.89,97.9702,0.0,82.2432,1,9446.4,0.0,2640.2085,0.0,0.0,0.0,0.0,0.0,0.0,0.0,0.0,0.0,,,,,,,,,
2026-07-06T13:00:00,0.0,489.4145,1586490.96,-5979.17,97.6024,0.0,81.1953,1,9446.4,0.0,0.0,2640.2085,0.0,0.0,0.0,0.0,0.0,0.0,0.0,,,,,,,,,,
2026-07-06T19:00:00,0.0,489.402,1583503.92,-2987.05,97.4186,0.0,80.1608,1,9446.4,0.0,0.0,0.0,0.0,0.0,0.0,0.0,0.0,0.0,,,,,,,,,,,
2026-07-07T01:00:00,0.0,489.398,1580534.36,-2969.56,97.2359,0.0,79.1394,1,9446.4,0.0,0.0,0.0,0.0,0.0,0.0,0.0,0.0,,,,,,,,,,,,
2026-07-11T07:00:00,0.0,489.2262,1530308.98,-5885.85,94.146,0.2,0.5949,1,9446.4,0.0,,,,,,,,0.0,0.0,2575.9978,2634.6666,0.0,0.0,0.0,0.0,1227.6199,5564.7283,2106.8792,2634.4072
2026-07-11T13:00:00,0.0,489.21,1527368.22,-2940.76,93.9651,0.0,0.5873,1,9446.4,0.0,0.0,,0.2,,,,,0.0,2575.9978,2634.6666,0.0,0.0,0.0,0.0,1227.6199,5564.7283,2106.8792,2634.4072,0.0
2026-07-11T19:00:00,0.0,489.1997,1521494.77,-5873.45,93.6037,0.4,0.9798,1,9446.4,0.0,0.0,0.0,0.0,0.2,0.6000000000000001,,,2575.9978,2634.6666,0.0,0.0,0.0,0.0,1227.6199,5564.7283,2106.8792,2634.4072,0.0,0.0
2026-07-12T01:00:00,2575.9978,489.1967,1521494.77,0.0,93.6037,0.2,1.1674,1,9446.4,0.0,0.0,0.0,0.4,0.0,0.6000000000000001,,,2634.6666,0.0,0.0,0.0,0.0,1227.6199,5564.7283,2106.8792,2634.4072,0.0,0.0,2634.2386
2026-07-12T07:00:00,2634.6666,489.1922,1521494.77,0.0,93.6037,0.0,1.1525,1,9446.4,0.0,2575.9978,0.0,0.2,0.4,0.6000000000000001,0.8,,0.0,0.0,0.0,0.0,1227.6199,5564.7283,2106.8792,2634.4072,0.0,0.0,2634.2386,0.0
2026-07-12T13:00:00,0.0,489.1745,1515629.66,-5865.11,93.2429,0.0,1.1378,1,9446.4,0.0,2634.6666,2575.9978,0.0,0.2,0.2,0.6000000000000001,,0.0,0.0,0.0,1227.6199,5564.7283,2106.8792,2634.4072,0.0,0.0,2634.2386,0.0,0.0
2026-07-12T19:00:00,0.0,489.163,1512698.45,-2931.21,93.0626,0.0,1.1233,1,9446.4,0.0,0.0,2634.6666,0.0,0.0,0.0,0.6000000000000001,0.8,0.0,0.0,1227.6199,5564.7283,2106.8792,2634.4072,0.0,0.0,2634.2386,0.0,0.0,0.0
2026-07-13T01:00:00,0.0,489.1585,1509768.13,-2930.32,92.8823,0.0,1.109,1,9446.4,0.0,0.0,0.0,0.0,0.0,0.0,0.2,0.6000000000000001,0.0,1227.6199,5564.7283,2106.8792,2634.4072,0.0,0.0,2634.2386,0.0,0.0,0.0,0.0
2026-07-13T07:00:00,0.0,489.1445,1506838.7,-2929.44,92.7021,0.0,1.0949,1,9446.4,0.0,0.0,0.0,0.0,0.0,0.0,0.0,0.6000000000000001,1227.6199,5564.7283,2106.8792,2634.4072,0.0,0.0,2634.2386,0.0,0.0,0.0,0.0,0.0
2026-07-13T13:00:00,1227.6199,489.1508,1509768.13,2929.44,92.8823,14.8,15.8809,1,9446.4,0.0,0.0,0.0,0.0,0.0,14.8,14.8,15.0,5564.7283,2106.8792,2634.4072,0.0,0.0,2634.2386,0.0,0.0,0.0,0.0,0.0,0.0
2026-07-13T19:00:00,5564.7283,489.163,1512698.45,2930.32,93.0626,0.0,15.6786,1,9446.4,0.0,1227.6199,0.0,14.8,0.0,14.8,14.8,14.8,2106.8792,2634.4072,0.0,0.0,2634.2386,0.0,0.0,0.0,0.0,0.0,0.0,0.0
2026-07-14T01:00:00,2106.8792,489.1685,1512698.45,0.0,93.0626,1.8,17.2788,1,9446.4,0.0,5564.7283,1227.6199,0.0,14.8,16.6,16.6,16.6,2634.4072,0.0,0.0,2634.2386,0.0,0.0,0.0,0.0,0.0,0.0,0.0,0.0
2026-07-14T07:00:00,2634.4072,489.1653,1512698.45,0.0,93.0626,0.0,17.0586,1,9446.4,0.0,2106.8792,5564.7283,1.8,0.0,1.8,16.6,16.6,0.0,0.0,2634.2386,0.0,0.0,0.0,0.0,0.0,0.0,0.0,0.0,2633.2668
2026-07-14T13:00:00,0.0,489.1523,1509768.13,-2930.32,92.8823,0.0,16.8413,1,9446.4,0.0,2634.4072,2106.8792,0.0,1.8,1.8,16.6,16.6,0.0,2634.2386,0.0,0.0,0.0,0.0,0.0,0.0,0.0,0.0,2633.2668,0.0
2026-07-14T19:00:00,0.0,489.1402,1506838.7,-2929.44,92.7021,0.0,16.6267,1,9446.4,0.0,0.0,2634.4072,0.0,0.0,0.0,1.8,16.6,2634.2386,0.0,0.0,0.0,0.0,0.0,0.0,0.0,0.0,2633.2668,0.0,2574.7685
2026-07-15T01:00:00,2634.2386,489.1402,1506838.7,0.0,92.7021,0.0,16.4149,1,9446.4,0.0,0.0,0.0,0.0,0.0,0.0,1.8,16.6,0.0,0.0,0.0,0.0,0.0,0.0,0.0,0.0,2633.2668,0.0,2574.7685,0.0
2026-07-15T07:00:00,0.0,489.1305,1503910.11,-2928.59,92.5219,0.0,16.2057,1,9446.4,0.0,2634.2386,0.0,0.0,0.0,0.0,0.0,1.8,0.0,0.0,0.0,0.0,0.0,0.0,0.0,2633.2668,0.0,2574.7685,0.0,0.0
2026-07-15T13:00:00,0.0,489.1142,1498055.63,-5854.48,92.1617,0.0,15.9992,1,9446.4,0.0,0.0,2634.2386,0.0,0.0,0.0,0.0,1.8,0.0,0.0,0.0,0.0,0.0,0.0,2633.2668,0.0,2574.7685,0.0,0.0,3682.1395
2026-07-15T19:00:00,0.0,489.104,1495129.73,-2925.89,91.9817,0.0,15.7954,1,9446.4,0.0,0.0,0.0,0.0,0.0,0.0,0.0,0.0,0.0,0.0,0.0,0.0,0.0,2633.2668,0.0,2574.7685,0.0,0.0,3682.1395,0.0
2026-07-16T01:00:00,0.0,489.078,1486357.16,-8772.58,91.442,0.0,15.5941,1,9446.4,0.0,0.0,0.0,0.0,0.0,0.0,0.0,0.0,0.0,0.0,0.0,0.0,2633.2668,0.0,2574.7685,0.0,0.0,3682.1395,0.0,0.0
2026-07-16T07:00:00,0.0,489.0652,1483434.61,-2922.55,91.2622,0.0,15.3954,1,9446.4,0.0,0.0,0.0,0.0,0.0,0.0,0.0,0.0,0.0,0.0,0.0,2633.2668,0.0,2574.7685,0.0,0.0,3682.1395,0.0,0.0,0.0
2026-07-16T13:00:00,0.0,489.0547,1480512.99,-2921.62,91.0825,0.0,15.1993,1,9446.4,0.0,0.0,0.0,0.0,0.0,0.0,0.0,0.0,0.0,0.0,2633.2668,0.0,2574.7685,0.0,0.0,3682.1395,0.0,0.0,0.0,0.0
2026-07-16T19:00:00,0.0,489.0463,1477592.14,-2920.85,90.9028,0.0,15.0056,1,9446.4,0.0,0.0,0.0,0.0,0.0,0.0,0.0,0.0,0.0,2633.2668,0.0,2574.7685,0.0,0.0,3682.1395,0.0,0.0,0.0,0.0,0.0
2026-07-17T01:00:00,0.0,489.0297,1471753.02,-5839.13,90.5436,0.0,14.8144,1,9446.4,0.0,0.0,0.0,0.0,0.0,0.0,0.0,0.0,2633.2668,0.0,2574.7685,0.0,0.0,3682.1395,0.0,0.0,0.0,0.0,0.0,0.0
2026-07-17T07:00:00,2633.2668,489.0217,1471753.02,0.0,90.5436,0.0,14.6256,1,9446.4,0.0,0.0,0.0,0.0,0.0,0.0,0.0,0.0,0.0,2574.7685,0.0,0.0,3682.1395,0.0,0.0,0.0,0.0,0.0,0.0,0.0
2026-07-17T13:00:00,0.0,489.0082,1465917.18,-5835.83,90.1846,0.0,14.4393,1,9446.4,0.0,2633.2668,0.0,0.0,0.0,0.0,0.0,0.0,2574.7685,0.0,0.0,3682.1395,0.0,0.0,0.0,0.0,0.0,0.0,0.0,5542.0361
2026-07-17T19:00:00,2574.7685,489.006,1465917.18,0.0,90.1846,0.2,14.4553,1,9446.4,0.0,0.0,2633.2668,0.0,0.0,0.2,0.2,0.2,0.0,0.0,3682.1395,0.0,0.0,0.0,0.0,0.0,0.0,0.0,5542.0361,0.0
2026-07-18T01:00:00,0.0,488.9952,1463000.44,-2916.74,90.0051,0.0,14.2711,1,9446.4,0.0,2574.7685,0.0,0.2,0.0,0.2,0.2,0.2,0.0,3682.1395,0.0,0.0,0.0,0.0,0.0,0.0,0.0,5542.0361,0.0,0.0
2026-07-18T07:00:00,0.0,488.9785,1457169.38,-5831.05,89.6464,0.4,14.4893,1,9446.4,0.0,0.0,2574.7685,0.0,0.2,0.6000000000000001,0.6000000000000001,0.6000000000000001,3682.1395,0.0,0.0,0.0,0.0,0.0,0.0,0.0,5542.0361,0.0,0.0,0.0
2026-07-18T13:00:00,3682.1395,488.9832,1460084.49,2915.1,89.8257,6.4,20.7047,1,9446.4,0.0,0.0,0.0,0.4,0.0,6.800000000000001,7.0,7.0,0.0,0.0,0.0,0.0,0.0,0.0,0.0,5542.0361,0.0,0.0,0.0,0.0
2026-07-18T19:00:00,0.0,488.9768,1457169.38,-2915.1,89.6464,0.8,21.2409,1,9446.4,0.0,3682.1395,0.0,6.4,0.4,7.6000000000000005,7.8,7.8,0.0,0.0,0.0,0.0,0.0,0.0,5542.0361,0.0,0.0,0.0,0.0,0.0
2026-07-19T01:00:00,0.0,488.9647,1454255.07,-2914.32,89.4671,0.0,20.9702,1,9446.4,0.0,0.0,3682.1395,0.8,6.4,7.2,7.6000000000000005,7.8,0.0,0.0,0.0,0.0,0.0,5542.0361,0.0,0.0,0.0,0.0,0.0,0.0
2026-07-19T07:00:00,0.0,488.9568,1451341.56,-2913.51,89.2878,0.2,20.903,1,9446.4,0.0,0.0,0.0,0.0,0.8,1.0,7.800000000000001,8.0,0.0,0.0,0.0,0.0,5542.0361,0.0,0.0,0.0,0.0,0.0,0.0,0.0
2026-07-19T13:00:00,0.0,488.9487,1448428.87,-2912.69,89.1087,0.0,20.6367,1,9446.4,0.0,0.0,0.0,0.2,0.0,0.2,7.4,7.800000000000001,0.0,0.0,0.0,5542.0361,0.0,0.0,0.0,0.0,0.0,0.0,0.0,0.0
2026-07-19T19:00:00,0.0,488.9393,1445516.87,-2912.0,88.9295,0.0,20.3738,1,9446.4,0.0,0.0,0.0,0.0,0.2,0.2,1.0,7.800000000000001,0.0,0.0,5542.0361,0.0,0.0,0.0,0.0,0.0,0.0,0.0,0.0,0.0
2026-07-20T01:00:00,0.0,488.9192,1439695.28,-5821.59,88.5714,0.0,20.1142,1,9446.4,0.0,0.0,0.0,0.0,0.0,0.0,0.2,7.4,0.0,5542.0361,0.0,0.0,0.0,0.0,0.0,0.0,0.0,0.0,0.0,0.0
2026-07-20T07:00:00,0.0,488.9042,1436785.67,-2909.61,88.3924,0.0,19.8579,1,9446.4,0.0,0.0,0.0,0.0,0.0,0.0,0.2,1.0,5542.0361,0.0,0.0,0.0,0.0,0.0,0.0,0.0,0.0,0.0,0.0,0.0
2026-07-20T13:00:00,5542.0361,488.9143,1439695.28,2909.61,88.5714,0.0,19.6049,1,9446.4,0.0,0.0,0.0,0.0,0.0,0.0,0.0,0.2,0.0,0.0,0.0,0.0,0.0,0.0,0.0,0.0,0.0,0.0,0.0,2631.0306
2026-07-20T19:00:00,0.0,488.8918,1433876.88,-5818.4,88.2134,0.0,19.3551,1,9446.4,0.0,5542.0361,0.0,0.0,0.0,0.0,0.0,0.2,0.0,0.0,0.0,0.0,0.0,0.0,0.0,0.0,0.0,0.0,2631.0306,0.0
2026-07-21T01:00:00,0.0,488.8768,1428061.56,-5815.32,87.8556,0.0,19.1085,1,9446.4,0.0,0.0,5542.0361,0.0,0.0,0.0,0.0,0.0,0.0,0.0,0.0,0.0,0.0,0.0,0.0,0.0,0.0,2631.0306,0.0,0.0
2026-07-21T07:00:00,0.0,488.865,1425155.07,-2906.49,87.6768,0.0,18.865,1,9446.4,0.0,0.0,0.0,0.0,0.0,0.0,0.0,0.0,0.0,0.0,0.0,0.0,0.0,0.0,0.0,0.0,2631.0306,0.0,0.0,0.0
2026-07-21T13:00:00,0.0,488.8575,1422249.4,-2905.67,87.4981,0.0,18.6246,1,9446.4,0.0,0.0,0.0,0.0,0.0,0.0,0.0,0.0,0.0,0.0,0.0,0.0,0.0,0.0,0.0,2631.0306,0.0,0.0,0.0,0.0
2026-07-21T19:00:00,0.0,488.8432,1419344.47,-2904.93,87.3194,1.6,19.9873,1,9446.4,0.0,0.0,0.0,0.0,0.0,1.6,1.6,1.6,0.0,0.0,0.0,0.0,0.0,0.0,2631.0306,0.0,0.0,0.0,0.0,0.0
2026-07-22T01:00:00,0.0,488.8205,1413536.92,-5807.55,86.9621,0.0,19.7327,1,9446.4,0.0,0.0,0.0,1.6,0.0,1.6,1.6,1.6,0.0,0.0,0.0,0.0,0.0,2631.0306,0.0,0.0,0.0,0.0,0.0,0.0
2026-07-22T07:00:00,0.0,488.808,1407732.41,-5804.51,86.605,0.2,19.6812,1,9446.4,0.0,0.0,0.0,0.0,1.6,1.8,1.8,1.8,0.0,0.0,0.0,0.0,2631.0306,0.0,0.0,0.0,0.0,0.0,0.0,0.0
2026-07-22T13:00:00,0.0,488.7993,1404831.3,-2901.11,86.4265,0.0,19.4305,1,9446.4,0.0,0.0,0.0,0.2,0.0,0.2,1.8,1.8,0.0,0.0,0.0,2631.0306,0.0,0.0,0.0,0.0,0.0,0.0,0.0,0.0
2026-07-22T19:00:00,0.0,488.7873,1401930.96,-2900.35,86.2481,0.0,19.1829,1,9446.4,0.0,0.0,0.0,0.0,0.2,0.2,1.8,1.8,0.0,0.0,2631.0306,0.0,0.0,0.0,0.0,0.0,0.0,0.0,0.0,0.0
2026-07-23T01:00:00,0.0,488.7453,1390337.34,-11593.62,85.5348,0.4,19.3385,1,9446.4,0.0,0.0,0.0,0.0,0.0,0.4,0.6000000000000001,2.2,0.0,2631.0306,0.0,0.0,0.0,0.0,0.0,0.0,0.0,0.0,0.0,0.0
2026-07-23T07:00:00,0.0,488.7272,1384545.09,-5792.25,85.1785,0.2,19.2921,1,9446.4,0.0,0.0,0.0,0.4,0.0,0.6000000000000001,0.8,2.4000000000000004,2631.0306,0.0,0.0,0.0,0.0,0.0,0.0,0.0,0.0,0.0,0.0,0.0
2026-07-23T13:00:00,2631.0306,488.7238,1384545.09,0.0,85.1785,0.0,19.0463,1,9446.4,0.0,0.0,0.0,0.2,0.4,0.6000000000000001,0.6000000000000001,0.8,0.0,0.0,0.0,0.0,0.0,0.0,0.0,0.0,0.0,0.0,0.0,5508.154
2026-07-23T19:00:00,0.0,488.698,1375862.31,-8682.78,84.6443,5.2,24.0036,1,9446.4,0.0,2631.0306,0.0,0.0,0.2,5.4,5.800000000000001,6.0,0.0,0.0,0.0,0.0,0.0,0.0,0.0,0.0,0.0,0.0,5508.154,0.0
2026-07-24T01:00:00,0.0,488.6573,1364295.84,-11566.47,83.9327,0.0,23.6978,1,9446.4,0.0,0.0,2631.0306,5.2,0.0,5.2,5.800000000000001,5.800000000000001,0.0,0.0,0.0,0.0,0.0,0.0,0.0,0.0,0.0,5508.154,0.0,0.0
2026-07-24T07:00:00,0.0,488.6402,1361406.04,-2889.81,83.7549,0.0,23.3958,1,9446.4,0.0,0.0,0.0,0.0,5.2,5.2,5.4,5.800000000000001,0.0,0.0,0.0,0.0,0.0,0.0,0.0,0.0,5508.154,0.0,0.0,0.0
2026-07-24T13:00:00,0.0,488.6395,1358517.04,-2889.0,83.5772,0.0,23.0977,1,9446.4,0.0,0.0,0.0,0.0,0.0,0.0,5.2,5.800000000000001,0.0,0.0,0.0,0.0,0.0,0.0,0.0,5508.154,0.0,0.0,0.0,0.0
2026-07-24T19:00:00,0.0,488.5897,1344083.14,-14433.9,82.6892,0.0,22.8034,1,9446.4,0.0,0.0,0.0,0.0,0.0,0.0,5.2,5.4,0.0,0.0,0.0,0.0,0.0,0.0,5508.154,0.0,0.0,0.0,0.0,0.0
2026-07-25T01:00:00,0.0,488.5595,1335431.62,-8651.52,82.157,0.0,22.5129,1,9446.4,0.0,0.0,0.0,0.0,0.0,0.0,0.0,5.2,0.0,0.0,0.0,0.0,0.0,5508.154,0.0,0.0,0.0,0.0,0.0,0.0
2026-07-25T07:00:00,0.0,488.534,1329667.52,-5764.1,81.8023,0.0,22.226,1,9446.4,0.0,0.0,0.0,0.0,0.0,0.0,0.0,5.2,0.0,0.0,0.0,0.0,5508.154,0.0,0.0,0.0,0.0,0.0,0.0,0.0
2026-07-25T13:00:00,0.0,488.5567,1335431.62,5764.1,82.157,44.4,66.3428,1,9446.4,0.0,0.0,0.0,0.0,0.0,44.4,44.4,44.4,0.0,0.0,0.0,5508.154,0.0,0.0,0.0,0.0,0.0,0.0,0.0,0.0
2026-07-25T19:00:00,0.0,488.5473,1332549.22,-2882.39,81.9796,0.0,65.4975,1,9446.4,0.0,0.0,0.0,44.4,0.0,44.4,44.4,44.4,0.0,0.0,5508.154,0.0,0.0,0.0,0.0,0.0,0.0,0.0,0.0,0.0
2026-07-26T01:00:00,0.0,488.5172,1323906.49,-8642.74,81.4479,0.0,64.663,1,9446.4,0.0,0.0,0.0,0.0,44.4,44.4,44.4,44.4,0.0,5508.154,0.0,0.0,0.0,0.0,0.0,0.0,0.0,0.0,0.0,0.0
2026-07-26T07:00:00,0.0,488.4947,1318148.34,-5758.15,81.0937,0.2,64.0391,1,9446.4,0.0,0.0,0.0,0.0,0.0,0.2,44.6,44.6,5508.154,0.0,0.0,0.0,0.0,0.0,0.0,0.0,0.0,0.0,0.0,0.0
2026-07-26T13:00:00,5508.154,488.5017,1321027.03,2878.69,81.2708,0.0,63.2231,1,9446.4,0.0,0.0,0.0,0.2,0.0,0.2,44.6,44.6,0.0,0.0,0.0,0.0,0.0,0.0,0.0,0.0,0.0,0.0,0.0,0.0
2026-07-26T19:00:00,0.0,488.4637,1309516.81,-11510.22,80.5627,0.0,62.4176,1,9446.4,0.0,5508.154,0.0,0.0,0.2,0.2,0.2,44.6,0.0,0.0,0.0,0.0,0.0,0.0,0.0,0.0,0.0,0.0,0.0,0.0
2026-07-27T01:00:00,0.0,488.4242,1298018.4,-11498.41,79.8553,0.2,61.8223,1,9446.4,0.0,0.0,5508.154,0.0,0.0,0.2,0.4,44.800000000000004,0.0,0.0,0.0,0.0,0.0,0.0,0.0,0.0,0.0,0.0,0.0,0.0
2026-07-27T07:00:00,0.0,488.401,1292273.57,-5744.83,79.5018,0.0,61.0346,1,9446.4,0.0,0.0,0.0,0.2,0.0,0.2,0.4,0.4,0.0,0.0,0.0,0.0,0.0,0.0,0.0,0.0,0.0,0.0,0.0,1767.2123
2026-07-27T13:00:00,0.0,488.3892,1286531.71,-5741.86,79.1486,0.0,60.2569,1,9446.4,0.0,0.0,0.0,0.0,0.2,0.2,0.2,0.4,0.0,0.0,0.0,0.0,0.0,0.0,0.0,0.0,0.0,0.0,1767.2123,14052.2123
2026-07-27T19:00:00,0.0,488.3745,1283661.88,-2869.83,78.972,0.0,59.4892,1,9446.4,0.0,0.0,0.0,0.0,0.0,0.0,0.2,0.4,0.0,0.0,0.0,0.0,0.0,0.0,0.0,0.0,0.0,1767.2123,14052.2123,0.0
2026-07-28T01:00:00,0.0,488.33,1272189.99,-11471.88,78.2663,1.2,59.9312,1,9446.4,0.0,0.0,0.0,0.0,0.0,1.2,1.4,1.4,0.0,0.0,0.0,0.0,0.0,0.0,0.0,0.0,1767.2123,14052.2123,0.0,0.0
2026-07-28T07:00:00,0.0,488.3078,1263593.79,-8596.2,77.7374,0.0,59.1676,1,9446.4,0.0,0.0,0.0,1.2,0.0,1.2,1.2,1.4,0.0,0.0,0.0,0.0,0.0,0.0,0.0,1767.2123,14052.2123,0.0,0.0,0.0
2026-07-28T13:00:00,0.0,488.2958,1260729.83,-2863.96,77.5612,0.0,58.4137,1,9446.4,0.0,0.0,0.0,0.0,1.2,1.2,1.2,1.4,0.0,0.0,0.0,0.0,0.0,0.0,1767.2123,14052.2123,0.0,0.0,0.0,5479.7647
2026-07-28T19:00:00,0.0,488.2855,1257866.66,-2863.17,77.3851,0.0,57.6694,1,9446.4,0.0,0.0,0.0,0.0,0.0,0.0,1.2,1.2,0.0,0.0,0.0,0.0,0.0,1767.2123,14052.2123,0.0,0.0,0.0,5479.7647,8160.4049
2026-07-29T01:00:00,0.0,488.2367,1243561.76,-14304.91,76.505,0.0,56.9346,1,9446.4,0.0,0.0,0.0,0.0,0.0,0.0,1.2,1.2,0.0,0.0,0.0,0.0,1767.2123,14052.2123,0.0,0.0,0.0,5479.7647,8160.4049,11210.7671
2026-07-29T07:00:00,0.0,488.2137,1237844.92,-5716.83,76.1533,0.0,56.2092,1,9446.4,0.0,0.0,0.0,0.0,0.0,0.0,0.0,1.2,0.0,0.0,0.0,1767.2123,14052.2123,0.0,0.0,0.0,5479.7647,8160.4049,11210.7671,0.0
2026-07-29T13:00:00,0.0,488.2053,1234987.61,-2857.32,75.9776,0.0,55.493,1,9446.4,0.0,0.0,0.0,0.0,0.0,0.0,0.0,1.2,0.0,0.0,1767.2123,14052.2123,0.0,0.0,0.0,5479.7647,8160.4049,11210.7671,0.0,5266.7032
2026-07-29T19:00:00,0.0,488.1807,1229275.2,-5712.4,75.6261,0.0,54.7859,1,9446.4,0.0,0.0,0.0,0.0,0.0,0.0,0.0,0.0,0.0,1767.2123,14052.2123,0.0,0.0,0.0,5479.7647,8160.4049,11210.7671,0.0,5266.7032,0.0
2026-07-30T01:00:00,0.0,488.1427,1217859.49,-11415.71,74.9238,0.2,54.2879,1,9446.4,0.0,0.0,0.0,0.0,0.0,0.2,0.2,0.2,1767.2123,14052.2123,0.0,0.0,0.0,5479.7647,8160.4049,11210.7671,0.0,5266.7032,0.0,0.0
2026-07-30T07:00:00,1767.2123,488.1793,1226420.13,8560.64,75.4505,33.0,86.5962,1,9446.4,0.0,0.0,0.0,0.2,0.0,33.2,33.2,33.2,14052.2123,0.0,0.0,0.0,5479.7647,8160.4049,11210.7671,0.0,5266.7032,0.0,0.0,0.0
2026-07-30T13:00:00,14052.2123,488.218,1237844.92,11424.8,76.1533,0.0,85.4928,1,9446.4,0.0,1767.2123,0.0,33.0,0.2,33.2,33.2,33.2,0.0,0.0,0.0,5479.7647,8160.4049,11210.7671,0.0,5266.7032,0.0,0.0,0.0,0.0
2026-07-30T19:00:00,0.0,488.2007,1234987.61,-2857.32,75.9776,0.0,84.4035,1,9446.4,0.0,14052.2123,1767.2123,0.0,33.0,33.0,33.2,33.2,0.0,0.0,5479.7647,8160.4049,11210.7671,0.0,5266.7032,0.0,0.0,0.0,0.0,0.0
2026-07-31T01:00:00,0.0,488.162,1223565.81,-11421.8,75.2749,0.0,83.3281,1,9446.4,0.0,0.0,14052.2123,0.0,0.0,0.0,33.2,33.2,0.0,5479.7647,8160.4049,11210.7671,0.0,5266.7032,0.0,0.0,0.0,0.0,0.0,0.0
2026-07-31T07:00:00,0.0,488.1467,1217859.49,-5706.32,74.9238,1.0,83.2664,1,9446.4,0.0,0.0,0.0,0.0,0.0,1.0,34.0,34.2,5479.7647,8160.4049,11210.7671,0.0,5266.7032,0.0,0.0,0.0,0.0,0.0,0.0,0.0
2026-07-31T13:00:00,5479.7647,488.1528,1220712.27,2852.78,75.0993,0.0,82.2054,1,9446.4,0.0,0.0,0.0,1.0,0.0,1.0,1.0,34.2,8160.4049,11210.7671,0.0,5266.7032,0.0,0.0,0.0,0.0,0.0,0.0,0.0,0.0
2026-07-31T19:00:00,8160.4049,488.2075,1234987.61,14275.33,75.9776,30.6,111.758,1,9446.4,0.0,5479.7647,0.0,0.0,1.0,31.6,31.6,64.6,11210.7671,0.0,5266.7032,0.0,0.0,0.0,0.0,0.0,0.0,0.0,0.0,0.0
2026-08-01T01:00:00,11210.7671,488.2365,1243561.76,8574.15,76.505,0.0,110.3341,1,9446.4,0.0,8160.4049,5479.7647,30.6,0.0,30.6,31.6,31.6,0.0,5266.7032,0.0,0.0,0.0,0.0,0.0,0.0,0.0,0.0,0.0,0.0
2026-08-01T07:00:00,0.0,488.2263,1240702.94,-2858.82,76.3292,0.0,108.9282,1,9446.4,0.0,11210.7671,8160.4049,0.0,30.6,30.6,31.6,31.6,5266.7032,0.0,0.0,0.0,0.0,0.0,0.0,0.0,0.0,0.0,0.0,5480.4502
2026-08-01T13:00:00,5266.7032,488.2363,1243561.76,2858.82,76.505,0.8,108.3403,1,9446.4,0.0,0.0,11210.7671,0.0,0.0,0.8,31.400000000000002,32.4,0.0,0.0,0.0,0.0,0.0,0.0,0.0,0.0,0.0,0.0,5480.4502,0.0
2026-08-01T19:00:00,0.0,488.2003,1234987.61,-8574.15,75.9776,0.0,106.9599,1,9446.4,0.0,5266.7032,0.0,0.8,0.0,0.8,31.400000000000002,32.4,0.0,0.0,0.0,0.0,0.0,0.0,0.0,0.0,0.0,5480.4502,0.0,0.0
2026-08-02T01:00:00,0.0,488.1802,1229275.2,-5712.4,75.6261,0.4,105.9971,1,9446.4,0.0,0.0,5266.7032,0.0,0.8,1.2000000000000002,1.2000000000000002,31.8,0.0,0.0,0.0,0.0,0.0,0.0,0.0,0.0,5480.4502,0.0,0.0,0.0
2026-08-02T07:00:00,0.0,488.1707,1226420.13,-2855.08,75.4505,0.0,104.6465,1,9446.4,0.0,0.0,0.0,0.4,0.0,0.4,1.2000000000000002,31.8,0.0,0.0,0.0,0.0,0.0,0.0,0.0,5480.4502,0.0,0.0,0.0,0.0
2026-08-02T13:00:00,0.0,488.1507,1220712.27,-5707.85,75.0993,0.0,103.3132,1,9446.4,0.0,0.0,0.0,0.0,0.4,0.4,1.2000000000000002,1.2000000000000002,0.0,0.0,0.0,0.0,0.0,0.0,5480.4502,0.0,0.0,0.0,0.0,0.0
2026-08-02T19:00:00,0.0,488.1323,1215007.42,-5704.86,74.7484,0.2,102.1968,1,9446.4,0.0,0.0,0.0,0.0,0.0,0.2,0.6000000000000001,1.4000000000000001,0.0,0.0,0.0,0.0,0.0,5480.4502,0.0,0.0,0.0,0.0,0.0,0.0
2026-08-03T01:00:00,0.0,488.1093,1206455.78,-8551.64,74.2223,0.6,101.4947,1,9446.4,0.0,0.0,0.0,0.2,0.0,0.8,1.2000000000000002,2.0,0.0,0.0,0.0,0.0,5480.4502,0.0,0.0,0.0,0.0,0.0,0.0,2634.3005
2026-08-03T07:00:00,0.0,488.1,1203606.76,-2849.02,74.047,0.0,100.2015,1,9446.4,0.0,0.0,0.0,0.6,0.2,0.8,0.8,1.2000000000000002,0.0,0.0,0.0,5480.4502,0.0,0.0,0.0,0.0,0.0,0.0,2634.3005,2634.3005
2026-08-03T13:00:00,0.0,488.0853,1200758.45,-2848.31,73.8717,0.0,98.9248,1,9446.4,0.0,0.0,0.0,0.0,0.6,0.6,0.8,1.2000000000000002,0.0,0.0,5480.4502,0.0,0.0,0.0,0.0,0.0,0.0,2634.3005,2634.3005,2634.3005
2026-08-03T19:00:00,0.0,488.0707,1197910.98,-2847.47,73.6966,0.0,97.6643,1,9446.4,0.0,0.0,0.0,0.0,0.0,0.0,0.8,0.8,0.0,5480.4502,0.0,0.0,0.0,0.0,0.0,0.0,2634.3005,2634.3005,2634.3005,0.0
2026-08-04T01:00:00,0.0,488.0478,1189373.12,-8537.86,73.1713,0.0,96.42,1,9446.4,0.0,0.0,0.0,0.0,0.0,0.0,0.6,0.8,5480.4502,0.0,0.0,0.0,0.0,0.0,0.0,2634.3005,2634.3005,2634.3005,0.0,4562.1853
2026-08-04T07:00:00,5480.4502,488.0507,1192218.29,2845.18,73.3463,0.0,95.1914,1,9446.4,0.0,0.0,0.0,0.0,0.0,0.0,0.0,0.8,0.0,0.0,0.0,0.0,0.0,0.0,2634.3005,2634.3005,2634.3005,0.0,4562.1853,5413.7185
2026-08-04T13:00:00,0.0,488.0108,1180842.29,-11376.0,72.6465,0.0,93.9786,1,9446.4,0.0,5480.4502,0.0,0.0,0.0,0.0,0.0,0.6,0.0,0.0,0.0,0.0,0.0,2634.3005,2634.3005,2634.3005,0.0,4562.1853,5413.7185,2634.3795
2026-08-04T19:00:00,0.0,487.9947,1175159.27,-5683.02,72.2969,6.0,98.7811,1,9446.4,0.0,0.0,5480.4502,0.0,0.0,6.0,6.0,6.0,0.0,0.0,0.0,0.0,2634.3005,2634.3005,2634.3005,0.0,4562.1853,5413.7185,2634.3795,3315.044
2026-08-05T01:00:00,0.0,487.9758,1169479.81,-5679.46,71.9475,0.0,97.5225,1,9446.4,0.0,0.0,0.0,6.0,0.0,6.0,6.0,6.0,0.0,0.0,0.0,2634.3005,2634.3005,2634.3005,0.0,4562.1853,5413.7185,2634.3795,3315.044,0.0
2026-08-05T07:00:00,0.0,487.9612,1166641.25,-2838.56,71.7728,1.0,97.2799,1,9446.4,0.0,0.0,0.0,0.0,6.0,7.0,7.0,7.0,0.0,0.0,2634.3005,2634.3005,2634.3005,0.0,4562.1853,5413.7185,2634.3795,3315.044,0.0,10641.4949
2026-08-05T13:00:00,0.0,487.9488,1160966.5,-5674.75,71.4237,0.0,96.0404,1,9446.4,0.0,0.0,0.0,1.0,0.0,1.0,7.0,7.0,0.0,2634.3005,2634.3005,2634.3005,0.0,4562.1853,5413.7185,2634.3795,3315.044,0.0,10641.4949,11104.0393
2026-08-05T19:00:00,0.0,487.9312,1158130.43,-2836.07,71.2492,0.8,95.6168,1,9446.4,0.0,0.0,0.0,0.0,1.0,1.8,7.8,7.8,2634.3005,2634.3005,2634.3005,0.0,4562.1853,5413.7185,2634.3795,3315.044,0.0,10641.4949,11104.0393,5478.7487
2026-08-06T01:00:00,2634.3005,487.9347,1158130.43,0.0,71.2492,0.0,94.3985,1,9446.4,0.0,0.0,0.0,0.8,0.0,0.8,1.8,7.8,2634.3005,2634.3005,0.0,4562.1853,5413.7185,2634.3795,3315.044,0.0,10641.4949,11104.0393,5478.7487,2804.3137
2026-08-06T07:00:00,2634.3005,487.9327,1158130.43,0.0,71.2492,0.0,93.1957,1,9446.4,0.0,2634.3005,0.0,0.0,0.8,0.8,1.8,7.8,2634.3005,0.0,4562.1853,5413.7185,2634.3795,3315.044,0.0,10641.4949,11104.0393,5478.7487,2804.3137,14024.0423
2026-08-06T13:00:00,2634.3005,487.9327,1158130.43,0.0,71.2492,0.0,92.0082,1,9446.4,0.0,2634.3005,2634.3005,0.0,0.0,0.0,0.8,1.8,0.0,4562.1853,5413.7185,2634.3795,3315.044,0.0,10641.4949,11104.0393,5478.7487,2804.3137,14024.0423,8334.5712
2026-08-06T19:00:00,0.0,487.9298,1155295.11,-2835.32,71.0748,0.2,91.0359,1,9446.4,0.0,2634.3005,2634.3005,0.0,0.0,0.2,1.0,2.0,4562.1853,5413.7185,2634.3795,3315.044,0.0,10641.4949,11104.0393,5478.7487,2804.3137,14024.0423,8334.5712,8337.6894
2026-08-07T01:00:00,4562.1853,487.9308,1158130.43,2835.32,71.2492,3.2,93.076,1,9446.4,0.0,0.0,2634.3005,0.2,0.0,3.4000000000000004,3.4000000000000004,4.2,5413.7185,2634.3795,3315.044,0.0,10641.4949,11104.0393,5478.7487,2804.3137,14024.0423,8334.5712,8337.6894,2692.6156
2026-08-07T07:00:00,5413.7185,487.94,1160966.5,2836.07,71.4237,0.2,92.0901,1,9446.4,0.0,4562.1853,0.0,3.2,0.2,3.6000000000000005,3.6000000000000005,4.4,2634.3795,3315.044,0.0,10641.4949,11104.0393,5478.7487,2804.3137,14024.0423,8334.5712,8337.6894,2692.6156,7885.7848
2026-08-07T13:00:00,2634.3795,487.9477,1160966.5,0.0,71.4237,0.0,90.9167,1,9446.4,0.0,5413.7185,4562.1853,0.2,3.2,3.4000000000000004,3.6000000000000005,3.6000000000000005,3315.044,0.0,10641.4949,11104.0393,5478.7487,2804.3137,14024.0423,8334.5712,8337.6894,2692.6156,7885.7848,39801.0779
2026-08-07T19:00:00,3315.044,487.9562,1163803.47,2836.97,71.5982,7.6,97.3583,1,9446.4,0.0,2634.3795,5413.7185,0.0,0.2,7.8,11.2,11.2,0.0,10641.4949,11104.0393,5478.7487,2804.3137,14024.0423,8334.5712,8337.6894,2692.6156,7885.7848,39801.0779,0.0
2026-08-08T01:00:00,0.0,487.9633,1166641.25,2837.78,71.7728,23.2,119.3178,1,9446.4,0.0,3315.044,2634.3795,7.6,0.0,30.799999999999997,34.2,34.4,10641.4949,11104.0393,5478.7487,2804.3137,14024.0423,8334.5712,8337.6894,2692.6156,7885.7848,39801.0779,0.0,0.0
2026-08-08T07:00:00,10641.4949,487.9927,1175159.27,8518.02,72.2969,1.8,119.5975,1,9446.4,0.0,0.0,3315.044,23.2,7.6,32.599999999999994,32.8,36.199999999999996,11104.0393,5478.7487,2804.3137,14024.0423,8334.5712,8337.6894,2692.6156,7885.7848,39801.0779,0.0,0.0,11217.5188
2026-08-08T13:00:00,11104.0393,488.0218,1183685.13,8525.86,72.8214,0.2,118.2737,1,9446.4,0.0,10641.4949,0.0,1.8,23.2,25.2,32.8,36.2,5478.7487,2804.3137,14024.0423,8334.5712,8337.6894,2692.6156,7885.7848,39801.0779,0.0,0.0,11217.5188,19818.7171
2026-08-08T19:00:00,5478.7487,488.0332,1186528.76,2843.63,72.9963,0.0,116.7667,1,9446.4,0.0,11104.0393,10641.4949,0.2,1.8,2.0,32.8,33.0,2804.3137,14024.0423,8334.5712,8337.6894,2692.6156,7885.7848,39801.0779,0.0,0.0,11217.5188,19818.7171,8313.0157
2026-08-09T01:00:00,2804.3137,488.057,1192218.29,5689.53,73.3463,19.4,134.6789,1,9446.4,0.0,5478.7487,11104.0393,0.0,0.2,19.599999999999998,44.599999999999994,52.199999999999996,14024.0423,8334.5712,8337.6894,2692.6156,7885.7848,39801.0779,0.0,0.0,11217.5188,19818.7171,8313.0157,0.0
2026-08-09T07:00:00,14024.0423,488.091,1203606.76,11388.47,74.047,0.0,132.9629,1,9446.4,0.0,2804.3137,5478.7487,19.4,0.0,19.4,21.4,52.199999999999996,8334.5712,8337.6894,2692.6156,7885.7848,39801.0779,0.0,0.0,11217.5188,19818.7171,8313.0157,0.0,4988.1452
2026-08-09T13:00:00,8334.5712,488.1125,1209305.6,5698.84,74.3976,0.0,131.2688,1,9446.4,0.0,14024.0423,2804.3137,0.0,19.4,19.4,19.599999999999998,44.599999999999994,8337.6894,2692.6156,7885.7848,39801.0779,0.0,0.0,11217.5188,19818.7171,8313.0157,0.0,4988.1452,31347.4127
2026-08-09T19:00:00,8337.6894,488.1347,1215007.42,5701.81,74.7484,0.0,129.5962,1,9446.4,0.0,8334.5712,14024.0423,0.0,0.0,0.0,19.4,21.4,2692.6156,7885.7848,39801.0779,0.0,0.0,11217.5188,19818.7171,8313.0157,0.0,4988.1452,31347.4127,9078.2464
2026-08-10T01:00:00,2692.6156,488.1417,1217859.49,2852.08,74.9238,9.8,137.745,1,9446.4,0.0,8337.6894,8334.5712,0.0,0.0,9.8,29.2,29.4,7885.7848,39801.0779,0.0,0.0,11217.5188,19818.7171,8313.0157,0.0,4988.1452,31347.4127,9078.2464,0.0
2026-08-10T07:00:00,7885.7848,488.164,1223565.81,5706.32,75.2749,1.6,137.5899,1,9446.4,0.0,2692.6156,8337.6894,9.8,0.0,11.4,11.4,30.8,39801.0779,0.0,0.0,11217.5188,19818.7171,8313.0157,0.0,4988.1452,31347.4127,9078.2464,0.0,8390.4984
2026-08-10T13:00:00,39801.0779,488.2917,1260729.83,37164.02,77.5612,0.0,135.8368,1,9446.4,0.0,7885.7848,2692.6156,1.6,9.8,11.4,11.4,30.8,0.0,0.0,11217.5188,19818.7171,8313.0157,0.0,4988.1452,31347.4127,9078.2464,0.0,8390.4984,54542.2877
2026-08-10T19:00:00,0.0,488.2405,1246421.23,-14308.61,76.681,5.6,139.706,1,9446.4,0.0,39801.0779,7885.7848,0.0,1.6,7.199999999999999,17.0,17.0,0.0,11217.5188,19818.7171,8313.0157,0.0,4988.1452,31347.4127,9078.2464,0.0,8390.4984,54542.2877,0.0
2026-08-11T01:00:00,0.0,488.2397,1243561.76,-2859.47,76.505,13.6,151.526,1,9446.4,0.0,0.0,39801.0779,5.6,0.0,19.2,30.6,30.6,11217.5188,19818.7171,8313.0157,0.0,4988.1452,31347.4127,9078.2464,0.0,8390.4984,54542.2877,0.0,0.0
2026-08-11T07:00:00,11217.5188,488.2683,1252142.44,8580.68,77.0329,0.0,149.5953,1,9446.4,0.0,0.0,0.0,13.6,5.6,19.2,20.799999999999997,30.6,19818.7171,8313.0157,0.0,4988.1452,31347.4127,9078.2464,0.0,8390.4984,54542.2877,0.0,0.0,5521.3454
2026-08-11T13:00:00,19818.7171,488.3273,1269323.88,17181.44,78.09,0.0,147.6893,1,9446.4,0.0,11217.5188,0.0,0.0,13.6,13.6,19.2,30.6,8313.0157,0.0,4988.1452,31347.4127,9078.2464,0.0,8390.4984,54542.2877,0.0,0.0,5521.3454,14176.0609
2026-08-11T19:00:00,8313.0157,488.3445,1275056.83,5732.94,78.4426,0.2,146.0075,1,9446.4,0.0,19818.7171,11217.5188,0.0,0.0,0.2,19.4,20.999999999999996,0.0,4988.1452,31347.4127,9078.2464,0.0,8390.4984,54542.2877,0.0,0.0,5521.3454,14176.0609,22857.6704
2026-08-12T01:00:00,0.0,488.331,1272189.99,-2866.83,78.2663,2.6,146.7471,1,9446.4,0.0,8313.0157,19818.7171,0.2,0.0,2.8000000000000003,16.4,22.0,4988.1452,31347.4127,9078.2464,0.0,8390.4984,54542.2877,0.0,0.0,5521.3454,14176.0609,22857.6704,0.0
2026-08-12T07:00:00,4988.1452,488.3495,1275056.83,2866.83,78.4426,1.8,146.6774,1,9446.4,0.0,0.0,8313.0157,2.6,0.2,4.6000000000000005,4.6000000000000005,23.8,31347.4127,9078.2464,0.0,8390.4984,54542.2877,0.0,0.0,5521.3454,14176.0609,22857.6704,0.0,5524.5389
2026-08-12T13:00:00,31347.4127,488.4443,1303766.09,28709.26,80.2089,0.0,144.8085,1,9446.4,0.0,4988.1452,0.0,1.8,2.6,4.4,4.6000000000000005,18.2,9078.2464,0.0,8390.4984,54542.2877,0.0,0.0,5521.3454,14176.0609,22857.6704,0.0,5524.5389,19967.0955
2026-08-12T19:00:00,9078.2464,488.4883,1315270.42,11504.33,80.9166,17.6,160.5634,1,9446.4,0.0,31347.4127,4988.1452,0.0,1.8,19.400000000000002,22.200000000000003,22.200000000000003,0.0,8390.4984,54542.2877,0.0,0.0,5521.3454,14176.0609,22857.6704,0.0,5524.5389,19967.0955,8421.6164
2026-08-13T01:00:00,0.0,488.4518,1306641.11,-8629.31,80.3857,0.0,158.5176,1,9446.4,0.0,9078.2464,31347.4127,17.6,0.0,17.6,22.0,22.200000000000003,8390.4984,54542.2877,0.0,0.0,5521.3454,14176.0609,22857.6704,0.0,5524.5389,19967.0955,8421.6164,0.0
2026-08-13T07:00:00,8390.4984,488.479,1312393.24,5752.13,80.7396,0.0,156.4979,1,9446.4,0.0,0.0,9078.2464,0.0,17.6,17.6,19.400000000000002,22.200000000000003,54542.2877,0.0,0.0,5521.3454,14176.0609,22857.6704,0.0,5524.5389,19967.0955,8421.6164,0.0,5528.6103
2026-08-13T13:00:00,54542.2877,488.657,1364295.84,51902.6,83.9327,0.0,154.5038,1,9446.4,0.0,8390.4984,0.0,0.0,0.0,0.0,17.6,22.0,0.0,0.0,5521.3454,14176.0609,22857.6704,0.0,5524.5389,19967.0955,8421.6164,0.0,5528.6103,19989.8558
2026-08-13T19:00:00,0.0,488.6022,1349854.47,-14441.37,83.0443,0.0,152.5352,1,9446.4,0.0,54542.2877,8390.4984,0.0,0.0,0.0,17.6,19.400000000000002,0.0,5521.3454,14176.0609,22857.6704,0.0,5524.5389,19967.0955,8421.6164,0.0,5528.6103,19989.8558,0.0
2026-08-14T01:00:00,0.0,488.5402,1332549.22,-17305.25,81.9796,0.0,150.5917,1,9446.4,0.0,0.0,54542.2877,0.0,0.0,0.0,0.0,17.6,5521.3454,14176.0609,22857.6704,0.0,5524.5389,19967.0955,8421.6164,0.0,5528.6103,19989.8558,0.0,0.0
2026-08-14T07:00:00,5521.3454,488.5535,1335431.62,2882.39,82.157,0.0,148.673,1,9446.4,0.0,0.0,0.0,0.0,0.0,0.0,0.0,17.6,14176.0609,22857.6704,0.0,5524.5389,19967.0955,8421.6164,0.0,5528.6103,19989.8558,0.0,0.0,8423.1978
2026-08-14T13:00:00,14176.0609,488.597,1346968.43,11536.82,82.8667,0.0,146.7787,1,9446.4,0.0,5521.3454,0.0,0.0,0.0,0.0,0.0,0.0,22857.6704,0.0,5524.5389,19967.0955,8421.6164,0.0,5528.6103,19989.8558,0.0,0.0,8423.1978,20008.0626
2026-08-14T19:00:00,22857.6704,488.6687,1367186.34,20217.91,84.1105,0.0,144.9085,1,9446.4,0.0,14176.0609,5521.3454,0.0,0.0,0.0,0.0,0.0,0.0,5524.5389,19967.0955,8421.6164,0.0,5528.6103,19989.8558,0.0,0.0,8423.1978,20008.0626,2640.3559
2026-08-15T01:00:00,0.0,488.5878,1344083.14,-23103.2,82.6892,0.0,143.0621,1,9446.4,0.0,22857.6704,14176.0609,0.0,0.0,0.0,0.0,0.0,5524.5389,19967.0955,8421.6164,0.0,5528.6103,19989.8558,0.0,0.0,8423.1978,20008.0626,2640.3559,0.0
2026-08-15T07:00:00,5524.5389,488.5962,1346968.43,2885.29,82.8667,0.0,141.2393,1,9446.4,0.0,0.0,22857.6704,0.0,0.0,0.0,0.0,0.0,19967.0955,8421.6164,0.0,5528.6103,19989.8558,0.0,0.0,8423.1978,20008.0626,2640.3559,0.0,8429.4643
2026-08-15T13:00:00,19967.0955,488.6567,1364295.84,17327.41,83.9327,0.0,139.4397,1,9446.4,0.0,5524.5389,0.0,0.0,0.0,0.0,0.0,0.0,8421.6164,0.0,5528.6103,19989.8558,0.0,0.0,8423.1978,20008.0626,2640.3559,0.0,8429.4643,11329.9697
2026-08-15T19:00:00,8421.6164,488.676,1370077.63,5781.78,84.2884,0.0,137.6631,1,9446.4,0.0,19967.0955,5524.5389,0.0,0.0,0.0,0.0,0.0,0.0,5528.6103,19989.8558,0.0,0.0,8423.1978,20008.0626,2640.3559,0.0,8429.4643,11329.9697,2640.4308
2026-08-16T01:00:00,0.0,488.638,1358517.04,-11560.59,83.5772,0.0,135.909,1,9446.4,0.0,8421.6164,19967.0955,0.0,0.0,0.0,0.0,0.0,5528.6103,19989.8558,0.0,0.0,8423.1978,20008.0626,2640.3559,0.0,8429.4643,11329.9697,2640.4308,0.0
2026-08-16T07:00:00,5528.6103,488.6402,1361406.04,2889.0,83.7549,0.0,134.1774,1,9446.4,0.0,0.0,8421.6164,0.0,0.0,0.0,0.0,0.0,19989.8558,0.0,0.0,8423.1978,20008.0626,2640.3559,0.0,8429.4643,11329.9697,2640.4308,0.0,2640.2064
2026-08-16T13:00:00,19989.8558,488.7092,1378755.83,17349.8,84.8223,0.0,132.4677,1,9446.4,0.0,5528.6103,0.0,0.0,0.0,0.0,0.0,0.0,0.0,0.0,8423.1978,20008.0626,2640.3559,0.0,8429.4643,11329.9697,2640.4308,0.0,2640.2064,0.0
2026-08-16T19:00:00,0.0,488.6993,1375862.31,-2893.52,84.6443,0.0,130.7799,1,9446.4,0.0,19989.8558,5528.6103,0.0,0.0,0.0,0.0,0.0,0.0,8423.1978,20008.0626,2640.3559,0.0,8429.4643,11329.9697,2640.4308,0.0,2640.2064,0.0,7621.4723
2026-08-17T01:00:00,0.0,488.6688,1367186.34,-8675.97,84.1105,0.0,129.1136,1,9446.4,0.0,0.0,19989.8558,0.0,0.0,0.0,0.0,0.0,8423.1978,20008.0626,2640.3559,0.0,8429.4643,11329.9697,2640.4308,0.0,2640.2064,0.0,7621.4723,0.0
2026-08-17T07:00:00,8423.1978,488.6817,1372969.63,5783.29,84.4663,0.0,127.4685,1,9446.4,0.0,0.0,0.0,0.0,0.0,0.0,0.0,0.0,20008.0626,2640.3559,0.0,8429.4643,11329.9697,2640.4308,0.0,2640.2064,0.0,7621.4723,0.0,5247.1414
2026-08-17T13:00:00,20008.0626,488.7445,1390337.34,17367.71,85.5348,0.0,125.8443,1,9446.4,0.0,8423.1978,0.0,0.0,0.0,0.0,0.0,0.0,2640.3559,0.0,8429.4643,11329.9697,2640.4308,0.0,2640.2064,0.0,7621.4723,0.0,5247.1414,14234.274
2026-08-17T19:00:00,2640.3559,488.7482,1390337.34,0.0,85.5348,0.0,124.2409,1,9446.4,0.0,20008.0626,8423.1978,0.0,0.0,0.0,0.0,0.0,0.0,8429.4643,11329.9697,2640.4308,0.0,2640.2064,0.0,7621.4723,0.0,5247.1414,14234.274,13782.4457
2026-08-18T01:00:00,0.0,488.7,1378755.83,-11581.51,84.8223,2.2,124.8579,1,9446.4,0.0,2640.3559,20008.0626,0.0,0.0,2.2,2.2,2.2,8429.4643,11329.9697,2640.4308,0.0,2640.2064,0.0,7621.4723,0.0,5247.1414,14234.274,13782.4457,0.0
2026-08-18T07:00:00,8429.4643,488.7263,1384545.09,5789.26,85.1785,0.0,123.267,1,9446.4,0.0,0.0,2640.3559,2.2,0.0,2.2,2.2,2.2,11329.9697,2640.4308,0.0,2640.2064,0.0,7621.4723,0.0,5247.1414,14234.274,13782.4457,0.0,5538.5287
2026-08-18T13:00:00,11329.9697,488.7543,1393234.63,8689.54,85.7131,0.0,121.6964,1,9446.4,0.0,8429.4643,0.0,0.0,2.2,2.2,2.2,2.2,2640.4308,0.0,2640.2064,0.0,7621.4723,0.0,5247.1414,14234.274,13782.4457,0.0,5538.5287,20045.2269
2026-08-18T19:00:00,2640.4308,488.751,1393234.63,0.0,85.7131,0.0,120.1458,1,9446.4,0.0,11329.9697,8429.4643,0.0,0.0,0.0,2.2,2.2,0.0,2640.2064,0.0,7621.4723,0.0,5247.1414,14234.274,13782.4457,0.0,5538.5287,20045.2269,0.0
2026-08-19T01:00:00,0.0,488.7283,1384545.09,-8689.54,85.1785,0.0,118.615,1,9446.4,0.0,2640.4308,11329.9697,0.0,0.0,0.0,2.2,2.2,2640.2064,0.0,7621.4723,0.0,5247.1414,14234.274,13782.4457,0.0,5538.5287,20045.2269,0.0,0.0
2026-08-19T07:00:00,2640.2064,488.7272,1384545.09,0.0,85.1785,0.0,117.1037,1,9446.4,0.0,0.0,2640.4308,0.0,0.0,0.0,0.0,2.2,0.0,7621.4723,0.0,5247.1414,14234.274,13782.4457,0.0,5538.5287,20045.2269,0.0,0.0,0.0
2026-08-19T13:00:00,0.0,488.7213,1384545.09,0.0,85.1785,22.4,138.0116,1,9446.4,0.0,2640.2064,0.0,0.0,0.0,22.4,22.4,24.599999999999998,7621.4723,0.0,5247.1414,14234.274,13782.4457,0.0,5538.5287,20045.2269,0.0,0.0,0.0,28737.0166
2026-08-19T19:00:00,7621.4723,488.7402,1390337.34,5792.25,85.5348,2.8,139.0531,1,9446.4,0.0,0.0,2640.2064,22.4,0.0,25.2,25.2,25.2,0.0,5247.1414,14234.274,13782.4457,0.0,5538.5287,20045.2269,0.0,0.0,0.0,28737.0166,0.0
2026-08-20T01:00:00,0.0,488.7338,1387440.86,-2896.48,85.3566,0.2,137.4814,1,9446.4,0.0,7621.4723,0.0,2.8,22.4,25.4,25.4,25.4,5247.1414,14234.274,13782.4457,0.0,5538.5287,20045.2269,0.0,0.0,0.0,28737.0166,0.0,0.0
2026-08-20T07:00:00,5247.1414,488.7413,1390337.34,2896.48,85.5348,1.0,136.7297,1,9446.4,0.0,0.0,7621.4723,0.2,2.8,4.0,26.4,26.4,14234.274,13782.4457,0.0,5538.5287,20045.2269,0.0,0.0,0.0,28737.0166,0.0,0.0,2640.1318
2026-08-20T13:00:00,14234.274,488.781,1401930.96,11593.62,86.2481,0.0,134.9875,1,9446.4,0.0,5247.1414,0.0,1.0,0.2,1.2,26.4,26.4,13782.4457,0.0,5538.5287,20045.2269,0.0,0.0,0.0,28737.0166,0.0,0.0,2640.1318,5535.2273
2026-08-20T19:00:00,13782.4457,488.8202,1413536.92,11605.96,86.9621,1.6,134.8676,1,9446.4,0.0,14234.274,5247.1414,0.0,1.0,2.6,5.6,28.0,0.0,5538.5287,20045.2269,0.0,0.0,0.0,28737.0166,0.0,0.0,2640.1318,5535.2273,0.0
2026-08-21T01:00:00,0.0,488.756,1393234.63,-20302.29,85.7131,1.6,134.7492,1,9446.4,0.0,13782.4457,14234.274,1.6,0.0,3.2,4.4,29.6,5538.5287,20045.2269,0.0,0.0,0.0,28737.0166,0.0,0.0,2640.1318,5535.2273,0.0,0.0
2026-08-21T07:00:00,5538.5287,488.7622,1396132.65,2898.02,85.8913,0.0,133.0323,1,9446.4,0.0,0.0,13782.4457,1.6,1.6,3.2,4.2,7.199999999999999,20045.2269,0.0,0.0,0.0,28737.0166,0.0,0.0,2640.1318,5535.2273,0.0,0.0,2639.7604
2026-08-21T13:00:00,20045.2269,488.8237,1413536.92,17404.27,86.9621,0.0,131.3373,1,9446.4,0.0,5538.5287,0.0,0.0,1.6,1.6,3.2,4.4,0.0,0.0,0.0,28737.0166,0.0,0.0,2640.1318,5535.2273,0.0,0.0,2639.7604,22894.8017
2026-08-21T19:00:00,0.0,488.7728,1399031.41,-14505.51,86.0697,0.8,130.4638,1,9446.4,0.0,20045.2269,5538.5287,0.0,0.0,0.8,4.0,5.0,0.0,0.0,28737.0166,0.0,0.0,2640.1318,5535.2273,0.0,0.0,2639.7604,22894.8017,0.0
2026-08-22T01:00:00,0.0,488.7433,1390337.34,-8694.07,85.5348,0.0,128.8015,1,9446.4,0.0,0.0,20045.2269,0.8,0.0,0.8,2.4000000000000004,4.0,0.0,28737.0166,0.0,0.0,2640.1318,5535.2273,0.0,0.0,2639.7604,22894.8017,0.0,0.0
2026-08-22T07:00:00,0.0,488.737,1387440.86,-2896.48,85.3566,0.0,127.1604,1,9446.4,0.0,0.0,0.0,0.0,0.8,0.8,0.8,4.0,28737.0166,0.0,0.0,2640.1318,5535.2273,0.0,0.0,2639.7604,22894.8017,0.0,0.0,2639.3917
2026-08-22T13:00:00,28737.0166,488.8238,1413536.92,26096.06,86.9621,0.0,125.5402,1,9446.4,0.0,0.0,0.0,0.0,0.0,0.0,0.8,2.4000000000000004,0.0,0.0,2640.1318,5535.2273,0.0,0.0,2639.7604,22894.8017,0.0,0.0,2639.3917,31548.9372
2026-08-22T19:00:00,0.0,488.7592,1393234.63,-20302.29,85.7131,0.0,123.9407,1,9446.4,0.0,28737.0166,0.0,0.0,0.0,0.0,0.8,0.8,0.0,2640.1318,5535.2273,0.0,0.0,2639.7604,22894.8017,0.0,0.0,2639.3917,31548.9372,0.0
2026-08-23T01:00:00,0.0,488.7107,1381650.07,-11584.56,85.0004,0.0,122.3615,1,9446.4,0.0,0.0,28737.0166,0.0,0.0,0.0,0.0,0.8,2640.1318,5535.2273,0.0,0.0,2639.7604,22894.8017,0.0,0.0,2639.3917,31548.9372,0.0,0.0
2026-08-23T07:00:00,2640.1318,488.713,1381650.07,0.0,85.0004,0.0,120.8024,1,9446.4,0.0,0.0,0.0,0.0,0.0,0.0,0.0,0.8,5535.2273,0.0,0.0,2639.7604,22894.8017,0.0,0.0,2639.3917,31548.9372,0.0,0.0,0.0
2026-08-23T13:00:00,5535.2273,488.7243,1384545.09,2895.02,85.1785,0.0,119.2632,1,9446.4,0.0,2640.1318,0.0,0.0,0.0,0.0,0.0,0.0,0.0,0.0,2639.7604,22894.8017,0.0,0.0,2639.3917,31548.9372,0.0,0.0,0.0,19926.7526
2026-08-23T19:00:00,0.0,488.7007,1378755.83,-5789.26,84.8223,0.2,117.9436,1,9446.4,0.0,5535.2273,2640.1318,0.0,0.0,0.2,0.2,0.2,0.0,2639.7604,22894.8017,0.0,0.0,2639.3917,31548.9372,0.0,0.0,0.0,19926.7526,0.0
2026-08-24T01:00:00,0.0,488.6615,1367186.34,-11569.49,84.1105,0.0,116.4408,1,9446.4,0.0,0.0,5535.2273,0.2,0.0,0.2,0.2,0.2,2639.7604,22894.8017,0.0,0.0,2639.3917,31548.9372,0.0,0.0,0.0,19926.7526,0.0,0.0
2026-08-24T07:00:00,2639.7604,488.6607,1367186.34,0.0,84.1105,0.0,114.9572,1,9446.4,0.0,0.0,0.0,0.0,0.2,0.2,0.2,0.2,22894.8017,0.0,0.0,2639.3917,31548.9372,0.0,0.0,0.0,19926.7526,0.0,0.0,0.0
2026-08-24T13:00:00,22894.8017,488.7302,1387440.86,20254.52,85.3566,0.0,113.4925,1,9446.4,0.0,2639.7604,0.0,0.0,0.0,0.0,0.2,0.2,0.0,0.0,2639.3917,31548.9372,0.0,0.0,0.0,19926.7526,0.0,0.0,0.0,40081.2008
2026-08-24T19:00:00,0.0,488.649,1361406.04,-26034.83,83.7549,0.0,112.0464,1,9446.4,0.0,22894.8017,2639.7604,0.0,0.0,0.0,0.2,0.2,0.0,2639.3917,31548.9372,0.0,0.0,0.0,19926.7526,0.0,0.0,0.0,40081.2008,25742.9644
2026-08-25T01:00:00,0.0,488.6115,1352741.27,-8664.77,83.2219,0.0,110.6188,1,9446.4,0.0,0.0,22894.8017,0.0,0.0,0.0,0.0,0.2,2639.3917,31548.9372,0.0,0.0,0.0,19926.7526,0.0,0.0,0.0,40081.2008,25742.9644,0.0
2026-08-25T07:00:00,2639.3917,488.6115,1352741.27,0.0,83.2219,0.0,109.2094,1,9446.4,0.0,0.0,0.0,0.0,0.0,0.0,0.0,0.2,31548.9372,0.0,0.0,0.0,19926.7526,0.0,0.0,0.0,40081.2008,25742.9644,0.0,0.0
2026-08-25T13:00:00,31548.9372,488.7107,1381650.07,28908.81,85.0004,0.0,107.8179,1,9446.4,0.0,2639.3917,0.0,0.0,0.0,0.0,0.0,0.0,0.0,0.0,0.0,19926.7526,0.0,0.0,0.0,40081.2008,25742.9644,0.0,0.0,48644.4466
2026-08-25T19:00:00,0.0,488.57,1341198.56,-40451.51,82.5117,0.8,107.2441,1,9446.4,0.0,31548.9372,2639.3917,0.0,0.0,0.8,0.8,0.8,0.0,0.0,19926.7526,0.0,0.0,0.0,40081.2008,25742.9644,0.0,0.0,48644.4466,0.0
2026-08-26T01:00:00,0.0,488.5292,1326786.62,-14411.94,81.6251,0.0,105.8777,1,9446.4,0.0,0.0,31548.9372,0.8,0.0,0.8,0.8,0.8,0.0,19926.7526,0.0,0.0,0.0,40081.2008,25742.9644,0.0,0.0,48644.4466,0.0,0.0
2026-08-26T07:00:00,0.0,488.5083,1321027.03,-5759.59,81.2708,0.0,104.5286,1,9446.4,0.0,0.0,0.0,0.0,0.8,0.8,0.8,0.8,19926.7526,0.0,0.0,0.0,40081.2008,25742.9644,0.0,0.0,48644.4466,0.0,0.0,0.0
2026-08-26T13:00:00,19926.7526,488.5652,1338314.76,17287.73,82.3343,0.0,103.1968,1,9446.4,0.0,0.0,0.0,0.0,0.0,0.0,0.8,0.8,0.0,0.0,0.0,40081.2008,25742.9644,0.0,0.0,48644.4466,0.0,0.0,0.0,45685.5373
2026-08-26T19:00:00,0.0,488.5205,1326786.62,-11528.13,81.6251,16.4,118.2819,1,9446.4,0.0,19926.7526,0.0,0.0,0.0,16.4,17.2,17.2,0.0,0.0,40081.2008,25742.9644,0.0,0.0,48644.4466,0.0,0.0,0.0,45685.5373,25665.2124
2026-08-27T01:00:00,0.0,488.4757,1312393.24,-14393.38,80.7396,0.0,116.7748,1,9446.4,0.0,0.0,19926.7526,16.4,0.0,16.4,16.4,17.2,0.0,40081.2008,25742.9644,0.0,0.0,48644.4466,0.0,0.0,0.0,45685.5373,25665.2124,0.0
2026-08-27T07:00:00,0.0,488.458,1306641.11,-5752.13,80.3857,0.0,115.2869,1,9446.4,0.0,0.0,0.0,0.0,16.4,16.4,16.4,17.2,40081.2008,25742.9644,0.0,0.0,48644.4466,0.0,0.0,0.0,45685.5373,25665.2124,0.0,0.0
2026-08-27T13:00:00,40081.2008,488.5805,1344083.14,37442.03,82.6892,0.0,113.818,1,9446.4,0.0,0.0,0.0,0.0,0.0,0.0,16.4,16.4,25742.9644,0.0,0.0,48644.4466,0.0,0.0,0.0,45685.5373,25665.2124,0.0,0.0,8187.8778
2026-08-27T19:00:00,25742.9644,488.6603,1367186.34,23103.2,84.1105,0.0,112.3678,1,9446.4,0.0,40081.2008,0.0,0.0,0.0,0.0,16.4,16.4,0.0,0.0,48644.4466,0.0,0.0,0.0,45685.5373,25665.2124,0.0,0.0,8187.8778,0.0
2026-08-28T01:00:00,0.0,488.397,1289402.26,-77784.09,79.3252,0.0,110.9361,1,9446.4,0.0,25742.9644,40081.2008,0.0,0.0,0.0,0.0,16.4,0.0,48644.4466,0.0,0.0,0.0,45685.5373,25665.2124,0.0,0.0,8187.8778,0.0,0.0
2026-08-28T07:00:00,0.0,488.3797,1283661.88,-5740.38,78.972,0.0,109.5226,1,9446.4,0.0,0.0,25742.9644,0.0,0.0,0.0,0.0,16.4,48644.4466,0.0,0.0,0.0,45685.5373,25665.2124,0.0,0.0,8187.8778,0.0,0.0,0.0
2026-08-28T13:00:00,48644.4466,488.539,1329667.52,46005.64,81.8023,0.0,108.1271,1,9446.4,0.0,0.0,0.0,0.0,0.0,0.0,0.0,0.0,0.0,0.0,0.0,45685.5373,25665.2124,0.0,0.0,8187.8778,0.0,0.0,0.0,74273.2641
2026-08-28T19:00:00,0.0,488.4037,1292273.57,-37393.95,79.5018,0.0,106.7494,1,9446.4,0.0,48644.4466,0.0,0.0,0.0,0.0,0.0,0.0,0.0,0.0,45685.5373,25665.2124,0.0,0.0,8187.8778,0.0,0.0,0.0,74273.2641,0.0
2026-08-29T01:00:00,0.0,488.3197,1266458.5,-25815.07,77.9137,0.0,105.3893,1,9446.4,0.0,0.0,48644.4466,0.0,0.0,0.0,0.0,0.0,0.0,45685.5373,25665.2124,0.0,0.0,8187.8778,0.0,0.0,0.0,74273.2641,0.0,0.0
2026-08-29T07:00:00,0.0,488.3017,1263593.79,-2864.71,77.7374,0.0,104.0465,1,9446.4,0.0,0.0,0.0,0.0,0.0,0.0,0.0,0.0,45685.5373,25665.2124,0.0,0.0,8187.8778,0.0,0.0,0.0,74273.2641,0.0,0.0,0.0
2026-08-29T13:00:00,45685.5373,488.4507,1306641.11,43047.32,80.3857,0.0,102.7208,1,9446.4,0.0,0.0,0.0,0.0,0.0,0.0,0.0,0.0,25665.2124,0.0,0.0,8187.8778,0.0,0.0,0.0,74273.2641,0.0,0.0,0.0,51170.2871
2026-08-29T19:00:00,25665.2124,488.534,1329667.52,23026.41,81.8023,0.0,101.412,1,9446.4,0.0,45685.5373,0.0,0.0,0.0,0.0,0.0,0.0,0.0,0.0,8187.8778,0.0,0.0,0.0,74273.2641,0.0,0.0,0.0,51170.2871,0.0
2026-08-30T01:00:00,0.0,488.2685,1252142.44,-77525.08,77.0329,0.0,100.1198,1,9446.4,0.0,25665.2124,45685.5373,0.0,0.0,0.0,0.0,0.0,0.0,8187.8778,0.0,0.0,0.0,74273.2641,0.0,0.0,0.0,51170.2871,0.0,0.0
2026-08-30T07:00:00,0.0,488.2533,1249281.49,-2860.95,76.8569,0.2,99.0441,1,9446.4,0.0,0.0,25665.2124,0.0,0.0,0.2,0.2,0.2,8187.8778,0.0,0.0,0.0,74273.2641,0.0,0.0,0.0,51170.2871,0.0,0.0,0.0
2026-08-30T13:00:00,8187.8778,488.2702,1255004.19,5722.7,77.209,0.6,98.3822,1,9446.4,0.0,0.0,0.0,0.2,0.0,0.8,0.8,0.8,0.0,0.0,0.0,74273.2641,0.0,0.0,0.0,51170.2871,0.0,0.0,0.0,2632.8292
2026-08-30T19:00:00,0.0,488.2467,1246421.23,-8582.96,76.681,1.0,98.1286,1,9446.4,0.0,8187.8778,0.0,0.6,0.2,1.8,1.8,1.8,0.0,0.0,74273.2641,0.0,0.0,0.0,51170.2871,0.0,0.0,0.0,2632.8292,25004.7548
2026-08-31T01:00:00,0.0,488.2123,1237844.92,-8576.3,76.1533,0.2,97.0783,1,9446.4,0.0,0.0,8187.8778,1.0,0.6,1.8,2.0,2.0,0.0,74273.2641,0.0,0.0,0.0,51170.2871,0.0,0.0,0.0,2632.8292,25004.7548,14040.4721
2026-08-31T07:00:00,0.0,488.1945,1232130.98,-5713.95,75.8018,3.4,99.2414,1,9446.4,0.0,0.0,0.0,0.2,1.0,4.6,5.4,5.4,74273.2641,0.0,0.0,0.0,51170.2871,0.0,0.0,0.0,2632.8292,25004.7548,14040.4721,0.0
2026-08-31T13:00:00,74273.2641,488.4412,1303766.09,71635.12,80.2089,0.0,97.9769,1,9446.4,0.0,0.0,0.0,3.4,0.2,3.6,5.2,5.4,0.0,0.0,0.0,51170.2871,0.0,0.0,0.0,2632.8292,25004.7548,14040.4721,0.0,30853.0082
2026-08-31T19:00:00,0.0,488.3973,1289402.26,-14363.83,79.3252,0.0,96.7286,1,9446.4,0.0,74273.2641,0.0,0.0,3.4,3.4,4.6,5.4,0.0,0.0,51170.2871,0.0,0.0,0.0,2632.8292,25004.7548,14040.4721,0.0,30853.0082,0.0
2026-09-01T01:00:00,0.0,488.1187,1209305.6,-80096.66,74.3976,0.8,96.2961,1,9446.4,0.0,0.0,74273.2641,0.0,0.0,0.8,4.4,6.0,0.0,51170.2871,0.0,0.0,0.0,2632.8292,25004.7548,14040.4721,0.0,30853.0082,0.0,0.0
2026-09-01T07:00:00,0.0,488.0935,1203606.76,-5698.84,74.047,0.0,95.0692,1,9446.4,0.0,0.0,0.0,0.8,0.0,0.8,4.2,5.3999999999999995,51170.2871,0.0,0.0,0.0,2632.8292,25004.7548,14040.4721,0.0,30853.0082,0.0,0.0,0.0
2026-09-01T13:00:00,51170.2871,488.2693,1252142.44,48535.68,77.0329,0.0,93.8578,1,9446.4,0.0,0.0,0.0,0.0,0.8,0.8,0.8,4.4,0.0,0.0,0.0,2632.8292,25004.7548,14040.4721,0.0,30853.0082,0.0,0.0,0.0,14664.792
2026-09-01T19:00:00,0.0,488.0612,1195064.26,-57078.18,73.5214,5.2,97.862,1,9446.4,0.0,51170.2871,0.0,0.0,0.0,5.2,6.0,9.4,0.0,0.0,2632.8292,25004.7548,14040.4721,0.0,30853.0082,0.0,0.0,0.0,14664.792,23482.4543
2026-09-02T01:00:00,0.0,488.0433,1189373.12,-5691.14,73.1713,0.2,96.8151,1,9446.4,0.0,0.0,51170.2871,5.2,0.0,5.4,6.2,6.2,0.0,2632.8292,25004.7548,14040.4721,0.0,30853.0082,0.0,0.0,0.0,14664.792,23482.4543,2634.3885
2026-09-02T07:00:00,0.0,488.0245,1183685.13,-5687.98,72.8214,0.2,95.7815,1,9446.4,0.0,0.0,0.0,0.2,5.2,5.6000000000000005,5.6000000000000005,6.4,2632.8292,25004.7548,14040.4721,0.0,30853.0082,0.0,0.0,0.0,14664.792,23482.4543,2634.3885,5493.9316
2026-09-02T13:00:00,2632.8292,488.0207,1183685.13,0.0,72.8214,0.0,94.5611,1,9446.4,0.0,0.0,0.0,0.2,0.2,0.4,5.6000000000000005,6.4,25004.7548,14040.4721,0.0,30853.0082,0.0,0.0,0.0,14664.792,23482.4543,2634.3885,5493.9316,25537.6975
2026-09-02T19:00:00,25004.7548,488.1172,1209305.6,25620.47,74.3976,11.4,104.7562,1,9446.4,0.0,2632.8292,0.0,0.0,0.2,11.6,17.0,17.0,14040.4721,0.0,30853.0082,0.0,0.0,0.0,14664.792,23482.4543,2634.3885,5493.9316,25537.6975,0.0
2026-09-03T01:00:00,14040.4721,488.1558,1220712.27,11406.67,75.0993,0.0,103.4215,1,9446.4,0.0,25004.7548,2632.8292,11.4,0.0,11.4,11.8,17.0,0.0,30853.0082,0.0,0.0,0.0,14664.792,23482.4543,2634.3885,5493.9316,25537.6975,0.0,0.0
2026-09-03T07:00:00,0.0,488.1478,1217859.49,-2852.78,74.9238,0.0,102.1038,1,9446.4,0.0,14040.4721,25004.7548,0.0,11.4,11.4,11.6,17.0,30853.0082,0.0,0.0,0.0,14664.792,23482.4543,2634.3885,5493.9316,25537.6975,0.0,0.0,2634.3885
2026-09-03T13:00:00,30853.0082,488.2428,1246421.23,28561.74,76.681,1.2,102.0028,1,9446.4,0.0,0.0,14040.4721,0.0,0.0,1.2,12.6,13.0,0.0,0.0,0.0,14664.792,23482.4543,2634.3885,5493.9316,25537.6975,0.0,0.0,2634.3885,59965.9454
2026-09-03T19:00:00,0.0,488.1763,1226420.13,-20001.1,75.4505,0.2,100.9031,1,9446.4,0.0,30853.0082,0.0,1.2,0.0,1.4,12.799999999999999,12.999999999999998,0.0,0.0,14664.792,23482.4543,2634.3885,5493.9316,25537.6975,0.0,0.0,2634.3885,59965.9454,0.0
2026-09-04T01:00:00,0.0,488.1423,1217859.49,-8560.64,74.9238,0.0,99.6175,1,9446.4,0.0,0.0,30853.0082,0.2,1.2,1.4,1.4,12.799999999999999,0.0,14664.792,23482.4543,2634.3885,5493.9316,25537.6975,0.0,0.0,2634.3885,59965.9454,0.0,11249.6111
2026-09-04T07:00:00,0.0,488.106,1206455.78,-11403.71,74.2223,0.0,98.3482,1,9446.4,0.0,0.0,0.0,0.0,0.2,0.2,1.4,12.799999999999999,14664.792,23482.4543,2634.3885,5493.9316,25537.6975,0.0,0.0,2634.3885,59965.9454,0.0,11249.6111,8382.074
2026-09-04T13:00:00,14664.792,488.1598,1220712.27,14256.5,75.0993,7.8,104.8951,1,9446.4,0.0,0.0,0.0,0.0,0.0,7.8,9.2,9.2,23482.4543,2634.3885,5493.9316,25537.6975,0.0,0.0,2634.3885,59965.9454,0.0,11249.6111,8382.074,6199.9528
2026-09-04T19:00:00,23482.4543,488.2375,1243561.76,22849.48,76.505,7.0,110.5586,1,9446.4,0.0,14664.792,0.0,7.8,0.0,14.8,15.0,16.2,2634.3885,5493.9316,25537.6975,0.0,0.0,2634.3885,59965.9454,0.0,11249.6111,8382.074,6199.9528,5511.752
2026-09-05T01:00:00,2634.3885,488.2392,1243561.76,0.0,76.505,0.0,109.1499,1,9446.4,0.0,23482.4543,14664.792,7.0,7.8,14.8,14.8,16.2,5493.9316,25537.6975,0.0,0.0,2634.3885,59965.9454,0.0,11249.6111,8382.074,6199.9528,5511.752,5512.5586
2026-09-05T07:00:00,5493.9316,488.2402,1246421.23,2859.47,76.681,0.0,107.7592,1,9446.4,0.0,2634.3885,23482.4543,0.0,7.0,7.0,14.8,15.0,25537.6975,0.0,0.0,2634.3885,59965.9454,0.0,11249.6111,8382.074,6199.9528,5511.752,5512.5586,0.0
2026-09-05T13:00:00,25537.6975,488.3257,1269323.88,22902.66,78.09,0.0,106.3862,1,9446.4,0.0,5493.9316,2634.3885,0.0,0.0,0.0,14.8,14.8,0.0,0.0,2634.3885,59965.9454,0.0,11249.6111,8382.074,6199.9528,5511.752,5512.5586,0.0,5972.6527
2026-09-05T19:00:00,0.0,488.268,1252142.44,-17181.44,77.0329,2.4,107.4307,1,9446.4,0.0,25537.6975,5493.9316,0.0,0.0,2.4,9.4,17.2,0.0,2634.3885,59965.9454,0.0,11249.6111,8382.074,6199.9528,5511.752,5512.5586,0.0,5972.6527,17033.6548
2026-09-06T01:00:00,0.0,488.2373,1243561.76,-8580.68,76.505,0.0,106.0619,1,9446.4,0.0,0.0,25537.6975,2.4,0.0,2.4,2.4,17.2,2634.3885,59965.9454,0.0,11249.6111,8382.074,6199.9528,5511.752,5512.5586,0.0,5972.6527,17033.6548,2578.936
2026-09-06T07:00:00,2634.3885,488.234,1243561.76,0.0,76.505,0.0,104.7105,1,9446.4,0.0,0.0,0.0,0.0,2.4,2.4,2.4,9.4,59965.9454,0.0,11249.6111,8382.074,6199.9528,5511.752,5512.5586,0.0,5972.6527,17033.6548,2578.936,2636.5612
2026-09-06T13:00:00,59965.9454,488.4368,1300891.87,57330.11,80.032,0.0,103.3763,1,9446.4,0.0,2634.3885,0.0,0.0,0.0,0.0,2.4,2.4,0.0,11249.6111,8382.074,6199.9528,5511.752,5512.5586,0.0,5972.6527,17033.6548,2578.936,2636.5612,11284.0199
2026-09-06T19:00:00,0.0,488.3807,1286531.71,-14360.16,79.1486,0.0,102.0591,1,9446.4,0.0,59965.9454,2634.3885,0.0,0.0,0.0,2.4,2.4,11249.6111,8382.074,6199.9528,5511.752,5512.5586,0.0,5972.6527,17033.6548,2578.936,2636.5612,11284.0199,10709.881
2026-09-07T01:00:00,11249.6111,488.4112,1295145.63,8613.92,79.6785,0.0,100.7588,1,9446.4,0.0,0.0,59965.9454,0.0,0.0,0.0,0.0,2.4,8382.074,6199.9528,5511.752,5512.5586,0.0,5972.6527,17033.6548,2578.936,2636.5612,11284.0199,10709.881,168449.0504
2026-09-07T07:00:00,8382.074,488.4363,1300891.87,5746.24,80.032,0.0,99.4749,1,9446.4,0.0,11249.6111,0.0,0.0,0.0,0.0,0.0,2.4,6199.9528,5511.752,5512.5586,0.0,5972.6527,17033.6548,2578.936,2636.5612,11284.0199,10709.881,168449.0504,40887.5921
2026-09-07T13:00:00,6199.9528,488.45,1306641.11,5749.25,80.3857,7.6,105.8075,1,9446.4,0.0,8382.074,11249.6111,0.0,0.0,7.6,7.6,7.6,5511.752,5512.5586,0.0,5972.6527,17033.6548,2578.936,2636.5612,11284.0199,10709.881,168449.0504,40887.5921,29161.0099
2026-09-07T19:00:00,5511.752,488.4653,1309516.81,2875.7,80.5627,0.0,104.4593,1,9446.4,0.0,6199.9528,8382.074,7.6,0.0,7.6,7.6,7.6,5512.5586,0.0,5972.6527,17033.6548,2578.936,2636.5612,11284.0199,10709.881,168449.0504,40887.5921,29161.0099,80714.5055
2026-09-08T01:00:00,5512.5586,488.474,1312393.24,2876.43,80.7396,0.0,103.1284,1,9446.4,0.0,5511.752,6199.9528,0.0,7.6,7.6,7.6,7.6,0.0,5972.6527,17033.6548,2578.936,2636.5612,11284.0199,10709.881,168449.0504,40887.5921,29161.0099,80714.5055,154793.6961
2026-09-08T07:00:00,0.0,488.4673,1309516.81,-2876.43,80.5627,0.0,101.8144,1,9446.4,0.0,5512.5586,5511.752,0.0,0.0,0.0,7.6,7.6,5972.6527,17033.6548,2578.936,2636.5612,11284.0199,10709.881,168449.0504,40887.5921,29161.0099,80714.5055,154793.6961,180290.1927
2026-09-08T13:00:00,5972.6527,488.482,1315270.42,5753.61,80.9166,8.4,108.9171,1,9446.4,0.0,0.0,5512.5586,0.0,0.0,8.4,16.0,16.0,17033.6548,2578.936,2636.5612,11284.0199,10709.881,168449.0504,40887.5921,29161.0099,80714.5055,154793.6961,180290.1927,180009.3779
2026-09-08T19:00:00,17033.6548,488.5332,1329667.52,14397.09,81.8023,0.0,107.5294,1,9446.4,0.0,5972.6527,0.0,8.4,0.0,8.4,8.4,16.0,2578.936,2636.5612,11284.0199,10709.881,168449.0504,40887.5921,29161.0099,80714.5055,154793.6961,180290.1927,180009.3779,188967.3409
2026-09-09T01:00:00,2578.936,488.5318,1329667.52,0.0,81.8023,0.2,106.3593,1,9446.4,0.0,17033.6548,5972.6527,0.0,8.4,8.6,8.6,16.2,2636.5612,11284.0199,10709.881,168449.0504,40887.5921,29161.0099,80714.5055,154793.6961,180290.1927,180009.3779,188967.3409,178023.0216
2026-09-09T07:00:00,2636.5612,488.5318,1329667.52,0.0,81.8023,0.0,105.0041,1,9446.4,0.0,2578.936,17033.6548,0.2,0.0,0.2,8.6,8.6,11284.0199,10709.881,168449.0504,40887.5921,29161.0099,80714.5055,154793.6961,180290.1927,180009.3779,188967.3409,178023.0216,167659.1527
2026-09-09T13:00:00,11284.0199,488.5697,1338314.76,8647.24,82.3343,0.0,103.6662,1,9446.4,0.0,2636.5612,2578.936,0.0,0.2,0.2,8.6,8.6,10709.881,168449.0504,40887.5921,29161.0099,80714.5055,154793.6961,180290.1927,180009.3779,188967.3409,178023.0216,167659.1527,135374.8745
2026-09-09T19:00:00,10709.881,488.6283,1355628.73,17313.97,83.3995,32.0,134.3453,1,9446.4,0.0,11284.0199,2636.5612,0.0,0.0,32.0,32.2,40.6,168449.0504,40887.5921,29161.0099,80714.5055,154793.6961,180290.1927,180009.3779,188967.3409,178023.0216,167659.1527,135374.8745,130657.1848
2026-09-10T01:00:00,168449.0504,489.1958,1521494.77,165866.04,93.6037,0.2,132.8336,1,9446.4,0.0,10709.881,11284.0199,32.0,0.0,32.2,32.400000000000006,40.800000000000004,40887.5921,29161.0099,80714.5055,154793.6961,180290.1927,180009.3779,188967.3409,178023.0216,167659.1527,135374.8745,130657.1848,122385.3541
2026-09-10T07:00:00,40887.5921,489.3275,1559797.59,38302.82,95.9602,0.2,131.3411,1,9446.4,0.0,168449.0504,10709.881,0.2,32.0,32.400000000000006,32.400000000000006,32.60000000000001,29161.0099,80714.5055,154793.6961,180290.1927,180009.3779,188967.3409,178023.0216,167659.1527,135374.8745,130657.1848,122385.3541,109601.5105
2026-09-10T13:00:00,29161.0099,489.417,1586490.96,26693.37,97.6024,0.6,130.2676,1,9446.4,0.0,40887.5921,168449.0504,0.2,0.2,1.0,33.00000000000001,33.20000000000001,80714.5055,154793.6961,180290.1927,180009.3779,188967.3409,178023.0216,167659.1527,135374.8745,130657.1848,122385.3541,109601.5105,90771.0484
2026-09-10T19:00:00,80714.5055,489.6508,1658675.8,72184.83,102.0432,26.2,154.8078,1,9446.4,13820.92,29161.0099,40887.5921,0.6,0.2,27.0,59.2,59.2,154793.6961,180290.1927,180009.3779,188967.3409,178023.0216,167659.1527,135374.8745,130657.1848,122385.3541,109601.5105,90771.0484,85821.7308
2026-09-11T01:00:00,154793.6961,489.8758,1725819.69,67143.9,106.174,9.6,162.4353,1,9446.4,87948.41,80714.5055,29161.0099,26.2,0.6,36.4,36.8,68.8,180290.1927,180009.3779,188967.3409,178023.0216,167659.1527,135374.8745,130657.1848,122385.3541,109601.5105,90771.0484,85821.7308,85953.1985
2026-09-11T07:00:00,180290.1927,489.9562,1750489.9,24670.21,107.6917,0.2,160.5657,1,9446.4,153025.02,154793.6961,80714.5055,9.6,26.2,36.0,36.800000000000004,69.0,180009.3779,188967.3409,178023.0216,167659.1527,135374.8745,130657.1848,122385.3541,109601.5105,90771.0484,85821.7308,85953.1985,75906.5427
2026-09-11T13:00:00,180009.3779,489.9762,1756674.08,6184.18,108.0722,0.0,158.5198,1,9446.4,171168.1,180290.1927,154793.6961,0.2,9.6,9.799999999999999,36.6,37.0,188967.3409,178023.0216,167659.1527,135374.8745,130657.1848,122385.3541,109601.5105,90771.0484,85821.7308,85953.1985,75906.5427,62777.222
2026-09-11T19:00:00,188967.3409,489.9892,1759768.74,3094.66,108.2626,0.6,157.1001,1,9446.4,183401.15,180009.3779,180290.1927,0.0,0.2,0.8,36.6,37.400000000000006,178023.0216,167659.1527,135374.8745,130657.1848,122385.3541,109601.5105,90771.0484,85821.7308,85953.1985,75906.5427,62777.222,65900.5393
2026-09-12T01:00:00,178023.0216,489.9807,1759768.74,0.0,108.2626,0.0,155.0984,1,9446.4,175365.76,188967.3409,180009.3779,0.6,0.0,0.6,10.399999999999999,37.2,167659.1527,135374.8745,130657.1848,122385.3541,109601.5105,90771.0484,85821.7308,85953.1985,75906.5427,62777.222,65900.5393,64897.3348
2026-09-12T07:00:00,167659.1527,489.9728,1756674.08,-3094.66,108.0722,0.0,153.1222,1,9446.4,168096.71,178023.0216,188967.3409,0.0,0.6,0.6,0.8,36.6,135374.8745,130657.1848,122385.3541,109601.5105,90771.0484,85821.7308,85953.1985,75906.5427,62777.222,65900.5393,64897.3348,55634.7182
2026-09-12T13:00:00,135374.8745,489.9437,1747400.29,-9273.78,107.5016,0.0,151.1712,1,9446.4,141992.04,167659.1527,178023.0216,0.0,0.0,0.0,0.6,10.399999999999999,130657.1848,122385.3541,109601.5105,90771.0484,85821.7308,85953.1985,75906.5427,62777.222,65900.5393,64897.3348,55634.7182,51614.233
2026-09-12T19:00:00,130657.1848,489.9312,1744312.38,-3087.92,107.3117,0.0,149.2451,1,9446.4,131088.65,135374.8745,167659.1527,0.0,0.0,0.0,0.6,0.8,122385.3541,109601.5105,90771.0484,85821.7308,85953.1985,75906.5427,62777.222,65900.5393,64897.3348,55634.7182,51614.233,48115.1009
2026-09-13T01:00:00,122385.3541,489.9213,1741226.06,-3086.32,107.1218,0.0,147.3435,1,9446.4,122815.38,130657.1848,135374.8745,0.0,0.0,0.0,0.0,0.6,109601.5105,90771.0484,85821.7308,85953.1985,75906.5427,62777.222,65900.5393,64897.3348,55634.7182,51614.233,48115.1009,56433.132
2026-09-13T07:00:00,109601.5105,489.9095,1735058.57,-6167.48,106.7424,0.0,145.4661,1,9446.4,113113.02,122385.3541,130657.1848,0.0,0.0,0.0,0.0,0.6,90771.0484,85821.7308,85953.1985,75906.5427,62777.222,65900.5393,64897.3348,55634.7182,51614.233,48115.1009,56433.132,46216.2325
2026-09-13T13:00:00,90771.0484,489.8855,1728897.66,-6160.91,106.3633,0.0,143.6126,1,9446.4,94276.3,109601.5105,122385.3541,0.0,0.0,0.0,0.0,0.0,85821.7308,85953.1985,75906.5427,62777.222,65900.5393,64897.3348,55634.7182,51614.233,48115.1009,56433.132,46216.2325,44128.3676
2026-09-13T19:00:00,85821.7308,489.8748,1725819.69,-3077.97,106.174,0.0,141.7828,1,9446.4,86244.2,90771.0484,109601.5105,0.0,0.0,0.0,0.0,0.0,85953.1985,75906.5427,62777.222,65900.5393,64897.3348,55634.7182,51614.233,48115.1009,56433.132,46216.2325,44128.3676,47167.4125
2026-09-14T01:00:00,85953.1985,489.8708,1725819.69,0.0,106.174,0.0,139.9763,1,9446.4,83297.7,85821.7308,90771.0484,0.0,0.0,0.0,0.0,0.0,75906.5427,62777.222,65900.5393,64897.3348,55634.7182,51614.233,48115.1009,56433.132,46216.2325,44128.3676,47167.4125,50675.7631
2026-09-14T07:00:00,75906.5427,489.8612,1722743.39,-3076.31,105.9847,0.0,138.1928,1,9446.4,76327.51,85953.1985,85821.7308,0.0,0.0,0.0,0.0,0.0,62777.222,65900.5393,64897.3348,55634.7182,51614.233,48115.1009,56433.132,46216.2325,44128.3676,47167.4125,50675.7631,47885.6752
2026-09-14T13:00:00,62777.222,489.8467,1716595.66,-6147.73,105.6065,0.0,136.432,1,9446.4,66269.93,75906.5427,85953.1985,0.0,0.0,0.0,0.0,0.0,65900.5393,64897.3348,55634.7182,51614.233,48115.1009,56433.132,46216.2325,44128.3676,47167.4125,50675.7631,47885.6752,46314.3547
2026-09-14T19:00:00,65900.5393,489.8422,1716595.66,0.0,105.6065,0.0,134.6937,1,9446.4,63245.52,62777.222,75906.5427,0.0,0.0,0.0,0.0,0.0,64897.3348,55634.7182,51614.233,48115.1009,56433.132,46216.2325,44128.3676,47167.4125,50675.7631,47885.6752,46314.3547,31660.1619
2026-09-15T01:00:00,64897.3348,489.8407,1716595.66,0.0,105.6065,0.0,132.9775,1,9446.4,62242.31,65900.5393,62777.222,0.0,0.0,0.0,0.0,0.0,55634.7182,51614.233,48115.1009,56433.132,46216.2325,44128.3676,47167.4125,50675.7631,47885.6752,46314.3547,31660.1619,22331.0688
2026-09-15T07:00:00,55634.7182,489.8312,1713524.23,-3071.43,105.4176,0.0,131.2831,1,9446.4,56051.28,64897.3348,65900.5393,0.0,0.0,0.0,0.0,0.0,51614.233,48115.1009,56433.132,46216.2325,44128.3676,47167.4125,50675.7631,47885.6752,46314.3547,31660.1619,22331.0688,12620.0986
2026-09-15T13:00:00,51614.233,489.8248,1710454.44,-3069.8,105.2287,0.0,129.6104,1,9446.4,52029.33,55634.7182,64897.3348,0.0,0.0,0.0,0.0,0.0,48115.1009,56433.132,46216.2325,44128.3676,47167.4125,50675.7631,47885.6752,46314.3547,31660.1619,22331.0688,12620.0986,
2026-09-15T19:00:00,48115.1009,489.8197,1707386.39,-3068.04,105.04,1.0,128.959,1,9446.4,48835.33,51614.233,55634.7182,0.0,0.0,1.0,1.0,1.0,56433.132,46216.2325,44128.3676,47167.4125,50675.7631,47885.6752,46314.3547,31660.1619,22331.0688,12620.0986,,
2026-09-16T01:00:00,56433.132,489.8228,1710454.44,3068.04,105.2287,0.2,127.5159,1,9446.4,50771.76,48115.1009,51614.233,1.0,0.0,1.2,1.2,1.2,46216.2325,44128.3676,47167.4125,50675.7631,47885.6752,46314.3547,31660.1619,22331.0688,12620.0986,,,
2026-09-16T07:00:00,46216.2325,489.8163,1707386.39,-3068.04,105.04,0.6,126.4911,1,9446.4,46813.78,56433.132,48115.1009,0.2,1.0,1.7999999999999998,1.7999999999999998,1.7999999999999998,44128.3676,47167.4125,50675.7631,47885.6752,46314.3547,31660.1619,22331.0688,12620.0986,,,,
2026-09-16T13:00:00,44128.3676,489.8123,1707386.39,0.0,105.04,9.6,134.4794,1,9446.4,44418.38,46216.2325,56433.132,0.6,0.2,10.4,11.399999999999999,11.399999999999999,47167.4125,50675.7631,47885.6752,46314.3547,31660.1619,22331.0688,12620.0986,,,,,
2026-09-16T19:00:00,47167.4125,489.8125,1707386.39,0.0,105.04,0.0,132.766,1,9446.4,44512.88,44128.3676,46216.2325,9.6,0.6,10.2,11.399999999999999,11.399999999999999,50675.7631,47885.6752,46314.3547,31660.1619,22331.0688,12620.0986,,,,,,
2026-09-17T01:00:00,50675.7631,489.8183,1707386.39,0.0,105.04,0.0,131.0743,1,9446.4,48021.23,47167.4125,44128.3676,0.0,9.6,9.6,10.4,11.399999999999999,47885.6752,46314.3547,31660.1619,22331.0688,12620.0986,,,,,,,
2026-09-17T07:00:00,47885.6752,489.8137,1707386.39,0.0,105.04,0.0,129.4043,1,9446.4,45231.14,50675.7631,47167.4125,0.0,0.0,0.0,10.2,11.399999999999999,46314.3547,31660.1619,22331.0688,12620.0986,,,,,,,,
2026-09-17T13:00:00,46314.3547,489.811,1707386.39,0.0,105.04,0.0,127.7555,1,9446.4,43659.82,47885.6752,50675.7631,0.0,0.0,0.0,9.6,10.4,31660.1619,22331.0688,12620.0986,,,,,,,,,
2026-09-17T19:00:00,31660.1619,489.7958,1701265.99,-6120.4,104.6634,0.0,126.1277,1,9446.4,35127.37,46314.3547,47885.6752,0.0,0.0,0.0,0.0,10.2,22331.0688,12620.0986,,,,,,,,,,
2026-09-18T01:00:00,22331.0688,489.778,1695162.85,-6103.14,104.288,0.0,124.5206,1,9446.4,25781.32,31660.1619,46314.3547,0.0,0.0,0.0,0.0,9.6,12620.0986,,,,,,,,,,,
2026-09-18T07:00:00,12620.0986,489.757,1689066.07,-6096.78,103.9129,0.0,122.9341,1,9446.4,16064.31,22331.0688,31660.1619,0.0,0.0,0.0,0.0,0.0,,,,,,,,,,,,
