{
  "JAN": 103.0692307692308,
  "FEB": 115.03999999999999,
  "MAR": 136.92461538461538,
  "APR": 152.96692307692308,
  "MAY": 146.68923076923076,
  "JUN": 140.09307692307695,
  "JUL": 120.02538461538461,
  "AUG": 125.63923076923078,
  "SEP": 120.25076923076925,
  "OCT": 112.23615384615384,
  "NOV": 101.06923076923077,
  "DEC": 99.02
}