{"type":"FeatureCollection","features":[{"type":"Feature","properties":{"building":"yes","name_th":null,"depths":[0.0,0.0,0.0,0.0,0.0,0.0,0.0],"depth_p95":0.0,"depth_yagi2024":0.0},"geometry":{"type":"Polygon","coordinates":[[[99.8957384,19.0277733],[99.8966578,19.0282804],[99.8963946,19.028707],[99.8954751,19.0281999],[99.8957384,19.0277733]],[[99.8960423,19.0282768],[99.8962403,19.028386],[99.8962811,19.0283199],[99.8961479,19.0282464],[99.8961651,19.0282185],[99.8961003,19.0281828],[99.8960423,19.0282768]]]}},{"type":"Feature","properties":{"building":"yes","name_th":null,"depths":[0.0,0.0,0.0,0.0,0.0,0.0,0.0],"depth_p95":2.2209,"depth_yagi2024":3.3314},"geometry":{"type":"Polygon","coordinates":[[[99.8801349,19.141074],[99.8800147,19.1406263],[99.8802258,19.1405758],[99.8802803,19.140779],[99.8805293,19.1407194],[99.8805949,19.1409639],[99.8801349,19.141074]]]}},{"type":"Feature","properties":{"building":"yes","name_th":null,"depths":[0.0,0.0,0.0,0.0,0.0,0.0,0.0],"depth_p95":2.346,"depth_yagi2024":2.9717},"geometry":{"type":"Polygon","coordinates":[[[99.8799854,19.1416142],[99.8797794,19.1406754],[99.8799633,19.1406394],[99.8801693,19.1415782],[99.8799854,19.1416142]]]}},{"type":"Feature","properties":{"building":"yes","name_th":null,"depths":[0.0,0.0,0.0,0.0,0.0,0.0,0.0],"depth_p95":0.0,"depth_yagi2024":0.0},"geometry":{"type":"Polygon","coordinates":[[[99.8207768,19.0923502],[99.8207243,19.0924792],[99.8203364,19.0923383],[99.8203889,19.0922093],[99.8207768,19.0923502]]]}},{"type":"Feature","properties":{"building":"yes","name_th":null,"depths":[0.0,0.0,0.0,0.0,0.0,0.0,0.0],"depth_p95":0.0,"depth_yagi2024":0.0},"geometry":{"type":"Polygon","coordinates":[[[99.8192719,19.0919125],[99.8193714,19.0919993],[99.8193212,19.0920508],[99.8192217,19.0919639],[99.8192719,19.0919125]]]}},{"type":"Feature","properties":{"building":"yes","name_th":null,"depths":[0.0,0.0,0.0,0.0,0.0,0.0,0.0],"depth_p95":0.0,"depth_yagi2024":0.0},"geometry":{"type":"Polygon","coordinates":[[[99.8195326,19.0921252],[99.8196334,19.0922097],[99.8195753,19.0922715],[99.8194745,19.092187],[99.8195326,19.0921252]]]}},{"type":"Feature","properties":{"building":"yes","name_th":null,"depths":[0.0,0.0,0.0,0.0,0.0,0.0,0.0],"depth_p95":0.0,"depth_yagi2024":0.0},"geometry":{"type":"Polygon","coordinates":[[[99.8194011,19.0920223],[99.8194989,19.0921083],[99.8194466,19.0921615],[99.8193487,19.0920755],[99.8194011,19.0920223]]]}},{"type":"Feature","properties":{"building":"yes","name_th":null,"depths":[0.0,0.0,0.0,0.0,0.0,0.0,0.0],"depth_p95":0.0,"depth_yagi2024":0.0},"geometry":{"type":"Polygon","coordinates":[[[99.8195297,19.0918754],[99.819626,19.0919539],[99.8195751,19.0920098],[99.8194787,19.0919313],[99.8195297,19.0918754]]]}},{"type":"Feature","properties":{"building":"yes","name_th":null,"depths":[0.0,0.0,0.0,0.0,0.0,0.0,0.0],"depth_p95":0.0,"depth_yagi2024":0.0},"geometry":{"type":"Polygon","coordinates":[[[99.8199429,19.0921215],[99.8200836,19.0921737],[99.8200557,19.0922409],[99.819915,19.0921887],[99.8199429,19.0921215]]]}},{"type":"Feature","properties":{"building":"yes","name_th":null,"depths":[0.0,0.0,0.0,0.0,0.0,0.0,0.0],"depth_p95":0.0,"depth_yagi2024":0.0},"geometry":{"type":"Polygon","coordinates":[[[99.8196637,19.0919764],[99.819756,19.0920652],[99.8197039,19.0921136],[99.8196116,19.0920247],[99.8196637,19.0919764]]]}},{"type":"Feature","properties":{"building":"yes","name_th":null,"depths":[0.0,0.0,0.0,0.0,0.0,0.0,0.0],"depth_p95":0.0,"depth_yagi2024":0.0},"geometry":{"type":"Polygon","coordinates":[[[99.8191864,19.0915418],[99.8192751,19.0916447],[99.819211,19.091694],[99.8191224,19.091591],[99.8191864,19.0915418]]]}},{"type":"Feature","properties":{"building":"yes","name_th":null,"depths":[0.0,0.0,0.0,0.0,0.0,0.0,0.0],"depth_p95":0.0,"depth_yagi2024":0.0},"geometry":{"type":"Polygon","coordinates":[[[99.8194037,19.0917716],[99.8195019,19.0918548],[99.8194491,19.0919103],[99.819351,19.0918271],[99.8194037,19.0917716]]]}},{"type":"Feature","properties":{"building":"yes","name_th":null,"depths":[0.0,0.0,0.0,0.0,0.0,0.0,0.0],"depth_p95":0.0,"depth_yagi2024":0.0},"geometry":{"type":"Polygon","coordinates":[[[99.8192882,19.0916634],[99.8193845,19.0917561],[99.8193284,19.0918082],[99.8192321,19.0917155],[99.8192882,19.0916634]]]}},{"type":"Feature","properties":{"building":"yes","name_th":null,"depths":[0.0,0.0,0.0,0.0,0.0,0.0,0.0],"depth_p95":0.0,"depth_yagi2024":0.0},"geometry":{"type":"Polygon","coordinates":[[[99.8190204,19.0912834],[99.8190808,19.0913968],[99.8190064,19.0914322],[99.8189459,19.0913188],[99.8190204,19.0912834]]]}},{"type":"Feature","properties":{"building":"yes","name_th":null,"depths":[0.0,0.0,0.0,0.0,0.0,0.0,0.0],"depth_p95":0.0,"depth_yagi2024":0.0},"geometry":{"type":"Polygon","coordinates":[[[99.8191055,19.0914175],[99.8191713,19.09153],[99.8190988,19.0915679],[99.819033,19.0914554],[99.8191055,19.0914175]]]}},{"type":"Feature","properties":{"building":"yes","name_th":null,"depths":[0.0,0.0,0.0,0.0,0.0,0.0,0.0],"depth_p95":0.0,"depth_yagi2024":0.0},"geometry":{"type":"Polygon","coordinates":[[[99.8187888,19.0908571],[99.8188237,19.0909787],[99.8187497,19.0909977],[99.8187148,19.0908761],[99.8187888,19.0908571]]]}},{"type":"Feature","properties":{"building":"yes","name_th":null,"depths":[0.0,0.0,0.0,0.0,0.0,0.0,0.0],"depth_p95":0.0,"depth_yagi2024":0.0},"geometry":{"type":"Polygon","coordinates":[[[99.8189221,19.0911479],[99.8189829,19.0912569],[99.8189149,19.0912907],[99.8188541,19.0911818],[99.8189221,19.0911479]]]}},{"type":"Feature","properties":{"building":"yes","name_th":null,"depths":[0.0,0.0,0.0,0.0,0.0,0.0,0.0],"depth_p95":0.0,"depth_yagi2024":0.0},"geometry":{"type":"Polygon","coordinates":[[[99.818844,19.0910075],[99.8188975,19.0911267],[99.8188277,19.0911547],[99.8187742,19.0910355],[99.818844,19.0910075]]]}},{"type":"Feature","properties":{"building":"yes","name_th":null,"depths":[0.0,0.0,0.0,0.0,0.0,0.0,0.0],"depth_p95":0.0,"depth_yagi2024":0.0},"geometry":{"type":"Polygon","coordinates":[[[99.8190364,19.0916683],[99.8191124,19.0917721],[99.8190519,19.0918116],[99.818976,19.0917078],[99.8190364,19.0916683]]]}},{"type":"Feature","properties":{"building":"yes","name_th":null,"depths":[0.0,0.0,0.0,0.0,0.0,0.0,0.0],"depth_p95":0.0,"depth_yagi2024":0.0},"geometry":{"type":"Polygon","coordinates":[[[99.8191574,19.0918033],[99.8192374,19.091888],[99.8191756,19.0919402],[99.8190956,19.0918555],[99.8191574,19.0918033]]]}},{"type":"Feature","properties":{"building":"yes","name_th":null,"depths":[0.0,0.0,0.0,0.0,0.0,0.0,0.0],"depth_p95":0.0,"depth_yagi2024":0.0},"geometry":{"type":"Polygon","coordinates":[[[99.8187763,19.0914368],[99.818837,19.0914011],[99.8189025,19.0915006],[99.8188418,19.0915363],[99.8187763,19.0914368]]]}},{"type":"Feature","properties":{"building":"yes","name_th":null,"depths":[0.0,0.0,0.0,0.0,0.0,0.0,0.0],"depth_p95":0.0,"depth_yagi2024":0.0},"geometry":{"type":"Polygon","coordinates":[[[99.8189254,19.091534],[99.8189932,19.0916379],[99.8189318,19.0916738],[99.8188639,19.0915698],[99.8189254,19.091534]]]}},{"type":"Feature","properties":{"building":"yes","name_th":null,"depths":[0.0,0.0,0.0,0.0,0.0,0.0,0.0],"depth_p95":0.0,"depth_yagi2024":0.0},"geometry":{"type":"Polygon","coordinates":[[[99.8186709,19.0910907],[99.8187277,19.0912076],[99.8186531,19.09124],[99.8185963,19.0911231],[99.8186709,19.0910907]]]}},{"type":"Feature","properties":{"building":"yes","name_th":null,"depths":[0.0,0.0,0.0,0.0,0.0,0.0,0.0],"depth_p95":0.0,"depth_yagi2024":0.0},"geometry":{"type":"Polygon","coordinates":[[[99.818752,19.0912559],[99.8188172,19.0913548],[99.8187477,19.0913957],[99.8186825,19.0912967],[99.818752,19.0912559]]]}},{"type":"Feature","properties":{"building":"yes","name_th":null,"depths":[0.0,0.0,0.0,0.0,0.0,0.0,0.0],"depth_p95":0.0,"depth_yagi2024":0.0},"geometry":{"type":"Polygon","coordinates":[[[99.8186154,19.090906],[99.818659,19.0910266],[99.8185748,19.0910538],[99.8185312,19.0909333],[99.8186154,19.090906]]]}},{"type":"Feature","properties":{"building":"yes","name_th":null,"depths":[0.0,0.0,0.0,0.0,0.0,0.0,0.0],"depth_p95":0.0,"depth_yagi2024":0.0},"geometry":{"type":"Polygon","coordinates":[[[99.8200739,19.0931376],[99.8201021,19.093216],[99.8197523,19.093328],[99.8197242,19.0932496],[99.8200739,19.0931376]]]}},{"type":"Feature","properties":{"building":"yes","name_th":null,"depths":[0.0,0.0,0.0,0.0,0.0,0.0,0.0],"depth_p95":0.0,"depth_yagi2024":0.0},"geometry":{"type":"Polygon","coordinates":[[[99.8196055,19.0933768],[99.8196531,19.0935062],[99.8195599,19.0935369],[99.8195123,19.0934074],[99.8196055,19.0933768]]]}},{"type":"Feature","properties":{"building":"yes","name_th":null,"depths":[0.0,0.0,0.0,0.0,0.0,0.0,0.0],"depth_p95":0.0,"depth_yagi2024":0.0},"geometry":{"type":"Polygon","coordinates":[[[99.820215,19.0932183],[99.8202476,19.0933107],[99.8198264,19.0934433],[99.8197938,19.093351],[99.820215,19.0932183]]]}},{"type":"Feature","properties":{"building":"yes","name_th":null,"depths":[0.0,0.0,0.0,0.0,0.0,0.0,0.0],"depth_p95":0.0,"depth_yagi2024":0.0},"geometry":{"type":"Polygon","coordinates":[[[99.8201462,19.0935281],[99.820193,19.0936633],[99.8199779,19.0937297],[99.8199311,19.0935946],[99.8201462,19.0935281]]]}},{"type":"Feature","properties":{"building":"yes","name_th":null,"depths":[0.0,0.0,0.0,0.0,0.0,0.0,0.0],"depth_p95":0.0,"depth_yagi2024":0.0},"geometry":{"type":"Polygon","coordinates":[[[99.8202429,19.093718],[99.8202836,19.0938257],[99.8199966,19.0939224],[99.8199559,19.0938148],[99.8202429,19.093718]]]}},{"type":"Feature","properties":{"building":"yes","name_th":null,"depths":[0.0,0.0,0.0,0.0,0.0,0.0,0.0],"depth_p95":0.0,"depth_yagi2024":0.0},"geometry":{"type":"Polygon","coordinates":[[[99.8218648,19.0921699],[99.8219251,19.0922761],[99.8218303,19.0923242],[99.8217699,19.0922181],[99.8218648,19.0921699]]]}},{"type":"Feature","properties":{"building":"yes","name_th":null,"depths":[0.0,0.0,0.0,0.0,0.0,0.0,0.0],"depth_p95":0.0,"depth_yagi2024":0.0},"geometry":{"type":"Polygon","coordinates":[[[99.8217742,19.0920133],[99.8218445,19.0921237],[99.82174,19.0921832],[99.8216697,19.0920728],[99.8217742,19.0920133]]]}},{"type":"Feature","properties":{"building":"yes","name_th":null,"depths":[0.0,0.0,0.0,0.0,0.0,0.0,0.0],"depth_p95":0.0,"depth_yagi2024":0.0},"geometry":{"type":"Polygon","coordinates":[[[99.8216749,19.0918647],[99.8217516,19.0919695],[99.8216546,19.092033],[99.8215778,19.0919282],[99.8216749,19.0918647]]]}},{"type":"Feature","properties":{"building":"yes","name_th":null,"depths":[0.0,0.0,0.0,0.0,0.0,0.0,0.0],"depth_p95":0.0,"depth_yagi2024":0.0},"geometry":{"type":"Polygon","coordinates":[[[99.8241987,19.0917627],[99.8242719,19.0918724],[99.8238288,19.0921365],[99.8237556,19.0920267],[99.8241987,19.0917627]]]}},{"type":"Feature","properties":{"building":"yes","name_th":null,"depths":[0.0,0.0,0.0,0.0,0.0,0.0,0.0],"depth_p95":0.0,"depth_yagi2024":0.0},"geometry":{"type":"Polygon","coordinates":[[[99.8244018,19.091266],[99.8245025,19.0913967],[99.8243646,19.0914916],[99.8242639,19.0913609],[99.8244018,19.091266]]]}},{"type":"Feature","properties":{"building":"yes","name_th":null,"depths":[0.0,0.0,0.0,0.0,0.0,0.0,0.0],"depth_p95":0.0,"depth_yagi2024":0.0},"geometry":{"type":"Polygon","coordinates":[[[99.8206183,19.0905715],[99.820701,19.0907714],[99.8206335,19.0907964],[99.8206197,19.090763],[99.8205866,19.0907753],[99.8205177,19.0906087],[99.8206183,19.0905715]]]}},{"type":"Feature","properties":{"building":"yes","name_th":null,"depths":[0.0,0.0,0.0,0.0,0.0,0.0,0.0],"depth_p95":0.0,"depth_yagi2024":0.0},"geometry":{"type":"Polygon","coordinates":[[[99.8234674,19.0922472],[99.8235267,19.0923153],[99.8233708,19.0924366],[99.8233115,19.0923685],[99.8234674,19.0922472]]]}},{"type":"Feature","properties":{"building":"yes","name_th":null,"depths":[0.0,0.0,0.0,0.0,0.0,0.0,0.0],"depth_p95":0.0,"depth_yagi2024":0.0},"geometry":{"type":"Polygon","coordinates":[[[99.8236072,19.092426],[99.8236692,19.0925034],[99.8235192,19.0926108],[99.8234571,19.0925334],[99.8236072,19.092426]]]}},{"type":"Feature","properties":{"building":"yes","name_th":null,"depths":[0.0,0.0,0.0,0.0,0.0,0.0,0.0],"depth_p95":0.0,"depth_yagi2024":0.0},"geometry":{"type":"Polygon","coordinates":[[[99.8237919,19.0926417],[99.8238478,19.0927115],[99.8236453,19.0928563],[99.8235894,19.0927866],[99.8237919,19.0926417]]]}},{"type":"Feature","properties":{"building":"yes","name_th":null,"depths":[0.0,0.0,0.0,0.0,0.0,0.0,0.0],"depth_p95":0.0,"depth_yagi2024":0.0},"geometry":{"type":"Polygon","coordinates":[[[99.8239014,19.0922326],[99.8240341,19.0924351],[99.8239667,19.0924745],[99.8238341,19.092272],[99.8239014,19.0922326]]]}},{"type":"Feature","properties":{"building":"yes","name_th":null,"depths":[0.0,0.0,0.0,0.0,0.0,0.0,0.0],"depth_p95":0.0,"depth_yagi2024":1.2043},"geometry":{"type":"Polygon","coordinates":[[[99.885649,19.1353805],[99.8855378,19.1352503],[99.8857142,19.1351158],[99.8858254,19.135246],[99.885649,19.1353805]]]}},{"type":"Feature","properties":{"building":"yes","name_th":null,"depths":[0.0001,0.0001,0.0001,0.0001,0.0001,0.0001,0.0001],"depth_p95":0.0,"depth_yagi2024":0.0},"geometry":{"type":"Polygon","coordinates":[[[99.8512005,19.1212864],[99.8511855,19.1211451],[99.8513167,19.1211327],[99.8513117,19.121085],[99.8513783,19.1210787],[99.8513834,19.1211266],[99.8514503,19.1211202],[99.8514652,19.1212614],[99.8512005,19.1212864]]]}},{"type":"Feature","properties":{"building":"yes","name_th":null,"depths":[0.0,0.0,0.0,0.0,0.0,0.0,0.0],"depth_p95":0.0,"depth_yagi2024":0.0},"geometry":{"type":"Polygon","coordinates":[[[99.8273801,19.0977938],[99.827423,19.0978965],[99.827297,19.0979435],[99.8272541,19.0978408],[99.8273801,19.0977938]]]}},{"type":"Feature","properties":{"building":"yes","name_th":null,"depths":[0.0,0.0,0.0,0.0,0.0,0.0,0.0],"depth_p95":0.0,"depth_yagi2024":0.0},"geometry":{"type":"Polygon","coordinates":[[[99.8284823,19.0997069],[99.8285874,19.0998353],[99.8284752,19.0999172],[99.8283701,19.0997888],[99.8284823,19.0997069]]]}},{"type":"Feature","properties":{"building":"yes","name_th":null,"depths":[0.0,0.0,0.0,0.0,0.0,0.0,0.0],"depth_p95":0.0,"depth_yagi2024":0.0},"geometry":{"type":"Polygon","coordinates":[[[99.8275672,19.0977245],[99.8276011,19.0978006],[99.8274778,19.0978497],[99.8274439,19.0977736],[99.8275672,19.0977245]]]}},{"type":"Feature","properties":{"building":"yes","name_th":null,"depths":[0.0,0.0,0.0,0.0,0.0,0.0,0.0],"depth_p95":0.0,"depth_yagi2024":0.0},"geometry":{"type":"Polygon","coordinates":[[[99.8277634,19.0976476],[99.8277979,19.097725],[99.8276732,19.0977746],[99.8276387,19.0976972],[99.8277634,19.0976476]]]}},{"type":"Feature","properties":{"building":"yes","name_th":null,"depths":[0.0,0.0,0.0,0.0,0.0,0.0,0.0],"depth_p95":0.0,"depth_yagi2024":0.0},"geometry":{"type":"Polygon","coordinates":[[[99.8223847,19.1322462],[99.8229032,19.1322483],[99.8229026,19.1323784],[99.8223841,19.1323763],[99.8223847,19.1322462]]]}},{"type":"Feature","properties":{"building":"yes","name_th":null,"depths":[0.0,0.0,0.0,0.0,0.0,0.0,0.0],"depth_p95":0.0,"depth_yagi2024":0.0},"geometry":{"type":"Polygon","coordinates":[[[99.8229106,19.1321373],[99.8235484,19.1321532],[99.823545,19.1322758],[99.8229072,19.1322599],[99.8229106,19.1321373]]]}},{"type":"Feature","properties":{"building":"yes","name_th":null,"depths":[0.0,0.0,0.0,0.0,0.0,0.0,0.0],"depth_p95":0.0,"depth_yagi2024":0.0},"geometry":{"type":"Polygon","coordinates":[[[99.8227829,19.1318366],[99.8227771,19.1319742],[99.8220149,19.1319499],[99.8220178,19.1318115],[99.8227829,19.1318366]]]}},{"type":"Feature","properties":{"building":"yes","name_th":null,"depths":[0.0,0.0,0.0,0.0,0.0,0.0,0.0],"depth_p95":0.0,"depth_yagi2024":0.0},"geometry":{"type":"Polygon","coordinates":[[[99.822901,19.1318187],[99.8232564,19.1318307],[99.823251,19.1319745],[99.8228956,19.1319625],[99.822901,19.1318187]]]}},{"type":"Feature","properties":{"building":"yes","name_th":null,"depths":[0.0,0.0,0.0,0.0,0.0,0.0,0.0],"depth_p95":0.0,"depth_yagi2024":0.0},"geometry":{"type":"Polygon","coordinates":[[[99.8232857,19.1318306],[99.8236303,19.1318413],[99.8236257,19.1319732],[99.8232811,19.1319625],[99.8232857,19.1318306]]]}},{"type":"Feature","properties":{"building":"yes","name_th":null,"depths":[0.0,0.0,0.0,0.0,0.0,0.0,0.0],"depth_p95":0.0,"depth_yagi2024":0.0},"geometry":{"type":"Polygon","coordinates":[[[99.8226019,19.1313009],[99.8228258,19.1313077],[99.8228149,19.1316264],[99.8226182,19.1316205],[99.8226224,19.1314978],[99.8225952,19.1314969],[99.8226019,19.1313009]]]}},{"type":"Feature","properties":{"building":"yes","name_th":null,"depths":[0.0,0.0,0.0,0.0,0.0,0.0,0.0],"depth_p95":0.0,"depth_yagi2024":0.0},"geometry":{"type":"Polygon","coordinates":[[[99.8226502,19.130898],[99.8231123,19.1309079],[99.8231092,19.131038],[99.8226471,19.1310281],[99.8226502,19.130898]]]}},{"type":"Feature","properties":{"building":"yes","name_th":null,"depths":[0.0,0.0,0.0,0.0,0.0,0.0,0.0],"depth_p95":0.0,"depth_yagi2024":0.0},"geometry":{"type":"Polygon","coordinates":[[[99.8226397,19.1311032],[99.8230321,19.1311181],[99.8230263,19.1312557],[99.8226338,19.1312408],[99.8226397,19.1311032]]]}},{"type":"Feature","properties":{"building":"yes","name_th":null,"depths":[0.0059,0.0057,0.0055,0.0053,0.0051,0.0049,0.0047],"depth_p95":0.8289,"depth_yagi2024":1.564},"geometry":{"type":"Polygon","coordinates":[[[99.8962845,19.1389998],[99.8962802,19.1391438],[99.8960523,19.1391377],[99.8960565,19.1389938],[99.8962845,19.1389998]]]}},{"type":"Feature","properties":{"building":"yes","name_th":null,"depths":[0.0,0.0,0.0,0.0,0.0,0.0,0.0],"depth_p95":0.0,"depth_yagi2024":0.0},"geometry":{"type":"Polygon","coordinates":[[[99.8974868,19.031577],[99.898001,19.0316051],[99.8979879,19.0318185],[99.8974737,19.0317904],[99.8974868,19.031577]]]}},{"type":"Feature","properties":{"building":"yes","name_th":null,"depths":[0.0,0.0,0.0,0.0,0.0,0.0,0.0],"depth_p95":0.0,"depth_yagi2024":0.0},"geometry":{"type":"Polygon","coordinates":[[[99.8986192,19.0317945],[99.8985977,19.0320321],[99.898089,19.0319909],[99.8981105,19.0317532],[99.8986192,19.0317945]]]}},{"type":"Feature","properties":{"building":"yes","name_th":null,"depths":[0.0,0.0,0.0,0.0,0.0,0.0,0.0],"depth_p95":0.0,"depth_yagi2024":0.0},"geometry":{"type":"Polygon","coordinates":[[[99.8992577,19.0318193],[99.8992366,19.0320524],[99.8987326,19.0320116],[99.8987537,19.0317784],[99.8992577,19.0318193]]]}},{"type":"Feature","properties":{"building":"yes","name_th":null,"depths":[0.0,0.0,0.0,0.0,0.0,0.0,0.0],"depth_p95":0.0,"depth_yagi2024":0.0},"geometry":{"type":"Polygon","coordinates":[[[99.8994231,19.0320532],[99.8998768,19.0321095],[99.8998506,19.0322987],[99.8993968,19.0322424],[99.8994231,19.0320532]]]}},{"type":"Feature","properties":{"building":"yes","name_th":null,"depths":[0.0,0.0,0.0,0.0,0.0,0.0,0.0],"depth_p95":0.0,"depth_yagi2024":0.0},"geometry":{"type":"Polygon","coordinates":[[[99.8904592,19.0313644],[99.8904631,19.0315418],[99.8898622,19.0315534],[99.8898584,19.031376],[99.8904592,19.0313644]]]}},{"type":"Feature","properties":{"building":"yes","name_th":null,"depths":[0.0,0.0,0.0,0.0,0.0,0.0,0.0],"depth_p95":0.0,"depth_yagi2024":0.0},"geometry":{"type":"Polygon","coordinates":[[[99.8904413,19.0307911],[99.890449,19.0309734],[99.8898373,19.0309965],[99.8898296,19.0308143],[99.8904413,19.0307911]]]}},{"type":"Feature","properties":{"building":"yes","name_th":null,"depths":[0.0,0.0,0.0,0.0,0.0,0.0,0.0],"depth_p95":0.0,"depth_yagi2024":0.0},"geometry":{"type":"Polygon","coordinates":[[[99.8904507,19.031076],[99.8904557,19.0312534],[99.8898495,19.0312689],[99.8898445,19.0310915],[99.8904507,19.031076]]]}},{"type":"Feature","properties":{"building":"yes","name_th":null,"depths":[0.0,0.0,0.0,0.0,0.0,0.0,0.0],"depth_p95":0.0,"depth_yagi2024":0.0},"geometry":{"type":"Polygon","coordinates":[[[99.8904657,19.0316468],[99.8904665,19.0318179],[99.8898612,19.0318206],[99.8898603,19.0316495],[99.8904657,19.0316468]]]}},{"type":"Feature","properties":{"building":"yes","name_th":null,"depths":[0.0,0.0,0.0,0.0,0.0,0.0,0.0],"depth_p95":0.0,"depth_yagi2024":0.0},"geometry":{"type":"Polygon","coordinates":[[[99.8911976,19.0310721],[99.8912001,19.0312496],[99.8905833,19.0312574],[99.8905808,19.0310799],[99.8911976,19.0310721]]]}},{"type":"Feature","properties":{"building":"yes","name_th":null,"depths":[0.0,0.0,0.0,0.0,0.0,0.0,0.0],"depth_p95":0.0,"depth_yagi2024":0.0},"geometry":{"type":"Polygon","coordinates":[[[99.8911834,19.031629],[99.8911872,19.0318056],[99.8905865,19.0318172],[99.8905827,19.0316406],[99.8911834,19.031629]]]}},{"type":"Feature","properties":{"building":"yes","name_th":null,"depths":[0.0,0.0,0.0,0.0,0.0,0.0,0.0],"depth_p95":0.0,"depth_yagi2024":0.0},"geometry":{"type":"Polygon","coordinates":[[[99.8911868,19.0313611],[99.8911893,19.0315335],[99.8905884,19.0315413],[99.8905859,19.0313689],[99.8911868,19.0313611]]]}},{"type":"Feature","properties":{"building":"yes","name_th":null,"depths":[0.0,0.0,0.0,0.0,0.0,0.0,0.0],"depth_p95":0.0,"depth_yagi2024":0.0},"geometry":{"type":"Polygon","coordinates":[[[99.8904916,19.0320795],[99.8904953,19.0322519],[99.8898893,19.0322636],[99.8898856,19.0320912],[99.8904916,19.0320795]]]}},{"type":"Feature","properties":{"building":"yes","name_th":null,"depths":[0.0,0.0,0.0,0.0,0.0,0.0,0.0],"depth_p95":0.0,"depth_yagi2024":0.0},"geometry":{"type":"Polygon","coordinates":[[[99.8905059,19.0323652],[99.8905081,19.0325175],[99.8898972,19.0325256],[99.889895,19.0323732],[99.8905059,19.0323652]]]}},{"type":"Feature","properties":{"building":"roof","name_th":"Fuel Station","depths":[0.0,0.0,0.0,0.0,0.0,0.0,0.0],"depth_p95":0.0,"depth_yagi2024":0.0},"geometry":{"type":"Polygon","coordinates":[[[99.8504946,19.1198384],[99.8505741,19.1198876],[99.8505252,19.1199581],[99.8504457,19.1199089],[99.8504946,19.1198384]]]}},{"type":"Feature","properties":{"building":"yes","name_th":"Shell","depths":[0.0,0.0,0.0,0.0,0.0,0.0,0.0],"depth_p95":0.0,"depth_yagi2024":0.3441},"geometry":{"type":"Polygon","coordinates":[[[99.9145187,19.1563378],[99.9145542,19.1564266],[99.9143166,19.1565115],[99.914281,19.1564227],[99.9145187,19.1563378]]]}},{"type":"Feature","properties":{"building":"roof","name_th":"บางจาก","depths":[0.0,0.0,0.0,0.0,0.0,0.0,0.0],"depth_p95":0.2033,"depth_yagi2024":0.8915},"geometry":{"type":"Polygon","coordinates":[[[99.9123913,19.1521276],[99.9124126,19.1522738],[99.9121148,19.1523126],[99.9120935,19.1521664],[99.9123913,19.1521276]]]}},{"type":"Feature","properties":{"building":"yes","name_th":"PT","depths":[0.0,0.0,0.0,0.0,0.0,0.0,0.0],"depth_p95":0.0,"depth_yagi2024":0.0},"geometry":{"type":"Polygon","coordinates":[[[99.9119358,19.0984349],[99.9119902,19.0982018],[99.9120949,19.0982236],[99.9120781,19.0982955],[99.9123537,19.0983529],[99.9123325,19.0984436],[99.9120503,19.0983849],[99.9120339,19.0984553],[99.9119358,19.0984349]]]}},{"type":"Feature","properties":{"building":"yes","name_th":"PTT LPG Station","depths":[0.0,0.0,0.0,0.0,0.0,0.0,0.0],"depth_p95":0.0,"depth_yagi2024":0.0},"geometry":{"type":"Polygon","coordinates":[[[99.9131797,19.1514123],[99.9132068,19.1515419],[99.9130071,19.1515791],[99.91298,19.1514496],[99.9131797,19.1514123]]]}},{"type":"Feature","properties":{"building":"yes","name_th":null,"depths":[0.0,0.0,0.0,0.0,0.0,0.0,0.0],"depth_p95":2.3148,"depth_yagi2024":3.1437},"geometry":{"type":"Polygon","coordinates":[[[99.91289,19.1508002],[99.9133607,19.150732],[99.9133892,19.1509078],[99.9129185,19.150976],[99.91289,19.1508002]]]}},{"type":"Feature","properties":{"building":"yes","name_th":"ป.ต.ท.","depths":[0.0,0.0,0.0,0.0,0.0,0.0,0.0],"depth_p95":0.0,"depth_yagi2024":0.4692},"geometry":{"type":"Polygon","coordinates":[[[99.9125417,19.1455369],[99.9125527,19.1456325],[99.9120973,19.1456792],[99.9120864,19.1455836],[99.9125417,19.1455369]]]}},{"type":"Feature","properties":{"building":"yes","name_th":null,"depths":[0.0,0.0,0.0,0.0,0.0,0.0,0.0],"depth_p95":2.346,"depth_yagi2024":3.5503},"geometry":{"type":"Polygon","coordinates":[[[99.9128494,19.1504999],[99.9134307,19.1504155],[99.9134657,19.1506307],[99.9128844,19.1507151],[99.9128494,19.1504999]]]}},{"type":"Feature","properties":{"building":"yes","name_th":null,"depths":[0.0,0.0,0.0,0.0,0.0,0.0,0.0],"depth_p95":1.2669,"depth_yagi2024":3.2375},"geometry":{"type":"Polygon","coordinates":[[[99.9115701,19.1391695],[99.9115044,19.1385306],[99.9120101,19.1384842],[99.9120757,19.1391231],[99.9115701,19.1391695]]]}},{"type":"Feature","properties":{"building":"yes","name_th":"ปตท","depths":[0.0,0.0,0.0,0.0,0.0,0.0,0.0],"depth_p95":0.0,"depth_yagi2024":0.0},"geometry":{"type":"Polygon","coordinates":[[[99.910591,19.0996159],[99.9108385,19.0997133],[99.9107908,19.0998214],[99.9105434,19.099724],[99.910591,19.0996159]]]}},{"type":"Feature","properties":{"building":"temple","name_th":null,"depths":[0.0,0.0,0.0,0.0,0.0,0.0,0.0],"depth_p95":0.0,"depth_yagi2024":0.0},"geometry":{"type":"Polygon","coordinates":[[[99.8232754,19.10341],[99.8234645,19.1034087],[99.8234653,19.1035189],[99.8232762,19.1035201],[99.8232754,19.10341]]]}},{"type":"Feature","properties":{"building":"temple","name_th":null,"depths":[0.0,0.0,0.0,0.0,0.0,0.0,0.0],"depth_p95":0.0,"depth_yagi2024":0.0},"geometry":{"type":"Polygon","coordinates":[[[99.8230181,19.1039814],[99.8230586,19.1037171],[99.8233354,19.1037549],[99.823295,19.1040192],[99.8230181,19.1039814]]]}},{"type":"Feature","properties":{"building":"temple","name_th":null,"depths":[0.0,0.0,0.0,0.0,0.0,0.0,0.0],"depth_p95":0.0,"depth_yagi2024":0.0},"geometry":{"type":"Polygon","coordinates":[[[99.8356739,19.1466366],[99.835411,19.1466239],[99.8354183,19.1464892],[99.8356811,19.1465018],[99.8356739,19.1466366]]]}},{"type":"Feature","properties":{"building":"yes","name_th":null,"depths":[0.0,0.0,0.0,0.0,0.0,0.0,0.0],"depth_p95":0.0,"depth_yagi2024":0.7038},"geometry":{"type":"Polygon","coordinates":[[[99.8666467,19.14961],[99.8665888,19.1495309],[99.866652,19.1494896],[99.8667099,19.1495688],[99.8666467,19.14961]]]}},{"type":"Feature","properties":{"building":"yes","name_th":null,"depths":[0.0,0.0,0.0,0.0,0.0,0.0,0.0],"depth_p95":0.0,"depth_yagi2024":0.9697},"geometry":{"type":"Polygon","coordinates":[[[99.8667271,19.1497379],[99.8666494,19.1496315],[99.8667513,19.149565],[99.8667738,19.1495958],[99.866803,19.1495768],[99.8668583,19.1496524],[99.8667271,19.1497379]]]}},{"type":"Feature","properties":{"building":"roof","name_th":null,"depths":[0.0,0.0,0.0,0.0,0.0,0.0,0.0],"depth_p95":1.7674,"depth_yagi2024":2.6588},"geometry":{"type":"Polygon","coordinates":[[[99.9147588,19.1558379],[99.9144745,19.155055],[99.9147564,19.1549637],[99.914894,19.1553427],[99.914961,19.155321],[99.9151077,19.1557249],[99.9147588,19.1558379]]]}},{"type":"Feature","properties":{"building":"retail","name_th":"Makro","depths":[0.0,0.0,0.0,0.0,0.0,0.0,0.0],"depth_p95":2.0645,"depth_yagi2024":1.5953},"geometry":{"type":"Polygon","coordinates":[[[99.9153489,19.1556302],[99.9152672,19.1554075],[99.9151909,19.1554325],[99.9151361,19.1552834],[99.9152124,19.1552584],[99.9150699,19.1548701],[99.9159898,19.1545688],[99.9160689,19.1547843],[99.9161525,19.1547569],[99.9163323,19.1552468],[99.9162486,19.1552742],[99.9162687,19.1553289],[99.9153489,19.1556302]]]}},{"type":"Feature","properties":{"building":"yes","name_th":null,"depths":[0.0,0.0,0.0,0.0,0.0,0.0,0.0],"depth_p95":0.0,"depth_yagi2024":0.0},"geometry":{"type":"Polygon","coordinates":[[[99.8310751,19.0914909],[99.831059,19.0914161],[99.8311381,19.0914008],[99.8311542,19.0914757],[99.8310751,19.0914909]]]}},{"type":"Feature","properties":{"building":"yes","name_th":null,"depths":[0.0,0.0,0.0,0.0,0.0,0.0,0.0],"depth_p95":0.0,"depth_yagi2024":0.0},"geometry":{"type":"Polygon","coordinates":[[[99.8322566,19.0919423],[99.8322218,19.0918358],[99.8323076,19.0918107],[99.8323371,19.0919197],[99.8322566,19.0919423]]]}},{"type":"Feature","properties":{"building":"yes","name_th":null,"depths":[0.0,0.0,0.0,0.0,0.0,0.0,0.0],"depth_p95":0.0,"depth_yagi2024":0.0},"geometry":{"type":"Polygon","coordinates":[[[99.9156175,19.0303619],[99.9157532,19.0300869],[99.9159201,19.0301605],[99.9158761,19.0302496],[99.9161492,19.0303701],[99.9161753,19.0303172],[99.9163358,19.0303879],[99.916218,19.0306267],[99.9156175,19.0303619]]]}},{"type":"Feature","properties":{"building":"yes","name_th":"ศูนย์บริการเทคโนโลยีสารสนเทศและการสื่อสาร","depths":[0.0031,0.003,0.0029,0.0028,0.0027,0.0026,0.0025],"depth_p95":0.0,"depth_yagi2024":0.0},"geometry":{"type":"Polygon","coordinates":[[[99.9005136,19.0266803],[99.9007658,19.0270354],[99.9005286,19.0271558],[99.900672,19.0274151],[99.9009136,19.0272901],[99.9010408,19.0274795],[99.9007121,19.0276438],[99.9004815,19.0271938],[99.9002678,19.0274201],[99.9001901,19.0273847],[99.89999,19.0276478],[99.9000201,19.0277098],[99.9003922,19.0278383],[99.900459,19.0278533],[99.9005002,19.0278822],[99.9003956,19.0281561],[99.8995105,19.0278264],[99.8996231,19.0274917],[99.9001703,19.0268578],[99.9005136,19.0266803]]]}},{"type":"Feature","properties":{"building":"yes","name_th":null,"depths":[0.0052,0.005,0.0048,0.0046,0.0045,0.0043,0.0041],"depth_p95":0.0,"depth_yagi2024":0.0},"geometry":{"type":"Polygon","coordinates":[[[99.8970974,19.02845],[99.8974676,19.0278368],[99.8975502,19.0278814],[99.8975441,19.0278916],[99.8976718,19.0279605],[99.8976851,19.0279385],[99.8977837,19.0279917],[99.8978214,19.0279291],[99.8980218,19.0280372],[99.8979841,19.0280998],[99.8980777,19.0281503],[99.8980585,19.028182],[99.8982289,19.0282738],[99.8982338,19.0282656],[99.8982806,19.0282909],[99.8979166,19.0288941],[99.8977149,19.0287853],[99.8974454,19.0292319],[99.8973595,19.0291856],[99.8973387,19.02922],[99.8971011,19.0290918],[99.8971219,19.0290574],[99.8970605,19.0290243],[99.8973311,19.028576],[99.8970974,19.02845]]]}},{"type":"Feature","properties":{"building":"yes","name_th":null,"depths":[0.0,0.0,0.0,0.0,0.0,0.0,0.0],"depth_p95":0.0,"depth_yagi2024":0.0},"geometry":{"type":"Polygon","coordinates":[[[99.8914544,19.0313956],[99.8914531,19.0312178],[99.8919922,19.0312143],[99.8919935,19.0313921],[99.8914544,19.0313956]]]}},{"type":"Feature","properties":{"building":"yes","name_th":null,"depths":[0.0,0.0,0.0,0.0,0.0,0.0,0.0],"depth_p95":0.0,"depth_yagi2024":0.0},"geometry":{"type":"Polygon","coordinates":[[[99.8914678,19.0316656],[99.8914666,19.0314966],[99.8920513,19.0314928],[99.8920526,19.0316618],[99.8914678,19.0316656]]]}},{"type":"Feature","properties":{"building":"yes","name_th":null,"depths":[0.0,0.0,0.0,0.0,0.0,0.0,0.0],"depth_p95":0.0,"depth_yagi2024":0.0},"geometry":{"type":"Polygon","coordinates":[[[99.8955676,19.0316555],[99.8958868,19.0318748],[99.8956162,19.0322267],[99.8955874,19.0322069],[99.89547,19.0323596],[99.8953888,19.0323924],[99.8954085,19.032436],[99.8951152,19.0325543],[99.8950955,19.0325107],[99.8950218,19.0325404],[99.894821,19.0325167],[99.8948142,19.0325686],[99.8943377,19.0325124],[99.8943537,19.032391],[99.8943108,19.0323859],[99.8943371,19.0321865],[99.8943616,19.0321894],[99.8943678,19.0321426],[99.8948689,19.0322017],[99.8952729,19.0320387],[99.8955676,19.0316555]]]}},{"type":"Feature","properties":{"building":"yes","name_th":null,"depths":[0.0,0.0,0.0,0.0,0.0,0.0,0.0],"depth_p95":0.0,"depth_yagi2024":0.0},"geometry":{"type":"Polygon","coordinates":[[[99.8965922,19.0284162],[99.8966691,19.0282916],[99.8970951,19.0285265],[99.8970182,19.0286512],[99.8965922,19.0284162]]]}},{"type":"Feature","properties":{"building":"yes","name_th":null,"depths":[0.0,0.0,0.0,0.0,0.0,0.0,0.0],"depth_p95":0.0,"depth_yagi2024":0.0},"geometry":{"type":"Polygon","coordinates":[[[99.8964098,19.0287193],[99.8964855,19.0285967],[99.89691,19.0288308],[99.8968344,19.0289534],[99.8964098,19.0287193]]]}},{"type":"Feature","properties":{"building":"yes","name_th":null,"depths":[0.0,0.0,0.0,0.0,0.0,0.0,0.0],"depth_p95":2.2366,"depth_yagi2024":3.6129},"geometry":{"type":"Polygon","coordinates":[[[99.9127914,19.1477275],[99.9127583,19.1476893],[99.9130466,19.1474664],[99.9132522,19.1477037],[99.9129639,19.1479266],[99.9127914,19.1477275]]]}},{"type":"Feature","properties":{"building":"yes","name_th":null,"depths":[0.0,0.0,0.0,0.0,0.0,0.0,0.0],"depth_p95":0.0,"depth_yagi2024":0.0},"geometry":{"type":"Polygon","coordinates":[[[99.9178517,19.1422058],[99.9179505,19.1419346],[99.9180653,19.1419719],[99.9179665,19.1422431],[99.9178517,19.1422058]]]}},{"type":"Feature","properties":{"building":"yes","name_th":null,"depths":[0.0,0.0,0.0,0.0,0.0,0.0,0.0],"depth_p95":2.5024,"depth_yagi2024":3.566},"geometry":{"type":"Polygon","coordinates":[[[99.9128328,19.1479061],[99.9125837,19.1479577],[99.9126359,19.148183],[99.9125059,19.14821],[99.9124121,19.147806],[99.9127914,19.1477275],[99.9128328,19.1479061]]]}},{"type":"Feature","properties":{"building":"yes","name_th":null,"depths":[0.0,0.0,0.0,0.0,0.0,0.0,0.0],"depth_p95":0.6725,"depth_yagi2024":2.346},"geometry":{"type":"Polygon","coordinates":[[[99.9138519,19.1405131],[99.9137339,19.1401437],[99.9139857,19.1400718],[99.9141874,19.1407032],[99.9141314,19.1407192],[99.9140477,19.1404572],[99.9138519,19.1405131]]]}},{"type":"Feature","properties":{"building":"yes","name_th":null,"depths":[0.0,0.0,0.0,0.0,0.0,0.0,0.0],"depth_p95":2.565,"depth_yagi2024":3.6442},"geometry":{"type":"Polygon","coordinates":[[[99.9128494,19.1485872],[99.9127361,19.1486253],[99.9126773,19.1484692],[99.9125931,19.1484975],[99.9125001,19.1482507],[99.9132119,19.1480115],[99.9132955,19.1482336],[99.9127813,19.1484065],[99.9128494,19.1485872]]]}},{"type":"Feature","properties":{"building":"yes","name_th":null,"depths":[0.0,0.0,0.0,0.0,0.0,0.0,0.0],"depth_p95":2.5181,"depth_yagi2024":3.5034},"geometry":{"type":"Polygon","coordinates":[[[99.9127434,19.1503937],[99.9126674,19.1498559],[99.9131338,19.1497971],[99.9132099,19.1503348],[99.9127434,19.1503937]]]}},{"type":"Feature","properties":{"building":"yes","name_th":"Mitsubishi","depths":[0.0,0.0,0.0,0.0,0.0,0.0,0.0],"depth_p95":2.2678,"depth_yagi2024":3.8475},"geometry":{"type":"Polygon","coordinates":[[[99.9145442,19.14064],[99.9144182,19.1401738],[99.915314,19.1399635],[99.9154052,19.1403334],[99.9151451,19.1404018],[99.9151906,19.1405741],[99.9149385,19.1406375],[99.9145442,19.14064]]]}},{"type":"Feature","properties":{"building":"yes","name_th":null,"depths":[0.0,0.0,0.0,0.0,0.0,0.0,0.0],"depth_p95":0.0,"depth_yagi2024":0.0},"geometry":{"type":"Polygon","coordinates":[[[99.8316636,19.09105],[99.8316471,19.0909643],[99.8317242,19.0909511],[99.8317948,19.0909389],[99.8318114,19.091025],[99.8317565,19.0910344],[99.8317631,19.0910689],[99.8317099,19.0910781],[99.8317032,19.0910432],[99.8316636,19.09105]]]}},{"type":"Feature","properties":{"building":"yes","name_th":null,"depths":[0.0,0.0,0.0,0.0,0.0,0.0,0.0],"depth_p95":0.0,"depth_yagi2024":0.0},"geometry":{"type":"Polygon","coordinates":[[[99.9124995,19.1580048],[99.9124455,19.1577491],[99.9125784,19.1577241],[99.9126324,19.1579798],[99.9124995,19.1580048]]]}},{"type":"Feature","properties":{"building":"yes","name_th":null,"depths":[0.0,0.0,0.0,0.0,0.0,0.0,0.0],"depth_p95":1.7517,"depth_yagi2024":2.7527},"geometry":{"type":"Polygon","coordinates":[[[99.912146,19.1573813],[99.9121543,19.157263],[99.9125312,19.1572869],[99.9125223,19.1574135],[99.9123408,19.157402],[99.9123342,19.1574949],[99.9121932,19.157486],[99.9122004,19.1573848],[99.912146,19.1573813]]]}},{"type":"Feature","properties":{"building":"yes","name_th":null,"depths":[0.0,0.0,0.0,0.0,0.0,0.0,0.0],"depth_p95":1.0635,"depth_yagi2024":1.4702},"geometry":{"type":"Polygon","coordinates":[[[99.9126857,19.1572972],[99.9129649,19.1573287],[99.9129486,19.1574573],[99.9126695,19.1574258],[99.9126857,19.1572972]]]}},{"type":"Feature","properties":{"building":"yes","name_th":"Jinda Place","depths":[0.0,0.0,0.0,0.0,0.0,0.0,0.0],"depth_p95":0.0,"depth_yagi2024":0.391},"geometry":{"type":"Polygon","coordinates":[[[99.9124428,19.1546769],[99.9125568,19.154596],[99.9126235,19.1546799],[99.9125095,19.1547608],[99.9124428,19.1546769]]]}},{"type":"Feature","properties":{"building":"yes","name_th":null,"depths":[0.0,0.0,0.0,0.0,0.0,0.0,0.0],"depth_p95":1.5015,"depth_yagi2024":2.5963},"geometry":{"type":"Polygon","coordinates":[[[99.9130239,19.1512118],[99.9130018,19.1510827],[99.9133185,19.1510344],[99.9133405,19.1511636],[99.9130239,19.1512118]]]}},{"type":"Feature","properties":{"building":"yes","name_th":null,"depths":[0.0,0.0,0.0,0.0,0.0,0.0,0.0],"depth_p95":0.5161,"depth_yagi2024":1.6735},"geometry":{"type":"Polygon","coordinates":[[[99.9108077,19.140855],[99.9109321,19.14085],[99.910943,19.1410915],[99.9108187,19.1410966],[99.9108077,19.140855]]]}},{"type":"Feature","properties":{"building":"yes","name_th":"GPX Motorcycles","depths":[0.0,0.0,0.0,0.0,0.0,0.0,0.0],"depth_p95":1.2512,"depth_yagi2024":2.4242},"geometry":{"type":"Polygon","coordinates":[[[99.9106109,19.140741],[99.9105922,19.1405567],[99.910667,19.1405499],[99.9106528,19.1404099],[99.9108741,19.1403899],[99.910907,19.1407142],[99.9106109,19.140741]]]}},{"type":"Feature","properties":{"building":"yes","name_th":null,"depths":[0.0,0.0,0.0,0.0,0.0,0.0,0.0],"depth_p95":0.0,"depth_yagi2024":0.9228},"geometry":{"type":"Polygon","coordinates":[[[99.9138153,19.140615],[99.9139502,19.1405804],[99.9139818,19.1406903],[99.9138469,19.1407249],[99.9138153,19.140615]]]}},{"type":"Feature","properties":{"building":"yes","name_th":"พะเยาโฮมแกรนด์","depths":[0.0,0.0,0.0,0.0,0.0,0.0,0.0],"depth_p95":0.0,"depth_yagi2024":0.0},"geometry":{"type":"Polygon","coordinates":[[[99.875708,19.1310635],[99.8755786,19.1310457],[99.8756099,19.1308424],[99.8757393,19.1308601],[99.875708,19.1310635]]]}},{"type":"Feature","properties":{"building":"yes","name_th":"ป.ต.ท.","depths":[0.0,0.0,0.0,0.0,0.0,0.0,0.0],"depth_p95":0.0,"depth_yagi2024":0.0},"geometry":{"type":"Polygon","coordinates":[[[99.8954222,19.1389787],[99.8954496,19.1387965],[99.8955399,19.1388086],[99.8955125,19.1389908],[99.8954222,19.1389787]]]}},{"type":"Feature","properties":{"building":"yes","name_th":"ร้านแม่นาเรืออิฐบล๊อค","depths":[0.0,0.0,0.0,0.0,0.0,0.0,0.0],"depth_p95":0.0,"depth_yagi2024":0.0},"geometry":{"type":"Polygon","coordinates":[[[99.8530223,19.1215692],[99.8529245,19.1217295],[99.8527802,19.1216509],[99.852878,19.1214906],[99.8530223,19.1215692]]]}},{"type":"Feature","properties":{"building":"yes","name_th":null,"depths":[0.0,0.0,0.0,0.0,0.0,0.0,0.0],"depth_p95":0.0,"depth_yagi2024":0.0},"geometry":{"type":"Polygon","coordinates":[[[99.8939316,19.028309],[99.8942067,19.0283629],[99.894193,19.0284254],[99.8942296,19.0284326],[99.8941241,19.0289135],[99.8940796,19.0289048],[99.8940632,19.0289792],[99.8937907,19.0289258],[99.8938105,19.0288356],[99.8937707,19.0288277],[99.893873,19.0283614],[99.8939181,19.0283702],[99.8939316,19.028309]]]}},{"type":"Feature","properties":{"building":"yes","name_th":null,"depths":[0.0,0.0,0.0,0.0,0.0,0.0,0.0],"depth_p95":0.0,"depth_yagi2024":0.0},"geometry":{"type":"Polygon","coordinates":[[[99.8940474,19.0276044],[99.8943739,19.0276429],[99.8943328,19.0279542],[99.8940063,19.0279157],[99.8940474,19.0276044]]]}},{"type":"Feature","properties":{"building":"yes","name_th":null,"depths":[0.0,0.0,0.0,0.0,0.0,0.0,0.0],"depth_p95":0.0,"depth_yagi2024":0.0},"geometry":{"type":"Polygon","coordinates":[[[99.8894426,19.0320839],[99.889446,19.0322551],[99.8889874,19.0322633],[99.888984,19.0320921],[99.8894426,19.0320839]]]}},{"type":"Feature","properties":{"building":"yes","name_th":null,"depths":[0.0,0.0,0.0,0.0,0.0,0.0,0.0],"depth_p95":0.0,"depth_yagi2024":0.0},"geometry":{"type":"Polygon","coordinates":[[[99.8894437,19.0323545],[99.8894491,19.0325167],[99.8889891,19.0325306],[99.8889836,19.0323684],[99.8894437,19.0323545]]]}},{"type":"Feature","properties":{"building":"yes","name_th":null,"depths":[0.0,0.0,0.0,0.0,0.0,0.0,0.0],"depth_p95":0.0,"depth_yagi2024":0.0},"geometry":{"type":"Polygon","coordinates":[[[99.8887682,19.0303429],[99.8887739,19.0305194],[99.8883384,19.0305319],[99.8883328,19.0303553],[99.8887682,19.0303429]]]}},{"type":"Feature","properties":{"building":"yes","name_th":null,"depths":[0.0,0.0,0.0,0.0,0.0,0.0,0.0],"depth_p95":0.0,"depth_yagi2024":0.0},"geometry":{"type":"Polygon","coordinates":[[[99.8887811,19.0306075],[99.8887856,19.0307813],[99.8883621,19.030791],[99.8883576,19.0306172],[99.8887811,19.0306075]]]}},{"type":"Feature","properties":{"building":"yes","name_th":null,"depths":[0.0,0.0,0.0,0.0,0.0,0.0,0.0],"depth_p95":0.0,"depth_yagi2024":0.0},"geometry":{"type":"Polygon","coordinates":[[[99.8888035,19.0308801],[99.8888085,19.031059],[99.8883835,19.0310695],[99.8883785,19.0308906],[99.8888035,19.0308801]]]}},{"type":"Feature","properties":{"building":"yes","name_th":null,"depths":[0.0,0.0,0.0,0.0,0.0,0.0,0.0],"depth_p95":0.0,"depth_yagi2024":0.0},"geometry":{"type":"Polygon","coordinates":[[[99.888912,19.0298434],[99.8893599,19.0298293],[99.8893651,19.0299777],[99.8889172,19.0299917],[99.888912,19.0298434]]]}},{"type":"Feature","properties":{"building":"yes","name_th":null,"depths":[0.0,0.0,0.0,0.0,0.0,0.0,0.0],"depth_p95":0.0,"depth_yagi2024":0.0},"geometry":{"type":"Polygon","coordinates":[[[99.8889214,19.0300802],[99.8893676,19.0300651],[99.8893745,19.0302455],[99.8889282,19.0302606],[99.8889214,19.0300802]]]}},{"type":"Feature","properties":{"building":"yes","name_th":null,"depths":[0.0,0.0,0.0,0.0,0.0,0.0,0.0],"depth_p95":0.0,"depth_yagi2024":0.0},"geometry":{"type":"Polygon","coordinates":[[[99.8889578,19.0310577],[99.8889549,19.0308813],[99.8893975,19.0308748],[99.8894005,19.0310511],[99.8889578,19.0310577]]]}},{"type":"Feature","properties":{"building":"yes","name_th":null,"depths":[0.0,0.0,0.0,0.0,0.0,0.0,0.0],"depth_p95":0.0,"depth_yagi2024":0.0},"geometry":{"type":"Polygon","coordinates":[[[99.8889717,19.0315193],[99.8894142,19.0315096],[99.8894189,19.0316884],[99.8889763,19.0316987],[99.8889717,19.0315193]]]}},{"type":"Feature","properties":{"building":"yes","name_th":null,"depths":[0.0,0.0,0.0,0.0,0.0,0.0,0.0],"depth_p95":0.0,"depth_yagi2024":0.0},"geometry":{"type":"Polygon","coordinates":[[[99.8889364,19.0305118],[99.8889321,19.0303431],[99.8893747,19.030333],[99.889379,19.0305018],[99.8889364,19.0305118]]]}},{"type":"Feature","properties":{"building":"yes","name_th":null,"depths":[0.0,0.0,0.0,0.0,0.0,0.0,0.0],"depth_p95":0.0,"depth_yagi2024":0.0},"geometry":{"type":"Polygon","coordinates":[[[99.8889442,19.0306045],[99.8893869,19.0305964],[99.8893905,19.0307714],[99.8889478,19.0307795],[99.8889442,19.0306045]]]}},{"type":"Feature","properties":{"building":"yes","name_th":null,"depths":[0.0,0.0,0.0,0.0,0.0,0.0,0.0],"depth_p95":0.0,"depth_yagi2024":0.0},"geometry":{"type":"Polygon","coordinates":[[[99.8889685,19.0314118],[99.8889632,19.0312368],[99.8894059,19.0312347],[99.8894113,19.0314096],[99.8889685,19.0314118]]]}},{"type":"Feature","properties":{"building":"yes","name_th":null,"depths":[0.0,0.0,0.0,0.0,0.0,0.0,0.0],"depth_p95":0.0,"depth_yagi2024":0.0},"geometry":{"type":"Polygon","coordinates":[[[99.8928058,19.0305962],[99.8933412,19.0312356],[99.8932585,19.0312974],[99.8927232,19.030658],[99.8928058,19.0305962]]]}},{"type":"Feature","properties":{"building":"yes","name_th":null,"depths":[0.0,0.0,0.0,0.0,0.0,0.0,0.0],"depth_p95":0.0,"depth_yagi2024":0.0},"geometry":{"type":"Polygon","coordinates":[[[99.8923777,19.0295237],[99.892485,19.029528],[99.8924422,19.0304727],[99.8923348,19.0304683],[99.8923777,19.0295237]]]}},{"type":"Feature","properties":{"building":"yes","name_th":null,"depths":[0.0,0.0,0.0,0.0,0.0,0.0,0.0],"depth_p95":0.0,"depth_yagi2024":0.0},"geometry":{"type":"Polygon","coordinates":[[[99.8921346,19.0295022],[99.8922351,19.0295057],[99.8922026,19.0303399],[99.8921021,19.0303364],[99.8921346,19.0295022]]]}},{"type":"Feature","properties":{"building":"yes","name_th":null,"depths":[0.0,0.0,0.0,0.0,0.0,0.0,0.0],"depth_p95":0.0,"depth_yagi2024":0.0},"geometry":{"type":"Polygon","coordinates":[[[99.8918646,19.0295363],[99.8919692,19.0295414],[99.8919531,19.0303503],[99.8919941,19.0304063],[99.8924074,19.030642],[99.8923511,19.0307304],[99.8919377,19.0304946],[99.8919022,19.030472],[99.8918566,19.0303782],[99.8918566,19.0303477],[99.8918646,19.0295363]]]}},{"type":"Feature","properties":{"building":"yes","name_th":null,"depths":[0.0,0.0,0.0,0.0,0.0,0.0,0.0],"depth_p95":0.0,"depth_yagi2024":0.0},"geometry":{"type":"Polygon","coordinates":[[[99.8905692,19.0302361],[99.8909258,19.0302285],[99.8909298,19.0303946],[99.8905732,19.0304023],[99.8905692,19.0302361]]]}},{"type":"Feature","properties":{"building":"yes","name_th":null,"depths":[0.0,0.0,0.0,0.0,0.0,0.0,0.0],"depth_p95":0.0,"depth_yagi2024":0.0},"geometry":{"type":"Polygon","coordinates":[[[99.8898271,19.0304124],[99.8898231,19.0302507],[99.8904393,19.0302371],[99.8904433,19.0303987],[99.8898271,19.0304124]]]}},{"type":"Feature","properties":{"building":"yes","name_th":null,"depths":[0.0,0.0,0.0,0.0,0.0,0.0,0.0],"depth_p95":0.0,"depth_yagi2024":0.0},"geometry":{"type":"Polygon","coordinates":[[[99.8905834,19.0304551],[99.8909453,19.0304508],[99.8909475,19.0306195],[99.8905856,19.0306237],[99.8905834,19.0304551]]]}},{"type":"Feature","properties":{"building":"yes","name_th":null,"depths":[0.0,0.0,0.0,0.0,0.0,0.0,0.0],"depth_p95":0.0,"depth_yagi2024":0.0},"geometry":{"type":"Polygon","coordinates":[[[99.8898274,19.0304706],[99.8904403,19.0304618],[99.890443,19.0306292],[99.8898301,19.030638],[99.8898274,19.0304706]]]}},{"type":"Feature","properties":{"building":"yes","name_th":null,"depths":[0.0,0.0,0.0,0.0,0.0,0.0,0.0],"depth_p95":0.0,"depth_yagi2024":0.0},"geometry":{"type":"Polygon","coordinates":[[[99.8883776,19.0315267],[99.8888108,19.0315205],[99.8888137,19.031703],[99.8883805,19.0317092],[99.8883776,19.0315267]]]}},{"type":"Feature","properties":{"building":"yes","name_th":null,"depths":[0.0,0.0,0.0,0.0,0.0,0.0,0.0],"depth_p95":0.0,"depth_yagi2024":0.0},"geometry":{"type":"Polygon","coordinates":[[[99.888385,19.0318249],[99.8888166,19.0318143],[99.8888215,19.0319945],[99.88839,19.0320051],[99.888385,19.0318249]]]}},{"type":"Feature","properties":{"building":"yes","name_th":null,"depths":[0.0,0.0,0.0,0.0,0.0,0.0,0.0],"depth_p95":0.0,"depth_yagi2024":0.0},"geometry":{"type":"Polygon","coordinates":[[[99.8883752,19.0312505],[99.8888043,19.0312452],[99.8888068,19.0314253],[99.8883776,19.0314305],[99.8883752,19.0312505]]]}},{"type":"Feature","properties":{"building":"yes","name_th":null,"depths":[0.0,0.0,0.0,0.0,0.0,0.0,0.0],"depth_p95":0.0,"depth_yagi2024":0.0},"geometry":{"type":"Polygon","coordinates":[[[99.8883699,19.0323764],[99.8888232,19.0323709],[99.8888254,19.0325383],[99.8883722,19.0325438],[99.8883699,19.0323764]]]}},{"type":"Feature","properties":{"building":"yes","name_th":null,"depths":[0.0,0.0,0.0,0.0,0.0,0.0,0.0],"depth_p95":0.0,"depth_yagi2024":0.0},"geometry":{"type":"Polygon","coordinates":[[[99.8883707,19.0321033],[99.8888214,19.0320988],[99.8888233,19.0322699],[99.8883727,19.0322744],[99.8883707,19.0321033]]]}},{"type":"Feature","properties":{"building":"yes","name_th":null,"depths":[0.0,0.0,0.0,0.0,0.0,0.0,0.0],"depth_p95":0.0,"depth_yagi2024":0.0},"geometry":{"type":"Polygon","coordinates":[[[99.8908391,19.0321047],[99.8911925,19.0320606],[99.8912134,19.0322109],[99.8911798,19.0322151],[99.8912461,19.0326908],[99.8910126,19.0327199],[99.8909976,19.0326121],[99.8909574,19.0326171],[99.8909064,19.0322513],[99.8908603,19.032257],[99.8908391,19.0321047]]]}},{"type":"Feature","properties":{"building":"yes","name_th":null,"depths":[0.0,0.0,0.0,0.0,0.0,0.0,0.0],"depth_p95":0.0,"depth_yagi2024":0.0},"geometry":{"type":"Polygon","coordinates":[[[99.8926215,19.0307276],[99.8926989,19.0306691],[99.8932352,19.0313034],[99.8931577,19.0313618],[99.8926215,19.0307276]]]}},{"type":"Feature","properties":{"building":"yes","name_th":null,"depths":[0.0,0.0,0.0,0.0,0.0,0.0,0.0],"depth_p95":0.0,"depth_yagi2024":0.0},"geometry":{"type":"Polygon","coordinates":[[[99.8915615,19.0301297],[99.8917117,19.0305759],[99.8917868,19.0306571],[99.892334,19.0309892],[99.8922803,19.0310729],[99.8917064,19.0307255],[99.8916286,19.0306444],[99.8914569,19.0301753],[99.8915615,19.0301297]]]}},{"type":"Feature","properties":{"building":"yes","name_th":null,"depths":[0.0,0.0,0.0,0.0,0.0,0.0,0.0],"depth_p95":0.0,"depth_yagi2024":0.0},"geometry":{"type":"Polygon","coordinates":[[[99.8910143,19.0282482],[99.8915427,19.0285677],[99.8918297,19.0286184],[99.8919719,19.0286007],[99.8919746,19.0287198],[99.8918244,19.0287224],[99.8914998,19.0286742],[99.8909553,19.0283395],[99.8910143,19.0282482]]]}},{"type":"Feature","properties":{"building":"yes","name_th":null,"depths":[0.0,0.0,0.0,0.0,0.0,0.0,0.0],"depth_p95":0.0,"depth_yagi2024":0.0},"geometry":{"type":"Polygon","coordinates":[[[99.892197,19.028582],[99.8922906,19.0285494],[99.8925673,19.0292596],[99.8924737,19.0292922],[99.892197,19.028582]]]}},{"type":"Feature","properties":{"building":"yes","name_th":null,"depths":[0.0,0.0,0.0,0.0,0.0,0.0,0.0],"depth_p95":0.0,"depth_yagi2024":0.0},"geometry":{"type":"Polygon","coordinates":[[[99.8907034,19.0276743],[99.8910831,19.0279327],[99.8910118,19.0280263],[99.8906322,19.0277679],[99.8907034,19.0276743]]]}},{"type":"Feature","properties":{"building":"yes","name_th":null,"depths":[0.0,0.0,0.0,0.0,0.0,0.0,0.0],"depth_p95":0.0,"depth_yagi2024":0.0},"geometry":{"type":"Polygon","coordinates":[[[99.8901071,19.0292442],[99.8905432,19.0294143],[99.8904857,19.0295459],[99.8900497,19.0293759],[99.8901071,19.0292442]]]}},{"type":"Feature","properties":{"building":"yes","name_th":null,"depths":[0.0,0.0,0.0,0.0,0.0,0.0,0.0],"depth_p95":0.0,"depth_yagi2024":0.0},"geometry":{"type":"Polygon","coordinates":[[[99.8879206,19.030858],[99.8881992,19.0307662],[99.8882442,19.0308882],[99.8879656,19.03098],[99.8879206,19.030858]]]}},{"type":"Feature","properties":{"building":"yes","name_th":null,"depths":[0.0,0.0,0.0,0.0,0.0,0.0,0.0],"depth_p95":0.0,"depth_yagi2024":0.0},"geometry":{"type":"Polygon","coordinates":[[[99.8868126,19.0321306],[99.8869854,19.032124],[99.8870132,19.0327728],[99.8868404,19.0327794],[99.8868126,19.0321306]]]}},{"type":"Feature","properties":{"building":"yes","name_th":null,"depths":[0.0,0.0,0.0,0.0,0.0,0.0,0.0],"depth_p95":0.0,"depth_yagi2024":0.0},"geometry":{"type":"Polygon","coordinates":[[[99.8860415,19.031722],[99.8863875,19.0317119],[99.8863862,19.0322857],[99.8860544,19.0322976],[99.8859986,19.0322748],[99.8859825,19.0317474],[99.8860415,19.031722]]]}},{"type":"Feature","properties":{"building":"yes","name_th":null,"depths":[0.0,0.0,0.0,0.0,0.0,0.0,0.0],"depth_p95":0.0,"depth_yagi2024":0.0},"geometry":{"type":"Polygon","coordinates":[[[99.8855963,19.0329746],[99.885827,19.0327312],[99.8860576,19.032721],[99.8862829,19.0329087],[99.8862829,19.0334006],[99.8860308,19.0336491],[99.8858967,19.0336516],[99.8856124,19.0333778],[99.88543,19.0333955],[99.8853576,19.0333423],[99.8853388,19.0330557],[99.8853817,19.0329923],[99.8855963,19.0329746]]]}},{"type":"Feature","properties":{"building":"yes","name_th":null,"depths":[0.0,0.0,0.0,0.0,0.0,0.0,0.0],"depth_p95":0.0,"depth_yagi2024":0.0},"geometry":{"type":"Polygon","coordinates":[[[99.883592,19.0350229],[99.8837917,19.0353418],[99.8833861,19.0355688],[99.8831864,19.03525],[99.883592,19.0350229]]]}},{"type":"Feature","properties":{"building":"yes","name_th":null,"depths":[0.0,0.0,0.0,0.0,0.0,0.0,0.0],"depth_p95":0.0,"depth_yagi2024":0.0},"geometry":{"type":"Polygon","coordinates":[[[99.882906,19.0359311],[99.8832306,19.0362429],[99.8833513,19.0363266],[99.8837831,19.0365092],[99.883708,19.0366664],[99.8832815,19.0364787],[99.8831045,19.0363596],[99.8827889,19.0360468],[99.882906,19.0359311]]]}},{"type":"Feature","properties":{"building":"yes","name_th":null,"depths":[0.0,0.0,0.0,0.0,0.0,0.0,0.0],"depth_p95":0.0,"depth_yagi2024":0.0},"geometry":{"type":"Polygon","coordinates":[[[99.8828029,19.0355152],[99.8829784,19.0357764],[99.8828819,19.0358956],[99.8826995,19.0359412],[99.8825521,19.0356478],[99.882589,19.0356278],[99.8825696,19.0355948],[99.8826119,19.0355726],[99.8825836,19.0355191],[99.8826588,19.0354792],[99.8826872,19.0355332],[99.8827421,19.0355044],[99.8827614,19.0355372],[99.8828029,19.0355152]]]}},{"type":"Feature","properties":{"building":"yes","name_th":null,"depths":[0.0,0.0,0.0,0.0,0.0,0.0,0.0],"depth_p95":0.0,"depth_yagi2024":0.0},"geometry":{"type":"Polygon","coordinates":[[[99.8831483,19.0353191],[99.883324,19.0355805],[99.8832273,19.0356998],[99.8830447,19.0357455],[99.8828972,19.0354519],[99.8829342,19.0354319],[99.8829147,19.0353989],[99.882957,19.0353767],[99.8829288,19.0353232],[99.8830042,19.0352832],[99.8830327,19.0353372],[99.8830875,19.0353083],[99.8831068,19.0353412],[99.8831483,19.0353191]]]}},{"type":"Feature","properties":{"building":"yes","name_th":null,"depths":[0.0,0.0,0.0,0.0,0.0,0.0,0.0],"depth_p95":0.0,"depth_yagi2024":0.0},"geometry":{"type":"Polygon","coordinates":[[[99.893469,19.0262744],[99.8937412,19.026352],[99.8936033,19.0267842],[99.8933312,19.0267066],[99.893469,19.0262744]]]}},{"type":"Feature","properties":{"building":"yes","name_th":null,"depths":[0.0,0.0,0.0,0.0,0.0,0.0,0.0],"depth_p95":0.0,"depth_yagi2024":0.0},"geometry":{"type":"Polygon","coordinates":[[[99.8926321,19.0263956],[99.8926603,19.0265048],[99.8925648,19.0265269],[99.8925885,19.0266185],[99.8926796,19.0265974],[99.8927045,19.0266935],[99.8922975,19.0267877],[99.8922735,19.0266951],[99.8923556,19.0266761],[99.8923289,19.0265728],[99.8922458,19.026592],[99.8922197,19.0264911],[99.8926321,19.0263956]]]}},{"type":"Feature","properties":{"building":"yes","name_th":null,"depths":[0.0,0.0,0.0,0.0,0.0,0.0,0.0],"depth_p95":0.0,"depth_yagi2024":0.0},"geometry":{"type":"Polygon","coordinates":[[[99.8923978,19.0251167],[99.8924782,19.0251855],[99.8921165,19.0255633],[99.8920361,19.0254945],[99.8923978,19.0251167]]]}},{"type":"Feature","properties":{"building":"yes","name_th":null,"depths":[0.0,0.0,0.0,0.0,0.0,0.0,0.0],"depth_p95":0.0,"depth_yagi2024":0.0},"geometry":{"type":"Polygon","coordinates":[[[99.8921235,19.0241607],[99.8922015,19.0242424],[99.8916361,19.0247246],[99.8915582,19.0246429],[99.8921235,19.0241607]]]}},{"type":"Feature","properties":{"building":"yes","name_th":null,"depths":[0.0,0.0,0.0,0.0,0.0,0.0,0.0],"depth_p95":0.0,"depth_yagi2024":0.0},"geometry":{"type":"Polygon","coordinates":[[[99.8926416,19.023577],[99.8927224,19.0236414],[99.892344,19.0240657],[99.8922632,19.0240013],[99.8926416,19.023577]]]}},{"type":"Feature","properties":{"building":"yes","name_th":null,"depths":[0.0,0.0,0.0,0.0,0.0,0.0,0.0],"depth_p95":0.0,"depth_yagi2024":0.0},"geometry":{"type":"Polygon","coordinates":[[[99.8926271,19.0240104],[99.8932857,19.0239261],[99.8933003,19.024028],[99.8926417,19.0241123],[99.8926271,19.0240104]]]}},{"type":"Feature","properties":{"building":"yes","name_th":null,"depths":[0.0,0.0,0.0,0.0,0.0,0.0,0.0],"depth_p95":2.0332,"depth_yagi2024":3.6598},"geometry":{"type":"Polygon","coordinates":[[[99.9202249,19.1443117],[99.9200787,19.1443373],[99.9200479,19.1442509],[99.9196871,19.1442562],[99.9192848,19.1437444],[99.9191681,19.1437543],[99.9191037,19.143582],[99.9193505,19.1433033],[99.9195329,19.1432475],[99.9196777,19.1435364],[99.9198065,19.1434857],[99.9199084,19.1437188],[99.9199835,19.1436935],[99.9202249,19.1443117]]]}},{"type":"Feature","properties":{"building":"yes","name_th":null,"depths":[0.0,0.0,0.0,0.0,0.0,0.0,0.0],"depth_p95":2.0176,"depth_yagi2024":3.6285},"geometry":{"type":"Polygon","coordinates":[[[99.9204178,19.1443173],[99.9203018,19.1440338],[99.9206749,19.1438976],[99.9207909,19.1441811],[99.9204178,19.1443173]]]}},{"type":"Feature","properties":{"building":"yes","name_th":null,"depths":[0.0,0.0,0.0,0.0,0.0,0.0,0.0],"depth_p95":0.0,"depth_yagi2024":0.0},"geometry":{"type":"Polygon","coordinates":[[[99.9120234,19.0932234],[99.9120669,19.093076],[99.9125315,19.0931985],[99.912488,19.0933459],[99.9120234,19.0932234]]]}},{"type":"Feature","properties":{"building":"house","name_th":"2 ม.8 ต.แม่ใส  อ.เมือง จ.พะเยา","depths":[0.0,0.0,0.0,0.0,0.0,0.0,0.0],"depth_p95":0.0,"depth_yagi2024":0.1877},"geometry":{"type":"Polygon","coordinates":[[[99.8925121,19.13793],[99.8925121,19.137834],[99.8926584,19.1378475],[99.8926544,19.1379358],[99.8925121,19.13793]]]}},{"type":"Feature","properties":{"building":"yes","name_th":null,"depths":[0.0,0.0,0.0,0.0,0.0,0.0,0.0],"depth_p95":0.0,"depth_yagi2024":0.0},"geometry":{"type":"Polygon","coordinates":[[[99.9116582,19.1584476],[99.9114597,19.1582703],[99.9116029,19.1581273],[99.9118013,19.1583046],[99.9116582,19.1584476]]]}},{"type":"Feature","properties":{"building":"yes","name_th":null,"depths":[0.0,0.0,0.0,0.0,0.0,0.0,0.0],"depth_p95":0.0,"depth_yagi2024":0.0},"geometry":{"type":"Polygon","coordinates":[[[99.9110574,19.1581664],[99.9108937,19.1580802],[99.9108991,19.1578978],[99.9112344,19.1577103],[99.9115455,19.1578877],[99.9115536,19.1580828],[99.9113739,19.1581664],[99.911221,19.1580752],[99.9110574,19.1581664]]]}},{"type":"Feature","properties":{"building":"chalet","name_th":null,"depths":[0.0,0.0,0.0,0.0,0.0,0.0,0.0],"depth_p95":0.0,"depth_yagi2024":0.0469},"geometry":{"type":"Polygon","coordinates":[[[99.8624384,19.152984],[99.8624388,19.1529447],[99.8625052,19.1529454],[99.8625048,19.1529847],[99.8624384,19.152984]]]}},{"type":"Feature","properties":{"building":"chalet","name_th":null,"depths":[0.0,0.0,0.0,0.0,0.0,0.0,0.0],"depth_p95":0.0,"depth_yagi2024":0.0626},"geometry":{"type":"Polygon","coordinates":[[[99.862431,19.153041],[99.8624315,19.1530017],[99.8624978,19.1530024],[99.8624974,19.1530417],[99.862431,19.153041]]]}},{"type":"Feature","properties":{"building":"chalet","name_th":null,"depths":[0.0,0.0,0.0,0.0,0.0,0.0,0.0],"depth_p95":0.0,"depth_yagi2024":0.0626},"geometry":{"type":"Polygon","coordinates":[[[99.8624337,19.1531177],[99.8624341,19.1530784],[99.8625005,19.153079],[99.8625001,19.1531183],[99.8624337,19.1531177]]]}},{"type":"Feature","properties":{"building":"chalet","name_th":null,"depths":[0.0,0.0,0.0,0.0,0.0,0.0,0.0],"depth_p95":0.0,"depth_yagi2024":0.3597},"geometry":{"type":"Polygon","coordinates":[[[99.8624336,19.1531851],[99.862434,19.1531458],[99.8625004,19.1531464],[99.8625,19.1531858],[99.8624336,19.1531851]]]}},{"type":"Feature","properties":{"building":"yes","name_th":"Happy Garden","depths":[0.0,0.0,0.0,0.0,0.0,0.0,0.0],"depth_p95":0.0,"depth_yagi2024":0.0},"geometry":{"type":"Polygon","coordinates":[[[99.9017726,19.0899364],[99.9019478,19.0900234],[99.9017794,19.0903262],[99.9016042,19.0902392],[99.9017726,19.0899364]]]}},{"type":"Feature","properties":{"building":"yes","name_th":null,"depths":[0.0,0.0,0.0,0.0,0.0,0.0,0.0],"depth_p95":0.0,"depth_yagi2024":0.0},"geometry":{"type":"Polygon","coordinates":[[[99.8942171,19.0266502],[99.8942171,19.0264245],[99.8943391,19.0264245],[99.8943405,19.0264841],[99.8947401,19.0264866],[99.8947401,19.0264194],[99.894834,19.0264194],[99.8948327,19.0264803],[99.8950794,19.0264727],[99.8950835,19.0266324],[99.8948313,19.0266337],[99.89483,19.0266121],[99.8947321,19.0266121],[99.8947307,19.0266489],[99.8942171,19.0266502]]]}},{"type":"Feature","properties":{"building":"yes","name_th":null,"depths":[0.0,0.0,0.0,0.0,0.0,0.0,0.0],"depth_p95":0.0,"depth_yagi2024":0.0},"geometry":{"type":"Polygon","coordinates":[[[99.8939998,19.0266476],[99.8939985,19.0264777],[99.894201,19.0264752],[99.8942024,19.0266451],[99.8939998,19.0266476]]]}},{"type":"Feature","properties":{"building":"yes","name_th":null,"depths":[0.0,0.0,0.0,0.0,0.0,0.0,0.0],"depth_p95":0.0,"depth_yagi2024":0.0},"geometry":{"type":"Polygon","coordinates":[[[99.8947576,19.0269113],[99.8947468,19.0266603],[99.895066,19.0266578],[99.8950607,19.0269113],[99.8947576,19.0269113]]]}},{"type":"Feature","properties":{"building":"yes","name_th":null,"depths":[0.0,0.0,0.0,0.0,0.0,0.0,0.0],"depth_p95":0.0,"depth_yagi2024":0.0},"geometry":{"type":"Polygon","coordinates":[[[99.8951197,19.0268302],[99.8951304,19.0265107],[99.8954657,19.0265234],[99.8954442,19.0268302],[99.8951197,19.0268302]]]}},{"type":"Feature","properties":{"building":"yes","name_th":null,"depths":[0.0,0.0,0.0,0.0,0.0,0.0,0.0],"depth_p95":0.0,"depth_yagi2024":0.0},"geometry":{"type":"Polygon","coordinates":[[[99.8950767,19.0264448],[99.8950794,19.025788],[99.8953128,19.0257982],[99.8953074,19.0260467],[99.8952565,19.0260492],[99.8952591,19.0261963],[99.8953342,19.0262013],[99.8953316,19.0264473],[99.8950767,19.0264448]]]}},{"type":"Feature","properties":{"building":"yes","name_th":null,"depths":[0.0,0.0,0.0,0.0,0.0,0.0,0.0],"depth_p95":0.0,"depth_yagi2024":0.0},"geometry":{"type":"Polygon","coordinates":[[[99.8942801,19.02602],[99.8942801,19.0258476],[99.8949024,19.0258362],[99.8948997,19.0258933],[99.8950258,19.025892],[99.8950231,19.02602],[99.8949279,19.026015],[99.8949265,19.0260923],[99.8947737,19.0260948],[99.8947723,19.0260226],[99.8942801,19.02602]]]}},{"type":"Feature","properties":{"building":"yes","name_th":null,"depths":[0.0,0.0,0.0,0.0,0.0,0.0,0.0],"depth_p95":0.0,"depth_yagi2024":0.0},"geometry":{"type":"Polygon","coordinates":[[[99.894205,19.0263497],[99.8942037,19.0261506],[99.8948796,19.0261506],[99.8948769,19.0263497],[99.894205,19.0263497]]]}},{"type":"Feature","properties":{"building":"yes","name_th":null,"depths":[0.0,0.0,0.0,0.0,0.0,0.0,0.0],"depth_p95":0.0,"depth_yagi2024":0.0},"geometry":{"type":"Polygon","coordinates":[[[99.894425,19.0315591],[99.8940361,19.0317062],[99.8939931,19.0316403],[99.8939234,19.0315186],[99.8938912,19.0313918],[99.8939288,19.0313842],[99.893918,19.031265],[99.8939207,19.0311661],[99.893961,19.0310799],[99.8939207,19.0310571],[99.894138,19.0307275],[99.8941728,19.0307528],[99.8941353,19.0308086],[99.8941594,19.0308264],[99.8941916,19.0307858],[99.8944947,19.0309836],[99.8943579,19.0311357],[99.8944035,19.0311611],[99.8944008,19.0312295],[99.8944277,19.0312346],[99.8944142,19.0313208],[99.8943794,19.0313233],[99.894374,19.0314298],[99.894425,19.0315591]]]}},{"type":"Feature","properties":{"building":"yes","name_th":null,"depths":[0.0,0.0,0.0,0.0,0.0,0.0,0.0],"depth_p95":0.0,"depth_yagi2024":0.0},"geometry":{"type":"Polygon","coordinates":[[[99.8953933,19.0316301],[99.8951384,19.0319015],[99.8950714,19.0318406],[99.8949668,19.0319116],[99.8948675,19.0319167],[99.8948702,19.032013],[99.8947012,19.0320257],[99.8944706,19.032013],[99.8944934,19.0316416],[99.8947214,19.0316365],[99.8948179,19.0316251],[99.8948944,19.0315997],[99.8949507,19.0315579],[99.8948783,19.0314958],[99.8950124,19.0313588],[99.8953933,19.0316301]]]}},{"type":"Feature","properties":{"building":"yes","name_th":null,"depths":[0.0,0.0,0.0,0.0,0.0,0.0,0.0],"depth_p95":0.0,"depth_yagi2024":0.0},"geometry":{"type":"Polygon","coordinates":[[[99.8953336,19.0309075],[99.8957024,19.0311693],[99.8956253,19.0312612],[99.8955669,19.0312219],[99.8955347,19.0312574],[99.8955911,19.0313056],[99.8956125,19.0312777],[99.8956849,19.0313259],[99.8955911,19.0314374],[99.895524,19.0313943],[99.8954569,19.0314704],[99.8950841,19.0311915],[99.8951941,19.0310698],[99.8954221,19.0312447],[99.8954677,19.031189],[99.8952343,19.0310089],[99.8953336,19.0309075]]]}},{"type":"Feature","properties":{"building":"yes","name_th":null,"depths":[0.0,0.0,0.0,0.0,0.0,0.0,0.0],"depth_p95":0.0,"depth_yagi2024":0.0},"geometry":{"type":"Polygon","coordinates":[[[99.8956561,19.0305043],[99.8960249,19.0307661],[99.8959478,19.0308581],[99.8958895,19.0308188],[99.8958573,19.0308542],[99.8959136,19.0309024],[99.8959351,19.0308745],[99.8960075,19.0309227],[99.8959136,19.0310343],[99.8958465,19.0309912],[99.8957795,19.0310672],[99.8954067,19.0307883],[99.8955166,19.0306666],[99.8957446,19.0308416],[99.8957902,19.0307858],[99.8955569,19.0306058],[99.8956561,19.0305043]]]}},{"type":"Feature","properties":{"building":"yes","name_th":null,"depths":[0.0,0.0,0.0,0.0,0.0,0.0,0.0],"depth_p95":0.0,"depth_yagi2024":0.0},"geometry":{"type":"Polygon","coordinates":[[[99.894657,19.0303915],[99.8949976,19.0306222],[99.8948689,19.0307668],[99.8946087,19.0305842],[99.8945577,19.0306425],[99.8948286,19.0308226],[99.8947562,19.0309291],[99.8946972,19.030891],[99.8946758,19.0309189],[99.8943137,19.0306755],[99.8943914,19.030569],[99.8944531,19.0306096],[99.894539,19.0305005],[99.8944826,19.0304549],[99.8945577,19.0303636],[99.8946302,19.0304169],[99.894657,19.0303915]]]}},{"type":"Feature","properties":{"building":"yes","name_th":null,"depths":[0.0,0.0,0.0,0.0,0.0,0.0,0.0],"depth_p95":0.0,"depth_yagi2024":0.0},"geometry":{"type":"Polygon","coordinates":[[[99.8949842,19.0299883],[99.8953249,19.0302191],[99.8951961,19.0303636],[99.8949359,19.030181],[99.894885,19.0302394],[99.8951559,19.0304194],[99.8950835,19.0305259],[99.8950244,19.0304879],[99.895003,19.0305157],[99.8946409,19.0302723],[99.8947187,19.0301658],[99.8947804,19.0302064],[99.8948662,19.0300974],[99.8948099,19.0300517],[99.894885,19.0299604],[99.8949574,19.0300137],[99.8949842,19.0299883]]]}},{"type":"Feature","properties":{"building":"university","name_th":"School of Liberal Arts","depths":[0.0,0.0,0.0,0.0,0.0,0.0,0.0],"depth_p95":0.0,"depth_yagi2024":0.0},"geometry":{"type":"Polygon","coordinates":[[[99.8953879,19.0294495],[99.8957285,19.0296803],[99.8955998,19.0298248],[99.8953396,19.0296422],[99.8952886,19.0297005],[99.8955595,19.0298806],[99.8954871,19.0299871],[99.8954281,19.029949],[99.8954067,19.0299769],[99.8950446,19.0297335],[99.8951223,19.029627],[99.895184,19.0296676],[99.8952699,19.0295585],[99.8952135,19.0295129],[99.8952886,19.0294216],[99.8953611,19.0294749],[99.8953879,19.0294495]]]}},{"type":"Feature","properties":{"building":"yes","name_th":null,"depths":[0.0,0.0,0.0,0.0,0.0,0.0,0.0],"depth_p95":0.0,"depth_yagi2024":0.0},"geometry":{"type":"Polygon","coordinates":[[[99.8957527,19.0303446],[99.8960236,19.0299921],[99.8961604,19.030091],[99.8961979,19.0300581],[99.8965493,19.0303167],[99.8965251,19.0303547],[99.8965546,19.0303801],[99.8964313,19.0304993],[99.8963776,19.0304638],[99.896324,19.0305221],[99.8963615,19.0305576],[99.896214,19.0307452],[99.8958546,19.0304993],[99.8959002,19.0304384],[99.8957527,19.0303446]]]}},{"type":"Feature","properties":{"building":"yes","name_th":null,"depths":[0.0,0.0,0.0,0.0,0.0,0.0,0.0],"depth_p95":0.0,"depth_yagi2024":0.0},"geometry":{"type":"Polygon","coordinates":[[[99.8960182,19.0318355],[99.8961563,19.0316741],[99.8965774,19.0319962],[99.8964393,19.0321575],[99.8960182,19.0318355]]]}},{"type":"Feature","properties":{"building":"yes","name_th":null,"depths":[0.0,0.0,0.0,0.0,0.0,0.0,0.0],"depth_p95":0.0,"depth_yagi2024":0.0},"geometry":{"type":"Polygon","coordinates":[[[99.8966069,19.0311192],[99.8969583,19.0313855],[99.8969288,19.031426],[99.8970495,19.0315173],[99.8969395,19.0316517],[99.8968779,19.0316111],[99.8968269,19.0316593],[99.8968913,19.0317303],[99.896792,19.0318622],[99.8966552,19.0317658],[99.8966096,19.0318089],[99.8962583,19.0315503],[99.8963414,19.0314488],[99.8963012,19.0314159],[99.896387,19.0313398],[99.8964326,19.0313652],[99.8964782,19.0313145],[99.8964111,19.0312638],[99.896497,19.0311801],[99.8965238,19.031208],[99.8966069,19.0311192]]]}},{"type":"Feature","properties":{"building":"yes","name_th":null,"depths":[0.0,0.0,0.0,0.0,0.0,0.0,0.0],"depth_p95":0.0,"depth_yagi2024":0.0},"geometry":{"type":"Polygon","coordinates":[[[99.8970133,19.0306058],[99.8973647,19.030872],[99.8973352,19.0309126],[99.8974559,19.0310039],[99.8973459,19.0311382],[99.8972842,19.0310977],[99.8972332,19.0311458],[99.8972976,19.0312168],[99.8971984,19.0313487],[99.8970616,19.0312523],[99.897016,19.0312954],[99.8966646,19.0310368],[99.8967478,19.0309354],[99.8967075,19.0309024],[99.8967934,19.0308264],[99.896839,19.0308517],[99.8968846,19.030801],[99.8968175,19.0307503],[99.8969033,19.0306666],[99.8969302,19.0306945],[99.8970133,19.0306058]]]}},{"type":"Feature","properties":{"building":"yes","name_th":null,"depths":[0.0,0.0,0.0,0.0,0.0,0.0,0.0],"depth_p95":0.0,"depth_yagi2024":0.0},"geometry":{"type":"Polygon","coordinates":[[[99.9008167,19.0313804],[99.9011227,19.0311428],[99.9014432,19.0315117],[99.9011372,19.0317493],[99.9008167,19.0313804]]]}},{"type":"Feature","properties":{"building":"yes","name_th":null,"depths":[0.0,0.0,0.0,0.0,0.0,0.0,0.0],"depth_p95":0.0,"depth_yagi2024":0.0},"geometry":{"type":"Polygon","coordinates":[[[99.9012163,19.0310723],[99.9015251,19.0308346],[99.901855,19.0312174],[99.9015462,19.0314552],[99.9012163,19.0310723]]]}},{"type":"Feature","properties":{"building":"yes","name_th":null,"depths":[0.0,0.0,0.0,0.0,0.0,0.0,0.0],"depth_p95":0.0,"depth_yagi2024":0.0},"geometry":{"type":"Polygon","coordinates":[[[99.9016428,19.0315896],[99.9019603,19.0313609],[99.9022607,19.0317336],[99.9019432,19.0319623],[99.9016428,19.0315896]]]}},{"type":"Feature","properties":{"building":"yes","name_th":null,"depths":[0.0,0.0,0.0,0.0,0.0,0.0,0.0],"depth_p95":0.0,"depth_yagi2024":0.0},"geometry":{"type":"Polygon","coordinates":[[[99.9013719,19.0318127],[99.9015817,19.0316639],[99.9018634,19.0320189],[99.9016535,19.0321677],[99.9013719,19.0318127]]]}},{"type":"Feature","properties":{"building":"yes","name_th":null,"depths":[0.0,0.0,0.0,0.0,0.0,0.0,0.0],"depth_p95":0.0,"depth_yagi2024":0.0},"geometry":{"type":"Polygon","coordinates":[[[99.8975068,19.0314527],[99.8975424,19.0311089],[99.8980513,19.031156],[99.8980158,19.0314997],[99.8975068,19.0314527]]]}},{"type":"Feature","properties":{"building":"yes","name_th":null,"depths":[0.0,0.0,0.0,0.0,0.0,0.0,0.0],"depth_p95":0.0,"depth_yagi2024":0.0},"geometry":{"type":"Polygon","coordinates":[[[99.8982015,19.0311484],[99.898237,19.030805],[99.8987702,19.0308542],[99.8987346,19.0311977],[99.8982015,19.0311484]]]}},{"type":"Feature","properties":{"building":"yes","name_th":null,"depths":[0.0,0.0,0.0,0.0,0.0,0.0,0.0],"depth_p95":0.0,"depth_yagi2024":0.0},"geometry":{"type":"Polygon","coordinates":[[[99.8981506,19.0316454],[99.8981872,19.0312909],[99.8987031,19.0313386],[99.8986664,19.031693],[99.8981506,19.0316454]]]}},{"type":"Feature","properties":{"building":"yes","name_th":null,"depths":[0.0,0.0,0.0,0.0,0.0,0.0,0.0],"depth_p95":0.0,"depth_yagi2024":0.0},"geometry":{"type":"Polygon","coordinates":[[[99.8988157,19.0316124],[99.8988509,19.0312727],[99.899371,19.0313208],[99.8993358,19.0316605],[99.8988157,19.0316124]]]}},{"type":"Feature","properties":{"building":"yes","name_th":null,"depths":[0.0,0.0,0.0,0.0,0.0,0.0,0.0],"depth_p95":0.0,"depth_yagi2024":0.0},"geometry":{"type":"Polygon","coordinates":[[[99.8995158,19.0313715],[99.8995332,19.0312029],[99.9000683,19.0312523],[99.9000509,19.031421],[99.8995158,19.0313715]]]}},{"type":"Feature","properties":{"building":"yes","name_th":null,"depths":[0.0,0.0,0.0,0.0,0.0,0.0,0.0],"depth_p95":0.0,"depth_yagi2024":0.0},"geometry":{"type":"Polygon","coordinates":[[[99.9007389,19.0320789],[99.9007593,19.0318816],[99.9012753,19.0319293],[99.9012549,19.0321266],[99.9007389,19.0320789]]]}},{"type":"Feature","properties":{"building":"yes","name_th":null,"depths":[0.0,0.0,0.0,0.0,0.0,0.0,0.0],"depth_p95":0.0,"depth_yagi2024":0.0},"geometry":{"type":"Polygon","coordinates":[[[99.900122,19.0317671],[99.9001575,19.0314237],[99.9006906,19.0314729],[99.9006551,19.0318163],[99.900122,19.0317671]]]}},{"type":"Feature","properties":{"building":"yes","name_th":null,"depths":[0.0,0.0,0.0,0.0,0.0,0.0,0.0],"depth_p95":0.0,"depth_yagi2024":0.0},"geometry":{"type":"Polygon","coordinates":[[[99.8994568,19.0318837],[99.8994945,19.0315192],[99.9000093,19.0315668],[99.8999716,19.0319313],[99.8994568,19.0318837]]]}},{"type":"Feature","properties":{"building":"yes","name_th":null,"depths":[0.0,0.0,0.0,0.0,0.0,0.0,0.0],"depth_p95":0.0,"depth_yagi2024":0.0},"geometry":{"type":"Polygon","coordinates":[[[99.8987326,19.0322159],[99.8987524,19.0320248],[99.8992556,19.0320713],[99.8992359,19.0322624],[99.8987326,19.0322159]]]}},{"type":"Feature","properties":{"building":"yes","name_th":null,"depths":[0.0,0.0,0.0,0.0,0.0,0.0,0.0],"depth_p95":0.0,"depth_yagi2024":0.0},"geometry":{"type":"Polygon","coordinates":[[[99.9000898,19.0321068],[99.9001104,19.0319072],[99.9005843,19.031951],[99.9005637,19.0321506],[99.9000898,19.0321068]]]}},{"type":"Feature","properties":{"building":"yes","name_th":null,"depths":[0.0,0.0,0.0,0.0,0.0,0.0,0.0],"depth_p95":0.0,"depth_yagi2024":1.0166},"geometry":{"type":"Polygon","coordinates":[[[99.9080063,19.1452607],[99.9079804,19.1451747],[99.9082339,19.1451067],[99.9082598,19.1451927],[99.9080063,19.1452607]]]}},{"type":"Feature","properties":{"building":"yes","name_th":null,"depths":[0.0,0.0,0.0,0.0,0.0,0.0,0.0],"depth_p95":0.0,"depth_yagi2024":0.0},"geometry":{"type":"Polygon","coordinates":[[[99.9113253,19.0943592],[99.9113804,19.0942516],[99.9114796,19.0942969],[99.9114244,19.0944046],[99.9113253,19.0943592]]]}},{"type":"Feature","properties":{"building":"yes","name_th":null,"depths":[0.0,0.0,0.0,0.0,0.0,0.0,0.0],"depth_p95":0.0,"depth_yagi2024":0.0},"geometry":{"type":"Polygon","coordinates":[[[99.9109687,19.0942223],[99.9109741,19.0939612],[99.9110867,19.0939637],[99.9110815,19.0942222],[99.9109687,19.0942223]]]}},{"type":"Feature","properties":{"building":"yes","name_th":"7-Eleven","depths":[0.0,0.0,0.0,0.0,0.0,0.0,0.0],"depth_p95":0.0,"depth_yagi2024":0.0},"geometry":{"type":"Polygon","coordinates":[[[99.910547,19.099933],[99.9107416,19.1000116],[99.9107039,19.1000949],[99.9105093,19.1000163],[99.910547,19.099933]]]}},{"type":"Feature","properties":{"building":"yes","name_th":null,"depths":[0.0,0.0,0.0,0.0,0.0,0.0,0.0],"depth_p95":0.0,"depth_yagi2024":0.0},"geometry":{"type":"Polygon","coordinates":[[[99.9102967,19.0999422],[99.9103323,19.0998525],[99.9105124,19.0999164],[99.9104768,19.1000061],[99.9102967,19.0999422]]]}},{"type":"Feature","properties":{"building":"yes","name_th":"7-Eleven","depths":[0.0,0.0,0.0,0.0,0.0,0.0,0.0],"depth_p95":0.6725,"depth_yagi2024":1.7517},"geometry":{"type":"Polygon","coordinates":[[[99.8957808,19.1388907],[99.895722,19.1391466],[99.8956165,19.1391249],[99.8956752,19.138869],[99.8957808,19.1388907]]]}},{"type":"Feature","properties":{"building":"yes","name_th":null,"depths":[0.0,0.0,0.0,0.0,0.0,0.0,0.0],"depth_p95":0.6882,"depth_yagi2024":1.8143},"geometry":{"type":"Polygon","coordinates":[[[99.9147844,19.1570837],[99.9147629,19.1570175],[99.9149516,19.156963],[99.914973,19.1570292],[99.9147844,19.1570837]]]}},{"type":"Feature","properties":{"building":"yes","name_th":"7-Eleven","depths":[0.0,0.0,0.0,0.0,0.0,0.0,0.0],"depth_p95":0.0,"depth_yagi2024":0.2815},"geometry":{"type":"Polygon","coordinates":[[[99.9120607,19.1453903],[99.9123717,19.1453707],[99.9123774,19.1454524],[99.9120665,19.145472],[99.9120607,19.1453903]]]}},{"type":"Feature","properties":{"building":"yes","name_th":null,"depths":[0.0,0.0,0.0,0.0,0.0,0.0,0.0],"depth_p95":1.2669,"depth_yagi2024":2.9404},"geometry":{"type":"Polygon","coordinates":[[[99.9120201,19.1450844],[99.9129873,19.1449921],[99.9130108,19.1452119],[99.9124495,19.1452655],[99.9124433,19.1452074],[99.9120375,19.1452462],[99.9120201,19.1450844]]]}},{"type":"Feature","properties":{"building":"yes","name_th":null,"depths":[0.0,0.0,0.0,0.0,0.0,0.0,0.0],"depth_p95":0.0,"depth_yagi2024":0.6256},"geometry":{"type":"Polygon","coordinates":[[[99.8592827,19.1575254],[99.8592854,19.1574215],[99.8593535,19.157423],[99.8593509,19.1575269],[99.8592827,19.1575254]]]}},{"type":"Feature","properties":{"building":"yes","name_th":null,"depths":[0.0,0.0,0.0,0.0,0.0,0.0,0.0],"depth_p95":1.392,"depth_yagi2024":1.5484},"geometry":{"type":"Polygon","coordinates":[[[99.859276,19.1578129],[99.8592866,19.1576976],[99.85941,19.1577077],[99.8593993,19.1578231],[99.859276,19.1578129]]]}},{"type":"Feature","properties":{"building":"yes","name_th":null,"depths":[0.0,0.0,0.0,0.0,0.0,0.0,0.0],"depth_p95":1.5953,"depth_yagi2024":2.2991},"geometry":{"type":"Polygon","coordinates":[[[99.8594047,19.157481],[99.8594063,19.1573999],[99.8594329,19.1574004],[99.8594339,19.1573506],[99.8596916,19.1573552],[99.859689,19.1574861],[99.8594047,19.157481]]]}},{"type":"Feature","properties":{"building":"yes","name_th":null,"depths":[0.0,0.0,0.0,0.0,0.0,0.0,0.0],"depth_p95":0.0,"depth_yagi2024":0.0},"geometry":{"type":"Polygon","coordinates":[[[99.8279558,19.0991976],[99.8279623,19.0991225],[99.8281259,19.0991352],[99.8281194,19.0992103],[99.8279558,19.0991976]]]}},{"type":"Feature","properties":{"building":"yes","name_th":null,"depths":[0.0,0.0,0.0,0.0,0.0,0.0,0.0],"depth_p95":0.0,"depth_yagi2024":0.0},"geometry":{"type":"Polygon","coordinates":[[[99.8280336,19.0994714],[99.827928,19.0994461],[99.8279548,19.099346],[99.8280604,19.0993712],[99.8280336,19.0994714]]]}},{"type":"Feature","properties":{"building":"yes","name_th":null,"depths":[0.0,0.0,0.0,0.0,0.0,0.0,0.0],"depth_p95":0.0,"depth_yagi2024":0.0},"geometry":{"type":"Polygon","coordinates":[[[99.8277815,19.0995195],[99.8284158,19.0996298],[99.8284042,19.0996892],[99.8277699,19.099579],[99.8277815,19.0995195]]]}},{"type":"Feature","properties":{"building":"yes","name_th":null,"depths":[0.0,0.0,0.0,0.0,0.0,0.0,0.0],"depth_p95":0.0,"depth_yagi2024":0.0},"geometry":{"type":"Polygon","coordinates":[[[99.8277587,19.0999478],[99.8277568,19.0998641],[99.8278842,19.0998616],[99.8278861,19.0999453],[99.8277587,19.0999478]]]}},{"type":"Feature","properties":{"building":"temple","name_th":"วัดแม่ใส","depths":[0.0,0.0,0.0,0.0,0.0,0.0,0.0],"depth_p95":0.0,"depth_yagi2024":0.391},"geometry":{"type":"Polygon","coordinates":[[[99.8838463,19.1340163],[99.8838304,19.1338956],[99.8841201,19.1338614],[99.884136,19.1339821],[99.8838463,19.1340163]]]}},{"type":"Feature","properties":{"building":"yes","name_th":null,"depths":[0.0,0.0,0.0,0.0,0.0,0.0,0.0],"depth_p95":0.0,"depth_yagi2024":0.0},"geometry":{"type":"Polygon","coordinates":[[[99.9063593,19.0275492],[99.9063942,19.0276329],[99.9059557,19.0277977],[99.9057364,19.0280217],[99.9056874,19.0279587],[99.9059279,19.0277136],[99.9063593,19.0275492]]]}},{"type":"Feature","properties":{"building":"yes","name_th":null,"depths":[0.0,0.0,0.0,0.0,0.0,0.0,0.0],"depth_p95":0.0,"depth_yagi2024":0.0},"geometry":{"type":"Polygon","coordinates":[[[99.9064452,19.0277936],[99.9065854,19.0277357],[99.9067184,19.0280234],[99.9065782,19.0280813],[99.9064452,19.0277936]]]}},{"type":"Feature","properties":{"building":"yes","name_th":null,"depths":[0.0,0.0,0.0,0.0,0.0,0.0,0.0],"depth_p95":0.0,"depth_yagi2024":0.0},"geometry":{"type":"Polygon","coordinates":[[[99.904427,19.0297043],[99.9045402,19.0296184],[99.9048047,19.0299298],[99.9046916,19.0300157],[99.904427,19.0297043]]]}},{"type":"Feature","properties":{"building":"yes","name_th":null,"depths":[0.0,0.0,0.0,0.0,0.0,0.0,0.0],"depth_p95":0.0,"depth_yagi2024":0.0},"geometry":{"type":"Polygon","coordinates":[[[99.9044659,19.0295075],[99.904806,19.0292431],[99.9049051,19.0293571],[99.904565,19.0296215],[99.9044659,19.0295075]]]}},{"type":"Feature","properties":{"building":"yes","name_th":null,"depths":[0.0,0.0,0.0,0.0,0.0,0.0,0.0],"depth_p95":0.0,"depth_yagi2024":0.0},"geometry":{"type":"Polygon","coordinates":[[[99.9060312,19.0280514],[99.9063654,19.0279596],[99.9063933,19.0280588],[99.9060898,19.0281387],[99.9059215,19.0282993],[99.9058484,19.0282287],[99.9060312,19.0280514]]]}},{"type":"Feature","properties":{"building":"yes","name_th":null,"depths":[0.0,0.0,0.0,0.0,0.0,0.0,0.0],"depth_p95":0.0,"depth_yagi2024":0.0},"geometry":{"type":"Polygon","coordinates":[[[99.9058337,19.0273609],[99.9059173,19.0274321],[99.9054884,19.0278824],[99.9054047,19.0278112],[99.9058337,19.0273609]]]}},{"type":"Feature","properties":{"building":"yes","name_th":null,"depths":[0.0,0.0,0.0,0.0,0.0,0.0,0.0],"depth_p95":0.0,"depth_yagi2024":0.0},"geometry":{"type":"Polygon","coordinates":[[[99.9004049,19.0288029],[99.9006063,19.0288292],[99.9005599,19.0291471],[99.9003585,19.0291208],[99.9004049,19.0288029]]]}},{"type":"Feature","properties":{"building":"yes","name_th":null,"depths":[0.0,0.0,0.0,0.0,0.0,0.0,0.0],"depth_p95":0.0,"depth_yagi2024":0.0},"geometry":{"type":"Polygon","coordinates":[[[99.9017616,19.0289888],[99.9019308,19.0290099],[99.9018866,19.0293267],[99.9017173,19.0293056],[99.9017616,19.0289888]]]}},{"type":"Feature","properties":{"building":"yes","name_th":null,"depths":[0.0,0.0,0.0,0.0,0.0,0.0,0.0],"depth_p95":0.0,"depth_yagi2024":0.0},"geometry":{"type":"Polygon","coordinates":[[[99.8999461,19.02874],[99.9001474,19.0287668],[99.9001,19.0290854],[99.8998987,19.0290586],[99.8999461,19.02874]]]}},{"type":"Feature","properties":{"building":"yes","name_th":null,"depths":[0.0,0.0,0.0,0.0,0.0,0.0,0.0],"depth_p95":0.0,"depth_yagi2024":0.0},"geometry":{"type":"Polygon","coordinates":[[[99.9008566,19.0288644],[99.9010577,19.0288911],[99.9010106,19.0292085],[99.9008094,19.0291818],[99.9008566,19.0288644]]]}},{"type":"Feature","properties":{"building":"yes","name_th":null,"depths":[0.0,0.0,0.0,0.0,0.0,0.0,0.0],"depth_p95":0.0,"depth_yagi2024":0.0},"geometry":{"type":"Polygon","coordinates":[[[99.8997142,19.0287086],[99.8999152,19.0287349],[99.8998686,19.0290538],[99.8996676,19.0290275],[99.8997142,19.0287086]]]}},{"type":"Feature","properties":{"building":"yes","name_th":null,"depths":[0.0,0.0,0.0,0.0,0.0,0.0,0.0],"depth_p95":0.0,"depth_yagi2024":0.0},"geometry":{"type":"Polygon","coordinates":[[[99.901115,19.0289003],[99.9012817,19.0289221],[99.9012354,19.0292394],[99.9010687,19.0292176],[99.901115,19.0289003]]]}},{"type":"Feature","properties":{"building":"yes","name_th":null,"depths":[0.0,0.0,0.0,0.0,0.0,0.0,0.0],"depth_p95":0.0,"depth_yagi2024":0.0},"geometry":{"type":"Polygon","coordinates":[[[99.9013014,19.0289262],[99.9014722,19.0289479],[99.9014272,19.0292651],[99.9012563,19.0292434],[99.9013014,19.0289262]]]}},{"type":"Feature","properties":{"building":"yes","name_th":null,"depths":[0.0,0.0,0.0,0.0,0.0,0.0,0.0],"depth_p95":0.0,"depth_yagi2024":0.0},"geometry":{"type":"Polygon","coordinates":[[[99.900627,19.0288324],[99.9008251,19.0288593],[99.9007769,19.0291766],[99.9005788,19.0291497],[99.900627,19.0288324]]]}},{"type":"Feature","properties":{"building":"yes","name_th":null,"depths":[0.0,0.0,0.0,0.0,0.0,0.0,0.0],"depth_p95":0.0,"depth_yagi2024":0.0},"geometry":{"type":"Polygon","coordinates":[[[99.8996142,19.0291006],[99.8996233,19.029037],[99.9019437,19.0293504],[99.9019316,19.0294165],[99.8996142,19.0291006]]]}},{"type":"Feature","properties":{"building":"yes","name_th":null,"depths":[0.0,0.0,0.0,0.0,0.0,0.0,0.0],"depth_p95":0.0,"depth_yagi2024":0.0},"geometry":{"type":"Polygon","coordinates":[[[99.9001791,19.0287726],[99.9003757,19.0287978],[99.90033,19.0291163],[99.9001334,19.0290911],[99.9001791,19.0287726]]]}},{"type":"Feature","properties":{"building":"yes","name_th":null,"depths":[0.0,0.0,0.0,0.0,0.0,0.0,0.0],"depth_p95":0.0,"depth_yagi2024":0.0},"geometry":{"type":"Polygon","coordinates":[[[99.9015761,19.0289639],[99.9017455,19.0289854],[99.9017005,19.0293023],[99.9015312,19.0292808],[99.9015761,19.0289639]]]}},{"type":"Feature","properties":{"building":"yes","name_th":null,"depths":[0.0,0.0,0.0,0.0,0.0,0.0,0.0],"depth_p95":0.0,"depth_yagi2024":0.0},"geometry":{"type":"Polygon","coordinates":[[[99.9023103,19.0290875],[99.9024579,19.0291054],[99.9024172,19.0294055],[99.9022696,19.0293877],[99.9023103,19.0290875]]]}},{"type":"Feature","properties":{"building":"yes","name_th":null,"depths":[0.0,0.0,0.0,0.0,0.0,0.0,0.0],"depth_p95":0.0,"depth_yagi2024":0.0},"geometry":{"type":"Polygon","coordinates":[[[99.9026244,19.0294473],[99.9026137,19.0295184],[99.9021552,19.029457],[99.9021658,19.0293859],[99.9026244,19.0294473]]]}},{"type":"Feature","properties":{"building":"yes","name_th":null,"depths":[0.0,0.0,0.0,0.0,0.0,0.0,0.0],"depth_p95":0.0,"depth_yagi2024":0.0},"geometry":{"type":"Polygon","coordinates":[[[99.9024783,19.0291072],[99.9026243,19.0291246],[99.9025835,19.029431],[99.9024374,19.0294136],[99.9024783,19.0291072]]]}},{"type":"Feature","properties":{"building":"yes","name_th":null,"depths":[0.0,0.0,0.0,0.0,0.0,0.0,0.0],"depth_p95":0.0,"depth_yagi2024":0.0},"geometry":{"type":"Polygon","coordinates":[[[99.9040427,19.026721],[99.9046329,19.0266917],[99.9046499,19.0269978],[99.9040597,19.0270271],[99.9040427,19.026721]]]}},{"type":"Feature","properties":{"building":"yes","name_th":null,"depths":[0.0,0.0,0.0,0.0,0.0,0.0,0.0],"depth_p95":0.0,"depth_yagi2024":0.0},"geometry":{"type":"Polygon","coordinates":[[[99.9040086,19.025862],[99.9041837,19.0258528],[99.9041906,19.0259687],[99.9040155,19.025978],[99.9040086,19.025862]]]}},{"type":"Feature","properties":{"building":"yes","name_th":null,"depths":[0.0,0.0,0.0,0.0,0.0,0.0,0.0],"depth_p95":0.0,"depth_yagi2024":0.0},"geometry":{"type":"Polygon","coordinates":[[[99.9038537,19.0289624],[99.9041166,19.0287418],[99.9044694,19.0286627],[99.9047544,19.0286564],[99.9047534,19.0287433],[99.9044823,19.0287523],[99.9041555,19.0288242],[99.9039182,19.0290303],[99.9038537,19.0289624]]]}},{"type":"Feature","properties":{"building":"yes","name_th":null,"depths":[0.0,0.0,0.0,0.0,0.0,0.0,0.0],"depth_p95":0.0,"depth_yagi2024":0.0},"geometry":{"type":"Polygon","coordinates":[[[99.9039919,19.0292121],[99.904236,19.0290283],[99.9046697,19.0289104],[99.9049406,19.0289619],[99.9049132,19.0290466],[99.9046745,19.0290097],[99.9042736,19.0291138],[99.9040585,19.0292878],[99.9039919,19.0292121]]]}},{"type":"Feature","properties":{"building":"yes","name_th":null,"depths":[0.0,0.0,0.0,0.0,0.0,0.0,0.0],"depth_p95":0.0,"depth_yagi2024":0.0},"geometry":{"type":"Polygon","coordinates":[[[99.9016507,19.090499],[99.9017103,19.090391],[99.9018088,19.0904396],[99.9017492,19.0905476],[99.9016507,19.090499]]]}},{"type":"Feature","properties":{"building":"roof","name_th":null,"depths":[0.0,0.0,0.0,0.0,0.0,0.0,0.0],"depth_p95":0.0,"depth_yagi2024":0.0},"geometry":{"type":"Polygon","coordinates":[[[99.9013701,19.0903935],[99.9016371,19.089897],[99.9016831,19.0899191],[99.9014161,19.0904156],[99.9013701,19.0903935]]]}},{"type":"Feature","properties":{"building":"yes","name_th":null,"depths":[0.0,0.0,0.0,0.0,0.0,0.0,0.0],"depth_p95":0.0,"depth_yagi2024":0.0},"geometry":{"type":"Polygon","coordinates":[[[99.8859996,19.0297993],[99.8860792,19.0295615],[99.8866592,19.0297349],[99.8865796,19.0299727],[99.8859996,19.0297993]]]}},{"type":"Feature","properties":{"building":"yes","name_th":null,"depths":[0.0,0.0,0.0,0.0,0.0,0.0,0.0],"depth_p95":0.0,"depth_yagi2024":0.0},"geometry":{"type":"Polygon","coordinates":[[[99.8861272,19.0303281],[99.8861631,19.0302175],[99.8867421,19.0303852],[99.8867063,19.0304958],[99.8861272,19.0303281]]]}},{"type":"Feature","properties":{"building":"yes","name_th":null,"depths":[0.0,0.0,0.0,0.0,0.0,0.0,0.0],"depth_p95":0.0,"depth_yagi2024":0.0},"geometry":{"type":"Polygon","coordinates":[[[99.8860746,19.0301368],[99.8861412,19.0299117],[99.8867183,19.0300642],[99.8866517,19.0302894],[99.8860746,19.0301368]]]}},{"type":"Feature","properties":{"building":"yes","name_th":null,"depths":[0.0,0.0,0.0,0.0,0.0,0.0,0.0],"depth_p95":0.0,"depth_yagi2024":0.0},"geometry":{"type":"Polygon","coordinates":[[[99.8851382,19.0293555],[99.8857492,19.0294936],[99.8857208,19.0296056],[99.8851098,19.0294676],[99.8851382,19.0293555]]]}},{"type":"Feature","properties":{"building":"yes","name_th":null,"depths":[0.0032,0.0031,0.0029,0.0028,0.0027,0.0026,0.0025],"depth_p95":0.0,"depth_yagi2024":0.0},"geometry":{"type":"Polygon","coordinates":[[[99.8886508,19.0276434],[99.8885582,19.0275534],[99.8886364,19.0274815],[99.888729,19.0275715],[99.8886508,19.0276434]]]}},{"type":"Feature","properties":{"building":"yes","name_th":null,"depths":[0.0,0.0,0.0,0.0,0.0,0.0,0.0],"depth_p95":0.0,"depth_yagi2024":0.0},"geometry":{"type":"Polygon","coordinates":[[[99.8879594,19.0279452],[99.8878633,19.0278587],[99.8880073,19.0277156],[99.8881035,19.0278021],[99.8879594,19.0279452]]]}},{"type":"Feature","properties":{"building":"yes","name_th":null,"depths":[0.0,0.0,0.0,0.0,0.0,0.0,0.0],"depth_p95":0.0,"depth_yagi2024":0.0},"geometry":{"type":"Polygon","coordinates":[[[99.886967,19.0299172],[99.8868847,19.0297881],[99.8872102,19.0296287],[99.8872755,19.029748],[99.886967,19.0299172]]]}},{"type":"Feature","properties":{"building":"yes","name_th":null,"depths":[0.0,0.0,0.0,0.0,0.0,0.0,0.0],"depth_p95":0.0,"depth_yagi2024":0.0},"geometry":{"type":"Polygon","coordinates":[[[99.9019457,19.0257257],[99.9019263,19.0256364],[99.902049,19.0256126],[99.9020685,19.0257019],[99.9019457,19.0257257]]]}},{"type":"Feature","properties":{"building":"yes","name_th":null,"depths":[0.0,0.0,0.0,0.0,0.0,0.0,0.0],"depth_p95":0.0,"depth_yagi2024":0.0},"geometry":{"type":"Polygon","coordinates":[[[99.9020344,19.0253513],[99.9020303,19.0252663],[99.9021557,19.0252609],[99.9021597,19.0253459],[99.9020344,19.0253513]]]}},{"type":"Feature","properties":{"building":"yes","name_th":null,"depths":[0.0,0.0,0.0,0.0,0.0,0.0,0.0],"depth_p95":0.0,"depth_yagi2024":0.0},"geometry":{"type":"Polygon","coordinates":[[[99.9015723,19.025479],[99.9015505,19.0254148],[99.9016459,19.0253858],[99.9016677,19.0254499],[99.9015723,19.025479]]]}},{"type":"Feature","properties":{"building":"yes","name_th":null,"depths":[0.0,0.0,0.0,0.0,0.0,0.0,0.0],"depth_p95":0.0,"depth_yagi2024":0.0},"geometry":{"type":"Polygon","coordinates":[[[99.9022689,19.0254524],[99.9022662,19.0253199],[99.9024586,19.0253164],[99.9024614,19.0254489],[99.9022689,19.0254524]]]}},{"type":"Feature","properties":{"building":"yes","name_th":null,"depths":[0.0,0.0,0.0,0.0,0.0,0.0,0.0],"depth_p95":0.0,"depth_yagi2024":0.0},"geometry":{"type":"Polygon","coordinates":[[[99.9017133,19.0260199],[99.9016572,19.0259016],[99.9018588,19.0258162],[99.9019149,19.0259345],[99.9017133,19.0260199]]]}},{"type":"Feature","properties":{"building":"yes","name_th":null,"depths":[0.0,0.0,0.0,0.0,0.0,0.0,0.0],"depth_p95":0.0,"depth_yagi2024":0.0},"geometry":{"type":"Polygon","coordinates":[[[99.9013279,19.0259578],[99.9013104,19.0258506],[99.9015125,19.0258211],[99.90153,19.0259283],[99.9013279,19.0259578]]]}},{"type":"Feature","properties":{"building":"yes","name_th":null,"depths":[0.0,0.0,0.0,0.0,0.0,0.0,0.0],"depth_p95":0.0,"depth_yagi2024":0.0},"geometry":{"type":"Polygon","coordinates":[[[99.8878279,19.0275322],[99.8877805,19.0275882],[99.8877165,19.0275397],[99.887764,19.0274837],[99.8878279,19.0275322]]]}},{"type":"Feature","properties":{"building":"yes","name_th":null,"depths":[0.0,0.0,0.0,0.0,0.0,0.0,0.0],"depth_p95":0.0,"depth_yagi2024":0.0},"geometry":{"type":"Polygon","coordinates":[[[99.8930633,19.0276512],[99.893028,19.027613],[99.8932233,19.0274515],[99.8932586,19.0274897],[99.8930633,19.0276512]]]}},{"type":"Feature","properties":{"building":"yes","name_th":null,"depths":[0.0,0.0,0.0,0.0,0.0,0.0,0.0],"depth_p95":0.0,"depth_yagi2024":0.0},"geometry":{"type":"Polygon","coordinates":[[[99.8925128,19.0270372],[99.8924775,19.026999],[99.8926728,19.0268375],[99.8927081,19.0268757],[99.8925128,19.0270372]]]}},{"type":"Feature","properties":{"building":"yes","name_th":null,"depths":[0.0,0.0,0.0,0.0,0.0,0.0,0.0],"depth_p95":0.0,"depth_yagi2024":0.0},"geometry":{"type":"Polygon","coordinates":[[[99.8930175,19.0276052],[99.8929821,19.027567],[99.8931774,19.0274055],[99.8932128,19.0274437],[99.8930175,19.0276052]]]}},{"type":"Feature","properties":{"building":"yes","name_th":null,"depths":[0.0,0.0,0.0,0.0,0.0,0.0,0.0],"depth_p95":0.0,"depth_yagi2024":0.0},"geometry":{"type":"Polygon","coordinates":[[[99.8925578,19.0270915],[99.8925224,19.0270533],[99.8927177,19.0268918],[99.8927531,19.02693],[99.8925578,19.0270915]]]}},{"type":"Feature","properties":{"building":"yes","name_th":null,"depths":[0.0042,0.0041,0.0039,0.0038,0.0037,0.0035,0.0034],"depth_p95":0.0,"depth_yagi2024":0.0},"geometry":{"type":"Polygon","coordinates":[[[99.8884296,19.0280016],[99.8883405,19.0279282],[99.8884193,19.0278427],[99.8885084,19.027916],[99.8884296,19.0280016]]]}},{"type":"Feature","properties":{"building":"yes","name_th":null,"depths":[0.0,0.0,0.0,0.0,0.0,0.0,0.0],"depth_p95":0.0,"depth_yagi2024":0.0},"geometry":{"type":"Polygon","coordinates":[[[99.8929468,19.0273898],[99.8927048,19.027134],[99.8927858,19.0270655],[99.8928632,19.0271472],[99.8929218,19.0270976],[99.8930093,19.0271901],[99.8929433,19.0272459],[99.8930205,19.0273275],[99.8929468,19.0273898]]]}},{"type":"Feature","properties":{"building":"yes","name_th":null,"depths":[0.0,0.0,0.0,0.0,0.0,0.0,0.0],"depth_p95":0.0,"depth_yagi2024":0.0},"geometry":{"type":"Polygon","coordinates":[[[99.8904809,19.0254945],[99.8904115,19.0254174],[99.8907036,19.0251824],[99.8912101,19.0249926],[99.8912495,19.0250866],[99.8907597,19.0252701],[99.8904809,19.0254945]]]}},{"type":"Feature","properties":{"building":"yes","name_th":null,"depths":[0.0,0.0,0.0,0.0,0.0,0.0,0.0],"depth_p95":0.0,"depth_yagi2024":0.0},"geometry":{"type":"Polygon","coordinates":[[[99.8239191,19.0895749],[99.8238373,19.0895026],[99.8238737,19.0894658],[99.8239555,19.089538],[99.8239191,19.0895749]]]}},{"type":"Feature","properties":{"building":"yes","name_th":null,"depths":[0.0,0.0,0.0,0.0,0.0,0.0,0.0],"depth_p95":0.0,"depth_yagi2024":0.0},"geometry":{"type":"Polygon","coordinates":[[[99.8242074,19.0900045],[99.8240237,19.0898055],[99.8240902,19.0897507],[99.824274,19.0899496],[99.8242074,19.0900045]]]}},{"type":"Feature","properties":{"building":"yes","name_th":null,"depths":[0.0,0.0,0.0,0.0,0.0,0.0,0.0],"depth_p95":0.0,"depth_yagi2024":0.0},"geometry":{"type":"Polygon","coordinates":[[[99.8243402,19.0901756],[99.8242088,19.0900362],[99.82429,19.0899678],[99.8244214,19.0901072],[99.8243402,19.0901756]]]}},{"type":"Feature","properties":{"building":"yes","name_th":null,"depths":[0.0,0.0,0.0,0.0,0.0,0.0,0.0],"depth_p95":0.0,"depth_yagi2024":0.0},"geometry":{"type":"Polygon","coordinates":[[[99.8258127,19.0910133],[99.8258664,19.0909728],[99.825891,19.0910018],[99.8258373,19.0910424],[99.8258127,19.0910133]]]}},{"type":"Feature","properties":{"building":"yes","name_th":null,"depths":[0.0,0.0,0.0,0.0,0.0,0.0,0.0],"depth_p95":0.0,"depth_yagi2024":0.0},"geometry":{"type":"Polygon","coordinates":[[[99.8263358,19.0907839],[99.8262845,19.0907078],[99.8263878,19.0906457],[99.826439,19.0907218],[99.8263358,19.0907839]]]}},{"type":"Feature","properties":{"building":"yes","name_th":null,"depths":[0.0,0.0,0.0,0.0,0.0,0.0,0.0],"depth_p95":0.0,"depth_yagi2024":0.0},"geometry":{"type":"Polygon","coordinates":[[[99.8264913,19.0909056],[99.8264371,19.0909513],[99.8263593,19.090869],[99.8264135,19.0908232],[99.8264913,19.0909056]]]}},{"type":"Feature","properties":{"building":"yes","name_th":null,"depths":[0.0,0.0,0.0,0.0,0.0,0.0,0.0],"depth_p95":0.0,"depth_yagi2024":0.0},"geometry":{"type":"Polygon","coordinates":[[[99.826549,19.0984829],[99.8265056,19.0983731],[99.8267497,19.0982869],[99.8267931,19.0983967],[99.826549,19.0984829]]]}},{"type":"Feature","properties":{"building":"yes","name_th":null,"depths":[0.0,0.0,0.0,0.0,0.0,0.0,0.0],"depth_p95":0.0,"depth_yagi2024":0.0},"geometry":{"type":"Polygon","coordinates":[[[99.8283032,19.0960699],[99.8281181,19.0957607],[99.8281994,19.0957173],[99.8283845,19.0960265],[99.8283032,19.0960699]]]}},{"type":"Feature","properties":{"building":"yes","name_th":null,"depths":[0.0,0.0,0.0,0.0,0.0,0.0,0.0],"depth_p95":0.0,"depth_yagi2024":0.0},"geometry":{"type":"Polygon","coordinates":[[[99.8242182,19.093913],[99.8241479,19.0938261],[99.8243974,19.0936461],[99.8244676,19.093733],[99.8242182,19.093913]]]}},{"type":"Feature","properties":{"building":"yes","name_th":null,"depths":[0.0,0.0,0.0,0.0,0.0,0.0,0.0],"depth_p95":0.0,"depth_yagi2024":0.0},"geometry":{"type":"Polygon","coordinates":[[[99.8243684,19.0941031],[99.8243035,19.0940157],[99.8245637,19.0938433],[99.8246285,19.0939307],[99.8243684,19.0941031]]]}},{"type":"Feature","properties":{"building":"yes","name_th":null,"depths":[0.0,0.0,0.0,0.0,0.0,0.0,0.0],"depth_p95":0.0,"depth_yagi2024":0.0},"geometry":{"type":"Polygon","coordinates":[[[99.8203826,19.0950865],[99.8203142,19.0949686],[99.820371,19.0949392],[99.8204394,19.0950571],[99.8203826,19.0950865]]]}},{"type":"Feature","properties":{"building":"yes","name_th":null,"depths":[0.0,0.0,0.0,0.0,0.0,0.0,0.0],"depth_p95":0.0,"depth_yagi2024":0.0},"geometry":{"type":"Polygon","coordinates":[[[99.8207983,19.0961713],[99.8207273,19.0960902],[99.8207957,19.0960366],[99.8208668,19.0961177],[99.8207983,19.0961713]]]}},{"type":"Feature","properties":{"building":"yes","name_th":null,"depths":[0.0,0.0,0.0,0.0,0.0,0.0,0.0],"depth_p95":0.0,"depth_yagi2024":0.0},"geometry":{"type":"Polygon","coordinates":[[[99.8213254,19.0965173],[99.8211712,19.0963386],[99.8212525,19.0962759],[99.8214067,19.0964546],[99.8213254,19.0965173]]]}},{"type":"Feature","properties":{"building":"yes","name_th":null,"depths":[0.0,0.0,0.0,0.0,0.0,0.0,0.0],"depth_p95":0.0,"depth_yagi2024":0.0},"geometry":{"type":"Polygon","coordinates":[[[99.8211041,19.096037],[99.8210012,19.0961145],[99.8208591,19.0959459],[99.820962,19.0958684],[99.8211041,19.096037]]]}},{"type":"Feature","properties":{"building":"yes","name_th":null,"depths":[0.0,0.0,0.0,0.0,0.0,0.0,0.0],"depth_p95":0.0,"depth_yagi2024":0.0},"geometry":{"type":"Polygon","coordinates":[[[99.8216191,19.0957747],[99.8214826,19.0955839],[99.8217186,19.0954331],[99.8218551,19.0956238],[99.8216191,19.0957747]]]}},{"type":"Feature","properties":{"building":"yes","name_th":null,"depths":[0.0,0.0,0.0,0.0,0.0,0.0,0.0],"depth_p95":0.0,"depth_yagi2024":0.0},"geometry":{"type":"Polygon","coordinates":[[[99.8208533,19.0948647],[99.8211417,19.0946886],[99.8212051,19.0947813],[99.8209168,19.0949574],[99.8208533,19.0948647]]]}},{"type":"Feature","properties":{"building":"yes","name_th":null,"depths":[0.0,0.0,0.0,0.0,0.0,0.0,0.0],"depth_p95":0.0,"depth_yagi2024":0.0},"geometry":{"type":"Polygon","coordinates":[[[99.8204416,19.0945188],[99.8206776,19.0944174],[99.8207316,19.0945295],[99.8204955,19.0946308],[99.8204416,19.0945188]]]}},{"type":"Feature","properties":{"building":"yes","name_th":null,"depths":[0.0,0.0,0.0,0.0,0.0,0.0,0.0],"depth_p95":0.0,"depth_yagi2024":0.0},"geometry":{"type":"Polygon","coordinates":[[[99.8219115,19.0949496],[99.8214421,19.0944757],[99.8215307,19.0943972],[99.8220001,19.0948712],[99.8219115,19.0949496]]]}},{"type":"Feature","properties":{"building":"yes","name_th":null,"depths":[0.0,0.0,0.0,0.0,0.0,0.0,0.0],"depth_p95":0.0,"depth_yagi2024":0.0},"geometry":{"type":"Polygon","coordinates":[[[99.8179632,19.095781],[99.8179313,19.0956348],[99.8182693,19.0955689],[99.8183012,19.0957151],[99.8179632,19.095781]]]}},{"type":"Feature","properties":{"building":"yes","name_th":null,"depths":[0.0,0.0,0.0,0.0,0.0,0.0,0.0],"depth_p95":0.0,"depth_yagi2024":0.0},"geometry":{"type":"Polygon","coordinates":[[[99.8228288,19.0934491],[99.8225284,19.0931526],[99.8227269,19.092973],[99.8230273,19.0932696],[99.8228288,19.0934491]]]}},{"type":"Feature","properties":{"building":"yes","name_th":null,"depths":[0.0,0.0,0.0,0.0,0.0,0.0,0.0],"depth_p95":0.0,"depth_yagi2024":0.0},"geometry":{"type":"Polygon","coordinates":[[[99.8197925,19.0940296],[99.8197308,19.0939054],[99.8198303,19.0938612],[99.819892,19.0939854],[99.8197925,19.0940296]]]}},{"type":"Feature","properties":{"building":"yes","name_th":null,"depths":[0.0,0.0,0.0,0.0,0.0,0.0,0.0],"depth_p95":0.0,"depth_yagi2024":0.0},"geometry":{"type":"Polygon","coordinates":[[[99.8209351,19.093515],[99.8207819,19.0933253],[99.821144,19.0930642],[99.8212972,19.093254],[99.8209351,19.093515]]]}},{"type":"Feature","properties":{"building":"yes","name_th":null,"depths":[0.0,0.0,0.0,0.0,0.0,0.0,0.0],"depth_p95":0.0,"depth_yagi2024":0.0},"geometry":{"type":"Polygon","coordinates":[[[99.8246835,19.0934783],[99.8246098,19.0933832],[99.8246538,19.0933527],[99.8247275,19.0934478],[99.8246835,19.0934783]]]}},{"type":"Feature","properties":{"building":"yes","name_th":null,"depths":[0.0,0.0,0.0,0.0,0.0,0.0,0.0],"depth_p95":0.0,"depth_yagi2024":0.0},"geometry":{"type":"Polygon","coordinates":[[[99.8247439,19.0935708],[99.8246935,19.0935057],[99.8247834,19.0934436],[99.8248337,19.0935087],[99.8247439,19.0935708]]]}},{"type":"Feature","properties":{"building":"yes","name_th":null,"depths":[0.0,0.0,0.0,0.0,0.0,0.0,0.0],"depth_p95":0.0,"depth_yagi2024":0.0},"geometry":{"type":"Polygon","coordinates":[[[99.8229186,19.0920006],[99.822847,19.0920411],[99.8227652,19.0919118],[99.8228368,19.0918713],[99.8229186,19.0920006]]]}},{"type":"Feature","properties":{"building":"yes","name_th":null,"depths":[0.0,0.0,0.0,0.0,0.0,0.0,0.0],"depth_p95":0.0,"depth_yagi2024":0.0},"geometry":{"type":"Polygon","coordinates":[[[99.8231184,19.0918637],[99.8230493,19.0919051],[99.8229661,19.0917809],[99.8230353,19.0917395],[99.8231184,19.0918637]]]}},{"type":"Feature","properties":{"building":"yes","name_th":null,"depths":[0.0,0.0,0.0,0.0,0.0,0.0,0.0],"depth_p95":0.0,"depth_yagi2024":0.0},"geometry":{"type":"Polygon","coordinates":[[[99.8229696,19.091742],[99.8229119,19.0916267],[99.822953,19.0916084],[99.8230107,19.0917237],[99.8229696,19.091742]]]}},{"type":"Feature","properties":{"building":"yes","name_th":null,"depths":[0.0,0.0,0.0,0.0,0.0,0.0,0.0],"depth_p95":0.0,"depth_yagi2024":0.0},"geometry":{"type":"Polygon","coordinates":[[[99.8228958,19.0916001],[99.8228313,19.091479],[99.8230285,19.0913853],[99.823093,19.0915063],[99.8228958,19.0916001]]]}},{"type":"Feature","properties":{"building":"yes","name_th":null,"depths":[0.0,0.0,0.0,0.0,0.0,0.0,0.0],"depth_p95":0.0,"depth_yagi2024":0.0},"geometry":{"type":"Polygon","coordinates":[[[99.8227899,19.0912579],[99.8227443,19.0911502],[99.8228088,19.0911258],[99.8228544,19.0912335],[99.8227899,19.0912579]]]}},{"type":"Feature","properties":{"building":"yes","name_th":null,"depths":[0.0,0.0,0.0,0.0,0.0,0.0,0.0],"depth_p95":0.0,"depth_yagi2024":0.0},"geometry":{"type":"Polygon","coordinates":[[[99.8226987,19.0910526],[99.8226437,19.0909436],[99.8227109,19.0909133],[99.8227659,19.0910223],[99.8226987,19.0910526]]]}},{"type":"Feature","properties":{"building":"yes","name_th":null,"depths":[0.0,0.0,0.0,0.0,0.0,0.0,0.0],"depth_p95":0.0,"depth_yagi2024":0.0},"geometry":{"type":"Polygon","coordinates":[[[99.8226236,19.0908955],[99.8225659,19.0907827],[99.8226344,19.0907514],[99.8226921,19.0908642],[99.8226236,19.0908955]]]}},{"type":"Feature","properties":{"building":"yes","name_th":null,"depths":[0.0,0.0,0.0,0.0,0.0,0.0,0.0],"depth_p95":0.0,"depth_yagi2024":0.0},"geometry":{"type":"Polygon","coordinates":[[[99.8225485,19.0907358],[99.8224962,19.0906255],[99.8225557,19.0906003],[99.822608,19.0907105],[99.8225485,19.0907358]]]}},{"type":"Feature","properties":{"building":"yes","name_th":null,"depths":[0.0,0.0,0.0,0.0,0.0,0.0,0.0],"depth_p95":0.0,"depth_yagi2024":0.0},"geometry":{"type":"Polygon","coordinates":[[[99.8224747,19.0905862],[99.8224224,19.0904696],[99.8224952,19.0904405],[99.8225475,19.0905571],[99.8224747,19.0905862]]]}},{"type":"Feature","properties":{"building":"yes","name_th":null,"depths":[0.0,0.0,0.0,0.0,0.0,0.0,0.0],"depth_p95":0.0,"depth_yagi2024":0.0},"geometry":{"type":"Polygon","coordinates":[[[99.8224103,19.0904329],[99.822354,19.0903074],[99.8224362,19.0902745],[99.8224681,19.0903456],[99.8224904,19.0903367],[99.8225148,19.090391],[99.8224103,19.0904329]]]}},{"type":"Feature","properties":{"building":"yes","name_th":null,"depths":[0.0,0.0,0.0,0.0,0.0,0.0,0.0],"depth_p95":0.0,"depth_yagi2024":0.0},"geometry":{"type":"Polygon","coordinates":[[[99.8223366,19.0902605],[99.822287,19.0901464],[99.822348,19.0901227],[99.8223976,19.0902368],[99.8223366,19.0902605]]]}},{"type":"Feature","properties":{"building":"yes","name_th":null,"depths":[0.0,0.0,0.0,0.0,0.0,0.0,0.0],"depth_p95":0.0,"depth_yagi2024":0.0},"geometry":{"type":"Polygon","coordinates":[[[99.8222668,19.0901084],[99.8222145,19.0899956],[99.8222823,19.0899676],[99.8223346,19.0900804],[99.8222668,19.0901084]]]}},{"type":"Feature","properties":{"building":"yes","name_th":null,"depths":[0.0,0.0,0.0,0.0,0.0,0.0,0.0],"depth_p95":0.0,"depth_yagi2024":0.0},"geometry":{"type":"Polygon","coordinates":[[[99.8221931,19.0899449],[99.8221421,19.0898423],[99.8222132,19.0898108],[99.8222642,19.0899134],[99.8221931,19.0899449]]]}},{"type":"Feature","properties":{"building":"yes","name_th":null,"depths":[0.0,0.0,0.0,0.0,0.0,0.0,0.0],"depth_p95":0.0,"depth_yagi2024":0.0},"geometry":{"type":"Polygon","coordinates":[[[99.8227188,19.0900362],[99.8226986,19.0899665],[99.8228113,19.0899373],[99.8228315,19.090007],[99.8227188,19.0900362]]]}},{"type":"Feature","properties":{"building":"yes","name_th":null,"depths":[0.0,0.0,0.0,0.0,0.0,0.0,0.0],"depth_p95":0.0,"depth_yagi2024":0.0},"geometry":{"type":"Polygon","coordinates":[[[99.822464,19.0898892],[99.8224157,19.0897789],[99.8224696,19.0897578],[99.8225179,19.0898681],[99.822464,19.0898892]]]}},{"type":"Feature","properties":{"building":"yes","name_th":null,"depths":[0.0,0.0,0.0,0.0,0.0,0.0,0.0],"depth_p95":0.0,"depth_yagi2024":0.0},"geometry":{"type":"Polygon","coordinates":[[[99.8226303,19.0898233],[99.8226058,19.0897619],[99.8227091,19.0897252],[99.8227335,19.0897865],[99.8226303,19.0898233]]]}},{"type":"Feature","properties":{"building":"yes","name_th":null,"depths":[0.0,0.0,0.0,0.0,0.0,0.0,0.0],"depth_p95":0.0,"depth_yagi2024":0.0},"geometry":{"type":"Polygon","coordinates":[[[99.8228355,19.0897358],[99.8228107,19.0896728],[99.8229153,19.0896361],[99.8229401,19.0896991],[99.8228355,19.0897358]]]}},{"type":"Feature","properties":{"building":"yes","name_th":null,"depths":[0.0,0.0,0.0,0.0,0.0,0.0,0.0],"depth_p95":0.0,"depth_yagi2024":0.0},"geometry":{"type":"Polygon","coordinates":[[[99.8229267,19.0899614],[99.822901,19.0898986],[99.8230123,19.089858],[99.823038,19.0899209],[99.8229267,19.0899614]]]}},{"type":"Feature","properties":{"building":"yes","name_th":null,"depths":[0.0,0.0,0.0,0.0,0.0,0.0,0.0],"depth_p95":0.0,"depth_yagi2024":0.0},"geometry":{"type":"Polygon","coordinates":[[[99.8316868,19.0907814],[99.831664,19.0906749],[99.8317362,19.0906611],[99.831759,19.0907676],[99.8316868,19.0907814]]]}},{"type":"Feature","properties":{"building":"yes","name_th":null,"depths":[0.0,0.0,0.0,0.0,0.0,0.0,0.0],"depth_p95":0.0,"depth_yagi2024":0.0},"geometry":{"type":"Polygon","coordinates":[[[99.8319241,19.0909183],[99.8318852,19.0907751],[99.8319644,19.0907559],[99.8320033,19.0908991],[99.8319241,19.0909183]]]}},{"type":"Feature","properties":{"building":"yes","name_th":null,"depths":[0.0,0.0,0.0,0.0,0.0,0.0,0.0],"depth_p95":0.0,"depth_yagi2024":0.0},"geometry":{"type":"Polygon","coordinates":[[[99.8301364,19.0916254],[99.8301201,19.0915495],[99.8302582,19.0915229],[99.8302746,19.0915988],[99.8301364,19.0916254]]]}},{"type":"Feature","properties":{"building":"yes","name_th":null,"depths":[0.0,0.0,0.0,0.0,0.0,0.0,0.0],"depth_p95":0.0,"depth_yagi2024":0.0},"geometry":{"type":"Polygon","coordinates":[[[99.8210558,19.0910374],[99.8211779,19.0909943],[99.8212095,19.0910742],[99.8210874,19.0911173],[99.8210558,19.0910374]]]}},{"type":"Feature","properties":{"building":"yes","name_th":null,"depths":[0.0,0.0,0.0,0.0,0.0,0.0,0.0],"depth_p95":0.0,"depth_yagi2024":0.0},"geometry":{"type":"Polygon","coordinates":[[[99.8210518,19.0907776],[99.8210312,19.0906907],[99.8211626,19.0906628],[99.8211832,19.0907497],[99.8210518,19.0907776]]]}},{"type":"Feature","properties":{"building":"yes","name_th":null,"depths":[0.0,0.0,0.0,0.0,0.0,0.0,0.0],"depth_p95":0.0,"depth_yagi2024":0.0},"geometry":{"type":"Polygon","coordinates":[[[99.8221998,19.0916863],[99.8221484,19.0917235],[99.8220867,19.0916475],[99.8221381,19.0916102],[99.8221998,19.0916863]]]}},{"type":"Feature","properties":{"building":"yes","name_th":null,"depths":[0.0,0.0,0.0,0.0,0.0,0.0,0.0],"depth_p95":0.0,"depth_yagi2024":0.0},"geometry":{"type":"Polygon","coordinates":[[[99.8215105,19.0916254],[99.8214491,19.0916426],[99.8214182,19.0915437],[99.8214796,19.0915266],[99.8215105,19.0916254]]]}},{"type":"Feature","properties":{"building":"yes","name_th":null,"depths":[0.0,0.0,0.0,0.0,0.0,0.0,0.0],"depth_p95":0.0,"depth_yagi2024":0.0},"geometry":{"type":"Polygon","coordinates":[[[99.8263961,19.094937],[99.8263532,19.094904],[99.8263868,19.0948649],[99.8264297,19.0948978],[99.8263961,19.094937]]]}},{"type":"Feature","properties":{"building":"yes","name_th":null,"depths":[0.0,0.0,0.0,0.0,0.0,0.0,0.0],"depth_p95":0.0,"depth_yagi2024":0.0},"geometry":{"type":"Polygon","coordinates":[[[99.8267247,19.0948546],[99.8267276,19.0947637],[99.8269033,19.0947688],[99.8269004,19.0948597],[99.8267247,19.0948546]]]}},{"type":"Feature","properties":{"building":"yes","name_th":null,"depths":[0.0,0.0,0.0,0.0,0.0,0.0,0.0],"depth_p95":0.0,"depth_yagi2024":0.0},"geometry":{"type":"Polygon","coordinates":[[[99.8269621,19.0948432],[99.8269643,19.0947672],[99.8271078,19.094771],[99.8271056,19.094847],[99.8269621,19.0948432]]]}},{"type":"Feature","properties":{"building":"yes","name_th":null,"depths":[0.0,0.0,0.0,0.0,0.0,0.0,0.0],"depth_p95":0.0,"depth_yagi2024":0.0},"geometry":{"type":"Polygon","coordinates":[[[99.8270988,19.094501],[99.8270908,19.0943679],[99.8271718,19.0943636],[99.8271799,19.0944966],[99.8270988,19.094501]]]}},{"type":"Feature","properties":{"building":"yes","name_th":null,"depths":[0.0,0.0,0.0,0.0,0.0,0.0,0.0],"depth_p95":0.0,"depth_yagi2024":0.0},"geometry":{"type":"Polygon","coordinates":[[[99.8272182,19.0946746],[99.8271247,19.0946842],[99.8271113,19.0945676],[99.8272048,19.094558],[99.8272182,19.0946746]]]}},{"type":"Feature","properties":{"building":"yes","name_th":null,"depths":[0.0,0.0,0.0,0.0,0.0,0.0,0.0],"depth_p95":0.0,"depth_yagi2024":0.0},"geometry":{"type":"Polygon","coordinates":[[[99.8272383,19.0948267],[99.8271464,19.0948377],[99.8271303,19.0947173],[99.8272222,19.0947063],[99.8272383,19.0948267]]]}},{"type":"Feature","properties":{"building":"yes","name_th":null,"depths":[0.0,0.0,0.0,0.0,0.0,0.0,0.0],"depth_p95":0.0,"depth_yagi2024":0.0},"geometry":{"type":"Polygon","coordinates":[[[99.827764,19.095269],[99.8277132,19.0952552],[99.827736,19.0951804],[99.8277868,19.0951942],[99.827764,19.095269]]]}},{"type":"Feature","properties":{"building":"yes","name_th":null,"depths":[0.0,0.0,0.0,0.0,0.0,0.0,0.0],"depth_p95":0.0,"depth_yagi2024":0.0},"geometry":{"type":"Polygon","coordinates":[[[99.8277144,19.095468],[99.8276658,19.0954565],[99.8276833,19.0953906],[99.8277318,19.0954021],[99.8277144,19.095468]]]}},{"type":"Feature","properties":{"building":"yes","name_th":null,"depths":[0.0,0.0,0.0,0.0,0.0,0.0,0.0],"depth_p95":0.0,"depth_yagi2024":0.0},"geometry":{"type":"Polygon","coordinates":[[[99.8277386,19.0953818],[99.827687,19.0953699],[99.8277111,19.0952762],[99.8277627,19.095288],[99.8277386,19.0953818]]]}},{"type":"Feature","properties":{"building":"yes","name_th":null,"depths":[0.0,0.0,0.0,0.0,0.0,0.0,0.0],"depth_p95":0.0,"depth_yagi2024":0.0},"geometry":{"type":"Polygon","coordinates":[[[99.828731,19.0958748],[99.8289482,19.0958203],[99.8289768,19.095922],[99.8287595,19.0959765],[99.828731,19.0958748]]]}},{"type":"Feature","properties":{"building":"yes","name_th":"7-Eleven","depths":[0.0,0.0,0.0,0.0,0.0,0.0,0.0],"depth_p95":0.0,"depth_yagi2024":0.0},"geometry":{"type":"Polygon","coordinates":[[[99.8505802,19.1195692],[99.850473,19.1195008],[99.8505115,19.1194469],[99.8506188,19.1195153],[99.8505802,19.1195692]]]}},{"type":"Feature","properties":{"building":"roof","name_th":"บางจาก","depths":[0.0,0.0,0.0,0.0,0.0,0.0,0.0],"depth_p95":0.0,"depth_yagi2024":0.0},"geometry":{"type":"Polygon","coordinates":[[[99.9234885,19.0818425],[99.9235742,19.0817029],[99.9238147,19.0818347],[99.923729,19.0819744],[99.9234885,19.0818425]]]}},{"type":"Feature","properties":{"building":"yes","name_th":null,"depths":[0.0,0.0,0.0,0.0,0.0,0.0,0.0],"depth_p95":0.0,"depth_yagi2024":0.0},"geometry":{"type":"Polygon","coordinates":[[[99.8558913,19.1094799],[99.8559848,19.1094398],[99.8560928,19.1096645],[99.8559993,19.1097046],[99.8558913,19.1094799]]]}},{"type":"Feature","properties":{"building":"yes","name_th":null,"depths":[0.0,0.0,0.0,0.0,0.0,0.0,0.0],"depth_p95":0.0,"depth_yagi2024":0.0},"geometry":{"type":"Polygon","coordinates":[[[99.8551117,19.1094798],[99.8550692,19.1093879],[99.8551045,19.1093733],[99.8550812,19.1093228],[99.8551607,19.10929],[99.8551852,19.109343],[99.8552543,19.1093144],[99.8552957,19.1094039],[99.8551117,19.1094798]]]}},{"type":"Feature","properties":{"building":"yes","name_th":null,"depths":[0.0,0.0,0.0,0.0,0.0,0.0,0.0],"depth_p95":0.0,"depth_yagi2024":0.0},"geometry":{"type":"Polygon","coordinates":[[[99.8554767,19.1092967],[99.8552951,19.1093687],[99.8552568,19.1092825],[99.8554384,19.1092105],[99.8554767,19.1092967]]]}},{"type":"Feature","properties":{"building":"yes","name_th":null,"depths":[0.0,0.0,0.0,0.0,0.0,0.0,0.0],"depth_p95":0.0,"depth_yagi2024":0.0},"geometry":{"type":"Polygon","coordinates":[[[99.8558378,19.1094809],[99.8557474,19.1095191],[99.8556118,19.1092325],[99.8557022,19.1091943],[99.8558378,19.1094809]]]}},{"type":"Feature","properties":{"building":"yes","name_th":"องค์การบริหารส่วนตำบลบ้านตุ่น","depths":[0.0,0.0,0.0,0.0,0.0,0.0,0.0],"depth_p95":0.0,"depth_yagi2024":0.0},"geometry":{"type":"Polygon","coordinates":[[[99.8315143,19.1466005],[99.8314031,19.1465753],[99.8314569,19.1463633],[99.831568,19.1463884],[99.8315143,19.1466005]]]}},{"type":"Feature","properties":{"building":"yes","name_th":null,"depths":[0.0,0.0,0.0,0.0,0.0,0.0,0.0],"depth_p95":0.0,"depth_yagi2024":0.0},"geometry":{"type":"Polygon","coordinates":[[[99.8320651,19.1470044],[99.8317276,19.1469543],[99.8317456,19.1468462],[99.832083,19.1468962],[99.8320651,19.1470044]]]}},{"type":"Feature","properties":{"building":"yes","name_th":null,"depths":[0.0,0.0,0.0,0.0,0.0,0.0,0.0],"depth_p95":0.0,"depth_yagi2024":0.0},"geometry":{"type":"Polygon","coordinates":[[[99.832063,19.1470941],[99.8321041,19.1469006],[99.8322932,19.1469364],[99.8322521,19.1471299],[99.832063,19.1470941]]]}},{"type":"Feature","properties":{"building":"yes","name_th":null,"depths":[0.0,0.0,0.0,0.0,0.0,0.0,0.0],"depth_p95":0.0,"depth_yagi2024":0.0},"geometry":{"type":"Polygon","coordinates":[[[99.831333,19.1467786],[99.8313595,19.1466749],[99.8314868,19.146704],[99.8314602,19.1468077],[99.831333,19.1467786]]]}},{"type":"Feature","properties":{"building":"yes","name_th":"ที่ทำการองค์การบริหารส่วนตำบลแม่ใส","depths":[0.0,0.0,0.0,0.0,0.0,0.0,0.0],"depth_p95":0.0,"depth_yagi2024":0.0},"geometry":{"type":"Polygon","coordinates":[[[99.8767249,19.1323744],[99.8765064,19.1322678],[99.8765725,19.1321469],[99.8766431,19.1321814],[99.8766541,19.1321612],[99.8767666,19.1322161],[99.8767532,19.1322407],[99.8767886,19.132258],[99.8767249,19.1323744]]]}},{"type":"Feature","properties":{"building":"yes","name_th":null,"depths":[0.0,0.0,0.0,0.0,0.0,0.0,0.0],"depth_p95":0.0,"depth_yagi2024":0.0},"geometry":{"type":"Polygon","coordinates":[[[99.8770792,19.1325647],[99.8770758,19.13242],[99.8773355,19.1324145],[99.8773389,19.1325591],[99.8770792,19.1325647]]]}}]}