{
  "yagi2024": {
    "west": 99.75718730414324,
    "south": 19.01883856557195,
    "east": 99.92468585009338,
    "north": 19.158288896246347
  },
  "p95": {
    "west": 99.75718730414324,
    "south": 19.01883856557195,
    "east": 99.92468585009338,
    "north": 19.158288896246347
  },
  "vmax_m": 4.0
}