date,water_level,storage,inflow,rain_mm,source_file,Q_in_t,Water_Level_t,Storage_S_t,DeltaS_t,%Full_t,Rain_obs_t,API_t,Qin_lag1,Qin_lag2,Rain_roll3,Rain_roll5,Rain_roll7,valid_new_gate_120,valid_old_gate_105,y1,y2,y3,y4,y5,y6,y7
2025-06-01,,,,,2025_June_MNR.xlsx,,,,,,,,,,,,,False,False,,,,,,,
2025-06-02,,,,,2025_June_MNR.xlsx,,,,,,,,,,,,,False,False,,,,,,,
2025-06-03,,,,,2025_June_MNR.xlsx,,,,,,,,,,,,,False,False,,,,,,,
2025-06-04,,,,,2025_June_MNR.xlsx,,,,,,,,,,,,,False,False,,,,,,,
2025-06-05,,,,,2025_June_MNR.xlsx,,,,,,,,,,,,,False,False,,,,,,,
2025-06-06,,,,,2025_June_MNR.xlsx,,,,,,,,,,,,,False,False,,,,,,,
2025-06-07,,,,,2025_June_MNR.xlsx,,,,,,,,,,,,,False,False,,,,,,,
2025-06-08,,,,,2025_June_MNR.xlsx,,,,,,,,,,,,,False,False,,,,,,,
2025-06-09,,,,,2025_June_MNR.xlsx,,,,,,,,,,,,,False,False,,,,,,,
2025-06-10,,,,,2025_June_MNR.xlsx,,,,,,,,,,,,,False,False,,,,,,,
2025-06-11,,,,,2025_June_MNR.xlsx,,,,,,,,,,,,,False,False,,,,,,,
2025-06-12,,,,,2025_June_MNR.xlsx,,,,,,,,,,,,,False,False,,,,,,,
2025-06-13,,,,,2025_June_MNR.xlsx,,,,,,,,,,,,,False,False,,,,,,,
2025-06-14,,,,,2025_June_MNR.xlsx,,,,,,,,,,,,,False,False,,,,,,,
2025-06-15,,,,,2025_June_MNR.xlsx,,,,,,,,,,,,,False,False,,,,,,,
2025-06-16,,,,,2025_June_MNR.xlsx,,,,,,,,,,,,,False,False,,,,,,,
2025-06-17,,,,,2025_June_MNR.xlsx,,,,,,,,,,,,,False,False,,,,,,,
2025-06-18,,,,,2025_June_MNR.xlsx,,,,,,,,,,,,,False,False,,,,,,,
2025-06-19,,,,,2025_June_MNR.xlsx,,,,,,,,,,,,,False,False,,,,,,,
2025-06-20,,,,,2025_June_MNR.xlsx,,,,,,,,,,,,,False,False,,,,,,,15819.46327469595
2025-06-21,,,,,2025_June_MNR.xlsx,,,,,,,,,,,,,False,False,,,,,,15819.46327469595,20860.08151330952
2025-06-22,,,,,2025_June_MNR.xlsx,,,,,,,,,,,,,False,False,,,,,15819.46327469595,20860.08151330952,19003.231953334736
2025-06-23,,,,,2025_June_MNR.xlsx,,,,,,,,,,,,,False,False,,,,15819.46327469595,20860.08151330952,19003.231953334736,16000.863898434885
2025-06-24,,,,,2025_June_MNR.xlsx,,,,,,,,,,,,,False,False,,,15819.46327469595,20860.08151330952,19003.231953334736,16000.863898434885,16137.62108753355
2025-06-25,,,,,2025_June_MNR.xlsx,,,,,,,,,,,,,False,False,,15819.46327469595,20860.08151330952,19003.231953334736,16000.863898434885,16137.62108753355,18000.430324119316
2025-06-26,,,,,2025_June_MNR.xlsx,,,,,,,,,,,,,False,False,15819.46327469595,20860.08151330952,19003.231953334736,16000.863898434885,16137.62108753355,18000.430324119316,16551.135553712575
2025-06-27,489.48602,1607444.5930314,15819.46327469595,0.6,2025_June_MNR.xlsx,15819.46327469595,489.48602,1607444.5930314,,98.89144461767839,0.6,0.6,,,0.6,0.6,0.6,False,False,20860.08151330952,19003.231953334736,16000.863898434885,16137.62108753355,18000.430324119316,16551.135553712575,21950.322284900692
2025-06-28,489.506,1613444.9319478,20860.08151330952,3.8,2025_June_MNR.xlsx,20860.08151330952,489.506,1613444.9319478,6000.338916399982,99.26059089258634,3.8,4.37,15819.46327469595,,4.3999999999999995,4.3999999999999995,4.3999999999999995,False,False,19003.231953334736,16000.863898434885,16137.62108753355,18000.430324119316,16551.135553712575,21950.322284900692,22689.827603281785
2025-06-29,489.51102,1616447.3000027,19003.231953334736,0.0,2025_June_MNR.xlsx,19003.231953334736,489.51102,1616447.3000027,3002.3680548998527,99.445299289697,0.0,4.1514999999999995,20860.08151330952,15819.46327469595,4.4,4.4,4.4,True,True,16000.863898434885,16137.62108753355,18000.430324119316,16551.135553712575,21950.322284900692,22689.827603281785,41715.18892187145
2025-06-30,489.51102,1616447.3000027,16000.863898434885,0.0,2025_June_MNR.xlsx,16000.863898434885,489.51102,1616447.3000027,0.0,99.445299289697,0.0,3.9439249999999992,19003.231953334736,20860.08151330952,3.8,4.4,4.4,True,True,16137.62108753355,18000.430324119316,16551.135553712575,21950.322284900692,22689.827603281785,41715.18892187145,41682.05793389491
2025-07-01,489.518,1616447.3000027,16137.62108753355,0.0,2025_July_MNR.xlsx,16137.62108753355,489.518,1616447.3000027,0.0,99.445299289697,0.0,3.746728749999999,16000.863898434885,19003.231953334736,0.0,4.4,4.4,True,True,18000.430324119316,16551.135553712575,21950.322284900692,22689.827603281785,41715.18892187145,41682.05793389491,38705.211743894906
2025-07-02,489.524,1619451.3170382,18000.430324119316,3.8,2025_July_MNR.xlsx,18000.430324119316,489.524,1619451.3170382,3004.0170355001464,99.630109133585,3.8,7.359392312499999,16137.62108753355,16000.863898434885,3.8,7.6,8.2,True,True,16551.135553712575,21950.322284900692,22689.827603281785,41715.18892187145,41682.05793389491,38705.211743894906,33915.23481389491
2025-07-03,489.524,1619451.3170382,16551.135553712575,0.0,2025_July_MNR.xlsx,16551.135553712575,489.524,1619451.3170382,0.0,99.630109133585,0.0,6.991422696874999,18000.430324119316,16137.62108753355,3.8,3.8,8.2,True,True,21950.322284900692,22689.827603281785,41715.18892187145,41682.05793389491,38705.211743894906,33915.23481389491,16680.985831774797
2025-07-04,489.557,1628472.3057532,21950.322284900692,30.2,2025_July_MNR.xlsx,21950.322284900692,489.557,1628472.3057532,9020.988714999985,100.18508851500414,30.2,36.841851562031245,16551.135553712575,18000.430324119316,34.0,34.0,37.8,True,True,22689.827603281785,41715.18892187145,41682.05793389491,38705.211743894906,33915.23481389491,16680.985831774797,9699.625828728053
2025-07-05,489.557,1628472.3057532,22689.827603281785,0.4,2025_July_MNR.xlsx,22689.827603281785,489.557,1628472.3057532,0.0,100.18508851500414,0.4,35.39975898392968,21950.322284900692,16551.135553712575,30.599999999999998,34.4,34.400000000000006,True,True,41715.18892187145,41682.05793389491,38705.211743894906,33915.23481389491,16680.985831774797,9699.625828728053,20534.222947390706
2025-07-06,489.577,1634494.0165123,41715.18892187145,17.2,2025_July_MNR.xlsx,41715.18892187145,489.577,1634494.0165123,6021.710759099806,100.55554960499677,17.2,50.8297710347332,22689.827603281785,21950.322284900692,47.8,51.599999999999994,51.6,True,True,41682.05793389491,38705.211743894906,33915.23481389491,16680.985831774797,9699.625828728053,20534.222947390706,62384.33774724149
2025-07-07,489.577,1634494.0165123,41682.05793389491,0.0,2025_July_MNR.xlsx,41682.05793389491,489.577,1634494.0165123,0.0,100.55554960499677,0.0,48.288282482996536,41715.18892187145,22689.827603281785,17.599999999999998,47.8,51.6,True,True,38705.211743894906,33915.23481389491,16680.985831774797,9699.625828728053,20534.222947390706,62384.33774724149,48379.884811176365
2025-07-08,489.577,1634494.0165123,38705.211743894906,0.0,2025_July_MNR.xlsx,38705.211743894906,489.577,1634494.0165123,0.0,100.55554960499677,0.0,45.87386835884671,41682.05793389491,41715.18892187145,17.2,47.8,51.6,True,True,33915.23481389491,16680.985831774797,9699.625828728053,20534.222947390706,62384.33774724149,48379.884811176365,38218.919706494824
2025-07-09,489.57,1634494.0165123,33915.23481389491,0.0,2025_July_MNR.xlsx,33915.23481389491,489.57,1634494.0165123,0.0,100.55554960499677,0.0,43.58017494090437,38705.211743894906,41682.05793389491,0.0,17.599999999999998,47.8,True,True,16680.985831774797,9699.625828728053,20534.222947390706,62384.33774724149,48379.884811176365,38218.919706494824,783908.4487323555
2025-07-10,489.564,1631482.3951735,16680.985831774797,8.6,2025_July_MNR.xlsx,16680.985831774797,489.564,1631482.3951735,-3011.6213387998287,100.37027193749492,8.6,50.00116619385915,33915.23481389491,38705.211743894906,8.6,25.799999999999997,56.4,True,True,9699.625828728053,20534.222947390706,62384.33774724149,48379.884811176365,38218.919706494824,783908.4487323555,421045.59254760947
2025-07-11,489.544,1625463.7590197,9699.625828728053,1.4,2025_July_MNR.xlsx,9699.625828728053,489.544,1625463.7590197,-6018.636153799947,100.0,1.4,48.90110788416619,16680.985831774797,33915.23481389491,10.0,10.0,27.599999999999998,True,True,20534.222947390706,62384.33774724149,48379.884811176365,38218.919706494824,783908.4487323555,421045.59254760947,247151.604376725
2025-07-12,489.531,1622456.7729032,20534.222947390706,5.2,2025_July_MNR.xlsx,20534.222947390706,489.531,1622456.7729032,-3006.9861165001057,99.81500749556461,5.2,51.65605248995788,9699.625828728053,16680.985831774797,15.2,15.2,32.4,True,True,62384.33774724149,48379.884811176365,38218.919706494824,783908.4487323555,421045.59254760947,247151.604376725,142706.71852408364
2025-07-13,489.589,1637507.2197397,62384.33774724149,31.6,2025_July_MNR.xlsx,62384.33774724149,489.589,1637507.2197397,15050.446836499963,100.74092459171548,31.6,80.67324986545998,20534.222947390706,9699.625828728053,38.2,46.8,46.8,True,True,48379.884811176365,38218.919706494824,783908.4487323555,421045.59254760947,247151.604376725,142706.71852408364,99633.96164875057
2025-07-14,489.583,1637507.2197397,48379.884811176365,0.0,2025_July_MNR.xlsx,48379.884811176365,489.583,1637507.2197397,0.0,100.74092459171548,0.0,76.63958737218698,62384.33774724149,20534.222947390706,36.800000000000004,46.8,46.8,True,True,38218.919706494824,783908.4487323555,421045.59254760947,247151.604376725,142706.71852408364,99633.96164875057,81725.6894607146
2025-07-15,489.57,1634494.0165123,38218.919706494824,0.0,2025_July_MNR.xlsx,38218.919706494824,489.57,1634494.0165123,-3013.2032274000812,100.55554960499677,0.0,72.80760800357763,48379.884811176365,62384.33774724149,31.6,38.2,46.8,True,True,783908.4487323555,421045.59254760947,247151.604376725,142706.71852408364,99633.96164875057,81725.6894607146,54196.43451417622
2025-07-16,489.853,1719668.7023854,783908.4487323555,78.8,2025_July_MNR.xlsx,783908.4487323555,489.853,1719668.7023854,85174.68587310007,105.79557328442152,78.8,147.96722760339873,38218.919706494824,48379.884811176365,78.8,115.6,125.6,True,False,421045.59254760947,247151.604376725,142706.71852408364,99633.96164875057,81725.6894607146,54196.43451417622,1408228.320329851
2025-07-17,489.763,1692113.6615758,421045.59254760947,4.2,2025_July_MNR.xlsx,421045.59254760947,489.763,1692113.6615758,-27555.040809599916,104.10036226192429,4.2,144.76886622322877,783908.4487323555,38218.919706494824,83.0,114.60000000000001,121.2,True,True,247151.604376725,142706.71852408364,99633.96164875057,81725.6894607146,54196.43451417622,1408228.320329851,1123235.0312024173
2025-07-18,489.698,1670813.4823932,247151.604376725,4.2,2025_July_MNR.xlsx,247151.604376725,489.698,1670813.4823932,-21300.179182599997,102.78995598159936,4.2,141.73042291206733,421045.59254760947,783908.4487323555,87.2,87.20000000000002,124.0,True,True,142706.71852408364,99633.96164875057,81725.6894607146,54196.43451417622,1408228.320329851,1123235.0312024173,618651.2627383422
2025-07-19,489.648,1655645.1614623,142706.71852408364,0.0,2025_July_MNR.xlsx,142706.71852408364,489.648,1655645.1614623,-15168.320930900052,101.8567871645937,0.0,134.64390176646396,247151.604376725,421045.59254760947,8.4,87.20000000000002,118.8,True,True,99633.96164875057,81725.6894607146,54196.43451417622,1408228.320329851,1123235.0312024173,618651.2627383422,482554.30601834954
2025-07-20,489.608,1643538.2164867,99633.96164875057,0.0,2025_July_MNR.xlsx,99633.96164875057,489.608,1643538.2164867,-12106.94497559988,101.11195696407901,0.0,127.91170667814075,142706.71852408364,247151.604376725,4.2,87.20000000000002,87.2,True,True,81725.6894607146,54196.43451417622,1408228.320329851,1123235.0312024173,618651.2627383422,482554.30601834954,569451.16057343
2025-07-21,489.608,1643538.2164867,81725.6894607146,19.8,2025_July_MNR.xlsx,81725.6894607146,489.608,1643538.2164867,0.0,101.11195696407901,19.8,141.31612134423372,99633.96164875057,142706.71852408364,19.8,28.200000000000017,107.0,True,True,54196.43451417622,1408228.320329851,1123235.0312024173,618651.2627383422,482554.30601834954,569451.16057343,1013858.9276642874
2025-07-22,489.589,1637507.2197397,54196.43451417622,0.0,2025_July_MNR.xlsx,54196.43451417622,489.589,1637507.2197397,-6030.996747000143,100.74092459171548,0.0,134.25031527702203,81725.6894607146,99633.96164875057,19.8,24.000000000000018,107.0,True,True,1408228.320329851,1123235.0312024173,618651.2627383422,482554.30601834954,569451.16057343,1013858.9276642874,693172.3090348076
2025-07-23,489.801,1704320.2680112,1408228.320329851,58.6,2025_July_MNR.xlsx,1408228.320329851,489.801,1704320.2680112,66813.04827150004,104.85132372554756,58.6,186.13779951317093,54196.43451417622,81725.6894607146,78.4,78.40000000000002,86.80000000000001,True,True,1123235.0312024173,618651.2627383422,482554.30601834954,569451.16057343,1013858.9276642874,693172.3090348076,814190.4286079169
2025-07-24,489.943,1747400.294549,1123235.0312024173,39.8,2025_July_MNR.xlsx,1123235.0312024173,489.943,1747400.294549,43080.026537799975,107.50164590583296,39.8,216.63090953751237,1408228.320329851,54196.43451417622,98.4,118.20000000000002,122.4,True,False,618651.2627383422,482554.30601834954,569451.16057343,1013858.9276642874,693172.3090348076,814190.4286079169,524269.63406137016
2025-07-25,489.82098,1710454.4363393,618651.2627383422,8.8,2025_July_MNR.xlsx,618651.2627383422,489.82098,1710454.4363393,-36945.85820970009,105.22870330685544,8.8,214.59936406063676,1123235.0312024173,1408228.320329851,107.2,127.00000000000001,127.0,True,False,482554.30601834954,569451.16057343,1013858.9276642874,693172.3090348076,814190.4286079169,524269.63406137016,376758.4906079205
2025-07-26,489.769,1692113.6615758,482554.30601834954,6.0,2025_July_MNR.xlsx,482554.30601834954,489.769,1692113.6615758,-18340.774763499852,104.10036226192429,6.0,209.8693958576049,618651.2627383422,1123235.0312024173,54.599999999999994,113.20000000000002,133.0,True,True,569451.16057343,1013858.9276642874,693172.3090348076,814190.4286079169,524269.63406137016,376758.4906079205,279414.65755679697
2025-07-27,489.73,1682975.6527669,569451.16057343,0.0,2025_July_MNR.xlsx,569451.16057343,489.73,1682975.6527669,-9138.008808900137,103.53818369853317,0.0,199.37592606472464,482554.30601834954,618651.2627383422,14.799999999999994,113.20000000000002,133.0,True,True,1013858.9276642874,693172.3090348076,814190.4286079169,524269.63406137016,376758.4906079205,279414.65755679697,177123.0132425187
2025-07-28,489.911,1738141.5165157,1013858.9276642874,50.4,2025_July_MNR.xlsx,1013858.9276642874,489.911,1738141.5165157,55165.86374880001,106.93203751057203,50.4,239.8071297614884,569451.16057343,482554.30601834954,56.39999999999999,105.00000000000001,163.6,True,False,693172.3090348076,814190.4286079169,524269.63406137016,376758.4906079205,279414.65755679697,177123.0132425187,95934.4783318601
2025-07-29,489.82,1710454.4363393,693172.3090348076,0.4,2025_July_MNR.xlsx,693172.3090348076,489.82,1710454.4363393,-27687.08017640002,105.22870330685544,0.4,228.21677327341396,1013858.9276642874,569451.16057343,50.79999999999999,65.60000000000002,164.0,True,False,814190.4286079169,524269.63406137016,376758.4906079205,279414.65755679697,177123.0132425187,95934.4783318601,32089.468438052176
2025-07-30,489.86,1722743.3880805,814190.4286079169,24.8,2025_July_MNR.xlsx,814190.4286079169,489.86,1722743.3880805,12288.951741200173,105.98473072813806,24.8,241.60593460974326,693172.3090348076,1013858.9276642874,75.6,81.60000000000002,130.2,True,False,524269.63406137016,376758.4906079205,279414.65755679697,177123.0132425187,95934.4783318601,32089.468438052176,7940.225857899795
2025-07-31,489.789,1698213.642694,524269.63406137016,0.4,2025_July_MNR.xlsx,524269.63406137016,489.789,1698213.642694,-24529.745386500144,104.47563861517123,0.4,229.9256378792561,814190.4286079169,693172.3090348076,25.59999999999999,76.00000000000001,90.79999999999998,True,True,376758.4906079205,279414.65755679697,177123.0132425187,95934.4783318601,32089.468438052176,7940.225857899795,4150.658627724763
2025-08-01,489.736,1682975.6527669,376758.4906079205,1.6,2025_August_MNR.xlsx,376758.4906079205,489.736,1682975.6527669,-15237.989927100018,103.53818369853317,1.6,220.02935598529328,524269.63406137016,814190.4286079169,26.799999999999994,77.60000000000002,83.6,True,True,279414.65755679697,177123.0132425187,95934.4783318601,32089.468438052176,7940.225857899795,4150.658627724763,6751.385426095419
2025-08-02,489.704,1673851.7406958,279414.65755679697,0.0,2025_August_MNR.xlsx,279414.65755679697,489.704,1673851.7406958,-9123.91207109997,102.97687237919608,0.0,209.0278881860286,376758.4906079205,524269.63406137016,1.999999999999993,27.200000000000014,77.6,True,True,177123.0132425187,95934.4783318601,32089.468438052176,7940.225857899795,4150.658627724763,6751.385426095419,6105.144154104632
2025-08-03,489.66,1661708.0167959,177123.0132425187,0.0,2025_August_MNR.xlsx,177123.0132425187,489.66,1661708.0167959,-12143.723899899982,102.22977950600747,0.0,198.57649377672718,279414.65755679697,376758.4906079205,1.599999999999993,26.800000000000015,77.6,True,True,95934.4783318601,32089.468438052176,7940.225857899795,4150.658627724763,6751.385426095419,6105.144154104632,7134.920613594863
2025-08-04,489.62,1649588.4715397,95934.4783318601,0.0,2025_August_MNR.xlsx,95934.4783318601,489.62,1649588.4715397,-12119.545256200014,101.48417412483863,0.0,188.64766908789082,177123.0132425187,279414.65755679697,0.0,2.000000000000014,27.2,True,True,32089.468438052176,7940.225857899795,4150.658627724763,6751.385426095419,6105.144154104632,7134.920613594863,4248.592376617488
2025-08-05,489.583,1637507.2197397,32089.468438052176,0.0,2025_August_MNR.xlsx,32089.468438052176,489.583,1637507.2197397,-12081.251799999969,100.74092459171548,0.0,179.21528563349628,95934.4783318601,177123.0132425187,0.0,1.6000000000000143,26.8,True,True,7940.225857899795,4150.658627724763,6751.385426095419,6105.144154104632,7134.920613594863,4248.592376617488,13195.054832284008
2025-08-06,489.551,1628472.3057532,7940.225857899795,2.0,2025_August_MNR.xlsx,7940.225857899795,489.551,1628472.3057532,-9034.913986499887,100.18508851500414,2.0,172.25452135182147,32089.468438052176,95934.4783318601,1.999999999999993,2.000000000000014,4.0,True,True,4150.658627724763,6751.385426095419,6105.144154104632,7134.920613594863,4248.592376617488,13195.054832284008,58290.83118890093
2025-08-07,489.517,1616447.3000027,4150.658627724763,0.0,2025_August_MNR.xlsx,4150.658627724763,489.517,1616447.3000027,-12025.005750500131,99.445299289697,0.0,163.6417952842304,7940.225857899795,32089.468438052176,1.999999999999993,2.000000000000014,3.6,True,True,6751.385426095419,6105.144154104632,7134.920613594863,4248.592376617488,13195.054832284008,58290.83118890093,98994.80942029497
2025-08-08,489.486,1607444.5930314,6751.385426095419,1.4,2025_August_MNR.xlsx,6751.385426095419,489.486,1607444.5930314,-9002.706971299835,98.89144461767839,1.4,156.85970552001888,4150.658627724763,7940.225857899795,3.399999999999993,3.400000000000014,3.4,True,True,6105.144154104632,7134.920613594863,4248.592376617488,13195.054832284008,58290.83118890093,98994.80942029497,124187.95301213139
2025-08-09,489.454,1598455.4724356,6105.144154104632,3.6,2025_August_MNR.xlsx,6105.144154104632,489.454,1598455.4724356,-8989.120595800225,98.33842579176365,3.6,152.61672024401793,6751.385426095419,4150.658627724763,4.999999999999993,7.000000000000014,7.0,True,True,7134.920613594863,4248.592376617488,13195.054832284008,58290.83118890093,98994.80942029497,124187.95301213139,677549.229510107
2025-08-10,489.421,1589479.7778056,7134.920613594863,0.2,2025_August_MNR.xlsx,7134.920613594863,489.421,1589479.7778056,-8975.694629999809,97.78623294340308,0.2,145.185884231817,6105.144154104632,6751.385426095419,5.199999999999993,7.200000000000014,7.2,True,True,4248.592376617488,13195.054832284008,58290.83118890093,98994.80942029497,124187.95301213139,677549.229510107,986564.2205455386
2025-08-11,489.383,1577566.834908,4248.592376617488,0.0,2025_August_MNR.xlsx,4248.592376617488,489.383,1577566.834908,-11912.942897600122,97.05333792611985,0.0,137.92659002022614,7134.920613594863,6105.144154104632,3.799999999999993,5.200000000000014,7.2,True,True,13195.054832284008,58290.83118890093,98994.80942029497,124187.95301213139,677549.229510107,986564.2205455386,659131.9769543636
2025-08-12,489.371,1574601.0268989,13195.054832284008,0.0,2025_August_MNR.xlsx,13195.054832284008,489.371,1574601.0268989,-2965.8080090999138,96.87087873607993,0.0,131.03026051921483,4248.592376617488,7134.920613594863,0.1999999999999929,5.200000000000014,7.2,True,True,58290.83118890093,98994.80942029497,124187.95301213139,677549.229510107,986564.2205455386,659131.9769543636,412548.03222377884
2025-08-13,489.492,1610444.0173448,58290.83118890093,27.0,2025_August_MNR.xlsx,58290.83118890093,489.492,1610444.0173448,35842.99044590001,99.07597191315061,27.0,151.4787474932541,13195.054832284008,4248.592376617488,26.999999999999993,30.800000000000015,32.2,True,True,98994.80942029497,124187.95301213139,677549.229510107,986564.2205455386,659131.9769543636,412548.03222377884,273036.44452348823
2025-08-14,489.602,1643538.2164867,98994.80942029497,11.6,2025_August_MNR.xlsx,98994.80942029497,489.602,1643538.2164867,33094.199141900055,101.11195696407901,11.6,155.5048101185914,58290.83118890093,13195.054832284008,38.599999999999994,38.80000000000001,43.8,True,True,124187.95301213139,677549.229510107,986564.2205455386,659131.9769543636,412548.03222377884,273036.44452348823,180929.5410425187
2025-08-15,489.577,1634494.0165123,124187.95301213139,4.0,2025_August_MNR.xlsx,124187.95301213139,489.577,1634494.0165123,-9044.199974400224,100.55554960499677,4.0,151.7295696126618,98994.80942029497,58290.83118890093,42.599999999999994,42.600000000000016,46.4,True,True,677549.229510107,986564.2205455386,659131.9769543636,412548.03222377884,273036.44452348823,180929.5410425187,166176.7553640838
2025-08-16,489.692,1670813.4823932,677549.229510107,32.2,2025_August_MNR.xlsx,677549.229510107,489.692,1670813.4823932,36319.465880900156,102.78995598159936,32.2,176.3430911320287,124187.95301213139,98994.80942029497,47.8,74.80000000000001,75.0,True,True,986564.2205455386,659131.9769543636,412548.03222377884,273036.44452348823,180929.5410425187,166176.7553640838,178085.30122443952
2025-08-17,489.88,1728897.6614809,986564.2205455386,47.2,2025_August_MNR.xlsx,986564.2205455386,489.88,1728897.6614809,58084.17908769986,106.36334719167037,47.2,214.72593657542723,677549.229510107,124187.95301213139,83.4,122.00000000000003,122.0,True,False,659131.9769543636,412548.03222377884,273036.44452348823,180929.5410425187,166176.7553640838,178085.30122443952,337514.6083024198
2025-08-18,489.833,1713524.2337389,659131.9769543636,10.6,2025_August_MNR.xlsx,659131.9769543636,489.833,1713524.2337389,-15373.42774199997,105.41756001821338,10.6,214.58963974665585,986564.2205455386,677549.229510107,90.0,105.60000000000002,132.6,True,False,412548.03222377884,273036.44452348823,180929.5410425187,166176.7553640838,178085.30122443952,337514.6083024198,215817.96342063436
2025-08-19,489.757,1689066.0691295,412548.03222377884,0.0,2025_August_MNR.xlsx,412548.03222377884,489.757,1689066.0691295,-24458.164609399857,103.91287161936835,0.0,203.86015775932304,659131.9769543636,986564.2205455386,57.8,94.00000000000001,132.6,True,True,273036.44452348823,180929.5410425187,166176.7553640838,178085.30122443952,337514.6083024198,215817.96342063436,237530.4861913164
2025-08-20,489.705,1673851.7406958,273036.44452348823,0.8,2025_August_MNR.xlsx,273036.44452348823,489.705,1673851.7406958,-15214.328433700139,102.97687237919608,0.8,194.4671498713569,412548.03222377884,659131.9769543636,11.399999999999993,90.80000000000001,106.4,True,True,180929.5410425187,166176.7553640838,178085.30122443952,337514.6083024198,215817.96342063436,237530.4861913164,933148.8432204195
2025-08-21,489.666,1661708.0167959,180929.5410425187,0.0,2025_August_MNR.xlsx,180929.5410425187,489.666,1661708.0167959,-12143.723899899982,102.22977950600747,0.0,184.74379237778905,273036.44452348823,412548.03222377884,0.7999999999999929,58.600000000000016,94.80000000000001,True,True,166176.7553640838,178085.30122443952,337514.6083024198,215817.96342063436,237530.4861913164,933148.8432204195,682947.4930877303
2025-08-22,489.654,1658675.7961467,166176.7553640838,15.2,2025_August_MNR.xlsx,166176.7553640838,489.654,1658675.7961467,-3032.220649200026,102.04323455030642,15.2,190.70660275889958,180929.5410425187,273036.44452348823,15.999999999999993,26.600000000000016,106.0,True,True,178085.30122443952,337514.6083024198,215817.96342063436,237530.4861913164,933148.8432204195,682947.4930877303,457141.1065816881
2025-08-23,489.634,1652616.0060849,178085.30122443952,13.4,2025_August_MNR.xlsx,178085.30122443952,489.634,1652616.0060849,-6059.790061800042,101.67043078718501,13.4,194.5712726209546,166176.7553640838,180929.5410425187,28.599999999999994,29.400000000000013,87.2,True,True,337514.6083024198,215817.96342063436,237530.4861913164,933148.8432204195,682947.4930877303,457141.1065816881,337714.76111845404
2025-08-24,489.705,1673851.7406958,337514.6083024198,7.2,2025_August_MNR.xlsx,337514.6083024198,489.705,1673851.7406958,21235.73461090005,102.97687237919608,7.2,192.04270898990686,178085.30122443952,166176.7553640838,35.79999999999999,36.600000000000016,47.2,True,True,215817.96342063436,237530.4861913164,933148.8432204195,682947.4930877303,457141.1065816881,337714.76111845404,299004.806307028
2025-08-25,489.686,1667776.8298904,215817.96342063436,14.0,2025_August_MNR.xlsx,215817.96342063436,489.686,1667776.8298904,-6074.910805399995,102.6031383742581,14.0,196.4405735404115,337514.6083024198,178085.30122443952,34.599999999999994,49.80000000000001,50.599999999999994,True,True,237530.4861913164,933148.8432204195,682947.4930877303,457141.1065816881,337714.76111845404,299004.806307028,237129.5711383255
2025-08-26,489.648,1655645.1614623,237530.4861913164,12.8,2025_August_MNR.xlsx,237530.4861913164,489.648,1655645.1614623,-12131.668428099947,101.8567871645937,12.8,199.4185448633909,215817.96342063436,337514.6083024198,34.0,62.600000000000016,63.4,True,True,933148.8432204195,682947.4930877303,457141.1065816881,337714.76111845404,299004.806307028,237129.5711383255,196072.64086824178
2025-08-27,489.872,1725819.6938243,933148.8432204195,36.4,2025_August_MNR.xlsx,933148.8432204195,489.872,1725819.6938243,70174.53236200009,106.17398783871525,36.4,225.84761762022137,237530.4861913164,215817.96342063436,63.19999999999999,83.80000000000001,99.0,True,False,682947.4930877303,457141.1065816881,337714.76111845404,299004.806307028,237129.5711383255,196072.64086824178,192464.8147562316
2025-08-28,489.839,1713524.2337389,682947.4930877303,23.0,2025_August_MNR.xlsx,682947.4930877303,489.839,1713524.2337389,-12295.460085400147,105.41756001821338,23.0,237.5552367392103,933148.8432204195,237530.4861913164,72.19999999999999,93.4,122.0,True,False,457141.1065816881,337714.76111845404,299004.806307028,237129.5711383255,196072.64086824178,192464.8147562316,128748.91688506235
2025-08-29,489.77,1695162.8519716,457141.1065816881,0.0,2025_August_MNR.xlsx,457141.1065816881,489.77,1695162.8519716,-18361.381767299958,104.28795121177814,0.0,225.67747490224977,682947.4930877303,933148.8432204195,59.39999999999999,86.20000000000002,106.8,True,True,337714.76111845404,299004.806307028,237129.5711383255,196072.64086824178,192464.8147562316,128748.91688506235,78859.64973672011
2025-08-30,489.717,1676891.4600323,337714.76111845404,0.0,2025_August_MNR.xlsx,337714.76111845404,489.717,1676891.4600323,-18271.39193929988,103.16387866091922,0.0,214.39360115713728,457141.1065816881,682947.4930877303,22.999999999999986,72.20000000000002,93.4,True,True,299004.806307028,237129.5711383255,196072.64086824178,192464.8147562316,128748.91688506235,78859.64973672011,44276.17694702645
2025-08-31,489.705,1673851.7406958,299004.806307028,13.4,2025_August_MNR.xlsx,299004.806307028,489.705,1673851.7406958,-3039.7193365001585,102.97687237919608,13.4,217.07392109928043,337714.76111845404,457141.1065816881,13.399999999999986,72.80000000000001,99.60000000000001,True,True,237129.5711383255,196072.64086824178,192464.8147562316,128748.91688506235,78859.64973672011,44276.17694702645,21265.004473392863
2025-09-01,489.68,1667776.8298904,237129.5711383255,3.8,2025_September_MNR.xlsx,237129.5711383255,489.68,1667776.8298904,-6074.910805399995,102.6031383742581,3.8,210.02022504431642,299004.806307028,337714.76111845404,17.199999999999985,40.20000000000002,89.4,True,True,196072.64086824178,192464.8147562316,128748.91688506235,78859.64973672011,44276.17694702645,21265.004473392863,9147.605904001199
2025-09-02,489.661,1661708.0167959,196072.64086824178,1.4,2025_September_MNR.xlsx,196072.64086824178,489.661,1661708.0167959,-6068.813094499987,102.22977950600747,1.4,200.9192137921006,237129.5711383255,299004.806307028,18.599999999999987,18.600000000000016,77.99999999999999,True,True,192464.8147562316,128748.91688506235,78859.64973672011,44276.17694702645,21265.004473392863,9147.605904001199,7149.835815704429
2025-09-03,489.661,1661708.0167959,192464.8147562316,3.2,2025_September_MNR.xlsx,192464.8147562316,489.661,1661708.0167959,0.0,102.22977950600747,3.2,194.07325310249556,196072.64086824178,237129.5711383255,8.399999999999986,21.800000000000015,44.8,True,True,128748.91688506235,78859.64973672011,44276.17694702645,21265.004473392863,9147.605904001199,7149.835815704429,7161.83765655217
2025-09-04,489.63998,1652616.0060849,128748.91688506235,0.0,2025_September_MNR.xlsx,128748.91688506235,489.63998,1652616.0060849,-9092.010711000068,101.67043078718501,0.0,184.36959044737077,192464.8147562316,196072.64086824178,4.599999999999985,21.800000000000015,21.8,True,True,78859.64973672011,44276.17694702645,21265.004473392863,9147.605904001199,7149.835815704429,7161.83765655217,11367.816099604432
2025-09-05,489.608,1643538.2164867,78859.64973672011,0.0,2025_September_MNR.xlsx,78859.64973672011,489.608,1643538.2164867,-9077.789598199772,101.11195696407901,0.0,175.15111092500223,128748.91688506235,192464.8147562316,3.199999999999986,8.400000000000015,21.8,True,True,44276.17694702645,21265.004473392863,9147.605904001199,7149.835815704429,7161.83765655217,11367.816099604432,7177.536098438658
2025-09-06,489.589,1637507.2197397,44276.17694702645,0.0,2025_September_MNR.xlsx,44276.17694702645,489.589,1637507.2197397,-6030.996747000143,100.74092459171548,0.0,166.3935553787521,78859.64973672011,128748.91688506235,0.0,4.600000000000014,21.8,True,True,21265.004473392863,9147.605904001199,7149.835815704429,7161.83765655217,11367.816099604432,7177.536098438658,4201.392511000416
2025-09-07,489.564,1631482.3951735,21265.004473392863,0.0,2025_September_MNR.xlsx,21265.004473392863,489.564,1631482.3951735,-6024.82456619991,100.37027193749492,0.0,158.07387760981447,44276.17694702645,78859.64973672011,0.0,3.2000000000000144,8.4,True,True,9147.605904001199,7149.835815704429,7161.83765655217,11367.816099604432,7177.536098438658,4201.392511000416,7248.724280855155
2025-09-08,489.544,1625463.7590197,9147.605904001199,4.4,2025_September_MNR.xlsx,9147.605904001199,489.544,1625463.7590197,-6018.636153799947,100.0,4.4,154.57018372932376,21265.004473392863,44276.17694702645,4.399999999999986,4.400000000000015,9.0,True,True,7149.835815704429,7161.83765655217,11367.816099604432,7177.536098438658,4201.392511000416,7248.724280855155,5663.274859099049
2025-09-09,489.518,1616447.3000027,7149.835815704429,0.0,2025_September_MNR.xlsx,7149.835815704429,489.518,1616447.3000027,-9016.459017000161,99.445299289697,0.0,146.84167454285756,9147.605904001199,21265.004473392863,4.399999999999986,4.400000000000015,7.6000000000000005,True,True,7161.83765655217,11367.816099604432,7177.536098438658,4201.392511000416,7248.724280855155,5663.274859099049,11472.309566763399
2025-09-10,489.486,1607444.5930314,7161.83765655217,0.0,2025_September_MNR.xlsx,7161.83765655217,489.486,1607444.5930314,-9002.706971299835,98.89144461767839,0.0,139.49959081571467,7149.835815704429,9147.605904001199,4.399999999999986,4.400000000000015,4.4,True,True,11367.816099604432,7177.536098438658,4201.392511000416,7248.724280855155,5663.274859099049,11472.309566763399,13190.014880184803
2025-09-11,489.474,1604446.718559,11367.816099604432,6.0,2025_September_MNR.xlsx,11367.816099604432,489.474,1604446.718559,-2997.8744724001735,98.70701266982567,6.0,138.52461127492893,7161.83765655217,7149.835815704429,5.999999999999986,10.400000000000015,10.4,True,True,7177.536098438658,4201.392511000416,7248.724280855155,5663.274859099049,11472.309566763399,13190.014880184803,1374.8609051012572
2025-09-12,489.448,1595462.0162961,7177.536098438658,0.0,2025_September_MNR.xlsx,7177.536098438658,489.448,1595462.0162961,-8984.702262899838,98.15426566374548,0.0,131.59838071118247,11367.816099604432,7161.83765655217,5.999999999999986,10.400000000000015,10.4,True,True,4201.392511000416,7248.724280855155,5663.274859099049,11472.309566763399,13190.014880184803,1374.8609051012572,2823.602858348688
2025-09-13,489.409,1583503.9153768,4201.392511000416,0.0,2025_September_MNR.xlsx,4201.392511000416,489.409,1583503.9153768,-11958.100919299992,97.41859248414092,0.0,125.01846167562334,7177.536098438658,11367.816099604432,5.999999999999986,6.000000000000014,10.4,True,True,7248.724280855155,5663.274859099049,11472.309566763399,13190.014880184803,1374.8609051012572,2823.602858348688,970.0865243654911
2025-09-14,489.372,1574601.0268989,7248.724280855155,0.0,2025_September_MNR.xlsx,7248.724280855155,489.372,1574601.0268989,-8902.888477900065,96.87087873607993,0.0,118.76753859184217,4201.392511000416,7177.536098438658,0.0,6.000000000000014,10.4,True,True,5663.274859099049,11472.309566763399,13190.014880184803,1374.8609051012572,2823.602858348688,970.0865243654911,8280.18768312879
2025-09-15,489.359,1568674.6777429,5663.274859099049,15.4,2025_September_MNR.xlsx,5663.274859099049,489.359,1568674.6777429,-5926.349155999953,96.50628437812425,15.4,128.22916166225005,7248.724280855155,4201.392511000416,15.399999999999986,21.400000000000013,21.4,True,True,11472.309566763399,13190.014880184803,1374.8609051012572,2823.602858348688,970.0865243654911,8280.18768312879,3890.809135972033
2025-09-16,489.343,1565714.0163252,11472.309566763399,5.8,2025_September_MNR.xlsx,11472.309566763399,489.343,1565714.0163252,-2960.6614177001175,96.32414181104015,5.8,127.61770357913754,5663.274859099049,7248.724280855155,21.199999999999985,21.200000000000014,27.2,True,True,13190.014880184803,1374.8609051012572,2823.602858348688,970.0865243654911,8280.18768312879,3890.809135972033,1038.3203905585058
2025-09-17,489.337,1562754.9976601,13190.014880184803,0.0,2025_September_MNR.xlsx,13190.014880184803,489.337,1562754.9976601,-2959.018665099982,96.1421003075812,0.0,121.23681840018065,11472.309566763399,5663.274859099049,21.199999999999985,21.200000000000014,27.2,True,True,1374.8609051012572,2823.602858348688,970.0865243654911,8280.18768312879,3890.809135972033,1038.3203905585058,1525.7634288202905
2025-09-18,489.284,1547983.8767252,1374.8609051012572,0.0,2025_September_MNR.xlsx,1374.8609051012572,489.284,1547983.8767252,-14771.120934899896,95.23336759342901,0.0,115.17497748017162,13190.014880184803,11472.309566763399,5.799999999999986,21.200000000000014,21.2,True,True,2823.602858348688,970.0865243654911,8280.18768312879,3890.809135972033,1038.3203905585058,1525.7634288202905,13797.653686861006
2025-09-19,489.246,1536194.8351113,2823.602858348688,5.2,2025_September_MNR.xlsx,2823.602858348688,489.246,1536194.8351113,-11789.041613900103,94.50809509513536,5.2,114.61622860616303,1374.8609051012572,13190.014880184803,5.199999999999986,26.400000000000013,26.4,True,True,970.0865243654911,8280.18768312879,3890.809135972033,1038.3203905585058,1525.7634288202905,13797.653686861006,7375.965754211753
2025-09-20,489.198,1521494.7669134,970.0865243654911,1.6,2025_September_MNR.xlsx,970.0865243654911,489.198,1521494.7669134,-14700.068197899964,93.60373360960058,1.6,110.48541717585488,2823.602858348688,1374.8609051012572,6.7999999999999865,12.600000000000014,28.0,True,True,8280.18768312879,3890.809135972033,1038.3203905585058,1525.7634288202905,13797.653686861006,7375.965754211753,7382.317161778263
2025-09-21,489.173,1515629.6565953,8280.18768312879,6.8,2025_September_MNR.xlsx,8280.18768312879,489.173,1515629.6565953,-5865.11031810008,93.24290672031717,6.8,111.76114631706213,970.0865243654911,2823.602858348688,13.599999999999985,13.600000000000016,34.8,True,True,3890.809135972033,1038.3203905585058,1525.7634288202905,13797.653686861006,7375.965754211753,7382.317161778263,7097.32289302661
2025-09-22,489.135,1503910.109441,3890.809135972033,1.8,2025_September_MNR.xlsx,3890.809135972033,489.135,1503910.109441,-11719.547154299915,92.5219095840065,1.8,107.97308900120902,8280.18768312879,970.0865243654911,10.199999999999985,15.400000000000015,21.200000000000003,True,True,1038.3203905585058,1525.7634288202905,13797.653686861006,7375.965754211753,7382.317161778263,7097.32289302661,4484.044160908431
2025-09-23,489.089,1489280.5058131,1038.3203905585058,1.6,2025_September_MNR.xlsx,1038.3203905585058,489.089,1489280.5058131,-14629.603627900127,91.62188314252353,1.6,104.17443455114855,3890.809135972033,8280.18768312879,10.199999999999985,17.000000000000014,17.0,True,True,1525.7634288202905,13797.653686861006,7375.965754211753,7382.317161778263,7097.32289302661,4484.044160908431,5657.864205080682
2025-09-24,489.03198,1474672.1813453,1525.7634288202905,0.0,2025_September_MNR.xlsx,1525.7634288202905,489.03198,1474672.1813453,-14608.32446779986,90.72316581420795,0.0,98.96571282359112,1038.3203905585058,3890.809135972033,3.399999999999986,11.800000000000015,17.0,True,True,13797.653686861006,7375.965754211753,7382.317161778263,7097.32289302661,4484.044160908431,5657.864205080682,15817.94020789491
2025-09-25,489.044,1477592.1420387,13797.653686861006,18.0,2025_September_MNR.xlsx,13797.653686861006,489.044,1477592.1420387,2919.9606933998875,90.90280443593649,18.0,112.01742718241155,1525.7634288202905,1038.3203905585058,19.599999999999987,28.200000000000014,35.0,True,True,7375.965754211753,7382.317161778263,7097.32289302661,4484.044160908431,5657.864205080682,15817.94020789491,6919.141348276203
2025-09-26,489.018,1468834.6627917,7375.965754211753,0.0,2025_September_MNR.xlsx,7375.965754211753,489.018,1468834.6627917,-8757.479246999836,90.36403639522167,0.0,106.41655582329096,13797.653686861006,1525.7634288202905,17.999999999999986,21.400000000000013,29.799999999999997,True,True,7382.317161778263,7097.32289302661,4484.044160908431,5657.864205080682,15817.94020789491,6919.141348276203,13143.437283754383
2025-09-27,488.986,1460084.4867828,7382.317161778263,0.0,2025_September_MNR.xlsx,7382.317161778263,488.986,1460084.4867828,-8750.176008900162,89.82571765631744,0.0,101.09572803212642,7375.965754211753,13797.653686861006,17.999999999999986,19.600000000000016,28.2,True,True,7097.32289302661,4484.044160908431,5657.864205080682,15817.94020789491,6919.141348276203,13143.437283754383,9657.860847183736
2025-09-28,488.956,1451341.5620411,7097.32289302661,1.0,2025_September_MNR.xlsx,7097.32289302661,488.956,1451341.5620411,-8742.924741699826,89.28784502192708,1.0,97.0409416305201,7382.317161778263,7375.965754211753,0.9999999999999858,19.000000000000014,22.4,True,True,4484.044160908431,5657.864205080682,15817.94020789491,6919.141348276203,13143.437283754383,9657.860847183736,9370.360470287887
2025-09-29,488.91,1439695.2819464,4484.044160908431,0.0,2025_September_MNR.xlsx,4484.044160908431,488.91,1439695.2819464,-11646.280094700167,88.57135534136208,0.0,92.18889454899409,7097.32289302661,7382.317161778263,0.9999999999999858,19.000000000000014,20.599999999999998,True,True,5657.864205080682,15817.94020789491,6919.141348276203,13143.437283754383,9657.860847183736,9370.360470287887,4441.719105346904
2025-09-30,488.892,1433876.8830075,5657.864205080682,16.0,2025_September_MNR.xlsx,5657.864205080682,488.892,1433876.8830075,-5818.39893889986,88.21340217835775,16.0,103.57944982154437,4484.044160908431,7097.32289302661,16.999999999999986,17.000000000000014,35.0,True,True,15817.94020789491,6919.141348276203,13143.437283754383,9657.860847183736,9370.360470287887,4441.719105346904,4452.9563767526815
2025-10-01,488.904,1436785.673304,15817.94020789491,10.8,2025_October_MNR.xlsx,15817.94020789491,488.904,1436785.673304,2908.7902964998502,88.3923535871701,10.8,109.20047733046715,5657.864205080682,4484.044160908431,26.799999999999986,27.800000000000015,45.8,True,True,6919.141348276203,13143.437283754383,9657.860847183736,9370.360470287887,4441.719105346904,4452.9563767526815,17843.03491368231
2025-10-02,488.879,1428061.5598544,6919.141348276203,1.4,2025_October_MNR.xlsx,6919.141348276203,488.879,1428061.5598544,-8724.113449599827,87.85563824047661,1.4,105.1404534639438,15817.94020789491,5657.864205080682,28.199999999999985,29.200000000000014,29.2,True,True,13143.437283754383,9657.860847183736,9370.360470287887,4441.719105346904,4452.9563767526815,17843.03491368231,62279.20594814246
2025-10-03,488.866,1425155.0669105,13143.437283754383,0.0,2025_October_MNR.xlsx,13143.437283754383,488.866,1425155.0669105,-2906.4929439001717,87.67682816687318,0.0,99.8834307907466,6919.141348276203,15817.94020789491,12.199999999999987,28.200000000000014,29.2,True,True,9657.860847183736,9370.360470287887,4441.719105346904,4452.9563767526815,17843.03491368231,62279.20594814246,24086.847755427094
2025-10-04,488.848,1419344.4679611,9657.860847183736,2.0,2025_October_MNR.xlsx,9657.860847183736,488.848,1419344.4679611,-5810.59894940001,87.3193548662747,2.0,96.88925925120927,13143.437283754383,6919.141348276203,3.3999999999999857,30.200000000000014,31.2,True,True,9370.360470287887,4441.719105346904,4452.9563767526815,17843.03491368231,62279.20594814246,24086.847755427094,13139.926765396176
2025-10-05,488.82098,1413536.9222839,9370.360470287887,3.0,2025_October_MNR.xlsx,9370.360470287887,488.82098,1413536.9222839,-5807.54567719996,86.96206940574234,3.0,95.0447962886488,9657.860847183736,13143.437283754383,4.999999999999986,17.200000000000014,33.2,True,True,4441.719105346904,4452.9563767526815,17843.03491368231,62279.20594814246,24086.847755427094,13139.926765396176,10229.760917854082
2025-10-06,488.789,1401930.957596,4441.719105346904,0.0,2025_October_MNR.xlsx,4441.719105346904,488.789,1401930.957596,-11605.96468789992,86.24805996545193,0.0,90.29255647421635,9370.360470287887,9657.860847183736,4.999999999999986,6.400000000000015,33.2,True,True,4452.9563767526815,17843.03491368231,62279.20594814246,24086.847755427094,13139.926765396176,10229.760917854082,10232.383184925226
2025-10-07,488.745,1390337.3398593,4452.9563767526815,0.0,2025_October_MNR.xlsx,4452.9563767526815,488.745,1390337.3398593,-11593.617736699991,85.53481012076195,0.0,85.77792865050553,4441.719105346904,9370.360470287887,2.999999999999986,5.000000000000014,17.2,True,True,17843.03491368231,62279.20594814246,24086.847755427094,13139.926765396176,10229.760917854082,10232.383184925226,9595.383743698323
2025-10-08,488.75198,1393234.6316031,17843.03491368231,3.8,2025_October_MNR.xlsx,17843.03491368231,488.75198,1393234.6316031,2897.291743800044,85.71305412821661,3.8,85.28903221798025,4452.9563767526815,4441.719105346904,3.7999999999999856,8.800000000000013,10.2,True,True,62279.20594814246,24086.847755427094,13139.926765396176,10229.760917854082,10232.383184925226,9595.383743698323,41838.35377098208
2025-10-09,488.91,1439695.2819464,62279.20594814246,0.8,2025_October_MNR.xlsx,62279.20594814246,488.91,1439695.2819464,46460.65034329984,88.57135534136208,0.8,81.82458060708123,17843.03491368231,4452.9563767526815,4.599999999999985,7.600000000000014,9.6,True,True,24086.847755427094,13139.926765396176,10229.760917854082,10232.383184925226,9595.383743698323,41838.35377098208,42136.963545253326
2025-10-10,488.943,1448428.8738585,24086.847755427094,2.4,2025_October_MNR.xlsx,24086.847755427094,488.943,1448428.8738585,8733.591912100092,89.10865381163786,2.4,80.13335157672716,62279.20594814246,17843.03491368231,6.999999999999986,7.000000000000013,12.0,True,True,13139.926765396176,10229.760917854082,10232.383184925226,9595.383743698323,41838.35377098208,42136.963545253326,73149.23137640933
2025-10-11,488.936,1445516.8740723,13139.926765396176,0.0,2025_October_MNR.xlsx,13139.926765396176,488.936,1445516.8740723,-2911.999786200002,88.92950495211753,0.0,76.12668399789081,24086.847755427094,62279.20594814246,3.199999999999986,7.000000000000014,10.0,True,True,10229.760917854082,10232.383184925226,9595.383743698323,41838.35377098208,42136.963545253326,73149.23137640933,57575.848315913776
2025-10-12,488.917,1439695.2819464,10229.760917854082,0.0,2025_October_MNR.xlsx,10229.760917854082,488.917,1439695.2819464,-5821.59212590009,88.57135534136208,0.0,72.32034979799626,13139.926765396176,24086.847755427094,2.399999999999986,7.000000000000014,6.999999999999999,True,True,10232.383184925226,9595.383743698323,41838.35377098208,42136.963545253326,73149.23137640933,57575.848315913776,59597.44767041102
2025-10-13,488.891,1433876.8830075,10232.383184925226,0.0,2025_October_MNR.xlsx,10232.383184925226,488.891,1433876.8830075,-5818.39893889986,88.21340217835775,0.0,68.70433230809644,10229.760917854082,13139.926765396176,0.0,3.200000000000014,7.0,True,True,9595.383743698323,41838.35377098208,42136.963545253326,73149.23137640933,57575.848315913776,59597.44767041102,160128.78104252563
2025-10-14,488.872,1428061.5598544,9595.383743698323,2.2,2025_October_MNR.xlsx,9595.383743698323,488.872,1428061.5598544,-5815.3231530999765,87.85563824047661,2.2,67.46911569269162,10232.383184925226,10229.760917854082,2.199999999999986,4.600000000000014,9.2,True,True,41838.35377098208,42136.963545253326,73149.23137640933,57575.848315913776,59597.44767041102,160128.78104252563,224197.73004406077
2025-10-15,488.961,1454255.069173,41838.35377098208,1.4,2025_October_MNR.xlsx,41838.35377098208,488.961,1454255.069173,26193.509318599943,89.46708661471763,1.4,65.49565990805704,9595.383743698323,10232.383184925226,3.599999999999986,3.6000000000000143,6.799999999999999,True,True,42136.963545253326,73149.23137640933,57575.848315913776,59597.44767041102,160128.78104252563,224197.73004406077,225138.18840221464
2025-10-16,489.07,1486357.15604,42136.963545253326,20.6,2025_October_MNR.xlsx,42136.963545253326,489.07,1486357.15604,32102.086866999976,91.44203602154786,20.6,82.82087691265419,41838.35377098208,9595.383743698323,24.19999999999999,24.200000000000017,26.6,True,True,73149.23137640933,57575.848315913776,59597.44767041102,160128.78104252563,224197.73004406077,225138.18840221464,173020.97051566088
2025-10-17,489.285,1547983.8767252,73149.23137640933,15.4,2025_October_MNR.xlsx,73149.23137640933,489.285,1547983.8767252,61626.72068520007,95.23336759342901,15.4,94.07983306702148,42136.963545253326,41838.35377098208,37.39999999999999,39.600000000000016,39.6,True,True,57575.848315913776,59597.44767041102,160128.78104252563,224197.73004406077,225138.18840221464,173020.97051566088,130773.2730821234
2025-10-18,489.424,1589479.7778056,57575.848315913776,0.0,2025_October_MNR.xlsx,57575.848315913776,489.424,1589479.7778056,41495.901080399984,97.78623294340308,0.0,89.3758414136704,73149.23137640933,42136.963545253326,35.99999999999999,39.600000000000016,39.6,True,True,59597.44767041102,160128.78104252563,224197.73004406077,225138.18840221464,173020.97051566088,130773.2730821234,77792.34877595297
2025-10-19,489.52798,1619451.3170382,59597.44767041102,0.0,2025_October_MNR.xlsx,59597.44767041102,489.52798,1619451.3170382,29971.539232600015,99.630109133585,0.0,84.90704934298688,57575.848315913776,73149.23137640933,15.399999999999986,37.40000000000001,39.6,True,True,160128.78104252563,224197.73004406077,225138.18840221464,173020.97051566088,130773.2730821234,77792.34877595297,44784.93200466422
2025-10-20,489.618,1646562.4785364,160128.78104252563,5.2,2025_October_MNR.xlsx,160128.78104252563,489.618,1646562.4785364,27111.161498199916,101.29801229954363,5.2,85.86169687583754,59597.44767041102,57575.848315913776,5.199999999999986,41.20000000000002,44.800000000000004,True,True,224197.73004406077,225138.18840221464,173020.97051566088,130773.2730821234,77792.34877595297,44784.93200466422,18567.957467475244
2025-10-21,489.65698,1658675.7961467,224197.73004406077,0.0,2025_October_MNR.xlsx,224197.73004406077,489.65698,1658675.7961467,12113.317610299913,102.04323455030642,0.0,81.56861203204566,160128.78104252563,59597.44767041102,5.199999999999986,20.600000000000016,42.6,True,True,225138.18840221464,173020.97051566088,130773.2730821234,77792.34877595297,44784.93200466422,18567.957467475244,10123.898591554334
2025-10-22,489.671,1664741.6725648,225138.18840221464,0.0,2025_October_MNR.xlsx,225138.18840221464,489.671,1664741.6725648,6065.8764180999715,102.41641275156992,0.0,77.49018143044337,224197.73004406077,160128.78104252563,5.199999999999986,5.200000000000014,41.2,True,True,173020.97051566088,130773.2730821234,77792.34877595297,44784.93200466422,18567.957467475244,10123.898591554334,10072.899036310992
2025-10-23,489.65698,1658675.7961467,173020.97051566088,0.0,2025_October_MNR.xlsx,173020.97051566088,489.65698,1658675.7961467,-6065.8764180999715,102.04323455030642,0.0,73.6156723589212,225138.18840221464,224197.73004406077,0.0,5.200000000000014,20.6,True,True,130773.2730821234,77792.34877595297,44784.93200466422,18567.957467475244,10123.898591554334,10072.899036310992,10077.865167052254
2025-10-24,489.638,1652616.0060849,130773.2730821234,0.0,2025_October_MNR.xlsx,130773.2730821234,489.638,1652616.0060849,-6059.790061800042,101.67043078718501,0.0,69.93488874097514,173020.97051566088,225138.18840221464,0.0,5.200000000000014,5.2,True,True,77792.34877595297,44784.93200466422,18567.957467475244,10123.898591554334,10072.899036310992,10077.865167052254,10082.828486909842
2025-10-25,489.606,1643538.2164867,77792.34877595297,0.0,2025_October_MNR.xlsx,77792.34877595297,489.606,1643538.2164867,-9077.789598199772,101.11195696407901,0.0,66.43814430392638,130773.2730821234,173020.97051566088,0.0,0.0,5.2,True,True,44784.93200466422,18567.957467475244,10123.898591554334,10072.899036310992,10077.865167052254,10082.828486909842,8473.811983643993
2025-10-26,489.587,1637507.2197397,44784.93200466422,0.0,2025_October_MNR.xlsx,44784.93200466422,489.587,1637507.2197397,-6030.996747000143,100.74092459171548,0.0,63.11623708873006,77792.34877595297,130773.2730821234,0.0,0.0,5.2,True,True,18567.957467475244,10123.898591554334,10072.899036310992,10077.865167052254,10082.828486909842,8473.811983643993,13211.637814588374
2025-10-27,489.561,1631482.3951735,18567.957467475244,0.0,2025_October_MNR.xlsx,18567.957467475244,489.561,1631482.3951735,-6024.82456619991,100.37027193749492,0.0,59.96042523429355,44784.93200466422,77792.34877595297,0.0,0.0,0.0,True,True,10123.898591554334,10072.899036310992,10077.865167052254,10082.828486909842,8473.811983643993,13211.637814588374,6860.046444204823
2025-10-28,489.542,1625463.7590197,10123.898591554334,0.0,2025_October_MNR.xlsx,10123.898591554334,489.542,1625463.7590197,-6018.636153799947,100.0,0.0,56.96240397257887,18567.957467475244,44784.93200466422,0.0,0.0,0.0,True,True,10072.899036310992,10077.865167052254,10082.828486909842,8473.811983643993,13211.637814588374,6860.046444204823,10042.452992125218
2025-10-29,489.521,1619451.3170382,10072.899036310992,0.0,2025_October_MNR.xlsx,10072.899036310992,489.521,1619451.3170382,-6012.441981500015,99.630109133585,0.0,54.11428377394992,10123.898591554334,18567.957467475244,0.0,0.0,0.0,True,True,10077.865167052254,10082.828486909842,8473.811983643993,13211.637814588374,6860.046444204823,10042.452992125218,16504.947544731822
2025-10-30,489.50198,1613444.9319478,10077.865167052254,0.0,2025_October_MNR.xlsx,10077.865167052254,489.50198,1613444.9319478,-6006.385090399999,99.26059089258634,0.0,51.40856958525242,10072.899036310992,10123.898591554334,0.0,0.0,0.0,True,True,10082.828486909842,8473.811983643993,13211.637814588374,6860.046444204823,10042.452992125218,16504.947544731822,15909.049794822722
2025-10-31,489.483,1607444.5930314,10082.828486909842,0.0,2025_October_MNR.xlsx,10082.828486909842,489.483,1607444.5930314,-6000.338916399982,98.89144461767839,0.0,48.8381411059898,10077.865167052254,10072.899036310992,0.0,0.0,0.0,True,True,8473.811983643993,13211.637814588374,6860.046444204823,10042.452992125218,16504.947544731822,15909.049794822722,4769.251217883577
2025-11-01,489.483,1607444.5930314,8473.811983643993,25.2,2025_November_MNR.xlsx,8473.811983643993,489.483,1607444.5930314,0.0,98.89144461767839,25.2,71.5962340506903,10082.828486909842,10077.865167052254,25.199999999999985,25.200000000000014,25.2,True,True,13211.637814588374,6860.046444204823,10042.452992125218,16504.947544731822,15909.049794822722,4769.251217883577,41386.16317848574
2025-11-02,489.483,1607444.5930314,13211.637814588374,9.4,2025_November_MNR.xlsx,13211.637814588374,489.483,1607444.5930314,0.0,98.89144461767839,9.4,77.41642234815579,8473.811983643993,10082.828486909842,34.59999999999999,34.600000000000016,34.6,True,True,6860.046444204823,10042.452992125218,16504.947544731822,15909.049794822722,4769.251217883577,41386.16317848574,324364.2617505552
2025-11-03,489.451,1598455.4724356,6860.046444204823,0.6,2025_November_MNR.xlsx,6860.046444204823,489.451,1598455.4724356,-8989.120595800225,98.33842579176365,0.6,74.145601230748,13211.637814588374,8473.811983643993,35.19999999999999,35.20000000000002,35.2,True,True,10042.452992125218,16504.947544731822,15909.049794822722,4769.251217883577,41386.16317848574,324364.2617505552,368655.75888458063
2025-11-04,489.438,1592470.1267521,10042.452992125218,0.0,2025_November_MNR.xlsx,10042.452992125218,489.438,1592470.1267521,-5985.345683499938,97.97020191409877,0.0,70.4383211692106,6860.046444204823,13211.637814588374,9.999999999999986,35.20000000000002,35.2,True,True,16504.947544731822,15909.049794822722,4769.251217883577,41386.16317848574,324364.2617505552,368655.75888458063,323848.51073321624
2025-11-05,489.451,1598455.4724356,16504.947544731822,18.4,2025_November_MNR.xlsx,16504.947544731822,489.451,1598455.4724356,5985.345683499938,98.33842579176365,18.4,85.31640511075005,10042.452992125218,6860.046444204823,18.999999999999986,53.60000000000001,53.599999999999994,True,True,15909.049794822722,4769.251217883577,41386.16317848574,324364.2617505552,368655.75888458063,323848.51073321624,280267.58193712565
2025-11-06,489.457,1598455.4724356,15909.049794822722,0.4,2025_November_MNR.xlsx,15909.049794822722,489.457,1598455.4724356,0.0,98.33842579176365,0.4,81.45058485521255,16504.947544731822,10042.452992125218,18.799999999999983,28.80000000000001,54.0,True,True,4769.251217883577,41386.16317848574,324364.2617505552,368655.75888458063,323848.51073321624,280267.58193712565,238079.59356554842
2025-11-07,489.445,1595462.0162961,4769.251217883577,0.0,2025_November_MNR.xlsx,4769.251217883577,489.445,1595462.0162961,-2993.4561394997872,98.15426566374548,0.0,77.37805561245192,15909.049794822722,16504.947544731822,18.799999999999983,19.400000000000013,54.0,True,True,41386.16317848574,324364.2617505552,368655.75888458063,323848.51073321624,280267.58193712565,238079.59356554842,213597.80433420843
2025-11-08,489.464,1601450.3446648,41386.16317848574,0.4,2025_November_MNR.xlsx,41386.16317848574,489.464,1601450.3446648,5988.328368699877,98.52267303890045,0.4,73.90915283182932,4769.251217883577,15909.049794822722,0.7999999999999858,19.200000000000014,29.2,True,True,324364.2617505552,368655.75888458063,323848.51073321624,280267.58193712565,238079.59356554842,213597.80433420843,192495.62577584962
2025-11-09,489.677,1664741.6725648,324364.2617505552,42.4,2025_November_MNR.xlsx,324364.2617505552,489.677,1664741.6725648,63291.32789999992,102.41641275156992,42.4,112.61369519023785,41386.16317848574,4769.251217883577,42.79999999999998,61.60000000000001,62.199999999999996,True,True,368655.75888458063,323848.51073321624,280267.58193712565,238079.59356554842,213597.80433420843,192495.62577584962,175733.50779371275
2025-11-10,489.721,1679932.8392697,368655.75888458063,9.4,2025_November_MNR.xlsx,368655.75888458063,489.721,1679932.8392697,15191.166704900097,103.35098706124641,9.4,116.38301043072596,324364.2617505552,41386.16317848574,52.19999999999998,52.600000000000016,71.0,True,True,323848.51073321624,280267.58193712565,238079.59356554842,213597.80433420843,192495.62577584962,175733.50779371275,177813.58794291277
2025-11-11,489.715,1676891.4600323,323848.51073321624,0.0,2025_November_MNR.xlsx,323848.51073321624,489.715,1676891.4600323,-3041.379237399902,103.16387866091922,0.0,110.56385990918966,368655.75888458063,324364.2617505552,51.79999999999998,52.20000000000002,71.0,True,True,280267.58193712565,238079.59356554842,213597.80433420843,192495.62577584962,175733.50779371275,177813.58794291277,478550.4252622602
2025-11-12,489.702,1673851.7406958,280267.58193712565,0.0,2025_November_MNR.xlsx,280267.58193712565,489.702,1673851.7406958,-3039.7193365001585,102.97687237919608,0.0,105.03566691373017,323848.51073321624,368655.75888458063,9.399999999999986,52.20000000000002,52.6,True,True,238079.59356554842,213597.80433420843,192495.62577584962,175733.50779371275,177813.58794291277,478550.4252622602,957422.964086338
2025-11-13,489.68298,1667776.8298904,238079.59356554842,0.0,2025_November_MNR.xlsx,238079.59356554842,489.68298,1667776.8298904,-6074.910805399995,102.6031383742581,0.0,99.78388356804365,280267.58193712565,323848.51073321624,0.0,51.80000000000002,52.199999999999996,True,True,213597.80433420843,192495.62577584962,175733.50779371275,177813.58794291277,478550.4252622602,957422.964086338,893123.028104316
2025-11-14,489.671,1664741.6725648,213597.80433420843,0.0,2025_November_MNR.xlsx,213597.80433420843,489.671,1664741.6725648,-3035.157325600041,102.41641275156992,0.0,94.79468938964146,238079.59356554842,280267.58193712565,0.0,9.400000000000022,52.199999999999996,True,True,192495.62577584962,175733.50779371275,177813.58794291277,478550.4252622602,957422.964086338,893123.028104316,612855.6840597584
2025-11-15,489.664,1661708.0167959,192495.62577584962,0.0,2025_November_MNR.xlsx,192495.62577584962,489.664,1661708.0167959,-3033.6557688999455,102.22977950600747,0.0,90.05495492015939,213597.80433420843,238079.59356554842,0.0,0.0,51.8,True,True,175733.50779371275,177813.58794291277,478550.4252622602,957422.964086338,893123.028104316,612855.6840597584,490683.8477683797
2025-11-16,489.658,1658675.7961467,175733.50779371275,0.0,2025_November_MNR.xlsx,175733.50779371275,489.658,1658675.7961467,-3032.220649200026,102.04323455030642,0.0,85.55220717415142,192495.62577584962,213597.80433420843,0.0,0.0,9.4,True,True,177813.58794291277,478550.4252622602,957422.964086338,893123.028104316,612855.6840597584,490683.8477683797,433718.8695659825
2025-11-17,489.65698,1658675.7961467,177813.58794291277,0.0,2025_November_MNR.xlsx,177813.58794291277,489.65698,1658675.7961467,0.0,102.04323455030642,0.0,81.27459681544384,175733.50779371275,192495.62577584962,0.0,0.0,0.0,True,True,478550.4252622602,957422.964086338,893123.028104316,612855.6840597584,490683.8477683797,433718.8695659825,379498.75290643546
2025-11-18,489.727,1679932.8392697,478550.4252622602,41.2,2025_November_MNR.xlsx,478550.4252622602,489.727,1679932.8392697,21257.04312300007,103.35098706124641,41.2,118.41086697467165,177813.58794291277,175733.50779371275,41.19999999999999,41.200000000000024,41.2,True,True,957422.964086338,893123.028104316,612855.6840597584,490683.8477683797,433718.8695659825,379498.75290643546,345857.69810574956
2025-11-19,489.857,1719668.7023854,957422.964086338,31.2,2025_November_MNR.xlsx,957422.964086338,489.857,1719668.7023854,39735.86311569996,105.79557328442152,31.2,143.69032362593805,478550.4252622602,177813.58794291277,72.39999999999999,72.40000000000002,72.4,True,False,893123.028104316,612855.6840597584,490683.8477683797,433718.8695659825,379498.75290643546,345857.69810574956,310615.1173997257
2025-11-20,489.88998,1728897.6614809,893123.028104316,16.4,2025_November_MNR.xlsx,893123.028104316,489.88998,1728897.6614809,9228.959095499944,106.36334719167037,16.4,152.90580744464114,957422.964086338,478550.4252622602,88.79999999999998,88.80000000000003,88.8,True,False,612855.6840597584,490683.8477683797,433718.8695659825,379498.75290643546,345857.69810574956,310615.1173997257,288864.69826402166
2025-11-21,489.818,1707386.3914463,612855.6840597584,0.0,2025_November_MNR.xlsx,612855.6840597584,489.818,1707386.3914463,-21511.270034599816,105.03995441128792,0.0,145.26051707240907,893123.028104316,957422.964086338,47.59999999999998,88.80000000000003,88.8,True,False,490683.8477683797,433718.8695659825,379498.75290643546,345857.69810574956,310615.1173997257,288864.69826402166,272042.76256662153
2025-11-22,489.774,1695162.8519716,490683.8477683797,0.0,2025_November_MNR.xlsx,490683.8477683797,489.774,1695162.8519716,-12223.539474700112,104.28795121177814,0.0,137.9974912187886,612855.6840597584,893123.028104316,16.399999999999984,88.80000000000003,88.8,True,True,433718.8695659825,379498.75290643546,345857.69810574956,310615.1173997257,288864.69826402166,272042.76256662153,252600.3418681483
2025-11-23,489.754,1689066.0691295,433718.8695659825,0.0,2025_November_MNR.xlsx,433718.8695659825,489.754,1689066.0691295,-6096.782842099899,103.91287161936835,0.0,131.0976166578492,490683.8477683797,612855.6840597584,0.0,47.60000000000002,88.8,True,True,379498.75290643546,345857.69810574956,310615.1173997257,288864.69826402166,272042.76256662153,252600.3418681483,244914.3461709484
2025-11-24,489.734,1682975.6527669,379498.75290643546,0.0,2025_November_MNR.xlsx,379498.75290643546,489.734,1682975.6527669,-6090.416362600168,103.53818369853317,0.0,124.54273582495672,433718.8695659825,490683.8477683797,0.0,16.40000000000002,88.8,True,True,345857.69810574956,310615.1173997257,288864.69826402166,272042.76256662153,252600.3418681483,244914.3461709484,234203.99536424226
2025-11-25,489.721,1679932.8392697,345857.69810574956,0.0,2025_November_MNR.xlsx,345857.69810574956,489.721,1679932.8392697,-3042.8134971999098,103.35098706124641,0.0,118.31559903370888,379498.75290643546,433718.8695659825,0.0,0.0,47.599999999999994,True,True,310615.1173997257,288864.69826402166,272042.76256662153,252600.3418681483,244914.3461709484,234203.99536424226,228969.8139994424
2025-11-26,489.70898,1673851.7406958,310615.1173997257,0.0,2025_November_MNR.xlsx,310615.1173997257,489.70898,1673851.7406958,-6081.098573900061,102.97687237919608,0.0,112.39981908202343,345857.69810574956,379498.75290643546,0.0,0.0,16.4,True,True,288864.69826402166,272042.76256662153,252600.3418681483,244914.3461709484,234203.99536424226,228969.8139994424,221736.0149994424
2025-11-27,489.697,1670813.4823932,288864.69826402166,0.0,2025_November_MNR.xlsx,288864.69826402166,489.697,1670813.4823932,-3038.25830259989,102.78995598159936,0.0,106.77982812792224,310615.1173997257,345857.69810574956,0.0,0.0,0.0,True,True,272042.76256662153,252600.3418681483,244914.3461709484,234203.99536424226,228969.8139994424,221736.0149994424,209256.1982606207
2025-11-28,489.691,1670813.4823932,272042.76256662153,0.0,2025_November_MNR.xlsx,272042.76256662153,489.691,1670813.4823932,0.0,102.78995598159936,0.0,101.44083672152613,288864.69826402166,310615.1173997257,0.0,0.0,0.0,True,True,252600.3418681483,244914.3461709484,234203.99536424226,228969.8139994424,221736.0149994424,209256.1982606207,204367.78662952065
2025-11-29,489.684,1667776.8298904,252600.3418681483,0.0,2025_November_MNR.xlsx,252600.3418681483,489.684,1667776.8298904,-3036.652502800105,102.6031383742581,0.0,96.36879488544982,272042.76256662153,288864.69826402166,0.0,0.0,0.0,True,True,244914.3461709484,234203.99536424226,228969.8139994424,221736.0149994424,209256.1982606207,204367.78662952065,195214.23592952066
2025-11-30,489.684,1667776.8298904,244914.3461709484,0.0,2025_November_MNR.xlsx,244914.3461709484,489.684,1667776.8298904,0.0,102.6031383742581,0.0,91.55035514117732,252600.3418681483,272042.76256662153,0.0,0.0,0.0,True,True,234203.99536424226,228969.8139994424,221736.0149994424,209256.1982606207,204367.78662952065,195214.23592952066,178996.50787327875
2025-12-01,489.678,1664741.6725648,234203.99536424226,0.0,2025_December_MNR.xlsx,234203.99536424226,489.678,1664741.6725648,-3035.157325600041,102.41641275156992,0.0,86.97283738411845,244914.3461709484,252600.3418681483,0.0,0.0,0.0,True,True,228969.8139994424,221736.0149994424,209256.1982606207,204367.78662952065,195214.23592952066,178996.50787327875,176209.41962247877
2025-12-02,489.671,1664741.6725648,228969.8139994424,0.0,2025_December_MNR.xlsx,228969.8139994424,489.671,1664741.6725648,0.0,102.41641275156992,0.0,82.62419551491253,234203.99536424226,244914.3461709484,0.0,0.0,0.0,True,True,221736.0149994424,209256.1982606207,204367.78662952065,195214.23592952066,178996.50787327875,176209.41962247877,163832.40842247877
2025-12-03,489.671,1664741.6725648,221736.0149994424,0.0,2025_December_MNR.xlsx,221736.0149994424,489.671,1664741.6725648,0.0,102.41641275156992,0.0,78.4929857391669,228969.8139994424,234203.99536424226,0.0,0.0,0.0,True,True,209256.1982606207,204367.78662952065,195214.23592952066,178996.50787327875,176209.41962247877,163832.40842247877,157267.6521438652
2025-12-04,489.664,1661708.0167959,209256.1982606207,0.0,2025_December_MNR.xlsx,209256.1982606207,489.664,1661708.0167959,-3033.6557688999455,102.22977950600747,0.0,74.56833645220856,221736.0149994424,228969.8139994424,0.0,0.0,0.0,True,True,204367.78662952065,195214.23592952066,178996.50787327875,176209.41962247877,163832.40842247877,157267.6521438652,145062.07728889663
2025-12-05,489.664,1661708.0167959,204367.78662952065,0.0,2025_December_MNR.xlsx,204367.78662952065,489.664,1661708.0167959,0.0,102.22977950600747,0.0,70.83991962959813,209256.1982606207,221736.0149994424,0.0,0.0,0.0,True,True,195214.23592952066,178996.50787327875,176209.41962247877,163832.40842247877,157267.6521438652,145062.07728889663,161541.7940842788
2025-12-06,489.664,1661708.0167959,195214.23592952066,0.0,2025_December_MNR.xlsx,195214.23592952066,489.664,1661708.0167959,0.0,102.22977950600747,0.0,67.29792364811821,204367.78662952065,209256.1982606207,0.0,0.0,0.0,True,True,178996.50787327875,176209.41962247877,163832.40842247877,157267.6521438652,145062.07728889663,161541.7940842788,143688.1908044967
2025-12-07,489.65698,1658675.7961467,178996.50787327875,0.0,2025_December_MNR.xlsx,178996.50787327875,489.65698,1658675.7961467,-3032.220649200026,102.04323455030642,0.0,63.9330274657123,195214.23592952066,204367.78662952065,0.0,0.0,0.0,True,True,176209.41962247877,163832.40842247877,157267.6521438652,145062.07728889663,161541.7940842788,143688.1908044967,152568.33660566524
2025-12-08,489.65698,1658675.7961467,176209.41962247877,0.0,2025_December_MNR.xlsx,176209.41962247877,489.65698,1658675.7961467,0.0,102.04323455030642,0.0,60.73637609242668,178996.50787327875,195214.23592952066,0.0,0.0,0.0,True,True,163832.40842247877,157267.6521438652,145062.07728889663,161541.7940842788,143688.1908044967,152568.33660566524,147995.95882826514
2025-12-09,489.651,1658675.7961467,163832.40842247877,0.0,2025_December_MNR.xlsx,163832.40842247877,489.651,1658675.7961467,0.0,102.04323455030642,0.0,57.69955728780535,176209.41962247877,178996.50787327875,0.0,0.0,0.0,True,True,157267.6521438652,145062.07728889663,161541.7940842788,143688.1908044967,152568.33660566524,147995.95882826514,134491.21018889663
2025-12-10,489.645,1655645.1614623,157267.6521438652,0.0,2025_December_MNR.xlsx,157267.6521438652,489.645,1655645.1614623,-3030.6346843999345,101.8567871645937,0.0,54.814579423415076,163832.40842247877,176209.41962247877,0.0,0.0,0.0,True,True,145062.07728889663,161541.7940842788,143688.1908044967,152568.33660566524,147995.95882826514,134491.21018889663,135923.13246629672
2025-12-11,489.638,1652616.0060849,145062.07728889663,0.0,2025_December_MNR.xlsx,145062.07728889663,489.638,1652616.0060849,-3029.1553774001077,101.67043078718501,0.0,52.07385045224432,157267.6521438652,163832.40842247877,0.0,0.0,0.0,True,True,161541.7940842788,143688.1908044967,152568.33660566524,147995.95882826514,134491.21018889663,135923.13246629672,126557.10026629671
2025-12-12,489.651,1658675.7961467,161541.7940842788,0.0,2025_December_MNR.xlsx,161541.7940842788,489.651,1658675.7961467,6059.790061800042,102.04323455030642,0.0,49.4701579296321,145062.07728889663,157267.6521438652,0.0,0.0,0.0,True,True,143688.1908044967,152568.33660566524,147995.95882826514,134491.21018889663,135923.13246629672,126557.10026629671,115580.61307334204
2025-12-13,489.638,1652616.0060849,143688.1908044967,0.0,2025_December_MNR.xlsx,143688.1908044967,489.638,1652616.0060849,-6059.790061800042,101.67043078718501,0.0,46.996650033150495,161541.7940842788,145062.07728889663,0.0,0.0,0.0,True,True,152568.33660566524,147995.95882826514,134491.21018889663,135923.13246629672,126557.10026629671,115580.61307334204,109427.09161854199
2025-12-14,489.644,1655645.1614623,152568.33660566524,0.0,2025_December_MNR.xlsx,152568.33660566524,489.644,1655645.1614623,3029.1553774001077,101.8567871645937,0.0,44.64681753149297,143688.1908044967,161541.7940842788,0.0,0.0,0.0,True,True,147995.95882826514,134491.21018889663,135923.13246629672,126557.10026629671,115580.61307334204,109427.09161854199,112236.090118542
2025-12-15,489.644,1655645.1614623,147995.95882826514,0.0,2025_December_MNR.xlsx,147995.95882826514,489.644,1655645.1614623,0.0,101.8567871645937,0.0,42.41447665491832,152568.33660566524,143688.1908044967,0.0,0.0,0.0,True,True,134491.21018889663,135923.13246629672,126557.10026629671,115580.61307334204,109427.09161854199,112236.090118542,105147.569618542
2025-12-16,489.638,1652616.0060849,134491.21018889663,0.0,2025_December_MNR.xlsx,134491.21018889663,489.638,1652616.0060849,-3029.1553774001077,101.67043078718501,0.0,40.2937528221724,147995.95882826514,152568.33660566524,0.0,0.0,0.0,True,True,135923.13246629672,126557.10026629671,115580.61307334204,109427.09161854199,112236.090118542,105147.569618542,97996.56607083851
2025-12-17,489.638,1652616.0060849,135923.13246629672,0.0,2025_December_MNR.xlsx,135923.13246629672,489.638,1652616.0060849,0.0,101.67043078718501,0.0,38.27906518106378,134491.21018889663,147995.95882826514,0.0,0.0,0.0,True,True,126557.10026629671,115580.61307334204,109427.09161854199,112236.090118542,105147.569618542,97996.56607083851,97696.44896413843
2025-12-18,489.631,1652616.0060849,126557.10026629671,0.0,2025_December_MNR.xlsx,126557.10026629671,489.631,1652616.0060849,0.0,101.67043078718501,0.0,36.36511192201059,135923.13246629672,134491.21018889663,0.0,0.0,0.0,True,True,115580.61307334204,109427.09161854199,112236.090118542,105147.569618542,97996.56607083851,97696.44896413843,99768.46159413843
2025-12-19,489.625,1649588.4715397,115580.61307334204,0.0,2025_December_MNR.xlsx,115580.61307334204,489.625,1649588.4715397,-3027.5345451999456,101.48417412483863,0.0,34.54685632591006,126557.10026629671,135923.13246629672,0.0,0.0,0.0,True,True,109427.09161854199,112236.090118542,105147.569618542,97996.56607083851,97696.44896413843,99768.46159413843,98376.12530413843
2025-12-20,489.625,1649588.4715397,109427.09161854199,0.0,2025_December_MNR.xlsx,109427.09161854199,489.625,1649588.4715397,0.0,101.48417412483863,0.0,32.81951350961456,115580.61307334204,126557.10026629671,0.0,0.0,0.0,True,True,112236.090118542,105147.569618542,97996.56607083851,97696.44896413843,99768.46159413843,98376.12530413843,91510.30244413843
2025-12-21,489.625,1649588.4715397,112236.090118542,0.0,2025_December_MNR.xlsx,112236.090118542,489.625,1649588.4715397,0.0,101.48417412483863,0.0,31.17853783413383,109427.09161854199,115580.61307334204,0.0,0.0,0.0,True,True,105147.569618542,97996.56607083851,97696.44896413843,99768.46159413843,98376.12530413843,91510.30244413843,84241.41421413844
2025-12-22,489.625,1649588.4715397,105147.569618542,0.0,2025_December_MNR.xlsx,105147.569618542,489.625,1649588.4715397,0.0,101.48417412483863,0.0,29.619610942427137,112236.090118542,109427.09161854199,0.0,0.0,0.0,True,True,97996.56607083851,97696.44896413843,99768.46159413843,98376.12530413843,91510.30244413843,84241.41421413844,76839.84335018923
2025-12-23,489.618,1646562.4785364,97996.56607083851,0.0,2025_December_MNR.xlsx,97996.56607083851,489.618,1646562.4785364,-3025.9930032999255,101.29801229954363,0.0,28.13863039530578,105147.569618542,112236.090118542,0.0,0.0,0.0,True,True,97696.44896413843,99768.46159413843,98376.12530413843,91510.30244413843,84241.41421413844,76839.84335018923,72948.15563988913
2025-12-24,489.618,1646562.4785364,97696.44896413843,0.0,2025_December_MNR.xlsx,97696.44896413843,489.618,1646562.4785364,0.0,101.29801229954363,0.0,26.731698875540488,97996.56607083851,105147.569618542,0.0,0.0,0.0,True,True,99768.46159413843,98376.12530413843,91510.30244413843,84241.41421413844,76839.84335018923,72948.15563988913,69626.23702988913
2025-12-25,489.618,1646562.4785364,99768.46159413843,0.0,2025_December_MNR.xlsx,99768.46159413843,489.618,1646562.4785364,0.0,101.29801229954363,0.0,25.39511393176346,97696.44896413843,97996.56607083851,0.0,0.0,0.0,True,True,98376.12530413843,91510.30244413843,84241.41421413844,76839.84335018923,72948.15563988913,69626.23702988913,78430.4584863069
2025-12-26,489.619,1646562.4785364,98376.12530413843,0.0,2025_December_MNR.xlsx,98376.12530413843,489.619,1646562.4785364,0.0,101.29801229954363,0.0,24.125358235175288,99768.46159413843,97696.44896413843,0.0,0.0,0.0,True,True,91510.30244413843,84241.41421413844,76839.84335018923,72948.15563988913,69626.23702988913,78430.4584863069,69939.23472295284
2025-12-27,489.618,1646562.4785364,91510.30244413843,0.0,2025_December_MNR.xlsx,91510.30244413843,489.618,1646562.4785364,0.0,101.29801229954363,0.0,22.919090323416523,98376.12530413843,99768.46159413843,0.0,0.0,0.0,True,True,84241.41421413844,76839.84335018923,72948.15563988913,69626.23702988913,78430.4584863069,69939.23472295284,69308.35597055304
2025-12-28,489.612,1646562.4785364,84241.41421413844,0.0,2025_December_MNR.xlsx,84241.41421413844,489.612,1646562.4785364,0.0,101.29801229954363,0.0,21.773135807245694,91510.30244413843,98376.12530413843,0.0,0.0,0.0,True,True,76839.84335018923,72948.15563988913,69626.23702988913,78430.4584863069,69939.23472295284,69308.35597055304,67191.17543055303
2025-12-29,489.606,1643538.2164867,76839.84335018923,0.0,2025_December_MNR.xlsx,76839.84335018923,489.606,1643538.2164867,-3024.2620496999007,101.11195696407901,0.0,20.684479016883408,84241.41421413844,91510.30244413843,0.0,0.0,0.0,True,True,72948.15563988913,69626.23702988913,78430.4584863069,69939.23472295284,69308.35597055304,67191.17543055303,55698.94496055303
2025-12-30,489.606,1643538.2164867,72948.15563988913,0.0,2025_December_MNR.xlsx,72948.15563988913,489.606,1643538.2164867,0.0,101.11195696407901,0.0,19.650255066039236,76839.84335018923,84241.41421413844,0.0,0.0,0.0,True,True,69626.23702988913,78430.4584863069,69939.23472295284,69308.35597055304,67191.17543055303,55698.94496055303,47993.48598154232
2025-12-31,489.606,1643538.2164867,69626.23702988913,0.0,2025_December_MNR.xlsx,69626.23702988913,489.606,1643538.2164867,0.0,101.11195696407901,0.0,18.667742312737275,72948.15563988913,76839.84335018923,0.0,0.0,0.0,True,True,78430.4584863069,69939.23472295284,69308.35597055304,67191.17543055303,55698.94496055303,47993.48598154232,22196.14821518939
2026-01-01,489.606,1643538.2164867,78430.4584863069,0.0,2026_January_MNR.xlsx,78430.4584863069,489.606,1643538.2164867,0.0,101.11195696407901,0.0,17.73435519710041,69626.23702988913,72948.15563988913,0.0,0.0,0.0,True,True,69939.23472295284,69308.35597055304,67191.17543055303,55698.94496055303,47993.48598154232,22196.14821518939,0.0
2026-01-02,489.599,1640521.8742391,69939.23472295284,0.0,2026_January_MNR.xlsx,69939.23472295284,489.599,1640521.8742391,-3016.3422476002015,100.92638886199967,0.0,16.84763743724539,78430.4584863069,69626.23702988913,0.0,0.0,0.0,True,True,69308.35597055304,67191.17543055303,55698.94496055303,47993.48598154232,22196.14821518939,0.0,3628.388850120721
2026-01-03,489.599,1640521.8742391,69308.35597055304,0.0,2026_January_MNR.xlsx,69308.35597055304,489.599,1640521.8742391,0.0,100.92638886199967,0.0,16.00525556538312,69939.23472295284,78430.4584863069,0.0,0.0,0.0,True,True,67191.17543055303,55698.94496055303,47993.48598154232,22196.14821518939,0.0,3628.388850120721,9810.36547707056
2026-01-04,489.599,1640521.8742391,67191.17543055303,0.0,2026_January_MNR.xlsx,67191.17543055303,489.599,1640521.8742391,0.0,100.92638886199967,0.0,15.204992787113962,69308.35597055304,69939.23472295284,0.0,0.0,0.0,True,True,55698.94496055303,47993.48598154232,22196.14821518939,0.0,3628.388850120721,9810.36547707056,10003.36591157059
2026-01-05,489.593,1640521.8742391,55698.94496055303,0.0,2026_January_MNR.xlsx,55698.94496055303,489.593,1640521.8742391,0.0,100.92638886199967,0.0,14.444743147758263,67191.17543055303,69308.35597055304,0.0,0.0,0.0,True,True,47993.48598154232,22196.14821518939,0.0,3628.388850120721,9810.36547707056,10003.36591157059,16730.830785626116
2026-01-06,489.587,1637507.2197397,47993.48598154232,0.0,2026_January_MNR.xlsx,47993.48598154232,489.587,1637507.2197397,-3014.6544993999414,100.74092459171548,0.0,13.72250599037035,55698.94496055303,67191.17543055303,0.0,0.0,0.0,True,True,22196.14821518939,0.0,3628.388850120721,9810.36547707056,10003.36591157059,16730.830785626116,15600.92620532614
2026-01-07,489.575,1634494.0165123,22196.14821518939,0.0,2026_January_MNR.xlsx,22196.14821518939,489.575,1634494.0165123,-3013.2032274000812,100.55554960499677,0.0,13.036380690851832,47993.48598154232,55698.94496055303,0.0,0.0,0.0,True,True,0.0,3628.388850120721,9810.36547707056,10003.36591157059,16730.830785626116,15600.92620532614,19259.24579532614
2026-01-08,489.542,1625463.7590197,0.0,0.0,2026_January_MNR.xlsx,0.0,489.542,1625463.7590197,-9030.257492599776,100.0,0.0,12.38456165630924,22196.14821518939,47993.48598154232,0.0,0.0,0.0,True,True,3628.388850120721,9810.36547707056,10003.36591157059,16730.830785626116,15600.92620532614,19259.24579532614,21757.439285326138
2026-01-09,489.543,1625463.7590197,3628.388850120721,0.0,2026_January_MNR.xlsx,3628.388850120721,489.543,1625463.7590197,0.0,100.0,0.0,11.765333573493777,0.0,22196.14821518939,0.0,0.0,0.0,True,True,9810.36547707056,10003.36591157059,16730.830785626116,15600.92620532614,19259.24579532614,21757.439285326138,22252.75333532614
2026-01-10,489.556,1628472.3057532,9810.36547707056,0.0,2026_January_MNR.xlsx,9810.36547707056,489.556,1628472.3057532,3008.5467334999703,100.18508851500414,0.0,11.177066894819088,3628.388850120721,0.0,0.0,0.0,0.0,True,True,10003.36591157059,16730.830785626116,15600.92620532614,19259.24579532614,21757.439285326138,22252.75333532614,21098.18765532614
2026-01-11,489.555,1628472.3057532,10003.36591157059,0.0,2026_January_MNR.xlsx,10003.36591157059,489.555,1628472.3057532,0.0,100.18508851500414,0.0,10.618213550078133,9810.36547707056,3628.388850120721,0.0,0.0,0.0,True,True,16730.830785626116,15600.92620532614,19259.24579532614,21757.439285326138,22252.75333532614,21098.18765532614,17950.29479532614
2026-01-12,489.561,1631482.3951735,16730.830785626116,0.0,2026_January_MNR.xlsx,16730.830785626116,489.561,1631482.3951735,3010.089420299977,100.37027193749492,0.0,10.087302872574226,10003.36591157059,9810.36547707056,0.0,0.0,0.0,True,True,15600.92620532614,19259.24579532614,21757.439285326138,22252.75333532614,21098.18765532614,17950.29479532614,17685.159505326137
2026-01-13,489.561,1631482.3951735,15600.92620532614,0.0,2026_January_MNR.xlsx,15600.92620532614,489.561,1631482.3951735,0.0,100.37027193749492,0.0,9.582937728945513,16730.830785626116,10003.36591157059,0.0,0.0,0.0,True,True,19259.24579532614,21757.439285326138,22252.75333532614,21098.18765532614,17950.29479532614,17685.159505326137,17831.004705326137
2026-01-14,489.568,1631482.3951735,19259.24579532614,0.0,2026_January_MNR.xlsx,19259.24579532614,489.568,1631482.3951735,0.0,100.37027193749492,0.0,9.103790842498237,15600.92620532614,16730.830785626116,0.0,0.0,0.0,True,True,21757.439285326138,22252.75333532614,21098.18765532614,17950.29479532614,17685.159505326137,17831.004705326137,14259.502055326138
2026-01-15,489.568,1631482.3951735,21757.439285326138,0.0,2026_January_MNR.xlsx,21757.439285326138,489.568,1631482.3951735,0.0,100.37027193749492,0.0,8.648601300373324,19259.24579532614,15600.92620532614,0.0,0.0,0.0,True,True,22252.75333532614,21098.18765532614,17950.29479532614,17685.159505326137,17831.004705326137,14259.502055326138,12651.83517532614
2026-01-16,489.568,1631482.3951735,22252.75333532614,0.0,2026_January_MNR.xlsx,22252.75333532614,489.568,1631482.3951735,0.0,100.37027193749492,0.0,8.216171235354658,21757.439285326138,19259.24579532614,0.0,0.0,0.0,True,True,21098.18765532614,17950.29479532614,17685.159505326137,17831.004705326137,14259.502055326138,12651.83517532614,14280.502075326138
2026-01-17,489.568,1631482.3951735,21098.18765532614,0.0,2026_January_MNR.xlsx,21098.18765532614,489.568,1631482.3951735,0.0,100.37027193749492,0.0,7.805362673586925,22252.75333532614,21757.439285326138,0.0,0.0,0.0,True,True,17950.29479532614,17685.159505326137,17831.004705326137,14259.502055326138,12651.83517532614,14280.502075326138,15196.656625326139
2026-01-18,489.568,1631482.3951735,17950.29479532614,0.0,2026_January_MNR.xlsx,17950.29479532614,489.568,1631482.3951735,0.0,100.37027193749492,0.0,7.415094539907578,21098.18765532614,22252.75333532614,0.0,0.0,0.0,True,True,17685.159505326137,17831.004705326137,14259.502055326138,12651.83517532614,14280.502075326138,15196.656625326139,18068.12734532614
2026-01-19,489.568,1631482.3951735,17685.159505326137,0.0,2026_January_MNR.xlsx,17685.159505326137,489.568,1631482.3951735,0.0,100.37027193749492,0.0,7.044339812912199,17950.29479532614,21098.18765532614,0.0,0.0,0.0,True,True,17831.004705326137,14259.502055326138,12651.83517532614,14280.502075326138,15196.656625326139,18068.12734532614,19783.70634532614
2026-01-20,489.568,1631482.3951735,17831.004705326137,0.0,2026_January_MNR.xlsx,17831.004705326137,489.568,1631482.3951735,0.0,100.37027193749492,0.0,6.6921228222665885,17685.159505326137,17950.29479532614,0.0,0.0,0.0,True,True,14259.502055326138,12651.83517532614,14280.502075326138,15196.656625326139,18068.12734532614,19783.70634532614,24420.3245213893
2026-01-21,489.568,1631482.3951735,14259.502055326138,0.0,2026_January_MNR.xlsx,14259.502055326138,489.568,1631482.3951735,0.0,100.37027193749492,0.0,6.357516681153259,17831.004705326137,17685.159505326137,0.0,0.0,0.0,True,True,12651.83517532614,14280.502075326138,15196.656625326139,18068.12734532614,19783.70634532614,24420.3245213893,18521.56972652631
2026-01-22,489.561,1631482.3951735,12651.83517532614,0.0,2026_January_MNR.xlsx,12651.83517532614,489.561,1631482.3951735,0.0,100.37027193749492,0.0,6.039640847095596,14259.502055326138,17831.004705326137,0.0,0.0,0.0,True,True,14280.502075326138,15196.656625326139,18068.12734532614,19783.70634532614,24420.3245213893,18521.56972652631,26091.2826613893
2026-01-23,489.56,1631482.3951735,14280.502075326138,0.0,2026_January_MNR.xlsx,14280.502075326138,489.56,1631482.3951735,0.0,100.37027193749492,0.0,5.737658804740816,12651.83517532614,14259.502055326138,0.0,0.0,0.0,True,True,15196.656625326139,18068.12734532614,19783.70634532614,24420.3245213893,18521.56972652631,26091.2826613893,17694.69515652631
2026-01-24,489.567,1631482.3951735,15196.656625326139,0.0,2026_January_MNR.xlsx,15196.656625326139,489.567,1631482.3951735,0.0,100.37027193749492,0.0,5.4507758645037745,14280.502075326138,12651.83517532614,0.0,0.0,0.0,True,True,18068.12734532614,19783.70634532614,24420.3245213893,18521.56972652631,26091.2826613893,17694.69515652631,20336.23015532614
2026-01-25,489.567,1631482.3951735,18068.12734532614,0.0,2026_January_MNR.xlsx,18068.12734532614,489.567,1631482.3951735,0.0,100.37027193749492,0.0,5.178237071278586,15196.656625326139,14280.502075326138,0.0,0.0,0.0,True,True,19783.70634532614,24420.3245213893,18521.56972652631,26091.2826613893,17694.69515652631,20336.23015532614,18709.4484124805
2026-01-26,489.567,1631482.3951735,19783.70634532614,0.0,2026_January_MNR.xlsx,19783.70634532614,489.567,1631482.3951735,0.0,100.37027193749492,0.0,4.919325217714657,18068.12734532614,15196.656625326139,0.0,0.0,0.0,True,True,24420.3245213893,18521.56972652631,26091.2826613893,17694.69515652631,20336.23015532614,18709.4484124805,1167.00221248049
2026-01-27,489.573,1634494.0165123,24420.3245213893,0.0,2026_January_MNR.xlsx,24420.3245213893,489.573,1634494.0165123,3011.6213387998287,100.55554960499677,0.0,4.673358956828924,19783.70634532614,18068.12734532614,0.0,0.0,0.0,True,True,18521.56972652631,26091.2826613893,17694.69515652631,20336.23015532614,18709.4484124805,1167.00221248049,0.0
2026-01-28,489.567,1631482.3951735,18521.56972652631,0.0,2026_January_MNR.xlsx,18521.56972652631,489.567,1631482.3951735,-3011.6213387998287,100.37027193749492,0.0,4.439691008987477,24420.3245213893,19783.70634532614,0.0,0.0,0.0,True,True,26091.2826613893,17694.69515652631,20336.23015532614,18709.4484124805,1167.00221248049,0.0,0.0
2026-01-29,489.573,1634494.0165123,26091.2826613893,0.0,2026_January_MNR.xlsx,26091.2826613893,489.573,1634494.0165123,3011.6213387998287,100.55554960499677,0.0,4.217706458538103,18521.56972652631,24420.3245213893,0.0,0.0,0.0,True,True,17694.69515652631,20336.23015532614,18709.4484124805,1167.00221248049,0.0,0.0,1163.43771295469
2026-01-30,489.567,1631482.3951735,17694.69515652631,0.0,2026_January_MNR.xlsx,17694.69515652631,489.567,1631482.3951735,-3011.6213387998287,100.37027193749492,0.0,4.006821135611198,26091.2826613893,18521.56972652631,0.0,0.0,0.0,True,True,20336.23015532614,18709.4484124805,1167.00221248049,0.0,0.0,1163.43771295469,1163.43771295469
2026-01-31,489.567,1631482.3951735,20336.23015532614,0.0,2026_January_MNR.xlsx,20336.23015532614,489.567,1631482.3951735,0.0,100.37027193749492,0.0,3.806480078830638,17694.69515652631,26091.2826613893,0.0,0.0,0.0,True,True,18709.4484124805,1167.00221248049,0.0,0.0,1163.43771295469,1163.43771295469,1163.43771295469
2026-02-01,489.567,1631482.3951735,18709.4484124805,0.0,2026_February_MNR.xlsx,18709.4484124805,489.567,1631482.3951735,0.0,100.37027193749492,0.0,3.616156074889106,20336.23015532614,17694.69515652631,0.0,0.0,0.0,True,True,1167.00221248049,0.0,0.0,1163.43771295469,1163.43771295469,1163.43771295469,4166.39401892307
2026-02-02,489.567,1631482.3951735,1167.00221248049,0.0,2026_February_MNR.xlsx,1167.00221248049,489.567,1631482.3951735,0.0,100.37027193749492,0.0,3.4353482711446506,18709.4484124805,20336.23015532614,0.0,0.0,0.0,True,True,0.0,0.0,1163.43771295469,1163.43771295469,1163.43771295469,4166.39401892307,4168.63380522942
2026-02-03,489.54,1625463.7590197,0.0,0.0,2026_February_MNR.xlsx,0.0,489.54,1625463.7590197,-6018.636153799947,100.0,0.0,3.263580857587418,1167.00221248049,18709.4484124805,0.0,0.0,0.0,True,True,0.0,1163.43771295469,1163.43771295469,1163.43771295469,4166.39401892307,4168.63380522942,1164.61676972927
2026-02-04,489.508,1613444.9319478,0.0,0.0,2026_February_MNR.xlsx,0.0,489.508,1613444.9319478,-12018.827071900014,99.26059089258634,0.0,3.100401814708047,0.0,1167.00221248049,0.0,0.0,0.0,True,True,1163.43771295469,1163.43771295469,1163.43771295469,4166.39401892307,4168.63380522942,1164.61676972927,1164.61676972927
2026-02-05,489.502,1613444.9319478,1163.43771295469,0.0,2026_February_MNR.xlsx,1163.43771295469,489.502,1613444.9319478,0.0,99.26059089258634,0.0,2.9453817239726443,0.0,0.0,0.0,0.0,0.0,True,True,1163.43771295469,1163.43771295469,4166.39401892307,4168.63380522942,1164.61676972927,1164.61676972927,4170.66562671859
2026-02-06,489.502,1613444.9319478,1163.43771295469,0.0,2026_February_MNR.xlsx,1163.43771295469,489.502,1613444.9319478,0.0,99.26059089258634,0.0,2.798112637774012,1163.43771295469,0.0,0.0,0.0,0.0,True,True,1163.43771295469,4166.39401892307,4168.63380522942,1164.61676972927,1164.61676972927,4170.66562671859,0.0
2026-02-07,489.508,1613444.9319478,1163.43771295469,0.0,2026_February_MNR.xlsx,1163.43771295469,489.508,1613444.9319478,0.0,99.26059089258634,0.0,2.6582070058853113,1163.43771295469,1163.43771295469,0.0,0.0,0.0,True,True,4166.39401892307,4168.63380522942,1164.61676972927,1164.61676972927,4170.66562671859,0.0,1163.43771295469
2026-02-08,489.515,1616447.3000027,4166.39401892307,0.0,2026_February_MNR.xlsx,4166.39401892307,489.515,1616447.3000027,3002.3680548998527,99.445299289697,0.0,2.5252966555910454,1163.43771295469,1163.43771295469,0.0,0.0,0.0,True,True,4168.63380522942,1164.61676972927,1164.61676972927,4170.66562671859,0.0,1163.43771295469,1163.43771295469
2026-02-09,489.521,1619451.3170382,4168.63380522942,0.0,2026_February_MNR.xlsx,4168.63380522942,489.521,1619451.3170382,3004.0170355001464,99.630109133585,0.0,2.399031822811493,4166.39401892307,1163.43771295469,0.0,0.0,0.0,True,True,1164.61676972927,1164.61676972927,4170.66562671859,0.0,1163.43771295469,1163.43771295469,1163.43771295469
2026-02-10,489.521,1619451.3170382,1164.61676972927,0.0,2026_February_MNR.xlsx,1164.61676972927,489.521,1619451.3170382,0.0,99.630109133585,0.0,2.2790802316709184,4168.63380522942,4166.39401892307,0.0,0.0,0.0,True,True,1164.61676972927,4170.66562671859,0.0,1163.43771295469,1163.43771295469,1163.43771295469,1163.43771295469
2026-02-11,489.527,1619451.3170382,1164.61676972927,0.0,2026_February_MNR.xlsx,1164.61676972927,489.527,1619451.3170382,0.0,99.630109133585,0.0,2.165126220087372,1164.61676972927,4168.63380522942,0.0,0.0,0.0,True,True,4170.66562671859,0.0,1163.43771295469,1163.43771295469,1163.43771295469,1163.43771295469,1163.43771295469
2026-02-12,489.534,1622456.7729032,4170.66562671859,0.0,2026_February_MNR.xlsx,4170.66562671859,489.534,1622456.7729032,3005.455864999909,99.81500749556461,0.0,2.0568699090830034,1164.61676972927,1164.61676972927,0.0,0.0,0.0,True,True,0.0,1163.43771295469,1163.43771295469,1163.43771295469,1163.43771295469,1163.43771295469,1163.43771295469
2026-02-13,489.502,1613444.9319478,0.0,0.0,2026_February_MNR.xlsx,0.0,489.502,1613444.9319478,-9011.840955399908,99.26059089258634,0.0,1.9540264136288532,4170.66562671859,1164.61676972927,0.0,0.0,0.0,True,True,1163.43771295469,1163.43771295469,1163.43771295469,1163.43771295469,1163.43771295469,1163.43771295469,1163.43771295469
2026-02-14,489.502,1613444.9319478,1163.43771295469,0.0,2026_February_MNR.xlsx,1163.43771295469,489.502,1613444.9319478,0.0,99.26059089258634,0.0,1.8563250929474104,0.0,4170.66562671859,0.0,0.0,0.0,True,True,1163.43771295469,1163.43771295469,1163.43771295469,1163.43771295469,1163.43771295469,1163.43771295469,0.0
2026-02-15,489.502,1613444.9319478,1163.43771295469,0.0,2026_February_MNR.xlsx,1163.43771295469,489.502,1613444.9319478,0.0,99.26059089258634,0.0,1.76350883830004,1163.43771295469,0.0,0.0,0.0,0.0,True,True,1163.43771295469,1163.43771295469,1163.43771295469,1163.43771295469,1163.43771295469,0.0,3143.79291862606
2026-02-16,489.502,1613444.9319478,1163.43771295469,0.0,2026_February_MNR.xlsx,1163.43771295469,489.502,1613444.9319478,0.0,99.26059089258634,0.0,1.6753333963850379,1163.43771295469,1163.43771295469,0.0,0.0,0.0,True,True,1163.43771295469,1163.43771295469,1163.43771295469,1163.43771295469,0.0,3143.79291862606,0.0
2026-02-17,489.502,1613444.9319478,1163.43771295469,0.0,2026_February_MNR.xlsx,1163.43771295469,489.502,1613444.9319478,0.0,99.26059089258634,0.0,1.5915667265657858,1163.43771295469,1163.43771295469,0.0,0.0,0.0,True,True,1163.43771295469,1163.43771295469,1163.43771295469,0.0,3143.79291862606,0.0,4164.35231595473
2026-02-18,489.502,1613444.9319478,1163.43771295469,0.0,2026_February_MNR.xlsx,1163.43771295469,489.502,1613444.9319478,0.0,99.26059089258634,0.0,1.5119883902374964,1163.43771295469,1163.43771295469,0.0,0.0,0.0,True,True,1163.43771295469,1163.43771295469,0.0,3143.79291862606,0.0,4164.35231595473,1163.43771295469
2026-02-19,489.502,1613444.9319478,1163.43771295469,0.0,2026_February_MNR.xlsx,1163.43771295469,489.502,1613444.9319478,0.0,99.26059089258634,0.0,1.4363889707256214,1163.43771295469,1163.43771295469,0.0,0.0,0.0,True,True,1163.43771295469,0.0,3143.79291862606,0.0,4164.35231595473,1163.43771295469,1163.43771295469
2026-02-20,489.502,1613444.9319478,1163.43771295469,0.0,2026_February_MNR.xlsx,1163.43771295469,489.502,1613444.9319478,0.0,99.26059089258634,0.0,1.3645695221893404,1163.43771295469,1163.43771295469,0.0,0.0,0.0,True,True,0.0,3143.79291862606,0.0,4164.35231595473,1163.43771295469,1163.43771295469,1163.43771295469
2026-02-21,489.495,1610444.0173448,0.0,0.0,2026_February_MNR.xlsx,0.0,489.495,1610444.0173448,-3000.914603000041,99.07597191315061,0.0,1.2963410460798732,1163.43771295469,1163.43771295469,0.0,0.0,0.0,True,True,3143.79291862606,0.0,4164.35231595473,1163.43771295469,1163.43771295469,1163.43771295469,1163.43771295469
2026-02-22,489.501,1613444.9319478,3143.79291862606,3.4,2026_February_MNR.xlsx,3143.79291862606,489.501,1613444.9319478,3000.914603000041,99.26059089258634,3.4,4.631523993775879,0.0,1163.43771295469,3.3999999999999857,3.4000000000000212,3.4,True,True,0.0,4164.35231595473,1163.43771295469,1163.43771295469,1163.43771295469,1163.43771295469,1228.22707197967
2026-02-23,489.494,1610444.0173448,0.0,0.0,2026_February_MNR.xlsx,0.0,489.494,1610444.0173448,-3000.914603000041,99.07597191315061,0.0,4.399947794087085,3143.79291862606,0.0,3.3999999999999857,3.4000000000000212,3.4,True,True,4164.35231595473,1163.43771295469,1163.43771295469,1163.43771295469,1163.43771295469,1228.22707197967,1228.22707197967
2026-02-24,489.501,1613444.9319478,4164.35231595473,0.0,2026_February_MNR.xlsx,4164.35231595473,489.501,1613444.9319478,3000.914603000041,99.26059089258634,0.0,4.179950404382731,0.0,3143.79291862606,3.3999999999999857,3.4000000000000212,3.4,True,True,1163.43771295469,1163.43771295469,1163.43771295469,1163.43771295469,1228.22707197967,1228.22707197967,0.0
2026-02-25,489.501,1613444.9319478,1163.43771295469,0.0,2026_February_MNR.xlsx,1163.43771295469,489.501,1613444.9319478,0.0,99.26059089258634,0.0,3.970952884163594,4164.35231595473,0.0,0.0,3.4000000000000212,3.4,True,True,1163.43771295469,1163.43771295469,1163.43771295469,1228.22707197967,1228.22707197967,0.0,7228.56598837965
2026-02-26,489.508,1613444.9319478,1163.43771295469,0.0,2026_February_MNR.xlsx,1163.43771295469,489.508,1613444.9319478,0.0,99.26059089258634,0.0,3.772405239955414,1163.43771295469,4164.35231595473,0.0,3.4000000000000212,3.4,True,True,1163.43771295469,1163.43771295469,1228.22707197967,1228.22707197967,0.0,7228.56598837965,0.0
2026-02-27,489.502,1613444.9319478,1163.43771295469,0.0,2026_February_MNR.xlsx,1163.43771295469,489.502,1613444.9319478,0.0,99.26059089258634,0.0,3.5837849779576434,1163.43771295469,1163.43771295469,0.0,0.0,3.4,True,True,1163.43771295469,1228.22707197967,1228.22707197967,0.0,7228.56598837965,0.0,4227.03248254586
2026-02-28,489.502,1613444.9319478,1163.43771295469,0.0,2026_February_MNR.xlsx,1163.43771295469,489.502,1613444.9319478,0.0,99.26059089258634,0.0,3.404595729059761,1163.43771295469,1163.43771295469,0.0,0.0,3.4,True,True,1228.22707197967,1228.22707197967,0.0,7228.56598837965,0.0,4227.03248254586,10236.7714813055
2026-03-01,489.502,1613444.9319478,1228.22707197967,0.0,2026_March_MNR.xlsx,1228.22707197967,489.502,1613444.9319478,0.0,99.26059089258634,0.0,3.234365942606773,1163.43771295469,1163.43771295469,0.0,0.0,0.0,True,True,1228.22707197967,0.0,7228.56598837965,0.0,4227.03248254586,10236.7714813055,0.0
2026-03-02,489.502,1613444.9319478,1228.22707197967,0.0,2026_March_MNR.xlsx,1228.22707197967,489.502,1613444.9319478,0.0,99.26059089258634,0.0,3.0726476454764344,1228.22707197967,1163.43771295469,0.0,0.0,0.0,True,True,0.0,7228.56598837965,0.0,4227.03248254586,10236.7714813055,0.0,7235.85687830543
2026-03-03,489.483,1607444.5930314,0.0,0.0,2026_March_MNR.xlsx,0.0,489.483,1607444.5930314,-6000.338916399982,98.89144461767839,0.0,2.9190152632026125,1228.22707197967,1228.22707197967,0.0,0.0,0.0,True,True,7228.56598837965,0.0,4227.03248254586,10236.7714813055,0.0,7235.85687830543,0.0
2026-03-04,489.508,1613444.9319478,7228.56598837965,0.0,2026_March_MNR.xlsx,7228.56598837965,489.508,1613444.9319478,6000.338916399982,99.26059089258634,0.0,2.773064500042482,0.0,1228.22707197967,0.0,0.0,0.0,True,True,0.0,4227.03248254586,10236.7714813055,0.0,7235.85687830543,0.0,0.0
2026-03-05,489.483,1607444.5930314,0.0,0.0,2026_March_MNR.xlsx,0.0,489.483,1607444.5930314,-6000.338916399982,98.89144461767839,0.0,2.6344112750403577,7228.56598837965,0.0,0.0,0.0,0.0,True,True,4227.03248254586,10236.7714813055,0.0,7235.85687830543,0.0,0.0,0.0
2026-03-06,489.49,1610444.0173448,4227.03248254586,0.0,2026_March_MNR.xlsx,4227.03248254586,489.49,1610444.0173448,2999.4243133999407,99.07597191315061,0.0,2.5026907112883396,0.0,7228.56598837965,0.0,0.0,0.0,True,True,10236.7714813055,0.0,7235.85687830543,0.0,0.0,0.0,4584.7901269148
2026-03-07,489.52,1619451.3170382,10236.7714813055,0.0,2026_March_MNR.xlsx,10236.7714813055,489.52,1619451.3170382,9007.29969340004,99.630109133585,0.0,2.3775561757239227,4227.03248254586,0.0,0.0,0.0,0.0,True,True,0.0,7235.85687830543,0.0,0.0,0.0,4584.7901269148,1047.60020359834
2026-03-08,489.502,1613444.9319478,0.0,0.0,2026_March_MNR.xlsx,0.0,489.502,1613444.9319478,-6006.385090399999,99.26059089258634,0.0,2.2586783669377266,10236.7714813055,4227.03248254586,0.0,0.0,0.0,True,True,7235.85687830543,0.0,0.0,0.0,4584.7901269148,1047.60020359834,1167.60551396339
2026-03-09,489.52,1619451.3170382,7235.85687830543,0.0,2026_March_MNR.xlsx,7235.85687830543,489.52,1619451.3170382,6006.385090399999,99.630109133585,0.0,2.14574444859084,0.0,10236.7714813055,0.0,0.0,0.0,True,True,0.0,0.0,0.0,4584.7901269148,1047.60020359834,1167.60551396339,1227.60816914592
2026-03-10,489.501,1613444.9319478,0.0,0.0,2026_March_MNR.xlsx,0.0,489.501,1613444.9319478,-6006.385090399999,99.26059089258634,0.0,2.038457226161298,7235.85687830543,0.0,0.0,0.0,0.0,True,True,0.0,0.0,4584.7901269148,1047.60020359834,1167.60551396339,1227.60816914592,1587.69382307021
2026-03-11,489.489,1607444.5930314,0.0,3.4,2026_March_MNR.xlsx,0.0,489.489,1607444.5930314,-6000.338916399982,98.89144461767839,3.4,5.336534364853232,0.0,7235.85687830543,3.3999999999999857,3.4000000000000212,3.4,True,True,0.0,4584.7901269148,1047.60020359834,1167.60551396339,1227.60816914592,1587.69382307021,3690.64680325477
2026-03-12,489.476,1604446.718559,0.0,0.8,2026_March_MNR.xlsx,0.0,489.476,1604446.718559,-2997.8744724001735,98.70701266982567,0.8,5.86970764661057,0.0,0.0,4.199999999999986,4.2000000000000215,4.2,True,True,4584.7901269148,1047.60020359834,1167.60551396339,1227.60816914592,1587.69382307021,3690.64680325477,38381.7839355466
2026-03-13,489.49,1610444.0173448,4584.7901269148,8.8,2026_March_MNR.xlsx,4584.7901269148,489.49,1610444.0173448,5997.298785800114,99.07597191315061,8.8,14.376222264280042,0.0,0.0,12.999999999999986,13.000000000000021,13.0,True,True,1047.60020359834,1167.60551396339,1227.60816914592,1587.69382307021,3690.64680325477,38381.7839355466,14964.4215046639
2026-03-14,489.496,1610444.0173448,1047.60020359834,0.6,2026_March_MNR.xlsx,1047.60020359834,489.496,1610444.0173448,0.0,99.07597191315061,0.6,14.257411151066039,4584.7901269148,0.0,10.199999999999985,13.600000000000021,13.6,True,True,1167.60551396339,1227.60816914592,1587.69382307021,3690.64680325477,38381.7839355466,14964.4215046639,31105.9428167993
2026-03-15,489.495,1610444.0173448,1167.60551396339,0.2,2026_March_MNR.xlsx,1167.60551396339,489.495,1610444.0173448,0.0,99.07597191315061,0.2,13.744540593512736,1047.60020359834,4584.7901269148,9.599999999999987,13.800000000000022,13.8,True,True,1227.60816914592,1587.69382307021,3690.64680325477,38381.7839355466,14964.4215046639,31105.9428167993,2642.90936718213
2026-03-16,489.495,1610444.0173448,1227.60816914592,0.0,2026_March_MNR.xlsx,1227.60816914592,489.495,1610444.0173448,0.0,99.07597191315061,0.0,13.057313563837099,1167.60551396339,1047.60020359834,0.7999999999999858,10.400000000000022,13.8,True,True,1587.69382307021,3690.64680325477,38381.7839355466,14964.4215046639,31105.9428167993,2642.90936718213,131.962922905525
2026-03-17,489.502,1613444.9319478,1587.69382307021,8.8,2026_March_MNR.xlsx,1587.69382307021,489.502,1613444.9319478,3000.914603000041,99.26059089258634,8.8,21.204447885645244,1227.60816914592,1167.60551396339,8.999999999999986,18.400000000000023,22.6,True,True,3690.64680325477,38381.7839355466,14964.4215046639,31105.9428167993,2642.90936718213,131.962922905525,8560.41807127706
2026-03-18,489.514,1616447.3000027,3690.64680325477,1.8,2026_March_MNR.xlsx,3690.64680325477,489.514,1616447.3000027,3002.3680548998527,99.445299289697,1.8,21.94422549136298,1587.69382307021,1227.60816914592,10.599999999999987,11.400000000000023,21.000000000000004,True,True,38381.7839355466,14964.4215046639,31105.9428167993,2642.90936718213,131.962922905525,8560.41807127706,0.0
2026-03-19,489.581,1637507.2197397,38381.7839355466,0.0,2026_March_MNR.xlsx,38381.7839355466,489.581,1637507.2197397,21059.91973700002,100.74092459171548,0.0,20.847014216794832,3690.64680325477,1587.69382307021,10.599999999999987,10.800000000000024,20.200000000000003,True,True,14964.4215046639,31105.9428167993,2642.90936718213,131.962922905525,8560.41807127706,0.0,1783.35178790543
2026-03-20,489.567,1631482.3951735,14964.4215046639,0.0,2026_March_MNR.xlsx,14964.4215046639,489.567,1631482.3951735,-6024.82456619991,100.37027193749492,0.0,19.80466350595509,38381.7839355466,3690.64680325477,1.7999999999999858,10.600000000000023,11.400000000000002,True,True,31105.9428167993,2642.90936718213,131.962922905525,8560.41807127706,0.0,1783.35178790543,0.0
2026-03-21,489.579,1634494.0165123,31105.9428167993,0.0,2026_March_MNR.xlsx,31105.9428167993,489.579,1634494.0165123,3011.6213387998287,100.55554960499677,0.0,18.814430330657334,14964.4215046639,38381.7839355466,0.0,10.600000000000023,10.800000000000002,True,True,2642.90936718213,131.962922905525,8560.41807127706,0.0,1783.35178790543,0.0,0.0
2026-03-22,489.533,1622456.7729032,2642.90936718213,3.4,2026_March_MNR.xlsx,2642.90936718213,489.533,1622456.7729032,-12037.243609099882,99.81500749556461,3.4,21.273708814124465,31105.9428167993,14964.4215046639,3.3999999999999857,5.2000000000000215,14.0,True,True,131.962922905525,8560.41807127706,0.0,1783.35178790543,0.0,0.0,0.0
2026-03-23,489.527,1619451.3170382,131.962922905525,0.0,2026_March_MNR.xlsx,131.962922905525,489.527,1619451.3170382,-3005.455864999909,99.630109133585,0.0,20.21002337341824,2642.90936718213,31105.9428167993,3.3999999999999857,3.4000000000000217,14.0,True,True,8560.41807127706,0.0,1783.35178790543,0.0,0.0,0.0,0.0
2026-03-24,489.548,1625463.7590197,8560.41807127706,0.0,2026_March_MNR.xlsx,8560.41807127706,489.548,1625463.7590197,6012.441981500015,100.0,0.0,19.19952220474733,131.962922905525,2642.90936718213,3.3999999999999857,3.4000000000000217,5.2,True,True,0.0,1783.35178790543,0.0,0.0,0.0,0.0,1212.48209035112
2026-03-25,489.527,1619451.3170382,0.0,0.0,2026_March_MNR.xlsx,0.0,489.527,1619451.3170382,-6012.441981500015,99.630109133585,0.0,18.23954609450996,8560.41807127706,131.962922905525,0.0,3.4000000000000217,3.4000000000000004,True,True,1783.35178790543,0.0,0.0,0.0,0.0,1212.48209035112,1353.93833422542
2026-03-26,489.527,1619451.3170382,1783.35178790543,0.0,2026_March_MNR.xlsx,1783.35178790543,489.527,1619451.3170382,0.0,99.630109133585,0.0,17.32756878978446,0.0,8560.41807127706,0.0,3.4000000000000217,3.4000000000000004,True,True,0.0,0.0,0.0,0.0,1212.48209035112,1353.93833422542,0.0
2026-03-27,489.514,1616447.3000027,0.0,0.0,2026_March_MNR.xlsx,0.0,489.514,1616447.3000027,-3004.0170355001464,99.445299289697,0.0,16.461190350295237,1783.35178790543,0.0,0.0,0.0,3.4000000000000004,True,True,0.0,0.0,0.0,1212.48209035112,1353.93833422542,0.0,19181.5992346458
2026-03-28,489.489,1607444.5930314,0.0,0.0,2026_March_MNR.xlsx,0.0,489.489,1607444.5930314,-9002.706971299835,98.89144461767839,0.0,15.638130832780474,0.0,1783.35178790543,0.0,0.0,3.4000000000000004,True,True,0.0,0.0,1212.48209035112,1353.93833422542,0.0,19181.5992346458,0.0
2026-03-29,489.417,1586490.9615755,0.0,0.0,2026_March_MNR.xlsx,0.0,489.417,1586490.9615755,-20953.631455900148,97.60235826680601,0.0,14.85622429114145,0.0,0.0,0.0,0.0,0.0,True,True,0.0,1212.48209035112,1353.93833422542,0.0,19181.5992346458,0.0,0.0
2026-03-30,489.362,1571636.9871561,0.0,0.0,2026_March_MNR.xlsx,0.0,489.362,1571636.9871561,-14853.974419399863,96.68852833138142,0.0,14.113413076584376,0.0,0.0,0.0,0.0,0.0,True,True,1212.48209035112,1353.93833422542,0.0,19181.5992346458,0.0,0.0,1353.16893553972
2026-03-31,489.368,1571636.9871561,1212.48209035112,0.0,2026_March_MNR.xlsx,1212.48209035112,489.368,1571636.9871561,0.0,96.68852833138142,0.0,13.407742422755156,0.0,0.0,0.0,0.0,0.0,True,True,1353.93833422542,0.0,19181.5992346458,0.0,0.0,1353.16893553972,4316.24774742543
2026-04-01,489.362,1571636.9871561,1353.93833422542,0.0,2026_April_MNR.xlsx,1353.93833422542,489.362,1571636.9871561,0.0,96.68852833138142,0.0,12.737355301617397,1212.48209035112,0.0,0.0,0.0,0.0,True,True,0.0,19181.5992346458,0.0,0.0,1353.16893553972,4316.24774742543,0.0
2026-04-02,489.355,1568674.6777429,0.0,0.0,2026_April_MNR.xlsx,0.0,489.355,1568674.6777429,-2962.3094132000115,96.50628437812425,0.0,12.100487536536527,1353.93833422542,1212.48209035112,0.0,0.0,0.0,True,True,19181.5992346458,0.0,0.0,1353.16893553972,4316.24774742543,0.0,0.0
2026-04-03,489.41,1586490.9615755,19181.5992346458,0.0,2026_April_MNR.xlsx,19181.5992346458,489.41,1586490.9615755,17816.283832599875,97.60235826680601,0.0,11.495463159709699,0.0,1353.93833422542,0.0,0.0,0.0,True,True,0.0,0.0,1353.16893553972,4316.24774742543,0.0,0.0,0.0
2026-04-04,489.398,1580534.3602253,0.0,0.0,2026_April_MNR.xlsx,0.0,489.398,1580534.3602253,-5956.601350199897,97.23590276651284,0.0,10.920690001724214,19181.5992346458,0.0,0.0,0.0,0.0,True,True,0.0,1353.16893553972,4316.24774742543,0.0,0.0,0.0,0.0
2026-04-05,489.354,1568674.6777429,0.0,0.0,2026_April_MNR.xlsx,0.0,489.354,1568674.6777429,-11859.682482399978,96.50628437812425,0.0,10.374655501638003,0.0,19181.5992346458,0.0,0.0,0.0,True,True,1353.16893553972,4316.24774742543,0.0,0.0,0.0,0.0,0.0
2026-04-06,489.35,1568674.6777429,1353.16893553972,0.0,2026_April_MNR.xlsx,1353.16893553972,489.35,1568674.6777429,0.0,96.50628437812425,0.0,9.855922726556102,0.0,0.0,0.0,0.0,0.0,True,True,4316.24774742543,0.0,0.0,0.0,0.0,0.0,0.0
2026-04-07,489.366,1571636.9871561,4316.24774742543,0.0,2026_April_MNR.xlsx,4316.24774742543,489.366,1571636.9871561,2962.3094132000115,96.68852833138142,0.0,9.363126590228296,1353.16893553972,0.0,0.0,0.0,0.0,True,True,0.0,0.0,0.0,0.0,0.0,0.0,0.0
2026-04-08,489.323,1559797.5867666,0.0,0.0,2026_April_MNR.xlsx,0.0,489.323,1559797.5867666,-11839.400389500195,95.96015771568462,0.0,8.89497026071688,4316.24774742543,1353.16893553972,0.0,0.0,0.0,True,True,0.0,0.0,0.0,0.0,0.0,0.0,0.0
2026-04-09,489.271,1545034.3582924,0.0,0.0,2026_April_MNR.xlsx,0.0,489.271,1545034.3582924,-14763.228474200005,95.05191055285009,0.0,8.450221747681036,0.0,4316.24774742543,0.0,0.0,0.0,True,True,0.0,0.0,0.0,0.0,0.0,0.0,0.0
2026-04-10,489.231,1533251.225472,0.0,0.0,2026_April_MNR.xlsx,0.0,489.231,1533251.225472,-11783.132820399944,94.32700156887456,0.0,8.027710660296984,0.0,0.0,0.0,0.0,0.0,True,True,0.0,0.0,0.0,0.0,0.0,0.0,0.0
2026-04-11,489.179,1515629.6565953,0.0,0.0,2026_April_MNR.xlsx,0.0,489.179,1515629.6565953,-17621.56887670001,93.24290672031717,0.0,7.626325127282135,0.0,0.0,0.0,0.0,0.0,True,True,0.0,0.0,0.0,0.0,0.0,0.0,0.0
2026-04-12,489.114,1498055.6269737,0.0,0.0,2026_April_MNR.xlsx,0.0,489.114,1498055.6269737,-17574.02962159994,92.16173652971268,0.0,7.245008870918028,0.0,0.0,0.0,0.0,0.0,True,True,0.0,0.0,0.0,0.0,0.0,0.0,0.0
2026-04-13,489.076,1486357.15604,0.0,0.0,2026_April_MNR.xlsx,0.0,489.076,1486357.15604,-11698.47093369998,91.44203602154786,0.0,6.882758427372126,0.0,0.0,0.0,0.0,0.0,True,True,0.0,0.0,0.0,0.0,0.0,0.0,7138.45010954504
2026-04-14,489.05,1480512.9900536,0.0,0.0,2026_April_MNR.xlsx,0.0,489.05,1480512.9900536,-5844.165986400098,91.08249764648592,0.0,6.53862050600352,0.0,0.0,0.0,0.0,0.0,True,True,0.0,0.0,0.0,0.0,0.0,7138.45010954504,0.0
2026-04-15,489.024,1471753.0165594,0.0,0.0,2026_April_MNR.xlsx,0.0,489.024,1471753.0165594,-8759.973494200036,90.54357615742835,0.0,6.211689480703344,0.0,0.0,0.0,0.0,0.0,True,True,0.0,0.0,0.0,0.0,7138.45010954504,0.0,1326.79283870305
2026-04-16,488.979,1457169.3844267,0.0,0.0,2026_April_MNR.xlsx,0.0,488.979,1457169.3844267,-14583.632132699946,89.6463779238919,0.0,5.9011050066681765,0.0,0.0,0.0,0.0,0.0,True,True,0.0,0.0,0.0,7138.45010954504,0.0,1326.79283870305,0.0
2026-04-17,488.891,1433876.8830075,0.0,0.0,2026_April_MNR.xlsx,0.0,488.891,1433876.8830075,-23292.501419199863,88.21340217835775,0.0,5.606049756334768,0.0,0.0,0.0,0.0,0.0,True,True,0.0,0.0,7138.45010954504,0.0,1326.79283870305,0.0,0.0
2026-04-18,488.872,1428061.5598544,0.0,0.0,2026_April_MNR.xlsx,0.0,488.872,1428061.5598544,-5815.3231530999765,87.85563824047661,0.0,5.325747268518029,0.0,0.0,0.0,0.0,0.0,True,True,0.0,7138.45010954504,0.0,1326.79283870305,0.0,0.0,0.0
2026-04-19,488.847,1419344.4679611,0.0,0.0,2026_April_MNR.xlsx,0.0,488.847,1419344.4679611,-8717.091893300181,87.3193548662747,0.0,5.059459905092127,0.0,0.0,0.0,0.0,0.0,True,True,7138.45010954504,0.0,1326.79283870305,0.0,0.0,0.0,4172.0881414952
2026-04-20,488.86,1425155.0669105,7138.45010954504,0.0,2026_April_MNR.xlsx,7138.45010954504,488.86,1425155.0669105,5810.59894940001,87.67682816687318,0.0,4.8064869098375205,0.0,0.0,0.0,0.0,0.0,True,True,0.0,1326.79283870305,0.0,0.0,0.0,4172.0881414952,0.0
2026-04-21,488.834,1416440.2927267,0.0,0.0,2026_April_MNR.xlsx,0.0,488.834,1416440.2927267,-8714.774183799978,87.1406873802551,0.0,4.566162564345644,7138.45010954504,0.0,0.0,0.0,0.0,True,True,1326.79283870305,0.0,0.0,0.0,4172.0881414952,0.0,7130.95188030226
2026-04-22,488.833,1416440.2927267,1326.79283870305,0.0,2026_April_MNR.xlsx,1326.79283870305,488.833,1416440.2927267,0.0,87.1406873802551,0.0,4.337854436128362,0.0,7138.45010954504,0.0,0.0,0.0,True,True,0.0,0.0,0.0,4172.0881414952,0.0,7130.95188030226,1326.44156200227
2026-04-23,488.828,1413536.9222839,0.0,0.0,2026_April_MNR.xlsx,0.0,488.828,1413536.9222839,-2903.370442799991,86.96206940574234,0.0,4.120961714321943,1326.79283870305,0.0,0.0,0.0,0.0,True,True,0.0,0.0,4172.0881414952,0.0,7130.95188030226,1326.44156200227,0.0
2026-04-24,488.814,1410634.2644526,0.0,1.2,2026_April_MNR.xlsx,0.0,488.814,1410634.2644526,-2902.65783130005,86.7834952717333,1.2,5.114913628605846,0.0,1326.79283870305,1.1999999999999857,1.2000000000000213,1.2,True,True,0.0,4172.0881414952,0.0,7130.95188030226,1326.44156200227,0.0,0.0
2026-04-25,488.827,1413536.9222839,0.0,25.8,2026_April_MNR.xlsx,0.0,488.827,1413536.9222839,2902.65783130005,86.96206940574234,25.8,30.659167947175554,0.0,0.0,26.999999999999986,27.00000000000002,27.0,True,True,4172.0881414952,0.0,7130.95188030226,1326.44156200227,0.0,0.0,4153.38797326013
2026-04-26,488.834,1416440.2927267,4172.0881414952,0.2,2026_April_MNR.xlsx,4172.0881414952,488.834,1416440.2927267,2903.370442799991,87.1406873802551,0.2,29.326209549816774,0.0,0.0,27.199999999999985,27.20000000000002,27.2,True,True,0.0,7130.95188030226,1326.44156200227,0.0,0.0,4153.38797326013,0.0
2026-04-27,488.808,1407732.4119656,0.0,0.0,2026_April_MNR.xlsx,0.0,488.808,1407732.4119656,-8707.88076109998,86.60497068323372,0.0,27.859899072325934,4172.0881414952,0.0,25.999999999999986,27.20000000000002,27.2,True,True,7130.95188030226,1326.44156200227,0.0,0.0,4153.38797326013,0.0,0.0
2026-04-28,488.828,1413536.9222839,7130.95188030226,0.0,2026_April_MNR.xlsx,7130.95188030226,488.828,1413536.9222839,5804.510318299988,86.96206940574234,0.0,26.466904118709635,0.0,4172.0881414952,0.1999999999999858,27.20000000000002,27.2,True,True,1326.44156200227,0.0,0.0,4153.38797326013,0.0,0.0,0.0
2026-04-29,488.822,1413536.9222839,1326.44156200227,0.0,2026_April_MNR.xlsx,1326.44156200227,488.822,1413536.9222839,0.0,86.96206940574234,0.0,25.143558912774154,7130.95188030226,0.0,0.0,26.00000000000002,27.2,True,True,0.0,0.0,4153.38797326013,0.0,0.0,0.0,0.0
2026-04-30,488.814,1410634.2644526,0.0,0.0,2026_April_MNR.xlsx,0.0,488.814,1410634.2644526,-2902.65783130005,86.7834952717333,0.0,23.886380967135445,1326.44156200227,7130.95188030226,0.0,0.20000000000002133,27.2,True,True,0.0,4153.38797326013,0.0,0.0,0.0,0.0,3572.02296329776
2026-05-01,488.801,1407732.4119656,0.0,0.0,2026_May_MNR.xlsx,0.0,488.801,1407732.4119656,-2901.8524869999383,86.60497068323372,0.0,22.69206191877867,0.0,1326.44156200227,0.0,0.0,26.0,True,True,4153.38797326013,0.0,0.0,0.0,0.0,3572.02296329776,8333.52349808145
2026-05-02,488.814,1410634.2644526,4153.38797326013,0.0,2026_May_MNR.xlsx,4153.38797326013,488.814,1410634.2644526,2901.8524869999383,86.7834952717333,0.0,21.557458822839735,0.0,0.0,0.0,0.0,0.2,True,True,0.0,0.0,0.0,0.0,3572.02296329776,8333.52349808145,7063.79578135049
2026-05-03,488.782,1401930.957596,0.0,0.0,2026_May_MNR.xlsx,0.0,488.782,1401930.957596,-8703.30685659987,86.24805996545193,0.0,20.479585881697748,4153.38797326013,0.0,0.0,0.0,0.0,True,True,0.0,0.0,0.0,3572.02296329776,8333.52349808145,7063.79578135049,3284.83311676227
2026-05-04,488.776,1399031.4112872,0.0,0.0,2026_May_MNR.xlsx,0.0,488.776,1399031.4112872,-2899.5463088001125,86.06967725512015,0.0,19.45560658761286,0.0,4153.38797326013,0.0,0.0,0.0,True,True,0.0,0.0,3572.02296329776,8333.52349808145,7063.79578135049,3284.83311676227,605.652973947571
2026-05-05,488.801,1407732.4119656,0.0,35.6,2026_May_MNR.xlsx,0.0,488.801,1407732.4119656,8701.000678400043,86.60497068323372,35.6,54.08282625823222,0.0,0.0,35.59999999999999,35.60000000000002,35.6,True,True,0.0,3572.02296329776,8333.52349808145,7063.79578135049,3284.83311676227,605.652973947571,323.723272625149
2026-05-06,488.795,1404831.3032069,0.0,8.4,2026_May_MNR.xlsx,0.0,488.795,1404831.3032069,-2901.10875870008,86.42649184957152,8.4,59.7786849453206,0.0,0.0,43.999999999999986,44.00000000000002,44.0,True,True,3572.02296329776,8333.52349808145,7063.79578135049,3284.83311676227,605.652973947571,323.723272625149,64020.6507161179
2026-05-07,488.8,1407732.4119656,3572.02296329776,2.0,2026_May_MNR.xlsx,3572.02296329776,488.8,1407732.4119656,2901.10875870008,86.60497068323372,2.0,58.78975069805457,0.0,0.0,45.999999999999986,46.00000000000002,46.0,True,True,8333.52349808145,7063.79578135049,3284.83311676227,605.652973947571,323.723272625149,64020.6507161179,29891.3995551568
2026-05-08,488.841,1419344.4679611,8333.52349808145,15.6,2026_May_MNR.xlsx,8333.52349808145,488.841,1419344.4679611,11612.055995499948,87.3193548662747,15.6,71.45026316315183,3572.02296329776,0.0,25.999999999999986,61.60000000000002,61.6,True,True,7063.79578135049,3284.83311676227,605.652973947571,323.723272625149,64020.6507161179,29891.3995551568,9275.53266444997
2026-05-09,488.865,1425155.0669105,7063.79578135049,0.0,2026_May_MNR.xlsx,7063.79578135049,488.865,1425155.0669105,5810.59894940001,87.67682816687318,0.0,67.87775000499424,8333.52349808145,3572.02296329776,17.599999999999987,61.60000000000002,61.6,True,True,3284.83311676227,605.652973947571,323.723272625149,64020.6507161179,29891.3995551568,9275.53266444997,16073.5335749953
2026-05-10,488.903,1436785.673304,3284.83311676227,33.0,2026_May_MNR.xlsx,3284.83311676227,488.903,1436785.673304,11630.606393499998,88.3923535871701,33.0,97.48386250474452,7063.79578135049,8333.52349808145,48.59999999999999,59.00000000000002,94.6,True,True,605.652973947571,323.723272625149,64020.6507161179,29891.3995551568,9275.53266444997,16073.5335749953,0.0
2026-05-11,488.956,1451341.5620411,605.652973947571,52.2,2026_May_MNR.xlsx,605.652973947571,488.956,1451341.5620411,14555.888737100177,89.28784502192708,52.2,144.80966937950728,3284.83311676227,7063.79578135049,85.19999999999999,102.80000000000003,146.8,True,True,323.723272625149,64020.6507161179,29891.3995551568,9275.53266444997,16073.5335749953,0.0,10212.1217991189
2026-05-12,488.967,1454255.069173,323.723272625149,13.2,2026_May_MNR.xlsx,323.723272625149,488.967,1454255.069173,2913.50713189994,89.46708661471763,13.2,150.7691859105319,605.652973947571,3284.83311676227,98.39999999999999,114.00000000000003,124.4,True,True,64020.6507161179,29891.3995551568,9275.53266444997,16073.5335749953,0.0,10212.1217991189,3923.86473352018
2026-05-13,489.238,1533251.225472,64020.6507161179,55.2,2026_May_MNR.xlsx,64020.6507161179,489.238,1533251.225472,78996.15629899991,94.32700156887456,55.2,198.4307266150053,323.723272625149,605.652973947571,120.6,153.60000000000002,171.2,True,True,29891.3995551568,9275.53266444997,16073.5335749953,0.0,10212.1217991189,3923.86473352018,110640.521929889
2026-05-14,489.342,1565714.0163252,29891.3995551568,13.0,2026_May_MNR.xlsx,29891.3995551568,489.342,1565714.0163252,32462.790853200015,96.32414181104015,13.0,201.50919028425503,64020.6507161179,323.723272625149,81.39999999999999,166.60000000000002,182.2,True,True,9275.53266444997,16073.5335749953,0.0,10212.1217991189,3923.86473352018,110640.521929889,101694.070947194
2026-05-15,489.386,1577566.834908,9275.53266444997,13.0,2026_May_MNR.xlsx,9275.53266444997,489.386,1577566.834908,11852.818582799984,97.05333792611985,13.0,204.43373077004227,29891.3995551568,64020.6507161179,81.19999999999999,146.60000000000002,179.60000000000002,True,True,16073.5335749953,0.0,10212.1217991189,3923.86473352018,110640.521929889,101694.070947194,160766.191472924
2026-05-16,489.437,1592470.1267521,16073.5335749953,0.4,2026_May_MNR.xlsx,16073.5335749953,489.437,1592470.1267521,14903.291844099993,97.97020191409877,0.4,194.61204423154015,9275.53266444997,29891.3995551568,26.399999999999984,94.80000000000003,180.0,True,True,0.0,10212.1217991189,3923.86473352018,110640.521929889,101694.070947194,160766.191472924,200312.351102164
2026-05-17,489.43,1592470.1267521,0.0,5.8,2026_May_MNR.xlsx,0.0,489.43,1592470.1267521,0.0,97.97020191409877,5.8,190.68144201996316,16073.5335749953,9275.53266444997,19.199999999999985,87.40000000000003,152.8,True,True,10212.1217991189,3923.86473352018,110640.521929889,101694.070947194,160766.191472924,200312.351102164,255740.520695124
2026-05-18,489.463,1601450.3446648,10212.1217991189,0.2,2026_May_MNR.xlsx,10212.1217991189,489.463,1601450.3446648,8980.217912700027,98.52267303890045,0.2,181.34736991896497,0.0,16073.5335749953,6.399999999999986,32.40000000000003,100.8,True,True,3923.86473352018,110640.521929889,101694.070947194,160766.191472924,200312.351102164,255740.520695124,247321.41755552
2026-05-19,489.501,1613444.9319478,3923.86473352018,31.2,2026_May_MNR.xlsx,3923.86473352018,489.501,1613444.9319478,11994.587283000117,99.26059089258634,31.2,203.48000142301672,10212.1217991189,0.0,37.19999999999999,50.60000000000002,118.8,True,True,110640.521929889,101694.070947194,160766.191472924,200312.351102164,255740.520695124,247321.41755552,265242.824673581
2026-05-20,489.643,1655645.1614623,110640.521929889,4.2,2026_May_MNR.xlsx,110640.521929889,489.643,1655645.1614623,42200.22951449989,101.8567871645937,4.2,197.50600135186585,3923.86473352018,10212.1217991189,35.59999999999999,41.800000000000026,67.8,True,True,101694.070947194,160766.191472924,200312.351102164,255740.520695124,247321.41755552,265242.824673581,444008.703245138
2026-05-21,489.63,1652616.0060849,101694.070947194,5.6,2026_May_MNR.xlsx,101694.070947194,489.63,1652616.0060849,-3029.1553774001077,101.67043078718501,5.6,193.23070128427253,110640.521929889,3923.86473352018,40.999999999999986,47.00000000000003,60.4,True,True,160766.191472924,200312.351102164,255740.520695124,247321.41755552,265242.824673581,444008.703245138,544604.161714693
2026-05-22,489.644,1655645.1614623,160766.191472924,0.0,2026_May_MNR.xlsx,160766.191472924,489.644,1655645.1614623,3029.1553774001077,101.8567871645937,0.0,183.5691662200589,101694.070947194,110640.521929889,9.799999999999986,41.200000000000024,47.4,True,True,200312.351102164,255740.520695124,247321.41755552,265242.824673581,444008.703245138,544604.161714693,626002.754559492
2026-05-23,489.682,1667776.8298904,200312.351102164,20.8,2026_May_MNR.xlsx,200312.351102164,489.682,1667776.8298904,12131.668428099947,102.6031383742581,20.8,195.19070790905596,160766.191472924,101694.070947194,26.399999999999988,61.800000000000026,67.8,True,True,255740.520695124,247321.41755552,265242.824673581,444008.703245138,544604.161714693,626002.754559492,734024.712003146
2026-05-24,489.688,1667776.8298904,255740.520695124,0.2,2026_May_MNR.xlsx,255740.520695124,489.688,1667776.8298904,0.0,102.6031383742581,0.2,185.63117251360313,200312.351102164,160766.191472924,20.99999999999999,30.80000000000003,62.199999999999996,True,True,247321.41755552,265242.824673581,444008.703245138,544604.161714693,626002.754559492,734024.712003146,679645.37317074
2026-05-25,489.695,1670813.4823932,247321.41755552,0.0,2026_May_MNR.xlsx,247321.41755552,489.695,1670813.4823932,3036.652502800105,102.78995598159936,0.0,176.34961388792297,255740.520695124,200312.351102164,20.999999999999986,26.60000000000003,62.0,True,True,265242.824673581,444008.703245138,544604.161714693,626002.754559492,734024.712003146,679645.37317074,564141.2329197773
2026-05-26,489.707,1673851.7406958,265242.824673581,19.0,2026_May_MNR.xlsx,265242.824673581,489.707,1673851.7406958,3038.25830259989,102.97687237919608,19.0,186.53213319352682,247321.41755552,255740.520695124,19.19999999999999,40.00000000000003,49.8,True,True,444008.703245138,544604.161714693,626002.754559492,734024.712003146,679645.37317074,564141.2329197773,322565.7966862557
2026-05-27,489.785,1698213.642694,444008.703245138,7.6,2026_May_MNR.xlsx,444008.703245138,489.785,1698213.642694,24361.901998199988,104.47563861517123,7.6,184.80552653385047,265242.824673581,247321.41755552,26.599999999999987,47.60000000000003,53.199999999999996,True,True,544604.161714693,626002.754559492,734024.712003146,679645.37317074,564141.2329197773,322565.7966862557,292849.1133419672
2026-05-28,489.766,1692113.6615758,544604.161714693,0.0,2026_May_MNR.xlsx,544604.161714693,489.766,1692113.6615758,-6099.981118199881,104.10036226192429,0.0,175.56525020715793,444008.703245138,265242.824673581,26.599999999999987,26.800000000000026,47.6,True,True,626002.754559492,734024.712003146,679645.37317074,564141.2329197773,322565.7966862557,292849.1133419672,272076.5048447955
2026-05-29,489.817,1707386.3914463,626002.754559492,6.8,2026_May_MNR.xlsx,626002.754559492,489.817,1707386.3914463,15272.729870500043,105.03995441128792,6.8,173.58698769680004,544604.161714693,444008.703245138,14.399999999999988,33.40000000000003,54.400000000000006,True,False,734024.712003146,679645.37317074,564141.2329197773,322565.7966862557,292849.1133419672,272076.5048447955,265659.6681720963
2026-05-30,489.823,1710454.4363393,734024.712003146,2.2,2026_May_MNR.xlsx,734024.712003146,489.823,1710454.4363393,3068.0448929998092,105.22870330685544,2.2,167.10763831196002,626002.754559492,544604.161714693,8.99999999999999,35.60000000000003,35.8,True,False,679645.37317074,564141.2329197773,322565.7966862557,292849.1133419672,272076.5048447955,265659.6681720963,275263.6381577072
2026-05-31,489.805,1704320.2680112,679645.37317074,1.4,2026_May_MNR.xlsx,679645.37317074,489.805,1704320.2680112,-6134.168328099884,104.85132372554756,1.4,160.15225639636202,734024.712003146,626002.754559492,10.39999999999999,18.00000000000003,36.99999999999999,True,True,564141.2329197773,322565.7966862557,292849.1133419672,272076.5048447955,265659.6681720963,275263.6381577072,244163.9551956393
2026-06-01,489.72,1679932.8392697,564141.2329197773,42.6,2026_June_MNR.xlsx,564141.2329197773,489.72,1679932.8392697,-24387.428741500014,103.35098706124641,42.6,194.7446435765439,679645.37317074,734024.712003146,46.19999999999999,53.00000000000003,79.6,True,True,322565.7966862557,292849.1133419672,272076.5048447955,265659.6681720963,275263.6381577072,244163.9551956393,232607.9143160558
2026-06-02,489.701,1673851.7406958,322565.7966862557,2.2,2026_June_MNR.xlsx,322565.7966862557,489.701,1673851.7406958,-6081.098573900061,102.97687237919608,2.2,187.20741139771667,564141.2329197773,679645.37317074,46.19999999999999,55.20000000000003,62.8,True,True,292849.1133419672,272076.5048447955,265659.6681720963,275263.6381577072,244163.9551956393,232607.9143160558,221380.5927948378
2026-06-03,489.7,1673851.7406958,292849.1133419672,5.8,2026_June_MNR.xlsx,292849.1133419672,489.7,1673851.7406958,0.0,102.97687237919608,5.8,183.64704082783084,322565.7966862557,564141.2329197773,50.59999999999999,54.20000000000003,61.0,True,True,272076.5048447955,265659.6681720963,275263.6381577072,244163.9551956393,232607.9143160558,221380.5927948378,225859.1582501597
2026-06-04,489.695,1670813.4823932,272076.5048447955,2.2,2026_June_MNR.xlsx,272076.5048447955,489.695,1670813.4823932,-3038.25830259989,102.78995598159936,2.2,176.66468878643929,292849.1133419672,322565.7966862557,10.199999999999985,54.20000000000003,63.2,True,True,265659.6681720963,275263.6381577072,244163.9551956393,232607.9143160558,221380.5927948378,225859.1582501597,234062.6444692377
2026-06-05,489.689,1667776.8298904,265659.6681720963,0.0,2026_June_MNR.xlsx,265659.6681720963,489.689,1667776.8298904,-3036.652502800105,102.6031383742581,0.0,167.8314543471173,272076.5048447955,292849.1133419672,7.999999999999986,52.80000000000003,56.4,True,True,275263.6381577072,244163.9551956393,232607.9143160558,221380.5927948378,225859.1582501597,234062.6444692377,261352.7358887642
2026-06-06,489.695,1670813.4823932,275263.6381577072,3.8,2026_June_MNR.xlsx,275263.6381577072,489.695,1670813.4823932,3036.652502800105,102.78995598159936,3.8,163.23988162976144,265659.6681720963,272076.5048447955,5.999999999999986,14.000000000000028,58.0,True,True,244163.9551956393,232607.9143160558,221380.5927948378,225859.1582501597,234062.6444692377,261352.7358887642,275658.9534612212
2026-06-07,489.677,1664741.6725648,244163.9551956393,0.2,2026_June_MNR.xlsx,244163.9551956393,489.677,1664741.6725648,-6071.809828400146,102.41641275156992,0.2,155.27788754827336,275263.6381577072,265659.6681720963,3.999999999999986,12.000000000000028,56.800000000000004,True,True,232607.9143160558,221380.5927948378,225859.1582501597,234062.6444692377,261352.7358887642,275658.9534612212,244798.3056638377
2026-06-08,489.677,1664741.6725648,232607.9143160558,2.2,2026_June_MNR.xlsx,232607.9143160558,489.677,1664741.6725648,0.0,102.41641275156992,2.2,149.71399317085968,244163.9551956393,275263.6381577072,6.199999999999986,8.400000000000029,16.4,True,True,221380.5927948378,225859.1582501597,234062.6444692377,261352.7358887642,275658.9534612212,244798.3056638377,194764.5481698516
2026-06-09,489.676,1664741.6725648,221380.5927948378,0.0,2026_June_MNR.xlsx,221380.5927948378,489.676,1664741.6725648,0.0,102.41641275156992,0.0,142.2282935123167,232607.9143160558,244163.9551956393,2.399999999999986,6.200000000000029,14.200000000000001,True,True,225859.1582501597,234062.6444692377,261352.7358887642,275658.9534612212,244798.3056638377,194764.5481698516,201780.7757341557
2026-06-10,489.682,1667776.8298904,225859.1582501597,12.2,2026_June_MNR.xlsx,225859.1582501597,489.682,1667776.8298904,3035.157325600041,102.6031383742581,12.2,147.31687883670085,221380.5927948378,232607.9143160558,14.399999999999984,18.400000000000027,20.6,True,True,234062.6444692377,261352.7358887642,275658.9534612212,244798.3056638377,194764.5481698516,201780.7757341557,179923.4541698516
2026-06-11,489.676,1664741.6725648,234062.6444692377,0.0,2026_June_MNR.xlsx,234062.6444692377,489.676,1664741.6725648,-3035.157325600041,102.41641275156992,0.0,139.9510348948658,225859.1582501597,221380.5927948378,12.199999999999985,14.600000000000026,18.4,True,True,261352.7358887642,275658.9534612212,244798.3056638377,194764.5481698516,201780.7757341557,179923.4541698516,127270.7094574617
2026-06-12,489.695,1670813.4823932,261352.7358887642,23.6,2026_June_MNR.xlsx,261352.7358887642,489.695,1670813.4823932,6071.809828400146,102.78995598159936,23.6,156.5534831501225,234062.6444692377,225859.1582501597,35.79999999999998,38.00000000000003,42.0,True,True,275658.9534612212,244798.3056638377,194764.5481698516,201780.7757341557,179923.4541698516,127270.7094574617,124612.9603942347
2026-06-13,489.701,1673851.7406958,275658.9534612212,12.4,2026_June_MNR.xlsx,275658.9534612212,489.701,1673851.7406958,3038.25830259989,102.97687237919608,12.4,161.12580899261638,261352.7358887642,234062.6444692377,35.999999999999986,48.200000000000024,50.6,True,True,244798.3056638377,194764.5481698516,201780.7757341557,179923.4541698516,127270.7094574617,124612.9603942347,90013.88614181147
2026-06-14,489.676,1664741.6725648,244798.3056638377,0.0,2026_June_MNR.xlsx,244798.3056638377,489.676,1664741.6725648,-9110.068131000036,102.41641275156992,0.0,153.06951854298555,275658.9534612212,261352.7358887642,35.999999999999986,48.200000000000024,50.4,True,True,194764.5481698516,201780.7757341557,179923.4541698516,127270.7094574617,124612.9603942347,90013.88614181147,81061.92869031134
2026-06-15,489.656,1658675.7961467,194764.5481698516,0.0,2026_June_MNR.xlsx,194764.5481698516,489.656,1658675.7961467,-6065.8764180999715,102.04323455030642,0.0,145.41604261583626,244798.3056638377,275658.9534612212,12.399999999999986,36.00000000000003,48.199999999999996,True,True,201780.7757341557,179923.4541698516,127270.7094574617,124612.9603942347,90013.88614181147,81061.92869031134,84495.91800302982
2026-06-16,489.67,1664741.6725648,201780.7757341557,2.2,2026_June_MNR.xlsx,201780.7757341557,489.67,1664741.6725648,6065.8764180999715,102.41641275156992,2.2,140.34524048504443,194764.5481698516,244798.3056638377,2.199999999999986,38.20000000000003,50.4,True,True,179923.4541698516,127270.7094574617,124612.9603942347,90013.88614181147,81061.92869031134,84495.91800302982,82664.92869031134
2026-06-17,489.657,1658675.7961467,179923.4541698516,0.0,2026_June_MNR.xlsx,179923.4541698516,489.657,1658675.7961467,-6065.8764180999715,102.04323455030642,0.0,133.3279784607922,201780.7757341557,194764.5481698516,2.199999999999986,14.60000000000003,38.2,True,True,127270.7094574617,124612.9603942347,90013.88614181147,81061.92869031134,84495.91800302982,82664.92869031134,77030.97469031134
2026-06-18,489.637,1652616.0060849,127270.7094574617,0.0,2026_June_MNR.xlsx,127270.7094574617,489.637,1652616.0060849,-6059.790061800042,101.67043078718501,0.0,126.66157953775257,179923.4541698516,201780.7757341557,2.199999999999986,2.2000000000000286,38.2,True,True,124612.9603942347,90013.88614181147,81061.92869031134,84495.91800302982,82664.92869031134,77030.97469031134,65222.77280277714
2026-06-19,489.637,1652616.0060849,124612.9603942347,1.4,2026_June_MNR.xlsx,124612.9603942347,489.637,1652616.0060849,0.0,101.67043078718501,1.4,121.72850056086494,127270.7094574617,179923.4541698516,1.3999999999999857,3.6000000000000285,16.0,True,True,90013.88614181147,81061.92869031134,84495.91800302982,82664.92869031134,77030.97469031134,65222.77280277714,58881.53985247704
2026-06-20,489.617,1646562.4785364,90013.88614181147,0.0,2026_June_MNR.xlsx,90013.88614181147,489.617,1646562.4785364,-6053.527548499871,101.29801229954363,0.0,115.64207553282169,124612.9603942347,127270.7094574617,1.3999999999999857,3.6000000000000285,3.6,True,True,81061.92869031134,84495.91800302982,82664.92869031134,77030.97469031134,65222.77280277714,58881.53985247704,49653.74119414902
2026-06-21,489.617,1646562.4785364,81061.92869031134,0.0,2026_June_MNR.xlsx,81061.92869031134,489.617,1646562.4785364,0.0,101.29801229954363,0.0,109.8599717561806,90013.88614181147,124612.9603942347,1.3999999999999857,1.4000000000000283,3.6,True,True,84495.91800302982,82664.92869031134,77030.97469031134,65222.77280277714,58881.53985247704,49653.74119414902,43120.17151001822
2026-06-22,489.617,1646562.4785364,84495.91800302982,0.4,2026_June_MNR.xlsx,84495.91800302982,489.617,1646562.4785364,0.0,101.29801229954363,0.4,104.76697316837156,81061.92869031134,90013.88614181147,0.3999999999999858,1.8000000000000282,4.0,True,True,82664.92869031134,77030.97469031134,65222.77280277714,58881.53985247704,49653.74119414902,43120.17151001822,36181.836812596404
2026-06-23,489.617,1646562.4785364,82664.92869031134,0.0,2026_June_MNR.xlsx,82664.92869031134,489.617,1646562.4785364,0.0,101.29801229954363,0.0,99.52862450995298,84495.91800302982,81061.92869031134,0.3999999999999858,1.8000000000000282,1.7999999999999998,True,True,77030.97469031134,65222.77280277714,58881.53985247704,49653.74119414902,43120.17151001822,36181.836812596404,42962.497652034865
2026-06-24,489.611,1646562.4785364,77030.97469031134,0.0,2026_June_MNR.xlsx,77030.97469031134,489.611,1646562.4785364,0.0,101.29801229954363,0.0,94.55219328445533,82664.92869031134,84495.91800302982,0.3999999999999858,0.40000000000002844,1.7999999999999998,True,True,65222.77280277714,58881.53985247704,49653.74119414902,43120.17151001822,36181.836812596404,42962.497652034865,46623.40244982517
2026-06-25,489.604,1643538.2164867,65222.77280277714,0.0,2026_June_MNR.xlsx,65222.77280277714,489.604,1643538.2164867,-3024.2620496999007,101.11195696407901,0.0,89.82458362023256,77030.97469031134,82664.92869031134,0.0,0.40000000000002844,1.7999999999999998,True,True,58881.53985247704,49653.74119414902,43120.17151001822,36181.836812596404,42962.497652034865,46623.40244982517,14739.84174302964
2026-06-26,489.604,1643538.2164867,58881.53985247704,0.0,2026_June_MNR.xlsx,58881.53985247704,489.604,1643538.2164867,0.0,101.11195696407901,0.0,85.33335443922093,65222.77280277714,77030.97469031134,0.0,0.40000000000002844,0.4,True,True,49653.74119414902,43120.17151001822,36181.836812596404,42962.497652034865,46623.40244982517,14739.84174302964,5214.089702893602
2026-06-27,489.592,1640521.8742391,49653.74119414902,0.0,2026_June_MNR.xlsx,49653.74119414902,489.592,1640521.8742391,-3016.3422476002015,100.92638886199967,0.0,81.06668671725987,58881.53985247704,65222.77280277714,0.0,0.0,0.4,True,True,43120.17151001822,36181.836812596404,42962.497652034865,46623.40244982517,14739.84174302964,5214.089702893602,0.0
2026-06-28,489.591,1640521.8742391,43120.17151001822,0.0,2026_June_MNR.xlsx,43120.17151001822,489.591,1640521.8742391,0.0,100.92638886199967,0.0,77.01335238139687,49653.74119414902,58881.53985247704,0.0,0.0,0.4,True,True,36181.836812596404,42962.497652034865,46623.40244982517,14739.84174302964,5214.089702893602,0.0,0.0
2026-06-29,489.586,1637507.2197397,36181.836812596404,0.0,2026_June_MNR.xlsx,36181.836812596404,489.586,1637507.2197397,-3014.6544993999414,100.74092459171548,0.0,73.16268476232702,43120.17151001822,49653.74119414902,0.0,0.0,0.0,True,True,42962.497652034865,46623.40244982517,14739.84174302964,5214.089702893602,0.0,0.0,0.0
2026-06-30,489.586,1637507.2197397,42962.497652034865,1.8,2026_June_MNR.xlsx,42962.497652034865,489.586,1637507.2197397,0.0,100.74092459171548,1.8,71.30455052421065,36181.836812596404,43120.17151001822,1.7999999999999858,1.8000000000000285,1.8,True,True,46623.40244982517,14739.84174302964,5214.089702893602,0.0,0.0,0.0,0.0
2026-07-01,489.586,1637507.2197397,46623.40244982517,2.8,2026_July_MNR.xlsx,46623.40244982517,489.586,1637507.2197397,0.0,100.74092459171548,2.8,70.53932299800012,42962.497652034865,36181.836812596404,4.599999999999985,4.600000000000028,4.6,True,True,14739.84174302964,5214.089702893602,0.0,0.0,0.0,0.0,0.0
2026-07-02,489.547,1625463.7590197,14739.84174302964,3.4,2026_July_MNR.xlsx,14739.84174302964,489.547,1625463.7590197,-12043.460719999857,100.0,3.4,70.41235684810012,46623.40244982517,42962.497652034865,7.999999999999986,8.000000000000028,8.0,True,True,5214.089702893602,0.0,0.0,0.0,0.0,0.0,0.0
2026-07-03,489.533,1622456.7729032,5214.089702893602,15.2,2026_July_MNR.xlsx,5214.089702893602,489.533,1622456.7729032,-3006.9861165001057,99.81500749556461,15.2,82.09173900569512,14739.84174302964,46623.40244982517,21.399999999999984,23.200000000000028,23.2,True,True,0.0,0.0,0.0,0.0,0.0,0.0,0.0
2026-07-04,489.514,1616447.3000027,0.0,15.2,2026_July_MNR.xlsx,0.0,489.514,1616447.3000027,-6009.472900500055,99.445299289697,15.2,93.18715205541037,5214.089702893602,14739.84174302964,33.79999999999998,38.40000000000003,38.4,True,True,0.0,0.0,0.0,0.0,0.0,0.0,8.358452526200495
2026-07-05,489.476,1604446.718559,0.0,0.0,2026_July_MNR.xlsx,0.0,489.476,1604446.718559,-12000.581443700008,98.70701266982567,0.0,88.52779445263984,0.0,5214.089702893602,30.399999999999984,36.60000000000003,38.4,True,True,0.0,0.0,0.0,0.0,0.0,8.358452526200495,1548.477362288514
2026-07-06,489.424,1589479.7778056,0.0,0.0,2026_July_MNR.xlsx,0.0,489.424,1589479.7778056,-14966.94075339986,97.78623294340308,0.0,84.10140473000784,0.0,0.0,15.199999999999985,33.800000000000026,38.4,True,True,0.0,0.0,0.0,0.0,8.358452526200495,1548.477362288514,0.0
2026-07-07,489.38,1577566.834908,0.0,0.0,2026_July_MNR.xlsx,0.0,489.38,1577566.834908,-11912.942897600122,97.05333792611985,0.0,79.89633449350745,0.0,0.0,0.0,30.400000000000027,36.6,True,True,0.0,0.0,0.0,8.358452526200495,1548.477362288514,0.0,12175.06558400085
2026-07-08,489.34,1565714.0163252,0.0,0.0,2026_July_MNR.xlsx,0.0,489.34,1565714.0163252,-11852.818582799984,96.32414181104015,0.0,75.90151776883208,0.0,0.0,0.0,15.200000000000028,33.8,True,True,0.0,0.0,8.358452526200495,1548.477362288514,0.0,12175.06558400085,0.0
2026-07-09,489.28,1547983.8767252,0.0,2.8,2026_July_MNR.xlsx,0.0,489.28,1547983.8767252,-17730.13959999988,95.23336759342901,2.8,74.90644188039047,0.0,0.0,2.7999999999999856,2.8000000000000282,33.199999999999996,True,True,0.0,8.358452526200495,1548.477362288514,0.0,12175.06558400085,0.0,0.0
2026-07-10,489.24,1536194.8351113,0.0,7.0,2026_July_MNR.xlsx,0.0,489.24,1536194.8351113,-11789.041613900103,94.50809509513536,7.0,78.16111978637095,0.0,0.0,9.799999999999986,9.80000000000003,25.0,True,True,8.358452526200495,1548.477362288514,0.0,12175.06558400085,0.0,0.0,0.0
2026-07-11,489.224,1530308.9801397,8.358452526200495,15.8,2026_July_MNR.xlsx,8.358452526200495,489.224,1530308.9801397,-5885.854971599998,94.14599197601386,15.8,90.05306379705239,0.0,0.0,25.599999999999987,25.60000000000003,25.6,True,True,1548.477362288514,0.0,12175.06558400085,0.0,0.0,0.0,0.0
2026-07-12,489.191,1521494.7669134,1548.477362288514,0.6,2026_July_MNR.xlsx,1548.477362288514,489.191,1521494.7669134,-8814.213226299966,93.60373360960058,0.6,86.15041060719976,8.358452526200495,0.0,23.399999999999988,26.20000000000003,26.200000000000003,True,True,0.0,12175.06558400085,0.0,0.0,0.0,0.0,2547.386090313617
2026-07-13,489.134,1503910.109441,0.0,0.6,2026_July_MNR.xlsx,0.0,489.134,1503910.109441,-17584.657472399995,92.5219095840065,0.6,82.44289007683976,1548.477362288514,8.358452526200495,16.999999999999986,26.80000000000003,26.8,True,True,12175.06558400085,0.0,0.0,0.0,0.0,2547.386090313617,0.0
2026-07-14,489.165,1512698.4514312,12175.06558400085,24.4,2026_July_MNR.xlsx,12175.06558400085,489.165,1512698.4514312,8788.341990199871,93.06257632858528,24.4,102.72074557299777,0.0,1548.477362288514,25.599999999999984,48.40000000000003,51.2,True,True,0.0,0.0,0.0,0.0,2547.386090313617,0.0,0.0
2026-07-15,489.127,1500982.4454629,0.0,0.0,2026_July_MNR.xlsx,0.0,489.127,1500982.4454629,-11716.005968299927,92.34179704923882,0.0,97.58470829434788,12175.06558400085,0.0,24.999999999999982,41.40000000000003,51.2,True,True,0.0,0.0,0.0,2547.386090313617,0.0,0.0,0.0
2026-07-16,489.063,1483434.6079881,0.0,0.0,2026_July_MNR.xlsx,0.0,489.063,1483434.6079881,-17547.837474799948,91.26223822318522,0.0,92.70547287963048,0.0,12175.06558400085,24.399999999999984,25.600000000000026,48.400000000000006,True,True,0.0,0.0,2547.386090313617,0.0,0.0,0.0,0.0
2026-07-17,489.017,1468834.6627917,0.0,0.0,2026_July_MNR.xlsx,0.0,489.017,1468834.6627917,-14599.94519639993,90.36403639522167,0.0,88.07019923564894,0.0,0.0,0.0,25.000000000000025,41.400000000000006,True,True,0.0,2547.386090313617,0.0,0.0,0.0,0.0,0.0
2026-07-18,488.979,1457169.3844267,0.0,0.6000000000000001,2026_July_MNR.xlsx,0.0,488.979,1457169.3844267,-11665.278365000151,89.6463779238919,0.6000000000000001,84.26668927386649,0.0,0.0,0.5999999999999859,25.00000000000003,26.2,True,True,2547.386090313617,0.0,0.0,0.0,0.0,0.0,0.0
2026-07-19,488.955,1451341.5620411,2547.386090313617,7.4,2026_July_MNR.xlsx,2547.386090313617,488.955,1451341.5620411,-5827.822385599837,89.28784502192708,7.4,87.45335481017317,0.0,0.0,7.999999999999986,8.000000000000028,33.0,True,True,0.0,0.0,0.0,0.0,0.0,0.0,0.0
2026-07-20,488.903,1436785.673304,0.0,0.0,2026_July_MNR.xlsx,0.0,488.903,1436785.673304,-14555.888737100177,88.3923535871701,0.0,83.0806870696645,2547.386090313617,0.0,7.999999999999986,8.000000000000028,32.39999999999999,True,True,0.0,0.0,0.0,0.0,0.0,0.0,0.0
2026-07-21,488.859,1422249.3957137,0.0,0.0,2026_July_MNR.xlsx,0.0,488.859,1422249.3957137,-14536.277590299957,87.49806864789427,0.0,78.92665271618128,0.0,2547.386090313617,7.399999999999986,8.000000000000028,8.0,True,True,0.0,0.0,0.0,0.0,0.0,0.0,0.0
2026-07-22,488.8,1407732.4119656,0.0,1.8,2026_July_MNR.xlsx,0.0,488.8,1407732.4119656,-14516.9837481,86.60497068323372,1.8,76.7803200803722,0.0,0.0,1.7999999999999858,9.80000000000003,9.8,True,True,0.0,0.0,0.0,0.0,0.0,0.0,0.0
2026-07-23,488.718,1381650.0718537,0.0,0.4,2026_July_MNR.xlsx,0.0,488.718,1381650.0718537,-26082.340111899888,85.00036153909446,0.4,73.3413040763536,0.0,0.0,2.199999999999986,9.600000000000028,10.2,True,True,0.0,0.0,0.0,0.0,0.0,0.0,0.0
2026-07-24,488.635,1358517.038647,0.0,5.2,2026_July_MNR.xlsx,0.0,488.635,1358517.038647,-23133.033206700115,83.5771964221649,5.2,74.87423887253591,0.0,0.0,7.399999999999986,7.400000000000029,15.4,True,True,0.0,0.0,0.0,0.0,0.0,0.0,0.0
2026-07-25,488.531,1329667.5174676,0.0,0.0,2026_July_MNR.xlsx,0.0,488.531,1329667.5174676,-28849.52117939992,81.80234779700709,0.0,71.13052692890912,0.0,0.0,5.599999999999986,7.400000000000029,14.8,True,True,0.0,0.0,0.0,0.0,0.0,0.0,24528.47605081392
2026-07-26,488.49,1318148.339866,0.0,44.6,2026_July_MNR.xlsx,0.0,488.49,1318148.339866,-11519.177601600066,81.09367757672808,44.6,112.17400058246366,0.0,0.0,49.79999999999999,52.00000000000003,52.0,True,True,0.0,0.0,0.0,0.0,0.0,24528.47605081392,0.0
2026-07-27,488.394,1289402.2576915,0.0,0.2,2026_July_MNR.xlsx,0.0,488.394,1289402.2576915,-28746.082174499985,79.32519261266857,0.2,106.76530055334048,0.0,0.0,44.79999999999999,50.400000000000034,52.2,True,True,0.0,0.0,0.0,0.0,24528.47605081392,0.0,0.0
2026-07-28,488.297,1260729.8334769,0.0,1.2,2026_July_MNR.xlsx,0.0,488.297,1260729.8334769,-28672.42421460012,77.56123915289459,1.2,102.62703552567345,0.0,0.0,45.999999999999986,51.200000000000024,53.4,True,True,0.0,0.0,0.0,24528.47605081392,0.0,0.0,0.0
2026-07-29,488.202,1234987.6051075,0.0,0.0,2026_July_MNR.xlsx,0.0,488.202,1234987.6051075,-25742.228369399905,75.97755399064128,0.0,97.49568374938977,0.0,0.0,1.3999999999999857,46.00000000000003,51.6,True,True,0.0,0.0,24528.47605081392,0.0,0.0,0.0,0.0
2026-07-30,488.202,1234987.6051075,0.0,52.2,2026_July_MNR.xlsx,0.0,488.202,1234987.6051075,0.0,75.97755399064128,52.2,144.82089956192027,0.0,0.0,53.39999999999999,98.20000000000003,103.4,True,True,0.0,24528.47605081392,0.0,0.0,0.0,0.0,0.0
2026-07-31,488.143,1217859.4908138,0.0,1.0,2026_July_MNR.xlsx,0.0,488.143,1217859.4908138,-17128.114293700084,74.9238169141512,1.0,138.57985458382424,0.0,0.0,53.19999999999999,54.60000000000003,99.19999999999999,True,True,24528.47605081392,0.0,0.0,0.0,0.0,0.0,0.0
2026-08-01,488.22,1240702.9354506,24528.47605081392,31.0,2026_August_MNR.xlsx,24528.47605081392,488.22,1240702.9354506,22843.444636800094,76.32916628045,31.0,162.65086185463304,0.0,0.0,84.19999999999999,85.40000000000003,130.2,True,True,0.0,0.0,0.0,0.0,0.0,0.0,8861.352276959295
2026-08-02,488.169,1223565.809459,0.0,1.2,2026_August_MNR.xlsx,0.0,488.169,1223565.809459,-17137.1259916001,75.27487479615783,1.2,155.71831876190137,24528.47605081392,0.0,33.19999999999999,85.40000000000002,86.8,True,True,0.0,0.0,0.0,0.0,0.0,8861.352276959295,26750.82964233709
2026-08-03,488.118,1209305.6026243,0.0,0.8,2026_August_MNR.xlsx,0.0,488.118,1209305.6026243,-14260.206834699959,74.39757397935585,0.8,148.7324028238063,0.0,24528.47605081392,32.999999999999986,86.20000000000002,87.4,True,True,0.0,0.0,0.0,0.0,8861.352276959295,26750.82964233709,17294.42685937863
2026-08-04,488.029,1183685.132906,0.0,0.0,2026_August_MNR.xlsx,0.0,488.029,1183685.132906,-25620.46971830004,72.82137951939745,0.0,141.29578268261596,0.0,0.0,1.9999999999999858,34.00000000000003,86.19999999999999,True,True,0.0,0.0,0.0,8861.352276959295,26750.82964233709,17294.42685937863,24190.03413690865
2026-08-05,487.951,1163803.4734427,0.0,7.0,2026_August_MNR.xlsx,0.0,487.951,1163803.4734427,-19881.659463299904,71.59824185465553,7.0,141.23099354848517,0.0,0.0,7.799999999999986,40.00000000000003,93.19999999999999,True,True,0.0,0.0,8861.352276959295,26750.82964233709,17294.42685937863,24190.03413690865,22704.57798842049
2026-08-06,487.945,1160966.5046478,0.0,0.8,2026_August_MNR.xlsx,0.0,487.945,1160966.5046478,-2836.9687948999926,71.4237089695538,0.8,134.96944387106092,0.0,0.0,7.799999999999986,9.80000000000003,41.8,True,True,0.0,8861.352276959295,26750.82964233709,17294.42685937863,24190.03413690865,22704.57798842049,36265.68943320766
2026-08-07,487.939,1158130.4347302,0.0,3.600000000000001,2026_August_MNR.xlsx,0.0,487.939,1158130.4347302,-2836.0699175999034,71.24923138419625,3.600000000000001,131.82097167750786,0.0,0.0,11.399999999999988,12.200000000000031,44.4,True,True,8861.352276959295,26750.82964233709,17294.42685937863,24190.03413690865,22704.57798842049,36265.68943320766,21276.11973360937
2026-08-08,487.997,1175159.2721641,8861.352276959295,32.59999999999999,2026_August_MNR.xlsx,8861.352276959295,487.997,1175159.2721641,17028.837433899986,72.29686085851745,32.59999999999999,157.82992309363243,0.0,0.0,36.99999999999997,44.000000000000014,45.999999999999986,True,True,26750.82964233709,17294.42685937863,24190.03413690865,22704.57798842049,36265.68943320766,21276.11973360937,12650.58701492093
2026-08-09,488.105,1206455.7766028,26750.82964233709,19.79999999999999,2026_August_MNR.xlsx,26750.82964233709,488.105,1206455.7766028,31296.50443869992,74.22225010604977,19.79999999999999,169.7384269389508,8861.352276959295,0.0,55.99999999999997,63.80000000000001,64.59999999999997,True,True,17294.42685937863,24190.03413690865,22704.57798842049,36265.68943320766,21276.11973360937,12650.58701492093,18444.51324644169
2026-08-10,488.176,1226420.1259185,17294.42685937863,13.2,2026_August_MNR.xlsx,17294.42685937863,488.176,1226420.1259185,19964.34931569989,75.45047492526938,13.2,174.45150559200323,26750.82964233709,8861.352276959295,65.59999999999997,70.00000000000001,76.99999999999997,True,True,24190.03413690865,22704.57798842049,36265.68943320766,21276.11973360937,12650.58701492093,18444.51324644169,6896.52388759834
2026-08-11,488.276,1255004.1894374,24190.03413690865,19.2,2026_August_MNR.xlsx,24190.03413690865,488.276,1255004.1894374,28584.06351890019,77.20899235515898,19.2,184.92893031240305,17294.42685937863,26750.82964233709,52.19999999999998,88.4,96.19999999999997,True,True,22704.57798842049,36265.68943320766,21276.11973360937,12650.58701492093,18444.51324644169,6896.52388759834,14948.80502019409
2026-08-12,488.356,1277924.4814024,22704.57798842049,4.600000000000001,2026_August_MNR.xlsx,22704.57798842049,488.356,1277924.4814024,22920.291964999866,78.61906943856457,4.600000000000001,180.28248379678288,24190.03413690865,17294.42685937863,36.99999999999999,89.4,93.79999999999998,True,True,36265.68943320766,21276.11973360937,12650.58701492093,18444.51324644169,6896.52388759834,14948.80502019409,0.0
2026-08-13,488.49,1318148.339866,36265.68943320766,17.6,2026_August_MNR.xlsx,36265.68943320766,488.49,1318148.339866,40223.858463600045,81.09367757672808,17.6,188.86835960694373,22704.57798842049,24190.03413690865,41.39999999999999,74.40000000000003,110.59999999999998,True,True,21276.11973360937,12650.58701492093,18444.51324644169,6896.52388759834,14948.80502019409,0.0,7946.404470220374
2026-08-14,488.563,1338314.7585372,21276.11973360937,0.0,2026_August_MNR.xlsx,21276.11973360937,488.563,1338314.7585372,20166.418671200052,82.33433388538441,0.0,179.42494162659654,36265.68943320766,22704.57798842049,22.199999999999996,54.60000000000004,106.99999999999997,True,True,12650.58701492093,18444.51324644169,6896.52388759834,14948.80502019409,0.0,7946.404470220374,5986.550941662083
2026-08-15,488.601,1349854.4726447,12650.58701492093,0.0,2026_August_MNR.xlsx,12650.58701492093,488.601,1349854.4726447,11539.714107499924,83.04426753007294,0.0,170.4536945452667,21276.11973360937,36265.68943320766,17.599999999999994,41.400000000000034,74.39999999999999,True,True,18444.51324644169,6896.52388759834,14948.80502019409,0.0,7946.404470220374,5986.550941662083,0.0
2026-08-16,488.667,1367186.3441058,18444.51324644169,0.0,2026_August_MNR.xlsx,18444.51324644169,488.667,1367186.3441058,17331.871461099945,84.11053993171373,0.0,161.93100981800336,12650.58701492093,21276.11973360937,0.0,22.20000000000004,54.6,True,True,6896.52388759834,14948.80502019409,0.0,7946.404470220374,5986.550941662083,0.0,0.0
2026-08-17,488.686,1372969.6331738,6896.52388759834,0.0,2026_August_MNR.xlsx,6896.52388759834,488.686,1372969.6331738,5783.289068000158,84.46633310371826,0.0,153.8344593271032,18444.51324644169,12650.58701492093,0.0,17.600000000000037,41.400000000000006,True,True,14948.80502019409,0.0,7946.404470220374,5986.550941662083,0.0,0.0,0.0
2026-08-18,488.738,1387440.8647572,14948.80502019409,2.2,2026_August_MNR.xlsx,14948.80502019409,488.738,1387440.8647572,14471.231583399931,85.35661635384298,2.2,148.342736360748,6896.52388759834,18444.51324644169,2.199999999999993,2.2000000000000357,24.400000000000002,True,True,0.0,7946.404470220374,5986.550941662083,0.0,0.0,0.0,0.0
2026-08-19,488.712,1381650.0718537,0.0,0.0,2026_August_MNR.xlsx,0.0,488.712,1381650.0718537,-5790.792903499911,85.00036153909446,0.0,140.9255995427106,14948.80502019409,6896.52388759834,2.199999999999993,2.2000000000000357,19.8,True,True,7946.404470220374,5986.550941662083,0.0,0.0,0.0,0.0,0.0
2026-08-20,488.763,1396132.6544669,7946.404470220374,26.4,2026_August_MNR.xlsx,7946.404470220374,488.763,1396132.6544669,14482.58261319995,85.89134311483467,26.4,160.27931956557507,0.0,14948.80502019409,28.59999999999999,28.600000000000033,28.599999999999998,True,True,5986.550941662083,0.0,0.0,0.0,0.0,0.0,0.0
2026-08-21,488.782,1401930.957596,5986.550941662083,3.2,2026_August_MNR.xlsx,5986.550941662083,488.782,1401930.957596,5798.303129100008,86.24805996545193,3.2,155.4653535872963,7946.404470220374,0.0,29.59999999999999,31.800000000000033,31.799999999999997,True,True,0.0,0.0,0.0,0.0,0.0,0.0,0.0
2026-08-22,488.769,1396132.6544669,0.0,0.8,2026_August_MNR.xlsx,0.0,488.769,1396132.6544669,-5798.303129100008,85.89134311483467,0.8,148.49208590793148,5986.550941662083,7946.404470220374,30.39999999999999,32.60000000000004,32.6,True,True,0.0,0.0,0.0,0.0,0.0,0.0,0.0
2026-08-23,488.738,1387440.8647572,0.0,0.0,2026_August_MNR.xlsx,0.0,488.738,1387440.8647572,-8691.789709700039,85.35661635384298,0.0,141.0674816125349,0.0,5986.550941662083,3.999999999999993,30.400000000000034,32.6,True,True,0.0,0.0,0.0,0.0,0.0,0.0,0.0
2026-08-24,488.686,1372969.6331738,0.0,0.2,2026_August_MNR.xlsx,0.0,488.686,1372969.6331738,-14471.231583399931,84.46633310371826,0.2,134.21410753190813,0.0,0.0,0.9999999999999929,30.600000000000033,32.8,True,True,0.0,0.0,0.0,0.0,0.0,0.0,0.0
2026-08-25,488.614,1352741.2664207,0.0,0.0,2026_August_MNR.xlsx,0.0,488.614,1352741.2664207,-20228.366753100185,83.22186569305757,0.0,127.50340215531271,0.0,0.0,0.1999999999999929,4.200000000000036,30.599999999999998,True,True,0.0,0.0,0.0,0.0,0.0,0.0,0.0
2026-08-26,488.504,1321027.0312113,0.0,0.8,2026_August_MNR.xlsx,0.0,488.504,1321027.0312113,-31714.235209399834,81.27077727085083,0.8,121.92823204754707,0.0,0.0,0.9999999999999929,1.8000000000000356,31.4,True,True,0.0,0.0,0.0,0.0,0.0,0.0,0.0
2026-08-27,488.447,1303766.0916421,0.0,16.4,2026_August_MNR.xlsx,0.0,488.447,1303766.0916421,-17260.939569200156,80.20886866332765,16.4,132.23182044516972,0.0,0.0,17.199999999999992,17.400000000000034,21.4,True,True,0.0,0.0,0.0,0.0,0.0,0.0,32019.66074438956
2026-08-28,488.376,1283661.8768048,0.0,0.0,2026_August_MNR.xlsx,0.0,488.376,1283661.8768048,-20104.214837299893,78.97203919076995,0.0,125.62022942291122,0.0,0.0,17.199999999999992,17.400000000000034,18.2,True,True,0.0,0.0,0.0,0.0,0.0,32019.66074438956,0.0
2026-08-29,488.316,1266458.5017737,0.0,0.0,2026_August_MNR.xlsx,0.0,488.316,1266458.5017737,-17203.37503110012,77.91367200567348,0.0,119.33921795176566,0.0,0.0,16.39999999999999,17.200000000000035,17.4,True,True,0.0,0.0,0.0,0.0,32019.66074438956,0.0,33965.56265109029
2026-08-30,488.252,1249281.492802,0.0,0.2,2026_August_MNR.xlsx,0.0,488.252,1249281.492802,-17177.00897169998,76.85692688438827,0.2,113.57225705417737,0.0,0.0,0.1999999999999929,17.400000000000034,17.599999999999998,True,True,0.0,0.0,0.0,32019.66074438956,0.0,33965.56265109029,404.9532692895635
2026-08-31,488.17,1226420.1259185,0.0,5.2,2026_August_MNR.xlsx,0.0,488.17,1226420.1259185,-22861.366883500014,75.45047492526938,5.2,113.09364420146849,0.0,0.0,5.399999999999993,21.800000000000033,22.6,True,True,0.0,0.0,32019.66074438956,0.0,33965.56265109029,404.9532692895635,61301.56943310559
2026-09-01,488.084,1200758.448846,0.0,0.8,2026_September_MNR.xlsx,0.0,488.084,1200758.448846,-25661.67707249988,73.87174535162596,0.8,108.23896199139506,0.0,0.0,6.199999999999993,6.200000000000036,23.4,True,True,0.0,32019.66074438956,0.0,33965.56265109029,404.9532692895635,61301.56943310559,4662.698137204881
2026-09-02,488.034,1186528.7602684,0.0,5.600000000000001,2026_September_MNR.xlsx,0.0,488.034,1186528.7602684,-14229.688577600056,72.99632204559164,5.600000000000001,108.42701389182531,0.0,0.0,11.599999999999994,11.800000000000036,28.2,True,True,32019.66074438956,0.0,33965.56265109029,404.9532692895635,61301.56943310559,4662.698137204881,17850.66908116049
2026-09-03,488.15,1220712.271714,32019.66074438956,11.4,2026_September_MNR.xlsx,32019.66074438956,488.15,1220712.271714,34183.511445600074,75.09932257426635,11.4,114.40566319723405,0.0,0.0,17.799999999999994,23.20000000000004,23.200000000000003,True,True,0.0,33965.56265109029,404.9532692895635,61301.56943310559,4662.698137204881,17850.66908116049,233500.57171462
2026-09-04,488.105,1206455.7766028,0.0,1.4,2026_September_MNR.xlsx,0.0,488.105,1206455.7766028,-14256.495111200027,74.22225010604977,1.4,110.08538003737235,32019.66074438956,0.0,18.399999999999995,24.400000000000038,24.6,True,True,33965.56265109029,404.9532692895635,61301.56943310559,4662.698137204881,17850.66908116049,233500.57171462,429690.1560175716
2026-09-05,488.239,1243561.7561632,33965.56265109029,14.8,2026_September_MNR.xlsx,33965.56265109029,488.239,1243561.7561632,37105.979560399894,76.50504351528444,14.8,119.38111103550372,0.0,32019.66074438956,27.599999999999994,34.00000000000004,39.400000000000006,True,True,404.9532692895635,61301.56943310559,4662.698137204881,17850.66908116049,233500.57171462,429690.1560175716,696090.4815882569
2026-09-06,488.234,1243561.7561632,404.9532692895635,2.4,2026_September_MNR.xlsx,404.9532692895635,488.234,1243561.7561632,0.0,76.50504351528444,2.4,115.81205548372854,33965.56265109029,0.0,18.599999999999994,35.60000000000004,41.6,True,True,61301.56943310559,4662.698137204881,17850.66908116049,233500.57171462,429690.1560175716,696090.4815882569,491664.0143272068
2026-09-07,488.44,1303766.0916421,61301.56943310559,0.0,2026_September_MNR.xlsx,61301.56943310559,488.44,1303766.0916421,60204.3354789,80.20886866332765,0.0,110.0214527095421,404.9532692895635,33965.56265109029,17.199999999999996,30.00000000000004,36.400000000000006,True,True,4662.698137204881,17850.66908116049,233500.57171462,429690.1560175716,696090.4815882569,491664.0143272068,325930.1700239615
2026-09-08,488.465,1309516.809464,4662.698137204881,7.6,2026_September_MNR.xlsx,4662.698137204881,488.465,1309516.809464,5750.717821900034,80.56265802282516,7.6,112.12038007406498,61301.56943310559,404.9532692895635,9.999999999999995,26.20000000000004,43.2,True,True,17850.66908116049,233500.57171462,429690.1560175716,696090.4815882569,491664.0143272068,325930.1700239615,239767.1818638593
2026-09-09,488.531,1329667.5174676,17850.66908116049,11.8,2026_September_MNR.xlsx,17850.66908116049,488.531,1329667.5174676,20150.708003600128,81.80234779700709,11.8,118.31436107036173,4662.698137204881,61301.56943310559,19.399999999999995,36.60000000000004,49.4,True,True,233500.57171462,429690.1560175716,696090.4815882569,491664.0143272068,325930.1700239615,239767.1818638593,195042.983403714
2026-09-10,489.367,1571636.9871561,233500.57171462,32.4,2026_September_MNR.xlsx,233500.57171462,489.367,1571636.9871561,241969.46968850004,96.68852833138142,32.4,144.79864301684364,17850.66908116049,4662.698137204881,51.8,54.20000000000003,70.4,True,True,429690.1560175716,696090.4815882569,491664.0143272068,325930.1700239615,239767.1818638593,195042.983403714,177346.149808252
2026-09-11,489.973,1756674.0791536,429690.1560175716,36.60000000000001,2026_September_MNR.xlsx,429690.1560175716,489.973,1756674.0791536,185037.0919974998,108.07217751892735,36.60000000000001,174.15871086600146,233500.57171462,17850.66908116049,80.8,88.40000000000003,105.6,True,False,696090.4815882569,491664.0143272068,325930.1700239615,239767.1818638593,195042.983403714,177346.149808252,
2026-09-12,489.966,1753581.1481606,696090.4815882569,0.6,2026_September_MNR.xlsx,696090.4815882569,489.966,1753581.1481606,-3092.9309929998126,107.88189760798889,0.6,166.05077532270138,429690.1560175716,233500.57171462,69.6,89.00000000000004,91.4,True,False,491664.0143272068,325930.1700239615,239767.1818638593,195042.983403714,177346.149808252,,
2026-09-13,489.901,1735058.5729155,491664.0143272068,0.0,2026_September_MNR.xlsx,491664.0143272068,489.901,1735058.5729155,-18522.575245100074,106.742372033068,0.0,157.7482365565663,696090.4815882569,429690.1560175716,37.2,81.40000000000005,89.00000000000001,True,False,325930.1700239615,239767.1818638593,195042.983403714,177346.149808252,,,
2026-09-14,489.856,1719668.7023854,325930.1700239615,0.0,2026_September_MNR.xlsx,325930.1700239615,489.856,1719668.7023854,-15389.870530100074,105.79557328442152,0.0,149.86082472873798,491664.0143272068,696090.4815882569,0.5999999999999929,69.60000000000004,89.00000000000001,True,False,239767.1818638593,195042.983403714,177346.149808252,,,,
2026-09-15,489.823,1710454.4363393,239767.1818638593,0.0,2026_September_MNR.xlsx,239767.1818638593,489.823,1710454.4363393,-9214.266046100063,105.22870330685544,0.0,142.36778349230107,325930.1700239615,491664.0143272068,0.0,37.200000000000045,81.4,True,False,195042.983403714,177346.149808252,,,,,
2026-09-16,489.81,1707386.3914463,195042.983403714,2.6,2026_September_MNR.xlsx,195042.983403714,489.81,1707386.3914463,-3068.0448929998092,105.03995441128792,2.6,137.849394317686,239767.1818638593,325930.1700239615,2.599999999999993,3.2000000000000357,72.2,True,False,177346.149808252,,,,,,
2026-09-17,489.809,1704320.2680112,177346.149808252,9.6,2026_September_MNR.xlsx,177346.149808252,489.809,1704320.2680112,-3066.123435100075,104.85132372554756,9.6,140.55692460180168,195042.983403714,239767.1818638593,12.199999999999992,12.200000000000035,49.400000000000006,True,True,,,,,,,
2026-09-18,,,,,2026_September_MNR.xlsx,,,,,,,,177346.149808252,195042.983403714,12.199999999999992,12.200000000000035,12.799999999999997,False,False,,,,,,,
2026-09-19,,,,,2026_September_MNR.xlsx,,,,,,,,,177346.149808252,9.6,12.200000000000035,12.199999999999998,False,False,,,,,,,
2026-09-20,,,,,2026_September_MNR.xlsx,,,,,,,,,,,12.200000000000035,12.199999999999998,False,False,,,,,,,
2026-09-21,,,,,2026_September_MNR.xlsx,,,,,,,,,,,9.6,12.199999999999998,False,False,,,,,,,
2026-09-22,,,,,2026_September_MNR.xlsx,,,,,,,,,,,,12.199999999999998,False,False,,,,,,,
2026-09-23,,,,,2026_September_MNR.xlsx,,,,,,,,,,,,9.6,False,False,,,,,,,
2026-09-24,,,,,2026_September_MNR.xlsx,,,,,,,,,,,,,False,False,,,,,,,
2026-09-25,,,,,2026_September_MNR.xlsx,,,,,,,,,,,,,False,False,,,,,,,
2026-09-26,,,,,2026_September_MNR.xlsx,,,,,,,,,,,,,False,False,,,,,,,
2026-09-27,,,,,2026_September_MNR.xlsx,,,,,,,,,,,,,False,False,,,,,,,
2026-09-28,,,,,2026_September_MNR.xlsx,,,,,,,,,,,,,False,False,,,,,,,
2026-09-29,,,,,2026_September_MNR.xlsx,,,,,,,,,,,,,False,False,,,,,,,
2026-09-30,,,,,2026_September_MNR.xlsx,,,,,,,,,,,,,False,False,,,,,,,
2026-10-01,,,,,2026_October_MNR.xlsx,,,,,,,,,,,,,False,False,,,,,,,
2026-10-02,,,,,2026_October_MNR.xlsx,,,,,,,,,,,,,False,False,,,,,,,
2026-10-03,,,,,2026_October_MNR.xlsx,,,,,,,,,,,,,False,False,,,,,,,
2026-10-04,,,,,2026_October_MNR.xlsx,,,,,,,,,,,,,False,False,,,,,,,
2026-10-05,,,,,2026_October_MNR.xlsx,,,,,,,,,,,,,False,False,,,,,,,
2026-10-06,,,,,2026_October_MNR.xlsx,,,,,,,,,,,,,False,False,,,,,,,
2026-10-07,,,,,2026_October_MNR.xlsx,,,,,,,,,,,,,False,False,,,,,,,
2026-10-08,,,,,2026_October_MNR.xlsx,,,,,,,,,,,,,False,False,,,,,,,
2026-10-09,,,,,2026_October_MNR.xlsx,,,,,,,,,,,,,False,False,,,,,,,
2026-10-10,,,,,2026_October_MNR.xlsx,,,,,,,,,,,,,False,False,,,,,,,
2026-10-11,,,,,2026_October_MNR.xlsx,,,,,,,,,,,,,False,False,,,,,,,
2026-10-12,,,,,2026_October_MNR.xlsx,,,,,,,,,,,,,False,False,,,,,,,
2026-10-13,,,,,2026_October_MNR.xlsx,,,,,,,,,,,,,False,False,,,,,,,
2026-10-14,,,,,2026_October_MNR.xlsx,,,,,,,,,,,,,False,False,,,,,,,
2026-10-15,,,,,2026_October_MNR.xlsx,,,,,,,,,,,,,False,False,,,,,,,
2026-10-16,,,,,2026_October_MNR.xlsx,,,,,,,,,,,,,False,False,,,,,,,
2026-10-17,,,,,2026_October_MNR.xlsx,,,,,,,,,,,,,False,False,,,,,,,
2026-10-18,,,,,2026_October_MNR.xlsx,,,,,,,,,,,,,False,False,,,,,,,
2026-10-19,,,,,2026_October_MNR.xlsx,,,,,,,,,,,,,False,False,,,,,,,
2026-10-20,,,,,2026_October_MNR.xlsx,,,,,,,,,,,,,False,False,,,,,,,
2026-10-21,,,,,2026_October_MNR.xlsx,,,,,,,,,,,,,False,False,,,,,,,
2026-10-22,,,,,2026_October_MNR.xlsx,,,,,,,,,,,,,False,False,,,,,,,
2026-10-23,,,,,2026_October_MNR.xlsx,,,,,,,,,,,,,False,False,,,,,,,
2026-10-24,,,,,2026_October_MNR.xlsx,,,,,,,,,,,,,False,False,,,,,,,
2026-10-25,,,,,2026_October_MNR.xlsx,,,,,,,,,,,,,False,False,,,,,,,
2026-10-26,,,,,2026_October_MNR.xlsx,,,,,,,,,,,,,False,False,,,,,,,
2026-10-27,,,,,2026_October_MNR.xlsx,,,,,,,,,,,,,False,False,,,,,,,
2026-10-28,,,,,2026_October_MNR.xlsx,,,,,,,,,,,,,False,False,,,,,,,
2026-10-29,,,,,2026_October_MNR.xlsx,,,,,,,,,,,,,False,False,,,,,,,
2026-10-30,,,,,2026_October_MNR.xlsx,,,,,,,,,,,,,False,False,,,,,,,
2026-10-31,,,,,2026_October_MNR.xlsx,,,,,,,,,,,,,False,False,,,,,,,
2026-11-01,,,,,2026_November_MNR.xlsx,,,,,,,,,,,,,False,False,,,,,,,
2026-11-02,,,,,2026_November_MNR.xlsx,,,,,,,,,,,,,False,False,,,,,,,
2026-11-03,,,,,2026_November_MNR.xlsx,,,,,,,,,,,,,False,False,,,,,,,
2026-11-04,,,,,2026_November_MNR.xlsx,,,,,,,,,,,,,False,False,,,,,,,
2026-11-05,,,,,2026_November_MNR.xlsx,,,,,,,,,,,,,False,False,,,,,,,
2026-11-06,,,,,2026_November_MNR.xlsx,,,,,,,,,,,,,False,False,,,,,,,
2026-11-07,,,,,2026_November_MNR.xlsx,,,,,,,,,,,,,False,False,,,,,,,
2026-11-08,,,,,2026_November_MNR.xlsx,,,,,,,,,,,,,False,False,,,,,,,
2026-11-09,,,,,2026_November_MNR.xlsx,,,,,,,,,,,,,False,False,,,,,,,
2026-11-10,,,,,2026_November_MNR.xlsx,,,,,,,,,,,,,False,False,,,,,,,
2026-11-11,,,,,2026_November_MNR.xlsx,,,,,,,,,,,,,False,False,,,,,,,
2026-11-12,,,,,2026_November_MNR.xlsx,,,,,,,,,,,,,False,False,,,,,,,
2026-11-13,,,,,2026_November_MNR.xlsx,,,,,,,,,,,,,False,False,,,,,,,
2026-11-14,,,,,2026_November_MNR.xlsx,,,,,,,,,,,,,False,False,,,,,,,
2026-11-15,,,,,2026_November_MNR.xlsx,,,,,,,,,,,,,False,False,,,,,,,
2026-11-16,,,,,2026_November_MNR.xlsx,,,,,,,,,,,,,False,False,,,,,,,
2026-11-17,,,,,2026_November_MNR.xlsx,,,,,,,,,,,,,False,False,,,,,,,
2026-11-18,,,,,2026_November_MNR.xlsx,,,,,,,,,,,,,False,False,,,,,,,
2026-11-19,,,,,2026_November_MNR.xlsx,,,,,,,,,,,,,False,False,,,,,,,
2026-11-20,,,,,2026_November_MNR.xlsx,,,,,,,,,,,,,False,False,,,,,,,
2026-11-21,,,,,2026_November_MNR.xlsx,,,,,,,,,,,,,False,False,,,,,,,
2026-11-22,,,,,2026_November_MNR.xlsx,,,,,,,,,,,,,False,False,,,,,,,
2026-11-23,,,,,2026_November_MNR.xlsx,,,,,,,,,,,,,False,False,,,,,,,
2026-11-24,,,,,2026_November_MNR.xlsx,,,,,,,,,,,,,False,False,,,,,,,
2026-11-25,,,,,2026_November_MNR.xlsx,,,,,,,,,,,,,False,False,,,,,,,
2026-11-26,,,,,2026_November_MNR.xlsx,,,,,,,,,,,,,False,False,,,,,,,
2026-11-27,,,,,2026_November_MNR.xlsx,,,,,,,,,,,,,False,False,,,,,,,
2026-11-28,,,,,2026_November_MNR.xlsx,,,,,,,,,,,,,False,False,,,,,,,
2026-11-29,,,,,2026_November_MNR.xlsx,,,,,,,,,,,,,False,False,,,,,,,
2026-11-30,,,,,2026_November_MNR.xlsx,,,,,,,,,,,,,False,False,,,,,,,
2026-12-01,,,,,2026_December_MNR.xlsx,,,,,,,,,,,,,False,False,,,,,,,
2026-12-02,,,,,2026_December_MNR.xlsx,,,,,,,,,,,,,False,False,,,,,,,
2026-12-03,,,,,2026_December_MNR.xlsx,,,,,,,,,,,,,False,False,,,,,,,
2026-12-04,,,,,2026_December_MNR.xlsx,,,,,,,,,,,,,False,False,,,,,,,
2026-12-05,,,,,2026_December_MNR.xlsx,,,,,,,,,,,,,False,False,,,,,,,
2026-12-06,,,,,2026_December_MNR.xlsx,,,,,,,,,,,,,False,False,,,,,,,
2026-12-07,,,,,2026_December_MNR.xlsx,,,,,,,,,,,,,False,False,,,,,,,
2026-12-08,,,,,2026_December_MNR.xlsx,,,,,,,,,,,,,False,False,,,,,,,
2026-12-09,,,,,2026_December_MNR.xlsx,,,,,,,,,,,,,False,False,,,,,,,
2026-12-10,,,,,2026_December_MNR.xlsx,,,,,,,,,,,,,False,False,,,,,,,
2026-12-11,,,,,2026_December_MNR.xlsx,,,,,,,,,,,,,False,False,,,,,,,
2026-12-12,,,,,2026_December_MNR.xlsx,,,,,,,,,,,,,False,False,,,,,,,
2026-12-13,,,,,2026_December_MNR.xlsx,,,,,,,,,,,,,False,False,,,,,,,
2026-12-14,,,,,2026_December_MNR.xlsx,,,,,,,,,,,,,False,False,,,,,,,
2026-12-15,,,,,2026_December_MNR.xlsx,,,,,,,,,,,,,False,False,,,,,,,
2026-12-16,,,,,2026_December_MNR.xlsx,,,,,,,,,,,,,False,False,,,,,,,
2026-12-17,,,,,2026_December_MNR.xlsx,,,,,,,,,,,,,False,False,,,,,,,
2026-12-18,,,,,2026_December_MNR.xlsx,,,,,,,,,,,,,False,False,,,,,,,
2026-12-19,,,,,2026_December_MNR.xlsx,,,,,,,,,,,,,False,False,,,,,,,
2026-12-20,,,,,2026_December_MNR.xlsx,,,,,,,,,,,,,False,False,,,,,,,
2026-12-21,,,,,2026_December_MNR.xlsx,,,,,,,,,,,,,False,False,,,,,,,
2026-12-22,,,,,2026_December_MNR.xlsx,,,,,,,,,,,,,False,False,,,,,,,
2026-12-23,,,,,2026_December_MNR.xlsx,,,,,,,,,,,,,False,False,,,,,,,
2026-12-24,,,,,2026_December_MNR.xlsx,,,,,,,,,,,,,False,False,,,,,,,
2026-12-25,,,,,2026_December_MNR.xlsx,,,,,,,,,,,,,False,False,,,,,,,
2026-12-26,,,,,2026_December_MNR.xlsx,,,,,,,,,,,,,False,False,,,,,,,
2026-12-27,,,,,2026_December_MNR.xlsx,,,,,,,,,,,,,False,False,,,,,,,
2026-12-28,,,,,2026_December_MNR.xlsx,,,,,,,,,,,,,False,False,,,,,,,
2026-12-29,,,,,2026_December_MNR.xlsx,,,,,,,,,,,,,False,False,,,,,,,
2026-12-30,,,,,2026_December_MNR.xlsx,,,,,,,,,,,,,False,False,,,,,,,
2026-12-31,,,,,2026_December_MNR.xlsx,,,,,,,,,,,,,False,False,,,,,,,
