Date,Q_in_t (m3/day),Water_Level_t (m),Storage_S_t (m3),DeltaS_t (m3/day),%Full_t,Rain_obs_t (mm),API_t (mm),Qin_lag1 (m3/day),Qin_lag2 (m3/day),Rain_roll3 (mm),Rain_roll5 (mm),Rain_roll7 (mm),WaterLevel_lag1,WaterLevel_lag2,Storage_lag1,Storage_lag2,PctFull_lag1,PctFull_lag2,y1=Q_in_t+1 (m3/day),y2=Q_in_t+2 (m3/day),y3=Q_in_t+3 (m3/day),y4=Q_in_t+4 (m3/day),y5=Q_in_t+5 (m3/day),y6=Q_in_t+6 (m3/day),y7=Q_in_t+7 (m3/day),manual_copy_paste_error_corrected,correction_note,data_lineage_uncertain,lineage_group,training_value_replaced_no_duplicate_evidence,raw_diverged_from_training_snapshot
2025-06-27,15819.46327469595,489.48602,1607444.5930314,,98.8914446176784,0.6,0.6,,,0.6,0.6,0.6,,,,,,,20860.08151330952,19003.231953334736,16000.863898434884,16137.62108753355,18000.430324119316,16551.135553712575,21950.32228490069,False,,False,RAW_REBUILD_v2_20260725,False,False
2025-06-28,20860.08151330952,489.506,1613444.9319478,6000.338916399982,99.26059089258634,3.8,4.37,15819.46327469595,,4.4,4.4,4.4,489.48602,,1607444.5930314,,98.8914446176784,,19003.231953334736,16000.863898434884,16137.62108753355,18000.430324119316,16551.135553712575,21950.32228490069,22689.827603281785,False,,False,RAW_REBUILD_v2_20260725,False,False
2025-06-29,19003.231953334736,489.51102,1616447.3000027,3002.3680548998527,99.445299289697,0.0,4.1515,20860.08151330952,15819.46327469595,4.4,4.4,4.4,489.506,489.48602,1613444.9319478,1607444.5930314,99.26059089258634,98.8914446176784,16000.863898434884,16137.62108753355,18000.430324119316,16551.135553712575,21950.32228490069,22689.827603281785,41715.18892187145,False,,False,RAW_REBUILD_v2_20260725,False,False
2025-06-30,16000.863898434884,489.51102,1616447.3000027,0.0,99.445299289697,0.0,3.9439249999999992,19003.231953334736,20860.08151330952,3.8,4.4,4.4,489.51102,489.506,1616447.3000027,1613444.9319478,99.445299289697,99.26059089258634,16137.62108753355,18000.430324119316,16551.135553712575,21950.32228490069,22689.827603281785,41715.18892187145,41682.05793389491,False,,False,RAW_REBUILD_v2_20260725,False,False
2025-07-01,16137.62108753355,489.518,1616447.3000027,0.0,99.445299289697,0.0,3.746728749999999,16000.863898434884,19003.231953334736,0.0,4.4,4.4,489.51102,489.51102,1616447.3000027,1616447.3000027,99.445299289697,99.445299289697,18000.430324119316,16551.135553712575,21950.32228490069,22689.827603281785,41715.18892187145,41682.05793389491,38705.211743894906,False,,False,RAW_REBUILD_v2_20260725,False,False
2025-07-02,18000.430324119316,489.524,1619451.3170382,3004.0170355001464,99.630109133585,3.8,7.359392312499999,16137.62108753355,16000.863898434884,3.8,7.6,8.2,489.518,489.51102,1616447.3000027,1616447.3000027,99.445299289697,99.445299289697,16551.135553712575,21950.32228490069,22689.827603281785,41715.18892187145,41682.05793389491,38705.211743894906,33915.23481389491,False,,False,RAW_REBUILD_v2_20260725,False,False
2025-07-03,16551.135553712575,489.524,1619451.3170382,0.0,99.630109133585,0.0,6.991422696874999,18000.430324119316,16137.62108753355,3.8,3.8,8.2,489.524,489.518,1619451.3170382,1616447.3000027,99.630109133585,99.445299289697,21950.32228490069,22689.827603281785,41715.18892187145,41682.05793389491,38705.211743894906,33915.23481389491,16680.985831774797,False,,False,RAW_REBUILD_v2_20260725,False,False
2025-07-04,21950.32228490069,489.557,1628472.3057532,9020.988714999983,100.18508851500414,30.2,36.841851562031245,16551.135553712575,18000.430324119316,34.0,34.0,37.8,489.524,489.524,1619451.3170382,1619451.3170382,99.630109133585,99.630109133585,22689.827603281785,41715.18892187145,41682.05793389491,38705.211743894906,33915.23481389491,16680.985831774797,9699.625828728053,False,,False,RAW_REBUILD_v2_20260725,False,False
2025-07-05,22689.827603281785,489.557,1628472.3057532,0.0,100.18508851500414,0.4,35.39975898392968,21950.32228490069,16551.135553712575,30.6,34.4,34.400000000000006,489.557,489.524,1628472.3057532,1619451.3170382,100.18508851500414,99.630109133585,41715.18892187145,41682.05793389491,38705.211743894906,33915.23481389491,16680.985831774797,9699.625828728053,20534.222947390703,False,,False,RAW_REBUILD_v2_20260725,False,False
2025-07-06,41715.18892187145,489.577,1634494.0165123,6021.710759099806,100.55554960499676,17.2,50.8297710347332,22689.827603281785,21950.32228490069,47.8,51.6,51.6,489.557,489.557,1628472.3057532,1628472.3057532,100.18508851500414,100.18508851500414,41682.05793389491,38705.211743894906,33915.23481389491,16680.985831774797,9699.625828728053,20534.222947390703,62384.33774724149,False,,False,RAW_REBUILD_v2_20260725,False,False
2025-07-07,41682.05793389491,489.577,1634494.0165123,0.0,100.55554960499676,0.0,48.288282482996536,41715.18892187145,22689.827603281785,17.599999999999998,47.8,51.6,489.577,489.557,1634494.0165123,1628472.3057532,100.55554960499676,100.18508851500414,38705.211743894906,33915.23481389491,16680.985831774797,9699.625828728053,20534.222947390703,62384.33774724149,48379.884811176365,False,,False,RAW_REBUILD_v2_20260725,False,False
2025-07-08,38705.211743894906,489.577,1634494.0165123,0.0,100.55554960499676,0.0,45.87386835884671,41682.05793389491,41715.18892187145,17.2,47.8,51.6,489.577,489.577,1634494.0165123,1634494.0165123,100.55554960499676,100.55554960499676,33915.23481389491,16680.985831774797,9699.625828728053,20534.222947390703,62384.33774724149,48379.884811176365,38218.91970649482,False,,False,RAW_REBUILD_v2_20260725,False,False
2025-07-09,33915.23481389491,489.57,1634494.0165123,0.0,100.55554960499676,0.0,43.58017494090437,38705.211743894906,41682.05793389491,0.0,17.599999999999998,47.8,489.577,489.577,1634494.0165123,1634494.0165123,100.55554960499676,100.55554960499676,16680.985831774797,9699.625828728053,20534.222947390703,62384.33774724149,48379.884811176365,38218.91970649482,783908.4487323555,False,,False,RAW_REBUILD_v2_20260725,False,False
2025-07-10,16680.985831774797,489.564,1631482.3951735,-3011.6213387998287,100.37027193749492,8.6,50.00116619385915,33915.23481389491,38705.211743894906,8.6,25.8,56.4,489.57,489.577,1634494.0165123,1634494.0165123,100.55554960499676,100.55554960499676,9699.625828728053,20534.222947390703,62384.33774724149,48379.884811176365,38218.91970649482,783908.4487323555,421045.5925476095,False,,False,RAW_REBUILD_v2_20260725,False,False
2025-07-11,9699.625828728053,489.544,1625463.7590197,-6018.636153799947,100.0,1.4,48.90110788416619,16680.985831774797,33915.23481389491,10.0,10.0,27.6,489.564,489.57,1631482.3951735,1634494.0165123,100.37027193749492,100.55554960499676,20534.222947390703,62384.33774724149,48379.884811176365,38218.91970649482,783908.4487323555,421045.5925476095,247151.604376725,False,,False,RAW_REBUILD_v2_20260725,False,False
2025-07-12,20534.222947390703,489.531,1622456.7729032,-3006.9861165001057,99.8150074955646,5.2,51.65605248995788,9699.625828728053,16680.985831774797,15.2,15.2,32.4,489.544,489.564,1625463.7590197,1631482.3951735,100.0,100.37027193749492,62384.33774724149,48379.884811176365,38218.91970649482,783908.4487323555,421045.5925476095,247151.604376725,142706.71852408364,False,,False,RAW_REBUILD_v2_20260725,False,False
2025-07-13,62384.33774724149,489.589,1637507.2197397,15050.446836499965,100.74092459171548,31.6,80.67324986545998,20534.222947390703,9699.625828728053,38.2,46.8,46.8,489.531,489.544,1622456.7729032,1625463.7590197,99.8150074955646,100.0,48379.884811176365,38218.91970649482,783908.4487323555,421045.5925476095,247151.604376725,142706.71852408364,99633.96164875056,False,,False,RAW_REBUILD_v2_20260725,False,False
2025-07-14,48379.884811176365,489.583,1637507.2197397,0.0,100.74092459171548,0.0,76.63958737218698,62384.33774724149,20534.222947390703,36.8,46.8,46.8,489.589,489.531,1637507.2197397,1622456.7729032,100.74092459171548,99.8150074955646,38218.91970649482,783908.4487323555,421045.5925476095,247151.604376725,142706.71852408364,99633.96164875056,81725.6894607146,False,,False,RAW_REBUILD_v2_20260725,False,False
2025-07-15,38218.91970649482,489.57,1634494.0165123,-3013.203227400081,100.55554960499676,0.0,72.80760800357763,48379.884811176365,62384.33774724149,31.6,38.2,46.8,489.583,489.589,1637507.2197397,1637507.2197397,100.74092459171548,100.74092459171548,783908.4487323555,421045.5925476095,247151.604376725,142706.71852408364,99633.96164875056,81725.6894607146,54196.43451417622,False,,False,RAW_REBUILD_v2_20260725,False,False
2025-07-16,783908.4487323555,489.853,1719668.7023854,85174.68587310007,105.79557328442152,78.8,147.96722760339873,38218.91970649482,48379.884811176365,78.8,115.6,125.6,489.57,489.583,1634494.0165123,1637507.2197397,100.55554960499676,100.74092459171548,421045.5925476095,247151.604376725,142706.71852408364,99633.96164875056,81725.6894607146,54196.43451417622,1408228.320329851,False,,False,RAW_REBUILD_v2_20260725,False,False
2025-07-17,421045.5925476095,489.763,1692113.6615758,-27555.04080959992,104.10036226192427,4.2,144.76886622322877,783908.4487323555,38218.91970649482,83.0,114.6,121.2,489.853,489.57,1719668.7023854,1634494.0165123,105.79557328442152,100.55554960499676,247151.604376725,142706.71852408364,99633.96164875056,81725.6894607146,54196.43451417622,1408228.320329851,1123235.031202417,False,,False,RAW_REBUILD_v2_20260725,False,False
2025-07-18,247151.604376725,489.698,1670813.4823932,-21300.1791826,102.78995598159936,4.2,141.73042291206733,421045.5925476095,783908.4487323555,87.2,87.20000000000002,124.0,489.763,489.853,1692113.6615758,1719668.7023854,104.10036226192427,105.79557328442152,142706.71852408364,99633.96164875056,81725.6894607146,54196.43451417622,1408228.320329851,1123235.031202417,618651.2627383422,False,,False,RAW_REBUILD_v2_20260725,False,False
2025-07-19,142706.71852408364,489.648,1655645.1614623,-15168.320930900052,101.8567871645937,0.0,134.64390176646396,247151.604376725,421045.5925476095,8.4,87.20000000000002,118.8,489.698,489.763,1670813.4823932,1692113.6615758,102.78995598159936,104.10036226192427,99633.96164875056,81725.6894607146,54196.43451417622,1408228.320329851,1123235.031202417,618651.2627383422,482554.3060183496,False,,False,RAW_REBUILD_v2_20260725,False,False
2025-07-20,99633.96164875056,489.608,1643538.2164867,-12106.94497559988,101.111956964079,0.0,127.91170667814076,142706.71852408364,247151.604376725,4.2,87.20000000000002,87.2,489.648,489.698,1655645.1614623,1670813.4823932,101.8567871645937,102.78995598159936,81725.6894607146,54196.43451417622,1408228.320329851,1123235.031202417,618651.2627383422,482554.3060183496,569451.16057343,False,,False,RAW_REBUILD_v2_20260725,False,False
2025-07-21,81725.6894607146,489.608,1643538.2164867,0.0,101.111956964079,19.8,141.31612134423372,99633.96164875056,142706.71852408364,19.8,28.200000000000017,107.0,489.608,489.648,1643538.2164867,1655645.1614623,101.111956964079,101.8567871645937,54196.43451417622,1408228.320329851,1123235.031202417,618651.2627383422,482554.3060183496,569451.16057343,1013858.9276642874,False,,False,RAW_REBUILD_v2_20260725,False,False
2025-07-22,54196.43451417622,489.589,1637507.2197397,-6030.996747000143,100.74092459171548,0.0,134.25031527702205,81725.6894607146,99633.96164875056,19.8,24.000000000000018,107.0,489.608,489.608,1643538.2164867,1643538.2164867,101.111956964079,101.111956964079,1408228.320329851,1123235.031202417,618651.2627383422,482554.3060183496,569451.16057343,1013858.9276642874,693172.3090348076,False,,False,RAW_REBUILD_v2_20260725,False,False
2025-07-23,1408228.320329851,489.801,1704320.2680112,66813.04827150004,104.85132372554756,58.6,186.13779951317093,54196.43451417622,81725.6894607146,78.4,78.40000000000002,86.80000000000001,489.589,489.608,1637507.2197397,1643538.2164867,100.74092459171548,101.111956964079,1123235.031202417,618651.2627383422,482554.3060183496,569451.16057343,1013858.9276642874,693172.3090348076,814190.4286079169,False,,False,RAW_REBUILD_v2_20260725,False,False
2025-07-24,1123235.031202417,489.943,1747400.294549,43080.026537799975,107.50164590583296,39.8,216.6309095375124,1408228.320329851,54196.43451417622,98.4,118.20000000000002,122.4,489.801,489.589,1704320.2680112,1637507.2197397,104.85132372554756,100.74092459171548,618651.2627383422,482554.3060183496,569451.16057343,1013858.9276642874,693172.3090348076,814190.4286079169,524269.63406137016,False,,False,RAW_REBUILD_v2_20260725,False,False
2025-07-25,618651.2627383422,489.82098,1710454.4363393,-36945.85820970009,105.22870330685544,8.8,214.5993640606368,1123235.031202417,1408228.320329851,107.2,127.0,127.0,489.943,489.801,1747400.294549,1704320.2680112,107.50164590583296,104.85132372554756,482554.3060183496,569451.16057343,1013858.9276642874,693172.3090348076,814190.4286079169,524269.63406137016,376758.4906079205,False,,False,RAW_REBUILD_v2_20260725,False,False
2025-07-26,482554.3060183496,489.769,1692113.6615758,-18340.77476349985,104.10036226192427,6.0,209.8693958576049,618651.2627383422,1123235.031202417,54.6,113.20000000000002,133.0,489.82098,489.943,1710454.4363393,1747400.294549,105.22870330685544,107.50164590583296,569451.16057343,1013858.9276642874,693172.3090348076,814190.4286079169,524269.63406137016,376758.4906079205,279414.65755679697,False,,False,RAW_REBUILD_v2_20260725,False,False
2025-07-27,569451.16057343,489.73,1682975.6527669,-9138.008808900137,103.53818369853316,0.0,199.37592606472464,482554.3060183496,618651.2627383422,14.799999999999994,113.20000000000002,133.0,489.769,489.82098,1692113.6615758,1710454.4363393,104.10036226192427,105.22870330685544,1013858.9276642874,693172.3090348076,814190.4286079169,524269.63406137016,376758.4906079205,279414.65755679697,177123.0132425187,False,,False,RAW_REBUILD_v2_20260725,False,False
2025-07-28,1013858.9276642874,489.911,1738141.5165157,55165.86374880001,106.93203751057204,50.4,239.8071297614884,569451.16057343,482554.3060183496,56.39999999999999,105.0,163.6,489.73,489.769,1682975.6527669,1692113.6615758,103.53818369853316,104.10036226192427,693172.3090348076,814190.4286079169,524269.63406137016,376758.4906079205,279414.65755679697,177123.0132425187,95934.4783318601,False,,False,RAW_REBUILD_v2_20260725,False,False
2025-07-29,693172.3090348076,489.82,1710454.4363393,-27687.08017640002,105.22870330685544,0.4,228.216773273414,1013858.9276642874,569451.16057343,50.79999999999999,65.60000000000002,164.0,489.911,489.73,1738141.5165157,1682975.6527669,106.93203751057204,103.53818369853316,814190.4286079169,524269.63406137016,376758.4906079205,279414.65755679697,177123.0132425187,95934.4783318601,32089.468438052176,False,,False,RAW_REBUILD_v2_20260725,False,False
2025-07-30,814190.4286079169,489.86,1722743.3880805,12288.951741200171,105.98473072813806,24.8,241.6059346097433,693172.3090348076,1013858.9276642874,75.6,81.60000000000002,130.2,489.82,489.911,1710454.4363393,1738141.5165157,105.22870330685544,106.93203751057204,524269.63406137016,376758.4906079205,279414.65755679697,177123.0132425187,95934.4783318601,32089.468438052176,7940.225857899795,False,,False,RAW_REBUILD_v2_20260725,False,False
2025-07-31,524269.63406137016,489.789,1698213.642694,-24529.745386500144,104.47563861517123,0.4,229.9256378792561,814190.4286079169,693172.3090348076,25.59999999999999,76.00000000000001,90.79999999999998,489.86,489.82,1722743.3880805,1710454.4363393,105.98473072813806,105.22870330685544,376758.4906079205,279414.65755679697,177123.0132425187,95934.4783318601,32089.468438052176,7940.225857899795,4150.658627724763,False,,False,RAW_REBUILD_v2_20260725,False,False
2025-08-01,376758.4906079205,489.736,1682975.6527669,-15237.989927100018,103.53818369853316,1.6,220.02935598529328,524269.63406137016,814190.4286079169,26.799999999999997,77.60000000000002,83.6,489.789,489.86,1698213.642694,1722743.3880805,104.47563861517123,105.98473072813806,279414.65755679697,177123.0132425187,95934.4783318601,32089.468438052176,7940.225857899795,4150.658627724763,6751.385426095419,False,,False,RAW_REBUILD_v2_20260725,False,False
2025-08-02,279414.65755679697,489.704,1673851.7406958,-9123.91207109997,102.97687237919608,0.0,209.0278881860286,376758.4906079205,524269.63406137016,1.999999999999993,27.200000000000014,77.6,489.736,489.789,1682975.6527669,1698213.642694,103.53818369853316,104.47563861517123,177123.0132425187,95934.4783318601,32089.468438052176,7940.225857899795,4150.658627724763,6751.385426095419,6105.144154104632,False,,False,RAW_REBUILD_v2_20260725,False,False
2025-08-03,177123.0132425187,489.66,1661708.0167959,-12143.723899899982,102.22977950600747,0.0,198.5764937767272,279414.65755679697,376758.4906079205,1.599999999999993,26.80000000000001,77.6,489.704,489.736,1673851.7406958,1682975.6527669,102.97687237919608,103.53818369853316,95934.4783318601,32089.468438052176,7940.225857899795,4150.658627724763,6751.385426095419,6105.144154104632,7134.920613594863,False,,False,RAW_REBUILD_v2_20260725,False,False
2025-08-04,95934.4783318601,489.62,1649588.4715397,-12119.545256200014,101.48417412483865,0.0,188.6476690878908,177123.0132425187,279414.65755679697,0.0,2.000000000000014,27.2,489.66,489.704,1661708.0167959,1673851.7406958,102.22977950600747,102.97687237919608,32089.468438052176,7940.225857899795,4150.658627724763,6751.385426095419,6105.144154104632,7134.920613594863,4248.592376617488,False,,False,RAW_REBUILD_v2_20260725,False,False
2025-08-05,32089.468438052176,489.583,1637507.2197397,-12081.251799999967,100.74092459171548,0.0,179.21528563349628,95934.4783318601,177123.0132425187,0.0,1.6000000000000143,26.8,489.62,489.66,1649588.4715397,1661708.0167959,101.48417412483865,102.22977950600747,7940.225857899795,4150.658627724763,6751.385426095419,6105.144154104632,7134.920613594863,4248.592376617488,13195.054832284008,False,,False,RAW_REBUILD_v2_20260725,False,False
2025-08-06,7940.225857899795,489.551,1628472.3057532,-9034.913986499889,100.18508851500414,2.0,172.25452135182147,32089.468438052176,95934.4783318601,1.999999999999993,2.000000000000014,4.0,489.583,489.62,1637507.2197397,1649588.4715397,100.74092459171548,101.48417412483865,4150.658627724763,6751.385426095419,6105.144154104632,7134.920613594863,4248.592376617488,13195.054832284008,58290.83118890093,False,,False,RAW_REBUILD_v2_20260725,False,False
2025-08-07,4150.658627724763,489.517,1616447.3000027,-12025.005750500131,99.445299289697,0.0,163.6417952842304,7940.225857899795,32089.468438052176,1.999999999999993,2.000000000000014,3.6,489.551,489.583,1628472.3057532,1637507.2197397,100.18508851500414,100.74092459171548,6751.385426095419,6105.144154104632,7134.920613594863,4248.592376617488,13195.054832284008,58290.83118890093,98994.80942029496,False,,False,RAW_REBUILD_v2_20260725,False,False
2025-08-08,6751.385426095419,489.486,1607444.5930314,-9002.706971299835,98.8914446176784,1.4,156.85970552001888,4150.658627724763,7940.225857899795,3.399999999999993,3.400000000000014,3.4,489.517,489.551,1616447.3000027,1628472.3057532,99.445299289697,100.18508851500414,6105.144154104632,7134.920613594863,4248.592376617488,13195.054832284008,58290.83118890093,98994.80942029496,124187.9530121314,False,,False,RAW_REBUILD_v2_20260725,False,False
2025-08-09,6105.144154104632,489.454,1598455.4724356,-8989.120595800225,98.33842579176364,3.6,152.61672024401793,6751.385426095419,4150.658627724763,4.999999999999993,7.000000000000014,7.0,489.486,489.517,1607444.5930314,1616447.3000027,98.8914446176784,99.445299289697,7134.920613594863,4248.592376617488,13195.054832284008,58290.83118890093,98994.80942029496,124187.9530121314,677549.229510107,False,,False,RAW_REBUILD_v2_20260725,False,False
2025-08-10,7134.920613594863,489.421,1589479.7778056,-8975.694629999809,97.78623294340308,0.2,145.185884231817,6105.144154104632,6751.385426095419,5.199999999999993,7.200000000000014,7.2,489.454,489.486,1598455.4724356,1607444.5930314,98.33842579176364,98.8914446176784,4248.592376617488,13195.054832284008,58290.83118890093,98994.80942029496,124187.9530121314,677549.229510107,986564.2205455386,False,,False,RAW_REBUILD_v2_20260725,False,False
2025-08-11,4248.592376617488,489.383,1577566.834908,-11912.942897600122,97.05333792611984,0.0,137.92659002022614,7134.920613594863,6105.144154104632,3.799999999999993,5.200000000000014,7.2,489.421,489.454,1589479.7778056,1598455.4724356,97.78623294340308,98.33842579176364,13195.054832284008,58290.83118890093,98994.80942029496,124187.9530121314,677549.229510107,986564.2205455386,659131.9769543636,False,,False,RAW_REBUILD_v2_20260725,False,False
2025-08-12,13195.054832284008,489.371,1574601.0268989,-2965.8080090999138,96.87087873607992,0.0,131.03026051921483,4248.592376617488,7134.920613594863,0.1999999999999929,5.200000000000014,7.2,489.383,489.421,1577566.834908,1589479.7778056,97.05333792611984,97.78623294340308,58290.83118890093,98994.80942029496,124187.9530121314,677549.229510107,986564.2205455386,659131.9769543636,412548.0322237789,False,,False,RAW_REBUILD_v2_20260725,False,False
2025-08-13,58290.83118890093,489.492,1610444.0173448,35842.99044590001,99.0759719131506,27.0,151.4787474932541,13195.054832284008,4248.592376617488,26.999999999999996,30.80000000000001,32.2,489.371,489.383,1574601.0268989,1577566.834908,96.87087873607992,97.05333792611984,98994.80942029496,124187.9530121314,677549.229510107,986564.2205455386,659131.9769543636,412548.0322237789,273036.44452348823,False,,False,RAW_REBUILD_v2_20260725,False,False
2025-08-14,98994.80942029496,489.602,1643538.2164867,33094.199141900055,101.111956964079,11.6,155.5048101185914,58290.83118890093,13195.054832284008,38.6,38.80000000000001,43.8,489.492,489.371,1610444.0173448,1574601.0268989,99.0759719131506,96.87087873607992,124187.9530121314,677549.229510107,986564.2205455386,659131.9769543636,412548.0322237789,273036.44452348823,180929.5410425187,False,,False,RAW_REBUILD_v2_20260725,False,False
2025-08-15,124187.9530121314,489.577,1634494.0165123,-9044.199974400224,100.55554960499676,4.0,151.7295696126618,98994.80942029496,58290.83118890093,42.6,42.600000000000016,46.4,489.602,489.492,1643538.2164867,1610444.0173448,101.111956964079,99.0759719131506,677549.229510107,986564.2205455386,659131.9769543636,412548.0322237789,273036.44452348823,180929.5410425187,166176.7553640838,False,,False,RAW_REBUILD_v2_20260725,False,False
2025-08-16,677549.229510107,489.692,1670813.4823932,36319.46588090016,102.78995598159936,32.2,176.3430911320287,124187.9530121314,98994.80942029496,47.8,74.80000000000001,75.0,489.577,489.602,1634494.0165123,1643538.2164867,100.55554960499676,101.111956964079,986564.2205455386,659131.9769543636,412548.0322237789,273036.44452348823,180929.5410425187,166176.7553640838,178085.30122443952,False,,False,RAW_REBUILD_v2_20260725,False,False
2025-08-17,986564.2205455386,489.88,1728897.6614809,58084.17908769986,106.36334719167036,47.2,214.72593657542723,677549.229510107,124187.9530121314,83.4,122.00000000000004,122.0,489.692,489.577,1670813.4823932,1634494.0165123,102.78995598159936,100.55554960499676,659131.9769543636,412548.0322237789,273036.44452348823,180929.5410425187,166176.7553640838,178085.30122443952,337514.6083024198,False,,False,RAW_REBUILD_v2_20260725,False,False
2025-08-18,659131.9769543636,489.833,1713524.2337389,-15373.42774199997,105.41756001821338,10.6,214.58963974665585,986564.2205455386,677549.229510107,90.0,105.60000000000002,132.6,489.88,489.692,1728897.6614809,1670813.4823932,106.36334719167036,102.78995598159936,412548.0322237789,273036.44452348823,180929.5410425187,166176.7553640838,178085.30122443952,337514.6083024198,215817.9634206344,False,,False,RAW_REBUILD_v2_20260725,False,False
2025-08-19,412548.0322237789,489.757,1689066.0691295,-24458.164609399857,103.91287161936836,0.0,203.86015775932304,659131.9769543636,986564.2205455386,57.8,94.0,132.6,489.833,489.88,1713524.2337389,1728897.6614809,105.41756001821338,106.36334719167036,273036.44452348823,180929.5410425187,166176.7553640838,178085.30122443952,337514.6083024198,215817.9634206344,237530.4861913164,False,,False,RAW_REBUILD_v2_20260725,False,False
2025-08-20,273036.44452348823,489.705,1673851.7406958,-15214.32843370014,102.97687237919608,0.8,194.4671498713569,412548.0322237789,659131.9769543636,11.399999999999991,90.8,106.4,489.757,489.833,1689066.0691295,1713524.2337389,103.91287161936836,105.41756001821338,180929.5410425187,166176.7553640838,178085.30122443952,337514.6083024198,215817.9634206344,237530.4861913164,933148.8432204196,False,,False,RAW_REBUILD_v2_20260725,False,False
2025-08-21,180929.5410425187,489.666,1661708.0167959,-12143.723899899982,102.22977950600747,0.0,184.74379237778905,273036.44452348823,412548.0322237789,0.7999999999999929,58.600000000000016,94.8,489.705,489.757,1673851.7406958,1689066.0691295,102.97687237919608,103.91287161936836,166176.7553640838,178085.30122443952,337514.6083024198,215817.9634206344,237530.4861913164,933148.8432204196,682947.4930877303,False,,False,RAW_REBUILD_v2_20260725,False,False
2025-08-22,166176.7553640838,489.654,1658675.7961467,-3032.220649200026,102.04323455030642,15.2,190.7066027588996,180929.5410425187,273036.44452348823,15.999999999999991,26.600000000000016,106.0,489.666,489.705,1661708.0167959,1673851.7406958,102.22977950600747,102.97687237919608,178085.30122443952,337514.6083024198,215817.9634206344,237530.4861913164,933148.8432204196,682947.4930877303,457141.1065816881,False,,False,RAW_REBUILD_v2_20260725,False,False
2025-08-23,178085.30122443952,489.634,1652616.0060849,-6059.790061800042,101.670430787185,13.4,194.5712726209546,166176.7553640838,180929.5410425187,28.599999999999994,29.400000000000013,87.2,489.654,489.666,1658675.7961467,1661708.0167959,102.04323455030642,102.22977950600747,337514.6083024198,215817.9634206344,237530.4861913164,933148.8432204196,682947.4930877303,457141.1065816881,337714.76111845404,False,,False,RAW_REBUILD_v2_20260725,False,False
2025-08-24,337514.6083024198,489.705,1673851.7406958,21235.73461090005,102.97687237919608,7.2,192.04270898990688,178085.30122443952,166176.7553640838,35.79999999999999,36.600000000000016,47.2,489.634,489.654,1652616.0060849,1658675.7961467,101.670430787185,102.04323455030642,215817.9634206344,237530.4861913164,933148.8432204196,682947.4930877303,457141.1065816881,337714.76111845404,299004.806307028,False,,False,RAW_REBUILD_v2_20260725,False,False
2025-08-25,215817.9634206344,489.686,1667776.8298904,-6074.910805399995,102.6031383742581,14.0,196.4405735404115,337514.6083024198,178085.30122443952,34.599999999999994,49.80000000000001,50.6,489.705,489.634,1673851.7406958,1652616.0060849,102.97687237919608,101.670430787185,237530.4861913164,933148.8432204196,682947.4930877303,457141.1065816881,337714.76111845404,299004.806307028,237129.5711383255,False,,False,RAW_REBUILD_v2_20260725,False,False
2025-08-26,237530.4861913164,489.648,1655645.1614623,-12131.668428099949,101.8567871645937,12.8,199.4185448633909,215817.9634206344,337514.6083024198,34.0,62.600000000000016,63.4,489.686,489.705,1667776.8298904,1673851.7406958,102.6031383742581,102.97687237919608,933148.8432204196,682947.4930877303,457141.1065816881,337714.76111845404,299004.806307028,237129.5711383255,196072.64086824167,False,,False,RAW_REBUILD_v2_20260725,False,False
2025-08-27,933148.8432204196,489.872,1725819.6938243,70174.53236200009,106.17398783871523,36.4,225.84761762022137,237530.4861913164,215817.9634206344,63.19999999999999,83.80000000000001,99.0,489.648,489.686,1655645.1614623,1667776.8298904,101.8567871645937,102.6031383742581,682947.4930877303,457141.1065816881,337714.76111845404,299004.806307028,237129.5711383255,196072.64086824167,192464.8147562316,False,,False,RAW_REBUILD_v2_20260725,False,False
2025-08-28,682947.4930877303,489.839,1713524.2337389,-12295.460085400147,105.41756001821338,23.0,237.5552367392103,933148.8432204196,237530.4861913164,72.19999999999999,93.4,122.0,489.872,489.648,1725819.6938243,1655645.1614623,106.17398783871523,101.8567871645937,457141.1065816881,337714.76111845404,299004.806307028,237129.5711383255,196072.64086824167,192464.8147562316,128748.91688506235,False,,False,RAW_REBUILD_v2_20260725,False,False
2025-08-29,457141.1065816881,489.77,1695162.8519716,-18361.38176729996,104.28795121177814,0.0,225.67747490224977,682947.4930877303,933148.8432204196,59.39999999999999,86.20000000000002,106.8,489.839,489.872,1713524.2337389,1725819.6938243,105.41756001821338,106.17398783871523,337714.76111845404,299004.806307028,237129.5711383255,196072.64086824167,192464.8147562316,128748.91688506235,78859.64973672011,False,,False,RAW_REBUILD_v2_20260725,False,False
2025-08-30,337714.76111845404,489.717,1676891.4600323,-18271.39193929988,103.16387866091922,0.0,214.39360115713728,457141.1065816881,682947.4930877303,22.999999999999982,72.20000000000002,93.4,489.77,489.839,1695162.8519716,1713524.2337389,104.28795121177814,105.41756001821338,299004.806307028,237129.5711383255,196072.64086824167,192464.8147562316,128748.91688506235,78859.64973672011,44276.17694702645,False,,False,RAW_REBUILD_v2_20260725,False,False
2025-08-31,299004.806307028,489.705,1673851.7406958,-3039.7193365001585,102.97687237919608,13.4,217.07392109928043,337714.76111845404,457141.1065816881,13.399999999999986,72.80000000000001,99.6,489.717,489.77,1676891.4600323,1695162.8519716,103.16387866091922,104.28795121177814,237129.5711383255,196072.64086824167,192464.8147562316,128748.91688506235,78859.64973672011,44276.17694702645,21265.004473392863,False,,False,RAW_REBUILD_v2_20260725,False,False
2025-09-01,237129.5711383255,489.68,1667776.8298904,-6074.910805399995,102.6031383742581,3.8,210.0202250443164,299004.806307028,337714.76111845404,17.199999999999985,40.20000000000002,89.4,489.705,489.717,1673851.7406958,1676891.4600323,102.97687237919608,103.16387866091922,196072.64086824167,192464.8147562316,128748.91688506235,78859.64973672011,44276.17694702645,21265.004473392863,9147.6059040012,False,,False,RAW_REBUILD_v2_20260725,False,False
2025-09-02,196072.64086824167,489.661,1661708.0167959,-6068.813094499987,102.22977950600747,1.4,200.9192137921006,237129.5711383255,299004.806307028,18.599999999999987,18.600000000000016,77.99999999999999,489.68,489.705,1667776.8298904,1673851.7406958,102.6031383742581,102.97687237919608,192464.8147562316,128748.91688506235,78859.64973672011,44276.17694702645,21265.004473392863,9147.6059040012,7149.835815704429,False,,False,RAW_REBUILD_v2_20260725,False,False
2025-09-03,192464.8147562316,489.661,1661708.0167959,0.0,102.22977950600747,3.2,194.0732531024956,196072.64086824167,237129.5711383255,8.399999999999986,21.80000000000001,44.8,489.661,489.68,1661708.0167959,1667776.8298904,102.22977950600747,102.6031383742581,128748.91688506235,78859.64973672011,44276.17694702645,21265.004473392863,9147.6059040012,7149.835815704429,7161.83765655217,False,,False,RAW_REBUILD_v2_20260725,False,False
2025-09-04,128748.91688506235,489.63998,1652616.0060849,-9092.010711000068,101.670430787185,0.0,184.3695904473708,192464.8147562316,196072.64086824167,4.599999999999985,21.80000000000001,21.8,489.661,489.661,1661708.0167959,1661708.0167959,102.22977950600747,102.22977950600747,78859.64973672011,44276.17694702645,21265.004473392863,9147.6059040012,7149.835815704429,7161.83765655217,11367.816099604432,False,,False,RAW_REBUILD_v2_20260725,False,False
2025-09-05,78859.64973672011,489.608,1643538.2164867,-9077.789598199772,101.111956964079,0.0,175.15111092500223,128748.91688506235,192464.8147562316,3.199999999999986,8.400000000000015,21.8,489.63998,489.661,1652616.0060849,1661708.0167959,101.670430787185,102.22977950600747,44276.17694702645,21265.004473392863,9147.6059040012,7149.835815704429,7161.83765655217,11367.816099604432,7177.536098438658,False,,False,RAW_REBUILD_v2_20260725,False,False
2025-09-06,44276.17694702645,489.589,1637507.2197397,-6030.996747000143,100.74092459171548,0.0,166.3935553787521,78859.64973672011,128748.91688506235,0.0,4.600000000000014,21.8,489.608,489.63998,1643538.2164867,1652616.0060849,101.111956964079,101.670430787185,21265.004473392863,9147.6059040012,7149.835815704429,7161.83765655217,11367.816099604432,7177.536098438658,4201.392511000416,False,,False,RAW_REBUILD_v2_20260725,False,False
2025-09-07,21265.004473392863,489.564,1631482.3951735,-6024.82456619991,100.37027193749492,0.0,158.07387760981447,44276.17694702645,78859.64973672011,0.0,3.2000000000000144,8.4,489.589,489.608,1637507.2197397,1643538.2164867,100.74092459171548,101.111956964079,9147.6059040012,7149.835815704429,7161.83765655217,11367.816099604432,7177.536098438658,4201.392511000416,7248.724280855155,False,,False,RAW_REBUILD_v2_20260725,False,False
2025-09-08,9147.6059040012,489.544,1625463.7590197,-6018.636153799947,100.0,4.4,154.57018372932376,21265.004473392863,44276.17694702645,4.399999999999986,4.400000000000015,9.0,489.564,489.589,1631482.3951735,1637507.2197397,100.37027193749492,100.74092459171548,7149.835815704429,7161.83765655217,11367.816099604432,7177.536098438658,4201.392511000416,7248.724280855155,5663.274859099049,False,,False,RAW_REBUILD_v2_20260725,False,False
2025-09-09,7149.835815704429,489.518,1616447.3000027,-9016.45901700016,99.445299289697,0.0,146.84167454285756,9147.6059040012,21265.004473392863,4.399999999999986,4.400000000000015,7.6,489.544,489.564,1625463.7590197,1631482.3951735,100.0,100.37027193749492,7161.83765655217,11367.816099604432,7177.536098438658,4201.392511000416,7248.724280855155,5663.274859099049,11472.3095667634,False,,False,RAW_REBUILD_v2_20260725,False,False
2025-09-10,7161.83765655217,489.486,1607444.5930314,-9002.706971299835,98.8914446176784,0.0,139.49959081571467,7149.835815704429,9147.6059040012,4.399999999999986,4.400000000000015,4.4,489.518,489.544,1616447.3000027,1625463.7590197,99.445299289697,100.0,11367.816099604432,7177.536098438658,4201.392511000416,7248.724280855155,5663.274859099049,11472.3095667634,13190.014880184804,False,,False,RAW_REBUILD_v2_20260725,False,False
2025-09-11,11367.816099604432,489.474,1604446.718559,-2997.874472400173,98.70701266982567,6.0,138.52461127492893,7161.83765655217,7149.835815704429,5.999999999999986,10.400000000000016,10.4,489.486,489.518,1607444.5930314,1616447.3000027,98.8914446176784,99.445299289697,7177.536098438658,4201.392511000416,7248.724280855155,5663.274859099049,11472.3095667634,13190.014880184804,1374.8609051012572,False,,False,RAW_REBUILD_v2_20260725,False,False
2025-09-12,7177.536098438658,489.448,1595462.0162961,-8984.702262899838,98.15426566374548,0.0,131.59838071118247,11367.816099604432,7161.83765655217,5.999999999999986,10.400000000000016,10.4,489.474,489.486,1604446.718559,1607444.5930314,98.70701266982567,98.8914446176784,4201.392511000416,7248.724280855155,5663.274859099049,11472.3095667634,13190.014880184804,1374.8609051012572,2823.602858348688,False,,False,RAW_REBUILD_v2_20260725,False,False
2025-09-13,4201.392511000416,489.409,1583503.9153768,-11958.100919299992,97.41859248414092,0.0,125.01846167562334,7177.536098438658,11367.816099604432,5.999999999999986,6.000000000000014,10.4,489.448,489.474,1595462.0162961,1604446.718559,98.15426566374548,98.70701266982567,7248.724280855155,5663.274859099049,11472.3095667634,13190.014880184804,1374.8609051012572,2823.602858348688,970.0865243654912,False,,False,RAW_REBUILD_v2_20260725,False,False
2025-09-14,7248.724280855155,489.372,1574601.0268989,-8902.888477900065,96.87087873607992,0.0,118.76753859184215,4201.392511000416,7177.536098438658,0.0,6.000000000000014,10.4,489.409,489.448,1583503.9153768,1595462.0162961,97.41859248414092,98.15426566374548,5663.274859099049,11472.3095667634,13190.014880184804,1374.8609051012572,2823.602858348688,970.0865243654912,8280.18768312879,False,,False,RAW_REBUILD_v2_20260725,False,False
2025-09-15,5663.274859099049,489.359,1568674.6777429,-5926.349155999953,96.50628437812423,15.4,128.22916166225005,7248.724280855155,4201.392511000416,15.399999999999986,21.400000000000013,21.4,489.372,489.409,1574601.0268989,1583503.9153768,96.87087873607992,97.41859248414092,11472.3095667634,13190.014880184804,1374.8609051012572,2823.602858348688,970.0865243654912,8280.18768312879,3890.809135972033,False,,False,RAW_REBUILD_v2_20260725,False,False
2025-09-16,11472.3095667634,489.343,1565714.0163252,-2960.661417700117,96.32414181104016,5.8,127.61770357913754,5663.274859099049,7248.724280855155,21.199999999999985,21.200000000000014,27.2,489.359,489.372,1568674.6777429,1574601.0268989,96.50628437812423,96.87087873607992,13190.014880184804,1374.8609051012572,2823.602858348688,970.0865243654912,8280.18768312879,3890.809135972033,1038.3203905585058,False,,False,RAW_REBUILD_v2_20260725,False,False
2025-09-17,13190.014880184804,489.337,1562754.9976601,-2959.018665099982,96.1421003075812,0.0,121.23681840018064,11472.3095667634,5663.274859099049,21.199999999999985,21.200000000000014,27.2,489.343,489.359,1565714.0163252,1568674.6777429,96.32414181104016,96.50628437812423,1374.8609051012572,2823.602858348688,970.0865243654912,8280.18768312879,3890.809135972033,1038.3203905585058,1525.7634288202903,False,,False,RAW_REBUILD_v2_20260725,False,False
2025-09-18,1374.8609051012572,489.284,1547983.8767252,-14771.120934899896,95.233367593429,0.0,115.17497748017162,13190.014880184804,11472.3095667634,5.799999999999986,21.200000000000014,21.2,489.337,489.343,1562754.9976601,1565714.0163252,96.1421003075812,96.32414181104016,2823.602858348688,970.0865243654912,8280.18768312879,3890.809135972033,1038.3203905585058,1525.7634288202903,13797.653686861006,False,,False,RAW_REBUILD_v2_20260725,False,False
2025-09-19,2823.602858348688,489.246,1536194.8351113,-11789.041613900104,94.50809509513536,5.2,114.61622860616303,1374.8609051012572,13190.014880184804,5.199999999999986,26.400000000000013,26.4,489.284,489.337,1547983.8767252,1562754.9976601,95.233367593429,96.1421003075812,970.0865243654912,8280.18768312879,3890.809135972033,1038.3203905585058,1525.7634288202903,13797.653686861006,7375.965754211753,False,,False,RAW_REBUILD_v2_20260725,False,False
2025-09-20,970.0865243654912,489.198,1521494.7669134,-14700.068197899964,93.60373360960058,1.6,110.48541717585488,2823.602858348688,1374.8609051012572,6.7999999999999865,12.600000000000014,28.0,489.246,489.284,1536194.8351113,1547983.8767252,94.50809509513536,95.233367593429,8280.18768312879,3890.809135972033,1038.3203905585058,1525.7634288202903,13797.653686861006,7375.965754211753,7382.317161778263,False,,False,RAW_REBUILD_v2_20260725,False,False
2025-09-21,8280.18768312879,489.173,1515629.6565953,-5865.11031810008,93.24290672031717,6.8,111.76114631706211,970.0865243654912,2823.602858348688,13.599999999999984,13.600000000000016,34.8,489.198,489.246,1521494.7669134,1536194.8351113,93.60373360960058,94.50809509513536,3890.809135972033,1038.3203905585058,1525.7634288202903,13797.653686861006,7375.965754211753,7382.317161778263,7097.32289302661,False,,False,RAW_REBUILD_v2_20260725,False,False
2025-09-22,3890.809135972033,489.135,1503910.109441,-11719.547154299917,92.5219095840065,1.8,107.97308900120902,8280.18768312879,970.0865243654912,10.199999999999983,15.400000000000016,21.200000000000003,489.173,489.198,1515629.6565953,1521494.7669134,93.24290672031717,93.60373360960058,1038.3203905585058,1525.7634288202903,13797.653686861006,7375.965754211753,7382.317161778263,7097.32289302661,4484.044160908431,False,,False,RAW_REBUILD_v2_20260725,False,False
2025-09-23,1038.3203905585058,489.089,1489280.5058131,-14629.603627900127,91.62188314252352,1.6,104.17443455114856,3890.809135972033,8280.18768312879,10.199999999999983,17.000000000000014,17.0,489.135,489.173,1503910.109441,1515629.6565953,92.5219095840065,93.24290672031717,1525.7634288202903,13797.653686861006,7375.965754211753,7382.317161778263,7097.32289302661,4484.044160908431,5657.864205080682,False,,False,RAW_REBUILD_v2_20260725,False,False
2025-09-24,1525.7634288202903,489.03198,1474672.1813453,-14608.32446779986,90.72316581420796,0.0,98.96571282359112,1038.3203905585058,3890.809135972033,3.399999999999986,11.800000000000017,17.0,489.089,489.135,1489280.5058131,1503910.109441,91.62188314252352,92.5219095840065,13797.653686861006,7375.965754211753,7382.317161778263,7097.32289302661,4484.044160908431,5657.864205080682,15817.94020789491,False,,False,RAW_REBUILD_v2_20260725,False,False
2025-09-25,13797.653686861006,489.044,1477592.1420387,2919.9606933998875,90.90280443593647,18.0,112.01742718241157,1525.7634288202903,1038.3203905585058,19.599999999999987,28.200000000000014,35.0,489.03198,489.089,1474672.1813453,1489280.5058131,90.72316581420796,91.62188314252352,7375.965754211753,7382.317161778263,7097.32289302661,4484.044160908431,5657.864205080682,15817.94020789491,6919.141348276203,False,,False,RAW_REBUILD_v2_20260725,False,False
2025-09-26,7375.965754211753,489.018,1468834.6627917,-8757.479246999836,90.36403639522167,0.0,106.41655582329096,13797.653686861006,1525.7634288202903,17.999999999999986,21.400000000000013,29.8,489.044,489.03198,1477592.1420387,1474672.1813453,90.90280443593647,90.72316581420796,7382.317161778263,7097.32289302661,4484.044160908431,5657.864205080682,15817.94020789491,6919.141348276203,13143.437283754383,False,,False,RAW_REBUILD_v2_20260725,False,False
2025-09-27,7382.317161778263,488.986,1460084.4867828,-8750.176008900162,89.82571765631744,0.0,101.09572803212642,7375.965754211753,13797.653686861006,17.999999999999986,19.600000000000016,28.2,489.018,489.044,1468834.6627917,1477592.1420387,90.36403639522167,90.90280443593647,7097.32289302661,4484.044160908431,5657.864205080682,15817.94020789491,6919.141348276203,13143.437283754383,9657.860847183736,False,,False,RAW_REBUILD_v2_20260725,False,False
2025-09-28,7097.32289302661,488.956,1451341.5620411,-8742.924741699826,89.28784502192708,1.0,97.0409416305201,7382.317161778263,7375.965754211753,0.9999999999999858,19.00000000000001,22.4,488.986,489.018,1460084.4867828,1468834.6627917,89.82571765631744,90.36403639522167,4484.044160908431,5657.864205080682,15817.94020789491,6919.141348276203,13143.437283754383,9657.860847183736,9370.360470287887,False,,False,RAW_REBUILD_v2_20260725,False,False
2025-09-29,4484.044160908431,488.91,1439695.2819464,-11646.280094700169,88.57135534136208,0.0,92.18889454899409,7097.32289302661,7382.317161778263,0.9999999999999858,19.00000000000001,20.6,488.956,488.986,1451341.5620411,1460084.4867828,89.28784502192708,89.82571765631744,5657.864205080682,15817.94020789491,6919.141348276203,13143.437283754383,9657.860847183736,9370.360470287887,4441.719105346904,False,,False,RAW_REBUILD_v2_20260725,False,False
2025-09-30,5657.864205080682,488.892,1433876.8830075,-5818.39893889986,88.21340217835775,16.0,103.57944982154436,4484.044160908431,7097.32289302661,16.999999999999986,17.000000000000014,35.0,488.91,488.956,1439695.2819464,1451341.5620411,88.57135534136208,89.28784502192708,15817.94020789491,6919.141348276203,13143.437283754383,9657.860847183736,9370.360470287887,4441.719105346904,4452.9563767526815,False,,False,RAW_REBUILD_v2_20260725,False,False
2025-10-01,15817.94020789491,488.904,1436785.673304,2908.7902964998502,88.3923535871701,10.8,109.20047733046717,5657.864205080682,4484.044160908431,26.799999999999983,27.80000000000001,45.8,488.892,488.91,1433876.8830075,1439695.2819464,88.21340217835775,88.57135534136208,6919.141348276203,13143.437283754383,9657.860847183736,9370.360470287887,4441.719105346904,4452.9563767526815,17843.03491368231,False,,False,RAW_REBUILD_v2_20260725,False,False
2025-10-02,6919.141348276203,488.879,1428061.5598544,-8724.113449599827,87.85563824047661,1.4,105.1404534639438,15817.94020789491,5657.864205080682,28.199999999999985,29.200000000000014,29.2,488.904,488.892,1436785.673304,1433876.8830075,88.3923535871701,88.21340217835775,13143.437283754383,9657.860847183736,9370.360470287887,4441.719105346904,4452.9563767526815,17843.03491368231,62279.20594814246,False,,False,RAW_REBUILD_v2_20260725,False,False
2025-10-03,13143.437283754383,488.866,1425155.0669105,-2906.492943900172,87.67682816687318,0.0,99.8834307907466,6919.141348276203,15817.94020789491,12.199999999999989,28.200000000000014,29.2,488.879,488.904,1428061.5598544,1436785.673304,87.85563824047661,88.3923535871701,9657.860847183736,9370.360470287887,4441.719105346904,4452.9563767526815,17843.03491368231,62279.20594814246,24086.84775542709,False,,False,RAW_REBUILD_v2_20260725,False,False
2025-10-04,9657.860847183736,488.848,1419344.4679611,-5810.59894940001,87.3193548662747,2.0,96.88925925120928,13143.437283754383,6919.141348276203,3.3999999999999857,30.200000000000014,31.2,488.866,488.879,1425155.0669105,1428061.5598544,87.67682816687318,87.85563824047661,9370.360470287887,4441.719105346904,4452.9563767526815,17843.03491368231,62279.20594814246,24086.84775542709,13139.926765396176,False,,False,RAW_REBUILD_v2_20260725,False,False
2025-10-05,9370.360470287887,488.82098,1413536.9222839,-5807.54567719996,86.96206940574234,3.0,95.0447962886488,9657.860847183736,13143.437283754383,4.999999999999986,17.200000000000014,33.2,488.848,488.866,1419344.4679611,1425155.0669105,87.3193548662747,87.67682816687318,4441.719105346904,4452.9563767526815,17843.03491368231,62279.20594814246,24086.84775542709,13139.926765396176,10229.760917854082,False,,False,RAW_REBUILD_v2_20260725,False,False
2025-10-06,4441.719105346904,488.789,1401930.957596,-11605.96468789992,86.24805996545193,0.0,90.29255647421635,9370.360470287887,9657.860847183736,4.999999999999986,6.400000000000015,33.2,488.82098,488.848,1413536.9222839,1419344.4679611,86.96206940574234,87.3193548662747,4452.9563767526815,17843.03491368231,62279.20594814246,24086.84775542709,13139.926765396176,10229.760917854082,10232.383184925226,False,,False,RAW_REBUILD_v2_20260725,False,False
2025-10-07,4452.9563767526815,488.745,1390337.3398593,-11593.617736699993,85.53481012076195,0.0,85.77792865050553,4441.719105346904,9370.360470287887,2.999999999999986,5.000000000000014,17.2,488.789,488.82098,1401930.957596,1413536.9222839,86.24805996545193,86.96206940574234,17843.03491368231,62279.20594814246,24086.84775542709,13139.926765396176,10229.760917854082,10232.383184925226,9595.383743698325,False,,False,RAW_REBUILD_v2_20260725,False,False
2025-10-08,17843.03491368231,488.75198,1393234.6316031,2897.291743800044,85.71305412821661,3.8,85.28903221798025,4452.9563767526815,4441.719105346904,3.7999999999999856,8.800000000000013,10.2,488.745,488.789,1390337.3398593,1401930.957596,85.53481012076195,86.24805996545193,62279.20594814246,24086.84775542709,13139.926765396176,10229.760917854082,10232.383184925226,9595.383743698325,41838.35377098208,False,,False,RAW_REBUILD_v2_20260725,False,False
2025-10-09,62279.20594814246,488.91,1439695.2819464,46460.65034329984,88.57135534136208,0.8,81.82458060708123,17843.03491368231,4452.9563767526815,4.599999999999985,7.600000000000014,9.6,488.75198,488.745,1393234.6316031,1390337.3398593,85.71305412821661,85.53481012076195,24086.84775542709,13139.926765396176,10229.760917854082,10232.383184925226,9595.383743698325,41838.35377098208,42136.963545253326,False,,False,RAW_REBUILD_v2_20260725,False,False
2025-10-10,24086.84775542709,488.943,1448428.8738585,8733.591912100092,89.10865381163786,2.4,80.13335157672716,62279.20594814246,17843.03491368231,6.999999999999986,7.000000000000013,12.0,488.91,488.75198,1439695.2819464,1393234.6316031,88.57135534136208,85.71305412821661,13139.926765396176,10229.760917854082,10232.383184925226,9595.383743698325,41838.35377098208,42136.963545253326,73149.23137640933,False,,False,RAW_REBUILD_v2_20260725,False,False
2025-10-11,13139.926765396176,488.936,1445516.8740723,-2911.999786200002,88.92950495211753,0.0,76.12668399789081,24086.84775542709,62279.20594814246,3.199999999999986,7.000000000000014,10.0,488.943,488.91,1448428.8738585,1439695.2819464,89.10865381163786,88.57135534136208,10229.760917854082,10232.383184925226,9595.383743698325,41838.35377098208,42136.963545253326,73149.23137640933,57575.848315913776,False,,False,RAW_REBUILD_v2_20260725,False,False
2025-10-12,10229.760917854082,488.917,1439695.2819464,-5821.59212590009,88.57135534136208,0.0,72.32034979799626,13139.926765396176,24086.84775542709,2.399999999999986,7.000000000000014,6.999999999999999,488.936,488.943,1445516.8740723,1448428.8738585,88.92950495211753,89.10865381163786,10232.383184925226,9595.383743698325,41838.35377098208,42136.963545253326,73149.23137640933,57575.848315913776,59597.44767041102,False,,False,RAW_REBUILD_v2_20260725,False,False
2025-10-13,10232.383184925226,488.891,1433876.8830075,-5818.39893889986,88.21340217835775,0.0,68.70433230809644,10229.760917854082,13139.926765396176,0.0,3.200000000000014,7.0,488.917,488.936,1439695.2819464,1445516.8740723,88.57135534136208,88.92950495211753,9595.383743698325,41838.35377098208,42136.963545253326,73149.23137640933,57575.848315913776,59597.44767041102,160128.78104252563,False,,False,RAW_REBUILD_v2_20260725,False,False
2025-10-14,9595.383743698325,488.872,1428061.5598544,-5815.3231530999765,87.85563824047661,2.2,67.46911569269162,10232.383184925226,10229.760917854082,2.199999999999986,4.600000000000014,9.2,488.891,488.917,1433876.8830075,1439695.2819464,88.21340217835775,88.57135534136208,41838.35377098208,42136.963545253326,73149.23137640933,57575.848315913776,59597.44767041102,160128.78104252563,224197.7300440608,False,,False,RAW_REBUILD_v2_20260725,False,False
2025-10-15,41838.35377098208,488.961,1454255.069173,26193.509318599943,89.46708661471763,1.4,65.49565990805704,9595.383743698325,10232.383184925226,3.599999999999986,3.6000000000000143,6.799999999999999,488.872,488.891,1428061.5598544,1433876.8830075,87.85563824047661,88.21340217835775,42136.963545253326,73149.23137640933,57575.848315913776,59597.44767041102,160128.78104252563,224197.7300440608,225138.18840221464,False,,False,RAW_REBUILD_v2_20260725,False,False
2025-10-16,42136.963545253326,489.07,1486357.15604,32102.086866999976,91.44203602154786,20.6,82.82087691265419,41838.35377098208,9595.383743698325,24.19999999999999,24.200000000000017,26.6,488.961,488.872,1454255.069173,1428061.5598544,89.46708661471763,87.85563824047661,73149.23137640933,57575.848315913776,59597.44767041102,160128.78104252563,224197.7300440608,225138.18840221464,173020.97051566088,False,,False,RAW_REBUILD_v2_20260725,False,False
2025-10-17,73149.23137640933,489.285,1547983.8767252,61626.72068520007,95.233367593429,15.4,94.07983306702148,42136.963545253326,41838.35377098208,37.39999999999999,39.600000000000016,39.6,489.07,488.961,1486357.15604,1454255.069173,91.44203602154786,89.46708661471763,57575.848315913776,59597.44767041102,160128.78104252563,224197.7300440608,225138.18840221464,173020.97051566088,130773.2730821234,False,,False,RAW_REBUILD_v2_20260725,False,False
2025-10-18,57575.848315913776,489.424,1589479.7778056,41495.901080399984,97.78623294340308,0.0,89.3758414136704,73149.23137640933,42136.963545253326,35.99999999999999,39.600000000000016,39.6,489.285,489.07,1547983.8767252,1486357.15604,95.233367593429,91.44203602154786,59597.44767041102,160128.78104252563,224197.7300440608,225138.18840221464,173020.97051566088,130773.2730821234,77792.34877595297,False,,False,RAW_REBUILD_v2_20260725,False,False
2025-10-19,59597.44767041102,489.52798,1619451.3170382,29971.53923260001,99.630109133585,0.0,84.90704934298688,57575.848315913776,73149.23137640933,15.399999999999986,37.40000000000001,39.6,489.424,489.285,1589479.7778056,1547983.8767252,97.78623294340308,95.233367593429,160128.78104252563,224197.7300440608,225138.18840221464,173020.97051566088,130773.2730821234,77792.34877595297,44784.93200466422,False,,False,RAW_REBUILD_v2_20260725,False,False
2025-10-20,160128.78104252563,489.618,1646562.4785364,27111.16149819992,101.29801229954364,5.2,85.86169687583754,59597.44767041102,57575.848315913776,5.199999999999986,41.20000000000002,44.8,489.52798,489.424,1619451.3170382,1589479.7778056,99.630109133585,97.78623294340308,224197.7300440608,225138.18840221464,173020.97051566088,130773.2730821234,77792.34877595297,44784.93200466422,18567.957467475244,False,,False,RAW_REBUILD_v2_20260725,False,False
2025-10-21,224197.7300440608,489.65698,1658675.7961467,12113.317610299911,102.04323455030642,0.0,81.56861203204566,160128.78104252563,59597.44767041102,5.199999999999986,20.600000000000016,42.6,489.618,489.52798,1646562.4785364,1619451.3170382,101.29801229954364,99.630109133585,225138.18840221464,173020.97051566088,130773.2730821234,77792.34877595297,44784.93200466422,18567.957467475244,10123.898591554334,False,,False,RAW_REBUILD_v2_20260725,False,False
2025-10-22,225138.18840221464,489.671,1664741.6725648,6065.876418099972,102.41641275156992,0.0,77.49018143044337,224197.7300440608,160128.78104252563,5.199999999999986,5.200000000000014,41.2,489.65698,489.618,1658675.7961467,1646562.4785364,102.04323455030642,101.29801229954364,173020.97051566088,130773.2730821234,77792.34877595297,44784.93200466422,18567.957467475244,10123.898591554334,10072.899036310992,False,,False,RAW_REBUILD_v2_20260725,False,False
2025-10-23,173020.97051566088,489.65698,1658675.7961467,-6065.876418099972,102.04323455030642,0.0,73.6156723589212,225138.18840221464,224197.7300440608,0.0,5.200000000000014,20.6,489.671,489.65698,1664741.6725648,1658675.7961467,102.41641275156992,102.04323455030642,130773.2730821234,77792.34877595297,44784.93200466422,18567.957467475244,10123.898591554334,10072.899036310992,10077.865167052254,False,,False,RAW_REBUILD_v2_20260725,False,False
2025-10-24,130773.2730821234,489.638,1652616.0060849,-6059.790061800042,101.670430787185,0.0,69.93488874097514,173020.97051566088,225138.18840221464,0.0,5.200000000000014,5.2,489.65698,489.671,1658675.7961467,1664741.6725648,102.04323455030642,102.41641275156992,77792.34877595297,44784.93200466422,18567.957467475244,10123.898591554334,10072.899036310992,10077.865167052254,10082.828486909842,False,,False,RAW_REBUILD_v2_20260725,False,False
2025-10-25,77792.34877595297,489.606,1643538.2164867,-9077.789598199772,101.111956964079,0.0,66.43814430392638,130773.2730821234,173020.97051566088,0.0,0.0,5.2,489.638,489.65698,1652616.0060849,1658675.7961467,101.670430787185,102.04323455030642,44784.93200466422,18567.957467475244,10123.898591554334,10072.899036310992,10077.865167052254,10082.828486909842,8473.811983643993,False,,False,RAW_REBUILD_v2_20260725,False,False
2025-10-26,44784.93200466422,489.587,1637507.2197397,-6030.996747000143,100.74092459171548,0.0,63.11623708873006,77792.34877595297,130773.2730821234,0.0,0.0,5.2,489.606,489.638,1643538.2164867,1652616.0060849,101.111956964079,101.670430787185,18567.957467475244,10123.898591554334,10072.899036310992,10077.865167052254,10082.828486909842,8473.811983643993,13211.637814588374,False,,False,RAW_REBUILD_v2_20260725,False,False
2025-10-27,18567.957467475244,489.561,1631482.3951735,-6024.82456619991,100.37027193749492,0.0,59.96042523429355,44784.93200466422,77792.34877595297,0.0,0.0,0.0,489.587,489.606,1637507.2197397,1643538.2164867,100.74092459171548,101.111956964079,10123.898591554334,10072.899036310992,10077.865167052254,10082.828486909842,8473.811983643993,13211.637814588374,6860.046444204823,False,,False,RAW_REBUILD_v2_20260725,False,False
2025-10-28,10123.898591554334,489.542,1625463.7590197,-6018.636153799947,100.0,0.0,56.96240397257887,18567.957467475244,44784.93200466422,0.0,0.0,0.0,489.561,489.587,1631482.3951735,1637507.2197397,100.37027193749492,100.74092459171548,10072.899036310992,10077.865167052254,10082.828486909842,8473.811983643993,13211.637814588374,6860.046444204823,10042.452992125218,False,,False,RAW_REBUILD_v2_20260725,False,False
2025-10-29,10072.899036310992,489.521,1619451.3170382,-6012.441981500015,99.630109133585,0.0,54.11428377394992,10123.898591554334,18567.957467475244,0.0,0.0,0.0,489.542,489.561,1625463.7590197,1631482.3951735,100.0,100.37027193749492,10077.865167052254,10082.828486909842,8473.811983643993,13211.637814588374,6860.046444204823,10042.452992125218,16504.947544731822,False,,False,RAW_REBUILD_v2_20260725,False,False
2025-10-30,10077.865167052254,489.50198,1613444.9319478,-6006.385090399999,99.26059089258634,0.0,51.40856958525242,10072.899036310992,10123.898591554334,0.0,0.0,0.0,489.521,489.542,1619451.3170382,1625463.7590197,99.630109133585,100.0,10082.828486909842,8473.811983643993,13211.637814588374,6860.046444204823,10042.452992125218,16504.947544731822,15909.049794822722,False,,False,RAW_REBUILD_v2_20260725,False,False
2025-10-31,10082.828486909842,489.483,1607444.5930314,-6000.338916399982,98.8914446176784,0.0,48.8381411059898,10077.865167052254,10072.899036310992,0.0,0.0,0.0,489.50198,489.521,1613444.9319478,1619451.3170382,99.26059089258634,99.630109133585,8473.811983643993,13211.637814588374,6860.046444204823,10042.452992125218,16504.947544731822,15909.049794822722,4769.251217883577,False,,False,RAW_REBUILD_v2_20260725,False,False
2025-11-01,8473.811983643993,489.483,1607444.5930314,0.0,98.8914446176784,25.2,71.5962340506903,10082.828486909842,10077.865167052254,25.199999999999985,25.200000000000014,25.2,489.483,489.50198,1607444.5930314,1613444.9319478,98.8914446176784,99.26059089258634,13211.637814588374,6860.046444204823,10042.452992125218,16504.947544731822,15909.049794822722,4769.251217883577,41386.16317848574,False,,False,RAW_REBUILD_v2_20260725,False,False
2025-11-02,13211.637814588374,489.483,1607444.5930314,0.0,98.8914446176784,9.4,77.41642234815579,8473.811983643993,10082.828486909842,34.59999999999999,34.600000000000016,34.6,489.483,489.483,1607444.5930314,1607444.5930314,98.8914446176784,98.8914446176784,6860.046444204823,10042.452992125218,16504.947544731822,15909.049794822722,4769.251217883577,41386.16317848574,324364.2617505552,False,,False,RAW_REBUILD_v2_20260725,False,False
2025-11-03,6860.046444204823,489.451,1598455.4724356,-8989.120595800225,98.33842579176364,0.6,74.145601230748,13211.637814588374,8473.811983643993,35.19999999999999,35.20000000000002,35.2,489.483,489.483,1607444.5930314,1607444.5930314,98.8914446176784,98.8914446176784,10042.452992125218,16504.947544731822,15909.049794822722,4769.251217883577,41386.16317848574,324364.2617505552,368655.75888458063,False,,False,RAW_REBUILD_v2_20260725,False,False
2025-11-04,10042.452992125218,489.438,1592470.1267521,-5985.345683499938,97.97020191409877,0.0,70.4383211692106,6860.046444204823,13211.637814588374,9.999999999999986,35.20000000000002,35.2,489.451,489.483,1598455.4724356,1607444.5930314,98.33842579176364,98.8914446176784,16504.947544731822,15909.049794822722,4769.251217883577,41386.16317848574,324364.2617505552,368655.75888458063,323848.51073321624,False,,False,RAW_REBUILD_v2_20260725,False,False
2025-11-05,16504.947544731822,489.451,1598455.4724356,5985.345683499938,98.33842579176364,18.4,85.31640511075005,10042.452992125218,6860.046444204823,18.999999999999982,53.60000000000001,53.6,489.438,489.451,1592470.1267521,1598455.4724356,97.97020191409877,98.33842579176364,15909.049794822722,4769.251217883577,41386.16317848574,324364.2617505552,368655.75888458063,323848.51073321624,280267.58193712565,False,,False,RAW_REBUILD_v2_20260725,False,False
2025-11-06,15909.049794822722,489.457,1598455.4724356,0.0,98.33842579176364,0.4,81.45058485521255,16504.947544731822,10042.452992125218,18.799999999999983,28.80000000000001,54.0,489.451,489.438,1598455.4724356,1592470.1267521,98.33842579176364,97.97020191409877,4769.251217883577,41386.16317848574,324364.2617505552,368655.75888458063,323848.51073321624,280267.58193712565,238079.5935655484,False,,False,RAW_REBUILD_v2_20260725,False,False
2025-11-07,4769.251217883577,489.445,1595462.0162961,-2993.4561394997872,98.15426566374548,0.0,77.37805561245192,15909.049794822722,16504.947544731822,18.799999999999983,19.400000000000013,54.0,489.457,489.451,1598455.4724356,1598455.4724356,98.33842579176364,98.33842579176364,41386.16317848574,324364.2617505552,368655.75888458063,323848.51073321624,280267.58193712565,238079.5935655484,213597.80433420843,False,,False,RAW_REBUILD_v2_20260725,False,False
2025-11-08,41386.16317848574,489.464,1601450.3446648,5988.328368699877,98.52267303890044,0.4,73.90915283182932,4769.251217883577,15909.049794822722,0.7999999999999858,19.200000000000014,29.2,489.445,489.457,1595462.0162961,1598455.4724356,98.15426566374548,98.33842579176364,324364.2617505552,368655.75888458063,323848.51073321624,280267.58193712565,238079.5935655484,213597.80433420843,192495.6257758496,False,,False,RAW_REBUILD_v2_20260725,False,False
2025-11-09,324364.2617505552,489.677,1664741.6725648,63291.32789999992,102.41641275156992,42.4,112.61369519023783,41386.16317848574,4769.251217883577,42.79999999999998,61.60000000000001,62.2,489.464,489.445,1601450.3446648,1595462.0162961,98.52267303890044,98.15426566374548,368655.75888458063,323848.51073321624,280267.58193712565,238079.5935655484,213597.80433420843,192495.6257758496,175733.50779371275,False,,False,RAW_REBUILD_v2_20260725,False,False
2025-11-10,368655.75888458063,489.721,1679932.8392697,15191.166704900095,103.3509870612464,9.4,116.38301043072596,324364.2617505552,41386.16317848574,52.19999999999998,52.600000000000016,71.0,489.677,489.464,1664741.6725648,1601450.3446648,102.41641275156992,98.52267303890044,323848.51073321624,280267.58193712565,238079.5935655484,213597.80433420843,192495.6257758496,175733.50779371275,177813.58794291277,False,,False,RAW_REBUILD_v2_20260725,False,False
2025-11-11,323848.51073321624,489.715,1676891.4600323,-3041.379237399902,103.16387866091922,0.0,110.56385990918966,368655.75888458063,324364.2617505552,51.79999999999998,52.20000000000002,71.0,489.721,489.677,1679932.8392697,1664741.6725648,103.3509870612464,102.41641275156992,280267.58193712565,238079.5935655484,213597.80433420843,192495.6257758496,175733.50779371275,177813.58794291277,478550.4252622602,False,,False,RAW_REBUILD_v2_20260725,False,False
2025-11-12,280267.58193712565,489.702,1673851.7406958,-3039.7193365001585,102.97687237919608,0.0,105.03566691373015,323848.51073321624,368655.75888458063,9.399999999999986,52.20000000000002,52.6,489.715,489.721,1676891.4600323,1679932.8392697,103.16387866091922,103.3509870612464,238079.5935655484,213597.80433420843,192495.6257758496,175733.50779371275,177813.58794291277,478550.4252622602,957422.964086338,False,,False,RAW_REBUILD_v2_20260725,False,False
2025-11-13,238079.5935655484,489.68298,1667776.8298904,-6074.910805399995,102.6031383742581,0.0,99.78388356804363,280267.58193712565,323848.51073321624,0.0,51.80000000000002,52.2,489.702,489.715,1673851.7406958,1676891.4600323,102.97687237919608,103.16387866091922,213597.80433420843,192495.6257758496,175733.50779371275,177813.58794291277,478550.4252622602,957422.964086338,893123.028104316,False,,False,RAW_REBUILD_v2_20260725,False,False
2025-11-14,213597.80433420843,489.671,1664741.6725648,-3035.157325600041,102.41641275156992,0.0,94.79468938964146,238079.5935655484,280267.58193712565,0.0,9.400000000000022,52.2,489.68298,489.702,1667776.8298904,1673851.7406958,102.6031383742581,102.97687237919608,192495.6257758496,175733.50779371275,177813.58794291277,478550.4252622602,957422.964086338,893123.028104316,612855.6840597584,False,,False,RAW_REBUILD_v2_20260725,False,False
2025-11-15,192495.6257758496,489.664,1661708.0167959,-3033.655768899945,102.22977950600747,0.0,90.05495492015939,213597.80433420843,238079.5935655484,0.0,0.0,51.8,489.671,489.68298,1664741.6725648,1667776.8298904,102.41641275156992,102.6031383742581,175733.50779371275,177813.58794291277,478550.4252622602,957422.964086338,893123.028104316,612855.6840597584,490683.8477683797,False,,False,RAW_REBUILD_v2_20260725,False,False
2025-11-16,175733.50779371275,489.658,1658675.7961467,-3032.220649200026,102.04323455030642,0.0,85.55220717415142,192495.6257758496,213597.80433420843,0.0,0.0,9.4,489.664,489.671,1661708.0167959,1664741.6725648,102.22977950600747,102.41641275156992,177813.58794291277,478550.4252622602,957422.964086338,893123.028104316,612855.6840597584,490683.8477683797,433718.8695659825,False,,False,RAW_REBUILD_v2_20260725,False,False
2025-11-17,177813.58794291277,489.65698,1658675.7961467,0.0,102.04323455030642,0.0,81.27459681544384,175733.50779371275,192495.6257758496,0.0,0.0,0.0,489.658,489.664,1658675.7961467,1661708.0167959,102.04323455030642,102.22977950600747,478550.4252622602,957422.964086338,893123.028104316,612855.6840597584,490683.8477683797,433718.8695659825,379498.75290643546,False,,False,RAW_REBUILD_v2_20260725,False,False
2025-11-18,478550.4252622602,489.727,1679932.8392697,21257.04312300007,103.3509870612464,41.2,118.41086697467163,177813.58794291277,175733.50779371275,41.19999999999999,41.20000000000002,41.2,489.65698,489.658,1658675.7961467,1658675.7961467,102.04323455030642,102.04323455030642,957422.964086338,893123.028104316,612855.6840597584,490683.8477683797,433718.8695659825,379498.75290643546,345857.6981057496,False,,False,RAW_REBUILD_v2_20260725,False,False
2025-11-19,957422.964086338,489.857,1719668.7023854,39735.86311569996,105.79557328442152,31.2,143.69032362593805,478550.4252622602,177813.58794291277,72.39999999999999,72.40000000000002,72.4,489.727,489.65698,1679932.8392697,1658675.7961467,103.3509870612464,102.04323455030642,893123.028104316,612855.6840597584,490683.8477683797,433718.8695659825,379498.75290643546,345857.6981057496,310615.1173997257,False,,False,RAW_REBUILD_v2_20260725,False,False
2025-11-20,893123.028104316,489.88998,1728897.6614809,9228.959095499944,106.36334719167036,16.4,152.90580744464114,957422.964086338,478550.4252622602,88.79999999999998,88.80000000000003,88.8,489.857,489.727,1719668.7023854,1679932.8392697,105.79557328442152,103.3509870612464,612855.6840597584,490683.8477683797,433718.8695659825,379498.75290643546,345857.6981057496,310615.1173997257,288864.69826402166,False,,False,RAW_REBUILD_v2_20260725,False,False
2025-11-21,612855.6840597584,489.818,1707386.3914463,-21511.270034599816,105.03995441128792,0.0,145.26051707240907,893123.028104316,957422.964086338,47.59999999999998,88.80000000000003,88.8,489.88998,489.857,1728897.6614809,1719668.7023854,106.36334719167036,105.79557328442152,490683.8477683797,433718.8695659825,379498.75290643546,345857.6981057496,310615.1173997257,288864.69826402166,272042.76256662153,False,,False,RAW_REBUILD_v2_20260725,False,False
2025-11-22,490683.8477683797,489.774,1695162.8519716,-12223.539474700112,104.28795121177814,0.0,137.9974912187886,612855.6840597584,893123.028104316,16.399999999999984,88.80000000000003,88.8,489.818,489.88998,1707386.3914463,1728897.6614809,105.03995441128792,106.36334719167036,433718.8695659825,379498.75290643546,345857.6981057496,310615.1173997257,288864.69826402166,272042.76256662153,252600.3418681483,False,,False,RAW_REBUILD_v2_20260725,False,False
2025-11-23,433718.8695659825,489.754,1689066.0691295,-6096.782842099899,103.91287161936836,0.0,131.0976166578492,490683.8477683797,612855.6840597584,0.0,47.60000000000002,88.8,489.774,489.818,1695162.8519716,1707386.3914463,104.28795121177814,105.03995441128792,379498.75290643546,345857.6981057496,310615.1173997257,288864.69826402166,272042.76256662153,252600.3418681483,244914.3461709484,False,,False,RAW_REBUILD_v2_20260725,False,False
2025-11-24,379498.75290643546,489.734,1682975.6527669,-6090.416362600168,103.53818369853316,0.0,124.54273582495672,433718.8695659825,490683.8477683797,0.0,16.40000000000002,88.8,489.754,489.774,1689066.0691295,1695162.8519716,103.91287161936836,104.28795121177814,345857.6981057496,310615.1173997257,288864.69826402166,272042.76256662153,252600.3418681483,244914.3461709484,234203.99536424223,False,,False,RAW_REBUILD_v2_20260725,False,False
2025-11-25,345857.6981057496,489.721,1679932.8392697,-3042.8134971999098,103.3509870612464,0.0,118.31559903370888,379498.75290643546,433718.8695659825,0.0,0.0,47.6,489.734,489.754,1682975.6527669,1689066.0691295,103.53818369853316,103.91287161936836,310615.1173997257,288864.69826402166,272042.76256662153,252600.3418681483,244914.3461709484,234203.99536424223,228969.8139994424,False,,False,RAW_REBUILD_v2_20260725,False,False
2025-11-26,310615.1173997257,489.70898,1673851.7406958,-6081.098573900061,102.97687237919608,0.0,112.39981908202344,345857.6981057496,379498.75290643546,0.0,0.0,16.4,489.721,489.734,1679932.8392697,1682975.6527669,103.3509870612464,103.53818369853316,288864.69826402166,272042.76256662153,252600.3418681483,244914.3461709484,234203.99536424223,228969.8139994424,221736.0149994424,False,,False,RAW_REBUILD_v2_20260725,False,False
2025-11-27,288864.69826402166,489.697,1670813.4823932,-3038.25830259989,102.78995598159936,0.0,106.77982812792224,310615.1173997257,345857.6981057496,0.0,0.0,0.0,489.70898,489.721,1673851.7406958,1679932.8392697,102.97687237919608,103.3509870612464,272042.76256662153,252600.3418681483,244914.3461709484,234203.99536424223,228969.8139994424,221736.0149994424,209256.1982606207,False,,False,RAW_REBUILD_v2_20260725,False,False
2025-11-28,272042.76256662153,489.691,1670813.4823932,0.0,102.78995598159936,0.0,101.44083672152613,288864.69826402166,310615.1173997257,0.0,0.0,0.0,489.697,489.70898,1670813.4823932,1673851.7406958,102.78995598159936,102.97687237919608,252600.3418681483,244914.3461709484,234203.99536424223,228969.8139994424,221736.0149994424,209256.1982606207,204367.78662952065,False,,False,RAW_REBUILD_v2_20260725,False,False
2025-11-29,252600.3418681483,489.684,1667776.8298904,-3036.652502800105,102.6031383742581,0.0,96.36879488544982,272042.76256662153,288864.69826402166,0.0,0.0,0.0,489.691,489.697,1670813.4823932,1670813.4823932,102.78995598159936,102.78995598159936,244914.3461709484,234203.99536424223,228969.8139994424,221736.0149994424,209256.1982606207,204367.78662952065,195214.23592952063,False,,False,RAW_REBUILD_v2_20260725,False,False
2025-11-30,244914.3461709484,489.684,1667776.8298904,0.0,102.6031383742581,0.0,91.55035514117732,252600.3418681483,272042.76256662153,0.0,0.0,0.0,489.684,489.691,1667776.8298904,1670813.4823932,102.6031383742581,102.78995598159936,234203.99536424223,228969.8139994424,221736.0149994424,209256.1982606207,204367.78662952065,195214.23592952063,178996.50787327875,False,,False,RAW_REBUILD_v2_20260725,False,False
2025-12-01,234203.99536424223,489.678,1664741.6725648,-3035.157325600041,102.41641275156992,0.0,86.97283738411845,244914.3461709484,252600.3418681483,0.0,0.0,0.0,489.684,489.684,1667776.8298904,1667776.8298904,102.6031383742581,102.6031383742581,228969.8139994424,221736.0149994424,209256.1982606207,204367.78662952065,195214.23592952063,178996.50787327875,176209.41962247877,False,,False,RAW_REBUILD_v2_20260725,False,False
2025-12-02,228969.8139994424,489.671,1664741.6725648,0.0,102.41641275156992,0.0,82.62419551491253,234203.99536424223,244914.3461709484,0.0,0.0,0.0,489.678,489.684,1664741.6725648,1667776.8298904,102.41641275156992,102.6031383742581,221736.0149994424,209256.1982606207,204367.78662952065,195214.23592952063,178996.50787327875,176209.41962247877,163832.40842247877,False,,False,RAW_REBUILD_v2_20260725,False,False
2025-12-03,221736.0149994424,489.671,1664741.6725648,0.0,102.41641275156992,0.0,78.4929857391669,228969.8139994424,234203.99536424223,0.0,0.0,0.0,489.671,489.678,1664741.6725648,1664741.6725648,102.41641275156992,102.41641275156992,209256.1982606207,204367.78662952065,195214.23592952063,178996.50787327875,176209.41962247877,163832.40842247877,157267.6521438652,False,,False,RAW_REBUILD_v2_20260725,False,False
2025-12-04,209256.1982606207,489.664,1661708.0167959,-3033.655768899945,102.22977950600747,0.0,74.56833645220856,221736.0149994424,228969.8139994424,0.0,0.0,0.0,489.671,489.671,1664741.6725648,1664741.6725648,102.41641275156992,102.41641275156992,204367.78662952065,195214.23592952063,178996.50787327875,176209.41962247877,163832.40842247877,157267.6521438652,145062.07728889663,False,,False,RAW_REBUILD_v2_20260725,False,False
2025-12-05,204367.78662952065,489.664,1661708.0167959,0.0,102.22977950600747,0.0,70.83991962959813,209256.1982606207,221736.0149994424,0.0,0.0,0.0,489.664,489.671,1661708.0167959,1664741.6725648,102.22977950600747,102.41641275156992,195214.23592952063,178996.50787327875,176209.41962247877,163832.40842247877,157267.6521438652,145062.07728889663,161541.7940842788,False,,False,RAW_REBUILD_v2_20260725,False,False
2025-12-06,195214.23592952063,489.664,1661708.0167959,0.0,102.22977950600747,0.0,67.29792364811821,204367.78662952065,209256.1982606207,0.0,0.0,0.0,489.664,489.664,1661708.0167959,1661708.0167959,102.22977950600747,102.22977950600747,178996.50787327875,176209.41962247877,163832.40842247877,157267.6521438652,145062.07728889663,161541.7940842788,143688.1908044967,False,,False,RAW_REBUILD_v2_20260725,False,False
2025-12-07,178996.50787327875,489.65698,1658675.7961467,-3032.220649200026,102.04323455030642,0.0,63.9330274657123,195214.23592952063,204367.78662952065,0.0,0.0,0.0,489.664,489.664,1661708.0167959,1661708.0167959,102.22977950600747,102.22977950600747,176209.41962247877,163832.40842247877,157267.6521438652,145062.07728889663,161541.7940842788,143688.1908044967,152568.33660566524,False,,False,RAW_REBUILD_v2_20260725,False,False
2025-12-08,176209.41962247877,489.65698,1658675.7961467,0.0,102.04323455030642,0.0,60.73637609242668,178996.50787327875,195214.23592952063,0.0,0.0,0.0,489.65698,489.664,1658675.7961467,1661708.0167959,102.04323455030642,102.22977950600747,163832.40842247877,157267.6521438652,145062.07728889663,161541.7940842788,143688.1908044967,152568.33660566524,147995.95882826514,False,,False,RAW_REBUILD_v2_20260725,False,False
2025-12-09,163832.40842247877,489.651,1658675.7961467,0.0,102.04323455030642,0.0,57.69955728780535,176209.41962247877,178996.50787327875,0.0,0.0,0.0,489.65698,489.65698,1658675.7961467,1658675.7961467,102.04323455030642,102.04323455030642,157267.6521438652,145062.07728889663,161541.7940842788,143688.1908044967,152568.33660566524,147995.95882826514,134491.21018889663,False,,False,RAW_REBUILD_v2_20260725,False,False
2025-12-10,157267.6521438652,489.645,1655645.1614623,-3030.6346843999345,101.8567871645937,0.0,54.81457942341508,163832.40842247877,176209.41962247877,0.0,0.0,0.0,489.651,489.65698,1658675.7961467,1658675.7961467,102.04323455030642,102.04323455030642,145062.07728889663,161541.7940842788,143688.1908044967,152568.33660566524,147995.95882826514,134491.21018889663,135923.13246629672,False,,False,RAW_REBUILD_v2_20260725,False,False
2025-12-11,145062.07728889663,489.638,1652616.0060849,-3029.155377400108,101.670430787185,0.0,52.07385045224432,157267.6521438652,163832.40842247877,0.0,0.0,0.0,489.645,489.651,1655645.1614623,1658675.7961467,101.8567871645937,102.04323455030642,161541.7940842788,143688.1908044967,152568.33660566524,147995.95882826514,134491.21018889663,135923.13246629672,126557.10026629672,False,,False,RAW_REBUILD_v2_20260725,False,False
2025-12-12,161541.7940842788,489.651,1658675.7961467,6059.790061800042,102.04323455030642,0.0,49.4701579296321,145062.07728889663,157267.6521438652,0.0,0.0,0.0,489.638,489.645,1652616.0060849,1655645.1614623,101.670430787185,101.8567871645937,143688.1908044967,152568.33660566524,147995.95882826514,134491.21018889663,135923.13246629672,126557.10026629672,115580.61307334204,False,,False,RAW_REBUILD_v2_20260725,False,False
2025-12-13,143688.1908044967,489.638,1652616.0060849,-6059.790061800042,101.670430787185,0.0,46.996650033150495,161541.7940842788,145062.07728889663,0.0,0.0,0.0,489.651,489.638,1658675.7961467,1652616.0060849,102.04323455030642,101.670430787185,152568.33660566524,147995.95882826514,134491.21018889663,135923.13246629672,126557.10026629672,115580.61307334204,109427.091618542,False,,False,RAW_REBUILD_v2_20260725,False,False
2025-12-14,152568.33660566524,489.644,1655645.1614623,3029.155377400108,101.8567871645937,0.0,44.64681753149297,143688.1908044967,161541.7940842788,0.0,0.0,0.0,489.638,489.651,1652616.0060849,1658675.7961467,101.670430787185,102.04323455030642,147995.95882826514,134491.21018889663,135923.13246629672,126557.10026629672,115580.61307334204,109427.091618542,112236.090118542,False,,False,RAW_REBUILD_v2_20260725,False,False
2025-12-15,147995.95882826514,489.644,1655645.1614623,0.0,101.8567871645937,0.0,42.41447665491832,152568.33660566524,143688.1908044967,0.0,0.0,0.0,489.644,489.638,1655645.1614623,1652616.0060849,101.8567871645937,101.670430787185,134491.21018889663,135923.13246629672,126557.10026629672,115580.61307334204,109427.091618542,112236.090118542,105147.569618542,False,,False,RAW_REBUILD_v2_20260725,False,False
2025-12-16,134491.21018889663,489.638,1652616.0060849,-3029.155377400108,101.670430787185,0.0,40.2937528221724,147995.95882826514,152568.33660566524,0.0,0.0,0.0,489.644,489.644,1655645.1614623,1655645.1614623,101.8567871645937,101.8567871645937,135923.13246629672,126557.10026629672,115580.61307334204,109427.091618542,112236.090118542,105147.569618542,97996.56607083853,False,,False,RAW_REBUILD_v2_20260725,False,False
2025-12-17,135923.13246629672,489.638,1652616.0060849,0.0,101.670430787185,0.0,38.27906518106378,134491.21018889663,147995.95882826514,0.0,0.0,0.0,489.638,489.644,1652616.0060849,1655645.1614623,101.670430787185,101.8567871645937,126557.10026629672,115580.61307334204,109427.091618542,112236.090118542,105147.569618542,97996.56607083853,97696.44896413844,False,,False,RAW_REBUILD_v2_20260725,False,False
2025-12-18,126557.10026629672,489.631,1652616.0060849,0.0,101.670430787185,0.0,36.36511192201059,135923.13246629672,134491.21018889663,0.0,0.0,0.0,489.638,489.638,1652616.0060849,1652616.0060849,101.670430787185,101.670430787185,115580.61307334204,109427.091618542,112236.090118542,105147.569618542,97996.56607083853,97696.44896413844,99768.46159413844,False,,False,RAW_REBUILD_v2_20260725,False,False
2025-12-19,115580.61307334204,489.625,1649588.4715397,-3027.5345451999456,101.48417412483865,0.0,34.54685632591006,126557.10026629672,135923.13246629672,0.0,0.0,0.0,489.631,489.638,1652616.0060849,1652616.0060849,101.670430787185,101.670430787185,109427.091618542,112236.090118542,105147.569618542,97996.56607083853,97696.44896413844,99768.46159413844,98376.12530413843,False,,False,RAW_REBUILD_v2_20260725,False,False
2025-12-20,109427.091618542,489.625,1649588.4715397,0.0,101.48417412483865,0.0,32.81951350961456,115580.61307334204,126557.10026629672,0.0,0.0,0.0,489.625,489.631,1649588.4715397,1652616.0060849,101.48417412483865,101.670430787185,112236.090118542,105147.569618542,97996.56607083853,97696.44896413844,99768.46159413844,98376.12530413843,91510.30244413843,False,,False,RAW_REBUILD_v2_20260725,False,False
2025-12-21,112236.090118542,489.625,1649588.4715397,0.0,101.48417412483865,0.0,31.17853783413383,109427.091618542,115580.61307334204,0.0,0.0,0.0,489.625,489.625,1649588.4715397,1649588.4715397,101.48417412483865,101.48417412483865,105147.569618542,97996.56607083853,97696.44896413844,99768.46159413844,98376.12530413843,91510.30244413843,84241.41421413844,False,,False,RAW_REBUILD_v2_20260725,False,False
2025-12-22,105147.569618542,489.625,1649588.4715397,0.0,101.48417412483865,0.0,29.619610942427137,112236.090118542,109427.091618542,0.0,0.0,0.0,489.625,489.625,1649588.4715397,1649588.4715397,101.48417412483865,101.48417412483865,97996.56607083853,97696.44896413844,99768.46159413844,98376.12530413843,91510.30244413843,84241.41421413844,76839.84335018923,False,,False,RAW_REBUILD_v2_20260725,False,False
2025-12-23,97996.56607083853,489.618,1646562.4785364,-3025.993003299925,101.29801229954364,0.0,28.13863039530578,105147.569618542,112236.090118542,0.0,0.0,0.0,489.625,489.625,1649588.4715397,1649588.4715397,101.48417412483865,101.48417412483865,97696.44896413844,99768.46159413844,98376.12530413843,91510.30244413843,84241.41421413844,76839.84335018923,72948.15563988913,False,,False,RAW_REBUILD_v2_20260725,False,False
2025-12-24,97696.44896413844,489.618,1646562.4785364,0.0,101.29801229954364,0.0,26.731698875540488,97996.56607083853,105147.569618542,0.0,0.0,0.0,489.618,489.625,1646562.4785364,1649588.4715397,101.29801229954364,101.48417412483865,99768.46159413844,98376.12530413843,91510.30244413843,84241.41421413844,76839.84335018923,72948.15563988913,69626.23702988913,False,,False,RAW_REBUILD_v2_20260725,False,False
2025-12-25,99768.46159413844,489.618,1646562.4785364,0.0,101.29801229954364,0.0,25.39511393176346,97696.44896413844,97996.56607083853,0.0,0.0,0.0,489.618,489.618,1646562.4785364,1646562.4785364,101.29801229954364,101.29801229954364,98376.12530413843,91510.30244413843,84241.41421413844,76839.84335018923,72948.15563988913,69626.23702988913,78430.4584863069,False,,False,RAW_REBUILD_v2_20260725,False,False
2025-12-26,98376.12530413843,489.619,1646562.4785364,0.0,101.29801229954364,0.0,24.125358235175288,99768.46159413844,97696.44896413844,0.0,0.0,0.0,489.618,489.618,1646562.4785364,1646562.4785364,101.29801229954364,101.29801229954364,91510.30244413843,84241.41421413844,76839.84335018923,72948.15563988913,69626.23702988913,78430.4584863069,69939.23472295284,False,,False,RAW_REBUILD_v2_20260725,False,False
2025-12-27,91510.30244413843,489.618,1646562.4785364,0.0,101.29801229954364,0.0,22.919090323416523,98376.12530413843,99768.46159413844,0.0,0.0,0.0,489.619,489.618,1646562.4785364,1646562.4785364,101.29801229954364,101.29801229954364,84241.41421413844,76839.84335018923,72948.15563988913,69626.23702988913,78430.4584863069,69939.23472295284,69308.35597055304,False,,False,RAW_REBUILD_v2_20260725,False,False
2025-12-28,84241.41421413844,489.612,1646562.4785364,0.0,101.29801229954364,0.0,21.77313580724569,91510.30244413843,98376.12530413843,0.0,0.0,0.0,489.618,489.619,1646562.4785364,1646562.4785364,101.29801229954364,101.29801229954364,76839.84335018923,72948.15563988913,69626.23702988913,78430.4584863069,69939.23472295284,69308.35597055304,67191.17543055303,False,,False,RAW_REBUILD_v2_20260725,False,False
2025-12-29,76839.84335018923,489.606,1643538.2164867,-3024.2620496999007,101.111956964079,0.0,20.684479016883408,84241.41421413844,91510.30244413843,0.0,0.0,0.0,489.612,489.618,1646562.4785364,1646562.4785364,101.29801229954364,101.29801229954364,72948.15563988913,69626.23702988913,78430.4584863069,69939.23472295284,69308.35597055304,67191.17543055303,55698.94496055303,False,,False,RAW_REBUILD_v2_20260725,False,False
2025-12-30,72948.15563988913,489.606,1643538.2164867,0.0,101.111956964079,0.0,19.65025506603924,76839.84335018923,84241.41421413844,0.0,0.0,0.0,489.606,489.612,1643538.2164867,1646562.4785364,101.111956964079,101.29801229954364,69626.23702988913,78430.4584863069,69939.23472295284,69308.35597055304,67191.17543055303,55698.94496055303,47993.48598154232,False,,False,RAW_REBUILD_v2_20260725,False,False
2025-12-31,69626.23702988913,489.606,1643538.2164867,0.0,101.111956964079,0.0,18.667742312737275,72948.15563988913,76839.84335018923,0.0,0.0,0.0,489.606,489.606,1643538.2164867,1643538.2164867,101.111956964079,101.111956964079,78430.4584863069,69939.23472295284,69308.35597055304,67191.17543055303,55698.94496055303,47993.48598154232,22196.14821518939,False,,False,RAW_REBUILD_v2_20260725,False,False
2026-01-01,78430.4584863069,489.606,1643538.2164867,0.0,101.111956964079,0.0,17.73435519710041,69626.23702988913,72948.15563988913,0.0,0.0,0.0,489.606,489.606,1643538.2164867,1643538.2164867,101.111956964079,101.111956964079,69939.23472295284,69308.35597055304,67191.17543055303,55698.94496055303,47993.48598154232,22196.14821518939,0.0,False,,False,RAW_REBUILD_v2_20260725,False,False
2026-01-02,69939.23472295284,489.599,1640521.8742391,-3016.342247600201,100.92638886199968,0.0,16.84763743724539,78430.4584863069,69626.23702988913,0.0,0.0,0.0,489.606,489.606,1643538.2164867,1643538.2164867,101.111956964079,101.111956964079,69308.35597055304,67191.17543055303,55698.94496055303,47993.48598154232,22196.14821518939,0.0,3628.388850120721,False,,False,RAW_REBUILD_v2_20260725,False,False
2026-01-03,69308.35597055304,489.599,1640521.8742391,0.0,100.92638886199968,0.0,16.00525556538312,69939.23472295284,78430.4584863069,0.0,0.0,0.0,489.599,489.606,1640521.8742391,1643538.2164867,100.92638886199968,101.111956964079,67191.17543055303,55698.94496055303,47993.48598154232,22196.14821518939,0.0,3628.388850120721,9810.36547707056,False,,False,RAW_REBUILD_v2_20260725,False,False
2026-01-04,67191.17543055303,489.599,1640521.8742391,0.0,100.92638886199968,0.0,15.204992787113962,69308.35597055304,69939.23472295284,0.0,0.0,0.0,489.599,489.599,1640521.8742391,1640521.8742391,100.92638886199968,100.92638886199968,55698.94496055303,47993.48598154232,22196.14821518939,0.0,3628.388850120721,9810.36547707056,10003.36591157059,False,,False,RAW_REBUILD_v2_20260725,False,False
2026-01-05,55698.94496055303,489.593,1640521.8742391,0.0,100.92638886199968,0.0,14.444743147758263,67191.17543055303,69308.35597055304,0.0,0.0,0.0,489.599,489.599,1640521.8742391,1640521.8742391,100.92638886199968,100.92638886199968,47993.48598154232,22196.14821518939,0.0,3628.388850120721,9810.36547707056,10003.36591157059,16730.830785626116,False,,False,RAW_REBUILD_v2_20260725,False,False
2026-01-06,47993.48598154232,489.587,1637507.2197397,-3014.6544993999414,100.74092459171548,0.0,13.72250599037035,55698.94496055303,67191.17543055303,0.0,0.0,0.0,489.593,489.599,1640521.8742391,1640521.8742391,100.92638886199968,100.92638886199968,22196.14821518939,0.0,3628.388850120721,9810.36547707056,10003.36591157059,16730.830785626116,15600.92620532614,False,,False,RAW_REBUILD_v2_20260725,False,False
2026-01-07,22196.14821518939,489.575,1634494.0165123,-3013.203227400081,100.55554960499676,0.0,13.036380690851832,47993.48598154232,55698.94496055303,0.0,0.0,0.0,489.587,489.593,1637507.2197397,1640521.8742391,100.74092459171548,100.92638886199968,0.0,3628.388850120721,9810.36547707056,10003.36591157059,16730.830785626116,15600.92620532614,19259.24579532614,False,,False,RAW_REBUILD_v2_20260725,False,False
2026-01-08,0.0,489.542,1625463.7590197,-9030.257492599776,100.0,0.0,12.38456165630924,22196.14821518939,47993.48598154232,0.0,0.0,0.0,489.575,489.587,1634494.0165123,1637507.2197397,100.55554960499676,100.74092459171548,3628.388850120721,9810.36547707056,10003.36591157059,16730.830785626116,15600.92620532614,19259.24579532614,21757.43928532613,False,,False,RAW_REBUILD_v2_20260725,False,False
2026-01-09,3628.388850120721,489.543,1625463.7590197,0.0,100.0,0.0,11.765333573493775,0.0,22196.14821518939,0.0,0.0,0.0,489.542,489.575,1625463.7590197,1634494.0165123,100.0,100.55554960499676,9810.36547707056,10003.36591157059,16730.830785626116,15600.92620532614,19259.24579532614,21757.43928532613,22252.75333532614,False,,False,RAW_REBUILD_v2_20260725,False,False
2026-01-10,9810.36547707056,489.556,1628472.3057532,3008.5467334999703,100.18508851500414,0.0,11.177066894819088,3628.388850120721,0.0,0.0,0.0,0.0,489.543,489.542,1625463.7590197,1625463.7590197,100.0,100.0,10003.36591157059,16730.830785626116,15600.92620532614,19259.24579532614,21757.43928532613,22252.75333532614,21098.18765532614,False,,False,RAW_REBUILD_v2_20260725,False,False
2026-01-11,10003.36591157059,489.555,1628472.3057532,0.0,100.18508851500414,0.0,10.618213550078131,9810.36547707056,3628.388850120721,0.0,0.0,0.0,489.556,489.543,1628472.3057532,1625463.7590197,100.18508851500414,100.0,16730.830785626116,15600.92620532614,19259.24579532614,21757.43928532613,22252.75333532614,21098.18765532614,17950.29479532614,False,,False,RAW_REBUILD_v2_20260725,False,False
2026-01-12,16730.830785626116,489.561,1631482.3951735,3010.089420299977,100.37027193749492,0.0,10.087302872574226,10003.36591157059,9810.36547707056,0.0,0.0,0.0,489.555,489.556,1628472.3057532,1628472.3057532,100.18508851500414,100.18508851500414,15600.92620532614,19259.24579532614,21757.43928532613,22252.75333532614,21098.18765532614,17950.29479532614,17685.159505326137,False,,False,RAW_REBUILD_v2_20260725,False,False
2026-01-13,15600.92620532614,489.561,1631482.3951735,0.0,100.37027193749492,0.0,9.582937728945511,16730.830785626116,10003.36591157059,0.0,0.0,0.0,489.561,489.555,1631482.3951735,1628472.3057532,100.37027193749492,100.18508851500414,19259.24579532614,21757.43928532613,22252.75333532614,21098.18765532614,17950.29479532614,17685.159505326137,17831.004705326137,False,,False,RAW_REBUILD_v2_20260725,False,False
2026-01-14,19259.24579532614,489.568,1631482.3951735,0.0,100.37027193749492,0.0,9.103790842498237,15600.92620532614,16730.830785626116,0.0,0.0,0.0,489.561,489.561,1631482.3951735,1631482.3951735,100.37027193749492,100.37027193749492,21757.43928532613,22252.75333532614,21098.18765532614,17950.29479532614,17685.159505326137,17831.004705326137,14259.502055326138,False,,False,RAW_REBUILD_v2_20260725,False,False
2026-01-15,21757.43928532613,489.568,1631482.3951735,0.0,100.37027193749492,0.0,8.648601300373324,19259.24579532614,15600.92620532614,0.0,0.0,0.0,489.568,489.561,1631482.3951735,1631482.3951735,100.37027193749492,100.37027193749492,22252.75333532614,21098.18765532614,17950.29479532614,17685.159505326137,17831.004705326137,14259.502055326138,12651.83517532614,False,,False,RAW_REBUILD_v2_20260725,False,False
2026-01-16,22252.75333532614,489.568,1631482.3951735,0.0,100.37027193749492,0.0,8.216171235354658,21757.43928532613,19259.24579532614,0.0,0.0,0.0,489.568,489.568,1631482.3951735,1631482.3951735,100.37027193749492,100.37027193749492,21098.18765532614,17950.29479532614,17685.159505326137,17831.004705326137,14259.502055326138,12651.83517532614,14280.502075326138,False,,False,RAW_REBUILD_v2_20260725,False,False
2026-01-17,21098.18765532614,489.568,1631482.3951735,0.0,100.37027193749492,0.0,7.805362673586925,22252.75333532614,21757.43928532613,0.0,0.0,0.0,489.568,489.568,1631482.3951735,1631482.3951735,100.37027193749492,100.37027193749492,17950.29479532614,17685.159505326137,17831.004705326137,14259.502055326138,12651.83517532614,14280.502075326138,15196.65662532614,False,,False,RAW_REBUILD_v2_20260725,False,False
2026-01-18,17950.29479532614,489.568,1631482.3951735,0.0,100.37027193749492,0.0,7.415094539907578,21098.18765532614,22252.75333532614,0.0,0.0,0.0,489.568,489.568,1631482.3951735,1631482.3951735,100.37027193749492,100.37027193749492,17685.159505326137,17831.004705326137,14259.502055326138,12651.83517532614,14280.502075326138,15196.65662532614,18068.12734532614,False,,False,RAW_REBUILD_v2_20260725,False,False
2026-01-19,17685.159505326137,489.568,1631482.3951735,0.0,100.37027193749492,0.0,7.044339812912199,17950.29479532614,21098.18765532614,0.0,0.0,0.0,489.568,489.568,1631482.3951735,1631482.3951735,100.37027193749492,100.37027193749492,17831.004705326137,14259.502055326138,12651.83517532614,14280.502075326138,15196.65662532614,18068.12734532614,19783.70634532614,False,,False,RAW_REBUILD_v2_20260725,False,False
2026-01-20,17831.004705326137,489.568,1631482.3951735,0.0,100.37027193749492,0.0,6.6921228222665885,17685.159505326137,17950.29479532614,0.0,0.0,0.0,489.568,489.568,1631482.3951735,1631482.3951735,100.37027193749492,100.37027193749492,14259.502055326138,12651.83517532614,14280.502075326138,15196.65662532614,18068.12734532614,19783.70634532614,24420.3245213893,False,,False,RAW_REBUILD_v2_20260725,False,False
2026-01-21,14259.502055326138,489.568,1631482.3951735,0.0,100.37027193749492,0.0,6.357516681153259,17831.004705326137,17685.159505326137,0.0,0.0,0.0,489.568,489.568,1631482.3951735,1631482.3951735,100.37027193749492,100.37027193749492,12651.83517532614,14280.502075326138,15196.65662532614,18068.12734532614,19783.70634532614,24420.3245213893,18521.56972652631,False,,False,RAW_REBUILD_v2_20260725,False,False
2026-01-22,12651.83517532614,489.561,1631482.3951735,0.0,100.37027193749492,0.0,6.039640847095596,14259.502055326138,17831.004705326137,0.0,0.0,0.0,489.568,489.568,1631482.3951735,1631482.3951735,100.37027193749492,100.37027193749492,14280.502075326138,15196.65662532614,18068.12734532614,19783.70634532614,24420.3245213893,18521.56972652631,26091.2826613893,False,,False,RAW_REBUILD_v2_20260725,False,False
2026-01-23,14280.502075326138,489.56,1631482.3951735,0.0,100.37027193749492,0.0,5.737658804740816,12651.83517532614,14259.502055326138,0.0,0.0,0.0,489.561,489.568,1631482.3951735,1631482.3951735,100.37027193749492,100.37027193749492,15196.65662532614,18068.12734532614,19783.70634532614,24420.3245213893,18521.56972652631,26091.2826613893,17694.69515652631,False,,False,RAW_REBUILD_v2_20260725,False,False
2026-01-24,15196.65662532614,489.567,1631482.3951735,0.0,100.37027193749492,0.0,5.450775864503775,14280.502075326138,12651.83517532614,0.0,0.0,0.0,489.56,489.561,1631482.3951735,1631482.3951735,100.37027193749492,100.37027193749492,18068.12734532614,19783.70634532614,24420.3245213893,18521.56972652631,26091.2826613893,17694.69515652631,20336.23015532614,False,,False,RAW_REBUILD_v2_20260725,False,False
2026-01-25,18068.12734532614,489.567,1631482.3951735,0.0,100.37027193749492,0.0,5.178237071278586,15196.65662532614,14280.502075326138,0.0,0.0,0.0,489.567,489.56,1631482.3951735,1631482.3951735,100.37027193749492,100.37027193749492,19783.70634532614,24420.3245213893,18521.56972652631,26091.2826613893,17694.69515652631,20336.23015532614,18709.4484124805,False,,False,RAW_REBUILD_v2_20260725,False,False
2026-01-26,19783.70634532614,489.567,1631482.3951735,0.0,100.37027193749492,0.0,4.919325217714657,18068.12734532614,15196.65662532614,0.0,0.0,0.0,489.567,489.567,1631482.3951735,1631482.3951735,100.37027193749492,100.37027193749492,24420.3245213893,18521.56972652631,26091.2826613893,17694.69515652631,20336.23015532614,18709.4484124805,1167.00221248049,False,,False,RAW_REBUILD_v2_20260725,False,False
2026-01-27,24420.3245213893,489.573,1634494.0165123,3011.6213387998287,100.55554960499676,0.0,4.673358956828924,19783.70634532614,18068.12734532614,0.0,0.0,0.0,489.567,489.567,1631482.3951735,1631482.3951735,100.37027193749492,100.37027193749492,18521.56972652631,26091.2826613893,17694.69515652631,20336.23015532614,18709.4484124805,1167.00221248049,0.0,False,,False,RAW_REBUILD_v2_20260725,False,False
2026-01-28,18521.56972652631,489.567,1631482.3951735,-3011.6213387998287,100.37027193749492,0.0,4.439691008987477,24420.3245213893,19783.70634532614,0.0,0.0,0.0,489.573,489.567,1634494.0165123,1631482.3951735,100.55554960499676,100.37027193749492,26091.2826613893,17694.69515652631,20336.23015532614,18709.4484124805,1167.00221248049,0.0,0.0,False,,False,RAW_REBUILD_v2_20260725,False,False
2026-01-29,26091.2826613893,489.573,1634494.0165123,3011.6213387998287,100.55554960499676,0.0,4.217706458538103,18521.56972652631,24420.3245213893,0.0,0.0,0.0,489.567,489.573,1631482.3951735,1634494.0165123,100.37027193749492,100.55554960499676,17694.69515652631,20336.23015532614,18709.4484124805,1167.00221248049,0.0,0.0,1163.43771295469,False,,False,RAW_REBUILD_v2_20260725,False,False
2026-01-30,17694.69515652631,489.567,1631482.3951735,-3011.6213387998287,100.37027193749492,0.0,4.006821135611198,26091.2826613893,18521.56972652631,0.0,0.0,0.0,489.573,489.567,1634494.0165123,1631482.3951735,100.55554960499676,100.37027193749492,20336.23015532614,18709.4484124805,1167.00221248049,0.0,0.0,1163.43771295469,1163.43771295469,False,,False,RAW_REBUILD_v2_20260725,False,False
2026-01-31,20336.23015532614,489.567,1631482.3951735,0.0,100.37027193749492,0.0,3.806480078830638,17694.69515652631,26091.2826613893,0.0,0.0,0.0,489.567,489.573,1631482.3951735,1634494.0165123,100.37027193749492,100.55554960499676,18709.4484124805,1167.00221248049,0.0,0.0,1163.43771295469,1163.43771295469,1163.43771295469,False,,False,RAW_REBUILD_v2_20260725,False,False
2026-02-01,18709.4484124805,489.567,1631482.3951735,0.0,100.37027193749492,0.0,3.616156074889106,20336.23015532614,17694.69515652631,0.0,0.0,0.0,489.567,489.567,1631482.3951735,1631482.3951735,100.37027193749492,100.37027193749492,1167.00221248049,0.0,0.0,1163.43771295469,1163.43771295469,1163.43771295469,4166.39401892307,False,,False,RAW_REBUILD_v2_20260725,False,False
2026-02-02,1167.00221248049,489.567,1631482.3951735,0.0,100.37027193749492,0.0,3.4353482711446506,18709.4484124805,20336.23015532614,0.0,0.0,0.0,489.567,489.567,1631482.3951735,1631482.3951735,100.37027193749492,100.37027193749492,0.0,0.0,1163.43771295469,1163.43771295469,1163.43771295469,4166.39401892307,4168.63380522942,False,,False,RAW_REBUILD_v2_20260725,False,False
2026-02-03,0.0,489.54,1625463.7590197,-6018.636153799947,100.0,0.0,3.263580857587418,1167.00221248049,18709.4484124805,0.0,0.0,0.0,489.567,489.567,1631482.3951735,1631482.3951735,100.37027193749492,100.37027193749492,0.0,1163.43771295469,1163.43771295469,1163.43771295469,4166.39401892307,4168.63380522942,1164.61676972927,False,,False,RAW_REBUILD_v2_20260725,False,False
2026-02-04,0.0,489.508,1613444.9319478,-12018.827071900014,99.26059089258634,0.0,3.100401814708047,0.0,1167.00221248049,0.0,0.0,0.0,489.54,489.567,1625463.7590197,1631482.3951735,100.0,100.37027193749492,1163.43771295469,1163.43771295469,1163.43771295469,4166.39401892307,4168.63380522942,1164.61676972927,1164.61676972927,False,,False,RAW_REBUILD_v2_20260725,False,False
2026-02-05,1163.43771295469,489.502,1613444.9319478,0.0,99.26059089258634,0.0,2.9453817239726443,0.0,0.0,0.0,0.0,0.0,489.508,489.54,1613444.9319478,1625463.7590197,99.26059089258634,100.0,1163.43771295469,1163.43771295469,4166.39401892307,4168.63380522942,1164.61676972927,1164.61676972927,4170.66562671859,False,,False,RAW_REBUILD_v2_20260725,False,False
2026-02-06,1163.43771295469,489.502,1613444.9319478,0.0,99.26059089258634,0.0,2.798112637774012,1163.43771295469,0.0,0.0,0.0,0.0,489.502,489.508,1613444.9319478,1613444.9319478,99.26059089258634,99.26059089258634,1163.43771295469,4166.39401892307,4168.63380522942,1164.61676972927,1164.61676972927,4170.66562671859,0.0,False,,False,RAW_REBUILD_v2_20260725,False,False
2026-02-07,1163.43771295469,489.508,1613444.9319478,0.0,99.26059089258634,0.0,2.658207005885312,1163.43771295469,1163.43771295469,0.0,0.0,0.0,489.502,489.502,1613444.9319478,1613444.9319478,99.26059089258634,99.26059089258634,4166.39401892307,4168.63380522942,1164.61676972927,1164.61676972927,4170.66562671859,0.0,1163.43771295469,False,,False,RAW_REBUILD_v2_20260725,False,False
2026-02-08,4166.39401892307,489.515,1616447.3000027,3002.3680548998527,99.445299289697,0.0,2.525296655591045,1163.43771295469,1163.43771295469,0.0,0.0,0.0,489.508,489.502,1613444.9319478,1613444.9319478,99.26059089258634,99.26059089258634,4168.63380522942,1164.61676972927,1164.61676972927,4170.66562671859,0.0,1163.43771295469,1163.43771295469,False,,False,RAW_REBUILD_v2_20260725,False,False
2026-02-09,4168.63380522942,489.521,1619451.3170382,3004.0170355001464,99.630109133585,0.0,2.399031822811493,4166.39401892307,1163.43771295469,0.0,0.0,0.0,489.515,489.508,1616447.3000027,1613444.9319478,99.445299289697,99.26059089258634,1164.61676972927,1164.61676972927,4170.66562671859,0.0,1163.43771295469,1163.43771295469,1163.43771295469,False,,False,RAW_REBUILD_v2_20260725,False,False
2026-02-10,1164.61676972927,489.521,1619451.3170382,0.0,99.630109133585,0.0,2.2790802316709184,4168.63380522942,4166.39401892307,0.0,0.0,0.0,489.521,489.515,1619451.3170382,1616447.3000027,99.630109133585,99.445299289697,1164.61676972927,4170.66562671859,0.0,1163.43771295469,1163.43771295469,1163.43771295469,1163.43771295469,False,,False,RAW_REBUILD_v2_20260725,False,False
2026-02-11,1164.61676972927,489.527,1619451.3170382,0.0,99.630109133585,0.0,2.165126220087372,1164.61676972927,4168.63380522942,0.0,0.0,0.0,489.521,489.521,1619451.3170382,1619451.3170382,99.630109133585,99.630109133585,4170.66562671859,0.0,1163.43771295469,1163.43771295469,1163.43771295469,1163.43771295469,1163.43771295469,False,,False,RAW_REBUILD_v2_20260725,False,False
2026-02-12,4170.66562671859,489.534,1622456.7729032,3005.455864999909,99.8150074955646,0.0,2.0568699090830034,1164.61676972927,1164.61676972927,0.0,0.0,0.0,489.527,489.521,1619451.3170382,1619451.3170382,99.630109133585,99.630109133585,0.0,1163.43771295469,1163.43771295469,1163.43771295469,1163.43771295469,1163.43771295469,1163.43771295469,False,,False,RAW_REBUILD_v2_20260725,False,False
2026-02-13,0.0,489.502,1613444.9319478,-9011.840955399908,99.26059089258634,0.0,1.9540264136288528,4170.66562671859,1164.61676972927,0.0,0.0,0.0,489.534,489.527,1622456.7729032,1619451.3170382,99.8150074955646,99.630109133585,1163.43771295469,1163.43771295469,1163.43771295469,1163.43771295469,1163.43771295469,1163.43771295469,1163.43771295469,False,,False,RAW_REBUILD_v2_20260725,False,False
2026-02-14,1163.43771295469,489.502,1613444.9319478,0.0,99.26059089258634,0.0,1.8563250929474104,0.0,4170.66562671859,0.0,0.0,0.0,489.502,489.534,1613444.9319478,1622456.7729032,99.26059089258634,99.8150074955646,1163.43771295469,1163.43771295469,1163.43771295469,1163.43771295469,1163.43771295469,1163.43771295469,0.0,False,,False,RAW_REBUILD_v2_20260725,False,False
2026-02-15,1163.43771295469,489.502,1613444.9319478,0.0,99.26059089258634,0.0,1.76350883830004,1163.43771295469,0.0,0.0,0.0,0.0,489.502,489.502,1613444.9319478,1613444.9319478,99.26059089258634,99.26059089258634,1163.43771295469,1163.43771295469,1163.43771295469,1163.43771295469,1163.43771295469,0.0,3143.79291862606,False,,False,RAW_REBUILD_v2_20260725,False,False
2026-02-16,1163.43771295469,489.502,1613444.9319478,0.0,99.26059089258634,0.0,1.675333396385038,1163.43771295469,1163.43771295469,0.0,0.0,0.0,489.502,489.502,1613444.9319478,1613444.9319478,99.26059089258634,99.26059089258634,1163.43771295469,1163.43771295469,1163.43771295469,1163.43771295469,0.0,3143.79291862606,0.0,False,,False,RAW_REBUILD_v2_20260725,False,False
2026-02-17,1163.43771295469,489.502,1613444.9319478,0.0,99.26059089258634,0.0,1.5915667265657858,1163.43771295469,1163.43771295469,0.0,0.0,0.0,489.502,489.502,1613444.9319478,1613444.9319478,99.26059089258634,99.26059089258634,1163.43771295469,1163.43771295469,1163.43771295469,0.0,3143.79291862606,0.0,4164.35231595473,False,,False,RAW_REBUILD_v2_20260725,False,False
2026-02-18,1163.43771295469,489.502,1613444.9319478,0.0,99.26059089258634,0.0,1.5119883902374964,1163.43771295469,1163.43771295469,0.0,0.0,0.0,489.502,489.502,1613444.9319478,1613444.9319478,99.26059089258634,99.26059089258634,1163.43771295469,1163.43771295469,0.0,3143.79291862606,0.0,4164.35231595473,1163.43771295469,False,,False,RAW_REBUILD_v2_20260725,False,False
2026-02-19,1163.43771295469,489.502,1613444.9319478,0.0,99.26059089258634,0.0,1.4363889707256214,1163.43771295469,1163.43771295469,0.0,0.0,0.0,489.502,489.502,1613444.9319478,1613444.9319478,99.26059089258634,99.26059089258634,1163.43771295469,0.0,3143.79291862606,0.0,4164.35231595473,1163.43771295469,1163.43771295469,False,,False,RAW_REBUILD_v2_20260725,False,False
2026-02-20,1163.43771295469,489.502,1613444.9319478,0.0,99.26059089258634,0.0,1.3645695221893404,1163.43771295469,1163.43771295469,0.0,0.0,0.0,489.502,489.502,1613444.9319478,1613444.9319478,99.26059089258634,99.26059089258634,0.0,3143.79291862606,0.0,4164.35231595473,1163.43771295469,1163.43771295469,1163.43771295469,False,,False,RAW_REBUILD_v2_20260725,False,False
2026-02-21,0.0,489.495,1610444.0173448,-3000.914603000041,99.0759719131506,0.0,1.2963410460798732,1163.43771295469,1163.43771295469,0.0,0.0,0.0,489.502,489.502,1613444.9319478,1613444.9319478,99.26059089258634,99.26059089258634,3143.79291862606,0.0,4164.35231595473,1163.43771295469,1163.43771295469,1163.43771295469,1163.43771295469,False,,False,RAW_REBUILD_v2_20260725,False,False
2026-02-22,3143.79291862606,489.501,1613444.9319478,3000.914603000041,99.26059089258634,3.4,4.631523993775879,0.0,1163.43771295469,3.3999999999999857,3.400000000000021,3.4,489.495,489.502,1610444.0173448,1613444.9319478,99.0759719131506,99.26059089258634,0.0,4164.35231595473,1163.43771295469,1163.43771295469,1163.43771295469,1163.43771295469,1228.22707197967,False,,False,RAW_REBUILD_v2_20260725,False,False
2026-02-23,0.0,489.494,1610444.0173448,-3000.914603000041,99.0759719131506,0.0,4.399947794087085,3143.79291862606,0.0,3.3999999999999857,3.400000000000021,3.4,489.501,489.495,1613444.9319478,1610444.0173448,99.26059089258634,99.0759719131506,4164.35231595473,1163.43771295469,1163.43771295469,1163.43771295469,1163.43771295469,1228.22707197967,1228.22707197967,False,,False,RAW_REBUILD_v2_20260725,False,False
2026-02-24,4164.35231595473,489.501,1613444.9319478,3000.914603000041,99.26059089258634,0.0,4.179950404382731,0.0,3143.79291862606,3.3999999999999857,3.400000000000021,3.4,489.494,489.501,1610444.0173448,1613444.9319478,99.0759719131506,99.26059089258634,1163.43771295469,1163.43771295469,1163.43771295469,1163.43771295469,1228.22707197967,1228.22707197967,0.0,False,,False,RAW_REBUILD_v2_20260725,False,False
2026-02-25,1163.43771295469,489.501,1613444.9319478,0.0,99.26059089258634,0.0,3.970952884163594,4164.35231595473,0.0,0.0,3.400000000000021,3.4,489.501,489.494,1613444.9319478,1610444.0173448,99.26059089258634,99.0759719131506,1163.43771295469,1163.43771295469,1163.43771295469,1228.22707197967,1228.22707197967,0.0,7228.56598837965,False,,False,RAW_REBUILD_v2_20260725,False,False
2026-02-26,1163.43771295469,489.508,1613444.9319478,0.0,99.26059089258634,0.0,3.772405239955414,1163.43771295469,4164.35231595473,0.0,3.400000000000021,3.4,489.501,489.501,1613444.9319478,1613444.9319478,99.26059089258634,99.26059089258634,1163.43771295469,1163.43771295469,1228.22707197967,1228.22707197967,0.0,7228.56598837965,0.0,False,,False,RAW_REBUILD_v2_20260725,False,False
2026-02-27,1163.43771295469,489.502,1613444.9319478,0.0,99.26059089258634,0.0,3.5837849779576434,1163.43771295469,1163.43771295469,0.0,0.0,3.4,489.508,489.501,1613444.9319478,1613444.9319478,99.26059089258634,99.26059089258634,1163.43771295469,1228.22707197967,1228.22707197967,0.0,7228.56598837965,0.0,4227.03248254586,False,,False,RAW_REBUILD_v2_20260725,False,False
2026-02-28,1163.43771295469,489.502,1613444.9319478,0.0,99.26059089258634,0.0,3.404595729059761,1163.43771295469,1163.43771295469,0.0,0.0,3.4,489.502,489.508,1613444.9319478,1613444.9319478,99.26059089258634,99.26059089258634,1228.22707197967,1228.22707197967,0.0,7228.56598837965,0.0,4227.03248254586,10236.7714813055,False,,False,RAW_REBUILD_v2_20260725,False,False
2026-03-01,1228.22707197967,489.502,1613444.9319478,0.0,99.26059089258634,0.0,3.234365942606773,1163.43771295469,1163.43771295469,0.0,0.0,0.0,489.502,489.502,1613444.9319478,1613444.9319478,99.26059089258634,99.26059089258634,1228.22707197967,0.0,7228.56598837965,0.0,4227.03248254586,10236.7714813055,0.0,False,,False,RAW_REBUILD_v2_20260725,False,False
2026-03-02,1228.22707197967,489.502,1613444.9319478,0.0,99.26059089258634,0.0,3.0726476454764344,1228.22707197967,1163.43771295469,0.0,0.0,0.0,489.502,489.502,1613444.9319478,1613444.9319478,99.26059089258634,99.26059089258634,0.0,7228.56598837965,0.0,4227.03248254586,10236.7714813055,0.0,7235.85687830543,False,,False,RAW_REBUILD_v2_20260725,False,False
2026-03-03,0.0,489.483,1607444.5930314,-6000.338916399982,98.8914446176784,0.0,2.9190152632026125,1228.22707197967,1228.22707197967,0.0,0.0,0.0,489.502,489.502,1613444.9319478,1613444.9319478,99.26059089258634,99.26059089258634,7228.56598837965,0.0,4227.03248254586,10236.7714813055,0.0,7235.85687830543,0.0,False,,False,RAW_REBUILD_v2_20260725,False,False
2026-03-04,7228.56598837965,489.508,1613444.9319478,6000.338916399982,99.26059089258634,0.0,2.773064500042482,0.0,1228.22707197967,0.0,0.0,0.0,489.483,489.502,1607444.5930314,1613444.9319478,98.8914446176784,99.26059089258634,0.0,4227.03248254586,10236.7714813055,0.0,7235.85687830543,0.0,0.0,False,,False,RAW_REBUILD_v2_20260725,False,False
2026-03-05,0.0,489.483,1607444.5930314,-6000.338916399982,98.8914446176784,0.0,2.6344112750403577,7228.56598837965,0.0,0.0,0.0,0.0,489.508,489.483,1613444.9319478,1607444.5930314,99.26059089258634,98.8914446176784,4227.03248254586,10236.7714813055,0.0,7235.85687830543,0.0,0.0,0.0,False,,False,RAW_REBUILD_v2_20260725,False,False
2026-03-06,4227.03248254586,489.49,1610444.0173448,2999.4243133999407,99.0759719131506,0.0,2.50269071128834,0.0,7228.56598837965,0.0,0.0,0.0,489.483,489.508,1607444.5930314,1613444.9319478,98.8914446176784,99.26059089258634,10236.7714813055,0.0,7235.85687830543,0.0,0.0,0.0,4584.7901269148,False,,False,RAW_REBUILD_v2_20260725,False,False
2026-03-07,10236.7714813055,489.52,1619451.3170382,9007.29969340004,99.630109133585,0.0,2.3775561757239227,4227.03248254586,0.0,0.0,0.0,0.0,489.49,489.483,1610444.0173448,1607444.5930314,99.0759719131506,98.8914446176784,0.0,7235.85687830543,0.0,0.0,0.0,4584.7901269148,1047.60020359834,False,,False,RAW_REBUILD_v2_20260725,False,False
2026-03-08,0.0,489.502,1613444.9319478,-6006.385090399999,99.26059089258634,0.0,2.2586783669377266,10236.7714813055,4227.03248254586,0.0,0.0,0.0,489.52,489.49,1619451.3170382,1610444.0173448,99.630109133585,99.0759719131506,7235.85687830543,0.0,0.0,0.0,4584.7901269148,1047.60020359834,1167.60551396339,False,,False,RAW_REBUILD_v2_20260725,False,False
2026-03-09,7235.85687830543,489.52,1619451.3170382,6006.385090399999,99.630109133585,0.0,2.14574444859084,0.0,10236.7714813055,0.0,0.0,0.0,489.502,489.52,1613444.9319478,1619451.3170382,99.26059089258634,99.630109133585,0.0,0.0,0.0,4584.7901269148,1047.60020359834,1167.60551396339,1227.60816914592,False,,False,RAW_REBUILD_v2_20260725,False,False
2026-03-10,0.0,489.501,1613444.9319478,-6006.385090399999,99.26059089258634,0.0,2.038457226161298,7235.85687830543,0.0,0.0,0.0,0.0,489.52,489.502,1619451.3170382,1613444.9319478,99.630109133585,99.26059089258634,0.0,0.0,4584.7901269148,1047.60020359834,1167.60551396339,1227.60816914592,1587.69382307021,False,,False,RAW_REBUILD_v2_20260725,False,False
2026-03-11,0.0,489.489,1607444.5930314,-6000.338916399982,98.8914446176784,3.4,5.336534364853232,0.0,7235.85687830543,3.3999999999999857,3.400000000000021,3.4,489.501,489.52,1613444.9319478,1619451.3170382,99.26059089258634,99.630109133585,0.0,4584.7901269148,1047.60020359834,1167.60551396339,1227.60816914592,1587.69382307021,3690.64680325477,False,,False,RAW_REBUILD_v2_20260725,False,False
2026-03-12,0.0,489.476,1604446.718559,-2997.874472400173,98.70701266982567,0.8,5.86970764661057,0.0,0.0,4.199999999999986,4.2000000000000215,4.2,489.489,489.501,1607444.5930314,1613444.9319478,98.8914446176784,99.26059089258634,4584.7901269148,1047.60020359834,1167.60551396339,1227.60816914592,1587.69382307021,3690.64680325477,38381.7839355466,False,,False,RAW_REBUILD_v2_20260725,False,False
2026-03-13,4584.7901269148,489.49,1610444.0173448,5997.298785800114,99.0759719131506,8.8,14.376222264280042,0.0,0.0,12.999999999999986,13.00000000000002,13.0,489.476,489.489,1604446.718559,1607444.5930314,98.70701266982567,98.8914446176784,1047.60020359834,1167.60551396339,1227.60816914592,1587.69382307021,3690.64680325477,38381.7839355466,14964.4215046639,False,,False,RAW_REBUILD_v2_20260725,False,False
2026-03-14,1047.60020359834,489.496,1610444.0173448,0.0,99.0759719131506,0.6,14.25741115106604,4584.7901269148,0.0,10.199999999999983,13.60000000000002,13.6,489.49,489.476,1610444.0173448,1604446.718559,99.0759719131506,98.70701266982567,1167.60551396339,1227.60816914592,1587.69382307021,3690.64680325477,38381.7839355466,14964.4215046639,31105.9428167993,False,,False,RAW_REBUILD_v2_20260725,False,False
2026-03-15,1167.60551396339,489.495,1610444.0173448,0.0,99.0759719131506,0.2,13.744540593512736,1047.60020359834,4584.7901269148,9.599999999999987,13.800000000000022,13.8,489.496,489.49,1610444.0173448,1610444.0173448,99.0759719131506,99.0759719131506,1227.60816914592,1587.69382307021,3690.64680325477,38381.7839355466,14964.4215046639,31105.9428167993,2642.90936718213,False,,False,RAW_REBUILD_v2_20260725,False,False
2026-03-16,1227.60816914592,489.495,1610444.0173448,0.0,99.0759719131506,0.0,13.0573135638371,1167.60551396339,1047.60020359834,0.7999999999999858,10.400000000000022,13.8,489.495,489.496,1610444.0173448,1610444.0173448,99.0759719131506,99.0759719131506,1587.69382307021,3690.64680325477,38381.7839355466,14964.4215046639,31105.9428167993,2642.90936718213,131.962922905525,False,,False,RAW_REBUILD_v2_20260725,False,False
2026-03-17,1587.69382307021,489.502,1613444.9319478,3000.914603000041,99.26059089258634,8.8,21.204447885645244,1227.60816914592,1167.60551396339,8.999999999999986,18.400000000000023,22.6,489.495,489.495,1610444.0173448,1610444.0173448,99.0759719131506,99.0759719131506,3690.64680325477,38381.7839355466,14964.4215046639,31105.9428167993,2642.90936718213,131.962922905525,8560.41807127706,False,,False,RAW_REBUILD_v2_20260725,False,False
2026-03-18,3690.64680325477,489.514,1616447.3000027,3002.3680548998527,99.445299289697,1.8,21.94422549136298,1587.69382307021,1227.60816914592,10.599999999999987,11.400000000000023,21.000000000000004,489.502,489.495,1613444.9319478,1610444.0173448,99.26059089258634,99.0759719131506,38381.7839355466,14964.4215046639,31105.9428167993,2642.90936718213,131.962922905525,8560.41807127706,0.0,False,,False,RAW_REBUILD_v2_20260725,False,False
2026-03-19,38381.7839355466,489.581,1637507.2197397,21059.91973700002,100.74092459171548,0.0,20.847014216794832,3690.64680325477,1587.69382307021,10.599999999999987,10.800000000000024,20.200000000000003,489.514,489.502,1616447.3000027,1613444.9319478,99.445299289697,99.26059089258634,14964.4215046639,31105.9428167993,2642.90936718213,131.962922905525,8560.41807127706,0.0,1783.35178790543,False,,False,RAW_REBUILD_v2_20260725,False,False
2026-03-20,14964.4215046639,489.567,1631482.3951735,-6024.82456619991,100.37027193749492,0.0,19.80466350595509,38381.7839355466,3690.64680325477,1.7999999999999858,10.600000000000025,11.400000000000002,489.581,489.514,1637507.2197397,1616447.3000027,100.74092459171548,99.445299289697,31105.9428167993,2642.90936718213,131.962922905525,8560.41807127706,0.0,1783.35178790543,0.0,False,,False,RAW_REBUILD_v2_20260725,False,False
2026-03-21,31105.9428167993,489.579,1634494.0165123,3011.6213387998287,100.55554960499676,0.0,18.81443033065733,14964.4215046639,38381.7839355466,0.0,10.600000000000025,10.800000000000002,489.567,489.581,1631482.3951735,1637507.2197397,100.37027193749492,100.74092459171548,2642.90936718213,131.962922905525,8560.41807127706,0.0,1783.35178790543,0.0,0.0,False,,False,RAW_REBUILD_v2_20260725,False,False
2026-03-22,2642.90936718213,489.533,1622456.7729032,-12037.243609099882,99.8150074955646,3.4,21.273708814124465,31105.9428167993,14964.4215046639,3.3999999999999857,5.2000000000000215,14.0,489.579,489.567,1634494.0165123,1631482.3951735,100.55554960499676,100.37027193749492,131.962922905525,8560.41807127706,0.0,1783.35178790543,0.0,0.0,0.0,False,,False,RAW_REBUILD_v2_20260725,False,False
2026-03-23,131.962922905525,489.527,1619451.3170382,-3005.455864999909,99.630109133585,0.0,20.21002337341824,2642.90936718213,31105.9428167993,3.3999999999999857,3.4000000000000217,14.0,489.533,489.579,1622456.7729032,1634494.0165123,99.8150074955646,100.55554960499676,8560.41807127706,0.0,1783.35178790543,0.0,0.0,0.0,0.0,False,,False,RAW_REBUILD_v2_20260725,False,False
2026-03-24,8560.41807127706,489.548,1625463.7590197,6012.441981500015,100.0,0.0,19.19952220474733,131.962922905525,2642.90936718213,3.3999999999999857,3.4000000000000217,5.2,489.527,489.533,1619451.3170382,1622456.7729032,99.630109133585,99.8150074955646,0.0,1783.35178790543,0.0,0.0,0.0,0.0,1212.48209035112,False,,False,RAW_REBUILD_v2_20260725,False,False
2026-03-25,0.0,489.527,1619451.3170382,-6012.441981500015,99.630109133585,0.0,18.23954609450996,8560.41807127706,131.962922905525,0.0,3.4000000000000217,3.4000000000000004,489.548,489.527,1625463.7590197,1619451.3170382,100.0,99.630109133585,1783.35178790543,0.0,0.0,0.0,0.0,1212.48209035112,1353.93833422542,False,,False,RAW_REBUILD_v2_20260725,False,False
2026-03-26,1783.35178790543,489.527,1619451.3170382,0.0,99.630109133585,0.0,17.32756878978446,0.0,8560.41807127706,0.0,3.4000000000000217,3.4000000000000004,489.527,489.548,1619451.3170382,1625463.7590197,99.630109133585,100.0,0.0,0.0,0.0,0.0,1212.48209035112,1353.93833422542,0.0,False,,False,RAW_REBUILD_v2_20260725,False,False
2026-03-27,0.0,489.514,1616447.3000027,-3004.0170355001464,99.445299289697,0.0,16.461190350295237,1783.35178790543,0.0,0.0,0.0,3.4000000000000004,489.527,489.527,1619451.3170382,1619451.3170382,99.630109133585,99.630109133585,0.0,0.0,0.0,1212.48209035112,1353.93833422542,0.0,19181.5992346458,False,,False,RAW_REBUILD_v2_20260725,False,False
2026-03-28,0.0,489.489,1607444.5930314,-9002.706971299835,98.8914446176784,0.0,15.638130832780474,0.0,1783.35178790543,0.0,0.0,3.4000000000000004,489.514,489.527,1616447.3000027,1619451.3170382,99.445299289697,99.630109133585,0.0,0.0,1212.48209035112,1353.93833422542,0.0,19181.5992346458,0.0,False,,False,RAW_REBUILD_v2_20260725,False,False
2026-03-29,0.0,489.417,1586490.9615755,-20953.631455900148,97.602358266806,0.0,14.85622429114145,0.0,0.0,0.0,0.0,0.0,489.489,489.514,1607444.5930314,1616447.3000027,98.8914446176784,99.445299289697,0.0,1212.48209035112,1353.93833422542,0.0,19181.5992346458,0.0,0.0,False,,False,RAW_REBUILD_v2_20260725,False,False
2026-03-30,0.0,489.362,1571636.9871561,-14853.974419399863,96.68852833138142,0.0,14.113413076584376,0.0,0.0,0.0,0.0,0.0,489.417,489.489,1586490.9615755,1607444.5930314,97.602358266806,98.8914446176784,1212.48209035112,1353.93833422542,0.0,19181.5992346458,0.0,0.0,1353.16893553972,False,,False,RAW_REBUILD_v2_20260725,False,False
2026-03-31,1212.48209035112,489.368,1571636.9871561,0.0,96.68852833138142,0.0,13.407742422755156,0.0,0.0,0.0,0.0,0.0,489.362,489.417,1571636.9871561,1586490.9615755,96.68852833138142,97.602358266806,1353.93833422542,0.0,19181.5992346458,0.0,0.0,1353.16893553972,4316.24774742543,False,,False,RAW_REBUILD_v2_20260725,False,False
2026-04-01,1353.93833422542,489.362,1571636.9871561,0.0,96.68852833138142,0.0,12.737355301617397,1212.48209035112,0.0,0.0,0.0,0.0,489.368,489.362,1571636.9871561,1571636.9871561,96.68852833138142,96.68852833138142,0.0,19181.5992346458,0.0,0.0,1353.16893553972,4316.24774742543,0.0,False,,False,RAW_REBUILD_v2_20260725,False,False
2026-04-02,0.0,489.355,1568674.6777429,-2962.3094132000115,96.50628437812423,0.0,12.100487536536528,1353.93833422542,1212.48209035112,0.0,0.0,0.0,489.362,489.368,1571636.9871561,1571636.9871561,96.68852833138142,96.68852833138142,19181.5992346458,0.0,0.0,1353.16893553972,4316.24774742543,0.0,0.0,False,,False,RAW_REBUILD_v2_20260725,False,False
2026-04-03,19181.5992346458,489.41,1586490.9615755,17816.283832599875,97.602358266806,0.0,11.4954631597097,0.0,1353.93833422542,0.0,0.0,0.0,489.355,489.362,1568674.6777429,1571636.9871561,96.50628437812423,96.68852833138142,0.0,0.0,1353.16893553972,4316.24774742543,0.0,0.0,0.0,False,,False,RAW_REBUILD_v2_20260725,False,False
2026-04-04,0.0,489.398,1580534.3602253,-5956.601350199897,97.23590276651284,0.0,10.920690001724214,19181.5992346458,0.0,0.0,0.0,0.0,489.41,489.355,1586490.9615755,1568674.6777429,97.602358266806,96.50628437812423,0.0,1353.16893553972,4316.24774742543,0.0,0.0,0.0,0.0,False,,False,RAW_REBUILD_v2_20260725,False,False
2026-04-05,0.0,489.354,1568674.6777429,-11859.682482399978,96.50628437812423,0.0,10.374655501638005,0.0,19181.5992346458,0.0,0.0,0.0,489.398,489.41,1580534.3602253,1586490.9615755,97.23590276651284,97.602358266806,1353.16893553972,4316.24774742543,0.0,0.0,0.0,0.0,0.0,False,,False,RAW_REBUILD_v2_20260725,False,False
2026-04-06,1353.16893553972,489.35,1568674.6777429,0.0,96.50628437812423,0.0,9.855922726556102,0.0,0.0,0.0,0.0,0.0,489.354,489.398,1568674.6777429,1580534.3602253,96.50628437812423,97.23590276651284,4316.24774742543,0.0,0.0,0.0,0.0,0.0,0.0,False,,False,RAW_REBUILD_v2_20260725,False,False
2026-04-07,4316.24774742543,489.366,1571636.9871561,2962.3094132000115,96.68852833138142,0.0,9.363126590228296,1353.16893553972,0.0,0.0,0.0,0.0,489.35,489.354,1568674.6777429,1568674.6777429,96.50628437812423,96.50628437812423,0.0,0.0,0.0,0.0,0.0,0.0,0.0,False,,False,RAW_REBUILD_v2_20260725,False,False
2026-04-08,0.0,489.323,1559797.5867666,-11839.400389500195,95.96015771568462,0.0,8.89497026071688,4316.24774742543,1353.16893553972,0.0,0.0,0.0,489.366,489.35,1571636.9871561,1568674.6777429,96.68852833138142,96.50628437812423,0.0,0.0,0.0,0.0,0.0,0.0,0.0,False,,False,RAW_REBUILD_v2_20260725,False,False
2026-04-09,0.0,489.271,1545034.3582924,-14763.228474200005,95.05191055285007,0.0,8.450221747681036,0.0,4316.24774742543,0.0,0.0,0.0,489.323,489.366,1559797.5867666,1571636.9871561,95.96015771568462,96.68852833138142,0.0,0.0,0.0,0.0,0.0,0.0,0.0,False,,False,RAW_REBUILD_v2_20260725,False,False
2026-04-10,0.0,489.231,1533251.225472,-11783.132820399944,94.32700156887456,0.0,8.027710660296984,0.0,0.0,0.0,0.0,0.0,489.271,489.323,1545034.3582924,1559797.5867666,95.05191055285007,95.96015771568462,0.0,0.0,0.0,0.0,0.0,0.0,0.0,False,,False,RAW_REBUILD_v2_20260725,False,False
2026-04-11,0.0,489.179,1515629.6565953,-17621.56887670001,93.24290672031717,0.0,7.626325127282135,0.0,0.0,0.0,0.0,0.0,489.231,489.271,1533251.225472,1545034.3582924,94.32700156887456,95.05191055285007,0.0,0.0,0.0,0.0,0.0,0.0,0.0,False,,False,RAW_REBUILD_v2_20260725,False,False
2026-04-12,0.0,489.114,1498055.6269737,-17574.02962159994,92.16173652971268,0.0,7.245008870918028,0.0,0.0,0.0,0.0,0.0,489.179,489.231,1515629.6565953,1533251.225472,93.24290672031717,94.32700156887456,0.0,0.0,0.0,0.0,0.0,0.0,0.0,False,,False,RAW_REBUILD_v2_20260725,False,False
2026-04-13,0.0,489.076,1486357.15604,-11698.47093369998,91.44203602154786,0.0,6.882758427372126,0.0,0.0,0.0,0.0,0.0,489.114,489.179,1498055.6269737,1515629.6565953,92.16173652971268,93.24290672031717,0.0,0.0,0.0,0.0,0.0,0.0,7138.45010954504,False,,False,RAW_REBUILD_v2_20260725,False,False
2026-04-14,0.0,489.05,1480512.9900536,-5844.165986400098,91.08249764648592,0.0,6.53862050600352,0.0,0.0,0.0,0.0,0.0,489.076,489.114,1486357.15604,1498055.6269737,91.44203602154786,92.16173652971268,0.0,0.0,0.0,0.0,0.0,7138.45010954504,0.0,False,,False,RAW_REBUILD_v2_20260725,False,False
2026-04-15,0.0,489.024,1471753.0165594,-8759.973494200036,90.54357615742836,0.0,6.211689480703344,0.0,0.0,0.0,0.0,0.0,489.05,489.076,1480512.9900536,1486357.15604,91.08249764648592,91.44203602154786,0.0,0.0,0.0,0.0,7138.45010954504,0.0,1326.79283870305,False,,False,RAW_REBUILD_v2_20260725,False,False
2026-04-16,0.0,488.979,1457169.3844267,-14583.632132699946,89.6463779238919,0.0,5.9011050066681765,0.0,0.0,0.0,0.0,0.0,489.024,489.05,1471753.0165594,1480512.9900536,90.54357615742836,91.08249764648592,0.0,0.0,0.0,7138.45010954504,0.0,1326.79283870305,0.0,False,,False,RAW_REBUILD_v2_20260725,False,False
2026-04-17,0.0,488.891,1433876.8830075,-23292.501419199863,88.21340217835775,0.0,5.606049756334768,0.0,0.0,0.0,0.0,0.0,488.979,489.024,1457169.3844267,1471753.0165594,89.6463779238919,90.54357615742836,0.0,0.0,7138.45010954504,0.0,1326.79283870305,0.0,0.0,False,,False,RAW_REBUILD_v2_20260725,False,False
2026-04-18,0.0,488.872,1428061.5598544,-5815.3231530999765,87.85563824047661,0.0,5.325747268518029,0.0,0.0,0.0,0.0,0.0,488.891,488.979,1433876.8830075,1457169.3844267,88.21340217835775,89.6463779238919,0.0,7138.45010954504,0.0,1326.79283870305,0.0,0.0,0.0,False,,False,RAW_REBUILD_v2_20260725,False,False
2026-04-19,0.0,488.847,1419344.4679611,-8717.091893300181,87.3193548662747,0.0,5.059459905092127,0.0,0.0,0.0,0.0,0.0,488.872,488.891,1428061.5598544,1433876.8830075,87.85563824047661,88.21340217835775,7138.45010954504,0.0,1326.79283870305,0.0,0.0,0.0,4172.0881414952,False,,False,RAW_REBUILD_v2_20260725,False,False
2026-04-20,7138.45010954504,488.86,1425155.0669105,5810.59894940001,87.67682816687318,0.0,4.8064869098375205,0.0,0.0,0.0,0.0,0.0,488.847,488.872,1419344.4679611,1428061.5598544,87.3193548662747,87.85563824047661,0.0,1326.79283870305,0.0,0.0,0.0,4172.0881414952,0.0,False,,False,RAW_REBUILD_v2_20260725,False,False
2026-04-21,0.0,488.834,1416440.2927267,-8714.774183799978,87.1406873802551,0.0,4.566162564345644,7138.45010954504,0.0,0.0,0.0,0.0,488.86,488.847,1425155.0669105,1419344.4679611,87.67682816687318,87.3193548662747,1326.79283870305,0.0,0.0,0.0,4172.0881414952,0.0,7130.95188030226,False,,False,RAW_REBUILD_v2_20260725,False,False
2026-04-22,1326.79283870305,488.833,1416440.2927267,0.0,87.1406873802551,0.0,4.337854436128362,0.0,7138.45010954504,0.0,0.0,0.0,488.834,488.86,1416440.2927267,1425155.0669105,87.1406873802551,87.67682816687318,0.0,0.0,0.0,4172.0881414952,0.0,7130.95188030226,1326.44156200227,False,,False,RAW_REBUILD_v2_20260725,False,False
2026-04-23,0.0,488.828,1413536.9222839,-2903.370442799991,86.96206940574234,0.0,4.120961714321943,1326.79283870305,0.0,0.0,0.0,0.0,488.833,488.834,1416440.2927267,1416440.2927267,87.1406873802551,87.1406873802551,0.0,0.0,4172.0881414952,0.0,7130.95188030226,1326.44156200227,0.0,False,,False,RAW_REBUILD_v2_20260725,False,False
2026-04-24,0.0,488.814,1410634.2644526,-2902.65783130005,86.7834952717333,1.2,5.114913628605846,0.0,1326.79283870305,1.1999999999999855,1.2000000000000213,1.2,488.828,488.833,1413536.9222839,1416440.2927267,86.96206940574234,87.1406873802551,0.0,4172.0881414952,0.0,7130.95188030226,1326.44156200227,0.0,0.0,False,,False,RAW_REBUILD_v2_20260725,False,False
2026-04-25,0.0,488.827,1413536.9222839,2902.65783130005,86.96206940574234,25.8,30.65916794717556,0.0,0.0,26.999999999999982,27.00000000000002,27.0,488.814,488.828,1410634.2644526,1413536.9222839,86.7834952717333,86.96206940574234,4172.0881414952,0.0,7130.95188030226,1326.44156200227,0.0,0.0,4153.38797326013,False,,False,RAW_REBUILD_v2_20260725,False,False
2026-04-26,4172.0881414952,488.834,1416440.2927267,2903.370442799991,87.1406873802551,0.2,29.32620954981677,0.0,0.0,27.199999999999985,27.20000000000002,27.2,488.827,488.814,1413536.9222839,1410634.2644526,86.96206940574234,86.7834952717333,0.0,7130.95188030226,1326.44156200227,0.0,0.0,4153.38797326013,0.0,False,,False,RAW_REBUILD_v2_20260725,False,False
2026-04-27,0.0,488.808,1407732.4119656,-8707.88076109998,86.60497068323372,0.0,27.85989907232593,4172.0881414952,0.0,25.999999999999982,27.20000000000002,27.2,488.834,488.827,1416440.2927267,1413536.9222839,87.1406873802551,86.96206940574234,7130.95188030226,1326.44156200227,0.0,0.0,4153.38797326013,0.0,0.0,False,,False,RAW_REBUILD_v2_20260725,False,False
2026-04-28,7130.95188030226,488.828,1413536.9222839,5804.510318299988,86.96206940574234,0.0,26.466904118709635,0.0,4172.0881414952,0.1999999999999858,27.20000000000002,27.2,488.808,488.834,1407732.4119656,1416440.2927267,86.60497068323372,87.1406873802551,1326.44156200227,0.0,0.0,4153.38797326013,0.0,0.0,0.0,False,,False,RAW_REBUILD_v2_20260725,False,False
2026-04-29,1326.44156200227,488.822,1413536.9222839,0.0,86.96206940574234,0.0,25.14355891277416,7130.95188030226,0.0,0.0,26.00000000000002,27.2,488.828,488.808,1413536.9222839,1407732.4119656,86.96206940574234,86.60497068323372,0.0,0.0,4153.38797326013,0.0,0.0,0.0,0.0,False,,False,RAW_REBUILD_v2_20260725,False,False
2026-04-30,0.0,488.814,1410634.2644526,-2902.65783130005,86.7834952717333,0.0,23.886380967135445,1326.44156200227,7130.95188030226,0.0,0.2000000000000213,27.2,488.822,488.828,1413536.9222839,1413536.9222839,86.96206940574234,86.96206940574234,0.0,4153.38797326013,0.0,0.0,0.0,0.0,3572.02296329776,False,,False,RAW_REBUILD_v2_20260725,False,False
2026-05-01,0.0,488.801,1407732.4119656,-2901.8524869999383,86.60497068323372,0.0,22.69206191877867,0.0,1326.44156200227,0.0,0.0,26.0,488.814,488.822,1410634.2644526,1413536.9222839,86.7834952717333,86.96206940574234,4153.38797326013,0.0,0.0,0.0,0.0,3572.02296329776,8333.52349808145,False,,False,RAW_REBUILD_v2_20260725,False,False
2026-05-02,4153.38797326013,488.814,1410634.2644526,2901.8524869999383,86.7834952717333,0.0,21.55745882283973,0.0,0.0,0.0,0.0,0.2,488.801,488.814,1407732.4119656,1410634.2644526,86.60497068323372,86.7834952717333,0.0,0.0,0.0,0.0,3572.02296329776,8333.52349808145,7063.79578135049,False,,False,RAW_REBUILD_v2_20260725,False,False
2026-05-03,0.0,488.782,1401930.957596,-8703.30685659987,86.24805996545193,0.0,20.479585881697748,4153.38797326013,0.0,0.0,0.0,0.0,488.814,488.801,1410634.2644526,1407732.4119656,86.7834952717333,86.60497068323372,0.0,0.0,0.0,3572.02296329776,8333.52349808145,7063.79578135049,3284.83311676227,False,,False,RAW_REBUILD_v2_20260725,False,False
2026-05-04,0.0,488.776,1399031.4112872,-2899.5463088001125,86.06967725512015,0.0,19.45560658761286,0.0,4153.38797326013,0.0,0.0,0.0,488.782,488.814,1401930.957596,1410634.2644526,86.24805996545193,86.7834952717333,0.0,0.0,3572.02296329776,8333.52349808145,7063.79578135049,3284.83311676227,605.652973947571,False,,False,RAW_REBUILD_v2_20260725,False,False
2026-05-05,0.0,488.801,1407732.4119656,8701.000678400043,86.60497068323372,35.6,54.08282625823222,0.0,0.0,35.59999999999999,35.60000000000002,35.6,488.776,488.782,1399031.4112872,1401930.957596,86.06967725512015,86.24805996545193,0.0,3572.02296329776,8333.52349808145,7063.79578135049,3284.83311676227,605.652973947571,323.723272625149,False,,False,RAW_REBUILD_v2_20260725,False,False
2026-05-06,0.0,488.795,1404831.3032069,-2901.10875870008,86.42649184957152,8.4,59.7786849453206,0.0,0.0,43.99999999999999,44.00000000000002,44.0,488.801,488.776,1407732.4119656,1399031.4112872,86.60497068323372,86.06967725512015,3572.02296329776,8333.52349808145,7063.79578135049,3284.83311676227,605.652973947571,323.723272625149,64020.6507161179,False,,False,RAW_REBUILD_v2_20260725,False,False
2026-05-07,3572.02296329776,488.8,1407732.4119656,2901.10875870008,86.60497068323372,2.0,58.78975069805457,0.0,0.0,45.99999999999999,46.00000000000002,46.0,488.795,488.801,1404831.3032069,1407732.4119656,86.42649184957152,86.60497068323372,8333.52349808145,7063.79578135049,3284.83311676227,605.652973947571,323.723272625149,64020.6507161179,29891.3995551568,False,,False,RAW_REBUILD_v2_20260725,False,False
2026-05-08,8333.52349808145,488.841,1419344.4679611,11612.055995499948,87.3193548662747,15.6,71.45026316315183,3572.02296329776,0.0,25.999999999999982,61.60000000000002,61.6,488.8,488.795,1407732.4119656,1404831.3032069,86.60497068323372,86.42649184957152,7063.79578135049,3284.83311676227,605.652973947571,323.723272625149,64020.6507161179,29891.3995551568,9275.53266444997,False,,False,RAW_REBUILD_v2_20260725,False,False
2026-05-09,7063.79578135049,488.865,1425155.0669105,5810.59894940001,87.67682816687318,0.0,67.87775000499424,8333.52349808145,3572.02296329776,17.599999999999987,61.60000000000002,61.6,488.841,488.8,1419344.4679611,1407732.4119656,87.3193548662747,86.60497068323372,3284.83311676227,605.652973947571,323.723272625149,64020.6507161179,29891.3995551568,9275.53266444997,16073.5335749953,False,,False,RAW_REBUILD_v2_20260725,False,False
2026-05-10,3284.83311676227,488.903,1436785.673304,11630.606393499998,88.3923535871701,33.0,97.48386250474452,7063.79578135049,8333.52349808145,48.59999999999999,59.00000000000002,94.6,488.865,488.841,1425155.0669105,1419344.4679611,87.67682816687318,87.3193548662747,605.652973947571,323.723272625149,64020.6507161179,29891.3995551568,9275.53266444997,16073.5335749953,0.0,False,,False,RAW_REBUILD_v2_20260725,False,False
2026-05-11,605.652973947571,488.956,1451341.5620411,14555.888737100177,89.28784502192708,52.2,144.80966937950728,3284.83311676227,7063.79578135049,85.19999999999999,102.80000000000004,146.8,488.903,488.865,1436785.673304,1425155.0669105,88.3923535871701,87.67682816687318,323.723272625149,64020.6507161179,29891.3995551568,9275.53266444997,16073.5335749953,0.0,10212.1217991189,False,,False,RAW_REBUILD_v2_20260725,False,False
2026-05-12,323.723272625149,488.967,1454255.069173,2913.50713189994,89.46708661471763,13.2,150.7691859105319,605.652973947571,3284.83311676227,98.4,114.00000000000004,124.4,488.956,488.903,1451341.5620411,1436785.673304,89.28784502192708,88.3923535871701,64020.6507161179,29891.3995551568,9275.53266444997,16073.5335749953,0.0,10212.1217991189,3923.86473352018,False,,False,RAW_REBUILD_v2_20260725,False,False
2026-05-13,64020.6507161179,489.238,1533251.225472,78996.15629899991,94.32700156887456,55.2,198.4307266150053,323.723272625149,605.652973947571,120.6,153.60000000000002,171.2,488.967,488.956,1454255.069173,1451341.5620411,89.46708661471763,89.28784502192708,29891.3995551568,9275.53266444997,16073.5335749953,0.0,10212.1217991189,3923.86473352018,110640.521929889,False,,False,RAW_REBUILD_v2_20260725,False,False
2026-05-14,29891.3995551568,489.342,1565714.0163252,32462.79085320001,96.32414181104016,13.0,201.50919028425503,64020.6507161179,323.723272625149,81.39999999999999,166.60000000000002,182.2,489.238,488.967,1533251.225472,1454255.069173,94.32700156887456,89.46708661471763,9275.53266444997,16073.5335749953,0.0,10212.1217991189,3923.86473352018,110640.521929889,101694.070947194,False,,False,RAW_REBUILD_v2_20260725,False,False
2026-05-15,9275.53266444997,489.386,1577566.834908,11852.818582799984,97.05333792611984,13.0,204.43373077004227,29891.3995551568,64020.6507161179,81.19999999999999,146.60000000000002,179.60000000000002,489.342,489.238,1565714.0163252,1533251.225472,96.32414181104016,94.32700156887456,16073.5335749953,0.0,10212.1217991189,3923.86473352018,110640.521929889,101694.070947194,160766.191472924,False,,False,RAW_REBUILD_v2_20260725,False,False
2026-05-16,16073.5335749953,489.437,1592470.1267521,14903.291844099993,97.97020191409877,0.4,194.61204423154007,9275.53266444997,29891.3995551568,26.399999999999984,94.80000000000004,180.0,489.386,489.342,1577566.834908,1565714.0163252,97.05333792611984,96.32414181104016,0.0,10212.1217991189,3923.86473352018,110640.521929889,101694.070947194,160766.191472924,200312.351102164,False,,False,RAW_REBUILD_v2_20260725,False,False
2026-05-17,0.0,489.43,1592470.1267521,0.0,97.97020191409877,5.8,190.6814420199632,16073.5335749953,9275.53266444997,19.199999999999985,87.40000000000003,152.8,489.437,489.386,1592470.1267521,1577566.834908,97.97020191409877,97.05333792611984,10212.1217991189,3923.86473352018,110640.521929889,101694.070947194,160766.191472924,200312.351102164,255740.520695124,False,,False,RAW_REBUILD_v2_20260725,False,False
2026-05-18,10212.1217991189,489.463,1601450.3446648,8980.217912700027,98.52267303890044,0.2,181.34736991896497,0.0,16073.5335749953,6.399999999999986,32.40000000000003,100.8,489.43,489.437,1592470.1267521,1592470.1267521,97.97020191409877,97.97020191409877,3923.86473352018,110640.521929889,101694.070947194,160766.191472924,200312.351102164,255740.520695124,247321.41755552,False,,False,RAW_REBUILD_v2_20260725,False,False
2026-05-19,3923.86473352018,489.501,1613444.9319478,11994.587283000115,99.26059089258634,31.2,203.48000142301672,10212.1217991189,0.0,37.19999999999999,50.60000000000002,118.8,489.463,489.43,1601450.3446648,1592470.1267521,98.52267303890044,97.97020191409877,110640.521929889,101694.070947194,160766.191472924,200312.351102164,255740.520695124,247321.41755552,265242.824673581,False,,False,RAW_REBUILD_v2_20260725,False,False
2026-05-20,110640.521929889,489.643,1655645.1614623,42200.22951449989,101.8567871645937,4.2,197.50600135186585,3923.86473352018,10212.1217991189,35.59999999999999,41.800000000000026,67.8,489.501,489.463,1613444.9319478,1601450.3446648,99.26059089258634,98.52267303890044,101694.070947194,160766.191472924,200312.351102164,255740.520695124,247321.41755552,265242.824673581,444008.703245138,False,,False,RAW_REBUILD_v2_20260725,False,False
2026-05-21,101694.070947194,489.63,1652616.0060849,-3029.155377400108,101.670430787185,5.6,193.23070128427253,110640.521929889,3923.86473352018,40.99999999999999,47.00000000000003,60.4,489.643,489.501,1655645.1614623,1613444.9319478,101.8567871645937,99.26059089258634,160766.191472924,200312.351102164,255740.520695124,247321.41755552,265242.824673581,444008.703245138,544604.161714693,False,,False,RAW_REBUILD_v2_20260725,False,False
2026-05-22,160766.191472924,489.644,1655645.1614623,3029.155377400108,101.8567871645937,0.0,183.5691662200589,101694.070947194,110640.521929889,9.799999999999986,41.20000000000002,47.4,489.63,489.643,1652616.0060849,1655645.1614623,101.670430787185,101.8567871645937,200312.351102164,255740.520695124,247321.41755552,265242.824673581,444008.703245138,544604.161714693,626002.754559492,False,,False,RAW_REBUILD_v2_20260725,False,False
2026-05-23,200312.351102164,489.682,1667776.8298904,12131.668428099949,102.6031383742581,20.8,195.190707909056,160766.191472924,101694.070947194,26.399999999999988,61.800000000000026,67.8,489.644,489.63,1655645.1614623,1652616.0060849,101.8567871645937,101.670430787185,255740.520695124,247321.41755552,265242.824673581,444008.703245138,544604.161714693,626002.754559492,734024.712003146,False,,False,RAW_REBUILD_v2_20260725,False,False
2026-05-24,255740.520695124,489.688,1667776.8298904,0.0,102.6031383742581,0.2,185.6311725136032,200312.351102164,160766.191472924,20.99999999999999,30.80000000000003,62.2,489.682,489.644,1667776.8298904,1655645.1614623,102.6031383742581,101.8567871645937,247321.41755552,265242.824673581,444008.703245138,544604.161714693,626002.754559492,734024.712003146,679645.37317074,False,,False,RAW_REBUILD_v2_20260725,False,False
2026-05-25,247321.41755552,489.695,1670813.4823932,3036.652502800105,102.78995598159936,0.0,176.34961388792297,255740.520695124,200312.351102164,20.999999999999982,26.60000000000003,62.0,489.688,489.682,1667776.8298904,1667776.8298904,102.6031383742581,102.6031383742581,265242.824673581,444008.703245138,544604.161714693,626002.754559492,734024.712003146,679645.37317074,564141.2329197773,False,,False,RAW_REBUILD_v2_20260725,False,False
2026-05-26,265242.824673581,489.707,1673851.7406958,3038.25830259989,102.97687237919608,19.0,186.5321331935268,247321.41755552,255740.520695124,19.19999999999999,40.00000000000003,49.8,489.695,489.688,1670813.4823932,1667776.8298904,102.78995598159936,102.6031383742581,444008.703245138,544604.161714693,626002.754559492,734024.712003146,679645.37317074,564141.2329197773,322565.7966862557,False,,False,RAW_REBUILD_v2_20260725,False,False
2026-05-27,444008.703245138,489.785,1698213.642694,24361.901998199988,104.47563861517123,7.6,184.80552653385047,265242.824673581,247321.41755552,26.599999999999987,47.60000000000003,53.2,489.707,489.695,1673851.7406958,1670813.4823932,102.97687237919608,102.78995598159936,544604.161714693,626002.754559492,734024.712003146,679645.37317074,564141.2329197773,322565.7966862557,292849.1133419672,False,,False,RAW_REBUILD_v2_20260725,False,False
2026-05-28,544604.161714693,489.766,1692113.6615758,-6099.981118199881,104.10036226192427,0.0,175.56525020715793,444008.703245138,265242.824673581,26.599999999999987,26.800000000000026,47.6,489.785,489.707,1698213.642694,1673851.7406958,104.47563861517123,102.97687237919608,626002.754559492,734024.712003146,679645.37317074,564141.2329197773,322565.7966862557,292849.1133419672,272076.5048447955,False,,False,RAW_REBUILD_v2_20260725,False,False
2026-05-29,626002.754559492,489.817,1707386.3914463,15272.729870500045,105.03995441128792,6.8,173.58698769680004,544604.161714693,444008.703245138,14.399999999999988,33.40000000000003,54.400000000000006,489.766,489.785,1692113.6615758,1698213.642694,104.10036226192427,104.47563861517123,734024.712003146,679645.37317074,564141.2329197773,322565.7966862557,292849.1133419672,272076.5048447955,265659.6681720963,False,,False,RAW_REBUILD_v2_20260725,False,False
2026-05-30,734024.712003146,489.823,1710454.4363393,3068.044892999809,105.22870330685544,2.2,167.10763831196002,626002.754559492,544604.161714693,8.99999999999999,35.60000000000003,35.8,489.817,489.766,1707386.3914463,1692113.6615758,105.03995441128792,104.10036226192427,679645.37317074,564141.2329197773,322565.7966862557,292849.1133419672,272076.5048447955,265659.6681720963,275263.6381577072,False,,False,RAW_REBUILD_v2_20260725,False,False
2026-05-31,679645.37317074,489.805,1704320.2680112,-6134.168328099884,104.85132372554756,1.4,160.15225639636202,734024.712003146,626002.754559492,10.39999999999999,18.00000000000003,36.99999999999999,489.823,489.817,1710454.4363393,1707386.3914463,105.22870330685544,105.03995441128792,564141.2329197773,322565.7966862557,292849.1133419672,272076.5048447955,265659.6681720963,275263.6381577072,244163.9551956393,False,,False,RAW_REBUILD_v2_20260725,False,False
2026-06-01,564141.2329197773,489.72,1679932.8392697,-24387.42874150001,103.3509870612464,42.6,194.7446435765439,679645.37317074,734024.712003146,46.19999999999999,53.00000000000003,79.6,489.805,489.823,1704320.2680112,1710454.4363393,104.85132372554756,105.22870330685544,322565.7966862557,292849.1133419672,272076.5048447955,265659.6681720963,275263.6381577072,244163.9551956393,232607.9143160558,False,,False,RAW_REBUILD_v2_20260725,False,False
2026-06-02,322565.7966862557,489.701,1673851.7406958,-6081.098573900061,102.97687237919608,2.2,187.20741139771667,564141.2329197773,679645.37317074,46.19999999999999,55.20000000000003,62.8,489.72,489.805,1679932.8392697,1704320.2680112,103.3509870612464,104.85132372554756,292849.1133419672,272076.5048447955,265659.6681720963,275263.6381577072,244163.9551956393,232607.9143160558,221380.5927948378,False,,False,RAW_REBUILD_v2_20260725,False,False
2026-06-03,292849.1133419672,489.7,1673851.7406958,0.0,102.97687237919608,5.8,183.64704082783084,322565.7966862557,564141.2329197773,50.59999999999999,54.20000000000003,61.0,489.701,489.72,1673851.7406958,1679932.8392697,102.97687237919608,103.3509870612464,272076.5048447955,265659.6681720963,275263.6381577072,244163.9551956393,232607.9143160558,221380.5927948378,225859.1582501597,False,,False,RAW_REBUILD_v2_20260725,False,False
2026-06-04,272076.5048447955,489.695,1670813.4823932,-3038.25830259989,102.78995598159936,2.2,176.66468878643929,292849.1133419672,322565.7966862557,10.199999999999983,54.20000000000003,63.2,489.7,489.701,1673851.7406958,1673851.7406958,102.97687237919608,102.97687237919608,265659.6681720963,275263.6381577072,244163.9551956393,232607.9143160558,221380.5927948378,225859.1582501597,234062.6444692377,False,,False,RAW_REBUILD_v2_20260725,False,False
2026-06-05,265659.6681720963,489.689,1667776.8298904,-3036.652502800105,102.6031383742581,0.0,167.8314543471173,272076.5048447955,292849.1133419672,7.999999999999986,52.80000000000003,56.4,489.695,489.7,1670813.4823932,1673851.7406958,102.78995598159936,102.97687237919608,275263.6381577072,244163.9551956393,232607.9143160558,221380.5927948378,225859.1582501597,234062.6444692377,261352.7358887642,False,,False,RAW_REBUILD_v2_20260725,False,False
2026-06-06,275263.6381577072,489.695,1670813.4823932,3036.652502800105,102.78995598159936,3.8,163.23988162976144,265659.6681720963,272076.5048447955,5.999999999999986,14.000000000000028,58.0,489.689,489.695,1667776.8298904,1670813.4823932,102.6031383742581,102.78995598159936,244163.9551956393,232607.9143160558,221380.5927948378,225859.1582501597,234062.6444692377,261352.7358887642,275658.9534612212,False,,False,RAW_REBUILD_v2_20260725,False,False
2026-06-07,244163.9551956393,489.677,1664741.6725648,-6071.809828400146,102.41641275156992,0.2,155.27788754827336,275263.6381577072,265659.6681720963,3.999999999999986,12.000000000000028,56.8,489.695,489.689,1670813.4823932,1667776.8298904,102.78995598159936,102.6031383742581,232607.9143160558,221380.5927948378,225859.1582501597,234062.6444692377,261352.7358887642,275658.9534612212,244798.3056638377,False,,False,RAW_REBUILD_v2_20260725,False,False
2026-06-08,232607.9143160558,489.677,1664741.6725648,0.0,102.41641275156992,2.2,149.71399317085968,244163.9551956393,275263.6381577072,6.199999999999986,8.400000000000029,16.4,489.677,489.695,1664741.6725648,1670813.4823932,102.41641275156992,102.78995598159936,221380.5927948378,225859.1582501597,234062.6444692377,261352.7358887642,275658.9534612212,244798.3056638377,194764.5481698516,False,,False,RAW_REBUILD_v2_20260725,False,False
2026-06-09,221380.5927948378,489.676,1664741.6725648,0.0,102.41641275156992,0.0,142.2282935123167,232607.9143160558,244163.9551956393,2.399999999999986,6.200000000000029,14.2,489.677,489.677,1664741.6725648,1664741.6725648,102.41641275156992,102.41641275156992,225859.1582501597,234062.6444692377,261352.7358887642,275658.9534612212,244798.3056638377,194764.5481698516,201780.7757341557,False,,False,RAW_REBUILD_v2_20260725,False,False
2026-06-10,225859.1582501597,489.682,1667776.8298904,3035.157325600041,102.6031383742581,12.2,147.31687883670085,221380.5927948378,232607.9143160558,14.399999999999984,18.400000000000027,20.6,489.676,489.677,1664741.6725648,1664741.6725648,102.41641275156992,102.41641275156992,234062.6444692377,261352.7358887642,275658.9534612212,244798.3056638377,194764.5481698516,201780.7757341557,179923.4541698516,False,,False,RAW_REBUILD_v2_20260725,False,False
2026-06-11,234062.6444692377,489.676,1664741.6725648,-3035.157325600041,102.41641275156992,0.0,139.9510348948658,225859.1582501597,221380.5927948378,12.199999999999983,14.600000000000026,18.4,489.682,489.676,1667776.8298904,1664741.6725648,102.6031383742581,102.41641275156992,261352.7358887642,275658.9534612212,244798.3056638377,194764.5481698516,201780.7757341557,179923.4541698516,127270.7094574617,False,,False,RAW_REBUILD_v2_20260725,False,False
2026-06-12,261352.7358887642,489.695,1670813.4823932,6071.809828400146,102.78995598159936,23.6,156.5534831501225,234062.6444692377,225859.1582501597,35.79999999999998,38.00000000000003,42.0,489.676,489.682,1664741.6725648,1667776.8298904,102.41641275156992,102.6031383742581,275658.9534612212,244798.3056638377,194764.5481698516,201780.7757341557,179923.4541698516,127270.7094574617,124612.9603942347,False,,False,RAW_REBUILD_v2_20260725,False,False
2026-06-13,275658.9534612212,489.701,1673851.7406958,3038.25830259989,102.97687237919608,12.4,161.12580899261638,261352.7358887642,234062.6444692377,35.999999999999986,48.20000000000002,50.6,489.695,489.676,1670813.4823932,1664741.6725648,102.78995598159936,102.41641275156992,244798.3056638377,194764.5481698516,201780.7757341557,179923.4541698516,127270.7094574617,124612.9603942347,90013.88614181147,False,,False,RAW_REBUILD_v2_20260725,False,False
2026-06-14,244798.3056638377,489.676,1664741.6725648,-9110.068131000036,102.41641275156992,0.0,153.06951854298555,275658.9534612212,261352.7358887642,35.999999999999986,48.20000000000002,50.4,489.701,489.695,1673851.7406958,1670813.4823932,102.97687237919608,102.78995598159936,194764.5481698516,201780.7757341557,179923.4541698516,127270.7094574617,124612.9603942347,90013.88614181147,81061.92869031134,False,,False,RAW_REBUILD_v2_20260725,False,False
2026-06-15,194764.5481698516,489.656,1658675.7961467,-6065.876418099972,102.04323455030642,0.0,145.41604261583626,244798.3056638377,275658.9534612212,12.399999999999986,36.00000000000003,48.2,489.676,489.701,1664741.6725648,1673851.7406958,102.41641275156992,102.97687237919608,201780.7757341557,179923.4541698516,127270.7094574617,124612.9603942347,90013.88614181147,81061.92869031134,84495.91800302982,False,,False,RAW_REBUILD_v2_20260725,False,False
2026-06-16,201780.7757341557,489.67,1664741.6725648,6065.876418099972,102.41641275156992,2.2,140.34524048504443,194764.5481698516,244798.3056638377,2.199999999999986,38.20000000000003,50.4,489.656,489.676,1658675.7961467,1664741.6725648,102.04323455030642,102.41641275156992,179923.4541698516,127270.7094574617,124612.9603942347,90013.88614181147,81061.92869031134,84495.91800302982,82664.92869031134,False,,False,RAW_REBUILD_v2_20260725,False,False
2026-06-17,179923.4541698516,489.657,1658675.7961467,-6065.876418099972,102.04323455030642,0.0,133.3279784607922,201780.7757341557,194764.5481698516,2.199999999999986,14.60000000000003,38.2,489.67,489.656,1664741.6725648,1658675.7961467,102.41641275156992,102.04323455030642,127270.7094574617,124612.9603942347,90013.88614181147,81061.92869031134,84495.91800302982,82664.92869031134,77030.97469031134,False,,False,RAW_REBUILD_v2_20260725,False,False
2026-06-18,127270.7094574617,489.637,1652616.0060849,-6059.790061800042,101.670430787185,0.0,126.66157953775256,179923.4541698516,201780.7757341557,2.199999999999986,2.2000000000000286,38.2,489.657,489.67,1658675.7961467,1664741.6725648,102.04323455030642,102.41641275156992,124612.9603942347,90013.88614181147,81061.92869031134,84495.91800302982,82664.92869031134,77030.97469031134,65222.77280277714,False,,False,RAW_REBUILD_v2_20260725,False,False
2026-06-19,124612.9603942347,489.637,1652616.0060849,0.0,101.670430787185,1.4,121.72850056086494,127270.7094574617,179923.4541698516,1.3999999999999857,3.6000000000000285,16.0,489.637,489.657,1652616.0060849,1658675.7961467,101.670430787185,102.04323455030642,90013.88614181147,81061.92869031134,84495.91800302982,82664.92869031134,77030.97469031134,65222.77280277714,58881.53985247704,False,,False,RAW_REBUILD_v2_20260725,False,False
2026-06-20,90013.88614181147,489.617,1646562.4785364,-6053.527548499871,101.29801229954364,0.0,115.64207553282168,124612.9603942347,127270.7094574617,1.3999999999999857,3.6000000000000285,3.6,489.637,489.637,1652616.0060849,1652616.0060849,101.670430787185,101.670430787185,81061.92869031134,84495.91800302982,82664.92869031134,77030.97469031134,65222.77280277714,58881.53985247704,49653.74119414902,False,,False,RAW_REBUILD_v2_20260725,False,False
2026-06-21,81061.92869031134,489.617,1646562.4785364,0.0,101.29801229954364,0.0,109.8599717561806,90013.88614181147,124612.9603942347,1.3999999999999857,1.4000000000000283,3.6,489.617,489.637,1646562.4785364,1652616.0060849,101.29801229954364,101.670430787185,84495.91800302982,82664.92869031134,77030.97469031134,65222.77280277714,58881.53985247704,49653.74119414902,43120.17151001822,False,,False,RAW_REBUILD_v2_20260725,False,False
2026-06-22,84495.91800302982,489.617,1646562.4785364,0.0,101.29801229954364,0.4,104.76697316837156,81061.92869031134,90013.88614181147,0.3999999999999858,1.8000000000000282,4.0,489.617,489.617,1646562.4785364,1646562.4785364,101.29801229954364,101.29801229954364,82664.92869031134,77030.97469031134,65222.77280277714,58881.53985247704,49653.74119414902,43120.17151001822,36181.8368125964,False,,False,RAW_REBUILD_v2_20260725,False,False
2026-06-23,82664.92869031134,489.617,1646562.4785364,0.0,101.29801229954364,0.0,99.52862450995298,84495.91800302982,81061.92869031134,0.3999999999999858,1.8000000000000282,1.7999999999999998,489.617,489.617,1646562.4785364,1646562.4785364,101.29801229954364,101.29801229954364,77030.97469031134,65222.77280277714,58881.53985247704,49653.74119414902,43120.17151001822,36181.8368125964,42962.49765203487,False,,False,RAW_REBUILD_v2_20260725,False,False
2026-06-24,77030.97469031134,489.611,1646562.4785364,0.0,101.29801229954364,0.0,94.55219328445531,82664.92869031134,84495.91800302982,0.3999999999999858,0.4000000000000284,1.7999999999999998,489.617,489.617,1646562.4785364,1646562.4785364,101.29801229954364,101.29801229954364,65222.77280277714,58881.53985247704,49653.74119414902,43120.17151001822,36181.8368125964,42962.49765203487,46623.40244982517,False,,False,RAW_REBUILD_v2_20260725,False,False
2026-06-25,65222.77280277714,489.604,1643538.2164867,-3024.2620496999007,101.111956964079,0.0,89.82458362023256,77030.97469031134,82664.92869031134,0.0,0.4000000000000284,1.7999999999999998,489.611,489.617,1646562.4785364,1646562.4785364,101.29801229954364,101.29801229954364,58881.53985247704,49653.74119414902,43120.17151001822,36181.8368125964,42962.49765203487,46623.40244982517,14739.84174302964,False,,False,RAW_REBUILD_v2_20260725,False,False
2026-06-26,58881.53985247704,489.604,1643538.2164867,0.0,101.111956964079,0.0,85.33335443922093,65222.77280277714,77030.97469031134,0.0,0.4000000000000284,0.4,489.604,489.611,1643538.2164867,1646562.4785364,101.111956964079,101.29801229954364,49653.74119414902,43120.17151001822,36181.8368125964,42962.49765203487,46623.40244982517,14739.84174302964,5214.089702893602,False,,False,RAW_REBUILD_v2_20260725,False,False
2026-06-27,49653.74119414902,489.592,1640521.8742391,-3016.342247600201,100.92638886199968,0.0,81.06668671725987,58881.53985247704,65222.77280277714,0.0,0.0,0.4,489.604,489.604,1643538.2164867,1643538.2164867,101.111956964079,101.111956964079,43120.17151001822,36181.8368125964,42962.49765203487,46623.40244982517,14739.84174302964,5214.089702893602,0.0,False,,False,RAW_REBUILD_v2_20260725,False,False
2026-06-28,43120.17151001822,489.591,1640521.8742391,0.0,100.92638886199968,0.0,77.01335238139687,49653.74119414902,58881.53985247704,0.0,0.0,0.4,489.592,489.604,1640521.8742391,1643538.2164867,100.92638886199968,101.111956964079,36181.8368125964,42962.49765203487,46623.40244982517,14739.84174302964,5214.089702893602,0.0,0.0,False,,False,RAW_REBUILD_v2_20260725,False,False
2026-06-29,36181.8368125964,489.586,1637507.2197397,-3014.6544993999414,100.74092459171548,0.0,73.16268476232702,43120.17151001822,49653.74119414902,0.0,0.0,0.0,489.591,489.592,1640521.8742391,1640521.8742391,100.92638886199968,100.92638886199968,42962.49765203487,46623.40244982517,14739.84174302964,5214.089702893602,0.0,0.0,0.0,False,,False,RAW_REBUILD_v2_20260725,False,False
2026-06-30,42962.49765203487,489.586,1637507.2197397,0.0,100.74092459171548,1.8,71.30455052421065,36181.8368125964,43120.17151001822,1.7999999999999858,1.8000000000000285,1.8,489.586,489.591,1637507.2197397,1640521.8742391,100.74092459171548,100.92638886199968,46623.40244982517,14739.84174302964,5214.089702893602,0.0,0.0,0.0,0.0,False,,False,RAW_REBUILD_v2_20260725,False,False
2026-07-01,46623.40244982517,489.586,1637507.2197397,0.0,100.74092459171548,2.8,70.53932299800012,42962.49765203487,36181.8368125964,4.599999999999985,4.600000000000028,4.6,489.586,489.586,1637507.2197397,1637507.2197397,100.74092459171548,100.74092459171548,14739.84174302964,5214.089702893602,0.0,0.0,0.0,0.0,0.0,False,,False,RAW_REBUILD_v2_20260725,False,False
2026-07-02,14739.84174302964,489.547,1625463.7590197,-12043.460719999855,100.0,3.4,70.41235684810012,46623.40244982517,42962.49765203487,7.999999999999986,8.000000000000028,8.0,489.586,489.586,1637507.2197397,1637507.2197397,100.74092459171548,100.74092459171548,5214.089702893602,0.0,0.0,0.0,0.0,0.0,0.0,False,,False,RAW_REBUILD_v2_20260725,False,False
2026-07-03,5214.089702893602,489.533,1622456.7729032,-3006.9861165001057,99.8150074955646,15.2,82.09173900569512,14739.84174302964,46623.40244982517,21.399999999999984,23.200000000000028,23.2,489.547,489.586,1625463.7590197,1637507.2197397,100.0,100.74092459171548,0.0,0.0,0.0,0.0,0.0,0.0,0.0,False,,False,RAW_REBUILD_v2_20260725,False,False
2026-07-04,0.0,489.514,1616447.3000027,-6009.472900500055,99.445299289697,15.2,93.18715205541037,5214.089702893602,14739.84174302964,33.79999999999998,38.40000000000003,38.4,489.533,489.547,1622456.7729032,1625463.7590197,99.8150074955646,100.0,0.0,0.0,0.0,0.0,0.0,0.0,8.358452526200495,False,,False,RAW_REBUILD_v2_20260725,False,False
2026-07-05,0.0,489.476,1604446.718559,-12000.581443700008,98.70701266982567,0.0,88.52779445263984,0.0,5214.089702893602,30.399999999999984,36.60000000000003,38.4,489.514,489.533,1616447.3000027,1622456.7729032,99.445299289697,99.8150074955646,0.0,0.0,0.0,0.0,0.0,8.358452526200495,1548.477362288514,False,,False,RAW_REBUILD_v2_20260725,False,False
2026-07-06,0.0,489.424,1589479.7778056,-14966.94075339986,97.78623294340308,0.0,84.10140473000784,0.0,0.0,15.199999999999983,33.800000000000026,38.4,489.476,489.514,1604446.718559,1616447.3000027,98.70701266982567,99.445299289697,0.0,0.0,0.0,0.0,8.358452526200495,1548.477362288514,0.0,False,,False,RAW_REBUILD_v2_20260725,False,False
2026-07-07,0.0,489.38,1577566.834908,-11912.942897600122,97.05333792611984,0.0,79.89633449350745,0.0,0.0,0.0,30.400000000000027,36.6,489.424,489.476,1589479.7778056,1604446.718559,97.78623294340308,98.70701266982567,0.0,0.0,0.0,8.358452526200495,1548.477362288514,0.0,12175.06558400085,False,,False,RAW_REBUILD_v2_20260725,False,False
2026-07-08,0.0,489.34,1565714.0163252,-11852.818582799984,96.32414181104016,0.0,75.90151776883208,0.0,0.0,0.0,15.200000000000028,33.8,489.38,489.424,1577566.834908,1589479.7778056,97.05333792611984,97.78623294340308,0.0,0.0,8.358452526200495,1548.477362288514,0.0,12175.06558400085,0.0,False,,False,RAW_REBUILD_v2_20260725,False,False
2026-07-09,0.0,489.28,1547983.8767252,-17730.13959999988,95.233367593429,2.8,74.90644188039047,0.0,0.0,2.7999999999999856,2.800000000000028,33.2,489.34,489.38,1565714.0163252,1577566.834908,96.32414181104016,97.05333792611984,0.0,8.358452526200495,1548.477362288514,0.0,12175.06558400085,0.0,0.0,False,,False,RAW_REBUILD_v2_20260725,False,False
2026-07-10,0.0,489.24,1536194.8351113,-11789.041613900104,94.50809509513536,7.0,78.16111978637095,0.0,0.0,9.799999999999986,9.80000000000003,25.0,489.28,489.34,1547983.8767252,1565714.0163252,95.233367593429,96.32414181104016,8.358452526200495,1548.477362288514,0.0,12175.06558400085,0.0,0.0,0.0,False,,False,RAW_REBUILD_v2_20260725,False,False
2026-07-11,8.358452526200495,489.224,1530308.9801397,-5885.854971599998,94.14599197601386,15.8,90.05306379705239,0.0,0.0,25.599999999999987,25.60000000000003,25.6,489.24,489.28,1536194.8351113,1547983.8767252,94.50809509513536,95.233367593429,1548.477362288514,0.0,12175.06558400085,0.0,0.0,0.0,0.0,False,,False,RAW_REBUILD_v2_20260725,False,False
2026-07-12,1548.477362288514,489.191,1521494.7669134,-8814.213226299966,93.60373360960058,0.6,86.15041060719976,8.358452526200495,0.0,23.399999999999988,26.20000000000003,26.200000000000003,489.224,489.24,1530308.9801397,1536194.8351113,94.14599197601386,94.50809509513536,0.0,12175.06558400085,0.0,0.0,0.0,0.0,2547.386090313617,False,,False,RAW_REBUILD_v2_20260725,False,False
2026-07-13,0.0,489.134,1503910.109441,-17584.657472399995,92.5219095840065,0.6,82.44289007683976,1548.477362288514,8.358452526200495,16.999999999999986,26.80000000000003,26.8,489.191,489.224,1521494.7669134,1530308.9801397,93.60373360960058,94.14599197601386,12175.06558400085,0.0,0.0,0.0,0.0,2547.386090313617,0.0,False,,False,RAW_REBUILD_v2_20260725,False,False
2026-07-14,12175.06558400085,489.165,1512698.4514312,8788.341990199871,93.06257632858528,24.4,102.72074557299776,0.0,1548.477362288514,25.599999999999984,48.40000000000003,51.2,489.134,489.191,1503910.109441,1521494.7669134,92.5219095840065,93.60373360960058,0.0,0.0,0.0,0.0,2547.386090313617,0.0,0.0,False,,False,RAW_REBUILD_v2_20260725,False,False
2026-07-15,0.0,489.127,1500982.4454629,-11716.005968299927,92.34179704923882,0.0,97.58470829434788,12175.06558400085,0.0,24.999999999999982,41.40000000000003,51.2,489.165,489.134,1512698.4514312,1503910.109441,93.06257632858528,92.5219095840065,0.0,0.0,0.0,2547.386090313617,0.0,0.0,0.0,False,,False,RAW_REBUILD_v2_20260725,False,False
2026-07-16,0.0,489.063,1483434.6079881,-17547.837474799948,91.26223822318522,0.0,92.70547287963048,0.0,12175.06558400085,24.399999999999984,25.600000000000023,48.400000000000006,489.127,489.165,1500982.4454629,1512698.4514312,92.34179704923882,93.06257632858528,0.0,0.0,2547.386090313617,0.0,0.0,0.0,0.0,False,,False,RAW_REBUILD_v2_20260725,False,False
2026-07-17,0.0,489.017,1468834.6627917,-14599.94519639993,90.36403639522167,0.0,88.07019923564894,0.0,0.0,0.0,25.000000000000025,41.400000000000006,489.063,489.127,1483434.6079881,1500982.4454629,91.26223822318522,92.34179704923882,0.0,2547.386090313617,0.0,0.0,0.0,0.0,0.0,False,,False,RAW_REBUILD_v2_20260725,False,False
2026-07-18,0.0,488.979,1457169.3844267,-11665.278365000151,89.6463779238919,0.6000000000000001,84.26668927386649,0.0,0.0,0.5999999999999859,25.00000000000003,26.2,489.017,489.063,1468834.6627917,1483434.6079881,90.36403639522167,91.26223822318522,2547.386090313617,0.0,0.0,0.0,0.0,0.0,,False,,False,RAW_REBUILD_v2_20260725,False,False
2026-07-19,2547.386090313617,488.955,1451341.5620411,-5827.822385599837,89.28784502192708,7.4,87.45335481017317,0.0,0.0,7.999999999999986,8.000000000000028,33.0,488.979,489.017,1457169.3844267,1468834.6627917,89.6463779238919,90.36403639522167,0.0,0.0,0.0,0.0,0.0,,,False,,False,RAW_REBUILD_v2_20260725,False,False
2026-07-20,0.0,488.903,1436785.673304,-14555.888737100177,88.3923535871701,0.0,83.0806870696645,2547.386090313617,0.0,7.999999999999986,8.000000000000028,32.39999999999999,488.955,488.979,1451341.5620411,1457169.3844267,89.28784502192708,89.6463779238919,0.0,0.0,0.0,0.0,,,,False,,False,RAW_REBUILD_v2_20260725,False,False
2026-07-21,0.0,488.859,1422249.3957137,-14536.277590299957,87.49806864789427,0.0,78.92665271618128,0.0,2547.386090313617,7.399999999999986,8.000000000000028,8.0,488.903,488.955,1436785.673304,1451341.5620411,88.3923535871701,89.28784502192708,0.0,0.0,0.0,,,,,False,,False,RAW_REBUILD_v2_20260725,False,False
2026-07-22,0.0,488.8,1407732.4119656,-14516.9837481,86.60497068323372,1.8,76.7803200803722,0.0,0.0,1.7999999999999858,9.80000000000003,9.8,488.859,488.903,1422249.3957137,1436785.673304,87.49806864789427,88.3923535871701,0.0,0.0,,,,,,False,,False,RAW_REBUILD_v2_20260725,False,False
2026-07-23,0.0,488.718,1381650.0718537,-26082.340111899888,85.00036153909446,0.4,73.3413040763536,0.0,0.0,2.199999999999986,9.600000000000028,10.2,488.8,488.859,1407732.4119656,1422249.3957137,86.60497068323372,87.49806864789427,0.0,,,,,,,False,,False,RAW_REBUILD_v2_20260725,False,False
2026-07-24,0.0,488.635,1358517.038647,-23133.033206700115,83.5771964221649,5.2,74.87423887253591,0.0,0.0,7.399999999999986,7.400000000000029,15.4,488.718,488.8,1381650.0718537,1407732.4119656,85.00036153909446,86.60497068323372,,,,,,,,False,,False,RAW_REBUILD_v2_20260725,False,False
