issue_date,lead_day,forecast_date,precipitation_sum_mm,model
2025-06-20,0,2025-06-20,5.3,best_match
2025-06-20,1,2025-06-21,0.9,best_match
2025-06-20,2,2025-06-22,9.5,best_match
2025-06-20,3,2025-06-23,6.8,best_match
2025-06-20,4,2025-06-24,3.5,best_match
2025-06-20,5,2025-06-25,0.7,best_match
2025-06-20,6,2025-06-26,4.9,best_match
2025-06-20,7,2025-06-27,9.3,best_match
2025-06-21,0,2025-06-21,0.9,best_match
2025-06-21,1,2025-06-22,9.5,best_match
2025-06-21,2,2025-06-23,6.8,best_match
2025-06-21,3,2025-06-24,3.5,best_match
2025-06-21,4,2025-06-25,0.7,best_match
2025-06-21,5,2025-06-26,4.9,best_match
2025-06-21,6,2025-06-27,9.3,best_match
2025-06-21,7,2025-06-28,2.7,best_match
2025-06-22,0,2025-06-22,9.5,best_match
2025-06-22,1,2025-06-23,6.8,best_match
2025-06-22,2,2025-06-24,3.5,best_match
2025-06-22,3,2025-06-25,0.7,best_match
2025-06-22,4,2025-06-26,4.9,best_match
2025-06-22,5,2025-06-27,9.3,best_match
2025-06-22,6,2025-06-28,2.7,best_match
2025-06-22,7,2025-06-29,4.7,best_match
2025-06-23,0,2025-06-23,6.8,best_match
2025-06-23,1,2025-06-24,3.5,best_match
2025-06-23,2,2025-06-25,0.7,best_match
2025-06-23,3,2025-06-26,4.9,best_match
2025-06-23,4,2025-06-27,9.3,best_match
2025-06-23,5,2025-06-28,2.7,best_match
2025-06-23,6,2025-06-29,4.7,best_match
2025-06-23,7,2025-06-30,16.4,best_match
2025-06-24,0,2025-06-24,3.5,best_match
2025-06-24,1,2025-06-25,0.7,best_match
2025-06-24,2,2025-06-26,4.9,best_match
2025-06-24,3,2025-06-27,9.3,best_match
2025-06-24,4,2025-06-28,2.7,best_match
2025-06-24,5,2025-06-29,4.7,best_match
2025-06-24,6,2025-06-30,16.4,best_match
2025-06-24,7,2025-07-01,26.0,best_match
2025-06-25,0,2025-06-25,0.7,best_match
2025-06-25,1,2025-06-26,4.9,best_match
2025-06-25,2,2025-06-27,9.3,best_match
2025-06-25,3,2025-06-28,2.7,best_match
2025-06-25,4,2025-06-29,4.7,best_match
2025-06-25,5,2025-06-30,16.4,best_match
2025-06-25,6,2025-07-01,26.0,best_match
2025-06-25,7,2025-07-02,4.2,best_match
2025-06-26,0,2025-06-26,4.9,best_match
2025-06-26,1,2025-06-27,9.3,best_match
2025-06-26,2,2025-06-28,2.7,best_match
2025-06-26,3,2025-06-29,4.7,best_match
2025-06-26,4,2025-06-30,16.4,best_match
2025-06-26,5,2025-07-01,26.0,best_match
2025-06-26,6,2025-07-02,4.2,best_match
2025-06-26,7,2025-07-03,2.8,best_match
2025-06-27,0,2025-06-27,9.3,best_match
2025-06-27,1,2025-06-28,2.7,best_match
2025-06-27,2,2025-06-29,4.7,best_match
2025-06-27,3,2025-06-30,16.4,best_match
2025-06-27,4,2025-07-01,26.0,best_match
2025-06-27,5,2025-07-02,4.2,best_match
2025-06-27,6,2025-07-03,2.8,best_match
2025-06-27,7,2025-07-04,4.5,best_match
2025-06-28,0,2025-06-28,2.7,best_match
2025-06-28,1,2025-06-29,4.7,best_match
2025-06-28,2,2025-06-30,16.4,best_match
2025-06-28,3,2025-07-01,26.0,best_match
2025-06-28,4,2025-07-02,4.2,best_match
2025-06-28,5,2025-07-03,2.8,best_match
2025-06-28,6,2025-07-04,4.5,best_match
2025-06-28,7,2025-07-05,4.9,best_match
2025-06-29,0,2025-06-29,4.7,best_match
2025-06-29,1,2025-06-30,16.4,best_match
2025-06-29,2,2025-07-01,26.0,best_match
2025-06-29,3,2025-07-02,4.2,best_match
2025-06-29,4,2025-07-03,2.8,best_match
2025-06-29,5,2025-07-04,4.5,best_match
2025-06-29,6,2025-07-05,4.9,best_match
2025-06-29,7,2025-07-06,8.1,best_match
2025-06-30,0,2025-06-30,16.4,best_match
2025-06-30,1,2025-07-01,26.0,best_match
2025-06-30,2,2025-07-02,4.2,best_match
2025-06-30,3,2025-07-03,2.8,best_match
2025-06-30,4,2025-07-04,4.5,best_match
2025-06-30,5,2025-07-05,4.9,best_match
2025-06-30,6,2025-07-06,8.1,best_match
2025-06-30,7,2025-07-07,6.0,best_match
2025-07-01,0,2025-07-01,26.0,best_match
2025-07-01,1,2025-07-02,4.2,best_match
2025-07-01,2,2025-07-03,2.8,best_match
2025-07-01,3,2025-07-04,4.5,best_match
2025-07-01,4,2025-07-05,4.9,best_match
2025-07-01,5,2025-07-06,8.1,best_match
2025-07-01,6,2025-07-07,6.0,best_match
2025-07-01,7,2025-07-08,5.2,best_match
2025-07-02,0,2025-07-02,4.2,best_match
2025-07-02,1,2025-07-03,2.8,best_match
2025-07-02,2,2025-07-04,4.5,best_match
2025-07-02,3,2025-07-05,4.9,best_match
2025-07-02,4,2025-07-06,8.1,best_match
2025-07-02,5,2025-07-07,6.0,best_match
2025-07-02,6,2025-07-08,5.2,best_match
2025-07-02,7,2025-07-09,2.6,best_match
2025-07-03,0,2025-07-03,2.8,best_match
2025-07-03,1,2025-07-04,4.5,best_match
2025-07-03,2,2025-07-05,4.9,best_match
2025-07-03,3,2025-07-06,8.1,best_match
2025-07-03,4,2025-07-07,6.0,best_match
2025-07-03,5,2025-07-08,5.2,best_match
2025-07-03,6,2025-07-09,2.6,best_match
2025-07-03,7,2025-07-10,1.7,best_match
2025-07-04,0,2025-07-04,4.5,best_match
2025-07-04,1,2025-07-05,4.9,best_match
2025-07-04,2,2025-07-06,8.1,best_match
2025-07-04,3,2025-07-07,6.0,best_match
2025-07-04,4,2025-07-08,5.2,best_match
2025-07-04,5,2025-07-09,2.6,best_match
2025-07-04,6,2025-07-10,1.7,best_match
2025-07-04,7,2025-07-11,27.3,best_match
2025-07-05,0,2025-07-05,4.9,best_match
2025-07-05,1,2025-07-06,8.1,best_match
2025-07-05,2,2025-07-07,6.0,best_match
2025-07-05,3,2025-07-08,5.2,best_match
2025-07-05,4,2025-07-09,2.6,best_match
2025-07-05,5,2025-07-10,1.7,best_match
2025-07-05,6,2025-07-11,27.3,best_match
2025-07-05,7,2025-07-12,31.2,best_match
2025-07-06,0,2025-07-06,8.1,best_match
2025-07-06,1,2025-07-07,6.0,best_match
2025-07-06,2,2025-07-08,5.2,best_match
2025-07-06,3,2025-07-09,2.6,best_match
2025-07-06,4,2025-07-10,1.7,best_match
2025-07-06,5,2025-07-11,27.3,best_match
2025-07-06,6,2025-07-12,31.2,best_match
2025-07-06,7,2025-07-13,4.9,best_match
2025-07-07,0,2025-07-07,6.0,best_match
2025-07-07,1,2025-07-08,5.2,best_match
2025-07-07,2,2025-07-09,2.6,best_match
2025-07-07,3,2025-07-10,1.7,best_match
2025-07-07,4,2025-07-11,27.3,best_match
2025-07-07,5,2025-07-12,31.2,best_match
2025-07-07,6,2025-07-13,4.9,best_match
2025-07-07,7,2025-07-14,3.0,best_match
2025-07-08,0,2025-07-08,5.2,best_match
2025-07-08,1,2025-07-09,2.6,best_match
2025-07-08,2,2025-07-10,1.7,best_match
2025-07-08,3,2025-07-11,27.3,best_match
2025-07-08,4,2025-07-12,31.2,best_match
2025-07-08,5,2025-07-13,4.9,best_match
2025-07-08,6,2025-07-14,3.0,best_match
2025-07-08,7,2025-07-15,12.8,best_match
2025-07-09,0,2025-07-09,2.6,best_match
2025-07-09,1,2025-07-10,1.7,best_match
2025-07-09,2,2025-07-11,27.3,best_match
2025-07-09,3,2025-07-12,31.2,best_match
2025-07-09,4,2025-07-13,4.9,best_match
2025-07-09,5,2025-07-14,3.0,best_match
2025-07-09,6,2025-07-15,12.8,best_match
2025-07-09,7,2025-07-16,3.1,best_match
2025-07-10,0,2025-07-10,1.7,best_match
2025-07-10,1,2025-07-11,27.3,best_match
2025-07-10,2,2025-07-12,31.2,best_match
2025-07-10,3,2025-07-13,4.9,best_match
2025-07-10,4,2025-07-14,3.0,best_match
2025-07-10,5,2025-07-15,12.8,best_match
2025-07-10,6,2025-07-16,3.1,best_match
2025-07-10,7,2025-07-17,13.5,best_match
2025-07-11,0,2025-07-11,27.3,best_match
2025-07-11,1,2025-07-12,31.2,best_match
2025-07-11,2,2025-07-13,4.9,best_match
2025-07-11,3,2025-07-14,3.0,best_match
2025-07-11,4,2025-07-15,12.8,best_match
2025-07-11,5,2025-07-16,3.1,best_match
2025-07-11,6,2025-07-17,13.5,best_match
2025-07-11,7,2025-07-18,8.8,best_match
2025-07-12,0,2025-07-12,31.2,best_match
2025-07-12,1,2025-07-13,4.9,best_match
2025-07-12,2,2025-07-14,3.0,best_match
2025-07-12,3,2025-07-15,12.8,best_match
2025-07-12,4,2025-07-16,3.1,best_match
2025-07-12,5,2025-07-17,13.5,best_match
2025-07-12,6,2025-07-18,8.8,best_match
2025-07-12,7,2025-07-19,1.8,best_match
2025-07-13,0,2025-07-13,4.9,best_match
2025-07-13,1,2025-07-14,3.0,best_match
2025-07-13,2,2025-07-15,12.8,best_match
2025-07-13,3,2025-07-16,3.1,best_match
2025-07-13,4,2025-07-17,13.5,best_match
2025-07-13,5,2025-07-18,8.8,best_match
2025-07-13,6,2025-07-19,1.8,best_match
2025-07-13,7,2025-07-20,5.4,best_match
2025-07-14,0,2025-07-14,3.0,best_match
2025-07-14,1,2025-07-15,12.8,best_match
2025-07-14,2,2025-07-16,3.1,best_match
2025-07-14,3,2025-07-17,13.5,best_match
2025-07-14,4,2025-07-18,8.8,best_match
2025-07-14,5,2025-07-19,1.8,best_match
2025-07-14,6,2025-07-20,5.4,best_match
2025-07-14,7,2025-07-21,2.9,best_match
2025-07-15,0,2025-07-15,12.8,best_match
2025-07-15,1,2025-07-16,3.1,best_match
2025-07-15,2,2025-07-17,13.5,best_match
2025-07-15,3,2025-07-18,8.8,best_match
2025-07-15,4,2025-07-19,1.8,best_match
2025-07-15,5,2025-07-20,5.4,best_match
2025-07-15,6,2025-07-21,2.9,best_match
2025-07-15,7,2025-07-22,9.0,best_match
2025-07-16,0,2025-07-16,3.1,best_match
2025-07-16,1,2025-07-17,13.5,best_match
2025-07-16,2,2025-07-18,8.8,best_match
2025-07-16,3,2025-07-19,1.8,best_match
2025-07-16,4,2025-07-20,5.4,best_match
2025-07-16,5,2025-07-21,2.9,best_match
2025-07-16,6,2025-07-22,9.0,best_match
2025-07-16,7,2025-07-23,63.8,best_match
2025-07-17,0,2025-07-17,13.5,best_match
2025-07-17,1,2025-07-18,8.8,best_match
2025-07-17,2,2025-07-19,1.8,best_match
2025-07-17,3,2025-07-20,5.4,best_match
2025-07-17,4,2025-07-21,2.9,best_match
2025-07-17,5,2025-07-22,9.0,best_match
2025-07-17,6,2025-07-23,63.8,best_match
2025-07-17,7,2025-07-24,27.7,best_match
2025-07-18,0,2025-07-18,8.8,best_match
2025-07-18,1,2025-07-19,1.8,best_match
2025-07-18,2,2025-07-20,5.4,best_match
2025-07-18,3,2025-07-21,2.9,best_match
2025-07-18,4,2025-07-22,9.0,best_match
2025-07-18,5,2025-07-23,63.8,best_match
2025-07-18,6,2025-07-24,27.7,best_match
2025-07-18,7,2025-07-25,17.8,best_match
2025-07-19,0,2025-07-19,1.8,best_match
2025-07-19,1,2025-07-20,5.4,best_match
2025-07-19,2,2025-07-21,2.9,best_match
2025-07-19,3,2025-07-22,9.0,best_match
2025-07-19,4,2025-07-23,63.8,best_match
2025-07-19,5,2025-07-24,27.7,best_match
2025-07-19,6,2025-07-25,17.8,best_match
2025-07-19,7,2025-07-26,16.7,best_match
2025-07-20,0,2025-07-20,5.4,best_match
2025-07-20,1,2025-07-21,2.9,best_match
2025-07-20,2,2025-07-22,9.0,best_match
2025-07-20,3,2025-07-23,63.8,best_match
2025-07-20,4,2025-07-24,27.7,best_match
2025-07-20,5,2025-07-25,17.8,best_match
2025-07-20,6,2025-07-26,16.7,best_match
2025-07-20,7,2025-07-27,12.8,best_match
2025-07-21,0,2025-07-21,2.9,best_match
2025-07-21,1,2025-07-22,9.0,best_match
2025-07-21,2,2025-07-23,63.8,best_match
2025-07-21,3,2025-07-24,27.7,best_match
2025-07-21,4,2025-07-25,17.8,best_match
2025-07-21,5,2025-07-26,16.7,best_match
2025-07-21,6,2025-07-27,12.8,best_match
2025-07-21,7,2025-07-28,19.0,best_match
2025-07-22,0,2025-07-22,9.0,best_match
2025-07-22,1,2025-07-23,63.8,best_match
2025-07-22,2,2025-07-24,27.7,best_match
2025-07-22,3,2025-07-25,17.8,best_match
2025-07-22,4,2025-07-26,16.7,best_match
2025-07-22,5,2025-07-27,12.8,best_match
2025-07-22,6,2025-07-28,19.0,best_match
2025-07-22,7,2025-07-29,10.7,best_match
2025-07-23,0,2025-07-23,63.8,best_match
2025-07-23,1,2025-07-24,27.7,best_match
2025-07-23,2,2025-07-25,17.8,best_match
2025-07-23,3,2025-07-26,16.7,best_match
2025-07-23,4,2025-07-27,12.8,best_match
2025-07-23,5,2025-07-28,19.0,best_match
2025-07-23,6,2025-07-29,10.7,best_match
2025-07-23,7,2025-07-30,4.4,best_match
2025-07-24,0,2025-07-24,27.7,best_match
2025-07-24,1,2025-07-25,17.8,best_match
2025-07-24,2,2025-07-26,16.7,best_match
2025-07-24,3,2025-07-27,12.8,best_match
2025-07-24,4,2025-07-28,19.0,best_match
2025-07-24,5,2025-07-29,10.7,best_match
2025-07-24,6,2025-07-30,4.4,best_match
2025-07-24,7,2025-07-31,1.3,best_match
2025-07-25,0,2025-07-25,17.8,best_match
2025-07-25,1,2025-07-26,16.7,best_match
2025-07-25,2,2025-07-27,12.8,best_match
2025-07-25,3,2025-07-28,19.0,best_match
2025-07-25,4,2025-07-29,10.7,best_match
2025-07-25,5,2025-07-30,4.4,best_match
2025-07-25,6,2025-07-31,1.3,best_match
2025-07-25,7,2025-08-01,1.9,best_match
2025-07-26,0,2025-07-26,16.7,best_match
2025-07-26,1,2025-07-27,12.8,best_match
2025-07-26,2,2025-07-28,19.0,best_match
2025-07-26,3,2025-07-29,10.7,best_match
2025-07-26,4,2025-07-30,4.4,best_match
2025-07-26,5,2025-07-31,1.3,best_match
2025-07-26,6,2025-08-01,1.9,best_match
2025-07-26,7,2025-08-02,5.2,best_match
2025-07-27,0,2025-07-27,12.8,best_match
2025-07-27,1,2025-07-28,19.0,best_match
2025-07-27,2,2025-07-29,10.7,best_match
2025-07-27,3,2025-07-30,4.4,best_match
2025-07-27,4,2025-07-31,1.3,best_match
2025-07-27,5,2025-08-01,1.9,best_match
2025-07-27,6,2025-08-02,5.2,best_match
2025-07-27,7,2025-08-03,1.5,best_match
2025-07-28,0,2025-07-28,19.0,best_match
2025-07-28,1,2025-07-29,10.7,best_match
2025-07-28,2,2025-07-30,4.4,best_match
2025-07-28,3,2025-07-31,1.3,best_match
2025-07-28,4,2025-08-01,1.9,best_match
2025-07-28,5,2025-08-02,5.2,best_match
2025-07-28,6,2025-08-03,1.5,best_match
2025-07-28,7,2025-08-04,0.4,best_match
2025-07-29,0,2025-07-29,10.7,best_match
2025-07-29,1,2025-07-30,4.4,best_match
2025-07-29,2,2025-07-31,1.3,best_match
2025-07-29,3,2025-08-01,1.9,best_match
2025-07-29,4,2025-08-02,5.2,best_match
2025-07-29,5,2025-08-03,1.5,best_match
2025-07-29,6,2025-08-04,0.4,best_match
2025-07-29,7,2025-08-05,6.3,best_match
2025-07-30,0,2025-07-30,4.4,best_match
2025-07-30,1,2025-07-31,1.3,best_match
2025-07-30,2,2025-08-01,1.9,best_match
2025-07-30,3,2025-08-02,5.2,best_match
2025-07-30,4,2025-08-03,1.5,best_match
2025-07-30,5,2025-08-04,0.4,best_match
2025-07-30,6,2025-08-05,6.3,best_match
2025-07-30,7,2025-08-06,5.9,best_match
2025-07-31,0,2025-07-31,1.3,best_match
2025-07-31,1,2025-08-01,1.9,best_match
2025-07-31,2,2025-08-02,5.2,best_match
2025-07-31,3,2025-08-03,1.5,best_match
2025-07-31,4,2025-08-04,0.4,best_match
2025-07-31,5,2025-08-05,6.3,best_match
2025-07-31,6,2025-08-06,5.9,best_match
2025-07-31,7,2025-08-07,2.9,best_match
2025-08-01,0,2025-08-01,1.9,best_match
2025-08-01,1,2025-08-02,5.2,best_match
2025-08-01,2,2025-08-03,1.5,best_match
2025-08-01,3,2025-08-04,0.4,best_match
2025-08-01,4,2025-08-05,6.3,best_match
2025-08-01,5,2025-08-06,5.9,best_match
2025-08-01,6,2025-08-07,2.9,best_match
2025-08-01,7,2025-08-08,2.3,best_match
2025-08-02,0,2025-08-02,5.2,best_match
2025-08-02,1,2025-08-03,1.5,best_match
2025-08-02,2,2025-08-04,0.4,best_match
2025-08-02,3,2025-08-05,6.3,best_match
2025-08-02,4,2025-08-06,5.9,best_match
2025-08-02,5,2025-08-07,2.9,best_match
2025-08-02,6,2025-08-08,2.3,best_match
2025-08-02,7,2025-08-09,3.9,best_match
2025-08-03,0,2025-08-03,1.5,best_match
2025-08-03,1,2025-08-04,0.4,best_match
2025-08-03,2,2025-08-05,6.3,best_match
2025-08-03,3,2025-08-06,5.9,best_match
2025-08-03,4,2025-08-07,2.9,best_match
2025-08-03,5,2025-08-08,2.3,best_match
2025-08-03,6,2025-08-09,3.9,best_match
2025-08-03,7,2025-08-10,7.1,best_match
2025-08-04,0,2025-08-04,0.4,best_match
2025-08-04,1,2025-08-05,6.3,best_match
2025-08-04,2,2025-08-06,5.9,best_match
2025-08-04,3,2025-08-07,2.9,best_match
2025-08-04,4,2025-08-08,2.3,best_match
2025-08-04,5,2025-08-09,3.9,best_match
2025-08-04,6,2025-08-10,7.1,best_match
2025-08-04,7,2025-08-11,22.9,best_match
2025-08-05,0,2025-08-05,6.3,best_match
2025-08-05,1,2025-08-06,5.9,best_match
2025-08-05,2,2025-08-07,2.9,best_match
2025-08-05,3,2025-08-08,2.3,best_match
2025-08-05,4,2025-08-09,3.9,best_match
2025-08-05,5,2025-08-10,7.1,best_match
2025-08-05,6,2025-08-11,22.9,best_match
2025-08-05,7,2025-08-12,6.8,best_match
2025-08-06,0,2025-08-06,5.9,best_match
2025-08-06,1,2025-08-07,2.9,best_match
2025-08-06,2,2025-08-08,2.3,best_match
2025-08-06,3,2025-08-09,3.9,best_match
2025-08-06,4,2025-08-10,7.1,best_match
2025-08-06,5,2025-08-11,22.9,best_match
2025-08-06,6,2025-08-12,6.8,best_match
2025-08-06,7,2025-08-13,3.9,best_match
2025-08-07,0,2025-08-07,2.9,best_match
2025-08-07,1,2025-08-08,2.3,best_match
2025-08-07,2,2025-08-09,3.9,best_match
2025-08-07,3,2025-08-10,7.1,best_match
2025-08-07,4,2025-08-11,22.9,best_match
2025-08-07,5,2025-08-12,6.8,best_match
2025-08-07,6,2025-08-13,3.9,best_match
2025-08-07,7,2025-08-14,15.9,best_match
2025-08-08,0,2025-08-08,2.3,best_match
2025-08-08,1,2025-08-09,3.9,best_match
2025-08-08,2,2025-08-10,7.1,best_match
2025-08-08,3,2025-08-11,22.9,best_match
2025-08-08,4,2025-08-12,6.8,best_match
2025-08-08,5,2025-08-13,3.9,best_match
2025-08-08,6,2025-08-14,15.9,best_match
2025-08-08,7,2025-08-15,14.7,best_match
2025-08-09,0,2025-08-09,3.9,best_match
2025-08-09,1,2025-08-10,7.1,best_match
2025-08-09,2,2025-08-11,22.9,best_match
2025-08-09,3,2025-08-12,6.8,best_match
2025-08-09,4,2025-08-13,3.9,best_match
2025-08-09,5,2025-08-14,15.9,best_match
2025-08-09,6,2025-08-15,14.7,best_match
2025-08-09,7,2025-08-16,26.1,best_match
2025-08-10,0,2025-08-10,7.1,best_match
2025-08-10,1,2025-08-11,22.9,best_match
2025-08-10,2,2025-08-12,6.8,best_match
2025-08-10,3,2025-08-13,3.9,best_match
2025-08-10,4,2025-08-14,15.9,best_match
2025-08-10,5,2025-08-15,14.7,best_match
2025-08-10,6,2025-08-16,26.1,best_match
2025-08-10,7,2025-08-17,18.5,best_match
2025-08-11,0,2025-08-11,22.9,best_match
2025-08-11,1,2025-08-12,6.8,best_match
2025-08-11,2,2025-08-13,3.9,best_match
2025-08-11,3,2025-08-14,15.9,best_match
2025-08-11,4,2025-08-15,14.7,best_match
2025-08-11,5,2025-08-16,26.1,best_match
2025-08-11,6,2025-08-17,18.5,best_match
2025-08-11,7,2025-08-18,4.4,best_match
2025-08-12,0,2025-08-12,6.8,best_match
2025-08-12,1,2025-08-13,3.9,best_match
2025-08-12,2,2025-08-14,15.9,best_match
2025-08-12,3,2025-08-15,14.7,best_match
2025-08-12,4,2025-08-16,26.1,best_match
2025-08-12,5,2025-08-17,18.5,best_match
2025-08-12,6,2025-08-18,4.4,best_match
2025-08-12,7,2025-08-19,4.5,best_match
2025-08-13,0,2025-08-13,3.9,best_match
2025-08-13,1,2025-08-14,15.9,best_match
2025-08-13,2,2025-08-15,14.7,best_match
2025-08-13,3,2025-08-16,26.1,best_match
2025-08-13,4,2025-08-17,18.5,best_match
2025-08-13,5,2025-08-18,4.4,best_match
2025-08-13,6,2025-08-19,4.5,best_match
2025-08-13,7,2025-08-20,0.9,best_match
2025-08-14,0,2025-08-14,15.9,best_match
2025-08-14,1,2025-08-15,14.7,best_match
2025-08-14,2,2025-08-16,26.1,best_match
2025-08-14,3,2025-08-17,18.5,best_match
2025-08-14,4,2025-08-18,4.4,best_match
2025-08-14,5,2025-08-19,4.5,best_match
2025-08-14,6,2025-08-20,0.9,best_match
2025-08-14,7,2025-08-21,2.7,best_match
2025-08-15,0,2025-08-15,14.7,best_match
2025-08-15,1,2025-08-16,26.1,best_match
2025-08-15,2,2025-08-17,18.5,best_match
2025-08-15,3,2025-08-18,4.4,best_match
2025-08-15,4,2025-08-19,4.5,best_match
2025-08-15,5,2025-08-20,0.9,best_match
2025-08-15,6,2025-08-21,2.7,best_match
2025-08-15,7,2025-08-22,26.9,best_match
2025-08-16,0,2025-08-16,26.1,best_match
2025-08-16,1,2025-08-17,18.5,best_match
2025-08-16,2,2025-08-18,4.4,best_match
2025-08-16,3,2025-08-19,4.5,best_match
2025-08-16,4,2025-08-20,0.9,best_match
2025-08-16,5,2025-08-21,2.7,best_match
2025-08-16,6,2025-08-22,26.9,best_match
2025-08-16,7,2025-08-23,8.5,best_match
2025-08-17,0,2025-08-17,18.5,best_match
2025-08-17,1,2025-08-18,4.4,best_match
2025-08-17,2,2025-08-19,4.5,best_match
2025-08-17,3,2025-08-20,0.9,best_match
2025-08-17,4,2025-08-21,2.7,best_match
2025-08-17,5,2025-08-22,26.9,best_match
2025-08-17,6,2025-08-23,8.5,best_match
2025-08-17,7,2025-08-24,19.4,best_match
2025-08-18,0,2025-08-18,4.4,best_match
2025-08-18,1,2025-08-19,4.5,best_match
2025-08-18,2,2025-08-20,0.9,best_match
2025-08-18,3,2025-08-21,2.7,best_match
2025-08-18,4,2025-08-22,26.9,best_match
2025-08-18,5,2025-08-23,8.5,best_match
2025-08-18,6,2025-08-24,19.4,best_match
2025-08-18,7,2025-08-25,2.2,best_match
2025-08-19,0,2025-08-19,4.5,best_match
2025-08-19,1,2025-08-20,0.9,best_match
2025-08-19,2,2025-08-21,2.7,best_match
2025-08-19,3,2025-08-22,26.9,best_match
2025-08-19,4,2025-08-23,8.5,best_match
2025-08-19,5,2025-08-24,19.4,best_match
2025-08-19,6,2025-08-25,2.2,best_match
2025-08-19,7,2025-08-26,42.4,best_match
2025-08-20,0,2025-08-20,0.9,best_match
2025-08-20,1,2025-08-21,2.7,best_match
2025-08-20,2,2025-08-22,26.9,best_match
2025-08-20,3,2025-08-23,8.5,best_match
2025-08-20,4,2025-08-24,19.4,best_match
2025-08-20,5,2025-08-25,2.2,best_match
2025-08-20,6,2025-08-26,42.4,best_match
2025-08-20,7,2025-08-27,16.1,best_match
2025-08-21,0,2025-08-21,2.7,best_match
2025-08-21,1,2025-08-22,26.9,best_match
2025-08-21,2,2025-08-23,8.5,best_match
2025-08-21,3,2025-08-24,19.4,best_match
2025-08-21,4,2025-08-25,2.2,best_match
2025-08-21,5,2025-08-26,42.4,best_match
2025-08-21,6,2025-08-27,16.1,best_match
2025-08-21,7,2025-08-28,5.4,best_match
2025-08-22,0,2025-08-22,26.9,best_match
2025-08-22,1,2025-08-23,8.5,best_match
2025-08-22,2,2025-08-24,19.4,best_match
2025-08-22,3,2025-08-25,2.2,best_match
2025-08-22,4,2025-08-26,42.4,best_match
2025-08-22,5,2025-08-27,16.1,best_match
2025-08-22,6,2025-08-28,5.4,best_match
2025-08-22,7,2025-08-29,10.2,best_match
2025-08-23,0,2025-08-23,8.5,best_match
2025-08-23,1,2025-08-24,19.4,best_match
2025-08-23,2,2025-08-25,2.2,best_match
2025-08-23,3,2025-08-26,42.4,best_match
2025-08-23,4,2025-08-27,16.1,best_match
2025-08-23,5,2025-08-28,5.4,best_match
2025-08-23,6,2025-08-29,10.2,best_match
2025-08-23,7,2025-08-30,2.0,best_match
2025-08-24,0,2025-08-24,19.4,best_match
2025-08-24,1,2025-08-25,2.2,best_match
2025-08-24,2,2025-08-26,42.4,best_match
2025-08-24,3,2025-08-27,16.1,best_match
2025-08-24,4,2025-08-28,5.4,best_match
2025-08-24,5,2025-08-29,10.2,best_match
2025-08-24,6,2025-08-30,2.0,best_match
2025-08-24,7,2025-08-31,30.8,best_match
2025-08-25,0,2025-08-25,2.2,best_match
2025-08-25,1,2025-08-26,42.4,best_match
2025-08-25,2,2025-08-27,16.1,best_match
2025-08-25,3,2025-08-28,5.4,best_match
2025-08-25,4,2025-08-29,10.2,best_match
2025-08-25,5,2025-08-30,2.0,best_match
2025-08-25,6,2025-08-31,30.8,best_match
2025-08-25,7,2025-09-01,1.4,best_match
2025-08-26,0,2025-08-26,42.4,best_match
2025-08-26,1,2025-08-27,16.1,best_match
2025-08-26,2,2025-08-28,5.4,best_match
2025-08-26,3,2025-08-29,10.2,best_match
2025-08-26,4,2025-08-30,2.0,best_match
2025-08-26,5,2025-08-31,30.8,best_match
2025-08-26,6,2025-09-01,1.4,best_match
2025-08-26,7,2025-09-02,2.8,best_match
2025-08-27,0,2025-08-27,16.1,best_match
2025-08-27,1,2025-08-28,5.4,best_match
2025-08-27,2,2025-08-29,10.2,best_match
2025-08-27,3,2025-08-30,2.0,best_match
2025-08-27,4,2025-08-31,30.8,best_match
2025-08-27,5,2025-09-01,1.4,best_match
2025-08-27,6,2025-09-02,2.8,best_match
2025-08-27,7,2025-09-03,11.4,best_match
2025-08-28,0,2025-08-28,5.4,best_match
2025-08-28,1,2025-08-29,10.2,best_match
2025-08-28,2,2025-08-30,2.0,best_match
2025-08-28,3,2025-08-31,30.8,best_match
2025-08-28,4,2025-09-01,1.4,best_match
2025-08-28,5,2025-09-02,2.8,best_match
2025-08-28,6,2025-09-03,11.4,best_match
2025-08-28,7,2025-09-04,3.2,best_match
2025-08-29,0,2025-08-29,10.2,best_match
2025-08-29,1,2025-08-30,2.0,best_match
2025-08-29,2,2025-08-31,30.8,best_match
2025-08-29,3,2025-09-01,1.4,best_match
2025-08-29,4,2025-09-02,2.8,best_match
2025-08-29,5,2025-09-03,11.4,best_match
2025-08-29,6,2025-09-04,3.2,best_match
2025-08-29,7,2025-09-05,1.2,best_match
2025-08-30,0,2025-08-30,2.0,best_match
2025-08-30,1,2025-08-31,30.8,best_match
2025-08-30,2,2025-09-01,1.4,best_match
2025-08-30,3,2025-09-02,2.8,best_match
2025-08-30,4,2025-09-03,11.4,best_match
2025-08-30,5,2025-09-04,3.2,best_match
2025-08-30,6,2025-09-05,1.2,best_match
2025-08-30,7,2025-09-06,12.5,best_match
2025-08-31,0,2025-08-31,30.8,best_match
2025-08-31,1,2025-09-01,1.4,best_match
2025-08-31,2,2025-09-02,2.8,best_match
2025-08-31,3,2025-09-03,11.4,best_match
2025-08-31,4,2025-09-04,3.2,best_match
2025-08-31,5,2025-09-05,1.2,best_match
2025-08-31,6,2025-09-06,12.5,best_match
2025-08-31,7,2025-09-07,13.6,best_match
2025-09-01,0,2025-09-01,1.4,best_match
2025-09-01,1,2025-09-02,2.8,best_match
2025-09-01,2,2025-09-03,11.4,best_match
2025-09-01,3,2025-09-04,3.2,best_match
2025-09-01,4,2025-09-05,1.2,best_match
2025-09-01,5,2025-09-06,12.5,best_match
2025-09-01,6,2025-09-07,13.6,best_match
2025-09-01,7,2025-09-08,1.0,best_match
2025-09-02,0,2025-09-02,2.8,best_match
2025-09-02,1,2025-09-03,11.4,best_match
2025-09-02,2,2025-09-04,3.2,best_match
2025-09-02,3,2025-09-05,1.2,best_match
2025-09-02,4,2025-09-06,12.5,best_match
2025-09-02,5,2025-09-07,13.6,best_match
2025-09-02,6,2025-09-08,1.0,best_match
2025-09-02,7,2025-09-09,7.1,best_match
2025-09-03,0,2025-09-03,11.4,best_match
2025-09-03,1,2025-09-04,3.2,best_match
2025-09-03,2,2025-09-05,1.2,best_match
2025-09-03,3,2025-09-06,12.5,best_match
2025-09-03,4,2025-09-07,13.6,best_match
2025-09-03,5,2025-09-08,1.0,best_match
2025-09-03,6,2025-09-09,7.1,best_match
2025-09-03,7,2025-09-10,19.2,best_match
2025-09-04,0,2025-09-04,3.2,best_match
2025-09-04,1,2025-09-05,1.2,best_match
2025-09-04,2,2025-09-06,12.5,best_match
2025-09-04,3,2025-09-07,13.6,best_match
2025-09-04,4,2025-09-08,1.0,best_match
2025-09-04,5,2025-09-09,7.1,best_match
2025-09-04,6,2025-09-10,19.2,best_match
2025-09-04,7,2025-09-11,2.6,best_match
2025-09-05,0,2025-09-05,1.2,best_match
2025-09-05,1,2025-09-06,12.5,best_match
2025-09-05,2,2025-09-07,13.6,best_match
2025-09-05,3,2025-09-08,1.0,best_match
2025-09-05,4,2025-09-09,7.1,best_match
2025-09-05,5,2025-09-10,19.2,best_match
2025-09-05,6,2025-09-11,2.6,best_match
2025-09-05,7,2025-09-12,4.9,best_match
2025-09-06,0,2025-09-06,12.5,best_match
2025-09-06,1,2025-09-07,13.6,best_match
2025-09-06,2,2025-09-08,1.0,best_match
2025-09-06,3,2025-09-09,7.1,best_match
2025-09-06,4,2025-09-10,19.2,best_match
2025-09-06,5,2025-09-11,2.6,best_match
2025-09-06,6,2025-09-12,4.9,best_match
2025-09-06,7,2025-09-13,4.2,best_match
2025-09-07,0,2025-09-07,13.6,best_match
2025-09-07,1,2025-09-08,1.0,best_match
2025-09-07,2,2025-09-09,7.1,best_match
2025-09-07,3,2025-09-10,19.2,best_match
2025-09-07,4,2025-09-11,2.6,best_match
2025-09-07,5,2025-09-12,4.9,best_match
2025-09-07,6,2025-09-13,4.2,best_match
2025-09-07,7,2025-09-14,7.0,best_match
2025-09-08,0,2025-09-08,1.0,best_match
2025-09-08,1,2025-09-09,7.1,best_match
2025-09-08,2,2025-09-10,19.2,best_match
2025-09-08,3,2025-09-11,2.6,best_match
2025-09-08,4,2025-09-12,4.9,best_match
2025-09-08,5,2025-09-13,4.2,best_match
2025-09-08,6,2025-09-14,7.0,best_match
2025-09-08,7,2025-09-15,2.7,best_match
2025-09-09,0,2025-09-09,7.1,best_match
2025-09-09,1,2025-09-10,19.2,best_match
2025-09-09,2,2025-09-11,2.6,best_match
2025-09-09,3,2025-09-12,4.9,best_match
2025-09-09,4,2025-09-13,4.2,best_match
2025-09-09,5,2025-09-14,7.0,best_match
2025-09-09,6,2025-09-15,2.7,best_match
2025-09-09,7,2025-09-16,13.3,best_match
2025-09-10,0,2025-09-10,19.2,best_match
2025-09-10,1,2025-09-11,2.6,best_match
2025-09-10,2,2025-09-12,4.9,best_match
2025-09-10,3,2025-09-13,4.2,best_match
2025-09-10,4,2025-09-14,7.0,best_match
2025-09-10,5,2025-09-15,2.7,best_match
2025-09-10,6,2025-09-16,13.3,best_match
2025-09-10,7,2025-09-17,6.5,best_match
2025-09-11,0,2025-09-11,2.6,best_match
2025-09-11,1,2025-09-12,4.9,best_match
2025-09-11,2,2025-09-13,4.2,best_match
2025-09-11,3,2025-09-14,7.0,best_match
2025-09-11,4,2025-09-15,2.7,best_match
2025-09-11,5,2025-09-16,13.3,best_match
2025-09-11,6,2025-09-17,6.5,best_match
2025-09-11,7,2025-09-18,2.4,best_match
2025-09-12,0,2025-09-12,4.9,best_match
2025-09-12,1,2025-09-13,4.2,best_match
2025-09-12,2,2025-09-14,7.0,best_match
2025-09-12,3,2025-09-15,2.7,best_match
2025-09-12,4,2025-09-16,13.3,best_match
2025-09-12,5,2025-09-17,6.5,best_match
2025-09-12,6,2025-09-18,2.4,best_match
2025-09-12,7,2025-09-19,17.1,best_match
2025-09-13,0,2025-09-13,4.2,best_match
2025-09-13,1,2025-09-14,7.0,best_match
2025-09-13,2,2025-09-15,2.7,best_match
2025-09-13,3,2025-09-16,13.3,best_match
2025-09-13,4,2025-09-17,6.5,best_match
2025-09-13,5,2025-09-18,2.4,best_match
2025-09-13,6,2025-09-19,17.1,best_match
2025-09-13,7,2025-09-20,4.2,best_match
2025-09-14,0,2025-09-14,7.0,best_match
2025-09-14,1,2025-09-15,2.7,best_match
2025-09-14,2,2025-09-16,13.3,best_match
2025-09-14,3,2025-09-17,6.5,best_match
2025-09-14,4,2025-09-18,2.4,best_match
2025-09-14,5,2025-09-19,17.1,best_match
2025-09-14,6,2025-09-20,4.2,best_match
2025-09-14,7,2025-09-21,13.5,best_match
2025-09-15,0,2025-09-15,2.7,best_match
2025-09-15,1,2025-09-16,13.3,best_match
2025-09-15,2,2025-09-17,6.5,best_match
2025-09-15,3,2025-09-18,2.4,best_match
2025-09-15,4,2025-09-19,17.1,best_match
2025-09-15,5,2025-09-20,4.2,best_match
2025-09-15,6,2025-09-21,13.5,best_match
2025-09-15,7,2025-09-22,10.7,best_match
2025-09-16,0,2025-09-16,13.3,best_match
2025-09-16,1,2025-09-17,6.5,best_match
2025-09-16,2,2025-09-18,2.4,best_match
2025-09-16,3,2025-09-19,17.1,best_match
2025-09-16,4,2025-09-20,4.2,best_match
2025-09-16,5,2025-09-21,13.5,best_match
2025-09-16,6,2025-09-22,10.7,best_match
2025-09-16,7,2025-09-23,7.3,best_match
2025-09-17,0,2025-09-17,6.5,best_match
2025-09-17,1,2025-09-18,2.4,best_match
2025-09-17,2,2025-09-19,17.1,best_match
2025-09-17,3,2025-09-20,4.2,best_match
2025-09-17,4,2025-09-21,13.5,best_match
2025-09-17,5,2025-09-22,10.7,best_match
2025-09-17,6,2025-09-23,7.3,best_match
2025-09-17,7,2025-09-24,23.0,best_match
2025-09-18,0,2025-09-18,2.4,best_match
2025-09-18,1,2025-09-19,17.1,best_match
2025-09-18,2,2025-09-20,4.2,best_match
2025-09-18,3,2025-09-21,13.5,best_match
2025-09-18,4,2025-09-22,10.7,best_match
2025-09-18,5,2025-09-23,7.3,best_match
2025-09-18,6,2025-09-24,23.0,best_match
2025-09-18,7,2025-09-25,20.7,best_match
2025-09-19,0,2025-09-19,17.1,best_match
2025-09-19,1,2025-09-20,4.2,best_match
2025-09-19,2,2025-09-21,13.5,best_match
2025-09-19,3,2025-09-22,10.7,best_match
2025-09-19,4,2025-09-23,7.3,best_match
2025-09-19,5,2025-09-24,23.0,best_match
2025-09-19,6,2025-09-25,20.7,best_match
2025-09-19,7,2025-09-26,7.5,best_match
2025-09-20,0,2025-09-20,4.2,best_match
2025-09-20,1,2025-09-21,13.5,best_match
2025-09-20,2,2025-09-22,10.7,best_match
2025-09-20,3,2025-09-23,7.3,best_match
2025-09-20,4,2025-09-24,23.0,best_match
2025-09-20,5,2025-09-25,20.7,best_match
2025-09-20,6,2025-09-26,7.5,best_match
2025-09-20,7,2025-09-27,9.1,best_match
2025-09-21,0,2025-09-21,13.5,best_match
2025-09-21,1,2025-09-22,10.7,best_match
2025-09-21,2,2025-09-23,7.3,best_match
2025-09-21,3,2025-09-24,23.0,best_match
2025-09-21,4,2025-09-25,20.7,best_match
2025-09-21,5,2025-09-26,7.5,best_match
2025-09-21,6,2025-09-27,9.1,best_match
2025-09-21,7,2025-09-28,1.4,best_match
2025-09-22,0,2025-09-22,10.7,best_match
2025-09-22,1,2025-09-23,7.3,best_match
2025-09-22,2,2025-09-24,23.0,best_match
2025-09-22,3,2025-09-25,20.7,best_match
2025-09-22,4,2025-09-26,7.5,best_match
2025-09-22,5,2025-09-27,9.1,best_match
2025-09-22,6,2025-09-28,1.4,best_match
2025-09-22,7,2025-09-29,0.2,best_match
2025-09-23,0,2025-09-23,7.3,best_match
2025-09-23,1,2025-09-24,23.0,best_match
2025-09-23,2,2025-09-25,20.7,best_match
2025-09-23,3,2025-09-26,7.5,best_match
2025-09-23,4,2025-09-27,9.1,best_match
2025-09-23,5,2025-09-28,1.4,best_match
2025-09-23,6,2025-09-29,0.2,best_match
2025-09-23,7,2025-09-30,8.7,best_match
2025-09-24,0,2025-09-24,23.0,best_match
2025-09-24,1,2025-09-25,20.7,best_match
2025-09-24,2,2025-09-26,7.5,best_match
2025-09-24,3,2025-09-27,9.1,best_match
2025-09-24,4,2025-09-28,1.4,best_match
2025-09-24,5,2025-09-29,0.2,best_match
2025-09-24,6,2025-09-30,8.7,best_match
2025-09-24,7,2025-10-01,18.1,best_match
2025-09-25,0,2025-09-25,20.7,best_match
2025-09-25,1,2025-09-26,7.5,best_match
2025-09-25,2,2025-09-27,9.1,best_match
2025-09-25,3,2025-09-28,1.4,best_match
2025-09-25,4,2025-09-29,0.2,best_match
2025-09-25,5,2025-09-30,8.7,best_match
2025-09-25,6,2025-10-01,18.1,best_match
2025-09-25,7,2025-10-02,7.3,best_match
2025-09-26,0,2025-09-26,7.5,best_match
2025-09-26,1,2025-09-27,9.1,best_match
2025-09-26,2,2025-09-28,1.4,best_match
2025-09-26,3,2025-09-29,0.2,best_match
2025-09-26,4,2025-09-30,8.7,best_match
2025-09-26,5,2025-10-01,18.1,best_match
2025-09-26,6,2025-10-02,7.3,best_match
2025-09-26,7,2025-10-03,1.9,best_match
2025-09-27,0,2025-09-27,9.1,best_match
2025-09-27,1,2025-09-28,1.4,best_match
2025-09-27,2,2025-09-29,0.2,best_match
2025-09-27,3,2025-09-30,8.7,best_match
2025-09-27,4,2025-10-01,18.1,best_match
2025-09-27,5,2025-10-02,7.3,best_match
2025-09-27,6,2025-10-03,1.9,best_match
2025-09-27,7,2025-10-04,4.7,best_match
2025-09-28,0,2025-09-28,1.4,best_match
2025-09-28,1,2025-09-29,0.2,best_match
2025-09-28,2,2025-09-30,8.7,best_match
2025-09-28,3,2025-10-01,18.1,best_match
2025-09-28,4,2025-10-02,7.3,best_match
2025-09-28,5,2025-10-03,1.9,best_match
2025-09-28,6,2025-10-04,4.7,best_match
2025-09-28,7,2025-10-05,0.4,best_match
2025-09-29,0,2025-09-29,0.2,best_match
2025-09-29,1,2025-09-30,8.7,best_match
2025-09-29,2,2025-10-01,18.1,best_match
2025-09-29,3,2025-10-02,7.3,best_match
2025-09-29,4,2025-10-03,1.9,best_match
2025-09-29,5,2025-10-04,4.7,best_match
2025-09-29,6,2025-10-05,0.4,best_match
2025-09-29,7,2025-10-06,6.4,best_match
2025-09-30,0,2025-09-30,8.7,best_match
2025-09-30,1,2025-10-01,18.1,best_match
2025-09-30,2,2025-10-02,7.3,best_match
2025-09-30,3,2025-10-03,1.9,best_match
2025-09-30,4,2025-10-04,4.7,best_match
2025-09-30,5,2025-10-05,0.4,best_match
2025-09-30,6,2025-10-06,6.4,best_match
2025-09-30,7,2025-10-07,6.5,best_match
2025-10-01,0,2025-10-01,18.1,best_match
2025-10-01,1,2025-10-02,7.3,best_match
2025-10-01,2,2025-10-03,1.9,best_match
2025-10-01,3,2025-10-04,4.7,best_match
2025-10-01,4,2025-10-05,0.4,best_match
2025-10-01,5,2025-10-06,6.4,best_match
2025-10-01,6,2025-10-07,6.5,best_match
2025-10-01,7,2025-10-08,5.3,best_match
2025-10-02,0,2025-10-02,7.3,best_match
2025-10-02,1,2025-10-03,1.9,best_match
2025-10-02,2,2025-10-04,4.7,best_match
2025-10-02,3,2025-10-05,0.4,best_match
2025-10-02,4,2025-10-06,6.4,best_match
2025-10-02,5,2025-10-07,6.5,best_match
2025-10-02,6,2025-10-08,5.3,best_match
2025-10-02,7,2025-10-09,1.6,best_match
2025-10-03,0,2025-10-03,1.9,best_match
2025-10-03,1,2025-10-04,4.7,best_match
2025-10-03,2,2025-10-05,0.4,best_match
2025-10-03,3,2025-10-06,6.4,best_match
2025-10-03,4,2025-10-07,6.5,best_match
2025-10-03,5,2025-10-08,5.3,best_match
2025-10-03,6,2025-10-09,1.6,best_match
2025-10-03,7,2025-10-10,0.5,best_match
2025-10-04,0,2025-10-04,4.7,best_match
2025-10-04,1,2025-10-05,0.4,best_match
2025-10-04,2,2025-10-06,6.4,best_match
2025-10-04,3,2025-10-07,6.5,best_match
2025-10-04,4,2025-10-08,5.3,best_match
2025-10-04,5,2025-10-09,1.6,best_match
2025-10-04,6,2025-10-10,0.5,best_match
2025-10-04,7,2025-10-11,0.5,best_match
2025-10-05,0,2025-10-05,0.4,best_match
2025-10-05,1,2025-10-06,6.4,best_match
2025-10-05,2,2025-10-07,6.5,best_match
2025-10-05,3,2025-10-08,5.3,best_match
2025-10-05,4,2025-10-09,1.6,best_match
2025-10-05,5,2025-10-10,0.5,best_match
2025-10-05,6,2025-10-11,0.5,best_match
2025-10-05,7,2025-10-12,0.6,best_match
2025-10-06,0,2025-10-06,6.4,best_match
2025-10-06,1,2025-10-07,6.5,best_match
2025-10-06,2,2025-10-08,5.3,best_match
2025-10-06,3,2025-10-09,1.6,best_match
2025-10-06,4,2025-10-10,0.5,best_match
2025-10-06,5,2025-10-11,0.5,best_match
2025-10-06,6,2025-10-12,0.6,best_match
2025-10-06,7,2025-10-13,2.4,best_match
2025-10-07,0,2025-10-07,6.5,best_match
2025-10-07,1,2025-10-08,5.3,best_match
2025-10-07,2,2025-10-09,1.6,best_match
2025-10-07,3,2025-10-10,0.5,best_match
2025-10-07,4,2025-10-11,0.5,best_match
2025-10-07,5,2025-10-12,0.6,best_match
2025-10-07,6,2025-10-13,2.4,best_match
2025-10-07,7,2025-10-14,4.5,best_match
2025-10-08,0,2025-10-08,5.3,best_match
2025-10-08,1,2025-10-09,1.6,best_match
2025-10-08,2,2025-10-10,0.5,best_match
2025-10-08,3,2025-10-11,0.5,best_match
2025-10-08,4,2025-10-12,0.6,best_match
2025-10-08,5,2025-10-13,2.4,best_match
2025-10-08,6,2025-10-14,4.5,best_match
2025-10-08,7,2025-10-15,13.0,best_match
2025-10-09,0,2025-10-09,1.6,best_match
2025-10-09,1,2025-10-10,0.5,best_match
2025-10-09,2,2025-10-11,0.5,best_match
2025-10-09,3,2025-10-12,0.6,best_match
2025-10-09,4,2025-10-13,2.4,best_match
2025-10-09,5,2025-10-14,4.5,best_match
2025-10-09,6,2025-10-15,13.0,best_match
2025-10-09,7,2025-10-16,13.3,best_match
2025-10-10,0,2025-10-10,0.5,best_match
2025-10-10,1,2025-10-11,0.5,best_match
2025-10-10,2,2025-10-12,0.6,best_match
2025-10-10,3,2025-10-13,2.4,best_match
2025-10-10,4,2025-10-14,4.5,best_match
2025-10-10,5,2025-10-15,13.0,best_match
2025-10-10,6,2025-10-16,13.3,best_match
2025-10-10,7,2025-10-17,1.4,best_match
2025-10-11,0,2025-10-11,0.5,best_match
2025-10-11,1,2025-10-12,0.6,best_match
2025-10-11,2,2025-10-13,2.4,best_match
2025-10-11,3,2025-10-14,4.5,best_match
2025-10-11,4,2025-10-15,13.0,best_match
2025-10-11,5,2025-10-16,13.3,best_match
2025-10-11,6,2025-10-17,1.4,best_match
2025-10-11,7,2025-10-18,4.0,best_match
2025-10-12,0,2025-10-12,0.6,best_match
2025-10-12,1,2025-10-13,2.4,best_match
2025-10-12,2,2025-10-14,4.5,best_match
2025-10-12,3,2025-10-15,13.0,best_match
2025-10-12,4,2025-10-16,13.3,best_match
2025-10-12,5,2025-10-17,1.4,best_match
2025-10-12,6,2025-10-18,4.0,best_match
2025-10-12,7,2025-10-19,2.1,best_match
2025-10-13,0,2025-10-13,2.4,best_match
2025-10-13,1,2025-10-14,4.5,best_match
2025-10-13,2,2025-10-15,13.0,best_match
2025-10-13,3,2025-10-16,13.3,best_match
2025-10-13,4,2025-10-17,1.4,best_match
2025-10-13,5,2025-10-18,4.0,best_match
2025-10-13,6,2025-10-19,2.1,best_match
2025-10-13,7,2025-10-20,1.8,best_match
2025-10-14,0,2025-10-14,4.5,best_match
2025-10-14,1,2025-10-15,13.0,best_match
2025-10-14,2,2025-10-16,13.3,best_match
2025-10-14,3,2025-10-17,1.4,best_match
2025-10-14,4,2025-10-18,4.0,best_match
2025-10-14,5,2025-10-19,2.1,best_match
2025-10-14,6,2025-10-20,1.8,best_match
2025-10-14,7,2025-10-21,0.1,best_match
2025-10-15,0,2025-10-15,13.0,best_match
2025-10-15,1,2025-10-16,13.3,best_match
2025-10-15,2,2025-10-17,1.4,best_match
2025-10-15,3,2025-10-18,4.0,best_match
2025-10-15,4,2025-10-19,2.1,best_match
2025-10-15,5,2025-10-20,1.8,best_match
2025-10-15,6,2025-10-21,0.1,best_match
2025-10-15,7,2025-10-22,0.0,best_match
2025-10-16,0,2025-10-16,13.3,best_match
2025-10-16,1,2025-10-17,1.4,best_match
2025-10-16,2,2025-10-18,4.0,best_match
2025-10-16,3,2025-10-19,2.1,best_match
2025-10-16,4,2025-10-20,1.8,best_match
2025-10-16,5,2025-10-21,0.1,best_match
2025-10-16,6,2025-10-22,0.0,best_match
2025-10-16,7,2025-10-23,0.0,best_match
2025-10-17,0,2025-10-17,1.4,best_match
2025-10-17,1,2025-10-18,4.0,best_match
2025-10-17,2,2025-10-19,2.1,best_match
2025-10-17,3,2025-10-20,1.8,best_match
2025-10-17,4,2025-10-21,0.1,best_match
2025-10-17,5,2025-10-22,0.0,best_match
2025-10-17,6,2025-10-23,0.0,best_match
2025-10-17,7,2025-10-24,0.9,best_match
2025-10-18,0,2025-10-18,4.0,best_match
2025-10-18,1,2025-10-19,2.1,best_match
2025-10-18,2,2025-10-20,1.8,best_match
2025-10-18,3,2025-10-21,0.1,best_match
2025-10-18,4,2025-10-22,0.0,best_match
2025-10-18,5,2025-10-23,0.0,best_match
2025-10-18,6,2025-10-24,0.9,best_match
2025-10-18,7,2025-10-25,0.7,best_match
2025-10-19,0,2025-10-19,2.1,best_match
2025-10-19,1,2025-10-20,1.8,best_match
2025-10-19,2,2025-10-21,0.1,best_match
2025-10-19,3,2025-10-22,0.0,best_match
2025-10-19,4,2025-10-23,0.0,best_match
2025-10-19,5,2025-10-24,0.9,best_match
2025-10-19,6,2025-10-25,0.7,best_match
2025-10-19,7,2025-10-26,0.0,best_match
2025-10-20,0,2025-10-20,1.8,best_match
2025-10-20,1,2025-10-21,0.1,best_match
2025-10-20,2,2025-10-22,0.0,best_match
2025-10-20,3,2025-10-23,0.0,best_match
2025-10-20,4,2025-10-24,0.9,best_match
2025-10-20,5,2025-10-25,0.7,best_match
2025-10-20,6,2025-10-26,0.0,best_match
2025-10-20,7,2025-10-27,0.0,best_match
2025-10-21,0,2025-10-21,0.1,best_match
2025-10-21,1,2025-10-22,0.0,best_match
2025-10-21,2,2025-10-23,0.0,best_match
2025-10-21,3,2025-10-24,0.9,best_match
2025-10-21,4,2025-10-25,0.7,best_match
2025-10-21,5,2025-10-26,0.0,best_match
2025-10-21,6,2025-10-27,0.0,best_match
2025-10-21,7,2025-10-28,0.0,best_match
2025-10-22,0,2025-10-22,0.0,best_match
2025-10-22,1,2025-10-23,0.0,best_match
2025-10-22,2,2025-10-24,0.9,best_match
2025-10-22,3,2025-10-25,0.7,best_match
2025-10-22,4,2025-10-26,0.0,best_match
2025-10-22,5,2025-10-27,0.0,best_match
2025-10-22,6,2025-10-28,0.0,best_match
2025-10-22,7,2025-10-29,0.0,best_match
2025-10-23,0,2025-10-23,0.0,best_match
2025-10-23,1,2025-10-24,0.9,best_match
2025-10-23,2,2025-10-25,0.7,best_match
2025-10-23,3,2025-10-26,0.0,best_match
2025-10-23,4,2025-10-27,0.0,best_match
2025-10-23,5,2025-10-28,0.0,best_match
2025-10-23,6,2025-10-29,0.0,best_match
2025-10-23,7,2025-10-30,0.0,best_match
2025-10-24,0,2025-10-24,0.9,best_match
2025-10-24,1,2025-10-25,0.7,best_match
2025-10-24,2,2025-10-26,0.0,best_match
2025-10-24,3,2025-10-27,0.0,best_match
2025-10-24,4,2025-10-28,0.0,best_match
2025-10-24,5,2025-10-29,0.0,best_match
2025-10-24,6,2025-10-30,0.0,best_match
2025-10-24,7,2025-10-31,1.1,best_match
2025-10-25,0,2025-10-25,0.7,best_match
2025-10-25,1,2025-10-26,0.0,best_match
2025-10-25,2,2025-10-27,0.0,best_match
2025-10-25,3,2025-10-28,0.0,best_match
2025-10-25,4,2025-10-29,0.0,best_match
2025-10-25,5,2025-10-30,0.0,best_match
2025-10-25,6,2025-10-31,1.1,best_match
2025-10-25,7,2025-11-01,19.9,best_match
2025-10-26,0,2025-10-26,0.0,best_match
2025-10-26,1,2025-10-27,0.0,best_match
2025-10-26,2,2025-10-28,0.0,best_match
2025-10-26,3,2025-10-29,0.0,best_match
2025-10-26,4,2025-10-30,0.0,best_match
2025-10-26,5,2025-10-31,1.1,best_match
2025-10-26,6,2025-11-01,19.9,best_match
2025-10-26,7,2025-11-02,7.1,best_match
2025-10-27,0,2025-10-27,0.0,best_match
2025-10-27,1,2025-10-28,0.0,best_match
2025-10-27,2,2025-10-29,0.0,best_match
2025-10-27,3,2025-10-30,0.0,best_match
2025-10-27,4,2025-10-31,1.1,best_match
2025-10-27,5,2025-11-01,19.9,best_match
2025-10-27,6,2025-11-02,7.1,best_match
2025-10-27,7,2025-11-03,3.9,best_match
2025-10-28,0,2025-10-28,0.0,best_match
2025-10-28,1,2025-10-29,0.0,best_match
2025-10-28,2,2025-10-30,0.0,best_match
2025-10-28,3,2025-10-31,1.1,best_match
2025-10-28,4,2025-11-01,19.9,best_match
2025-10-28,5,2025-11-02,7.1,best_match
2025-10-28,6,2025-11-03,3.9,best_match
2025-10-28,7,2025-11-04,3.7,best_match
2025-10-29,0,2025-10-29,0.0,best_match
2025-10-29,1,2025-10-30,0.0,best_match
2025-10-29,2,2025-10-31,1.1,best_match
2025-10-29,3,2025-11-01,19.9,best_match
2025-10-29,4,2025-11-02,7.1,best_match
2025-10-29,5,2025-11-03,3.9,best_match
2025-10-29,6,2025-11-04,3.7,best_match
2025-10-29,7,2025-11-05,2.2,best_match
2025-10-30,0,2025-10-30,0.0,best_match
2025-10-30,1,2025-10-31,1.1,best_match
2025-10-30,2,2025-11-01,19.9,best_match
2025-10-30,3,2025-11-02,7.1,best_match
2025-10-30,4,2025-11-03,3.9,best_match
2025-10-30,5,2025-11-04,3.7,best_match
2025-10-30,6,2025-11-05,2.2,best_match
2025-10-30,7,2025-11-06,1.6,best_match
2025-10-31,0,2025-10-31,1.1,best_match
2025-10-31,1,2025-11-01,19.9,best_match
2025-10-31,2,2025-11-02,7.1,best_match
2025-10-31,3,2025-11-03,3.9,best_match
2025-10-31,4,2025-11-04,3.7,best_match
2025-10-31,5,2025-11-05,2.2,best_match
2025-10-31,6,2025-11-06,1.6,best_match
2025-10-31,7,2025-11-07,0.1,best_match
2025-11-01,0,2025-11-01,19.9,best_match
2025-11-01,1,2025-11-02,7.1,best_match
2025-11-01,2,2025-11-03,3.9,best_match
2025-11-01,3,2025-11-04,3.7,best_match
2025-11-01,4,2025-11-05,2.2,best_match
2025-11-01,5,2025-11-06,1.6,best_match
2025-11-01,6,2025-11-07,0.1,best_match
2025-11-01,7,2025-11-08,25.4,best_match
2025-11-02,0,2025-11-02,7.1,best_match
2025-11-02,1,2025-11-03,3.9,best_match
2025-11-02,2,2025-11-04,3.7,best_match
2025-11-02,3,2025-11-05,2.2,best_match
2025-11-02,4,2025-11-06,1.6,best_match
2025-11-02,5,2025-11-07,0.1,best_match
2025-11-02,6,2025-11-08,25.4,best_match
2025-11-02,7,2025-11-09,6.1,best_match
2025-11-03,0,2025-11-03,3.9,best_match
2025-11-03,1,2025-11-04,3.7,best_match
2025-11-03,2,2025-11-05,2.2,best_match
2025-11-03,3,2025-11-06,1.6,best_match
2025-11-03,4,2025-11-07,0.1,best_match
2025-11-03,5,2025-11-08,25.4,best_match
2025-11-03,6,2025-11-09,6.1,best_match
2025-11-03,7,2025-11-10,16.3,best_match
2025-11-04,0,2025-11-04,3.7,best_match
2025-11-04,1,2025-11-05,2.2,best_match
2025-11-04,2,2025-11-06,1.6,best_match
2025-11-04,3,2025-11-07,0.1,best_match
2025-11-04,4,2025-11-08,25.4,best_match
2025-11-04,5,2025-11-09,6.1,best_match
2025-11-04,6,2025-11-10,16.3,best_match
2025-11-04,7,2025-11-11,2.9,best_match
2025-11-05,0,2025-11-05,2.2,best_match
2025-11-05,1,2025-11-06,1.6,best_match
2025-11-05,2,2025-11-07,0.1,best_match
2025-11-05,3,2025-11-08,25.4,best_match
2025-11-05,4,2025-11-09,6.1,best_match
2025-11-05,5,2025-11-10,16.3,best_match
2025-11-05,6,2025-11-11,2.9,best_match
2025-11-05,7,2025-11-12,2.0,best_match
2025-11-06,0,2025-11-06,1.6,best_match
2025-11-06,1,2025-11-07,0.1,best_match
2025-11-06,2,2025-11-08,25.4,best_match
2025-11-06,3,2025-11-09,6.1,best_match
2025-11-06,4,2025-11-10,16.3,best_match
2025-11-06,5,2025-11-11,2.9,best_match
2025-11-06,6,2025-11-12,2.0,best_match
2025-11-06,7,2025-11-13,1.9,best_match
2025-11-07,0,2025-11-07,0.1,best_match
2025-11-07,1,2025-11-08,25.4,best_match
2025-11-07,2,2025-11-09,6.1,best_match
2025-11-07,3,2025-11-10,16.3,best_match
2025-11-07,4,2025-11-11,2.9,best_match
2025-11-07,5,2025-11-12,2.0,best_match
2025-11-07,6,2025-11-13,1.9,best_match
2025-11-07,7,2025-11-14,2.0,best_match
2025-11-08,0,2025-11-08,25.4,best_match
2025-11-08,1,2025-11-09,6.1,best_match
2025-11-08,2,2025-11-10,16.3,best_match
2025-11-08,3,2025-11-11,2.9,best_match
2025-11-08,4,2025-11-12,2.0,best_match
2025-11-08,5,2025-11-13,1.9,best_match
2025-11-08,6,2025-11-14,2.0,best_match
2025-11-08,7,2025-11-15,0.7,best_match
2025-11-09,0,2025-11-09,6.1,best_match
2025-11-09,1,2025-11-10,16.3,best_match
2025-11-09,2,2025-11-11,2.9,best_match
2025-11-09,3,2025-11-12,2.0,best_match
2025-11-09,4,2025-11-13,1.9,best_match
2025-11-09,5,2025-11-14,2.0,best_match
2025-11-09,6,2025-11-15,0.7,best_match
2025-11-09,7,2025-11-16,0.0,best_match
2025-11-10,0,2025-11-10,16.3,best_match
2025-11-10,1,2025-11-11,2.9,best_match
2025-11-10,2,2025-11-12,2.0,best_match
2025-11-10,3,2025-11-13,1.9,best_match
2025-11-10,4,2025-11-14,2.0,best_match
2025-11-10,5,2025-11-15,0.7,best_match
2025-11-10,6,2025-11-16,0.0,best_match
2025-11-10,7,2025-11-17,3.6,best_match
2025-11-11,0,2025-11-11,2.9,best_match
2025-11-11,1,2025-11-12,2.0,best_match
2025-11-11,2,2025-11-13,1.9,best_match
2025-11-11,3,2025-11-14,2.0,best_match
2025-11-11,4,2025-11-15,0.7,best_match
2025-11-11,5,2025-11-16,0.0,best_match
2025-11-11,6,2025-11-17,3.6,best_match
2025-11-11,7,2025-11-18,22.9,best_match
2025-11-12,0,2025-11-12,2.0,best_match
2025-11-12,1,2025-11-13,1.9,best_match
2025-11-12,2,2025-11-14,2.0,best_match
2025-11-12,3,2025-11-15,0.7,best_match
2025-11-12,4,2025-11-16,0.0,best_match
2025-11-12,5,2025-11-17,3.6,best_match
2025-11-12,6,2025-11-18,22.9,best_match
2025-11-12,7,2025-11-19,4.1,best_match
2025-11-13,0,2025-11-13,1.9,best_match
2025-11-13,1,2025-11-14,2.0,best_match
2025-11-13,2,2025-11-15,0.7,best_match
2025-11-13,3,2025-11-16,0.0,best_match
2025-11-13,4,2025-11-17,3.6,best_match
2025-11-13,5,2025-11-18,22.9,best_match
2025-11-13,6,2025-11-19,4.1,best_match
2025-11-13,7,2025-11-20,0.1,best_match
2025-11-14,0,2025-11-14,2.0,best_match
2025-11-14,1,2025-11-15,0.7,best_match
2025-11-14,2,2025-11-16,0.0,best_match
2025-11-14,3,2025-11-17,3.6,best_match
2025-11-14,4,2025-11-18,22.9,best_match
2025-11-14,5,2025-11-19,4.1,best_match
2025-11-14,6,2025-11-20,0.1,best_match
2025-11-14,7,2025-11-21,0.0,best_match
2025-11-15,0,2025-11-15,0.7,best_match
2025-11-15,1,2025-11-16,0.0,best_match
2025-11-15,2,2025-11-17,3.6,best_match
2025-11-15,3,2025-11-18,22.9,best_match
2025-11-15,4,2025-11-19,4.1,best_match
2025-11-15,5,2025-11-20,0.1,best_match
2025-11-15,6,2025-11-21,0.0,best_match
2025-11-15,7,2025-11-22,0.0,best_match
2025-11-16,0,2025-11-16,0.0,best_match
2025-11-16,1,2025-11-17,3.6,best_match
2025-11-16,2,2025-11-18,22.9,best_match
2025-11-16,3,2025-11-19,4.1,best_match
2025-11-16,4,2025-11-20,0.1,best_match
2025-11-16,5,2025-11-21,0.0,best_match
2025-11-16,6,2025-11-22,0.0,best_match
2025-11-16,7,2025-11-23,0.0,best_match
2025-11-17,0,2025-11-17,3.6,best_match
2025-11-17,1,2025-11-18,22.9,best_match
2025-11-17,2,2025-11-19,4.1,best_match
2025-11-17,3,2025-11-20,0.1,best_match
2025-11-17,4,2025-11-21,0.0,best_match
2025-11-17,5,2025-11-22,0.0,best_match
2025-11-17,6,2025-11-23,0.0,best_match
2025-11-17,7,2025-11-24,0.0,best_match
2025-11-18,0,2025-11-18,22.9,best_match
2025-11-18,1,2025-11-19,4.1,best_match
2025-11-18,2,2025-11-20,0.1,best_match
2025-11-18,3,2025-11-21,0.0,best_match
2025-11-18,4,2025-11-22,0.0,best_match
2025-11-18,5,2025-11-23,0.0,best_match
2025-11-18,6,2025-11-24,0.0,best_match
2025-11-18,7,2025-11-25,0.0,best_match
2025-11-19,0,2025-11-19,4.1,best_match
2025-11-19,1,2025-11-20,0.1,best_match
2025-11-19,2,2025-11-21,0.0,best_match
2025-11-19,3,2025-11-22,0.0,best_match
2025-11-19,4,2025-11-23,0.0,best_match
2025-11-19,5,2025-11-24,0.0,best_match
2025-11-19,6,2025-11-25,0.0,best_match
2025-11-19,7,2025-11-26,0.0,best_match
2025-11-20,0,2025-11-20,0.1,best_match
2025-11-20,1,2025-11-21,0.0,best_match
2025-11-20,2,2025-11-22,0.0,best_match
2025-11-20,3,2025-11-23,0.0,best_match
2025-11-20,4,2025-11-24,0.0,best_match
2025-11-20,5,2025-11-25,0.0,best_match
2025-11-20,6,2025-11-26,0.0,best_match
2025-11-20,7,2025-11-27,0.0,best_match
2025-11-21,0,2025-11-21,0.0,best_match
2025-11-21,1,2025-11-22,0.0,best_match
2025-11-21,2,2025-11-23,0.0,best_match
2025-11-21,3,2025-11-24,0.0,best_match
2025-11-21,4,2025-11-25,0.0,best_match
2025-11-21,5,2025-11-26,0.0,best_match
2025-11-21,6,2025-11-27,0.0,best_match
2025-11-21,7,2025-11-28,0.0,best_match
2025-11-22,0,2025-11-22,0.0,best_match
2025-11-22,1,2025-11-23,0.0,best_match
2025-11-22,2,2025-11-24,0.0,best_match
2025-11-22,3,2025-11-25,0.0,best_match
2025-11-22,4,2025-11-26,0.0,best_match
2025-11-22,5,2025-11-27,0.0,best_match
2025-11-22,6,2025-11-28,0.0,best_match
2025-11-22,7,2025-11-29,0.0,best_match
2025-11-23,0,2025-11-23,0.0,best_match
2025-11-23,1,2025-11-24,0.0,best_match
2025-11-23,2,2025-11-25,0.0,best_match
2025-11-23,3,2025-11-26,0.0,best_match
2025-11-23,4,2025-11-27,0.0,best_match
2025-11-23,5,2025-11-28,0.0,best_match
2025-11-23,6,2025-11-29,0.0,best_match
2025-11-23,7,2025-11-30,0.0,best_match
2025-11-24,0,2025-11-24,0.0,best_match
2025-11-24,1,2025-11-25,0.0,best_match
2025-11-24,2,2025-11-26,0.0,best_match
2025-11-24,3,2025-11-27,0.0,best_match
2025-11-24,4,2025-11-28,0.0,best_match
2025-11-24,5,2025-11-29,0.0,best_match
2025-11-24,6,2025-11-30,0.0,best_match
2025-11-24,7,2025-12-01,0.0,best_match
2025-11-25,0,2025-11-25,0.0,best_match
2025-11-25,1,2025-11-26,0.0,best_match
2025-11-25,2,2025-11-27,0.0,best_match
2025-11-25,3,2025-11-28,0.0,best_match
2025-11-25,4,2025-11-29,0.0,best_match
2025-11-25,5,2025-11-30,0.0,best_match
2025-11-25,6,2025-12-01,0.0,best_match
2025-11-25,7,2025-12-02,0.0,best_match
2025-11-26,0,2025-11-26,0.0,best_match
2025-11-26,1,2025-11-27,0.0,best_match
2025-11-26,2,2025-11-28,0.0,best_match
2025-11-26,3,2025-11-29,0.0,best_match
2025-11-26,4,2025-11-30,0.0,best_match
2025-11-26,5,2025-12-01,0.0,best_match
2025-11-26,6,2025-12-02,0.0,best_match
2025-11-26,7,2025-12-03,0.0,best_match
2025-11-27,0,2025-11-27,0.0,best_match
2025-11-27,1,2025-11-28,0.0,best_match
2025-11-27,2,2025-11-29,0.0,best_match
2025-11-27,3,2025-11-30,0.0,best_match
2025-11-27,4,2025-12-01,0.0,best_match
2025-11-27,5,2025-12-02,0.0,best_match
2025-11-27,6,2025-12-03,0.0,best_match
2025-11-27,7,2025-12-04,0.0,best_match
2025-11-28,0,2025-11-28,0.0,best_match
2025-11-28,1,2025-11-29,0.0,best_match
2025-11-28,2,2025-11-30,0.0,best_match
2025-11-28,3,2025-12-01,0.0,best_match
2025-11-28,4,2025-12-02,0.0,best_match
2025-11-28,5,2025-12-03,0.0,best_match
2025-11-28,6,2025-12-04,0.0,best_match
2025-11-28,7,2025-12-05,1.1,best_match
2025-11-29,0,2025-11-29,0.0,best_match
2025-11-29,1,2025-11-30,0.0,best_match
2025-11-29,2,2025-12-01,0.0,best_match
2025-11-29,3,2025-12-02,0.0,best_match
2025-11-29,4,2025-12-03,0.0,best_match
2025-11-29,5,2025-12-04,0.0,best_match
2025-11-29,6,2025-12-05,1.1,best_match
2025-11-29,7,2025-12-06,0.9,best_match
2025-11-30,0,2025-11-30,0.0,best_match
2025-11-30,1,2025-12-01,0.0,best_match
2025-11-30,2,2025-12-02,0.0,best_match
2025-11-30,3,2025-12-03,0.0,best_match
2025-11-30,4,2025-12-04,0.0,best_match
2025-11-30,5,2025-12-05,1.1,best_match
2025-11-30,6,2025-12-06,0.9,best_match
2025-11-30,7,2025-12-07,1.1,best_match
2025-12-01,0,2025-12-01,0.0,best_match
2025-12-01,1,2025-12-02,0.0,best_match
2025-12-01,2,2025-12-03,0.0,best_match
2025-12-01,3,2025-12-04,0.0,best_match
2025-12-01,4,2025-12-05,1.1,best_match
2025-12-01,5,2025-12-06,0.9,best_match
2025-12-01,6,2025-12-07,1.1,best_match
2025-12-01,7,2025-12-08,1.0,best_match
2025-12-02,0,2025-12-02,0.0,best_match
2025-12-02,1,2025-12-03,0.0,best_match
2025-12-02,2,2025-12-04,0.0,best_match
2025-12-02,3,2025-12-05,1.1,best_match
2025-12-02,4,2025-12-06,0.9,best_match
2025-12-02,5,2025-12-07,1.1,best_match
2025-12-02,6,2025-12-08,1.0,best_match
2025-12-02,7,2025-12-09,0.1,best_match
2025-12-03,0,2025-12-03,0.0,best_match
2025-12-03,1,2025-12-04,0.0,best_match
2025-12-03,2,2025-12-05,1.1,best_match
2025-12-03,3,2025-12-06,0.9,best_match
2025-12-03,4,2025-12-07,1.1,best_match
2025-12-03,5,2025-12-08,1.0,best_match
2025-12-03,6,2025-12-09,0.1,best_match
2025-12-03,7,2025-12-10,0.0,best_match
2025-12-04,0,2025-12-04,0.0,best_match
2025-12-04,1,2025-12-05,1.1,best_match
2025-12-04,2,2025-12-06,0.9,best_match
2025-12-04,3,2025-12-07,1.1,best_match
2025-12-04,4,2025-12-08,1.0,best_match
2025-12-04,5,2025-12-09,0.1,best_match
2025-12-04,6,2025-12-10,0.0,best_match
2025-12-04,7,2025-12-11,0.9,best_match
2025-12-05,0,2025-12-05,1.1,best_match
2025-12-05,1,2025-12-06,0.9,best_match
2025-12-05,2,2025-12-07,1.1,best_match
2025-12-05,3,2025-12-08,1.0,best_match
2025-12-05,4,2025-12-09,0.1,best_match
2025-12-05,5,2025-12-10,0.0,best_match
2025-12-05,6,2025-12-11,0.9,best_match
2025-12-05,7,2025-12-12,6.8,best_match
2025-12-06,0,2025-12-06,0.9,best_match
2025-12-06,1,2025-12-07,1.1,best_match
2025-12-06,2,2025-12-08,1.0,best_match
2025-12-06,3,2025-12-09,0.1,best_match
2025-12-06,4,2025-12-10,0.0,best_match
2025-12-06,5,2025-12-11,0.9,best_match
2025-12-06,6,2025-12-12,6.8,best_match
2025-12-06,7,2025-12-13,0.4,best_match
2025-12-07,0,2025-12-07,1.1,best_match
2025-12-07,1,2025-12-08,1.0,best_match
2025-12-07,2,2025-12-09,0.1,best_match
2025-12-07,3,2025-12-10,0.0,best_match
2025-12-07,4,2025-12-11,0.9,best_match
2025-12-07,5,2025-12-12,6.8,best_match
2025-12-07,6,2025-12-13,0.4,best_match
2025-12-07,7,2025-12-14,3.4,best_match
2025-12-08,0,2025-12-08,1.0,best_match
2025-12-08,1,2025-12-09,0.1,best_match
2025-12-08,2,2025-12-10,0.0,best_match
2025-12-08,3,2025-12-11,0.9,best_match
2025-12-08,4,2025-12-12,6.8,best_match
2025-12-08,5,2025-12-13,0.4,best_match
2025-12-08,6,2025-12-14,3.4,best_match
2025-12-08,7,2025-12-15,1.2,best_match
2025-12-09,0,2025-12-09,0.1,best_match
2025-12-09,1,2025-12-10,0.0,best_match
2025-12-09,2,2025-12-11,0.9,best_match
2025-12-09,3,2025-12-12,6.8,best_match
2025-12-09,4,2025-12-13,0.4,best_match
2025-12-09,5,2025-12-14,3.4,best_match
2025-12-09,6,2025-12-15,1.2,best_match
2025-12-09,7,2025-12-16,0.7,best_match
2025-12-10,0,2025-12-10,0.0,best_match
2025-12-10,1,2025-12-11,0.9,best_match
2025-12-10,2,2025-12-12,6.8,best_match
2025-12-10,3,2025-12-13,0.4,best_match
2025-12-10,4,2025-12-14,3.4,best_match
2025-12-10,5,2025-12-15,1.2,best_match
2025-12-10,6,2025-12-16,0.7,best_match
2025-12-10,7,2025-12-17,1.1,best_match
2025-12-11,0,2025-12-11,0.9,best_match
2025-12-11,1,2025-12-12,6.8,best_match
2025-12-11,2,2025-12-13,0.4,best_match
2025-12-11,3,2025-12-14,3.4,best_match
2025-12-11,4,2025-12-15,1.2,best_match
2025-12-11,5,2025-12-16,0.7,best_match
2025-12-11,6,2025-12-17,1.1,best_match
2025-12-11,7,2025-12-18,1.1,best_match
2025-12-12,0,2025-12-12,6.8,best_match
2025-12-12,1,2025-12-13,0.4,best_match
2025-12-12,2,2025-12-14,3.4,best_match
2025-12-12,3,2025-12-15,1.2,best_match
2025-12-12,4,2025-12-16,0.7,best_match
2025-12-12,5,2025-12-17,1.1,best_match
2025-12-12,6,2025-12-18,1.1,best_match
2025-12-12,7,2025-12-19,0.2,best_match
2025-12-13,0,2025-12-13,0.4,best_match
2025-12-13,1,2025-12-14,3.4,best_match
2025-12-13,2,2025-12-15,1.2,best_match
2025-12-13,3,2025-12-16,0.7,best_match
2025-12-13,4,2025-12-17,1.1,best_match
2025-12-13,5,2025-12-18,1.1,best_match
2025-12-13,6,2025-12-19,0.2,best_match
2025-12-13,7,2025-12-20,0.0,best_match
2025-12-14,0,2025-12-14,3.4,best_match
2025-12-14,1,2025-12-15,1.2,best_match
2025-12-14,2,2025-12-16,0.7,best_match
2025-12-14,3,2025-12-17,1.1,best_match
2025-12-14,4,2025-12-18,1.1,best_match
2025-12-14,5,2025-12-19,0.2,best_match
2025-12-14,6,2025-12-20,0.0,best_match
2025-12-14,7,2025-12-21,0.0,best_match
2025-12-15,0,2025-12-15,1.2,best_match
2025-12-15,1,2025-12-16,0.7,best_match
2025-12-15,2,2025-12-17,1.1,best_match
2025-12-15,3,2025-12-18,1.1,best_match
2025-12-15,4,2025-12-19,0.2,best_match
2025-12-15,5,2025-12-20,0.0,best_match
2025-12-15,6,2025-12-21,0.0,best_match
2025-12-15,7,2025-12-22,0.0,best_match
2025-12-16,0,2025-12-16,0.7,best_match
2025-12-16,1,2025-12-17,1.1,best_match
2025-12-16,2,2025-12-18,1.1,best_match
2025-12-16,3,2025-12-19,0.2,best_match
2025-12-16,4,2025-12-20,0.0,best_match
2025-12-16,5,2025-12-21,0.0,best_match
2025-12-16,6,2025-12-22,0.0,best_match
2025-12-16,7,2025-12-23,0.4,best_match
2025-12-17,0,2025-12-17,1.1,best_match
2025-12-17,1,2025-12-18,1.1,best_match
2025-12-17,2,2025-12-19,0.2,best_match
2025-12-17,3,2025-12-20,0.0,best_match
2025-12-17,4,2025-12-21,0.0,best_match
2025-12-17,5,2025-12-22,0.0,best_match
2025-12-17,6,2025-12-23,0.4,best_match
2025-12-17,7,2025-12-24,0.0,best_match
2025-12-18,0,2025-12-18,1.1,best_match
2025-12-18,1,2025-12-19,0.2,best_match
2025-12-18,2,2025-12-20,0.0,best_match
2025-12-18,3,2025-12-21,0.0,best_match
2025-12-18,4,2025-12-22,0.0,best_match
2025-12-18,5,2025-12-23,0.4,best_match
2025-12-18,6,2025-12-24,0.0,best_match
2025-12-18,7,2025-12-25,0.0,best_match
2025-12-19,0,2025-12-19,0.2,best_match
2025-12-19,1,2025-12-20,0.0,best_match
2025-12-19,2,2025-12-21,0.0,best_match
2025-12-19,3,2025-12-22,0.0,best_match
2025-12-19,4,2025-12-23,0.4,best_match
2025-12-19,5,2025-12-24,0.0,best_match
2025-12-19,6,2025-12-25,0.0,best_match
2025-12-19,7,2025-12-26,0.2,best_match
2025-12-20,0,2025-12-20,0.0,best_match
2025-12-20,1,2025-12-21,0.0,best_match
2025-12-20,2,2025-12-22,0.0,best_match
2025-12-20,3,2025-12-23,0.4,best_match
2025-12-20,4,2025-12-24,0.0,best_match
2025-12-20,5,2025-12-25,0.0,best_match
2025-12-20,6,2025-12-26,0.2,best_match
2025-12-20,7,2025-12-27,0.0,best_match
2025-12-21,0,2025-12-21,0.0,best_match
2025-12-21,1,2025-12-22,0.0,best_match
2025-12-21,2,2025-12-23,0.4,best_match
2025-12-21,3,2025-12-24,0.0,best_match
2025-12-21,4,2025-12-25,0.0,best_match
2025-12-21,5,2025-12-26,0.2,best_match
2025-12-21,6,2025-12-27,0.0,best_match
2025-12-21,7,2025-12-28,0.0,best_match
2025-12-22,0,2025-12-22,0.0,best_match
2025-12-22,1,2025-12-23,0.4,best_match
2025-12-22,2,2025-12-24,0.0,best_match
2025-12-22,3,2025-12-25,0.0,best_match
2025-12-22,4,2025-12-26,0.2,best_match
2025-12-22,5,2025-12-27,0.0,best_match
2025-12-22,6,2025-12-28,0.0,best_match
2025-12-22,7,2025-12-29,0.0,best_match
2025-12-23,0,2025-12-23,0.4,best_match
2025-12-23,1,2025-12-24,0.0,best_match
2025-12-23,2,2025-12-25,0.0,best_match
2025-12-23,3,2025-12-26,0.2,best_match
2025-12-23,4,2025-12-27,0.0,best_match
2025-12-23,5,2025-12-28,0.0,best_match
2025-12-23,6,2025-12-29,0.0,best_match
2025-12-23,7,2025-12-30,0.0,best_match
2025-12-24,0,2025-12-24,0.0,best_match
2025-12-24,1,2025-12-25,0.0,best_match
2025-12-24,2,2025-12-26,0.2,best_match
2025-12-24,3,2025-12-27,0.0,best_match
2025-12-24,4,2025-12-28,0.0,best_match
2025-12-24,5,2025-12-29,0.0,best_match
2025-12-24,6,2025-12-30,0.0,best_match
2025-12-24,7,2025-12-31,0.0,best_match
2025-12-25,0,2025-12-25,0.0,best_match
2025-12-25,1,2025-12-26,0.2,best_match
2025-12-25,2,2025-12-27,0.0,best_match
2025-12-25,3,2025-12-28,0.0,best_match
2025-12-25,4,2025-12-29,0.0,best_match
2025-12-25,5,2025-12-30,0.0,best_match
2025-12-25,6,2025-12-31,0.0,best_match
2025-12-25,7,2026-01-01,0.0,best_match
2025-12-26,0,2025-12-26,0.2,best_match
2025-12-26,1,2025-12-27,0.0,best_match
2025-12-26,2,2025-12-28,0.0,best_match
2025-12-26,3,2025-12-29,0.0,best_match
2025-12-26,4,2025-12-30,0.0,best_match
2025-12-26,5,2025-12-31,0.0,best_match
2025-12-26,6,2026-01-01,0.0,best_match
2025-12-26,7,2026-01-02,1.1,best_match
2025-12-27,0,2025-12-27,0.0,best_match
2025-12-27,1,2025-12-28,0.0,best_match
2025-12-27,2,2025-12-29,0.0,best_match
2025-12-27,3,2025-12-30,0.0,best_match
2025-12-27,4,2025-12-31,0.0,best_match
2025-12-27,5,2026-01-01,0.0,best_match
2025-12-27,6,2026-01-02,1.1,best_match
2025-12-27,7,2026-01-03,0.3,best_match
2025-12-28,0,2025-12-28,0.0,best_match
2025-12-28,1,2025-12-29,0.0,best_match
2025-12-28,2,2025-12-30,0.0,best_match
2025-12-28,3,2025-12-31,0.0,best_match
2025-12-28,4,2026-01-01,0.0,best_match
2025-12-28,5,2026-01-02,1.1,best_match
2025-12-28,6,2026-01-03,0.3,best_match
2025-12-28,7,2026-01-04,0.0,best_match
2025-12-29,0,2025-12-29,0.0,best_match
2025-12-29,1,2025-12-30,0.0,best_match
2025-12-29,2,2025-12-31,0.0,best_match
2025-12-29,3,2026-01-01,0.0,best_match
2025-12-29,4,2026-01-02,1.1,best_match
2025-12-29,5,2026-01-03,0.3,best_match
2025-12-29,6,2026-01-04,0.0,best_match
2025-12-29,7,2026-01-05,0.0,best_match
2025-12-30,0,2025-12-30,0.0,best_match
2025-12-30,1,2025-12-31,0.0,best_match
2025-12-30,2,2026-01-01,0.0,best_match
2025-12-30,3,2026-01-02,1.1,best_match
2025-12-30,4,2026-01-03,0.3,best_match
2025-12-30,5,2026-01-04,0.0,best_match
2025-12-30,6,2026-01-05,0.0,best_match
2025-12-30,7,2026-01-06,0.0,best_match
2025-12-31,0,2025-12-31,0.0,best_match
2025-12-31,1,2026-01-01,0.0,best_match
2025-12-31,2,2026-01-02,1.1,best_match
2025-12-31,3,2026-01-03,0.3,best_match
2025-12-31,4,2026-01-04,0.0,best_match
2025-12-31,5,2026-01-05,0.0,best_match
2025-12-31,6,2026-01-06,0.0,best_match
2025-12-31,7,2026-01-07,0.0,best_match
2026-01-01,0,2026-01-01,0.0,best_match
2026-01-01,1,2026-01-02,1.1,best_match
2026-01-01,2,2026-01-03,0.3,best_match
2026-01-01,3,2026-01-04,0.0,best_match
2026-01-01,4,2026-01-05,0.0,best_match
2026-01-01,5,2026-01-06,0.0,best_match
2026-01-01,6,2026-01-07,0.0,best_match
2026-01-01,7,2026-01-08,0.0,best_match
2026-01-02,0,2026-01-02,1.1,best_match
2026-01-02,1,2026-01-03,0.3,best_match
2026-01-02,2,2026-01-04,0.0,best_match
2026-01-02,3,2026-01-05,0.0,best_match
2026-01-02,4,2026-01-06,0.0,best_match
2026-01-02,5,2026-01-07,0.0,best_match
2026-01-02,6,2026-01-08,0.0,best_match
2026-01-02,7,2026-01-09,0.0,best_match
2026-01-03,0,2026-01-03,0.3,best_match
2026-01-03,1,2026-01-04,0.0,best_match
2026-01-03,2,2026-01-05,0.0,best_match
2026-01-03,3,2026-01-06,0.0,best_match
2026-01-03,4,2026-01-07,0.0,best_match
2026-01-03,5,2026-01-08,0.0,best_match
2026-01-03,6,2026-01-09,0.0,best_match
2026-01-03,7,2026-01-10,0.0,best_match
2026-01-04,0,2026-01-04,0.0,best_match
2026-01-04,1,2026-01-05,0.0,best_match
2026-01-04,2,2026-01-06,0.0,best_match
2026-01-04,3,2026-01-07,0.0,best_match
2026-01-04,4,2026-01-08,0.0,best_match
2026-01-04,5,2026-01-09,0.0,best_match
2026-01-04,6,2026-01-10,0.0,best_match
2026-01-04,7,2026-01-11,0.0,best_match
2026-01-05,0,2026-01-05,0.0,best_match
2026-01-05,1,2026-01-06,0.0,best_match
2026-01-05,2,2026-01-07,0.0,best_match
2026-01-05,3,2026-01-08,0.0,best_match
2026-01-05,4,2026-01-09,0.0,best_match
2026-01-05,5,2026-01-10,0.0,best_match
2026-01-05,6,2026-01-11,0.0,best_match
2026-01-05,7,2026-01-12,0.0,best_match
2026-01-06,0,2026-01-06,0.0,best_match
2026-01-06,1,2026-01-07,0.0,best_match
2026-01-06,2,2026-01-08,0.0,best_match
2026-01-06,3,2026-01-09,0.0,best_match
2026-01-06,4,2026-01-10,0.0,best_match
2026-01-06,5,2026-01-11,0.0,best_match
2026-01-06,6,2026-01-12,0.0,best_match
2026-01-06,7,2026-01-13,0.0,best_match
2026-01-07,0,2026-01-07,0.0,best_match
2026-01-07,1,2026-01-08,0.0,best_match
2026-01-07,2,2026-01-09,0.0,best_match
2026-01-07,3,2026-01-10,0.0,best_match
2026-01-07,4,2026-01-11,0.0,best_match
2026-01-07,5,2026-01-12,0.0,best_match
2026-01-07,6,2026-01-13,0.0,best_match
2026-01-07,7,2026-01-14,0.0,best_match
2026-01-08,0,2026-01-08,0.0,best_match
2026-01-08,1,2026-01-09,0.0,best_match
2026-01-08,2,2026-01-10,0.0,best_match
2026-01-08,3,2026-01-11,0.0,best_match
2026-01-08,4,2026-01-12,0.0,best_match
2026-01-08,5,2026-01-13,0.0,best_match
2026-01-08,6,2026-01-14,0.0,best_match
2026-01-08,7,2026-01-15,0.0,best_match
2026-01-09,0,2026-01-09,0.0,best_match
2026-01-09,1,2026-01-10,0.0,best_match
2026-01-09,2,2026-01-11,0.0,best_match
2026-01-09,3,2026-01-12,0.0,best_match
2026-01-09,4,2026-01-13,0.0,best_match
2026-01-09,5,2026-01-14,0.0,best_match
2026-01-09,6,2026-01-15,0.0,best_match
2026-01-09,7,2026-01-16,0.2,best_match
2026-01-10,0,2026-01-10,0.0,best_match
2026-01-10,1,2026-01-11,0.0,best_match
2026-01-10,2,2026-01-12,0.0,best_match
2026-01-10,3,2026-01-13,0.0,best_match
2026-01-10,4,2026-01-14,0.0,best_match
2026-01-10,5,2026-01-15,0.0,best_match
2026-01-10,6,2026-01-16,0.2,best_match
2026-01-10,7,2026-01-17,0.2,best_match
2026-01-11,0,2026-01-11,0.0,best_match
2026-01-11,1,2026-01-12,0.0,best_match
2026-01-11,2,2026-01-13,0.0,best_match
2026-01-11,3,2026-01-14,0.0,best_match
2026-01-11,4,2026-01-15,0.0,best_match
2026-01-11,5,2026-01-16,0.2,best_match
2026-01-11,6,2026-01-17,0.2,best_match
2026-01-11,7,2026-01-18,0.0,best_match
2026-01-12,0,2026-01-12,0.0,best_match
2026-01-12,1,2026-01-13,0.0,best_match
2026-01-12,2,2026-01-14,0.0,best_match
2026-01-12,3,2026-01-15,0.0,best_match
2026-01-12,4,2026-01-16,0.2,best_match
2026-01-12,5,2026-01-17,0.2,best_match
2026-01-12,6,2026-01-18,0.0,best_match
2026-01-12,7,2026-01-19,0.0,best_match
2026-01-13,0,2026-01-13,0.0,best_match
2026-01-13,1,2026-01-14,0.0,best_match
2026-01-13,2,2026-01-15,0.0,best_match
2026-01-13,3,2026-01-16,0.2,best_match
2026-01-13,4,2026-01-17,0.2,best_match
2026-01-13,5,2026-01-18,0.0,best_match
2026-01-13,6,2026-01-19,0.0,best_match
2026-01-13,7,2026-01-20,0.0,best_match
2026-01-14,0,2026-01-14,0.0,best_match
2026-01-14,1,2026-01-15,0.0,best_match
2026-01-14,2,2026-01-16,0.2,best_match
2026-01-14,3,2026-01-17,0.2,best_match
2026-01-14,4,2026-01-18,0.0,best_match
2026-01-14,5,2026-01-19,0.0,best_match
2026-01-14,6,2026-01-20,0.0,best_match
2026-01-14,7,2026-01-21,0.0,best_match
2026-01-15,0,2026-01-15,0.0,best_match
2026-01-15,1,2026-01-16,0.2,best_match
2026-01-15,2,2026-01-17,0.2,best_match
2026-01-15,3,2026-01-18,0.0,best_match
2026-01-15,4,2026-01-19,0.0,best_match
2026-01-15,5,2026-01-20,0.0,best_match
2026-01-15,6,2026-01-21,0.0,best_match
2026-01-15,7,2026-01-22,0.0,best_match
2026-01-16,0,2026-01-16,0.2,best_match
2026-01-16,1,2026-01-17,0.2,best_match
2026-01-16,2,2026-01-18,0.0,best_match
2026-01-16,3,2026-01-19,0.0,best_match
2026-01-16,4,2026-01-20,0.0,best_match
2026-01-16,5,2026-01-21,0.0,best_match
2026-01-16,6,2026-01-22,0.0,best_match
2026-01-16,7,2026-01-23,0.7,best_match
2026-01-17,0,2026-01-17,0.2,best_match
2026-01-17,1,2026-01-18,0.0,best_match
2026-01-17,2,2026-01-19,0.0,best_match
2026-01-17,3,2026-01-20,0.0,best_match
2026-01-17,4,2026-01-21,0.0,best_match
2026-01-17,5,2026-01-22,0.0,best_match
2026-01-17,6,2026-01-23,0.7,best_match
2026-01-17,7,2026-01-24,0.0,best_match
2026-01-18,0,2026-01-18,0.0,best_match
2026-01-18,1,2026-01-19,0.0,best_match
2026-01-18,2,2026-01-20,0.0,best_match
2026-01-18,3,2026-01-21,0.0,best_match
2026-01-18,4,2026-01-22,0.0,best_match
2026-01-18,5,2026-01-23,0.7,best_match
2026-01-18,6,2026-01-24,0.0,best_match
2026-01-18,7,2026-01-25,0.0,best_match
2026-01-19,0,2026-01-19,0.0,best_match
2026-01-19,1,2026-01-20,0.0,best_match
2026-01-19,2,2026-01-21,0.0,best_match
2026-01-19,3,2026-01-22,0.0,best_match
2026-01-19,4,2026-01-23,0.7,best_match
2026-01-19,5,2026-01-24,0.0,best_match
2026-01-19,6,2026-01-25,0.0,best_match
2026-01-19,7,2026-01-26,0.0,best_match
2026-01-20,0,2026-01-20,0.0,best_match
2026-01-20,1,2026-01-21,0.0,best_match
2026-01-20,2,2026-01-22,0.0,best_match
2026-01-20,3,2026-01-23,0.7,best_match
2026-01-20,4,2026-01-24,0.0,best_match
2026-01-20,5,2026-01-25,0.0,best_match
2026-01-20,6,2026-01-26,0.0,best_match
2026-01-20,7,2026-01-27,0.0,best_match
2026-01-21,0,2026-01-21,0.0,best_match
2026-01-21,1,2026-01-22,0.0,best_match
2026-01-21,2,2026-01-23,0.7,best_match
2026-01-21,3,2026-01-24,0.0,best_match
2026-01-21,4,2026-01-25,0.0,best_match
2026-01-21,5,2026-01-26,0.0,best_match
2026-01-21,6,2026-01-27,0.0,best_match
2026-01-21,7,2026-01-28,0.0,best_match
2026-01-22,0,2026-01-22,0.0,best_match
2026-01-22,1,2026-01-23,0.7,best_match
2026-01-22,2,2026-01-24,0.0,best_match
2026-01-22,3,2026-01-25,0.0,best_match
2026-01-22,4,2026-01-26,0.0,best_match
2026-01-22,5,2026-01-27,0.0,best_match
2026-01-22,6,2026-01-28,0.0,best_match
2026-01-22,7,2026-01-29,0.0,best_match
2026-01-23,0,2026-01-23,0.7,best_match
2026-01-23,1,2026-01-24,0.0,best_match
2026-01-23,2,2026-01-25,0.0,best_match
2026-01-23,3,2026-01-26,0.0,best_match
2026-01-23,4,2026-01-27,0.0,best_match
2026-01-23,5,2026-01-28,0.0,best_match
2026-01-23,6,2026-01-29,0.0,best_match
2026-01-23,7,2026-01-30,0.0,best_match
2026-01-24,0,2026-01-24,0.0,best_match
2026-01-24,1,2026-01-25,0.0,best_match
2026-01-24,2,2026-01-26,0.0,best_match
2026-01-24,3,2026-01-27,0.0,best_match
2026-01-24,4,2026-01-28,0.0,best_match
2026-01-24,5,2026-01-29,0.0,best_match
2026-01-24,6,2026-01-30,0.0,best_match
2026-01-24,7,2026-01-31,0.0,best_match
2026-01-25,0,2026-01-25,0.0,best_match
2026-01-25,1,2026-01-26,0.0,best_match
2026-01-25,2,2026-01-27,0.0,best_match
2026-01-25,3,2026-01-28,0.0,best_match
2026-01-25,4,2026-01-29,0.0,best_match
2026-01-25,5,2026-01-30,0.0,best_match
2026-01-25,6,2026-01-31,0.0,best_match
2026-01-25,7,2026-02-01,0.0,best_match
2026-01-26,0,2026-01-26,0.0,best_match
2026-01-26,1,2026-01-27,0.0,best_match
2026-01-26,2,2026-01-28,0.0,best_match
2026-01-26,3,2026-01-29,0.0,best_match
2026-01-26,4,2026-01-30,0.0,best_match
2026-01-26,5,2026-01-31,0.0,best_match
2026-01-26,6,2026-02-01,0.0,best_match
2026-01-26,7,2026-02-02,0.0,best_match
2026-01-27,0,2026-01-27,0.0,best_match
2026-01-27,1,2026-01-28,0.0,best_match
2026-01-27,2,2026-01-29,0.0,best_match
2026-01-27,3,2026-01-30,0.0,best_match
2026-01-27,4,2026-01-31,0.0,best_match
2026-01-27,5,2026-02-01,0.0,best_match
2026-01-27,6,2026-02-02,0.0,best_match
2026-01-27,7,2026-02-03,0.0,best_match
2026-01-28,0,2026-01-28,0.0,best_match
2026-01-28,1,2026-01-29,0.0,best_match
2026-01-28,2,2026-01-30,0.0,best_match
2026-01-28,3,2026-01-31,0.0,best_match
2026-01-28,4,2026-02-01,0.0,best_match
2026-01-28,5,2026-02-02,0.0,best_match
2026-01-28,6,2026-02-03,0.0,best_match
2026-01-28,7,2026-02-04,0.0,best_match
2026-01-29,0,2026-01-29,0.0,best_match
2026-01-29,1,2026-01-30,0.0,best_match
2026-01-29,2,2026-01-31,0.0,best_match
2026-01-29,3,2026-02-01,0.0,best_match
2026-01-29,4,2026-02-02,0.0,best_match
2026-01-29,5,2026-02-03,0.0,best_match
2026-01-29,6,2026-02-04,0.0,best_match
2026-01-29,7,2026-02-05,0.0,best_match
2026-01-30,0,2026-01-30,0.0,best_match
2026-01-30,1,2026-01-31,0.0,best_match
2026-01-30,2,2026-02-01,0.0,best_match
2026-01-30,3,2026-02-02,0.0,best_match
2026-01-30,4,2026-02-03,0.0,best_match
2026-01-30,5,2026-02-04,0.0,best_match
2026-01-30,6,2026-02-05,0.0,best_match
2026-01-30,7,2026-02-06,0.0,best_match
2026-01-31,0,2026-01-31,0.0,best_match
2026-01-31,1,2026-02-01,0.0,best_match
2026-01-31,2,2026-02-02,0.0,best_match
2026-01-31,3,2026-02-03,0.0,best_match
2026-01-31,4,2026-02-04,0.0,best_match
2026-01-31,5,2026-02-05,0.0,best_match
2026-01-31,6,2026-02-06,0.0,best_match
2026-01-31,7,2026-02-07,0.0,best_match
2026-02-01,0,2026-02-01,0.0,best_match
2026-02-01,1,2026-02-02,0.0,best_match
2026-02-01,2,2026-02-03,0.0,best_match
2026-02-01,3,2026-02-04,0.0,best_match
2026-02-01,4,2026-02-05,0.0,best_match
2026-02-01,5,2026-02-06,0.0,best_match
2026-02-01,6,2026-02-07,0.0,best_match
2026-02-01,7,2026-02-08,1.7,best_match
2026-02-02,0,2026-02-02,0.0,best_match
2026-02-02,1,2026-02-03,0.0,best_match
2026-02-02,2,2026-02-04,0.0,best_match
2026-02-02,3,2026-02-05,0.0,best_match
2026-02-02,4,2026-02-06,0.0,best_match
2026-02-02,5,2026-02-07,0.0,best_match
2026-02-02,6,2026-02-08,1.7,best_match
2026-02-02,7,2026-02-09,0.8,best_match
2026-02-03,0,2026-02-03,0.0,best_match
2026-02-03,1,2026-02-04,0.0,best_match
2026-02-03,2,2026-02-05,0.0,best_match
2026-02-03,3,2026-02-06,0.0,best_match
2026-02-03,4,2026-02-07,0.0,best_match
2026-02-03,5,2026-02-08,1.7,best_match
2026-02-03,6,2026-02-09,0.8,best_match
2026-02-03,7,2026-02-10,0.5,best_match
2026-02-04,0,2026-02-04,0.0,best_match
2026-02-04,1,2026-02-05,0.0,best_match
2026-02-04,2,2026-02-06,0.0,best_match
2026-02-04,3,2026-02-07,0.0,best_match
2026-02-04,4,2026-02-08,1.7,best_match
2026-02-04,5,2026-02-09,0.8,best_match
2026-02-04,6,2026-02-10,0.5,best_match
2026-02-04,7,2026-02-11,0.1,best_match
2026-02-05,0,2026-02-05,0.0,best_match
2026-02-05,1,2026-02-06,0.0,best_match
2026-02-05,2,2026-02-07,0.0,best_match
2026-02-05,3,2026-02-08,1.7,best_match
2026-02-05,4,2026-02-09,0.8,best_match
2026-02-05,5,2026-02-10,0.5,best_match
2026-02-05,6,2026-02-11,0.1,best_match
2026-02-05,7,2026-02-12,0.0,best_match
2026-02-06,0,2026-02-06,0.0,best_match
2026-02-06,1,2026-02-07,0.0,best_match
2026-02-06,2,2026-02-08,1.7,best_match
2026-02-06,3,2026-02-09,0.8,best_match
2026-02-06,4,2026-02-10,0.5,best_match
2026-02-06,5,2026-02-11,0.1,best_match
2026-02-06,6,2026-02-12,0.0,best_match
2026-02-06,7,2026-02-13,0.0,best_match
2026-02-07,0,2026-02-07,0.0,best_match
2026-02-07,1,2026-02-08,1.7,best_match
2026-02-07,2,2026-02-09,0.8,best_match
2026-02-07,3,2026-02-10,0.5,best_match
2026-02-07,4,2026-02-11,0.1,best_match
2026-02-07,5,2026-02-12,0.0,best_match
2026-02-07,6,2026-02-13,0.0,best_match
2026-02-07,7,2026-02-14,0.0,best_match
2026-02-08,0,2026-02-08,1.7,best_match
2026-02-08,1,2026-02-09,0.8,best_match
2026-02-08,2,2026-02-10,0.5,best_match
2026-02-08,3,2026-02-11,0.1,best_match
2026-02-08,4,2026-02-12,0.0,best_match
2026-02-08,5,2026-02-13,0.0,best_match
2026-02-08,6,2026-02-14,0.0,best_match
2026-02-08,7,2026-02-15,0.0,best_match
2026-02-09,0,2026-02-09,0.8,best_match
2026-02-09,1,2026-02-10,0.5,best_match
2026-02-09,2,2026-02-11,0.1,best_match
2026-02-09,3,2026-02-12,0.0,best_match
2026-02-09,4,2026-02-13,0.0,best_match
2026-02-09,5,2026-02-14,0.0,best_match
2026-02-09,6,2026-02-15,0.0,best_match
2026-02-09,7,2026-02-16,0.0,best_match
2026-02-10,0,2026-02-10,0.5,best_match
2026-02-10,1,2026-02-11,0.1,best_match
2026-02-10,2,2026-02-12,0.0,best_match
2026-02-10,3,2026-02-13,0.0,best_match
2026-02-10,4,2026-02-14,0.0,best_match
2026-02-10,5,2026-02-15,0.0,best_match
2026-02-10,6,2026-02-16,0.0,best_match
2026-02-10,7,2026-02-17,0.5,best_match
2026-02-11,0,2026-02-11,0.1,best_match
2026-02-11,1,2026-02-12,0.0,best_match
2026-02-11,2,2026-02-13,0.0,best_match
2026-02-11,3,2026-02-14,0.0,best_match
2026-02-11,4,2026-02-15,0.0,best_match
2026-02-11,5,2026-02-16,0.0,best_match
2026-02-11,6,2026-02-17,0.5,best_match
2026-02-11,7,2026-02-18,1.4,best_match
2026-02-12,0,2026-02-12,0.0,best_match
2026-02-12,1,2026-02-13,0.0,best_match
2026-02-12,2,2026-02-14,0.0,best_match
2026-02-12,3,2026-02-15,0.0,best_match
2026-02-12,4,2026-02-16,0.0,best_match
2026-02-12,5,2026-02-17,0.5,best_match
2026-02-12,6,2026-02-18,1.4,best_match
2026-02-12,7,2026-02-19,0.3,best_match
2026-02-13,0,2026-02-13,0.0,best_match
2026-02-13,1,2026-02-14,0.0,best_match
2026-02-13,2,2026-02-15,0.0,best_match
2026-02-13,3,2026-02-16,0.0,best_match
2026-02-13,4,2026-02-17,0.5,best_match
2026-02-13,5,2026-02-18,1.4,best_match
2026-02-13,6,2026-02-19,0.3,best_match
2026-02-13,7,2026-02-20,7.4,best_match
2026-02-14,0,2026-02-14,0.0,best_match
2026-02-14,1,2026-02-15,0.0,best_match
2026-02-14,2,2026-02-16,0.0,best_match
2026-02-14,3,2026-02-17,0.5,best_match
2026-02-14,4,2026-02-18,1.4,best_match
2026-02-14,5,2026-02-19,0.3,best_match
2026-02-14,6,2026-02-20,7.4,best_match
2026-02-14,7,2026-02-21,0.0,best_match
2026-02-15,0,2026-02-15,0.0,best_match
2026-02-15,1,2026-02-16,0.0,best_match
2026-02-15,2,2026-02-17,0.5,best_match
2026-02-15,3,2026-02-18,1.4,best_match
2026-02-15,4,2026-02-19,0.3,best_match
2026-02-15,5,2026-02-20,7.4,best_match
2026-02-15,6,2026-02-21,0.0,best_match
2026-02-15,7,2026-02-22,0.0,best_match
2026-02-16,0,2026-02-16,0.0,best_match
2026-02-16,1,2026-02-17,0.5,best_match
2026-02-16,2,2026-02-18,1.4,best_match
2026-02-16,3,2026-02-19,0.3,best_match
2026-02-16,4,2026-02-20,7.4,best_match
2026-02-16,5,2026-02-21,0.0,best_match
2026-02-16,6,2026-02-22,0.0,best_match
2026-02-16,7,2026-02-23,0.0,best_match
2026-02-17,0,2026-02-17,0.5,best_match
2026-02-17,1,2026-02-18,1.4,best_match
2026-02-17,2,2026-02-19,0.3,best_match
2026-02-17,3,2026-02-20,7.4,best_match
2026-02-17,4,2026-02-21,0.0,best_match
2026-02-17,5,2026-02-22,0.0,best_match
2026-02-17,6,2026-02-23,0.0,best_match
2026-02-17,7,2026-02-24,0.9,best_match
2026-02-18,0,2026-02-18,1.4,best_match
2026-02-18,1,2026-02-19,0.3,best_match
2026-02-18,2,2026-02-20,7.4,best_match
2026-02-18,3,2026-02-21,0.0,best_match
2026-02-18,4,2026-02-22,0.0,best_match
2026-02-18,5,2026-02-23,0.0,best_match
2026-02-18,6,2026-02-24,0.9,best_match
2026-02-18,7,2026-02-25,1.9,best_match
2026-02-19,0,2026-02-19,0.3,best_match
2026-02-19,1,2026-02-20,7.4,best_match
2026-02-19,2,2026-02-21,0.0,best_match
2026-02-19,3,2026-02-22,0.0,best_match
2026-02-19,4,2026-02-23,0.0,best_match
2026-02-19,5,2026-02-24,0.9,best_match
2026-02-19,6,2026-02-25,1.9,best_match
2026-02-19,7,2026-02-26,0.3,best_match
2026-02-20,0,2026-02-20,7.4,best_match
2026-02-20,1,2026-02-21,0.0,best_match
2026-02-20,2,2026-02-22,0.0,best_match
2026-02-20,3,2026-02-23,0.0,best_match
2026-02-20,4,2026-02-24,0.9,best_match
2026-02-20,5,2026-02-25,1.9,best_match
2026-02-20,6,2026-02-26,0.3,best_match
2026-02-20,7,2026-02-27,0.1,best_match
2026-02-21,0,2026-02-21,0.0,best_match
2026-02-21,1,2026-02-22,0.0,best_match
2026-02-21,2,2026-02-23,0.0,best_match
2026-02-21,3,2026-02-24,0.9,best_match
2026-02-21,4,2026-02-25,1.9,best_match
2026-02-21,5,2026-02-26,0.3,best_match
2026-02-21,6,2026-02-27,0.1,best_match
2026-02-21,7,2026-02-28,0.0,best_match
2026-02-22,0,2026-02-22,0.0,best_match
2026-02-22,1,2026-02-23,0.0,best_match
2026-02-22,2,2026-02-24,0.9,best_match
2026-02-22,3,2026-02-25,1.9,best_match
2026-02-22,4,2026-02-26,0.3,best_match
2026-02-22,5,2026-02-27,0.1,best_match
2026-02-22,6,2026-02-28,0.0,best_match
2026-02-22,7,2026-03-01,0.0,best_match
2026-02-23,0,2026-02-23,0.0,best_match
2026-02-23,1,2026-02-24,0.9,best_match
2026-02-23,2,2026-02-25,1.9,best_match
2026-02-23,3,2026-02-26,0.3,best_match
2026-02-23,4,2026-02-27,0.1,best_match
2026-02-23,5,2026-02-28,0.0,best_match
2026-02-23,6,2026-03-01,0.0,best_match
2026-02-23,7,2026-03-02,0.0,best_match
2026-02-24,0,2026-02-24,0.9,best_match
2026-02-24,1,2026-02-25,1.9,best_match
2026-02-24,2,2026-02-26,0.3,best_match
2026-02-24,3,2026-02-27,0.1,best_match
2026-02-24,4,2026-02-28,0.0,best_match
2026-02-24,5,2026-03-01,0.0,best_match
2026-02-24,6,2026-03-02,0.0,best_match
2026-02-24,7,2026-03-03,0.0,best_match
2026-02-25,0,2026-02-25,1.9,best_match
2026-02-25,1,2026-02-26,0.3,best_match
2026-02-25,2,2026-02-27,0.1,best_match
2026-02-25,3,2026-02-28,0.0,best_match
2026-02-25,4,2026-03-01,0.0,best_match
2026-02-25,5,2026-03-02,0.0,best_match
2026-02-25,6,2026-03-03,0.0,best_match
2026-02-25,7,2026-03-04,0.0,best_match
2026-02-26,0,2026-02-26,0.3,best_match
2026-02-26,1,2026-02-27,0.1,best_match
2026-02-26,2,2026-02-28,0.0,best_match
2026-02-26,3,2026-03-01,0.0,best_match
2026-02-26,4,2026-03-02,0.0,best_match
2026-02-26,5,2026-03-03,0.0,best_match
2026-02-26,6,2026-03-04,0.0,best_match
2026-02-26,7,2026-03-05,0.7,best_match
2026-02-27,0,2026-02-27,0.1,best_match
2026-02-27,1,2026-02-28,0.0,best_match
2026-02-27,2,2026-03-01,0.0,best_match
2026-02-27,3,2026-03-02,0.0,best_match
2026-02-27,4,2026-03-03,0.0,best_match
2026-02-27,5,2026-03-04,0.0,best_match
2026-02-27,6,2026-03-05,0.7,best_match
2026-02-27,7,2026-03-06,1.9,best_match
2026-02-28,0,2026-02-28,0.0,best_match
2026-02-28,1,2026-03-01,0.0,best_match
2026-02-28,2,2026-03-02,0.0,best_match
2026-02-28,3,2026-03-03,0.0,best_match
2026-02-28,4,2026-03-04,0.0,best_match
2026-02-28,5,2026-03-05,0.7,best_match
2026-02-28,6,2026-03-06,1.9,best_match
2026-02-28,7,2026-03-07,0.5,best_match
2026-03-01,0,2026-03-01,0.0,best_match
2026-03-01,1,2026-03-02,0.0,best_match
2026-03-01,2,2026-03-03,0.0,best_match
2026-03-01,3,2026-03-04,0.0,best_match
2026-03-01,4,2026-03-05,0.7,best_match
2026-03-01,5,2026-03-06,1.9,best_match
2026-03-01,6,2026-03-07,0.5,best_match
2026-03-01,7,2026-03-08,0.0,best_match
2026-03-02,0,2026-03-02,0.0,best_match
2026-03-02,1,2026-03-03,0.0,best_match
2026-03-02,2,2026-03-04,0.0,best_match
2026-03-02,3,2026-03-05,0.7,best_match
2026-03-02,4,2026-03-06,1.9,best_match
2026-03-02,5,2026-03-07,0.5,best_match
2026-03-02,6,2026-03-08,0.0,best_match
2026-03-02,7,2026-03-09,0.7,best_match
2026-03-03,0,2026-03-03,0.0,best_match
2026-03-03,1,2026-03-04,0.0,best_match
2026-03-03,2,2026-03-05,0.7,best_match
2026-03-03,3,2026-03-06,1.9,best_match
2026-03-03,4,2026-03-07,0.5,best_match
2026-03-03,5,2026-03-08,0.0,best_match
2026-03-03,6,2026-03-09,0.7,best_match
2026-03-03,7,2026-03-10,15.2,best_match
2026-03-04,0,2026-03-04,0.0,best_match
2026-03-04,1,2026-03-05,0.7,best_match
2026-03-04,2,2026-03-06,1.9,best_match
2026-03-04,3,2026-03-07,0.5,best_match
2026-03-04,4,2026-03-08,0.0,best_match
2026-03-04,5,2026-03-09,0.7,best_match
2026-03-04,6,2026-03-10,15.2,best_match
2026-03-04,7,2026-03-11,5.8,best_match
2026-03-05,0,2026-03-05,0.7,best_match
2026-03-05,1,2026-03-06,1.9,best_match
2026-03-05,2,2026-03-07,0.5,best_match
2026-03-05,3,2026-03-08,0.0,best_match
2026-03-05,4,2026-03-09,0.7,best_match
2026-03-05,5,2026-03-10,15.2,best_match
2026-03-05,6,2026-03-11,5.8,best_match
2026-03-05,7,2026-03-12,3.2,best_match
2026-03-06,0,2026-03-06,1.9,best_match
2026-03-06,1,2026-03-07,0.5,best_match
2026-03-06,2,2026-03-08,0.0,best_match
2026-03-06,3,2026-03-09,0.7,best_match
2026-03-06,4,2026-03-10,15.2,best_match
2026-03-06,5,2026-03-11,5.8,best_match
2026-03-06,6,2026-03-12,3.2,best_match
2026-03-06,7,2026-03-13,8.4,best_match
2026-03-07,0,2026-03-07,0.5,best_match
2026-03-07,1,2026-03-08,0.0,best_match
2026-03-07,2,2026-03-09,0.7,best_match
2026-03-07,3,2026-03-10,15.2,best_match
2026-03-07,4,2026-03-11,5.8,best_match
2026-03-07,5,2026-03-12,3.2,best_match
2026-03-07,6,2026-03-13,8.4,best_match
2026-03-07,7,2026-03-14,1.8,best_match
2026-03-08,0,2026-03-08,0.0,best_match
2026-03-08,1,2026-03-09,0.7,best_match
2026-03-08,2,2026-03-10,15.2,best_match
2026-03-08,3,2026-03-11,5.8,best_match
2026-03-08,4,2026-03-12,3.2,best_match
2026-03-08,5,2026-03-13,8.4,best_match
2026-03-08,6,2026-03-14,1.8,best_match
2026-03-08,7,2026-03-15,4.4,best_match
2026-03-09,0,2026-03-09,0.7,best_match
2026-03-09,1,2026-03-10,15.2,best_match
2026-03-09,2,2026-03-11,5.8,best_match
2026-03-09,3,2026-03-12,3.2,best_match
2026-03-09,4,2026-03-13,8.4,best_match
2026-03-09,5,2026-03-14,1.8,best_match
2026-03-09,6,2026-03-15,4.4,best_match
2026-03-09,7,2026-03-16,0.5,best_match
2026-03-10,0,2026-03-10,15.2,best_match
2026-03-10,1,2026-03-11,5.8,best_match
2026-03-10,2,2026-03-12,3.2,best_match
2026-03-10,3,2026-03-13,8.4,best_match
2026-03-10,4,2026-03-14,1.8,best_match
2026-03-10,5,2026-03-15,4.4,best_match
2026-03-10,6,2026-03-16,0.5,best_match
2026-03-10,7,2026-03-17,1.5,best_match
2026-03-11,0,2026-03-11,5.8,best_match
2026-03-11,1,2026-03-12,3.2,best_match
2026-03-11,2,2026-03-13,8.4,best_match
2026-03-11,3,2026-03-14,1.8,best_match
2026-03-11,4,2026-03-15,4.4,best_match
2026-03-11,5,2026-03-16,0.5,best_match
2026-03-11,6,2026-03-17,1.5,best_match
2026-03-11,7,2026-03-18,0.0,best_match
2026-03-12,0,2026-03-12,3.2,best_match
2026-03-12,1,2026-03-13,8.4,best_match
2026-03-12,2,2026-03-14,1.8,best_match
2026-03-12,3,2026-03-15,4.4,best_match
2026-03-12,4,2026-03-16,0.5,best_match
2026-03-12,5,2026-03-17,1.5,best_match
2026-03-12,6,2026-03-18,0.0,best_match
2026-03-12,7,2026-03-19,0.0,best_match
2026-03-13,0,2026-03-13,8.4,best_match
2026-03-13,1,2026-03-14,1.8,best_match
2026-03-13,2,2026-03-15,4.4,best_match
2026-03-13,3,2026-03-16,0.5,best_match
2026-03-13,4,2026-03-17,1.5,best_match
2026-03-13,5,2026-03-18,0.0,best_match
2026-03-13,6,2026-03-19,0.0,best_match
2026-03-13,7,2026-03-20,0.0,best_match
2026-03-14,0,2026-03-14,1.8,best_match
2026-03-14,1,2026-03-15,4.4,best_match
2026-03-14,2,2026-03-16,0.5,best_match
2026-03-14,3,2026-03-17,1.5,best_match
2026-03-14,4,2026-03-18,0.0,best_match
2026-03-14,5,2026-03-19,0.0,best_match
2026-03-14,6,2026-03-20,0.0,best_match
2026-03-14,7,2026-03-21,0.2,best_match
2026-03-15,0,2026-03-15,4.4,best_match
2026-03-15,1,2026-03-16,0.5,best_match
2026-03-15,2,2026-03-17,1.5,best_match
2026-03-15,3,2026-03-18,0.0,best_match
2026-03-15,4,2026-03-19,0.0,best_match
2026-03-15,5,2026-03-20,0.0,best_match
2026-03-15,6,2026-03-21,0.2,best_match
2026-03-15,7,2026-03-22,0.0,best_match
2026-03-16,0,2026-03-16,0.5,best_match
2026-03-16,1,2026-03-17,1.5,best_match
2026-03-16,2,2026-03-18,0.0,best_match
2026-03-16,3,2026-03-19,0.0,best_match
2026-03-16,4,2026-03-20,0.0,best_match
2026-03-16,5,2026-03-21,0.2,best_match
2026-03-16,6,2026-03-22,0.0,best_match
2026-03-16,7,2026-03-23,0.0,best_match
2026-03-17,0,2026-03-17,1.5,best_match
2026-03-17,1,2026-03-18,0.0,best_match
2026-03-17,2,2026-03-19,0.0,best_match
2026-03-17,3,2026-03-20,0.0,best_match
2026-03-17,4,2026-03-21,0.2,best_match
2026-03-17,5,2026-03-22,0.0,best_match
2026-03-17,6,2026-03-23,0.0,best_match
2026-03-17,7,2026-03-24,0.0,best_match
2026-03-18,0,2026-03-18,0.0,best_match
2026-03-18,1,2026-03-19,0.0,best_match
2026-03-18,2,2026-03-20,0.0,best_match
2026-03-18,3,2026-03-21,0.2,best_match
2026-03-18,4,2026-03-22,0.0,best_match
2026-03-18,5,2026-03-23,0.0,best_match
2026-03-18,6,2026-03-24,0.0,best_match
2026-03-18,7,2026-03-25,0.0,best_match
2026-03-19,0,2026-03-19,0.0,best_match
2026-03-19,1,2026-03-20,0.0,best_match
2026-03-19,2,2026-03-21,0.2,best_match
2026-03-19,3,2026-03-22,0.0,best_match
2026-03-19,4,2026-03-23,0.0,best_match
2026-03-19,5,2026-03-24,0.0,best_match
2026-03-19,6,2026-03-25,0.0,best_match
2026-03-19,7,2026-03-26,0.0,best_match
2026-03-20,0,2026-03-20,0.0,best_match
2026-03-20,1,2026-03-21,0.2,best_match
2026-03-20,2,2026-03-22,0.0,best_match
2026-03-20,3,2026-03-23,0.0,best_match
2026-03-20,4,2026-03-24,0.0,best_match
2026-03-20,5,2026-03-25,0.0,best_match
2026-03-20,6,2026-03-26,0.0,best_match
2026-03-20,7,2026-03-27,0.0,best_match
2026-03-21,0,2026-03-21,0.2,best_match
2026-03-21,1,2026-03-22,0.0,best_match
2026-03-21,2,2026-03-23,0.0,best_match
2026-03-21,3,2026-03-24,0.0,best_match
2026-03-21,4,2026-03-25,0.0,best_match
2026-03-21,5,2026-03-26,0.0,best_match
2026-03-21,6,2026-03-27,0.0,best_match
2026-03-21,7,2026-03-28,0.0,best_match
2026-03-22,0,2026-03-22,0.0,best_match
2026-03-22,1,2026-03-23,0.0,best_match
2026-03-22,2,2026-03-24,0.0,best_match
2026-03-22,3,2026-03-25,0.0,best_match
2026-03-22,4,2026-03-26,0.0,best_match
2026-03-22,5,2026-03-27,0.0,best_match
2026-03-22,6,2026-03-28,0.0,best_match
2026-03-22,7,2026-03-29,0.0,best_match
2026-03-23,0,2026-03-23,0.0,best_match
2026-03-23,1,2026-03-24,0.0,best_match
2026-03-23,2,2026-03-25,0.0,best_match
2026-03-23,3,2026-03-26,0.0,best_match
2026-03-23,4,2026-03-27,0.0,best_match
2026-03-23,5,2026-03-28,0.0,best_match
2026-03-23,6,2026-03-29,0.0,best_match
2026-03-23,7,2026-03-30,0.0,best_match
2026-03-24,0,2026-03-24,0.0,best_match
2026-03-24,1,2026-03-25,0.0,best_match
2026-03-24,2,2026-03-26,0.0,best_match
2026-03-24,3,2026-03-27,0.0,best_match
2026-03-24,4,2026-03-28,0.0,best_match
2026-03-24,5,2026-03-29,0.0,best_match
2026-03-24,6,2026-03-30,0.0,best_match
2026-03-24,7,2026-03-31,0.0,best_match
2026-03-25,0,2026-03-25,0.0,best_match
2026-03-25,1,2026-03-26,0.0,best_match
2026-03-25,2,2026-03-27,0.0,best_match
2026-03-25,3,2026-03-28,0.0,best_match
2026-03-25,4,2026-03-29,0.0,best_match
2026-03-25,5,2026-03-30,0.0,best_match
2026-03-25,6,2026-03-31,0.0,best_match
2026-03-25,7,2026-04-01,0.0,best_match
2026-03-26,0,2026-03-26,0.0,best_match
2026-03-26,1,2026-03-27,0.0,best_match
2026-03-26,2,2026-03-28,0.0,best_match
2026-03-26,3,2026-03-29,0.0,best_match
2026-03-26,4,2026-03-30,0.0,best_match
2026-03-26,5,2026-03-31,0.0,best_match
2026-03-26,6,2026-04-01,0.0,best_match
2026-03-26,7,2026-04-02,0.0,best_match
2026-03-27,0,2026-03-27,0.0,best_match
2026-03-27,1,2026-03-28,0.0,best_match
2026-03-27,2,2026-03-29,0.0,best_match
2026-03-27,3,2026-03-30,0.0,best_match
2026-03-27,4,2026-03-31,0.0,best_match
2026-03-27,5,2026-04-01,0.0,best_match
2026-03-27,6,2026-04-02,0.0,best_match
2026-03-27,7,2026-04-03,0.0,best_match
2026-03-28,0,2026-03-28,0.0,best_match
2026-03-28,1,2026-03-29,0.0,best_match
2026-03-28,2,2026-03-30,0.0,best_match
2026-03-28,3,2026-03-31,0.0,best_match
2026-03-28,4,2026-04-01,0.0,best_match
2026-03-28,5,2026-04-02,0.0,best_match
2026-03-28,6,2026-04-03,0.0,best_match
2026-03-28,7,2026-04-04,0.1,best_match
2026-03-29,0,2026-03-29,0.0,best_match
2026-03-29,1,2026-03-30,0.0,best_match
2026-03-29,2,2026-03-31,0.0,best_match
2026-03-29,3,2026-04-01,0.0,best_match
2026-03-29,4,2026-04-02,0.0,best_match
2026-03-29,5,2026-04-03,0.0,best_match
2026-03-29,6,2026-04-04,0.1,best_match
2026-03-29,7,2026-04-05,0.0,best_match
2026-03-30,0,2026-03-30,0.0,best_match
2026-03-30,1,2026-03-31,0.0,best_match
2026-03-30,2,2026-04-01,0.0,best_match
2026-03-30,3,2026-04-02,0.0,best_match
2026-03-30,4,2026-04-03,0.0,best_match
2026-03-30,5,2026-04-04,0.1,best_match
2026-03-30,6,2026-04-05,0.0,best_match
2026-03-30,7,2026-04-06,0.1,best_match
2026-03-31,0,2026-03-31,0.0,best_match
2026-03-31,1,2026-04-01,0.0,best_match
2026-03-31,2,2026-04-02,0.0,best_match
2026-03-31,3,2026-04-03,0.0,best_match
2026-03-31,4,2026-04-04,0.1,best_match
2026-03-31,5,2026-04-05,0.0,best_match
2026-03-31,6,2026-04-06,0.1,best_match
2026-03-31,7,2026-04-07,0.0,best_match
2026-04-01,0,2026-04-01,0.0,best_match
2026-04-01,1,2026-04-02,0.0,best_match
2026-04-01,2,2026-04-03,0.0,best_match
2026-04-01,3,2026-04-04,0.1,best_match
2026-04-01,4,2026-04-05,0.0,best_match
2026-04-01,5,2026-04-06,0.1,best_match
2026-04-01,6,2026-04-07,0.0,best_match
2026-04-01,7,2026-04-08,0.0,best_match
2026-04-02,0,2026-04-02,0.0,best_match
2026-04-02,1,2026-04-03,0.0,best_match
2026-04-02,2,2026-04-04,0.1,best_match
2026-04-02,3,2026-04-05,0.0,best_match
2026-04-02,4,2026-04-06,0.1,best_match
2026-04-02,5,2026-04-07,0.0,best_match
2026-04-02,6,2026-04-08,0.0,best_match
2026-04-02,7,2026-04-09,0.0,best_match
2026-04-03,0,2026-04-03,0.0,best_match
2026-04-03,1,2026-04-04,0.1,best_match
2026-04-03,2,2026-04-05,0.0,best_match
2026-04-03,3,2026-04-06,0.1,best_match
2026-04-03,4,2026-04-07,0.0,best_match
2026-04-03,5,2026-04-08,0.0,best_match
2026-04-03,6,2026-04-09,0.0,best_match
2026-04-03,7,2026-04-10,0.0,best_match
2026-04-04,0,2026-04-04,0.1,best_match
2026-04-04,1,2026-04-05,0.0,best_match
2026-04-04,2,2026-04-06,0.1,best_match
2026-04-04,3,2026-04-07,0.0,best_match
2026-04-04,4,2026-04-08,0.0,best_match
2026-04-04,5,2026-04-09,0.0,best_match
2026-04-04,6,2026-04-10,0.0,best_match
2026-04-04,7,2026-04-11,0.0,best_match
2026-04-05,0,2026-04-05,0.0,best_match
2026-04-05,1,2026-04-06,0.1,best_match
2026-04-05,2,2026-04-07,0.0,best_match
2026-04-05,3,2026-04-08,0.0,best_match
2026-04-05,4,2026-04-09,0.0,best_match
2026-04-05,5,2026-04-10,0.0,best_match
2026-04-05,6,2026-04-11,0.0,best_match
2026-04-05,7,2026-04-12,0.0,best_match
2026-04-06,0,2026-04-06,0.1,best_match
2026-04-06,1,2026-04-07,0.0,best_match
2026-04-06,2,2026-04-08,0.0,best_match
2026-04-06,3,2026-04-09,0.0,best_match
2026-04-06,4,2026-04-10,0.0,best_match
2026-04-06,5,2026-04-11,0.0,best_match
2026-04-06,6,2026-04-12,0.0,best_match
2026-04-06,7,2026-04-13,0.0,best_match
2026-04-07,0,2026-04-07,0.0,best_match
2026-04-07,1,2026-04-08,0.0,best_match
2026-04-07,2,2026-04-09,0.0,best_match
2026-04-07,3,2026-04-10,0.0,best_match
2026-04-07,4,2026-04-11,0.0,best_match
2026-04-07,5,2026-04-12,0.0,best_match
2026-04-07,6,2026-04-13,0.0,best_match
2026-04-07,7,2026-04-14,0.0,best_match
2026-04-08,0,2026-04-08,0.0,best_match
2026-04-08,1,2026-04-09,0.0,best_match
2026-04-08,2,2026-04-10,0.0,best_match
2026-04-08,3,2026-04-11,0.0,best_match
2026-04-08,4,2026-04-12,0.0,best_match
2026-04-08,5,2026-04-13,0.0,best_match
2026-04-08,6,2026-04-14,0.0,best_match
2026-04-08,7,2026-04-15,0.0,best_match
2026-04-09,0,2026-04-09,0.0,best_match
2026-04-09,1,2026-04-10,0.0,best_match
2026-04-09,2,2026-04-11,0.0,best_match
2026-04-09,3,2026-04-12,0.0,best_match
2026-04-09,4,2026-04-13,0.0,best_match
2026-04-09,5,2026-04-14,0.0,best_match
2026-04-09,6,2026-04-15,0.0,best_match
2026-04-09,7,2026-04-16,0.0,best_match
2026-04-10,0,2026-04-10,0.0,best_match
2026-04-10,1,2026-04-11,0.0,best_match
2026-04-10,2,2026-04-12,0.0,best_match
2026-04-10,3,2026-04-13,0.0,best_match
2026-04-10,4,2026-04-14,0.0,best_match
2026-04-10,5,2026-04-15,0.0,best_match
2026-04-10,6,2026-04-16,0.0,best_match
2026-04-10,7,2026-04-17,0.0,best_match
2026-04-11,0,2026-04-11,0.0,best_match
2026-04-11,1,2026-04-12,0.0,best_match
2026-04-11,2,2026-04-13,0.0,best_match
2026-04-11,3,2026-04-14,0.0,best_match
2026-04-11,4,2026-04-15,0.0,best_match
2026-04-11,5,2026-04-16,0.0,best_match
2026-04-11,6,2026-04-17,0.0,best_match
2026-04-11,7,2026-04-18,1.6,best_match
2026-04-12,0,2026-04-12,0.0,best_match
2026-04-12,1,2026-04-13,0.0,best_match
2026-04-12,2,2026-04-14,0.0,best_match
2026-04-12,3,2026-04-15,0.0,best_match
2026-04-12,4,2026-04-16,0.0,best_match
2026-04-12,5,2026-04-17,0.0,best_match
2026-04-12,6,2026-04-18,1.6,best_match
2026-04-12,7,2026-04-19,0.0,best_match
2026-04-13,0,2026-04-13,0.0,best_match
2026-04-13,1,2026-04-14,0.0,best_match
2026-04-13,2,2026-04-15,0.0,best_match
2026-04-13,3,2026-04-16,0.0,best_match
2026-04-13,4,2026-04-17,0.0,best_match
2026-04-13,5,2026-04-18,1.6,best_match
2026-04-13,6,2026-04-19,0.0,best_match
2026-04-13,7,2026-04-20,0.0,best_match
2026-04-14,0,2026-04-14,0.0,best_match
2026-04-14,1,2026-04-15,0.0,best_match
2026-04-14,2,2026-04-16,0.0,best_match
2026-04-14,3,2026-04-17,0.0,best_match
2026-04-14,4,2026-04-18,1.6,best_match
2026-04-14,5,2026-04-19,0.0,best_match
2026-04-14,6,2026-04-20,0.0,best_match
2026-04-14,7,2026-04-21,0.0,best_match
2026-04-15,0,2026-04-15,0.0,best_match
2026-04-15,1,2026-04-16,0.0,best_match
2026-04-15,2,2026-04-17,0.0,best_match
2026-04-15,3,2026-04-18,1.6,best_match
2026-04-15,4,2026-04-19,0.0,best_match
2026-04-15,5,2026-04-20,0.0,best_match
2026-04-15,6,2026-04-21,0.0,best_match
2026-04-15,7,2026-04-22,0.0,best_match
2026-04-16,0,2026-04-16,0.0,best_match
2026-04-16,1,2026-04-17,0.0,best_match
2026-04-16,2,2026-04-18,1.6,best_match
2026-04-16,3,2026-04-19,0.0,best_match
2026-04-16,4,2026-04-20,0.0,best_match
2026-04-16,5,2026-04-21,0.0,best_match
2026-04-16,6,2026-04-22,0.0,best_match
2026-04-16,7,2026-04-23,0.7,best_match
2026-04-17,0,2026-04-17,0.0,best_match
2026-04-17,1,2026-04-18,1.6,best_match
2026-04-17,2,2026-04-19,0.0,best_match
2026-04-17,3,2026-04-20,0.0,best_match
2026-04-17,4,2026-04-21,0.0,best_match
2026-04-17,5,2026-04-22,0.0,best_match
2026-04-17,6,2026-04-23,0.7,best_match
2026-04-17,7,2026-04-24,0.2,best_match
2026-04-18,0,2026-04-18,1.6,best_match
2026-04-18,1,2026-04-19,0.0,best_match
2026-04-18,2,2026-04-20,0.0,best_match
2026-04-18,3,2026-04-21,0.0,best_match
2026-04-18,4,2026-04-22,0.0,best_match
2026-04-18,5,2026-04-23,0.7,best_match
2026-04-18,6,2026-04-24,0.2,best_match
2026-04-18,7,2026-04-25,8.6,best_match
2026-04-19,0,2026-04-19,0.0,best_match
2026-04-19,1,2026-04-20,0.0,best_match
2026-04-19,2,2026-04-21,0.0,best_match
2026-04-19,3,2026-04-22,0.0,best_match
2026-04-19,4,2026-04-23,0.7,best_match
2026-04-19,5,2026-04-24,0.2,best_match
2026-04-19,6,2026-04-25,8.6,best_match
2026-04-19,7,2026-04-26,2.0,best_match
2026-04-20,0,2026-04-20,0.0,best_match
2026-04-20,1,2026-04-21,0.0,best_match
2026-04-20,2,2026-04-22,0.0,best_match
2026-04-20,3,2026-04-23,0.7,best_match
2026-04-20,4,2026-04-24,0.2,best_match
2026-04-20,5,2026-04-25,8.6,best_match
2026-04-20,6,2026-04-26,2.0,best_match
2026-04-20,7,2026-04-27,3.1,best_match
2026-04-21,0,2026-04-21,0.0,best_match
2026-04-21,1,2026-04-22,0.0,best_match
2026-04-21,2,2026-04-23,0.7,best_match
2026-04-21,3,2026-04-24,0.2,best_match
2026-04-21,4,2026-04-25,8.6,best_match
2026-04-21,5,2026-04-26,2.0,best_match
2026-04-21,6,2026-04-27,3.1,best_match
2026-04-21,7,2026-04-28,0.5,best_match
2026-04-22,0,2026-04-22,0.0,best_match
2026-04-22,1,2026-04-23,0.7,best_match
2026-04-22,2,2026-04-24,0.2,best_match
2026-04-22,3,2026-04-25,8.6,best_match
2026-04-22,4,2026-04-26,2.0,best_match
2026-04-22,5,2026-04-27,3.1,best_match
2026-04-22,6,2026-04-28,0.5,best_match
2026-04-22,7,2026-04-29,0.3,best_match
2026-04-23,0,2026-04-23,0.7,best_match
2026-04-23,1,2026-04-24,0.2,best_match
2026-04-23,2,2026-04-25,8.6,best_match
2026-04-23,3,2026-04-26,2.0,best_match
2026-04-23,4,2026-04-27,3.1,best_match
2026-04-23,5,2026-04-28,0.5,best_match
2026-04-23,6,2026-04-29,0.3,best_match
2026-04-23,7,2026-04-30,4.5,best_match
2026-04-24,0,2026-04-24,0.2,best_match
2026-04-24,1,2026-04-25,8.6,best_match
2026-04-24,2,2026-04-26,2.0,best_match
2026-04-24,3,2026-04-27,3.1,best_match
2026-04-24,4,2026-04-28,0.5,best_match
2026-04-24,5,2026-04-29,0.3,best_match
2026-04-24,6,2026-04-30,4.5,best_match
2026-04-24,7,2026-05-01,0.2,best_match
2026-04-25,0,2026-04-25,8.6,best_match
2026-04-25,1,2026-04-26,2.0,best_match
2026-04-25,2,2026-04-27,3.1,best_match
2026-04-25,3,2026-04-28,0.5,best_match
2026-04-25,4,2026-04-29,0.3,best_match
2026-04-25,5,2026-04-30,4.5,best_match
2026-04-25,6,2026-05-01,0.2,best_match
2026-04-25,7,2026-05-02,0.0,best_match
2026-04-26,0,2026-04-26,2.0,best_match
2026-04-26,1,2026-04-27,3.1,best_match
2026-04-26,2,2026-04-28,0.5,best_match
2026-04-26,3,2026-04-29,0.3,best_match
2026-04-26,4,2026-04-30,4.5,best_match
2026-04-26,5,2026-05-01,0.2,best_match
2026-04-26,6,2026-05-02,0.0,best_match
2026-04-26,7,2026-05-03,0.1,best_match
2026-04-27,0,2026-04-27,3.1,best_match
2026-04-27,1,2026-04-28,0.5,best_match
2026-04-27,2,2026-04-29,0.3,best_match
2026-04-27,3,2026-04-30,4.5,best_match
2026-04-27,4,2026-05-01,0.2,best_match
2026-04-27,5,2026-05-02,0.0,best_match
2026-04-27,6,2026-05-03,0.1,best_match
2026-04-27,7,2026-05-04,3.1,best_match
2026-04-28,0,2026-04-28,0.5,best_match
2026-04-28,1,2026-04-29,0.3,best_match
2026-04-28,2,2026-04-30,4.5,best_match
2026-04-28,3,2026-05-01,0.2,best_match
2026-04-28,4,2026-05-02,0.0,best_match
2026-04-28,5,2026-05-03,0.1,best_match
2026-04-28,6,2026-05-04,3.1,best_match
2026-04-28,7,2026-05-05,1.4,best_match
2026-04-29,0,2026-04-29,0.3,best_match
2026-04-29,1,2026-04-30,4.5,best_match
2026-04-29,2,2026-05-01,0.2,best_match
2026-04-29,3,2026-05-02,0.0,best_match
2026-04-29,4,2026-05-03,0.1,best_match
2026-04-29,5,2026-05-04,3.1,best_match
2026-04-29,6,2026-05-05,1.4,best_match
2026-04-29,7,2026-05-06,1.3,best_match
2026-04-30,0,2026-04-30,4.5,best_match
2026-04-30,1,2026-05-01,0.2,best_match
2026-04-30,2,2026-05-02,0.0,best_match
2026-04-30,3,2026-05-03,0.1,best_match
2026-04-30,4,2026-05-04,3.1,best_match
2026-04-30,5,2026-05-05,1.4,best_match
2026-04-30,6,2026-05-06,1.3,best_match
2026-04-30,7,2026-05-07,4.4,best_match
2026-05-01,0,2026-05-01,0.2,best_match
2026-05-01,1,2026-05-02,0.0,best_match
2026-05-01,2,2026-05-03,0.1,best_match
2026-05-01,3,2026-05-04,3.1,best_match
2026-05-01,4,2026-05-05,1.4,best_match
2026-05-01,5,2026-05-06,1.3,best_match
2026-05-01,6,2026-05-07,4.4,best_match
2026-05-01,7,2026-05-08,9.9,best_match
2026-05-02,0,2026-05-02,0.0,best_match
2026-05-02,1,2026-05-03,0.1,best_match
2026-05-02,2,2026-05-04,3.1,best_match
2026-05-02,3,2026-05-05,1.4,best_match
2026-05-02,4,2026-05-06,1.3,best_match
2026-05-02,5,2026-05-07,4.4,best_match
2026-05-02,6,2026-05-08,9.9,best_match
2026-05-02,7,2026-05-09,3.4,best_match
2026-05-03,0,2026-05-03,0.1,best_match
2026-05-03,1,2026-05-04,3.1,best_match
2026-05-03,2,2026-05-05,1.4,best_match
2026-05-03,3,2026-05-06,1.3,best_match
2026-05-03,4,2026-05-07,4.4,best_match
2026-05-03,5,2026-05-08,9.9,best_match
2026-05-03,6,2026-05-09,3.4,best_match
2026-05-03,7,2026-05-10,10.1,best_match
2026-05-04,0,2026-05-04,3.1,best_match
2026-05-04,1,2026-05-05,1.4,best_match
2026-05-04,2,2026-05-06,1.3,best_match
2026-05-04,3,2026-05-07,4.4,best_match
2026-05-04,4,2026-05-08,9.9,best_match
2026-05-04,5,2026-05-09,3.4,best_match
2026-05-04,6,2026-05-10,10.1,best_match
2026-05-04,7,2026-05-11,16.2,best_match
2026-05-05,0,2026-05-05,1.4,best_match
2026-05-05,1,2026-05-06,1.3,best_match
2026-05-05,2,2026-05-07,4.4,best_match
2026-05-05,3,2026-05-08,9.9,best_match
2026-05-05,4,2026-05-09,3.4,best_match
2026-05-05,5,2026-05-10,10.1,best_match
2026-05-05,6,2026-05-11,16.2,best_match
2026-05-05,7,2026-05-12,12.5,best_match
2026-05-06,0,2026-05-06,1.3,best_match
2026-05-06,1,2026-05-07,4.4,best_match
2026-05-06,2,2026-05-08,9.9,best_match
2026-05-06,3,2026-05-09,3.4,best_match
2026-05-06,4,2026-05-10,10.1,best_match
2026-05-06,5,2026-05-11,16.2,best_match
2026-05-06,6,2026-05-12,12.5,best_match
2026-05-06,7,2026-05-13,5.5,best_match
2026-05-07,0,2026-05-07,4.4,best_match
2026-05-07,1,2026-05-08,9.9,best_match
2026-05-07,2,2026-05-09,3.4,best_match
2026-05-07,3,2026-05-10,10.1,best_match
2026-05-07,4,2026-05-11,16.2,best_match
2026-05-07,5,2026-05-12,12.5,best_match
2026-05-07,6,2026-05-13,5.5,best_match
2026-05-07,7,2026-05-14,7.0,best_match
2026-05-08,0,2026-05-08,9.9,best_match
2026-05-08,1,2026-05-09,3.4,best_match
2026-05-08,2,2026-05-10,10.1,best_match
2026-05-08,3,2026-05-11,16.2,best_match
2026-05-08,4,2026-05-12,12.5,best_match
2026-05-08,5,2026-05-13,5.5,best_match
2026-05-08,6,2026-05-14,7.0,best_match
2026-05-08,7,2026-05-15,8.2,best_match
2026-05-09,0,2026-05-09,3.4,best_match
2026-05-09,1,2026-05-10,10.1,best_match
2026-05-09,2,2026-05-11,16.2,best_match
2026-05-09,3,2026-05-12,12.5,best_match
2026-05-09,4,2026-05-13,5.5,best_match
2026-05-09,5,2026-05-14,7.0,best_match
2026-05-09,6,2026-05-15,8.2,best_match
2026-05-09,7,2026-05-16,20.3,best_match
2026-05-10,0,2026-05-10,10.1,best_match
2026-05-10,1,2026-05-11,16.2,best_match
2026-05-10,2,2026-05-12,12.5,best_match
2026-05-10,3,2026-05-13,5.5,best_match
2026-05-10,4,2026-05-14,7.0,best_match
2026-05-10,5,2026-05-15,8.2,best_match
2026-05-10,6,2026-05-16,20.3,best_match
2026-05-10,7,2026-05-17,1.0,best_match
2026-05-11,0,2026-05-11,16.2,best_match
2026-05-11,1,2026-05-12,12.5,best_match
2026-05-11,2,2026-05-13,5.5,best_match
2026-05-11,3,2026-05-14,7.0,best_match
2026-05-11,4,2026-05-15,8.2,best_match
2026-05-11,5,2026-05-16,20.3,best_match
2026-05-11,6,2026-05-17,1.0,best_match
2026-05-11,7,2026-05-18,10.1,best_match
2026-05-12,0,2026-05-12,12.5,best_match
2026-05-12,1,2026-05-13,5.5,best_match
2026-05-12,2,2026-05-14,7.0,best_match
2026-05-12,3,2026-05-15,8.2,best_match
2026-05-12,4,2026-05-16,20.3,best_match
2026-05-12,5,2026-05-17,1.0,best_match
2026-05-12,6,2026-05-18,10.1,best_match
2026-05-12,7,2026-05-19,1.8,best_match
2026-05-13,0,2026-05-13,5.5,best_match
2026-05-13,1,2026-05-14,7.0,best_match
2026-05-13,2,2026-05-15,8.2,best_match
2026-05-13,3,2026-05-16,20.3,best_match
2026-05-13,4,2026-05-17,1.0,best_match
2026-05-13,5,2026-05-18,10.1,best_match
2026-05-13,6,2026-05-19,1.8,best_match
2026-05-13,7,2026-05-20,9.8,best_match
2026-05-14,0,2026-05-14,7.0,best_match
2026-05-14,1,2026-05-15,8.2,best_match
2026-05-14,2,2026-05-16,20.3,best_match
2026-05-14,3,2026-05-17,1.0,best_match
2026-05-14,4,2026-05-18,10.1,best_match
2026-05-14,5,2026-05-19,1.8,best_match
2026-05-14,6,2026-05-20,9.8,best_match
2026-05-14,7,2026-05-21,1.9,best_match
2026-05-15,0,2026-05-15,8.2,best_match
2026-05-15,1,2026-05-16,20.3,best_match
2026-05-15,2,2026-05-17,1.0,best_match
2026-05-15,3,2026-05-18,10.1,best_match
2026-05-15,4,2026-05-19,1.8,best_match
2026-05-15,5,2026-05-20,9.8,best_match
2026-05-15,6,2026-05-21,1.9,best_match
2026-05-15,7,2026-05-22,4.2,best_match
2026-05-16,0,2026-05-16,20.3,best_match
2026-05-16,1,2026-05-17,1.0,best_match
2026-05-16,2,2026-05-18,10.1,best_match
2026-05-16,3,2026-05-19,1.8,best_match
2026-05-16,4,2026-05-20,9.8,best_match
2026-05-16,5,2026-05-21,1.9,best_match
2026-05-16,6,2026-05-22,4.2,best_match
2026-05-16,7,2026-05-23,8.8,best_match
2026-05-17,0,2026-05-17,1.0,best_match
2026-05-17,1,2026-05-18,10.1,best_match
2026-05-17,2,2026-05-19,1.8,best_match
2026-05-17,3,2026-05-20,9.8,best_match
2026-05-17,4,2026-05-21,1.9,best_match
2026-05-17,5,2026-05-22,4.2,best_match
2026-05-17,6,2026-05-23,8.8,best_match
2026-05-17,7,2026-05-24,4.0,best_match
2026-05-18,0,2026-05-18,10.1,best_match
2026-05-18,1,2026-05-19,1.8,best_match
2026-05-18,2,2026-05-20,9.8,best_match
2026-05-18,3,2026-05-21,1.9,best_match
2026-05-18,4,2026-05-22,4.2,best_match
2026-05-18,5,2026-05-23,8.8,best_match
2026-05-18,6,2026-05-24,4.0,best_match
2026-05-18,7,2026-05-25,6.1,best_match
2026-05-19,0,2026-05-19,1.8,best_match
2026-05-19,1,2026-05-20,9.8,best_match
2026-05-19,2,2026-05-21,1.9,best_match
2026-05-19,3,2026-05-22,4.2,best_match
2026-05-19,4,2026-05-23,8.8,best_match
2026-05-19,5,2026-05-24,4.0,best_match
2026-05-19,6,2026-05-25,6.1,best_match
2026-05-19,7,2026-05-26,4.1,best_match
2026-05-20,0,2026-05-20,9.8,best_match
2026-05-20,1,2026-05-21,1.9,best_match
2026-05-20,2,2026-05-22,4.2,best_match
2026-05-20,3,2026-05-23,8.8,best_match
2026-05-20,4,2026-05-24,4.0,best_match
2026-05-20,5,2026-05-25,6.1,best_match
2026-05-20,6,2026-05-26,4.1,best_match
2026-05-20,7,2026-05-27,3.8,best_match
2026-05-21,0,2026-05-21,1.9,best_match
2026-05-21,1,2026-05-22,4.2,best_match
2026-05-21,2,2026-05-23,8.8,best_match
2026-05-21,3,2026-05-24,4.0,best_match
2026-05-21,4,2026-05-25,6.1,best_match
2026-05-21,5,2026-05-26,4.1,best_match
2026-05-21,6,2026-05-27,3.8,best_match
2026-05-21,7,2026-05-28,8.0,best_match
2026-05-22,0,2026-05-22,4.2,best_match
2026-05-22,1,2026-05-23,8.8,best_match
2026-05-22,2,2026-05-24,4.0,best_match
2026-05-22,3,2026-05-25,6.1,best_match
2026-05-22,4,2026-05-26,4.1,best_match
2026-05-22,5,2026-05-27,3.8,best_match
2026-05-22,6,2026-05-28,8.0,best_match
2026-05-22,7,2026-05-29,8.2,best_match
2026-05-23,0,2026-05-23,8.8,best_match
2026-05-23,1,2026-05-24,4.0,best_match
2026-05-23,2,2026-05-25,6.1,best_match
2026-05-23,3,2026-05-26,4.1,best_match
2026-05-23,4,2026-05-27,3.8,best_match
2026-05-23,5,2026-05-28,8.0,best_match
2026-05-23,6,2026-05-29,8.2,best_match
2026-05-23,7,2026-05-30,8.6,best_match
2026-05-24,0,2026-05-24,4.0,best_match
2026-05-24,1,2026-05-25,6.1,best_match
2026-05-24,2,2026-05-26,4.1,best_match
2026-05-24,3,2026-05-27,3.8,best_match
2026-05-24,4,2026-05-28,8.0,best_match
2026-05-24,5,2026-05-29,8.2,best_match
2026-05-24,6,2026-05-30,8.6,best_match
2026-05-24,7,2026-05-31,4.6,best_match
2026-05-25,0,2026-05-25,6.1,best_match
2026-05-25,1,2026-05-26,4.1,best_match
2026-05-25,2,2026-05-27,3.8,best_match
2026-05-25,3,2026-05-28,8.0,best_match
2026-05-25,4,2026-05-29,8.2,best_match
2026-05-25,5,2026-05-30,8.6,best_match
2026-05-25,6,2026-05-31,4.6,best_match
2026-05-25,7,2026-06-01,4.4,best_match
2026-05-26,0,2026-05-26,4.1,best_match
2026-05-26,1,2026-05-27,3.8,best_match
2026-05-26,2,2026-05-28,8.0,best_match
2026-05-26,3,2026-05-29,8.2,best_match
2026-05-26,4,2026-05-30,8.6,best_match
2026-05-26,5,2026-05-31,4.6,best_match
2026-05-26,6,2026-06-01,4.4,best_match
2026-05-26,7,2026-06-02,0.5,best_match
2026-05-27,0,2026-05-27,3.8,best_match
2026-05-27,1,2026-05-28,8.0,best_match
2026-05-27,2,2026-05-29,8.2,best_match
2026-05-27,3,2026-05-30,8.6,best_match
2026-05-27,4,2026-05-31,4.6,best_match
2026-05-27,5,2026-06-01,4.4,best_match
2026-05-27,6,2026-06-02,0.5,best_match
2026-05-27,7,2026-06-03,0.4,best_match
2026-05-28,0,2026-05-28,8.0,best_match
2026-05-28,1,2026-05-29,8.2,best_match
2026-05-28,2,2026-05-30,8.6,best_match
2026-05-28,3,2026-05-31,4.6,best_match
2026-05-28,4,2026-06-01,4.4,best_match
2026-05-28,5,2026-06-02,0.5,best_match
2026-05-28,6,2026-06-03,0.4,best_match
2026-05-28,7,2026-06-04,10.5,best_match
2026-05-29,0,2026-05-29,8.2,best_match
2026-05-29,1,2026-05-30,8.6,best_match
2026-05-29,2,2026-05-31,4.6,best_match
2026-05-29,3,2026-06-01,4.4,best_match
2026-05-29,4,2026-06-02,0.5,best_match
2026-05-29,5,2026-06-03,0.4,best_match
2026-05-29,6,2026-06-04,10.5,best_match
2026-05-29,7,2026-06-05,11.2,best_match
2026-05-30,0,2026-05-30,8.6,best_match
2026-05-30,1,2026-05-31,4.6,best_match
2026-05-30,2,2026-06-01,4.4,best_match
2026-05-30,3,2026-06-02,0.5,best_match
2026-05-30,4,2026-06-03,0.4,best_match
2026-05-30,5,2026-06-04,10.5,best_match
2026-05-30,6,2026-06-05,11.2,best_match
2026-05-30,7,2026-06-06,14.6,best_match
2026-05-31,0,2026-05-31,4.6,best_match
2026-05-31,1,2026-06-01,4.4,best_match
2026-05-31,2,2026-06-02,0.5,best_match
2026-05-31,3,2026-06-03,0.4,best_match
2026-05-31,4,2026-06-04,10.5,best_match
2026-05-31,5,2026-06-05,11.2,best_match
2026-05-31,6,2026-06-06,14.6,best_match
2026-05-31,7,2026-06-07,11.0,best_match
2026-06-01,0,2026-06-01,4.4,best_match
2026-06-01,1,2026-06-02,0.5,best_match
2026-06-01,2,2026-06-03,0.4,best_match
2026-06-01,3,2026-06-04,10.5,best_match
2026-06-01,4,2026-06-05,11.2,best_match
2026-06-01,5,2026-06-06,14.6,best_match
2026-06-01,6,2026-06-07,11.0,best_match
2026-06-01,7,2026-06-08,6.1,best_match
2026-06-02,0,2026-06-02,0.5,best_match
2026-06-02,1,2026-06-03,0.4,best_match
2026-06-02,2,2026-06-04,10.5,best_match
2026-06-02,3,2026-06-05,11.2,best_match
2026-06-02,4,2026-06-06,14.6,best_match
2026-06-02,5,2026-06-07,11.0,best_match
2026-06-02,6,2026-06-08,6.1,best_match
2026-06-02,7,2026-06-09,0.8,best_match
2026-06-03,0,2026-06-03,0.4,best_match
2026-06-03,1,2026-06-04,10.5,best_match
2026-06-03,2,2026-06-05,11.2,best_match
2026-06-03,3,2026-06-06,14.6,best_match
2026-06-03,4,2026-06-07,11.0,best_match
2026-06-03,5,2026-06-08,6.1,best_match
2026-06-03,6,2026-06-09,0.8,best_match
2026-06-03,7,2026-06-10,10.8,best_match
2026-06-04,0,2026-06-04,10.5,best_match
2026-06-04,1,2026-06-05,11.2,best_match
2026-06-04,2,2026-06-06,14.6,best_match
2026-06-04,3,2026-06-07,11.0,best_match
2026-06-04,4,2026-06-08,6.1,best_match
2026-06-04,5,2026-06-09,0.8,best_match
2026-06-04,6,2026-06-10,10.8,best_match
2026-06-04,7,2026-06-11,11.3,best_match
2026-06-05,0,2026-06-05,11.2,best_match
2026-06-05,1,2026-06-06,14.6,best_match
2026-06-05,2,2026-06-07,11.0,best_match
2026-06-05,3,2026-06-08,6.1,best_match
2026-06-05,4,2026-06-09,0.8,best_match
2026-06-05,5,2026-06-10,10.8,best_match
2026-06-05,6,2026-06-11,11.3,best_match
2026-06-05,7,2026-06-12,6.5,best_match
2026-06-06,0,2026-06-06,14.6,best_match
2026-06-06,1,2026-06-07,11.0,best_match
2026-06-06,2,2026-06-08,6.1,best_match
2026-06-06,3,2026-06-09,0.8,best_match
2026-06-06,4,2026-06-10,10.8,best_match
2026-06-06,5,2026-06-11,11.3,best_match
2026-06-06,6,2026-06-12,6.5,best_match
2026-06-06,7,2026-06-13,17.3,best_match
2026-06-07,0,2026-06-07,11.0,best_match
2026-06-07,1,2026-06-08,6.1,best_match
2026-06-07,2,2026-06-09,0.8,best_match
2026-06-07,3,2026-06-10,10.8,best_match
2026-06-07,4,2026-06-11,11.3,best_match
2026-06-07,5,2026-06-12,6.5,best_match
2026-06-07,6,2026-06-13,17.3,best_match
2026-06-07,7,2026-06-14,7.4,best_match
2026-06-08,0,2026-06-08,6.1,best_match
2026-06-08,1,2026-06-09,0.8,best_match
2026-06-08,2,2026-06-10,10.8,best_match
2026-06-08,3,2026-06-11,11.3,best_match
2026-06-08,4,2026-06-12,6.5,best_match
2026-06-08,5,2026-06-13,17.3,best_match
2026-06-08,6,2026-06-14,7.4,best_match
2026-06-08,7,2026-06-15,5.8,best_match
2026-06-09,0,2026-06-09,0.8,best_match
2026-06-09,1,2026-06-10,10.8,best_match
2026-06-09,2,2026-06-11,11.3,best_match
2026-06-09,3,2026-06-12,6.5,best_match
2026-06-09,4,2026-06-13,17.3,best_match
2026-06-09,5,2026-06-14,7.4,best_match
2026-06-09,6,2026-06-15,5.8,best_match
2026-06-09,7,2026-06-16,2.3,best_match
2026-06-10,0,2026-06-10,10.8,best_match
2026-06-10,1,2026-06-11,11.3,best_match
2026-06-10,2,2026-06-12,6.5,best_match
2026-06-10,3,2026-06-13,17.3,best_match
2026-06-10,4,2026-06-14,7.4,best_match
2026-06-10,5,2026-06-15,5.8,best_match
2026-06-10,6,2026-06-16,2.3,best_match
2026-06-10,7,2026-06-17,3.2,best_match
2026-06-11,0,2026-06-11,11.3,best_match
2026-06-11,1,2026-06-12,6.5,best_match
2026-06-11,2,2026-06-13,17.3,best_match
2026-06-11,3,2026-06-14,7.4,best_match
2026-06-11,4,2026-06-15,5.8,best_match
2026-06-11,5,2026-06-16,2.3,best_match
2026-06-11,6,2026-06-17,3.2,best_match
2026-06-11,7,2026-06-18,6.5,best_match
2026-06-12,0,2026-06-12,6.5,best_match
2026-06-12,1,2026-06-13,17.3,best_match
2026-06-12,2,2026-06-14,7.4,best_match
2026-06-12,3,2026-06-15,5.8,best_match
2026-06-12,4,2026-06-16,2.3,best_match
2026-06-12,5,2026-06-17,3.2,best_match
2026-06-12,6,2026-06-18,6.5,best_match
2026-06-12,7,2026-06-19,2.8,best_match
2026-06-13,0,2026-06-13,17.3,best_match
2026-06-13,1,2026-06-14,7.4,best_match
2026-06-13,2,2026-06-15,5.8,best_match
2026-06-13,3,2026-06-16,2.3,best_match
2026-06-13,4,2026-06-17,3.2,best_match
2026-06-13,5,2026-06-18,6.5,best_match
2026-06-13,6,2026-06-19,2.8,best_match
2026-06-13,7,2026-06-20,5.2,best_match
2026-06-14,0,2026-06-14,7.4,best_match
2026-06-14,1,2026-06-15,5.8,best_match
2026-06-14,2,2026-06-16,2.3,best_match
2026-06-14,3,2026-06-17,3.2,best_match
2026-06-14,4,2026-06-18,6.5,best_match
2026-06-14,5,2026-06-19,2.8,best_match
2026-06-14,6,2026-06-20,5.2,best_match
2026-06-14,7,2026-06-21,8.3,best_match
2026-06-15,0,2026-06-15,5.8,best_match
2026-06-15,1,2026-06-16,2.3,best_match
2026-06-15,2,2026-06-17,3.2,best_match
2026-06-15,3,2026-06-18,6.5,best_match
2026-06-15,4,2026-06-19,2.8,best_match
2026-06-15,5,2026-06-20,5.2,best_match
2026-06-15,6,2026-06-21,8.3,best_match
2026-06-15,7,2026-06-22,1.3,best_match
2026-06-16,0,2026-06-16,2.3,best_match
2026-06-16,1,2026-06-17,3.2,best_match
2026-06-16,2,2026-06-18,6.5,best_match
2026-06-16,3,2026-06-19,2.8,best_match
2026-06-16,4,2026-06-20,5.2,best_match
2026-06-16,5,2026-06-21,8.3,best_match
2026-06-16,6,2026-06-22,1.3,best_match
2026-06-16,7,2026-06-23,4.8,best_match
2026-06-17,0,2026-06-17,3.2,best_match
2026-06-17,1,2026-06-18,6.5,best_match
2026-06-17,2,2026-06-19,2.8,best_match
2026-06-17,3,2026-06-20,5.2,best_match
2026-06-17,4,2026-06-21,8.3,best_match
2026-06-17,5,2026-06-22,1.3,best_match
2026-06-17,6,2026-06-23,4.8,best_match
2026-06-17,7,2026-06-24,2.7,best_match
2026-06-18,0,2026-06-18,6.5,best_match
2026-06-18,1,2026-06-19,2.8,best_match
2026-06-18,2,2026-06-20,5.2,best_match
2026-06-18,3,2026-06-21,8.3,best_match
2026-06-18,4,2026-06-22,1.3,best_match
2026-06-18,5,2026-06-23,4.8,best_match
2026-06-18,6,2026-06-24,2.7,best_match
2026-06-18,7,2026-06-25,3.7,best_match
2026-06-19,0,2026-06-19,2.8,best_match
2026-06-19,1,2026-06-20,5.2,best_match
2026-06-19,2,2026-06-21,8.3,best_match
2026-06-19,3,2026-06-22,1.3,best_match
2026-06-19,4,2026-06-23,4.8,best_match
2026-06-19,5,2026-06-24,2.7,best_match
2026-06-19,6,2026-06-25,3.7,best_match
2026-06-19,7,2026-06-26,0.1,best_match
2026-06-20,0,2026-06-20,5.2,best_match
2026-06-20,1,2026-06-21,8.3,best_match
2026-06-20,2,2026-06-22,1.3,best_match
2026-06-20,3,2026-06-23,4.8,best_match
2026-06-20,4,2026-06-24,2.7,best_match
2026-06-20,5,2026-06-25,3.7,best_match
2026-06-20,6,2026-06-26,0.1,best_match
2026-06-20,7,2026-06-27,0.4,best_match
2026-06-21,0,2026-06-21,8.3,best_match
2026-06-21,1,2026-06-22,1.3,best_match
2026-06-21,2,2026-06-23,4.8,best_match
2026-06-21,3,2026-06-24,2.7,best_match
2026-06-21,4,2026-06-25,3.7,best_match
2026-06-21,5,2026-06-26,0.1,best_match
2026-06-21,6,2026-06-27,0.4,best_match
2026-06-21,7,2026-06-28,8.0,best_match
2026-06-22,0,2026-06-22,1.3,best_match
2026-06-22,1,2026-06-23,4.8,best_match
2026-06-22,2,2026-06-24,2.7,best_match
2026-06-22,3,2026-06-25,3.7,best_match
2026-06-22,4,2026-06-26,0.1,best_match
2026-06-22,5,2026-06-27,0.4,best_match
2026-06-22,6,2026-06-28,8.0,best_match
2026-06-22,7,2026-06-29,5.9,best_match
2026-06-23,0,2026-06-23,4.8,best_match
2026-06-23,1,2026-06-24,2.7,best_match
2026-06-23,2,2026-06-25,3.7,best_match
2026-06-23,3,2026-06-26,0.1,best_match
2026-06-23,4,2026-06-27,0.4,best_match
2026-06-23,5,2026-06-28,8.0,best_match
2026-06-23,6,2026-06-29,5.9,best_match
2026-06-23,7,2026-06-30,17.3,best_match
2026-06-24,0,2026-06-24,2.7,best_match
2026-06-24,1,2026-06-25,3.7,best_match
2026-06-24,2,2026-06-26,0.1,best_match
2026-06-24,3,2026-06-27,0.4,best_match
2026-06-24,4,2026-06-28,8.0,best_match
2026-06-24,5,2026-06-29,5.9,best_match
2026-06-24,6,2026-06-30,17.3,best_match
2026-06-24,7,2026-07-01,19.7,best_match
2026-06-25,0,2026-06-25,3.7,best_match
2026-06-25,1,2026-06-26,0.1,best_match
2026-06-25,2,2026-06-27,0.4,best_match
2026-06-25,3,2026-06-28,8.0,best_match
2026-06-25,4,2026-06-29,5.9,best_match
2026-06-25,5,2026-06-30,17.3,best_match
2026-06-25,6,2026-07-01,19.7,best_match
2026-06-25,7,2026-07-02,17.0,best_match
2026-06-26,0,2026-06-26,0.1,best_match
2026-06-26,1,2026-06-27,0.4,best_match
2026-06-26,2,2026-06-28,8.0,best_match
2026-06-26,3,2026-06-29,5.9,best_match
2026-06-26,4,2026-06-30,17.3,best_match
2026-06-26,5,2026-07-01,19.7,best_match
2026-06-26,6,2026-07-02,17.0,best_match
2026-06-26,7,2026-07-03,10.5,best_match
2026-06-27,0,2026-06-27,0.4,best_match
2026-06-27,1,2026-06-28,8.0,best_match
2026-06-27,2,2026-06-29,5.9,best_match
2026-06-27,3,2026-06-30,17.3,best_match
2026-06-27,4,2026-07-01,19.7,best_match
2026-06-27,5,2026-07-02,17.0,best_match
2026-06-27,6,2026-07-03,10.5,best_match
2026-06-27,7,2026-07-04,5.1,best_match
2026-06-28,0,2026-06-28,8.0,best_match
2026-06-28,1,2026-06-29,5.9,best_match
2026-06-28,2,2026-06-30,17.3,best_match
2026-06-28,3,2026-07-01,19.7,best_match
2026-06-28,4,2026-07-02,17.0,best_match
2026-06-28,5,2026-07-03,10.5,best_match
2026-06-28,6,2026-07-04,5.1,best_match
2026-06-28,7,2026-07-05,4.7,best_match
2026-06-29,0,2026-06-29,5.9,best_match
2026-06-29,1,2026-06-30,17.3,best_match
2026-06-29,2,2026-07-01,19.7,best_match
2026-06-29,3,2026-07-02,17.0,best_match
2026-06-29,4,2026-07-03,10.5,best_match
2026-06-29,5,2026-07-04,5.1,best_match
2026-06-29,6,2026-07-05,4.7,best_match
2026-06-29,7,2026-07-06,5.0,best_match
2026-06-30,0,2026-06-30,17.3,best_match
2026-06-30,1,2026-07-01,19.7,best_match
2026-06-30,2,2026-07-02,17.0,best_match
2026-06-30,3,2026-07-03,10.5,best_match
2026-06-30,4,2026-07-04,5.1,best_match
2026-06-30,5,2026-07-05,4.7,best_match
2026-06-30,6,2026-07-06,5.0,best_match
2026-06-30,7,2026-07-07,6.7,best_match
2026-07-01,0,2026-07-01,19.7,best_match
2026-07-01,1,2026-07-02,17.0,best_match
2026-07-01,2,2026-07-03,10.5,best_match
2026-07-01,3,2026-07-04,5.1,best_match
2026-07-01,4,2026-07-05,4.7,best_match
2026-07-01,5,2026-07-06,5.0,best_match
2026-07-01,6,2026-07-07,6.7,best_match
2026-07-01,7,2026-07-08,7.0,best_match
2026-07-02,0,2026-07-02,17.0,best_match
2026-07-02,1,2026-07-03,10.5,best_match
2026-07-02,2,2026-07-04,5.1,best_match
2026-07-02,3,2026-07-05,4.7,best_match
2026-07-02,4,2026-07-06,5.0,best_match
2026-07-02,5,2026-07-07,6.7,best_match
2026-07-02,6,2026-07-08,7.0,best_match
2026-07-02,7,2026-07-09,10.2,best_match
2026-07-03,0,2026-07-03,10.5,best_match
2026-07-03,1,2026-07-04,5.1,best_match
2026-07-03,2,2026-07-05,4.7,best_match
2026-07-03,3,2026-07-06,5.0,best_match
2026-07-03,4,2026-07-07,6.7,best_match
2026-07-03,5,2026-07-08,7.0,best_match
2026-07-03,6,2026-07-09,10.2,best_match
2026-07-03,7,2026-07-10,11.8,best_match
2026-07-04,0,2026-07-04,5.1,best_match
2026-07-04,1,2026-07-05,4.7,best_match
2026-07-04,2,2026-07-06,5.0,best_match
2026-07-04,3,2026-07-07,6.7,best_match
2026-07-04,4,2026-07-08,7.0,best_match
2026-07-04,5,2026-07-09,10.2,best_match
2026-07-04,6,2026-07-10,11.8,best_match
2026-07-04,7,2026-07-11,9.6,best_match
2026-07-05,0,2026-07-05,4.7,best_match
2026-07-05,1,2026-07-06,5.0,best_match
2026-07-05,2,2026-07-07,6.7,best_match
2026-07-05,3,2026-07-08,7.0,best_match
2026-07-05,4,2026-07-09,10.2,best_match
2026-07-05,5,2026-07-10,11.8,best_match
2026-07-05,6,2026-07-11,9.6,best_match
2026-07-05,7,2026-07-12,4.5,best_match
2026-07-06,0,2026-07-06,5.0,best_match
2026-07-06,1,2026-07-07,6.7,best_match
2026-07-06,2,2026-07-08,7.0,best_match
2026-07-06,3,2026-07-09,10.2,best_match
2026-07-06,4,2026-07-10,11.8,best_match
2026-07-06,5,2026-07-11,9.6,best_match
2026-07-06,6,2026-07-12,4.5,best_match
2026-07-06,7,2026-07-13,13.6,best_match
2026-07-07,0,2026-07-07,6.7,best_match
2026-07-07,1,2026-07-08,7.0,best_match
2026-07-07,2,2026-07-09,10.2,best_match
2026-07-07,3,2026-07-10,11.8,best_match
2026-07-07,4,2026-07-11,9.6,best_match
2026-07-07,5,2026-07-12,4.5,best_match
2026-07-07,6,2026-07-13,13.6,best_match
2026-07-07,7,2026-07-14,2.3,best_match
2026-07-08,0,2026-07-08,7.0,best_match
2026-07-08,1,2026-07-09,10.2,best_match
2026-07-08,2,2026-07-10,11.8,best_match
2026-07-08,3,2026-07-11,9.6,best_match
2026-07-08,4,2026-07-12,4.5,best_match
2026-07-08,5,2026-07-13,13.6,best_match
2026-07-08,6,2026-07-14,2.3,best_match
2026-07-08,7,2026-07-15,0.7,best_match
2026-07-09,0,2026-07-09,10.2,best_match
2026-07-09,1,2026-07-10,11.8,best_match
2026-07-09,2,2026-07-11,9.6,best_match
2026-07-09,3,2026-07-12,4.5,best_match
2026-07-09,4,2026-07-13,13.6,best_match
2026-07-09,5,2026-07-14,2.3,best_match
2026-07-09,6,2026-07-15,0.7,best_match
2026-07-09,7,2026-07-16,12.1,best_match
2026-07-10,0,2026-07-10,11.8,best_match
2026-07-10,1,2026-07-11,9.6,best_match
2026-07-10,2,2026-07-12,4.5,best_match
2026-07-10,3,2026-07-13,13.6,best_match
2026-07-10,4,2026-07-14,2.3,best_match
2026-07-10,5,2026-07-15,0.7,best_match
2026-07-10,6,2026-07-16,12.1,best_match
2026-07-10,7,2026-07-17,6.8,best_match
2026-07-11,0,2026-07-11,9.6,best_match
2026-07-11,1,2026-07-12,4.5,best_match
2026-07-11,2,2026-07-13,13.6,best_match
2026-07-11,3,2026-07-14,2.3,best_match
2026-07-11,4,2026-07-15,0.7,best_match
2026-07-11,5,2026-07-16,12.1,best_match
2026-07-11,6,2026-07-17,6.8,best_match
2026-07-11,7,2026-07-18,4.8,best_match
2026-07-12,0,2026-07-12,4.5,best_match
2026-07-12,1,2026-07-13,13.6,best_match
2026-07-12,2,2026-07-14,2.3,best_match
2026-07-12,3,2026-07-15,0.7,best_match
2026-07-12,4,2026-07-16,12.1,best_match
2026-07-12,5,2026-07-17,6.8,best_match
2026-07-12,6,2026-07-18,4.8,best_match
2026-07-12,7,2026-07-19,1.7,best_match
2026-07-13,0,2026-07-13,13.6,best_match
2026-07-13,1,2026-07-14,2.3,best_match
2026-07-13,2,2026-07-15,0.7,best_match
2026-07-13,3,2026-07-16,12.1,best_match
2026-07-13,4,2026-07-17,6.8,best_match
2026-07-13,5,2026-07-18,4.8,best_match
2026-07-13,6,2026-07-19,1.7,best_match
2026-07-13,7,2026-07-20,2.1,best_match
2026-07-14,0,2026-07-14,2.3,best_match
2026-07-14,1,2026-07-15,0.7,best_match
2026-07-14,2,2026-07-16,12.1,best_match
2026-07-14,3,2026-07-17,6.8,best_match
2026-07-14,4,2026-07-18,4.8,best_match
2026-07-14,5,2026-07-19,1.7,best_match
2026-07-14,6,2026-07-20,2.1,best_match
2026-07-14,7,2026-07-21,20.1,best_match
2026-07-15,0,2026-07-15,0.7,best_match
2026-07-15,1,2026-07-16,12.1,best_match
2026-07-15,2,2026-07-17,6.8,best_match
2026-07-15,3,2026-07-18,4.8,best_match
2026-07-15,4,2026-07-19,1.7,best_match
2026-07-15,5,2026-07-20,2.1,best_match
2026-07-15,6,2026-07-21,20.1,best_match
2026-07-15,7,2026-07-22,12.9,best_match
2026-07-16,0,2026-07-16,12.1,best_match
2026-07-16,1,2026-07-17,6.8,best_match
2026-07-16,2,2026-07-18,4.8,best_match
2026-07-16,3,2026-07-19,1.7,best_match
2026-07-16,4,2026-07-20,2.1,best_match
2026-07-16,5,2026-07-21,20.1,best_match
2026-07-16,6,2026-07-22,12.9,best_match
2026-07-16,7,2026-07-23,8.5,best_match
2026-07-17,0,2026-07-17,6.8,best_match
2026-07-17,1,2026-07-18,4.8,best_match
2026-07-17,2,2026-07-19,1.7,best_match
2026-07-17,3,2026-07-20,2.1,best_match
2026-07-17,4,2026-07-21,20.1,best_match
2026-07-17,5,2026-07-22,12.9,best_match
2026-07-17,6,2026-07-23,8.5,best_match
2026-07-17,7,2026-07-24,12.6,best_match
2026-07-18,0,2026-07-18,4.8,best_match
2026-07-18,1,2026-07-19,1.7,best_match
2026-07-18,2,2026-07-20,2.1,best_match
2026-07-18,3,2026-07-21,20.1,best_match
2026-07-18,4,2026-07-22,12.9,best_match
2026-07-18,5,2026-07-23,8.5,best_match
2026-07-18,6,2026-07-24,12.6,best_match
2026-07-18,7,2026-07-25,9.8,best_match
2026-07-19,0,2026-07-19,1.7,best_match
2026-07-19,1,2026-07-20,2.1,best_match
2026-07-19,2,2026-07-21,20.1,best_match
2026-07-19,3,2026-07-22,12.9,best_match
2026-07-19,4,2026-07-23,8.5,best_match
2026-07-19,5,2026-07-24,12.6,best_match
2026-07-19,6,2026-07-25,9.8,best_match
2026-07-19,7,2026-07-26,8.2,best_match
2026-07-20,0,2026-07-20,2.1,best_match
2026-07-20,1,2026-07-21,20.1,best_match
2026-07-20,2,2026-07-22,12.9,best_match
2026-07-20,3,2026-07-23,8.5,best_match
2026-07-20,4,2026-07-24,12.6,best_match
2026-07-20,5,2026-07-25,9.8,best_match
2026-07-20,6,2026-07-26,8.2,best_match
2026-07-20,7,2026-07-27,9.5,best_match
2026-07-21,0,2026-07-21,20.1,best_match
2026-07-21,1,2026-07-22,12.9,best_match
2026-07-21,2,2026-07-23,8.5,best_match
2026-07-21,3,2026-07-24,12.6,best_match
2026-07-21,4,2026-07-25,9.8,best_match
2026-07-21,5,2026-07-26,8.2,best_match
2026-07-21,6,2026-07-27,9.5,best_match
2026-07-21,7,2026-07-28,18.2,best_match
2026-07-22,0,2026-07-22,12.9,best_match
2026-07-22,1,2026-07-23,8.5,best_match
2026-07-22,2,2026-07-24,12.6,best_match
2026-07-22,3,2026-07-25,9.8,best_match
2026-07-22,4,2026-07-26,8.2,best_match
2026-07-22,5,2026-07-27,9.5,best_match
2026-07-22,6,2026-07-28,18.2,best_match
2026-07-22,7,2026-07-29,6.8,best_match
2026-07-23,0,2026-07-23,8.5,best_match
2026-07-23,1,2026-07-24,12.6,best_match
2026-07-23,2,2026-07-25,9.8,best_match
2026-07-23,3,2026-07-26,8.2,best_match
2026-07-23,4,2026-07-27,9.5,best_match
2026-07-23,5,2026-07-28,18.2,best_match
2026-07-23,6,2026-07-29,6.8,best_match
2026-07-23,7,2026-07-30,24.8,best_match
2026-07-24,0,2026-07-24,12.6,best_match
2026-07-24,1,2026-07-25,9.8,best_match
2026-07-24,2,2026-07-26,8.2,best_match
2026-07-24,3,2026-07-27,9.5,best_match
2026-07-24,4,2026-07-28,18.2,best_match
2026-07-24,5,2026-07-29,6.8,best_match
2026-07-24,6,2026-07-30,24.8,best_match
2026-07-24,7,2026-07-31,12.3,best_match
2026-07-25,0,2026-07-25,9.8,best_match
2026-07-25,1,2026-07-26,8.2,best_match
2026-07-25,2,2026-07-27,9.5,best_match
2026-07-25,3,2026-07-28,18.2,best_match
2026-07-25,4,2026-07-29,6.8,best_match
2026-07-25,5,2026-07-30,24.8,best_match
2026-07-25,6,2026-07-31,12.3,best_match
2026-07-25,7,2026-08-01,9.2,best_match
2026-07-26,0,2026-07-26,8.2,best_match
2026-07-26,1,2026-07-27,9.5,best_match
2026-07-26,2,2026-07-28,18.2,best_match
2026-07-26,3,2026-07-29,6.8,best_match
2026-07-26,4,2026-07-30,24.8,best_match
2026-07-26,5,2026-07-31,12.3,best_match
2026-07-26,6,2026-08-01,9.2,best_match
2026-07-26,7,2026-08-02,6.4,best_match
2026-07-27,0,2026-07-27,9.5,best_match
2026-07-27,1,2026-07-28,18.2,best_match
2026-07-27,2,2026-07-29,6.8,best_match
2026-07-27,3,2026-07-30,24.8,best_match
2026-07-27,4,2026-07-31,12.3,best_match
2026-07-27,5,2026-08-01,9.2,best_match
2026-07-27,6,2026-08-02,6.4,best_match
2026-07-27,7,2026-08-03,7.8,best_match
2026-07-28,0,2026-07-28,18.2,best_match
2026-07-28,1,2026-07-29,6.8,best_match
2026-07-28,2,2026-07-30,24.8,best_match
2026-07-28,3,2026-07-31,12.3,best_match
2026-07-28,4,2026-08-01,9.2,best_match
2026-07-28,5,2026-08-02,6.4,best_match
2026-07-28,6,2026-08-03,7.8,best_match
2026-07-28,7,2026-08-04,5.0,best_match
2026-07-29,0,2026-07-29,6.8,best_match
2026-07-29,1,2026-07-30,24.8,best_match
2026-07-29,2,2026-07-31,12.3,best_match
2026-07-29,3,2026-08-01,9.2,best_match
2026-07-29,4,2026-08-02,6.4,best_match
2026-07-29,5,2026-08-03,7.8,best_match
2026-07-29,6,2026-08-04,5.0,best_match
2026-07-29,7,2026-08-05,17.5,best_match
2026-07-30,0,2026-07-30,24.8,best_match
2026-07-30,1,2026-07-31,12.3,best_match
2026-07-30,2,2026-08-01,9.2,best_match
2026-07-30,3,2026-08-02,6.4,best_match
2026-07-30,4,2026-08-03,7.8,best_match
2026-07-30,5,2026-08-04,5.0,best_match
2026-07-30,6,2026-08-05,17.5,best_match
2026-07-30,7,2026-08-06,28.7,best_match
2026-07-31,0,2026-07-31,12.3,best_match
2026-07-31,1,2026-08-01,9.2,best_match
2026-07-31,2,2026-08-02,6.4,best_match
2026-07-31,3,2026-08-03,7.8,best_match
2026-07-31,4,2026-08-04,5.0,best_match
2026-07-31,5,2026-08-05,17.5,best_match
2026-07-31,6,2026-08-06,28.7,best_match
2026-07-31,7,2026-08-07,17.3,best_match
2026-08-01,0,2026-08-01,9.2,best_match
2026-08-01,1,2026-08-02,6.4,best_match
2026-08-01,2,2026-08-03,7.8,best_match
2026-08-01,3,2026-08-04,5.0,best_match
2026-08-01,4,2026-08-05,17.5,best_match
2026-08-01,5,2026-08-06,28.7,best_match
2026-08-01,6,2026-08-07,17.3,best_match
2026-08-01,7,2026-08-08,19.4,best_match
2026-08-02,0,2026-08-02,6.4,best_match
2026-08-02,1,2026-08-03,7.8,best_match
2026-08-02,2,2026-08-04,5.0,best_match
2026-08-02,3,2026-08-05,17.5,best_match
2026-08-02,4,2026-08-06,28.7,best_match
2026-08-02,5,2026-08-07,17.3,best_match
2026-08-02,6,2026-08-08,19.4,best_match
2026-08-02,7,2026-08-09,18.9,best_match
2026-08-03,0,2026-08-03,7.8,best_match
2026-08-03,1,2026-08-04,5.0,best_match
2026-08-03,2,2026-08-05,17.5,best_match
2026-08-03,3,2026-08-06,28.7,best_match
2026-08-03,4,2026-08-07,17.3,best_match
2026-08-03,5,2026-08-08,19.4,best_match
2026-08-03,6,2026-08-09,18.9,best_match
2026-08-03,7,2026-08-10,17.3,best_match
2026-08-04,0,2026-08-04,5.0,best_match
2026-08-04,1,2026-08-05,17.5,best_match
2026-08-04,2,2026-08-06,28.7,best_match
2026-08-04,3,2026-08-07,17.3,best_match
2026-08-04,4,2026-08-08,19.4,best_match
2026-08-04,5,2026-08-09,18.9,best_match
2026-08-04,6,2026-08-10,17.3,best_match
2026-08-04,7,2026-08-11,15.6,best_match
2026-08-05,0,2026-08-05,17.5,best_match
2026-08-05,1,2026-08-06,28.7,best_match
2026-08-05,2,2026-08-07,17.3,best_match
2026-08-05,3,2026-08-08,19.4,best_match
2026-08-05,4,2026-08-09,18.9,best_match
2026-08-05,5,2026-08-10,17.3,best_match
2026-08-05,6,2026-08-11,15.6,best_match
2026-08-05,7,2026-08-12,10.7,best_match
2026-08-06,0,2026-08-06,28.7,best_match
2026-08-06,1,2026-08-07,17.3,best_match
2026-08-06,2,2026-08-08,19.4,best_match
2026-08-06,3,2026-08-09,18.9,best_match
2026-08-06,4,2026-08-10,17.3,best_match
2026-08-06,5,2026-08-11,15.6,best_match
2026-08-06,6,2026-08-12,10.7,best_match
2026-08-06,7,2026-08-13,8.1,best_match
2026-08-07,0,2026-08-07,17.3,best_match
2026-08-07,1,2026-08-08,19.4,best_match
2026-08-07,2,2026-08-09,18.9,best_match
2026-08-07,3,2026-08-10,17.3,best_match
2026-08-07,4,2026-08-11,15.6,best_match
2026-08-07,5,2026-08-12,10.7,best_match
2026-08-07,6,2026-08-13,8.1,best_match
2026-08-07,7,2026-08-14,14.6,best_match
2026-08-08,0,2026-08-08,19.4,best_match
2026-08-08,1,2026-08-09,18.9,best_match
2026-08-08,2,2026-08-10,17.3,best_match
2026-08-08,3,2026-08-11,15.6,best_match
2026-08-08,4,2026-08-12,10.7,best_match
2026-08-08,5,2026-08-13,8.1,best_match
2026-08-08,6,2026-08-14,14.6,best_match
2026-08-08,7,2026-08-15,2.4,best_match
2026-08-09,0,2026-08-09,18.9,best_match
2026-08-09,1,2026-08-10,17.3,best_match
2026-08-09,2,2026-08-11,15.6,best_match
2026-08-09,3,2026-08-12,10.7,best_match
2026-08-09,4,2026-08-13,8.1,best_match
2026-08-09,5,2026-08-14,14.6,best_match
2026-08-09,6,2026-08-15,2.4,best_match
2026-08-09,7,2026-08-16,5.8,best_match
2026-08-10,0,2026-08-10,17.3,best_match
2026-08-10,1,2026-08-11,15.6,best_match
2026-08-10,2,2026-08-12,10.7,best_match
2026-08-10,3,2026-08-13,8.1,best_match
2026-08-10,4,2026-08-14,14.6,best_match
2026-08-10,5,2026-08-15,2.4,best_match
2026-08-10,6,2026-08-16,5.8,best_match
2026-08-10,7,2026-08-17,4.0,best_match
2026-08-11,0,2026-08-11,15.6,best_match
2026-08-11,1,2026-08-12,10.7,best_match
2026-08-11,2,2026-08-13,8.1,best_match
2026-08-11,3,2026-08-14,14.6,best_match
2026-08-11,4,2026-08-15,2.4,best_match
2026-08-11,5,2026-08-16,5.8,best_match
2026-08-11,6,2026-08-17,4.0,best_match
2026-08-11,7,2026-08-18,4.2,best_match
2026-08-12,0,2026-08-12,10.7,best_match
2026-08-12,1,2026-08-13,8.1,best_match
2026-08-12,2,2026-08-14,14.6,best_match
2026-08-12,3,2026-08-15,2.4,best_match
2026-08-12,4,2026-08-16,5.8,best_match
2026-08-12,5,2026-08-17,4.0,best_match
2026-08-12,6,2026-08-18,4.2,best_match
2026-08-12,7,2026-08-19,31.6,best_match
2026-08-13,0,2026-08-13,8.1,best_match
2026-08-13,1,2026-08-14,14.6,best_match
2026-08-13,2,2026-08-15,2.4,best_match
2026-08-13,3,2026-08-16,5.8,best_match
2026-08-13,4,2026-08-17,4.0,best_match
2026-08-13,5,2026-08-18,4.2,best_match
2026-08-13,6,2026-08-19,31.6,best_match
2026-08-13,7,2026-08-20,21.1,best_match
2026-08-14,0,2026-08-14,14.6,best_match
2026-08-14,1,2026-08-15,2.4,best_match
2026-08-14,2,2026-08-16,5.8,best_match
2026-08-14,3,2026-08-17,4.0,best_match
2026-08-14,4,2026-08-18,4.2,best_match
2026-08-14,5,2026-08-19,31.6,best_match
2026-08-14,6,2026-08-20,21.1,best_match
2026-08-14,7,2026-08-21,4.8,best_match
2026-08-15,0,2026-08-15,2.4,best_match
2026-08-15,1,2026-08-16,5.8,best_match
2026-08-15,2,2026-08-17,4.0,best_match
2026-08-15,3,2026-08-18,4.2,best_match
2026-08-15,4,2026-08-19,31.6,best_match
2026-08-15,5,2026-08-20,21.1,best_match
2026-08-15,6,2026-08-21,4.8,best_match
2026-08-15,7,2026-08-22,10.0,best_match
2026-08-16,0,2026-08-16,5.8,best_match
2026-08-16,1,2026-08-17,4.0,best_match
2026-08-16,2,2026-08-18,4.2,best_match
2026-08-16,3,2026-08-19,31.6,best_match
2026-08-16,4,2026-08-20,21.1,best_match
2026-08-16,5,2026-08-21,4.8,best_match
2026-08-16,6,2026-08-22,10.0,best_match
2026-08-16,7,2026-08-23,11.8,best_match
2026-08-17,0,2026-08-17,4.0,best_match
2026-08-17,1,2026-08-18,4.2,best_match
2026-08-17,2,2026-08-19,31.6,best_match
2026-08-17,3,2026-08-20,21.1,best_match
2026-08-17,4,2026-08-21,4.8,best_match
2026-08-17,5,2026-08-22,10.0,best_match
2026-08-17,6,2026-08-23,11.8,best_match
2026-08-17,7,2026-08-24,1.8,best_match
2026-08-18,0,2026-08-18,4.2,best_match
2026-08-18,1,2026-08-19,31.6,best_match
2026-08-18,2,2026-08-20,21.1,best_match
2026-08-18,3,2026-08-21,4.8,best_match
2026-08-18,4,2026-08-22,10.0,best_match
2026-08-18,5,2026-08-23,11.8,best_match
2026-08-18,6,2026-08-24,1.8,best_match
2026-08-18,7,2026-08-25,9.3,best_match
2026-08-19,0,2026-08-19,31.6,best_match
2026-08-19,1,2026-08-20,21.1,best_match
2026-08-19,2,2026-08-21,4.8,best_match
2026-08-19,3,2026-08-22,10.0,best_match
2026-08-19,4,2026-08-23,11.8,best_match
2026-08-19,5,2026-08-24,1.8,best_match
2026-08-19,6,2026-08-25,9.3,best_match
2026-08-19,7,2026-08-26,6.2,best_match
2026-08-20,0,2026-08-20,21.1,best_match
2026-08-20,1,2026-08-21,4.8,best_match
2026-08-20,2,2026-08-22,10.0,best_match
2026-08-20,3,2026-08-23,11.8,best_match
2026-08-20,4,2026-08-24,1.8,best_match
2026-08-20,5,2026-08-25,9.3,best_match
2026-08-20,6,2026-08-26,6.2,best_match
2026-08-20,7,2026-08-27,14.4,best_match
2026-08-21,0,2026-08-21,4.8,best_match
2026-08-21,1,2026-08-22,10.0,best_match
2026-08-21,2,2026-08-23,11.8,best_match
2026-08-21,3,2026-08-24,1.8,best_match
2026-08-21,4,2026-08-25,9.3,best_match
2026-08-21,5,2026-08-26,6.2,best_match
2026-08-21,6,2026-08-27,14.4,best_match
2026-08-21,7,2026-08-28,4.0,best_match
2026-08-22,0,2026-08-22,10.0,best_match
2026-08-22,1,2026-08-23,11.8,best_match
2026-08-22,2,2026-08-24,1.8,best_match
2026-08-22,3,2026-08-25,9.3,best_match
2026-08-22,4,2026-08-26,6.2,best_match
2026-08-22,5,2026-08-27,14.4,best_match
2026-08-22,6,2026-08-28,4.0,best_match
2026-08-22,7,2026-08-29,22.6,best_match
2026-08-23,0,2026-08-23,11.8,best_match
2026-08-23,1,2026-08-24,1.8,best_match
2026-08-23,2,2026-08-25,9.3,best_match
2026-08-23,3,2026-08-26,6.2,best_match
2026-08-23,4,2026-08-27,14.4,best_match
2026-08-23,5,2026-08-28,4.0,best_match
2026-08-23,6,2026-08-29,22.6,best_match
2026-08-23,7,2026-08-30,10.6,best_match
2026-08-24,0,2026-08-24,1.8,best_match
2026-08-24,1,2026-08-25,9.3,best_match
2026-08-24,2,2026-08-26,6.2,best_match
2026-08-24,3,2026-08-27,14.4,best_match
2026-08-24,4,2026-08-28,4.0,best_match
2026-08-24,5,2026-08-29,22.6,best_match
2026-08-24,6,2026-08-30,10.6,best_match
2026-08-24,7,2026-08-31,10.9,best_match
2026-08-25,0,2026-08-25,9.3,best_match
2026-08-25,1,2026-08-26,6.2,best_match
2026-08-25,2,2026-08-27,14.4,best_match
2026-08-25,3,2026-08-28,4.0,best_match
2026-08-25,4,2026-08-29,22.6,best_match
2026-08-25,5,2026-08-30,10.6,best_match
2026-08-25,6,2026-08-31,10.9,best_match
2026-08-25,7,2026-09-01,7.3,best_match
2026-08-26,0,2026-08-26,6.2,best_match
2026-08-26,1,2026-08-27,14.4,best_match
2026-08-26,2,2026-08-28,4.0,best_match
2026-08-26,3,2026-08-29,22.6,best_match
2026-08-26,4,2026-08-30,10.6,best_match
2026-08-26,5,2026-08-31,10.9,best_match
2026-08-26,6,2026-09-01,7.3,best_match
2026-08-26,7,2026-09-02,3.8,best_match
2026-08-27,0,2026-08-27,14.4,best_match
2026-08-27,1,2026-08-28,4.0,best_match
2026-08-27,2,2026-08-29,22.6,best_match
2026-08-27,3,2026-08-30,10.6,best_match
2026-08-27,4,2026-08-31,10.9,best_match
2026-08-27,5,2026-09-01,7.3,best_match
2026-08-27,6,2026-09-02,3.8,best_match
2026-08-27,7,2026-09-03,8.6,best_match
2026-08-28,0,2026-08-28,4.0,best_match
2026-08-28,1,2026-08-29,22.6,best_match
2026-08-28,2,2026-08-30,10.6,best_match
2026-08-28,3,2026-08-31,10.9,best_match
2026-08-28,4,2026-09-01,7.3,best_match
2026-08-28,5,2026-09-02,3.8,best_match
2026-08-28,6,2026-09-03,8.6,best_match
2026-08-28,7,2026-09-04,5.7,best_match
2026-08-29,0,2026-08-29,22.6,best_match
2026-08-29,1,2026-08-30,10.6,best_match
2026-08-29,2,2026-08-31,10.9,best_match
2026-08-29,3,2026-09-01,7.3,best_match
2026-08-29,4,2026-09-02,3.8,best_match
2026-08-29,5,2026-09-03,8.6,best_match
2026-08-29,6,2026-09-04,5.7,best_match
2026-08-29,7,2026-09-05,11.0,best_match
2026-08-30,0,2026-08-30,10.6,best_match
2026-08-30,1,2026-08-31,10.9,best_match
2026-08-30,2,2026-09-01,7.3,best_match
2026-08-30,3,2026-09-02,3.8,best_match
2026-08-30,4,2026-09-03,8.6,best_match
2026-08-30,5,2026-09-04,5.7,best_match
2026-08-30,6,2026-09-05,11.0,best_match
2026-08-30,7,2026-09-06,4.1,best_match
2026-08-31,0,2026-08-31,10.9,best_match
2026-08-31,1,2026-09-01,7.3,best_match
2026-08-31,2,2026-09-02,3.8,best_match
2026-08-31,3,2026-09-03,8.6,best_match
2026-08-31,4,2026-09-04,5.7,best_match
2026-08-31,5,2026-09-05,11.0,best_match
2026-08-31,6,2026-09-06,4.1,best_match
2026-08-31,7,2026-09-07,0.9,best_match
2026-09-01,0,2026-09-01,7.3,best_match
2026-09-01,1,2026-09-02,3.8,best_match
2026-09-01,2,2026-09-03,8.6,best_match
2026-09-01,3,2026-09-04,5.7,best_match
2026-09-01,4,2026-09-05,11.0,best_match
2026-09-01,5,2026-09-06,4.1,best_match
2026-09-01,6,2026-09-07,0.9,best_match
2026-09-01,7,2026-09-08,19.6,best_match
2026-09-02,0,2026-09-02,3.8,best_match
2026-09-02,1,2026-09-03,8.6,best_match
2026-09-02,2,2026-09-04,5.7,best_match
2026-09-02,3,2026-09-05,11.0,best_match
2026-09-02,4,2026-09-06,4.1,best_match
2026-09-02,5,2026-09-07,0.9,best_match
2026-09-02,6,2026-09-08,19.6,best_match
2026-09-02,7,2026-09-09,9.8,best_match
2026-09-03,0,2026-09-03,8.6,best_match
2026-09-03,1,2026-09-04,5.7,best_match
2026-09-03,2,2026-09-05,11.0,best_match
2026-09-03,3,2026-09-06,4.1,best_match
2026-09-03,4,2026-09-07,0.9,best_match
2026-09-03,5,2026-09-08,19.6,best_match
2026-09-03,6,2026-09-09,9.8,best_match
2026-09-03,7,2026-09-10,15.0,best_match
2026-09-04,0,2026-09-04,5.7,best_match
2026-09-04,1,2026-09-05,11.0,best_match
2026-09-04,2,2026-09-06,4.1,best_match
2026-09-04,3,2026-09-07,0.9,best_match
2026-09-04,4,2026-09-08,19.6,best_match
2026-09-04,5,2026-09-09,9.8,best_match
2026-09-04,6,2026-09-10,15.0,best_match
2026-09-04,7,2026-09-11,13.7,best_match
2026-09-05,0,2026-09-05,11.0,best_match
2026-09-05,1,2026-09-06,4.1,best_match
2026-09-05,2,2026-09-07,0.9,best_match
2026-09-05,3,2026-09-08,19.6,best_match
2026-09-05,4,2026-09-09,9.8,best_match
2026-09-05,5,2026-09-10,15.0,best_match
2026-09-05,6,2026-09-11,13.7,best_match
2026-09-05,7,2026-09-12,6.0,best_match
2026-09-06,0,2026-09-06,4.1,best_match
2026-09-06,1,2026-09-07,0.9,best_match
2026-09-06,2,2026-09-08,19.6,best_match
2026-09-06,3,2026-09-09,9.8,best_match
2026-09-06,4,2026-09-10,15.0,best_match
2026-09-06,5,2026-09-11,13.7,best_match
2026-09-06,6,2026-09-12,6.0,best_match
2026-09-06,7,2026-09-13,12.7,best_match
2026-09-07,0,2026-09-07,1.3,best_match
2026-09-07,1,2026-09-08,5.5,best_match
2026-09-07,2,2026-09-09,11.8,best_match
2026-09-07,3,2026-09-10,10.7,best_match
2026-09-07,4,2026-09-11,5.9,best_match
2026-09-07,5,2026-09-12,0.6,best_match
2026-09-07,6,2026-09-13,0.0,best_match
2026-09-07,7,2026-09-14,0.8,best_match
2026-09-08,0,2026-09-08,5.5,best_match
2026-09-08,1,2026-09-09,11.8,best_match
2026-09-08,2,2026-09-10,10.7,best_match
2026-09-08,3,2026-09-11,5.9,best_match
2026-09-08,4,2026-09-12,0.6,best_match
2026-09-08,5,2026-09-13,0.0,best_match
2026-09-08,6,2026-09-14,0.8,best_match
2026-09-08,7,2026-09-15,6.3,best_match
2026-09-09,0,2026-09-09,11.8,best_match
2026-09-09,1,2026-09-10,10.7,best_match
2026-09-09,2,2026-09-11,5.9,best_match
2026-09-09,3,2026-09-12,0.6,best_match
2026-09-09,4,2026-09-13,0.0,best_match
2026-09-09,5,2026-09-14,0.8,best_match
2026-09-09,6,2026-09-15,6.3,best_match
2026-09-09,7,2026-09-16,19.4,best_match
2026-09-10,0,2026-09-10,10.7,best_match
2026-09-10,1,2026-09-11,5.9,best_match
2026-09-10,2,2026-09-12,0.6,best_match
2026-09-10,3,2026-09-13,0.0,best_match
2026-09-10,4,2026-09-14,0.8,best_match
2026-09-10,5,2026-09-15,6.3,best_match
2026-09-10,6,2026-09-16,19.4,best_match
2026-09-10,7,2026-09-17,17.1,best_match
2026-09-11,0,2026-09-11,5.9,best_match
2026-09-11,1,2026-09-12,0.6,best_match
2026-09-11,2,2026-09-13,0.0,best_match
2026-09-11,3,2026-09-14,0.8,best_match
2026-09-11,4,2026-09-15,6.3,best_match
2026-09-11,5,2026-09-16,19.4,best_match
2026-09-11,6,2026-09-17,17.1,best_match
2026-09-11,7,2026-09-18,29.5,best_match
2026-09-12,0,2026-09-12,0.6,best_match
2026-09-12,1,2026-09-13,0.0,best_match
2026-09-12,2,2026-09-14,0.8,best_match
2026-09-12,3,2026-09-15,6.3,best_match
2026-09-12,4,2026-09-16,19.4,best_match
2026-09-12,5,2026-09-17,17.1,best_match
2026-09-12,6,2026-09-18,29.5,best_match
2026-09-12,7,2026-09-19,15.4,best_match
2026-09-13,0,2026-09-13,0.0,best_match
2026-09-13,1,2026-09-14,0.8,best_match
2026-09-13,2,2026-09-15,6.3,best_match
2026-09-13,3,2026-09-16,19.4,best_match
2026-09-13,4,2026-09-17,17.1,best_match
2026-09-13,5,2026-09-18,29.5,best_match
2026-09-13,6,2026-09-19,15.4,best_match
2026-09-13,7,2026-09-20,18.0,best_match
2026-09-14,0,2026-09-14,0.8,best_match
2026-09-14,1,2026-09-15,6.3,best_match
2026-09-14,2,2026-09-16,19.4,best_match
2026-09-14,3,2026-09-17,17.1,best_match
2026-09-14,4,2026-09-18,29.5,best_match
2026-09-14,5,2026-09-19,15.4,best_match
2026-09-14,6,2026-09-20,18.0,best_match
2026-09-14,7,2026-09-21,2.9,best_match
2026-09-15,0,2026-09-15,6.3,best_match
2026-09-15,1,2026-09-16,19.4,best_match
2026-09-15,2,2026-09-17,17.1,best_match
2026-09-15,3,2026-09-18,29.5,best_match
2026-09-15,4,2026-09-19,15.4,best_match
2026-09-15,5,2026-09-20,18.0,best_match
2026-09-15,6,2026-09-21,2.9,best_match
2026-09-15,7,2026-09-22,2.4,best_match
2026-09-16,0,2026-09-16,19.4,best_match
2026-09-16,1,2026-09-17,17.1,best_match
2026-09-16,2,2026-09-18,29.5,best_match
2026-09-16,3,2026-09-19,15.4,best_match
2026-09-16,4,2026-09-20,18.0,best_match
2026-09-16,5,2026-09-21,2.9,best_match
2026-09-16,6,2026-09-22,2.4,best_match
2026-09-16,7,2026-09-23,0.9,best_match
2026-09-17,0,2026-09-17,17.1,best_match
2026-09-17,1,2026-09-18,29.5,best_match
2026-09-17,2,2026-09-19,15.4,best_match
2026-09-17,3,2026-09-20,18.0,best_match
2026-09-17,4,2026-09-21,2.9,best_match
2026-09-17,5,2026-09-22,2.4,best_match
2026-09-17,6,2026-09-23,0.9,best_match
2026-09-17,7,2026-09-24,1.2,best_match
