measure_datetime,RES002_water_level,RES002_rainfall_1h
2026-09-10 00:00:00,489.25,0.0
2026-09-10 00:10:00,489.251,0.0
2026-09-10 00:20:00,489.257,0.0
2026-09-10 00:30:00,489.264,0.0
2026-09-10 00:40:00,489.233,0.0
2026-09-10 00:50:00,489.264,0.0
2026-09-10 01:10:00,489.271,0.0
2026-09-10 01:20:00,489.276,0.0
2026-09-10 01:30:00,489.283,0.0
2026-09-10 01:40:00,489.284,0.0
2026-09-10 01:50:00,489.29,0.0
2026-09-10 02:00:00,489.29,0.0
2026-09-10 02:10:00,489.285,0.0
2026-09-10 02:20:00,489.296,0.0
2026-09-10 02:30:00,489.296,0.0
2026-09-10 02:40:00,489.302,0.0
2026-09-10 02:50:00,489.302,0.0
2026-09-10 03:00:00,489.303,0.0
2026-09-10 03:10:00,489.309,0.0
2026-09-10 03:20:00,489.309,0.0
2026-09-10 03:30:00,489.316,0.0
2026-09-10 03:40:00,489.318,0.0
2026-09-10 03:50:00,489.322,0.0
2026-09-10 04:00:00,489.322,0.0
2026-09-10 04:10:00,489.322,0.0
2026-09-10 04:20:00,489.329,0.2
2026-09-10 04:30:00,489.329,0.2
2026-09-10 04:40:00,489.335,0.2
2026-09-10 04:50:00,489.335,0.2
2026-09-10 05:00:00,489.335,0.2
2026-09-10 05:10:00,489.335,0.0
2026-09-10 05:20:00,489.342,0.0
2026-09-10 05:30:00,489.342,0.0
2026-09-10 05:40:00,489.348,0.0
2026-09-10 05:50:00,489.348,0.0
2026-09-10 06:00:00,489.348,0.0
2026-09-10 06:10:00,489.362,0.0
2026-09-10 06:20:00,489.359,0.0
2026-09-10 06:30:00,489.362,0.0
2026-09-10 06:40:00,489.362,0.0
2026-09-10 06:50:00,489.362,0.0
2026-09-10 07:00:00,489.367,0.0
2026-09-10 07:10:00,489.367,0.0
2026-09-10 07:20:00,489.374,0.0
2026-09-10 07:30:00,489.374,0.0
2026-09-10 07:40:00,489.386,0.2
2026-09-10 07:50:00,489.38,0.2
2026-09-10 08:00:00,489.386,0.2
2026-09-10 08:10:00,489.399,0.0
2026-09-10 08:20:00,489.392,0.0
2026-09-10 08:30:00,489.398,0.0
2026-09-10 08:40:00,489.385,0.0
2026-09-10 08:50:00,489.385,0.0
2026-09-10 09:00:00,489.398,0.0
2026-09-10 09:10:00,489.392,0.0
2026-09-10 09:20:00,489.391,0.0
2026-09-10 09:30:00,489.403,0.0
2026-09-10 09:40:00,489.416,0.0
2026-09-10 09:50:00,489.416,0.0
2026-09-10 10:00:00,489.423,0.0
2026-09-10 10:10:00,489.416,0.0
2026-09-10 10:20:00,489.416,0.0
2026-09-10 10:30:00,489.409,0.0
2026-09-10 10:40:00,489.422,0.0
2026-09-10 10:50:00,489.429,0.0
2026-09-10 11:00:00,489.422,0.0
2026-09-10 11:10:00,489.422,0.0
2026-09-10 11:20:00,489.416,0.0
2026-09-10 11:30:00,489.429,0.0
2026-09-10 11:40:00,489.443,0.2
2026-09-10 11:50:00,489.436,0.4
2026-09-10 12:00:00,489.429,0.4
2026-09-10 12:10:00,489.43,0.0
2026-09-10 12:20:00,489.436,0.0
2026-09-10 12:30:00,489.444,0.0
2026-09-10 12:40:00,489.443,0.0
2026-09-10 12:50:00,489.43,0.0
2026-09-10 13:00:00,489.444,0.0
2026-09-10 13:10:00,489.449,0.0
2026-09-10 13:20:00,489.449,0.0
2026-09-10 13:30:00,489.456,0.0
2026-09-10 13:40:00,489.462,0.0
2026-09-10 13:50:00,489.456,0.0
2026-09-10 14:00:00,489.462,0.0
2026-09-10 14:10:00,489.469,0.0
2026-09-10 14:20:00,489.462,0.0
2026-09-10 14:30:00,489.462,0.0
2026-09-10 14:40:00,489.481,0.4
2026-09-10 14:50:00,489.487,0.4
2026-09-10 15:00:00,489.487,0.4
2026-09-10 15:10:00,489.488,0.2
2026-09-10 15:30:00,489.526,25.8
2026-09-10 15:40:00,489.54,25.8
2026-09-10 15:50:00,489.579,25.8
2026-09-10 16:00:00,489.617,25.8
2026-09-10 16:10:00,489.663,0.0
2026-09-10 16:20:00,489.688,0.0
2026-09-10 16:40:00,489.726,0.0
2026-09-10 16:50:00,489.726,0.0
2026-09-10 17:00:00,489.745,0.0
2026-09-10 17:10:00,489.752,0.0
2026-09-10 17:20:00,489.764,0.0
2026-09-10 17:30:00,489.765,0.0
2026-09-10 17:40:00,489.772,0.0
2026-09-10 17:50:00,489.778,0.0
2026-09-10 18:00:00,489.785,0.0
2026-09-10 18:10:00,489.784,0.0
2026-09-10 18:20:00,489.797,0.0
2026-09-10 18:30:00,489.797,0.0
2026-09-10 18:40:00,489.797,0.0
2026-09-10 18:50:00,489.804,0.0
2026-09-10 19:00:00,489.809,0.0
2026-09-10 19:10:00,489.823,0.0
2026-09-10 19:20:00,489.823,0.0
2026-09-10 19:30:00,489.816,0.0
2026-09-10 19:40:00,489.816,0.0
2026-09-10 19:50:00,489.823,0.0
2026-09-10 20:00:00,489.829,0.0
2026-09-10 20:10:00,489.828,0.0
2026-09-10 20:20:00,489.835,0.0
2026-09-10 20:30:00,489.842,0.0
2026-09-10 20:40:00,489.842,0.0
2026-09-10 20:50:00,489.842,0.0
2026-09-10 21:00:00,489.849,0.0
2026-09-10 21:10:00,489.849,0.0
2026-09-10 21:20:00,489.855,0.0
2026-09-10 21:30:00,489.855,0.0
2026-09-10 21:40:00,489.856,0.0
2026-09-10 21:50:00,489.862,0.0
2026-09-10 22:00:00,489.869,0.0
2026-09-10 22:10:00,489.862,0.0
2026-09-10 22:20:00,489.862,0.0
2026-09-10 22:30:00,489.869,0.6
2026-09-10 22:40:00,489.875,1.8
2026-09-10 22:50:00,489.882,3.0
2026-09-10 23:00:00,489.888,3.6
2026-09-10 23:10:00,489.888,1.0
2026-09-10 23:20:00,489.888,1.8
2026-09-10 23:30:00,489.894,2.0
2026-09-10 23:40:00,489.901,4.8
2026-09-10 23:50:00,489.901,5.0
2026-09-11 00:00:00,489.901,5.0
2026-09-11 00:10:00,489.907,0.0
2026-09-11 00:20:00,489.907,0.2
2026-09-11 00:30:00,489.913,0.4
2026-09-11 00:40:00,489.913,0.6
2026-09-11 00:50:00,489.919,0.8
2026-09-11 01:00:00,489.919,1.0
2026-09-11 01:10:00,489.926,0.0
2026-09-11 01:20:00,489.926,0.0
2026-09-11 01:30:00,489.926,0.0
2026-09-11 01:40:00,489.933,0.0
2026-09-11 01:50:00,489.933,0.0
2026-09-11 02:00:00,489.939,0.0
2026-09-11 02:10:00,489.939,0.0
2026-09-11 02:20:00,489.939,0.2
2026-09-11 02:30:00,489.946,0.2
2026-09-11 02:40:00,489.946,0.2
2026-09-11 02:50:00,489.946,0.2
2026-09-11 03:00:00,489.946,0.2
2026-09-11 03:10:00,489.953,0.0
2026-09-11 03:20:00,489.953,0.0
2026-09-11 03:30:00,489.953,0.0
2026-09-11 03:40:00,489.953,0.0
2026-09-11 03:50:00,489.952,0.0
2026-09-11 04:00:00,489.953,0.0
2026-09-11 04:10:00,489.96,0.0
2026-09-11 04:20:00,489.953,0.0
2026-09-11 04:30:00,489.96,0.0
2026-09-11 04:40:00,489.96,0.0
2026-09-11 04:50:00,489.96,0.0
2026-09-11 05:00:00,489.96,0.0
2026-09-11 05:10:00,489.96,0.0
2026-09-11 05:20:00,489.96,0.0
2026-09-11 05:30:00,489.966,0.0
2026-09-11 05:40:00,489.967,0.0
2026-09-11 05:50:00,489.967,0.0
2026-09-11 06:00:00,489.966,0.0
2026-09-11 06:10:00,489.966,0.0
2026-09-11 06:20:00,489.966,0.0
2026-09-11 06:30:00,489.966,0.0
2026-09-11 06:40:00,489.973,0.0
2026-09-11 06:50:00,489.966,0.0
2026-09-11 07:00:00,489.973,0.0
2026-09-11 07:10:00,489.973,0.0
2026-09-11 07:20:00,489.973,0.0
2026-09-11 07:30:00,489.973,0.0
2026-09-11 07:40:00,489.973,0.0
2026-09-11 07:50:00,489.973,0.0
2026-09-11 08:00:00,489.973,0.0
2026-09-11 08:10:00,489.972,0.0
2026-09-11 08:20:00,489.972,0.0
2026-09-11 08:30:00,489.973,0.0
2026-09-11 08:40:00,489.972,0.0
2026-09-11 08:50:00,489.979,0.0
2026-09-11 09:00:00,489.979,0.0
2026-09-11 09:10:00,489.973,0.0
2026-09-11 09:20:00,489.972,0.0
2026-09-11 09:30:00,489.975,0.0
2026-09-11 09:40:00,489.979,0.0
2026-09-11 09:50:00,489.972,0.0
2026-09-11 10:00:00,489.978,0.0
2026-09-11 10:10:00,489.979,0.0
2026-09-11 10:20:00,489.972,0.0
2026-09-11 10:30:00,489.972,0.0
2026-09-11 10:40:00,489.972,0.0
2026-09-11 10:50:00,489.971,0.0
2026-09-11 11:00:00,489.978,0.0
2026-09-11 11:10:00,489.971,0.0
2026-09-11 11:20:00,489.971,0.0
2026-09-11 11:30:00,489.979,0.0
2026-09-11 11:40:00,489.978,0.0
2026-09-11 11:50:00,489.978,0.0
2026-09-11 12:00:00,489.971,0.0
2026-09-11 12:10:00,489.971,0.0
2026-09-11 12:20:00,489.971,0.0
2026-09-11 12:30:00,489.978,0.0
2026-09-11 12:40:00,489.978,0.0
2026-09-11 12:50:00,489.978,0.0
2026-09-11 13:00:00,489.978,0.0
2026-09-11 13:10:00,489.971,0.0
2026-09-11 13:20:00,489.978,0.0
2026-09-11 13:30:00,489.978,0.0
2026-09-11 13:40:00,489.978,0.0
2026-09-11 13:50:00,489.978,0.0
2026-09-11 14:00:00,489.99,0.0
2026-09-11 14:10:00,489.996,0.0
2026-09-11 14:20:00,489.991,0.0
2026-09-11 14:30:00,489.978,0.0
2026-09-11 14:40:00,489.984,0.0
2026-09-11 14:50:00,489.991,0.0
2026-09-11 15:00:00,489.991,0.0
2026-09-11 15:10:00,489.991,0.0
2026-09-11 15:20:00,489.991,0.0
2026-09-11 15:30:00,489.991,0.0
2026-09-11 15:40:00,489.991,0.0
2026-09-11 15:50:00,489.984,0.0
2026-09-11 16:00:00,489.997,0.0
2026-09-11 16:10:00,489.991,0.0
2026-09-11 16:20:00,489.991,0.0
2026-09-11 16:30:00,489.997,0.0
2026-09-11 16:40:00,489.992,0.0
2026-09-11 16:50:00,489.992,0.2
2026-09-11 17:00:00,489.985,0.6
2026-09-11 17:10:00,489.986,0.0
2026-09-11 17:20:00,489.986,0.0
2026-09-11 17:30:00,489.979,0.0
2026-09-11 17:40:00,489.986,0.0
2026-09-11 17:50:00,489.986,0.0
2026-09-11 18:00:00,489.986,0.0
2026-09-11 18:10:00,489.992,0.0
2026-09-11 18:20:00,489.992,0.0
2026-09-11 18:30:00,489.992,0.0
2026-09-11 18:40:00,489.986,0.0
2026-09-11 19:00:00,489.986,0.0
2026-09-11 19:10:00,489.986,0.0
2026-09-11 19:20:00,489.986,0.0
2026-09-11 19:30:00,489.986,0.0
2026-09-11 19:40:00,489.986,0.0
2026-09-11 19:50:00,489.992,0.0
2026-09-11 20:00:00,489.986,0.0
2026-09-11 20:10:00,489.986,0.0
2026-09-11 20:20:00,489.979,0.0
2026-09-11 20:30:00,489.98,0.0
2026-09-11 20:50:00,489.979,0.0
2026-09-11 21:00:00,489.979,0.0
2026-09-11 21:10:00,489.979,0.0
2026-09-11 21:20:00,489.986,0.0
2026-09-11 21:30:00,489.979,0.0
2026-09-11 21:40:00,489.986,0.0
2026-09-11 21:50:00,489.98,0.0
2026-09-11 22:10:00,489.979,0.0
2026-09-11 22:20:00,489.979,0.0
2026-09-11 22:30:00,489.979,0.0
2026-09-11 22:40:00,489.979,0.0
2026-09-11 22:50:00,489.98,0.0
2026-09-11 23:00:00,489.98,0.0
2026-09-11 23:10:00,489.98,0.0
2026-09-11 23:20:00,489.98,0.0
2026-09-11 23:30:00,489.979,0.0
2026-09-11 23:40:00,489.986,0.0
2026-09-11 23:50:00,489.987,0.0
2026-09-12 00:00:00,489.98,0.0
2026-09-12 00:10:00,489.979,0.0
2026-09-12 00:20:00,489.986,0.0
2026-09-12 00:30:00,489.98,0.0
2026-09-12 00:40:00,489.98,0.0
2026-09-12 00:50:00,489.98,0.0
2026-09-12 01:00:00,489.98,0.0
2026-09-12 01:10:00,489.98,0.0
2026-09-12 01:20:00,489.98,0.0
2026-09-12 01:30:00,489.98,0.0
2026-09-12 01:40:00,489.979,0.0
2026-09-12 01:50:00,489.98,0.0
2026-09-12 02:00:00,489.98,0.0
2026-09-12 02:10:00,489.98,0.0
2026-09-12 02:20:00,489.979,0.0
2026-09-12 02:30:00,489.979,0.0
2026-09-12 02:40:00,489.98,0.0
2026-09-12 02:50:00,489.979,0.0
2026-09-12 03:00:00,489.979,0.0
2026-09-12 03:10:00,489.96,0.0
2026-09-12 03:20:00,489.973,0.0
2026-09-12 03:30:00,489.966,0.0
2026-09-12 03:40:00,489.973,0.0
2026-09-12 03:50:00,489.973,0.0
2026-09-12 04:00:00,489.973,0.0
2026-09-12 04:10:00,489.973,0.0
2026-09-12 04:20:00,489.973,0.0
2026-09-12 04:30:00,489.973,0.0
2026-09-12 04:40:00,489.973,0.0
2026-09-12 04:50:00,489.966,0.0
2026-09-12 05:00:00,489.973,0.0
2026-09-12 05:10:00,489.966,0.0
2026-09-12 05:20:00,489.966,0.0
2026-09-12 05:30:00,489.966,0.0
2026-09-12 05:40:00,489.966,0.0
2026-09-12 05:50:00,489.966,0.0
2026-09-12 06:00:00,489.966,0.0
2026-09-12 06:10:00,489.966,0.0
2026-09-12 06:20:00,489.966,0.0
2026-09-12 06:30:00,489.966,0.0
2026-09-12 06:40:00,489.966,0.0
2026-09-12 06:50:00,489.96,0.0
2026-09-12 07:00:00,489.966,0.0
2026-09-12 07:10:00,489.96,0.0
2026-09-12 07:20:00,489.966,0.0
2026-09-12 07:30:00,489.96,0.0
2026-09-12 07:40:00,489.96,0.0
2026-09-12 07:50:00,489.96,0.0
2026-09-12 08:00:00,489.96,0.0
2026-09-12 08:10:00,489.959,0.0
2026-09-12 08:20:00,489.952,0.0
2026-09-12 08:30:00,489.952,0.0
2026-09-12 08:40:00,489.952,0.0
2026-09-12 08:50:00,489.952,0.0
2026-09-12 09:00:00,489.951,0.0
2026-09-12 09:10:00,489.959,0.0
2026-09-12 09:30:00,489.952,0.0
2026-09-12 09:40:00,489.951,0.0
2026-09-12 09:50:00,489.951,0.0
2026-09-12 10:00:00,489.951,0.0
2026-09-12 10:10:00,489.945,0.0
2026-09-12 10:20:00,489.945,0.0
2026-09-12 10:30:00,489.951,0.0
2026-09-12 10:40:00,489.945,0.0
2026-09-12 10:50:00,489.945,0.0
2026-09-12 11:00:00,489.945,0.0
2026-09-12 11:10:00,489.944,0.0
2026-09-12 11:20:00,489.945,0.0
2026-09-12 11:30:00,489.944,0.0
2026-09-12 11:40:00,489.945,0.0
2026-09-12 11:50:00,489.945,0.0
2026-09-12 12:00:00,489.931,0.0
2026-09-12 12:10:00,489.937,0.0
2026-09-12 12:20:00,489.931,0.0
2026-09-12 12:30:00,489.931,0.0
2026-09-12 12:40:00,489.924,0.0
2026-09-12 12:50:00,489.931,0.0
2026-09-12 13:00:00,489.924,0.0
2026-09-12 13:10:00,489.931,0.0
2026-09-12 13:20:00,489.924,0.0
2026-09-12 13:30:00,489.924,0.0
2026-09-12 13:40:00,489.924,0.0
2026-09-12 13:50:00,489.931,0.0
2026-09-12 14:00:00,489.937,0.0
2026-09-12 14:10:00,489.944,0.0
2026-09-12 14:20:00,489.944,0.0
2026-09-12 14:30:00,489.937,0.0
2026-09-12 14:40:00,489.937,0.0
2026-09-12 14:50:00,489.937,0.0
2026-09-12 15:00:00,489.931,0.0
2026-09-12 15:10:00,489.931,0.0
2026-09-12 15:20:00,489.924,0.0
2026-09-12 15:30:00,489.931,0.0
2026-09-12 15:40:00,489.931,0.0
2026-09-12 15:50:00,489.931,0.0
2026-09-12 16:00:00,489.931,0.0
2026-09-12 16:10:00,489.931,0.0
2026-09-12 16:20:00,489.931,0.0
2026-09-12 16:30:00,489.937,0.0
2026-09-12 16:40:00,489.937,0.0
2026-09-12 16:50:00,489.937,0.0
2026-09-12 17:00:00,489.931,0.0
2026-09-12 17:10:00,489.924,0.0
2026-09-12 17:20:00,489.931,0.0
2026-09-12 17:30:00,489.931,0.0
2026-09-12 17:40:00,489.931,0.0
2026-09-12 17:50:00,489.931,0.0
2026-09-12 18:00:00,489.931,0.0
2026-09-12 18:10:00,489.924,0.0
2026-09-12 18:20:00,489.925,0.0
2026-09-12 18:30:00,489.925,0.0
2026-09-12 18:40:00,489.925,0.0
2026-09-12 18:50:00,489.925,0.0
2026-09-12 19:00:00,489.926,0.0
2026-09-12 19:10:00,489.919,0.0
2026-09-12 19:20:00,489.926,0.0
2026-09-12 19:30:00,489.926,0.0
2026-09-12 19:40:00,489.919,0.0
2026-09-12 19:50:00,489.92,0.0
2026-09-12 20:00:00,489.926,0.0
2026-09-12 20:10:00,489.919,0.0
2026-09-12 20:20:00,489.926,0.0
2026-09-12 20:30:00,489.926,0.0
2026-09-12 20:40:00,489.919,0.0
2026-09-12 20:50:00,489.926,0.0
2026-09-12 21:00:00,489.926,0.0
2026-09-12 21:10:00,489.919,0.0
2026-09-12 21:20:00,489.926,0.0
2026-09-12 21:30:00,489.926,0.0
2026-09-12 21:40:00,489.926,0.0
2026-09-12 21:50:00,489.919,0.0
2026-09-12 22:00:00,489.919,0.0
2026-09-12 22:10:00,489.919,0.0
2026-09-12 22:30:00,489.919,0.0
2026-09-12 22:40:00,489.919,0.0
2026-09-12 22:50:00,489.926,0.0
2026-09-12 23:00:00,489.919,0.0
2026-09-12 23:10:00,489.919,0.0
2026-09-12 23:20:00,489.919,0.0
2026-09-12 23:30:00,489.92,0.0
2026-09-12 23:40:00,489.919,0.0
2026-09-12 23:50:00,489.92,0.0
2026-09-13 00:00:00,489.919,0.0
2026-09-13 00:10:00,489.919,0.0
2026-09-13 00:20:00,489.919,0.0
2026-09-13 00:30:00,489.914,0.0
2026-09-13 00:50:00,489.913,0.0
2026-09-13 01:00:00,489.919,0.0
2026-09-13 01:10:00,489.92,0.0
2026-09-13 01:20:00,489.914,0.0
2026-09-13 01:30:00,489.914,0.0
2026-09-13 01:40:00,489.919,0.0
2026-09-13 01:50:00,489.914,0.0
2026-09-13 02:00:00,489.914,0.0
2026-09-13 02:10:00,489.914,0.0
2026-09-13 02:20:00,489.914,0.0
2026-09-13 02:30:00,489.914,0.0
2026-09-13 02:40:00,489.914,0.0
2026-09-13 02:50:00,489.914,0.0
2026-09-13 03:00:00,489.914,0.0
2026-09-13 03:10:00,489.914,0.0
2026-09-13 03:20:00,489.914,0.0
2026-09-13 03:30:00,489.914,0.0
2026-09-13 03:40:00,489.914,0.0
2026-09-13 03:50:00,489.914,0.0
2026-09-13 04:00:00,489.914,0.0
2026-09-13 04:10:00,489.914,0.0
2026-09-13 04:20:00,489.907,0.0
2026-09-13 04:30:00,489.907,0.0
2026-09-13 04:40:00,489.907,0.0
2026-09-13 04:50:00,489.914,0.0
2026-09-13 05:00:00,489.907,0.0
2026-09-13 05:10:00,489.907,0.0
2026-09-13 05:20:00,489.907,0.0
2026-09-13 05:30:00,489.907,0.0
2026-09-13 05:40:00,489.907,0.0
2026-09-13 05:50:00,489.914,0.0
2026-09-13 06:00:00,489.907,0.0
2026-09-13 06:10:00,489.907,0.0
2026-09-13 06:20:00,489.907,0.0
2026-09-13 06:30:00,489.888,0.0
2026-09-13 06:40:00,489.901,0.0
2026-09-13 06:50:00,489.901,0.0
2026-09-13 07:00:00,489.901,0.0
2026-09-13 07:10:00,489.901,0.0
2026-09-13 07:20:00,489.901,0.0
2026-09-13 07:30:00,489.901,0.0
2026-09-13 07:40:00,489.901,0.0
2026-09-13 07:50:00,489.9,0.0
2026-09-13 08:00:00,489.893,0.0
2026-09-13 08:10:00,489.9,0.0
2026-09-13 08:20:00,489.893,0.0
2026-09-13 08:30:00,489.893,0.0
2026-09-13 08:40:00,489.893,0.0
2026-09-13 08:50:00,489.893,0.0
2026-09-13 09:00:00,489.893,0.0
2026-09-13 09:10:00,489.893,0.0
2026-09-13 09:20:00,489.887,0.0
2026-09-13 09:30:00,489.887,0.0
2026-09-13 09:40:00,489.887,0.0
2026-09-13 09:50:00,489.887,0.0
2026-09-13 10:00:00,489.887,0.0
2026-09-13 10:10:00,489.887,0.0
2026-09-13 10:20:00,489.887,0.0
2026-09-13 10:30:00,489.88,0.0
2026-09-13 10:40:00,489.88,0.0
2026-09-13 10:50:00,489.887,0.0
2026-09-13 11:00:00,489.887,0.0
2026-09-13 11:10:00,489.892,0.0
2026-09-13 11:20:00,489.892,0.0
2026-09-13 11:30:00,489.892,0.0
2026-09-13 11:40:00,489.887,0.0
2026-09-13 11:50:00,489.887,0.0
2026-09-13 12:00:00,489.88,0.0
2026-09-13 12:10:00,489.88,0.0
2026-09-13 12:20:00,489.887,0.0
2026-09-13 12:30:00,489.88,0.0
2026-09-13 12:40:00,489.873,0.0
2026-09-13 12:50:00,489.88,0.0
2026-09-13 13:00:00,489.873,0.0
2026-09-13 13:10:00,489.873,0.0
2026-09-13 13:20:00,489.874,0.0
2026-09-13 13:30:00,489.873,0.0
2026-09-13 13:40:00,489.873,0.0
2026-09-13 13:50:00,489.887,0.0
2026-09-13 14:00:00,489.886,0.0
2026-09-13 14:10:00,489.873,0.0
2026-09-13 14:20:00,489.88,0.0
2026-09-13 14:30:00,489.88,0.0
2026-09-13 14:40:00,489.892,0.0
2026-09-13 14:50:00,489.873,0.0
2026-09-13 15:00:00,489.873,0.0
2026-09-13 15:10:00,489.887,0.0
2026-09-13 15:20:00,489.88,0.0
2026-09-13 15:30:00,489.88,0.0
2026-09-13 15:40:00,489.88,0.0
2026-09-13 15:50:00,489.873,0.0
2026-09-13 16:00:00,489.873,0.0
2026-09-13 16:10:00,489.873,0.0
2026-09-13 16:20:00,489.88,0.0
2026-09-13 16:30:00,489.88,0.0
2026-09-13 16:40:00,489.887,0.0
2026-09-13 16:50:00,489.88,0.0
2026-09-13 17:00:00,489.874,0.0
2026-09-13 17:10:00,489.88,0.0
2026-09-13 17:20:00,489.873,0.0
2026-09-13 17:30:00,489.88,0.0
2026-09-13 17:40:00,489.88,0.0
2026-09-13 17:50:00,489.88,0.0
2026-09-13 18:00:00,489.874,0.0
2026-09-13 18:10:00,489.874,0.0
2026-09-13 18:20:00,489.868,0.0
2026-09-13 18:30:00,489.868,0.0
2026-09-13 18:40:00,489.869,0.0
2026-09-13 18:50:00,489.868,0.0
2026-09-13 19:00:00,489.869,0.0
2026-09-13 19:10:00,489.868,0.0
2026-09-13 19:20:00,489.875,0.0
2026-09-13 19:30:00,489.875,0.0
2026-09-13 19:40:00,489.875,0.0
2026-09-13 19:50:00,489.869,0.0
2026-09-13 20:00:00,489.875,0.0
2026-09-13 20:10:00,489.875,0.0
2026-09-13 20:20:00,489.875,0.0
2026-09-13 20:30:00,489.875,0.0
2026-09-13 20:40:00,489.869,0.0
2026-09-13 20:50:00,489.875,0.0
2026-09-13 21:00:00,489.875,0.0
2026-09-13 21:10:00,489.869,0.0
2026-09-13 21:20:00,489.876,0.0
2026-09-13 21:30:00,489.869,0.0
2026-09-13 21:40:00,489.875,0.0
2026-09-13 21:50:00,489.875,0.0
2026-09-13 22:00:00,489.875,0.0
2026-09-13 22:10:00,489.875,0.0
2026-09-13 22:20:00,489.869,0.0
2026-09-13 22:30:00,489.869,0.0
2026-09-13 22:40:00,489.869,0.0
2026-09-13 22:50:00,489.876,0.0
2026-09-13 23:00:00,489.869,0.0
2026-09-13 23:10:00,489.869,0.0
2026-09-13 23:20:00,489.869,0.0
2026-09-13 23:30:00,489.869,0.0
2026-09-13 23:40:00,489.869,0.0
2026-09-13 23:50:00,489.868,0.0
2026-09-14 00:00:00,489.869,0.0
2026-09-14 00:10:00,489.869,0.0
2026-09-14 00:20:00,489.869,0.0
2026-09-14 00:30:00,489.869,0.0
2026-09-14 00:40:00,489.869,0.0
2026-09-14 00:50:00,489.862,0.0
2026-09-14 01:00:00,489.862,0.0
2026-09-14 01:10:00,489.869,0.0
2026-09-14 01:20:00,489.869,0.0
2026-09-14 01:30:00,489.869,0.0
2026-09-14 01:40:00,489.862,0.0
2026-09-14 01:50:00,489.862,0.0
2026-09-14 02:00:00,489.862,0.0
2026-09-14 02:10:00,489.869,0.0
2026-09-14 02:20:00,489.869,0.0
2026-09-14 02:30:00,489.869,0.0
2026-09-14 02:40:00,489.862,0.0
2026-09-14 02:50:00,489.869,0.0
2026-09-14 03:00:00,489.862,0.0
2026-09-14 03:10:00,489.869,0.0
2026-09-14 03:20:00,489.862,0.0
2026-09-14 03:30:00,489.869,0.0
2026-09-14 03:40:00,489.869,0.0
2026-09-14 03:50:00,489.869,0.0
2026-09-14 04:00:00,489.869,0.0
2026-09-14 04:10:00,489.869,0.0
2026-09-14 04:20:00,489.862,0.0
2026-09-14 04:30:00,489.862,0.0
2026-09-14 04:40:00,489.862,0.0
2026-09-14 04:50:00,489.869,0.0
2026-09-14 05:00:00,489.862,0.0
2026-09-14 05:10:00,489.862,0.0
2026-09-14 05:20:00,489.862,0.0
2026-09-14 05:30:00,489.862,0.0
2026-09-14 05:40:00,489.856,0.0
2026-09-14 05:50:00,489.862,0.0
2026-09-14 06:00:00,489.856,0.0
2026-09-14 06:10:00,489.856,0.0
2026-09-14 06:20:00,489.863,0.0
2026-09-14 06:30:00,489.862,0.0
2026-09-14 06:40:00,489.862,0.0
2026-09-14 06:50:00,489.862,0.0
2026-09-14 07:00:00,489.856,0.0
2026-09-14 07:10:00,489.856,0.0
2026-09-14 07:20:00,489.856,0.0
2026-09-14 07:30:00,489.855,0.0
2026-09-14 07:40:00,489.855,0.0
2026-09-14 07:50:00,489.855,0.0
2026-09-14 08:00:00,489.855,0.0
2026-09-14 08:10:00,489.855,0.0
2026-09-14 08:20:00,489.855,0.0
2026-09-14 08:30:00,489.855,0.0
2026-09-14 08:40:00,489.855,0.0
2026-09-14 08:50:00,489.847,0.0
2026-09-14 09:00:00,489.848,0.0
2026-09-14 09:10:00,489.847,0.0
2026-09-14 09:20:00,489.847,0.0
2026-09-14 09:30:00,489.853,0.0
2026-09-14 09:40:00,489.855,0.0
2026-09-14 09:50:00,489.847,0.0
2026-09-14 10:00:00,489.848,0.0
2026-09-14 10:10:00,489.847,0.0
2026-09-14 10:20:00,489.847,0.0
2026-09-14 10:30:00,489.847,0.0
2026-09-14 10:40:00,489.841,0.0
2026-09-14 10:50:00,489.847,0.0
2026-09-14 11:00:00,489.847,0.0
2026-09-14 11:10:00,489.841,0.0
2026-09-14 11:20:00,489.841,0.0
2026-09-14 11:30:00,489.841,0.0
2026-09-14 11:40:00,489.855,0.0
2026-09-14 11:50:00,489.841,0.0
2026-09-14 12:00:00,489.841,0.0
2026-09-14 12:10:00,489.841,0.0
2026-09-14 12:20:00,489.841,0.0
2026-09-14 12:30:00,489.841,0.0
2026-09-14 12:40:00,489.847,0.0
2026-09-14 12:50:00,489.841,0.0
2026-09-14 13:00:00,489.841,0.0
2026-09-14 13:10:00,489.841,0.0
2026-09-14 13:20:00,489.841,0.0
2026-09-14 13:30:00,489.841,0.0
2026-09-14 13:40:00,489.834,0.0
2026-09-14 13:50:00,489.847,0.0
2026-09-14 14:00:00,489.841,0.0
2026-09-14 14:10:00,489.854,0.0
2026-09-14 14:20:00,489.841,0.0
2026-09-14 14:30:00,489.847,0.0
2026-09-14 14:40:00,489.847,0.0
2026-09-14 14:50:00,489.847,0.0
2026-09-14 15:00:00,489.841,0.0
2026-09-14 15:10:00,489.841,0.0
2026-09-14 15:20:00,489.841,0.0
2026-09-14 15:30:00,489.848,0.0
2026-09-14 15:40:00,489.841,0.0
2026-09-14 15:50:00,489.847,0.0
2026-09-14 16:00:00,489.848,0.0
2026-09-14 16:10:00,489.841,0.0
2026-09-14 16:20:00,489.841,0.0
2026-09-14 16:30:00,489.841,0.0
2026-09-14 16:40:00,489.841,0.0
2026-09-14 16:50:00,489.841,0.0
2026-09-14 17:00:00,489.834,0.0
2026-09-14 17:10:00,489.834,0.0
2026-09-14 17:20:00,489.841,0.0
2026-09-14 17:30:00,489.841,0.0
2026-09-14 17:40:00,489.841,0.0
2026-09-14 17:50:00,489.841,0.0
2026-09-14 18:00:00,489.841,0.0
2026-09-14 18:10:00,489.848,0.0
2026-09-14 18:20:00,489.841,0.0
2026-09-14 18:30:00,489.841,0.0
2026-09-14 18:40:00,489.848,0.0
2026-09-14 18:50:00,489.848,0.0
2026-09-14 19:00:00,489.848,0.0
2026-09-14 19:10:00,489.848,0.0
2026-09-14 19:20:00,489.849,0.0
2026-09-14 19:30:00,489.842,0.0
2026-09-14 19:40:00,489.849,0.0
2026-09-14 19:50:00,489.841,0.0
2026-09-14 20:00:00,489.841,0.0
2026-09-14 20:10:00,489.842,0.0
2026-09-14 20:30:00,489.842,0.0
2026-09-14 20:40:00,489.842,0.0
2026-09-14 20:50:00,489.841,0.0
2026-09-14 21:00:00,489.842,0.0
2026-09-14 21:10:00,489.841,0.0
2026-09-14 21:20:00,489.841,0.0
2026-09-14 21:30:00,489.841,0.0
2026-09-14 21:40:00,489.842,0.0
2026-09-14 21:50:00,489.841,0.0
2026-09-14 22:00:00,489.842,0.0
2026-09-14 22:10:00,489.842,0.0
2026-09-14 22:20:00,489.842,0.0
2026-09-14 22:30:00,489.842,0.0
2026-09-14 22:40:00,489.849,0.0
2026-09-14 22:50:00,489.842,0.0
2026-09-14 23:00:00,489.848,0.0
2026-09-14 23:10:00,489.842,0.0
2026-09-14 23:20:00,489.842,0.0
2026-09-14 23:30:00,489.842,0.0
2026-09-14 23:40:00,489.842,0.0
2026-09-14 23:50:00,489.842,0.0
2026-09-15 00:00:00,489.835,0.0
2026-09-15 00:10:00,489.842,0.0
2026-09-15 00:20:00,489.841,0.0
2026-09-15 00:30:00,489.835,0.0
2026-09-15 00:40:00,489.842,0.0
2026-09-15 00:50:00,489.835,0.0
2026-09-15 01:00:00,489.836,0.0
2026-09-15 01:10:00,489.842,0.0
2026-09-15 01:20:00,489.835,0.0
2026-09-15 01:30:00,489.842,0.0
2026-09-15 01:40:00,489.842,0.0
2026-09-15 01:50:00,489.842,0.0
2026-09-15 02:00:00,489.835,0.0
2026-09-15 02:10:00,489.835,0.0
2026-09-15 02:20:00,489.836,0.0
2026-09-15 02:30:00,489.836,0.0
2026-09-15 02:40:00,489.836,0.0
2026-09-15 02:50:00,489.835,0.0
2026-09-15 03:00:00,489.836,0.0
2026-09-15 03:10:00,489.835,0.0
2026-09-15 03:20:00,489.836,0.0
2026-09-15 03:30:00,489.835,0.0
2026-09-15 03:40:00,489.836,0.0
2026-09-15 03:50:00,489.835,0.0
2026-09-15 04:00:00,489.835,0.0
2026-09-15 04:10:00,489.836,0.0
2026-09-15 04:20:00,489.835,0.0
2026-09-15 04:30:00,489.835,0.0
2026-09-15 04:40:00,489.829,0.0
2026-09-15 04:50:00,489.829,0.0
2026-09-15 05:00:00,489.829,0.0
2026-09-15 05:10:00,489.829,0.0
2026-09-15 05:20:00,489.828,0.0
2026-09-15 05:30:00,489.829,0.0
2026-09-15 05:40:00,489.829,0.0
2026-09-15 05:50:00,489.829,0.0
2026-09-15 06:00:00,489.829,0.0
2026-09-15 06:10:00,489.829,0.0
2026-09-15 06:20:00,489.836,0.0
2026-09-15 06:30:00,489.828,0.0
2026-09-15 06:40:00,489.828,0.0
2026-09-15 06:50:00,489.829,0.0
2026-09-15 07:00:00,489.823,0.0
2026-09-15 07:10:00,489.828,0.0
2026-09-15 07:20:00,489.828,0.0
2026-09-15 07:30:00,489.823,0.0
2026-09-15 07:40:00,489.829,0.0
2026-09-15 07:50:00,489.828,0.0
2026-09-15 08:00:00,489.828,0.0
2026-09-15 08:10:00,489.828,0.0
2026-09-15 08:20:00,489.822,0.0
2026-09-15 08:30:00,489.823,0.0
2026-09-15 08:40:00,489.822,0.0
2026-09-15 08:50:00,489.828,0.0
2026-09-15 09:00:00,489.828,0.0
2026-09-15 09:10:00,489.822,0.0
2026-09-15 09:20:00,489.828,0.0
2026-09-15 09:30:00,489.822,0.0
2026-09-15 09:40:00,489.828,0.0
2026-09-15 09:50:00,489.822,0.0
2026-09-15 10:00:00,489.822,0.0
2026-09-15 10:10:00,489.822,0.0
2026-09-15 10:20:00,489.822,0.0
2026-09-15 10:30:00,489.821,0.0
2026-09-15 10:40:00,489.828,0.0
2026-09-15 10:50:00,489.828,0.0
2026-09-15 11:00:00,489.828,0.0
2026-09-15 11:10:00,489.828,0.0
2026-09-15 11:20:00,489.828,0.0
2026-09-15 11:30:00,489.827,0.0
2026-09-15 11:40:00,489.828,0.0
2026-09-15 11:50:00,489.821,0.0
2026-09-15 12:00:00,489.821,0.0
2026-09-15 12:10:00,489.822,0.0
2026-09-15 12:20:00,489.828,0.0
2026-09-15 12:30:00,489.828,0.0
2026-09-15 12:40:00,489.821,0.0
2026-09-15 12:50:00,489.822,0.0
2026-09-15 13:00:00,489.822,0.0
2026-09-15 13:10:00,489.828,0.0
2026-09-15 13:20:00,489.822,0.6
2026-09-15 13:30:00,489.828,1.0
2026-09-15 13:40:00,489.822,1.0
2026-09-15 13:50:00,489.816,1.0
2026-09-15 14:00:00,489.815,1.0
2026-09-15 14:10:00,489.822,0.0
2026-09-15 14:20:00,489.822,0.0
2026-09-15 14:30:00,489.821,0.0
2026-09-15 14:40:00,489.822,0.0
2026-09-15 14:50:00,489.822,0.0
2026-09-15 15:00:00,489.815,0.0
2026-09-15 15:10:00,489.821,0.0
2026-09-15 15:20:00,489.815,0.0
2026-09-15 15:30:00,489.822,0.0
2026-09-15 15:40:00,489.821,0.0
2026-09-15 15:50:00,489.821,0.0
2026-09-15 16:00:00,489.821,0.0
2026-09-15 16:10:00,489.822,0.0
2026-09-15 16:20:00,489.821,0.0
2026-09-15 16:30:00,489.822,0.0
2026-09-15 16:40:00,489.828,0.0
2026-09-15 16:50:00,489.822,0.0
2026-09-15 17:00:00,489.822,0.0
2026-09-15 17:10:00,489.815,0.0
2026-09-15 17:20:00,489.822,0.0
2026-09-15 17:30:00,489.822,0.0
2026-09-15 17:40:00,489.828,0.0
2026-09-15 17:50:00,489.822,0.0
2026-09-15 18:00:00,489.822,0.0
2026-09-15 18:10:00,489.821,0.0
2026-09-15 18:20:00,489.823,0.0
2026-09-15 18:30:00,489.822,0.0
2026-09-15 18:40:00,489.822,0.0
2026-09-15 18:50:00,489.822,0.0
2026-09-15 19:00:00,489.823,0.0
2026-09-15 19:10:00,489.822,0.0
2026-09-15 19:20:00,489.823,0.0
2026-09-15 19:30:00,489.822,0.0
2026-09-15 19:40:00,489.823,0.0
2026-09-15 19:50:00,489.828,0.0
2026-09-15 20:00:00,489.822,0.0
2026-09-15 20:10:00,489.823,0.0
2026-09-15 20:20:00,489.823,0.0
2026-09-15 20:30:00,489.823,0.0
2026-09-15 20:40:00,489.823,0.0
2026-09-15 20:50:00,489.822,0.0
2026-09-15 21:00:00,489.823,0.0
2026-09-15 21:10:00,489.822,0.0
2026-09-15 21:20:00,489.816,0.0
2026-09-15 21:30:00,489.823,0.0
2026-09-15 21:40:00,489.823,0.0
2026-09-15 21:50:00,489.822,0.0
2026-09-15 22:00:00,489.823,0.0
2026-09-15 22:10:00,489.823,0.0
2026-09-15 22:20:00,489.823,0.0
2026-09-15 22:30:00,489.823,0.0
2026-09-15 22:40:00,489.823,0.0
2026-09-15 22:50:00,489.822,0.0
2026-09-15 23:00:00,489.823,0.0
2026-09-15 23:10:00,489.823,0.0
2026-09-15 23:20:00,489.823,0.0
2026-09-15 23:30:00,489.823,0.0
2026-09-15 23:40:00,489.816,0.0
2026-09-15 23:50:00,489.823,0.0
2026-09-16 00:00:00,489.823,0.0
2026-09-16 00:10:00,489.823,0.0
2026-09-16 00:20:00,489.823,0.2
2026-09-16 00:30:00,489.823,0.2
2026-09-16 00:40:00,489.823,0.2
2026-09-16 00:50:00,489.816,0.2
2026-09-16 01:00:00,489.823,0.2
2026-09-16 01:10:00,489.823,0.0
2026-09-16 01:20:00,489.817,0.0
2026-09-16 01:30:00,489.823,0.0
2026-09-16 01:40:00,489.816,0.0
2026-09-16 01:50:00,489.823,0.0
2026-09-16 02:00:00,489.816,0.0
2026-09-16 02:10:00,489.816,0.0
2026-09-16 02:20:00,489.823,0.0
2026-09-16 02:30:00,489.817,0.0
2026-09-16 02:40:00,489.817,0.0
2026-09-16 02:50:00,489.817,0.0
2026-09-16 03:00:00,489.817,0.0
2026-09-16 03:10:00,489.816,0.0
2026-09-16 03:20:00,489.816,0.2
2026-09-16 03:30:00,489.816,0.8
2026-09-16 03:40:00,489.816,1.0
2026-09-16 03:50:00,489.816,1.0
2026-09-16 04:10:00,489.823,0.2
2026-09-16 04:20:00,489.797,0.2
2026-09-16 04:30:00,489.816,0.2
2026-09-16 04:40:00,489.809,0.2
2026-09-16 04:50:00,489.816,0.4
2026-09-16 05:00:00,489.816,0.4
2026-09-16 05:10:00,489.816,0.0
2026-09-16 05:20:00,489.817,0.0
2026-09-16 05:30:00,489.817,0.0
2026-09-16 05:40:00,489.817,0.0
2026-09-16 05:50:00,489.816,0.0
2026-09-16 06:00:00,489.816,0.0
2026-09-16 06:10:00,489.816,0.0
2026-09-16 06:20:00,489.817,0.0
2026-09-16 06:30:00,489.817,0.0
2026-09-16 06:40:00,489.81,0.0
2026-09-16 06:50:00,489.816,0.0
2026-09-16 07:00:00,489.81,0.0
2026-09-16 07:10:00,489.816,0.0
2026-09-16 07:20:00,489.816,0.0
2026-09-16 07:30:00,489.816,0.0
2026-09-16 07:40:00,489.817,0.0
2026-09-16 07:50:00,489.809,0.0
2026-09-16 08:00:00,489.81,0.2
2026-09-16 08:10:00,489.816,3.4
2026-09-16 08:20:00,489.816,5.8
2026-09-16 08:30:00,489.817,6.4
2026-09-16 08:40:00,489.816,6.8
2026-09-16 08:50:00,489.816,7.2
2026-09-16 09:00:00,489.817,7.8
2026-09-16 09:10:00,489.816,0.6
2026-09-16 09:20:00,489.816,1.2
2026-09-16 09:30:00,489.816,1.6
2026-09-16 09:40:00,489.816,1.6
2026-09-16 09:50:00,489.809,1.6
2026-09-16 10:00:00,489.809,1.6
2026-09-16 10:10:00,489.816,0.0
2026-09-16 10:20:00,489.815,0.0
2026-09-16 10:30:00,489.815,0.0
2026-09-16 10:40:00,489.816,0.0
2026-09-16 10:50:00,489.815,0.0
2026-09-16 11:00:00,489.815,0.0
2026-09-16 11:10:00,489.815,0.0
2026-09-16 11:20:00,489.815,0.0
2026-09-16 11:30:00,489.815,0.0
2026-09-16 11:40:00,489.815,0.0
2026-09-16 11:50:00,489.821,0.0
2026-09-16 12:00:00,489.815,0.0
2026-09-16 12:10:00,489.822,0.0
2026-09-16 12:20:00,489.819,0.0
2026-09-16 12:30:00,489.815,0.0
2026-09-16 12:40:00,489.815,0.0
2026-09-16 12:50:00,489.814,0.0
2026-09-16 13:00:00,489.808,0.0
2026-09-16 13:10:00,489.815,0.0
2026-09-16 13:20:00,489.814,0.0
2026-09-16 13:30:00,489.809,0.0
2026-09-16 13:40:00,489.808,0.0
2026-09-16 13:50:00,489.808,0.0
2026-09-16 14:00:00,489.815,0.0
2026-09-16 14:10:00,489.808,0.0
2026-09-16 14:20:00,489.814,0.0
2026-09-16 14:30:00,489.809,0.0
2026-09-16 14:40:00,489.808,0.0
2026-09-16 14:50:00,489.808,0.0
2026-09-16 15:00:00,489.811,0.0
2026-09-16 15:10:00,489.814,0.0
2026-09-16 15:20:00,489.815,0.0
2026-09-16 15:30:00,489.815,0.0
2026-09-16 15:50:00,489.809,0.0
2026-09-16 16:00:00,489.809,0.0
2026-09-16 16:10:00,489.809,0.0
2026-09-16 16:20:00,489.809,0.0
2026-09-16 16:30:00,489.809,0.0
2026-09-16 16:40:00,489.809,0.0
2026-09-16 16:50:00,489.809,0.0
2026-09-16 17:00:00,489.809,0.0
2026-09-16 17:10:00,489.809,0.0
2026-09-16 17:20:00,489.809,0.0
2026-09-16 17:30:00,489.809,0.0
2026-09-16 17:40:00,489.809,0.0
2026-09-16 17:50:00,489.809,0.0
2026-09-16 18:00:00,489.815,0.0
2026-09-16 18:10:00,489.809,0.0
2026-09-16 18:20:00,489.815,0.0
2026-09-16 18:30:00,489.815,0.0
2026-09-16 18:40:00,489.815,0.0
2026-09-16 18:50:00,489.809,0.0
2026-09-16 19:00:00,489.816,0.0
2026-09-16 19:10:00,489.809,0.0
2026-09-16 19:20:00,489.809,0.0
2026-09-16 19:30:00,489.809,0.0
2026-09-16 19:40:00,489.809,0.0
2026-09-16 19:50:00,489.816,0.0
2026-09-16 20:00:00,489.816,0.0
2026-09-16 20:10:00,489.816,0.0
2026-09-16 20:20:00,489.816,0.0
2026-09-16 20:30:00,489.816,0.0
2026-09-16 20:40:00,489.816,0.0
2026-09-16 20:50:00,489.816,0.0
2026-09-16 21:00:00,489.816,0.0
2026-09-16 21:10:00,489.823,0.0
2026-09-16 21:20:00,489.816,0.0
2026-09-16 21:30:00,489.823,0.0
2026-09-16 21:40:00,489.822,0.0
2026-09-16 21:50:00,489.823,0.0
2026-09-16 22:00:00,489.823,0.0
2026-09-16 22:10:00,489.816,0.0
2026-09-16 22:20:00,489.823,0.0
2026-09-16 22:30:00,489.823,0.0
2026-09-16 22:40:00,489.817,0.0
2026-09-16 22:50:00,489.816,0.0
2026-09-16 23:00:00,489.816,0.0
2026-09-16 23:10:00,489.816,0.0
2026-09-16 23:20:00,489.817,0.0
2026-09-16 23:30:00,489.816,0.0
2026-09-16 23:40:00,489.816,0.0
2026-09-16 23:50:00,489.816,0.0
2026-09-17 00:00:00,489.816,0.0
2026-09-17 00:10:00,489.816,0.0
2026-09-17 00:20:00,489.816,0.0
2026-09-17 00:30:00,489.822,0.0
2026-09-17 00:40:00,489.823,0.0
2026-09-17 00:50:00,489.822,0.0
2026-09-17 01:00:00,489.823,0.0
2026-09-17 01:10:00,489.809,0.0
2026-09-17 01:20:00,489.816,0.0
2026-09-17 01:30:00,489.809,0.0
2026-09-17 01:40:00,489.809,0.0
2026-09-17 01:50:00,489.809,0.0
2026-09-17 02:00:00,489.809,0.0
2026-09-17 02:10:00,489.816,0.0
2026-09-17 02:20:00,489.816,0.0
2026-09-17 02:30:00,489.816,0.0
2026-09-17 02:40:00,489.822,0.0
2026-09-17 02:50:00,489.816,0.0
2026-09-17 03:00:00,489.816,0.0
2026-09-17 03:10:00,489.823,0.0
2026-09-17 03:20:00,489.816,0.0
2026-09-17 03:30:00,489.816,0.0
2026-09-17 03:40:00,489.823,0.0
2026-09-17 03:50:00,489.823,0.0
2026-09-17 04:00:00,489.823,0.0
2026-09-17 04:10:00,489.823,0.0
2026-09-17 04:20:00,489.823,0.0
2026-09-17 04:30:00,489.823,0.0
2026-09-17 04:40:00,489.823,0.0
2026-09-17 04:50:00,489.823,0.0
2026-09-17 05:00:00,489.816,0.0
2026-09-17 05:10:00,489.81,0.0
2026-09-17 05:20:00,489.816,0.0
2026-09-17 05:30:00,489.816,0.0
2026-09-17 05:40:00,489.81,0.0
2026-09-17 05:50:00,489.816,0.0
2026-09-17 06:00:00,489.809,0.0
2026-09-17 06:10:00,489.809,0.0
2026-09-17 06:20:00,489.816,0.0
2026-09-17 06:30:00,489.809,0.0
2026-09-17 06:40:00,489.816,0.0
2026-09-17 06:50:00,489.809,0.0
2026-09-17 07:00:00,489.809,0.0
2026-09-17 07:10:00,489.816,0.0
2026-09-17 07:20:00,489.817,0.0
2026-09-17 07:30:00,489.816,0.0
2026-09-17 07:40:00,489.816,0.0
2026-09-17 07:50:00,489.816,0.0
2026-09-17 08:00:00,489.809,0.0
2026-09-17 08:10:00,489.815,0.0
2026-09-17 08:20:00,489.816,0.0
2026-09-17 08:30:00,489.809,0.0
2026-09-17 08:50:00,489.809,0.0
2026-09-17 09:00:00,489.803,0.0
2026-09-17 09:10:00,489.802,0.0
2026-09-17 09:20:00,489.802,0.0
2026-09-17 09:30:00,489.796,0.0
2026-09-17 09:40:00,489.802,0.0
2026-09-17 09:50:00,489.808,0.0
2026-09-17 10:10:00,489.809,0.0
2026-09-17 10:20:00,489.815,0.0
2026-09-17 10:30:00,489.809,0.0
2026-09-17 10:40:00,489.802,0.0
2026-09-17 10:50:00,489.802,0.0
2026-09-17 11:00:00,489.814,0.0
2026-09-17 11:10:00,489.814,0.0
2026-09-17 11:20:00,489.814,0.0
2026-09-17 11:30:00,489.814,0.0
2026-09-17 11:40:00,489.814,0.0
2026-09-17 11:50:00,489.815,0.0
2026-09-17 12:00:00,489.809,0.0
2026-09-17 12:10:00,489.815,0.0
2026-09-17 12:20:00,489.821,0.0
2026-09-17 12:30:00,489.821,0.0
2026-09-17 12:40:00,489.821,0.0
2026-09-17 12:50:00,489.815,0.0
2026-09-17 13:00:00,489.822,0.0
2026-09-17 13:10:00,489.822,0.0
2026-09-17 13:20:00,489.822,0.0
2026-09-17 13:30:00,489.816,0.0
2026-09-17 13:40:00,489.816,0.0
2026-09-17 13:50:00,489.816,0.0
2026-09-17 14:00:00,489.816,0.0
2026-09-17 14:10:00,489.815,0.0
2026-09-17 14:20:00,489.816,0.0
2026-09-17 14:30:00,489.796,0.0
2026-09-17 14:40:00,489.796,0.0
2026-09-17 14:50:00,489.796,0.0
2026-09-17 15:00:00,489.797,0.0
2026-09-17 15:10:00,489.803,0.0
2026-09-17 15:20:00,489.796,0.0
2026-09-17 15:30:00,489.796,0.0
2026-09-17 15:40:00,489.797,0.0
2026-09-17 15:50:00,489.791,0.0
2026-09-17 16:00:00,489.79,0.0
2026-09-17 16:10:00,489.791,0.0
2026-09-17 16:20:00,489.796,0.0
2026-09-17 16:30:00,489.796,0.0
2026-09-17 16:40:00,489.796,0.0
2026-09-17 16:50:00,489.79,0.0
2026-09-17 17:00:00,489.79,0.0
2026-09-17 17:10:00,489.796,0.0
2026-09-17 17:20:00,489.796,0.0
2026-09-17 17:30:00,489.796,0.0
2026-09-17 17:40:00,489.796,0.0
2026-09-17 17:50:00,489.803,0.0
2026-09-17 18:00:00,489.797,0.0
2026-09-17 18:10:00,489.797,0.0
2026-09-17 18:20:00,489.797,0.0
2026-09-17 18:30:00,489.784,0.0
2026-09-17 18:40:00,489.784,0.0
2026-09-17 18:50:00,489.785,0.0
2026-09-17 19:00:00,489.785,0.0
2026-09-17 19:10:00,489.784,0.0
2026-09-17 19:20:00,489.784,0.0
2026-09-17 19:30:00,489.785,0.0
2026-09-17 19:40:00,489.784,0.0
2026-09-17 19:50:00,489.784,0.0
2026-09-17 20:00:00,489.791,0.0
2026-09-17 20:10:00,489.784,0.0
2026-09-17 20:20:00,489.778,0.0
2026-09-17 20:30:00,489.778,0.0
2026-09-17 20:40:00,489.778,0.0
2026-09-17 20:50:00,489.785,0.0
2026-09-17 21:00:00,489.778,0.0
2026-09-17 21:10:00,489.785,0.0
2026-09-17 21:20:00,489.785,0.0
2026-09-17 21:30:00,489.779,0.0
2026-09-17 21:40:00,489.778,0.0
2026-09-17 21:50:00,489.778,0.0
2026-09-17 22:00:00,489.779,0.0
2026-09-17 22:10:00,489.778,0.0
2026-09-17 22:20:00,489.779,0.0
2026-09-17 22:30:00,489.778,0.0
2026-09-17 22:40:00,489.778,0.0
2026-09-17 22:50:00,489.778,0.0
2026-09-17 23:00:00,489.777,0.0
2026-09-17 23:10:00,489.778,0.0
2026-09-17 23:20:00,489.778,0.0
2026-09-17 23:30:00,489.778,0.0
2026-09-17 23:40:00,489.778,0.0
2026-09-17 23:50:00,489.773,0.0
2026-09-18 00:00:00,489.778,0.0
2026-09-18 00:10:00,489.778,0.0
2026-09-18 00:20:00,489.778,0.0
2026-09-18 00:30:00,489.772,0.0
2026-09-18 00:40:00,489.765,0.0
2026-09-18 00:50:00,489.765,0.0
2026-09-18 01:00:00,489.765,0.0
2026-09-18 01:10:00,489.765,0.0
2026-09-18 01:20:00,489.773,0.0
2026-09-18 01:30:00,489.765,0.0
2026-09-18 01:40:00,489.759,0.0
2026-09-18 01:50:00,489.759,0.0
2026-09-18 02:00:00,489.759,0.0
2026-09-18 02:10:00,489.759,0.0
2026-09-18 02:20:00,489.759,0.0
2026-09-18 02:30:00,489.766,0.0
2026-09-18 02:40:00,489.766,0.0
2026-09-18 02:50:00,489.766,0.0
2026-09-18 03:00:00,489.759,0.0
2026-09-18 03:10:00,489.765,0.0
2026-09-18 03:20:00,489.765,0.0
2026-09-18 03:30:00,489.759,0.0
2026-09-18 03:40:00,489.759,0.0
2026-09-18 03:50:00,489.759,0.0
2026-09-18 04:00:00,489.759,0.0
2026-09-18 04:10:00,489.759,0.0
2026-09-18 04:20:00,489.759,0.0
2026-09-18 04:30:00,489.759,0.0
2026-09-18 04:40:00,489.765,0.0
2026-09-18 04:50:00,489.759,0.0
2026-09-18 05:00:00,489.759,0.0
2026-09-18 05:10:00,489.759,0.0
2026-09-18 05:20:00,489.759,0.0
2026-09-18 05:30:00,489.759,0.0
2026-09-18 05:40:00,489.746,0.0
2026-09-18 05:50:00,489.753,0.0
2026-09-18 06:00:00,489.753,0.0
2026-09-18 06:20:00,489.753,0.0
2026-09-18 06:30:00,489.753,0.0
2026-09-18 06:40:00,489.753,0.0
2026-09-18 06:50:00,489.753,0.0
2026-09-18 07:00:00,489.753,0.0
2026-09-18 07:10:00,489.753,0.0
2026-09-18 07:20:00,489.746,0.0
2026-09-18 07:30:00,489.745,0.0
2026-09-18 07:40:00,489.746,0.0
2026-09-18 07:50:00,489.746,0.0
2026-09-18 08:00:00,489.746,0.0
2026-09-18 08:10:00,489.745,0.2
2026-09-18 08:20:00,489.739,0.4
2026-09-18 08:40:00,489.745,0.4
2026-09-18 08:50:00,489.739,0.4
2026-09-18 09:00:00,489.745,0.4
2026-09-18 09:10:00,489.745,0.0
2026-09-18 09:20:00,489.745,0.0
2026-09-18 09:30:00,489.745,0.0
2026-09-18 09:40:00,489.745,0.0
2026-09-18 09:50:00,489.745,0.0
2026-09-18 10:00:00,489.745,0.0
2026-09-18 10:10:00,489.745,0.2
2026-09-18 10:20:00,489.745,0.2
2026-09-18 10:30:00,489.745,0.2
2026-09-18 10:40:00,489.745,0.2
2026-09-18 10:50:00,489.738,0.2
2026-09-18 11:00:00,489.738,0.2
2026-09-18 11:10:00,489.738,0.0
2026-09-18 11:20:00,489.738,0.0
2026-09-18 11:30:00,489.745,0.0
2026-09-18 11:40:00,489.738,0.0
2026-09-18 11:50:00,489.738,0.0
2026-09-18 12:00:00,489.738,0.0
2026-09-18 12:10:00,489.745,0.0
2026-09-18 12:20:00,489.738,1.2
2026-09-18 12:30:00,489.745,1.2
2026-09-18 12:40:00,489.732,1.2
2026-09-18 12:50:00,489.726,1.2
2026-09-18 13:00:00,489.732,1.4
2026-09-18 13:10:00,489.732,0.0
2026-09-18 13:20:00,489.738,2.2
2026-09-18 13:30:00,489.752,15.6
2026-09-18 13:40:00,489.765,19.2
2026-09-18 13:50:00,489.778,20.0
2026-09-18 14:00:00,489.784,20.0
2026-09-18 14:10:00,489.804,0.0
2026-09-18 14:20:00,489.816,0.0
2026-09-18 14:30:00,489.841,0.0
2026-09-18 14:40:00,489.849,0.0
2026-09-18 14:50:00,489.855,0.0
2026-09-18 15:00:00,489.855,0.2
2026-09-18 15:10:00,489.855,0.2
2026-09-18 15:20:00,489.869,0.2
2026-09-18 15:30:00,489.868,0.2
2026-09-18 15:40:00,489.855,0.2
2026-09-18 15:50:00,489.868,0.2
2026-09-18 16:00:00,489.875,0.2
2026-09-18 16:10:00,489.875,0.0
2026-09-18 16:20:00,489.868,0.0
2026-09-18 16:30:00,489.875,0.0
2026-09-18 16:40:00,489.881,0.0
2026-09-18 16:50:00,489.881,0.0
2026-09-18 17:00:00,489.869,0.4
2026-09-18 17:10:00,489.875,0.0
2026-09-18 17:20:00,489.881,0.0
2026-09-18 17:30:00,489.875,0.2
2026-09-18 17:40:00,489.882,0.2
2026-09-18 17:50:00,489.875,0.2
2026-09-18 18:00:00,489.882,0.4
2026-09-18 18:10:00,489.882,0.0
2026-09-18 18:20:00,489.882,0.0
2026-09-18 18:30:00,489.882,0.0
2026-09-18 18:40:00,489.882,0.0
2026-09-18 18:50:00,489.882,0.2
2026-09-18 19:00:00,489.882,0.2
2026-09-18 19:10:00,489.882,0.0
2026-09-18 19:20:00,489.875,0.0
2026-09-18 19:30:00,489.882,0.0
2026-09-18 19:40:00,489.882,0.0
2026-09-18 19:50:00,489.875,0.0
2026-09-18 20:00:00,489.875,0.0
2026-09-18 20:10:00,489.875,0.0
2026-09-18 20:20:00,489.875,0.0
2026-09-18 20:30:00,489.882,0.0
2026-09-18 20:40:00,489.876,0.0
2026-09-18 20:50:00,489.876,0.0
2026-09-18 21:00:00,489.875,0.0
2026-09-18 21:10:00,489.876,0.0
2026-09-18 21:20:00,489.875,0.0
2026-09-18 21:30:00,489.875,0.0
2026-09-18 21:40:00,489.875,0.0
2026-09-18 21:50:00,489.876,0.0
2026-09-18 22:00:00,489.875,0.0
2026-09-18 22:10:00,489.875,0.0
2026-09-18 22:20:00,489.875,0.0
2026-09-18 22:30:00,489.876,0.0
2026-09-18 22:40:00,489.875,0.0
2026-09-18 22:50:00,489.876,0.0
2026-09-18 23:00:00,489.875,0.0
2026-09-18 23:10:00,489.876,0.0
2026-09-18 23:20:00,489.842,0.0
2026-09-18 23:30:00,489.869,0.0
2026-09-18 23:40:00,489.869,0.0
2026-09-18 23:50:00,489.869,0.0
2026-09-19 00:00:00,489.869,0.0
2026-09-19 00:10:00,489.869,0.0
2026-09-19 00:20:00,489.869,0.0
2026-09-19 00:30:00,489.862,0.0
2026-09-19 00:40:00,489.862,0.0
2026-09-19 00:50:00,489.869,0.0
2026-09-19 01:00:00,489.862,0.0
2026-09-19 01:10:00,489.869,0.0
2026-09-19 01:20:00,489.869,0.0
2026-09-19 01:30:00,489.869,0.0
2026-09-19 01:40:00,489.869,0.0
2026-09-19 01:50:00,489.869,0.0
2026-09-19 02:00:00,489.862,0.0
2026-09-19 02:10:00,489.869,0.0
2026-09-19 02:20:00,489.869,0.0
2026-09-19 02:30:00,489.869,0.0
2026-09-19 02:40:00,489.869,0.0
2026-09-19 02:50:00,489.869,0.0
2026-09-19 03:10:00,489.862,0.0
2026-09-19 03:20:00,489.869,0.0
2026-09-19 03:30:00,489.862,0.0
2026-09-19 03:40:00,489.855,0.0
2026-09-19 03:50:00,489.862,1.4
2026-09-19 04:00:00,489.862,2.2
2026-09-19 04:10:00,489.862,0.6
2026-09-19 04:20:00,489.862,1.2
2026-09-19 04:30:00,489.862,1.4
2026-09-19 04:40:00,489.869,1.6
2026-09-19 04:50:00,489.862,1.8
2026-09-19 05:00:00,489.862,2.0
2026-09-19 05:10:00,489.862,0.2
2026-09-19 05:20:00,489.862,0.2
2026-09-19 05:30:00,489.862,0.4
2026-09-19 05:40:00,489.862,0.6
2026-09-19 05:50:00,489.869,0.6
2026-09-19 06:00:00,489.862,0.6
2026-09-19 06:10:00,489.855,0.0
2026-09-19 06:20:00,489.862,0.0
2026-09-19 06:30:00,489.862,0.0
2026-09-19 06:40:00,489.862,0.0
2026-09-19 06:50:00,489.856,0.0
2026-09-19 07:00:00,489.855,0.2
2026-09-19 07:10:00,489.862,0.0
2026-09-19 07:20:00,489.863,0.0
2026-09-19 07:50:00,489.849,0.0
2026-09-19 08:00:00,489.855,0.0
2026-09-19 08:10:00,489.856,0.0
2026-09-19 08:20:00,489.849,0.0
2026-09-19 08:30:00,489.849,0.0
2026-09-19 08:40:00,489.849,0.0
2026-09-19 08:50:00,489.841,0.0
2026-09-19 09:00:00,489.848,0.0
2026-09-19 09:10:00,489.841,0.0
2026-09-19 09:20:00,489.848,0.0
2026-09-19 09:30:00,489.855,0.0
2026-09-19 09:40:00,489.855,0.0
2026-09-19 09:50:00,489.848,0.0
2026-09-19 10:00:00,489.848,0.0
2026-09-19 10:10:00,489.855,0.0
2026-09-19 10:20:00,489.855,0.0
2026-09-19 10:30:00,489.848,0.0
2026-09-19 10:40:00,489.848,0.0
2026-09-19 10:50:00,489.841,0.0
2026-09-19 11:00:00,489.841,0.0
2026-09-19 11:10:00,489.841,0.0
2026-09-19 11:20:00,489.847,0.0
2026-09-19 11:30:00,489.848,0.0
2026-09-19 11:40:00,489.848,0.0
2026-09-19 11:50:00,489.848,0.0
2026-09-19 12:00:00,489.855,0.0
2026-09-19 12:10:00,489.855,0.0
2026-09-19 12:20:00,489.848,0.0
2026-09-19 12:30:00,489.848,0.0
2026-09-19 12:40:00,489.841,0.0
2026-09-19 12:50:00,489.855,2.2
2026-09-19 13:00:00,489.855,3.6
2026-09-19 13:10:00,489.849,0.0
2026-09-19 13:20:00,489.848,0.8
2026-09-19 13:30:00,489.841,1.0
2026-09-19 13:40:00,489.841,1.0
2026-09-19 13:50:00,489.848,1.0
2026-09-19 14:00:00,489.841,1.0
2026-09-19 14:10:00,489.828,0.0
2026-09-19 14:20:00,489.834,0.0
2026-09-19 14:30:00,489.834,0.0
2026-09-19 14:40:00,489.834,0.0
2026-09-19 14:50:00,489.841,0.0
2026-09-19 15:00:00,489.847,0.0
2026-09-19 15:10:00,489.841,0.0
2026-09-19 15:20:00,489.841,0.0
2026-09-19 15:30:00,489.841,0.0
2026-09-19 15:40:00,489.841,0.0
2026-09-19 15:50:00,489.84,0.0
2026-09-19 16:00:00,489.833,0.0
2026-09-19 16:10:00,489.833,0.0
2026-09-19 16:20:00,489.84,0.0
2026-09-19 16:30:00,489.84,0.0
2026-09-19 16:40:00,489.841,0.0
2026-09-19 16:50:00,489.841,0.0
2026-09-19 17:00:00,489.847,0.0
2026-09-19 17:10:00,489.841,0.0
2026-09-19 17:20:00,489.841,0.0
2026-09-19 17:30:00,489.841,0.0
2026-09-19 17:40:00,489.841,0.0
2026-09-19 17:50:00,489.841,0.0
2026-09-19 18:00:00,489.841,0.0
2026-09-19 18:10:00,489.841,0.0
2026-09-19 18:20:00,489.841,0.0
2026-09-19 18:30:00,489.834,0.0
2026-09-19 18:40:00,489.841,0.0
2026-09-19 18:50:00,489.835,0.0
2026-09-19 19:00:00,489.835,0.0
2026-09-19 19:10:00,489.835,0.0
2026-09-19 19:20:00,489.842,0.0
2026-09-19 19:30:00,489.835,0.0
2026-09-19 19:40:00,489.841,0.0
2026-09-19 19:50:00,489.842,0.0
2026-09-19 20:00:00,489.842,0.0
2026-09-19 20:10:00,489.842,0.0
2026-09-19 20:20:00,489.835,0.0
2026-09-19 20:30:00,489.835,0.0
2026-09-19 20:40:00,489.836,0.0
2026-09-19 20:50:00,489.835,0.0
2026-09-19 21:00:00,489.829,0.0
2026-09-19 21:10:00,489.828,0.0
2026-09-19 21:20:00,489.835,0.0
2026-09-19 21:30:00,489.842,0.0
2026-09-19 21:40:00,489.828,0.0
2026-09-19 21:50:00,489.828,0.0
2026-09-19 22:00:00,489.828,0.0
2026-09-19 22:10:00,489.828,0.0
2026-09-19 22:20:00,489.828,0.0
2026-09-19 22:30:00,489.828,0.0
2026-09-19 22:40:00,489.829,0.0
2026-09-19 23:00:00,489.829,0.0
2026-09-19 23:10:00,489.823,0.0
2026-09-19 23:20:00,489.828,0.0
2026-09-19 23:30:00,489.823,0.0
2026-09-19 23:50:00,489.828,0.0
2026-09-20 00:00:00,489.829,0.0
2026-09-20 00:10:00,489.829,0.0
2026-09-20 00:20:00,489.823,0.0
2026-09-20 00:30:00,489.828,0.0
2026-09-20 00:40:00,489.828,0.0
2026-09-20 00:50:00,489.828,0.0
2026-09-20 01:00:00,489.823,0.0
2026-09-20 01:10:00,489.828,0.0
2026-09-20 01:20:00,489.828,0.0
2026-09-20 01:30:00,489.828,0.0
2026-09-20 01:40:00,489.829,0.0
2026-09-20 01:50:00,489.823,0.0
2026-09-20 02:00:00,489.828,0.0
2026-09-20 02:10:00,489.823,0.0
2026-09-20 02:20:00,489.829,0.0
2026-09-20 02:30:00,489.828,0.0
2026-09-20 02:40:00,489.829,0.0
2026-09-20 02:50:00,489.823,0.0
2026-09-20 03:00:00,489.828,0.0
2026-09-20 03:10:00,489.823,0.0
2026-09-20 03:20:00,489.828,0.0
2026-09-20 03:30:00,489.823,0.0
2026-09-20 03:40:00,489.823,0.0
2026-09-20 03:50:00,489.835,8.6
2026-09-20 04:00:00,489.828,8.6
2026-09-20 04:10:00,489.835,0.0
2026-09-20 04:20:00,489.835,0.0
2026-09-20 04:30:00,489.823,0.0
2026-09-20 04:40:00,489.829,0.0
2026-09-20 04:50:00,489.828,0.0
2026-09-20 05:00:00,489.828,0.0
2026-09-20 05:10:00,489.828,0.0
2026-09-20 05:20:00,489.836,0.0
2026-09-20 05:30:00,489.828,0.0
2026-09-20 05:40:00,489.828,0.2
2026-09-20 05:50:00,489.829,0.2
2026-09-20 06:00:00,489.828,0.2
2026-09-20 06:10:00,489.828,0.0
2026-09-20 06:20:00,489.828,0.0
2026-09-20 06:30:00,489.829,0.0
2026-09-20 06:40:00,489.828,0.0
2026-09-20 06:50:00,489.829,0.0
2026-09-20 07:00:00,489.828,0.0
2026-09-20 07:10:00,489.828,0.0
2026-09-20 07:20:00,489.828,0.0
2026-09-20 07:30:00,489.828,0.0
2026-09-20 07:40:00,489.823,0.0
2026-09-20 07:50:00,489.822,0.0
2026-09-20 08:00:00,489.823,0.0
2026-09-20 08:10:00,489.828,0.0
2026-09-20 08:20:00,489.822,0.0
2026-09-20 08:30:00,489.828,0.0
2026-09-20 08:40:00,489.822,0.0
2026-09-20 08:50:00,489.822,0.0
2026-09-20 09:00:00,489.828,0.0
2026-09-20 09:10:00,489.821,0.0
2026-09-20 09:20:00,489.821,0.0
2026-09-20 09:30:00,489.821,0.0
2026-09-20 09:40:00,489.821,0.0
2026-09-20 09:50:00,489.821,0.0
2026-09-20 10:00:00,489.821,0.0
2026-09-20 10:10:00,489.821,0.0
2026-09-20 10:20:00,489.815,0.0
2026-09-20 10:30:00,489.814,0.0
2026-09-20 10:40:00,489.814,0.0
2026-09-20 10:50:00,489.814,0.0
2026-09-20 11:00:00,489.814,0.0
2026-09-20 11:10:00,489.815,0.0
2026-09-20 11:20:00,489.809,0.0
2026-09-20 11:30:00,489.809,0.0
2026-09-20 11:40:00,489.814,0.0
2026-09-20 11:50:00,489.802,0.0
2026-09-20 12:00:00,489.814,0.0
2026-09-20 12:10:00,489.815,0.0
2026-09-20 12:20:00,489.814,0.0
2026-09-20 12:30:00,489.808,0.0
2026-09-20 12:40:00,489.809,0.0
2026-09-20 12:50:00,489.808,0.0
2026-09-20 13:00:00,489.809,0.0
2026-09-20 13:10:00,489.809,0.0
2026-09-20 13:20:00,489.809,0.0
2026-09-20 13:30:00,489.803,0.0
2026-09-20 13:40:00,489.796,0.0
2026-09-20 13:50:00,489.808,0.0
2026-09-20 14:00:00,489.809,0.0
2026-09-20 14:10:00,489.808,0.0
2026-09-20 14:20:00,489.808,0.0
2026-09-20 14:30:00,489.808,0.0
2026-09-20 14:40:00,489.809,0.0
2026-09-20 14:50:00,489.809,0.0
2026-09-20 15:00:00,489.821,0.0
2026-09-20 15:10:00,489.809,0.0
2026-09-20 15:20:00,489.809,0.0
2026-09-20 15:30:00,489.809,0.0
2026-09-20 15:40:00,489.809,0.0
2026-09-20 15:50:00,489.809,0.0
2026-09-20 16:00:00,489.808,0.0
2026-09-20 16:10:00,489.821,0.0
2026-09-20 16:20:00,489.814,0.2
2026-09-20 16:30:00,489.828,17.6
2026-09-20 16:40:00,489.834,21.4
2026-09-20 16:50:00,489.861,21.4
2026-09-20 17:00:00,489.887,21.6
2026-09-20 17:10:00,489.913,0.0
2026-09-20 17:20:00,489.965,0.0
2026-09-20 17:30:00,489.972,0.0
2026-09-20 17:40:00,489.979,0.0
2026-09-20 17:50:00,489.986,0.0
2026-09-20 18:00:00,489.992,0.0
2026-09-20 18:10:00,489.992,0.0
2026-09-20 18:20:00,490.018,0.0
2026-09-20 18:30:00,490.011,0.0
2026-09-20 18:40:00,490.018,0.0
2026-09-20 18:50:00,490.018,0.0
2026-09-20 19:00:00,490.018,0.0
2026-09-20 19:10:00,490.011,0.0
2026-09-20 19:20:00,490.005,0.0
2026-09-20 19:30:00,490.011,0.0
2026-09-20 19:40:00,490.018,0.0
2026-09-20 19:50:00,490.024,0.0
2026-09-20 20:00:00,490.024,0.0
2026-09-20 20:10:00,490.024,0.0
2026-09-20 20:20:00,490.024,0.0
2026-09-20 20:30:00,490.018,0.0
2026-09-20 20:40:00,490.031,0.0
2026-09-20 20:50:00,490.018,0.0
2026-09-20 21:00:00,490.024,0.0
2026-09-20 21:10:00,490.024,0.0
2026-09-20 21:20:00,490.024,0.0
2026-09-20 21:30:00,490.024,0.0
2026-09-20 21:40:00,490.024,0.0
2026-09-20 21:50:00,490.024,0.0
2026-09-20 22:00:00,490.024,0.0
2026-09-20 22:10:00,490.024,0.0
2026-09-20 22:20:00,490.024,0.0
2026-09-20 22:30:00,490.024,0.0
2026-09-20 22:40:00,490.024,0.0
2026-09-20 22:50:00,490.024,0.0
2026-09-20 23:00:00,490.018,0.0
2026-09-20 23:10:00,490.018,0.0
2026-09-20 23:20:00,490.024,0.0
2026-09-20 23:30:00,490.018,0.0
2026-09-20 23:40:00,490.018,0.0
2026-09-20 23:50:00,490.018,0.0
2026-09-21 00:00:00,490.018,0.0
2026-09-21 00:10:00,490.018,0.0
2026-09-21 00:20:00,490.018,0.0
2026-09-21 00:30:00,490.017,0.0
2026-09-21 00:40:00,490.018,0.0
2026-09-21 00:50:00,490.018,0.0
2026-09-21 01:00:00,490.018,0.0
2026-09-21 01:10:00,490.018,0.0
2026-09-21 01:20:00,490.018,0.0
2026-09-21 01:30:00,490.018,0.0
2026-09-21 01:40:00,490.018,0.0
2026-09-21 01:50:00,490.018,0.0
2026-09-21 02:00:00,490.018,0.0
2026-09-21 02:10:00,490.005,0.0
2026-09-21 02:20:00,490.005,0.0
2026-09-21 02:30:00,490.005,0.0
2026-09-21 02:40:00,490.005,0.0
2026-09-21 02:50:00,490.005,0.0
2026-09-21 03:00:00,490.005,0.0
2026-09-21 03:10:00,490.005,0.0
2026-09-21 03:20:00,490.005,0.0
2026-09-21 03:30:00,490.005,0.0
2026-09-21 03:40:00,490.005,0.0
2026-09-21 03:50:00,490.005,0.0
2026-09-21 04:00:00,490.005,0.0
2026-09-21 04:10:00,489.999,0.0
2026-09-21 04:20:00,489.998,0.0
2026-09-21 04:30:00,489.998,0.0
2026-09-21 04:40:00,489.998,0.0
2026-09-21 04:50:00,489.998,0.0
2026-09-21 05:00:00,489.998,0.0
2026-09-21 05:10:00,489.998,0.0
2026-09-21 05:20:00,489.998,0.0
2026-09-21 05:30:00,489.998,0.0
2026-09-21 05:40:00,489.998,0.0
2026-09-21 05:50:00,489.998,0.0
2026-09-21 06:00:00,489.992,0.0
2026-09-21 06:10:00,489.979,0.0
2026-09-21 06:20:00,489.992,0.0
2026-09-21 06:30:00,489.986,0.0
2026-09-21 06:40:00,489.979,0.0
2026-09-21 06:50:00,489.979,0.0
2026-09-21 07:00:00,489.986,0.0
2026-09-21 07:10:00,489.979,0.0
2026-09-21 07:20:00,489.986,0.6
2026-09-21 07:30:00,489.986,1.0
2026-09-21 07:40:00,489.986,1.2
2026-09-21 07:50:00,489.979,1.2
2026-09-21 08:00:00,489.979,1.2
2026-09-21 08:10:00,489.979,1.2
2026-09-21 08:20:00,489.979,0.6
2026-09-21 08:30:00,489.978,0.2
2026-09-21 08:40:00,489.978,0.2
2026-09-21 08:50:00,489.978,0.2
2026-09-21 09:00:00,489.978,0.2
2026-09-21 09:10:00,489.978,0.2
2026-09-21 09:20:00,489.978,0.2
2026-09-21 09:30:00,489.978,0.2
2026-09-21 09:40:00,489.978,0.0
2026-09-21 09:50:00,489.978,0.0
2026-09-21 10:00:00,489.978,0.0
2026-09-21 10:10:00,489.978,0.0
2026-09-21 10:20:00,489.978,0.0
2026-09-21 10:30:00,489.978,0.0
2026-09-21 10:40:00,489.978,0.0
2026-09-21 10:50:00,489.978,0.0
2026-09-21 11:00:00,489.978,0.0
2026-09-21 11:10:00,489.971,0.0
2026-09-21 11:20:00,489.971,0.0
2026-09-21 11:30:00,489.971,0.0
2026-09-21 11:40:00,489.971,0.0
2026-09-21 11:50:00,489.971,0.0
2026-09-21 12:00:00,489.965,0.0
2026-09-21 12:10:00,489.971,0.0
2026-09-21 12:20:00,489.965,0.0
2026-09-21 12:30:00,489.971,0.0
2026-09-21 12:40:00,489.971,0.0
2026-09-21 12:50:00,489.971,0.0
2026-09-21 13:00:00,489.978,0.0
2026-09-21 13:10:00,489.971,0.0
2026-09-21 13:20:00,489.978,0.0
2026-09-21 13:30:00,489.978,0.0
2026-09-21 13:40:00,489.965,0.0
2026-09-21 13:50:00,489.971,0.0
2026-09-21 14:00:00,489.978,0.0
2026-09-21 14:10:00,489.978,0.0
2026-09-21 14:20:00,489.965,0.0
2026-09-21 14:30:00,489.951,0.0
2026-09-21 14:40:00,489.951,0.0
2026-09-21 14:50:00,489.971,0.0
2026-09-21 15:00:00,489.959,0.0
2026-09-21 15:10:00,489.965,0.0
2026-09-21 15:20:00,489.978,0.0
2026-09-21 15:30:00,489.978,0.6
2026-09-21 15:40:00,489.978,1.4
2026-09-21 15:50:00,489.971,1.6
2026-09-21 16:00:00,489.972,1.6
2026-09-21 16:10:00,489.971,1.6
2026-09-21 16:20:00,489.971,1.6
2026-09-21 16:30:00,489.971,1.0
2026-09-21 16:40:00,489.971,0.2
2026-09-21 16:50:00,489.971,0.0
2026-09-21 17:00:00,489.972,0.0
2026-09-21 17:10:00,489.965,0.0
2026-09-21 17:20:00,489.971,0.0
2026-09-21 17:30:00,489.965,0.0
2026-09-21 17:40:00,489.972,0.0
2026-09-21 17:50:00,489.971,0.0
2026-09-21 18:00:00,489.972,0.0
2026-09-21 18:10:00,489.959,0.0
2026-09-21 18:20:00,489.965,0.0
2026-09-21 18:30:00,489.959,0.0
2026-09-21 18:40:00,489.959,0.0
2026-09-21 18:50:00,489.965,0.0
2026-09-21 19:00:00,489.959,0.6
2026-09-21 19:10:00,489.96,1.2
2026-09-21 19:20:00,489.952,1.4
2026-09-21 19:30:00,489.952,1.4
2026-09-21 19:40:00,489.952,1.4
2026-09-21 19:50:00,489.952,1.4
2026-09-21 20:00:00,489.96,0.8
2026-09-21 20:10:00,489.96,0.2
2026-09-21 20:20:00,489.96,0.0
2026-09-21 20:30:00,489.952,0.0
2026-09-21 20:40:00,489.953,0.0
2026-09-21 20:50:00,489.952,0.0
2026-09-21 21:00:00,489.946,0.0
2026-09-21 21:10:00,489.952,0.0
2026-09-21 21:20:00,489.952,0.0
2026-09-21 21:30:00,489.946,0.0
2026-09-21 21:40:00,489.946,0.0
2026-09-21 21:50:00,489.946,0.0
2026-09-21 22:00:00,489.946,0.2
2026-09-21 22:10:00,489.939,0.2
2026-09-21 22:20:00,489.952,0.2
2026-09-21 22:30:00,489.946,0.2
2026-09-21 22:40:00,489.946,0.2
2026-09-21 22:50:00,489.946,0.2
2026-09-21 23:00:00,489.946,0.0
2026-09-21 23:10:00,489.939,0.0
2026-09-21 23:20:00,489.939,0.0
2026-09-21 23:30:00,489.94,0.0
2026-09-21 23:40:00,489.939,0.0
2026-09-21 23:50:00,489.933,0.0
2026-09-22 00:00:00,489.939,0.0
2026-09-22 00:10:00,489.939,0.0
2026-09-22 00:20:00,489.939,0.0
2026-09-22 00:30:00,489.939,0.0
2026-09-22 00:40:00,489.939,0.0
2026-09-22 00:50:00,489.933,0.0
2026-09-22 01:00:00,489.939,0.0
2026-09-22 01:10:00,489.939,0.0
2026-09-22 01:20:00,489.933,0.0
2026-09-22 01:30:00,489.939,0.0
2026-09-22 01:40:00,489.933,0.0
2026-09-22 01:50:00,489.901,0.0
2026-09-22 02:00:00,489.926,0.0
2026-09-22 02:10:00,489.926,0.0
2026-09-22 02:20:00,489.926,0.0
2026-09-22 02:30:00,489.926,0.0
2026-09-22 02:40:00,489.926,0.0
2026-09-22 02:50:00,489.919,0.0
2026-09-22 03:00:00,489.926,0.0
2026-09-22 03:10:00,489.919,0.0
2026-09-22 03:20:00,489.926,0.0
2026-09-22 03:30:00,489.919,0.0
2026-09-22 03:40:00,489.919,0.0
2026-09-22 03:50:00,489.919,0.0
2026-09-22 04:00:00,489.914,0.0
2026-09-22 04:10:00,489.919,0.0
2026-09-22 04:20:00,489.914,0.0
2026-09-22 04:30:00,489.919,0.0
2026-09-22 04:40:00,489.92,0.0
2026-09-22 04:50:00,489.92,0.0
2026-09-22 05:00:00,489.919,0.0
2026-09-22 05:10:00,489.92,0.0
2026-09-22 05:20:00,489.913,0.0
2026-09-22 05:30:00,489.913,0.0
2026-09-22 05:40:00,489.914,0.0
2026-09-22 05:50:00,489.913,0.0
2026-09-22 06:00:00,489.914,0.0
2026-09-22 06:10:00,489.907,0.0
2026-09-22 06:20:00,489.914,0.0
2026-09-22 06:30:00,489.907,0.0
2026-09-22 06:40:00,489.914,0.0
2026-09-22 06:50:00,489.907,0.0
2026-09-22 07:00:00,489.907,0.2
2026-09-22 07:10:00,489.907,0.2
2026-09-22 07:20:00,489.913,0.2
2026-09-22 07:30:00,489.907,0.2
2026-09-22 07:40:00,489.907,0.2
2026-09-22 07:50:00,489.9,0.2
2026-09-22 08:00:00,489.901,0.0
2026-09-22 08:10:00,489.9,0.0
2026-09-22 08:20:00,489.906,0.0
2026-09-22 08:30:00,489.906,0.0
2026-09-22 08:40:00,489.9,0.0
2026-09-22 08:50:00,489.9,0.0
2026-09-22 09:00:00,489.9,0.0
2026-09-22 09:10:00,489.9,0.0
2026-09-22 09:20:00,489.887,0.0
2026-09-22 09:30:00,489.893,0.0
2026-09-22 09:40:00,489.893,0.0
2026-09-22 09:50:00,489.893,0.0
2026-09-22 10:00:00,489.893,0.0
2026-09-22 10:10:00,489.892,0.0
2026-09-22 10:20:00,489.893,0.0
2026-09-22 10:30:00,489.892,0.0
2026-09-22 10:40:00,489.892,0.0
2026-09-22 10:50:00,489.892,0.0
2026-09-22 11:00:00,489.892,0.0
2026-09-22 11:10:00,489.892,0.0
2026-09-22 11:20:00,489.892,0.0
2026-09-22 11:30:00,489.86,0.0
2026-09-22 11:40:00,489.88,0.0
2026-09-22 11:50:00,489.88,0.0
2026-09-22 12:00:00,489.884,0.0
2026-09-22 12:10:00,489.88,0.0
2026-09-22 12:20:00,489.88,0.0
2026-09-22 12:30:00,489.88,0.0
2026-09-22 12:40:00,489.88,0.0
2026-09-22 12:50:00,489.88,0.0
2026-09-22 13:00:00,489.88,0.0
2026-09-22 13:10:00,489.873,0.0
2026-09-22 13:20:00,489.873,0.0
2026-09-22 13:30:00,489.873,0.0
2026-09-22 13:40:00,489.873,0.0
2026-09-22 13:50:00,489.873,0.0
2026-09-22 14:00:00,489.873,0.0
2026-09-22 14:10:00,489.867,0.0
2026-09-22 14:20:00,489.873,0.0
2026-09-22 14:30:00,489.873,0.0
2026-09-22 14:40:00,489.88,0.0
2026-09-22 14:50:00,489.873,0.0
2026-09-22 15:00:00,489.873,0.0
2026-09-22 15:10:00,489.873,0.0
2026-09-22 15:20:00,489.873,0.0
2026-09-22 15:30:00,489.873,0.0
2026-09-22 15:40:00,489.867,0.0
2026-09-22 15:50:00,489.867,0.0
2026-09-22 16:00:00,489.867,0.0
2026-09-22 16:10:00,489.86,0.0
2026-09-22 16:20:00,489.873,0.0
2026-09-22 16:30:00,489.867,0.0
2026-09-22 16:40:00,489.867,0.0
2026-09-22 16:50:00,489.867,0.0
2026-09-22 17:00:00,489.867,0.0
2026-09-22 17:10:00,489.867,0.0
2026-09-22 17:20:00,489.873,0.0
2026-09-22 17:30:00,489.874,0.0
2026-09-22 17:40:00,489.867,0.0
2026-09-22 17:50:00,489.867,0.0
2026-09-22 18:00:00,489.861,0.0
2026-09-22 18:10:00,489.868,0.0
2026-09-22 18:20:00,489.861,0.0
2026-09-22 18:30:00,489.862,0.0
2026-09-22 18:40:00,489.868,0.0
2026-09-22 18:50:00,489.861,0.0
2026-09-22 19:00:00,489.862,0.0
2026-09-22 19:10:00,489.862,0.0
2026-09-22 19:20:00,489.862,0.0
2026-09-22 19:30:00,489.861,0.0
2026-09-22 19:40:00,489.862,0.0
2026-09-22 20:00:00,489.861,0.0
2026-09-22 20:10:00,489.862,0.0
2026-09-22 20:20:00,489.862,0.0
2026-09-22 20:30:00,489.855,0.0
2026-09-22 20:40:00,489.855,0.0
2026-09-22 20:50:00,489.862,0.0
2026-09-22 21:00:00,489.861,0.0
2026-09-22 21:10:00,489.862,0.0
2026-09-22 21:20:00,489.862,0.0
2026-09-22 21:30:00,489.862,0.6
2026-09-22 21:40:00,489.855,0.6
2026-09-22 21:50:00,489.855,0.6
2026-09-22 22:00:00,489.855,0.6
2026-09-22 22:10:00,489.855,0.0
2026-09-22 22:20:00,489.855,0.0
2026-09-22 22:30:00,489.855,0.0
2026-09-22 22:40:00,489.855,0.0
2026-09-22 22:50:00,489.849,0.0
2026-09-22 23:00:00,489.856,0.0
2026-09-22 23:10:00,489.855,0.0
2026-09-22 23:20:00,489.849,0.0
2026-09-22 23:30:00,489.849,0.0
2026-09-22 23:40:00,489.849,0.0
2026-09-22 23:50:00,489.85,0.0
2026-09-23 00:00:00,489.856,0.0
2026-09-23 00:10:00,489.856,0.0
2026-09-23 00:20:00,489.856,0.0
2026-09-23 00:30:00,489.856,0.0
2026-09-23 00:40:00,489.855,0.0
2026-09-23 00:50:00,489.856,0.0
2026-09-23 01:00:00,489.856,0.0
2026-09-23 01:10:00,489.856,0.0
2026-09-23 01:20:00,489.856,0.0
2026-09-23 01:30:00,489.855,0.0
2026-09-23 01:40:00,489.855,0.0
2026-09-23 01:50:00,489.855,0.0
2026-09-23 02:00:00,489.856,0.0
2026-09-23 02:10:00,489.849,0.0
2026-09-23 02:20:00,489.856,0.0
2026-09-23 02:30:00,489.855,0.0
2026-09-23 02:50:00,489.856,0.0
2026-09-23 03:00:00,489.856,0.0
2026-09-23 03:10:00,489.856,0.0
2026-09-23 03:20:00,489.85,0.0
2026-09-23 03:30:00,489.856,0.0
2026-09-23 03:40:00,489.856,0.0
2026-09-23 03:50:00,489.85,0.0
2026-09-23 04:00:00,489.849,0.0
2026-09-23 04:10:00,489.849,0.0
2026-09-23 04:20:00,489.85,0.0
2026-09-23 04:30:00,489.849,0.0
2026-09-23 04:40:00,489.85,0.0
2026-09-23 04:50:00,489.849,0.0
2026-09-23 05:00:00,489.85,0.0
2026-09-23 05:10:00,489.842,0.0
2026-09-23 05:20:00,489.85,0.0
2026-09-23 05:30:00,489.842,0.0
2026-09-23 05:40:00,489.836,0.0
2026-09-23 05:50:00,489.85,0.0
2026-09-23 06:00:00,489.842,0.2
2026-09-23 06:10:00,489.855,0.0
2026-09-23 06:20:00,489.856,0.0
2026-09-23 06:30:00,489.849,0.0
2026-09-23 06:40:00,489.856,0.0
2026-09-23 06:50:00,489.856,0.0
2026-09-23 07:10:00,489.829,0.0
2026-09-23 07:20:00,489.842,0.0
2026-09-23 07:30:00,489.849,0.0
2026-09-23 07:40:00,489.842,0.0
2026-09-23 07:50:00,489.835,0.0
2026-09-23 08:00:00,489.835,0.0
2026-09-23 08:10:00,489.835,0.0
2026-09-23 08:20:00,489.834,0.0
2026-09-23 08:30:00,489.835,0.0
2026-09-23 08:40:00,489.834,0.0
2026-09-23 08:50:00,489.834,0.0
2026-09-23 09:00:00,489.828,0.0
2026-09-23 09:10:00,489.834,0.0
2026-09-23 09:20:00,489.828,0.0
2026-09-23 09:30:00,489.834,0.0
2026-09-23 09:40:00,489.828,0.0
2026-09-23 09:50:00,489.821,0.0
2026-09-23 10:00:00,489.827,0.0
2026-09-23 10:10:00,489.821,0.0
2026-09-23 10:20:00,489.821,0.0
2026-09-23 10:30:00,489.821,0.0
2026-09-23 10:40:00,489.821,0.0
2026-09-23 10:50:00,489.821,0.0
2026-09-23 11:00:00,489.821,0.0
2026-09-23 11:10:00,489.821,0.0
2026-09-23 11:20:00,489.821,0.0
2026-09-23 11:30:00,489.821,0.0
2026-09-23 11:40:00,489.82,0.0
2026-09-23 11:50:00,489.814,0.0
2026-09-23 12:00:00,489.814,0.0
2026-09-23 12:10:00,489.82,0.0
2026-09-23 12:20:00,489.814,0.0
2026-09-23 12:30:00,489.814,0.0
2026-09-23 12:40:00,489.814,0.0
2026-09-23 12:50:00,489.814,0.0
2026-09-23 13:00:00,489.814,0.0
2026-09-23 13:10:00,489.814,0.0
2026-09-23 13:20:00,489.814,0.0
2026-09-23 13:30:00,489.808,0.0
2026-09-23 13:40:00,489.814,0.0
2026-09-23 13:50:00,489.814,0.0
2026-09-23 14:00:00,489.808,0.0
2026-09-23 14:10:00,489.808,0.0
2026-09-23 14:20:00,489.814,0.0
2026-09-23 14:30:00,489.808,0.0
2026-09-23 14:40:00,489.809,0.0
2026-09-23 14:50:00,489.808,0.0
2026-09-23 15:00:00,489.814,0.0
2026-09-23 15:10:00,489.821,0.0
2026-09-23 15:20:00,489.814,0.0
2026-09-23 15:30:00,489.814,0.0
2026-09-23 15:40:00,489.814,0.0
2026-09-23 15:50:00,489.808,0.0
2026-09-23 16:00:00,489.814,0.0
2026-09-23 16:10:00,489.814,0.0
2026-09-23 16:20:00,489.808,0.0
2026-09-23 16:30:00,489.808,0.0
2026-09-23 16:40:00,489.802,0.0
2026-09-23 16:50:00,489.802,0.0
2026-09-23 17:00:00,489.802,0.0
2026-09-23 17:10:00,489.802,0.0
2026-09-23 17:20:00,489.802,0.0
2026-09-23 17:30:00,489.802,0.0
2026-09-23 17:40:00,489.802,0.0
2026-09-23 17:50:00,489.809,0.0
2026-09-23 18:00:00,489.809,0.0
2026-09-23 18:10:00,489.809,0.0
2026-09-23 18:20:00,489.809,0.0
2026-09-23 18:30:00,489.809,0.0
2026-09-23 18:40:00,489.803,0.0
2026-09-23 18:50:00,489.803,0.0
2026-09-23 19:00:00,489.804,0.0
2026-09-23 19:10:00,489.804,0.0
2026-09-23 19:20:00,489.804,0.0
2026-09-23 19:30:00,489.804,0.0
2026-09-23 19:40:00,489.797,0.0
2026-09-23 19:50:00,489.803,0.0
2026-09-23 20:00:00,489.803,0.0
2026-09-23 20:10:00,489.804,0.0
2026-09-23 20:20:00,489.804,0.0
2026-09-23 20:30:00,489.804,0.0
2026-09-23 20:40:00,489.797,0.0
2026-09-23 20:50:00,489.804,0.0
2026-09-23 21:00:00,489.797,0.0
2026-09-23 21:10:00,489.797,0.0
2026-09-23 21:20:00,489.797,0.0
2026-09-23 21:30:00,489.803,0.0
2026-09-23 21:40:00,489.797,0.0
2026-09-23 21:50:00,489.796,0.0
2026-09-23 22:00:00,489.797,0.0
2026-09-23 22:10:00,489.797,0.0
2026-09-23 22:20:00,489.804,0.0
2026-09-23 22:30:00,489.797,0.0
2026-09-23 22:40:00,489.797,0.0
2026-09-23 22:50:00,489.791,0.0
2026-09-23 23:00:00,489.797,0.0
2026-09-23 23:10:00,489.791,0.0
2026-09-23 23:20:00,489.797,0.0
2026-09-23 23:30:00,489.797,0.0
2026-09-23 23:40:00,489.797,0.0
2026-09-23 23:50:00,489.797,0.0
2026-09-24 00:00:00,489.797,0.0
2026-09-24 00:10:00,489.797,0.0
2026-09-24 00:20:00,489.797,0.0
2026-09-24 00:30:00,489.797,0.0
2026-09-24 00:40:00,489.797,0.0
2026-09-24 00:50:00,489.797,0.0
2026-09-24 01:00:00,489.797,0.0
2026-09-24 01:10:00,489.791,0.0
2026-09-24 01:20:00,489.791,0.0
2026-09-24 01:30:00,489.791,0.0
2026-09-24 01:40:00,489.791,0.0
2026-09-24 01:50:00,489.791,0.0
2026-09-24 02:00:00,489.791,0.0
2026-09-24 02:10:00,489.791,0.0
2026-09-24 02:20:00,489.797,0.0
2026-09-24 02:30:00,489.791,0.0
2026-09-24 02:40:00,489.791,0.0
2026-09-24 02:50:00,489.784,0.0
2026-09-24 03:00:00,489.785,0.0
2026-09-24 03:10:00,489.791,0.0
2026-09-24 03:20:00,489.791,0.0
2026-09-24 03:30:00,489.784,0.0
2026-09-24 03:40:00,489.791,0.0
2026-09-24 03:50:00,489.791,0.0
2026-09-24 04:00:00,489.791,0.0
2026-09-24 04:10:00,489.791,0.0
2026-09-24 04:30:00,489.791,0.0
2026-09-24 04:40:00,489.791,0.0
2026-09-24 04:50:00,489.791,0.0
2026-09-24 05:00:00,489.791,0.0
2026-09-24 05:10:00,489.791,0.0
2026-09-24 05:20:00,489.785,0.0
2026-09-24 05:30:00,489.791,0.0
2026-09-24 05:40:00,489.785,0.0
2026-09-24 05:50:00,489.791,0.0
2026-09-24 06:00:00,489.791,0.0
2026-09-24 06:10:00,489.785,0.0
2026-09-24 06:20:00,489.778,0.0
2026-09-24 06:30:00,489.785,0.0
2026-09-24 06:40:00,489.785,0.0
2026-09-24 06:50:00,489.785,0.0
2026-09-24 07:00:00,489.785,0.0
2026-09-24 07:10:00,489.779,0.0
2026-09-24 07:20:00,489.778,0.0
2026-09-24 07:30:00,489.785,0.0
2026-09-24 07:40:00,489.778,0.0
2026-09-24 07:50:00,489.785,0.0
2026-09-24 08:00:00,489.778,0.0
2026-09-24 08:10:00,489.778,0.0
2026-09-24 08:20:00,489.778,0.0
2026-09-24 08:30:00,489.778,0.0
2026-09-24 08:40:00,489.784,0.0
2026-09-24 08:50:00,489.778,0.0
2026-09-24 09:00:00,489.777,0.0
2026-09-24 09:10:00,489.777,0.0
2026-09-24 09:20:00,489.779,0.0
2026-09-24 09:30:00,489.777,0.0
2026-09-24 09:40:00,489.777,0.0
2026-09-24 09:50:00,489.777,0.0
2026-09-24 10:00:00,489.783,0.0
2026-09-24 10:10:00,489.777,0.0
2026-09-24 10:20:00,489.777,0.0
2026-09-24 10:30:00,489.777,0.0
2026-09-24 10:40:00,489.777,0.0
2026-09-24 10:50:00,489.777,0.0
2026-09-24 11:00:00,489.777,0.0
2026-09-24 11:10:00,489.77,0.0
2026-09-24 11:20:00,489.777,0.0
2026-09-24 11:30:00,489.771,0.0
2026-09-24 11:40:00,489.77,0.0
2026-09-24 11:50:00,489.764,0.0
2026-09-24 12:00:00,489.77,0.0
2026-09-24 12:10:00,489.764,0.0
2026-09-24 12:20:00,489.771,0.0
2026-09-24 12:30:00,489.764,0.0
2026-09-24 12:40:00,489.764,0.0
2026-09-24 12:50:00,489.771,0.0
2026-09-24 13:00:00,489.757,0.0
2026-09-24 13:10:00,489.764,0.0
2026-09-24 13:20:00,489.757,0.0
2026-09-24 13:30:00,489.764,0.0
2026-09-24 13:40:00,489.764,0.0
2026-09-24 13:50:00,489.757,0.0
2026-09-24 14:00:00,489.758,0.0
2026-09-24 14:10:00,489.75,0.0
2026-09-24 14:20:00,489.757,0.0
2026-09-24 14:30:00,489.764,0.0
2026-09-24 14:40:00,489.764,0.0
2026-09-24 14:50:00,489.757,0.0
2026-09-24 15:00:00,489.764,0.0
2026-09-24 15:10:00,489.764,0.0
2026-09-24 15:20:00,489.757,0.0
2026-09-24 15:30:00,489.757,0.0
2026-09-24 15:40:00,489.757,0.0
2026-09-24 15:50:00,489.757,0.0
2026-09-24 16:00:00,489.75,0.0
2026-09-24 16:10:00,489.751,0.0
2026-09-24 16:20:00,489.758,0.0
2026-09-24 16:30:00,489.758,0.0
2026-09-24 16:40:00,489.751,0.0
2026-09-24 16:50:00,489.758,0.0
2026-09-24 17:00:00,489.758,0.0
2026-09-24 17:10:00,489.758,0.0
2026-09-24 17:20:00,489.758,0.0
2026-09-24 17:30:00,489.758,0.0
2026-09-24 17:40:00,489.764,0.0
2026-09-24 17:50:00,489.765,1.6
2026-09-24 18:00:00,489.765,2.2
2026-09-24 18:10:00,489.764,0.4
2026-09-24 18:20:00,489.765,0.6
2026-09-24 18:30:00,489.745,0.8
2026-09-24 18:40:00,489.745,0.8
2026-09-24 18:50:00,489.745,1.0
2026-09-24 19:00:00,489.753,1.0
2026-09-24 19:10:00,489.753,0.0
2026-09-24 19:20:00,489.745,0.2
2026-09-24 19:30:00,489.739,0.2
2026-09-24 19:40:00,489.753,0.2
2026-09-24 19:50:00,489.753,0.2
2026-09-24 20:00:00,489.759,0.2
2026-09-24 20:10:00,489.759,0.0
2026-09-24 20:20:00,489.752,0.0
2026-09-24 20:30:00,489.753,0.0
2026-09-24 20:40:00,489.752,0.0
2026-09-24 20:50:00,489.753,0.0
2026-09-24 21:00:00,489.752,0.0
2026-09-24 21:10:00,489.753,0.0
2026-09-24 21:20:00,489.752,0.0
2026-09-24 21:30:00,489.752,0.0
2026-09-24 21:40:00,489.753,0.0
2026-09-24 21:50:00,489.752,0.0
2026-09-24 22:00:00,489.759,0.0
2026-09-24 22:10:00,489.759,0.0
2026-09-24 22:20:00,489.759,0.0
2026-09-24 22:30:00,489.759,0.0
2026-09-24 22:40:00,489.759,0.0
2026-09-24 22:50:00,489.759,0.0
2026-09-24 23:00:00,489.759,0.0
2026-09-24 23:10:00,489.765,0.0
2026-09-24 23:20:00,489.753,0.0
2026-09-24 23:30:00,489.753,0.0
2026-09-24 23:40:00,489.746,0.0
2026-09-24 23:50:00,489.732,0.0
2026-09-25 00:00:00,489.739,0.0
2026-09-25 00:10:00,489.739,0.0
2026-09-25 00:20:00,489.739,0.0
2026-09-25 00:30:00,489.745,0.0
2026-09-25 00:40:00,489.746,0.0
2026-09-25 00:50:00,489.746,0.0
2026-09-25 01:00:00,489.745,0.0
2026-09-25 01:10:00,489.745,0.0
2026-09-25 01:20:00,489.746,0.0
2026-09-25 01:30:00,489.746,0.0
2026-09-25 01:40:00,489.745,0.0
2026-09-25 01:50:00,489.753,0.0
2026-09-25 02:00:00,489.753,0.0
2026-09-25 02:10:00,489.745,0.0
2026-09-25 02:20:00,489.745,0.0
2026-09-25 02:30:00,489.745,0.0
2026-09-25 02:40:00,489.746,0.0
2026-09-25 02:50:00,489.745,0.0
2026-09-25 03:00:00,489.753,0.0
2026-09-25 03:10:00,489.745,0.0
2026-09-25 03:20:00,489.753,0.0
2026-09-25 03:30:00,489.746,0.0
2026-09-25 03:40:00,489.753,0.0
2026-09-25 03:50:00,489.753,0.0
2026-09-25 04:00:00,489.753,0.0
2026-09-25 04:10:00,489.753,0.0
2026-09-25 04:20:00,489.746,0.0
2026-09-25 04:30:00,489.745,0.0
2026-09-25 04:40:00,489.746,0.0
2026-09-25 04:50:00,489.753,0.0
2026-09-25 05:00:00,489.745,0.0
2026-09-25 05:10:00,489.739,0.0
2026-09-25 05:20:00,489.745,0.0
2026-09-25 05:30:00,489.745,0.0
2026-09-25 05:40:00,489.746,0.0
2026-09-25 05:50:00,489.746,0.0
2026-09-25 06:00:00,489.753,0.0
2026-09-25 06:10:00,489.753,0.0
2026-09-25 06:20:00,489.746,0.0
2026-09-25 06:30:00,489.753,0.0
2026-09-25 06:40:00,489.745,0.0
2026-09-25 06:50:00,489.745,0.0
2026-09-25 07:00:00,489.746,0.0
2026-09-25 07:10:00,489.745,0.0
2026-09-25 07:20:00,489.745,0.0
2026-09-25 07:30:00,489.74,0.0
2026-09-25 07:40:00,489.745,0.0
2026-09-25 07:50:00,489.726,0.0
2026-09-25 08:00:00,489.732,0.0
2026-09-25 08:10:00,489.725,0.0
2026-09-25 08:20:00,489.725,0.0
2026-09-25 08:30:00,489.732,0.0
2026-09-25 08:40:00,489.732,0.0
2026-09-25 08:50:00,489.732,0.0
2026-09-25 09:00:00,489.732,0.0
2026-09-25 09:10:00,489.732,0.0
2026-09-25 09:20:00,489.729,0.0
2026-09-25 09:30:00,489.724,0.0
2026-09-25 09:40:00,489.724,0.0
2026-09-25 09:50:00,489.731,0.0
2026-09-25 10:00:00,489.724,0.0
2026-09-25 10:10:00,489.724,0.0
2026-09-25 10:20:00,489.724,0.0
2026-09-25 10:30:00,489.732,0.0
2026-09-25 10:40:00,489.724,0.0
2026-09-25 10:50:00,489.724,0.0
2026-09-25 11:00:00,489.724,0.0
2026-09-25 11:10:00,489.724,0.0
2026-09-25 11:20:00,489.724,0.0
2026-09-25 11:30:00,489.724,0.0
2026-09-25 11:40:00,489.731,0.0
2026-09-25 11:50:00,489.724,0.0
2026-09-25 12:00:00,489.724,0.0
2026-09-25 12:10:00,489.731,0.0
2026-09-25 12:20:00,489.731,0.0
2026-09-25 12:30:00,489.724,0.0
2026-09-25 12:40:00,489.731,0.0
2026-09-25 12:50:00,489.724,0.0
2026-09-25 13:00:00,489.724,0.0
2026-09-25 13:10:00,489.731,0.0
2026-09-25 13:20:00,489.731,0.0
2026-09-25 13:30:00,489.731,0.0
2026-09-25 13:40:00,489.731,0.0
2026-09-25 13:50:00,489.731,0.0
2026-09-25 14:00:00,489.731,0.0
2026-09-25 14:10:00,489.724,0.0
2026-09-25 14:20:00,489.724,0.0
2026-09-25 14:30:00,489.731,0.0
2026-09-25 14:40:00,489.731,0.0
2026-09-25 14:50:00,489.724,0.0
2026-09-25 15:00:00,489.731,0.0
2026-09-25 15:10:00,489.731,0.0
2026-09-25 15:20:00,489.731,0.0
2026-09-25 15:30:00,489.731,0.0
2026-09-25 15:40:00,489.731,0.0
2026-09-25 15:50:00,489.731,0.0
2026-09-25 16:00:00,489.731,0.0
2026-09-25 16:10:00,489.731,0.0
2026-09-25 16:20:00,489.731,0.0
2026-09-25 16:30:00,489.732,0.2
2026-09-25 16:40:00,489.732,0.6
2026-09-25 16:50:00,489.718,0.6
2026-09-25 17:00:00,489.725,0.6
2026-09-25 17:10:00,489.739,0.0
2026-09-25 17:20:00,489.732,0.0
2026-09-25 17:30:00,489.726,0.0
2026-09-25 17:40:00,489.713,0.0
2026-09-25 17:50:00,489.732,0.0
2026-09-25 18:00:00,489.732,0.0
2026-09-25 18:10:00,489.727,0.0
2026-09-25 18:20:00,489.726,0.0
2026-09-25 18:30:00,489.719,0.0
2026-09-25 18:40:00,489.726,0.0
2026-09-25 18:50:00,489.726,0.0
2026-09-25 19:00:00,489.726,0.0
2026-09-25 19:10:00,489.719,0.0
2026-09-25 19:20:00,489.726,0.0
2026-09-25 19:30:00,489.726,0.0
2026-09-25 19:40:00,489.726,0.0
2026-09-25 19:50:00,489.732,0.0
2026-09-25 20:00:00,489.726,0.0
2026-09-25 20:10:00,489.732,0.0
2026-09-25 20:20:00,489.713,0.0
2026-09-25 20:30:00,489.726,0.0
2026-09-25 20:40:00,489.713,0.0
2026-09-25 20:50:00,489.726,0.0
2026-09-25 21:00:00,489.719,0.0
2026-09-25 21:10:00,489.719,0.0
2026-09-25 21:20:00,489.719,0.0
2026-09-25 21:30:00,489.719,0.0
2026-09-25 21:40:00,489.719,0.0
2026-09-25 21:50:00,489.718,0.0
2026-09-25 22:00:00,489.713,0.0
2026-09-25 22:10:00,489.719,0.0
2026-09-25 22:20:00,489.72,0.0
2026-09-25 22:30:00,489.719,0.0
2026-09-25 22:40:00,489.726,0.0
2026-09-25 22:50:00,489.713,0.0
2026-09-25 23:00:00,489.72,0.0
2026-09-25 23:10:00,489.72,0.0
2026-09-25 23:20:00,489.72,0.0
2026-09-25 23:30:00,489.719,0.0
2026-09-25 23:40:00,489.72,0.0
2026-09-25 23:50:00,489.713,2.6
2026-09-26 00:00:00,489.726,8.2
2026-09-26 00:10:00,489.719,0.4
2026-09-26 00:20:00,489.726,2.4
2026-09-26 00:30:00,489.726,3.6
2026-09-26 00:40:00,489.719,3.6
2026-09-26 00:50:00,489.726,3.6
2026-09-26 01:00:00,489.726,3.6
2026-09-26 01:10:00,489.721,0.0
2026-09-26 01:20:00,489.732,0.0
2026-09-26 01:30:00,489.732,0.0
2026-09-26 01:40:00,489.732,0.0
2026-09-26 01:50:00,489.732,0.2
2026-09-26 02:00:00,489.732,0.6
2026-09-26 02:10:00,489.732,0.2
2026-09-26 02:30:00,489.732,0.4
2026-09-26 02:40:00,489.732,0.4
2026-09-26 02:50:00,489.732,0.4
2026-09-26 03:00:00,489.739,0.4
2026-09-26 03:10:00,489.732,0.0
2026-09-26 03:20:00,489.732,0.0
2026-09-26 03:30:00,489.732,0.0
2026-09-26 03:40:00,489.732,0.0
2026-09-26 03:50:00,489.733,0.0
2026-09-26 04:00:00,489.739,0.0
2026-09-26 04:10:00,489.746,0.0
2026-09-26 04:20:00,489.739,0.0
2026-09-26 04:30:00,489.745,0.0
2026-09-26 04:40:00,489.745,0.0
2026-09-26 04:50:00,489.745,0.0
2026-09-26 05:00:00,489.739,0.0
2026-09-26 05:10:00,489.746,0.0
2026-09-26 05:20:00,489.739,0.0
2026-09-26 05:30:00,489.739,0.0
2026-09-26 05:40:00,489.74,0.0
2026-09-26 05:50:00,489.739,0.0
2026-09-26 06:00:00,489.739,0.0
2026-09-26 06:10:00,489.74,0.0
2026-09-26 06:20:00,489.739,0.0
2026-09-26 06:30:00,489.739,0.0
2026-09-26 06:40:00,489.739,0.0
2026-09-26 06:50:00,489.739,0.0
2026-09-26 07:00:00,489.739,0.0
2026-09-26 07:10:00,489.739,0.0
2026-09-26 07:30:00,489.739,0.0
2026-09-26 07:40:00,489.739,0.0
2026-09-26 07:50:00,489.732,0.0
2026-09-26 08:00:00,489.681,0.0
2026-09-26 08:10:00,489.718,0.0
2026-09-26 08:20:00,489.718,0.0
2026-09-26 08:30:00,489.718,0.0
2026-09-26 08:40:00,489.718,0.0
2026-09-26 08:50:00,489.724,0.0
2026-09-26 09:00:00,489.718,0.0
2026-09-26 09:10:00,489.725,0.0
2026-09-26 09:20:00,489.725,0.0
2026-09-26 09:30:00,489.725,0.0
2026-09-26 09:40:00,489.725,0.0
2026-09-26 09:50:00,489.724,0.0
2026-09-26 10:00:00,489.724,0.0
2026-09-26 10:10:00,489.724,0.0
2026-09-26 10:20:00,489.731,0.0
2026-09-26 10:30:00,489.718,0.0
2026-09-26 10:40:00,489.724,0.0
2026-09-26 10:50:00,489.718,0.0
2026-09-26 11:00:00,489.718,0.0
2026-09-26 11:10:00,489.724,0.0
2026-09-26 11:20:00,489.724,0.0
2026-09-26 11:30:00,489.724,0.0
2026-09-26 11:40:00,489.724,0.0
2026-09-26 11:50:00,489.724,0.0
2026-09-26 12:00:00,489.724,0.0
2026-09-26 12:10:00,489.724,0.0
2026-09-26 12:20:00,489.725,0.0
2026-09-26 12:30:00,489.724,0.0
2026-09-26 12:40:00,489.718,0.0
2026-09-26 12:50:00,489.725,0.0
2026-09-26 13:00:00,489.731,0.0
2026-09-26 13:10:00,489.724,0.0
2026-09-26 13:20:00,489.724,0.0
2026-09-26 13:30:00,489.724,0.0
2026-09-26 13:40:00,489.724,0.0
2026-09-26 13:50:00,489.724,0.0
2026-09-26 14:00:00,489.718,0.0
2026-09-26 14:10:00,489.718,0.0
2026-09-26 14:20:00,489.718,0.0
2026-09-26 14:30:00,489.718,0.0
2026-09-26 14:40:00,489.718,0.0
2026-09-26 14:50:00,489.718,0.0
2026-09-26 15:00:00,489.724,0.0
2026-09-26 15:10:00,489.718,0.0
2026-09-26 15:20:00,489.724,0.0
2026-09-26 15:30:00,489.724,0.0
2026-09-26 15:40:00,489.718,0.0
2026-09-26 15:50:00,489.718,0.0
2026-09-26 16:00:00,489.718,0.0
2026-09-26 16:10:00,489.718,0.0
2026-09-26 16:20:00,489.724,0.0
2026-09-26 16:30:00,489.718,0.0
2026-09-26 16:40:00,489.718,0.0
2026-09-26 16:50:00,489.724,0.0
2026-09-26 17:00:00,489.731,0.0
2026-09-26 17:10:00,489.725,0.0
2026-09-26 17:20:00,489.725,0.0
2026-09-26 17:30:00,489.718,0.0
2026-09-26 17:40:00,489.724,0.0
2026-09-26 17:50:00,489.725,0.0
2026-09-26 18:00:00,489.725,0.0
2026-09-26 18:10:00,489.718,0.0
2026-09-26 18:20:00,489.725,0.0
2026-09-26 18:30:00,489.681,0.0
2026-09-26 18:40:00,489.732,0.0
2026-09-26 18:50:00,489.719,0.0
2026-09-26 19:00:00,489.719,0.0
2026-09-26 19:10:00,489.726,0.0
2026-09-26 19:20:00,489.707,0.0
2026-09-26 19:30:00,489.719,0.0
2026-09-26 19:40:00,489.719,0.0
2026-09-26 19:50:00,489.707,0.0
2026-09-26 20:00:00,489.726,0.0
2026-09-26 20:10:00,489.719,0.0
2026-09-26 20:20:00,489.72,0.0
2026-09-26 20:30:00,489.708,0.0
2026-09-26 20:40:00,489.726,0.0
2026-09-26 20:50:00,489.713,0.0
2026-09-26 21:00:00,489.732,0.0
2026-09-26 21:10:00,489.726,0.0
2026-09-26 21:20:00,489.713,0.0
2026-09-26 21:30:00,489.713,0.0
2026-09-26 21:40:00,489.726,0.0
2026-09-26 21:50:00,489.719,0.0
2026-09-26 22:00:00,489.713,0.0
2026-09-27 00:50:00,489.719,0.0
2026-09-27 01:00:00,489.707,0.0
2026-09-27 01:10:00,489.713,0.0
2026-09-27 01:20:00,489.719,0.0
2026-09-27 01:30:00,489.711,0.0
2026-09-27 01:40:00,489.713,0.0
2026-09-27 01:50:00,489.713,0.0
2026-09-27 02:00:00,489.713,0.0
2026-09-27 02:10:00,489.713,0.0
2026-09-27 02:20:00,489.713,0.0
2026-09-27 02:30:00,489.713,0.0
2026-09-27 02:50:00,489.713,0.0
2026-09-27 03:00:00,489.713,0.0
2026-09-27 03:10:00,489.713,0.0
2026-09-27 03:20:00,489.713,0.0
2026-09-27 03:30:00,489.719,0.0
2026-09-27 03:40:00,489.713,0.0
2026-09-27 03:50:00,489.713,0.0
2026-09-27 04:00:00,489.713,0.0
2026-09-27 04:10:00,489.707,0.0
2026-09-27 04:20:00,489.701,0.0
2026-09-27 04:30:00,489.695,0.0
2026-09-27 04:40:00,489.701,0.0
2026-09-27 04:50:00,489.682,0.0
2026-09-27 05:00:00,489.701,0.0
2026-09-27 05:10:00,489.697,0.0
2026-09-27 05:20:00,489.701,0.0
2026-09-27 05:30:00,489.707,0.0
2026-09-27 05:40:00,489.695,0.0
2026-09-27 05:50:00,489.708,0.0
2026-09-27 06:00:00,489.707,0.0
2026-09-27 06:10:00,489.701,0.0
2026-09-27 06:20:00,489.707,0.0
2026-09-27 06:30:00,489.7,0.0
2026-09-27 06:40:00,489.7,0.0
2026-09-27 06:50:00,489.701,0.0
2026-09-27 07:00:00,489.701,0.0
2026-09-27 07:10:00,489.7,0.0
2026-09-27 07:20:00,489.707,0.0
2026-09-27 07:30:00,489.707,0.0
2026-09-27 07:40:00,489.7,0.0
2026-09-27 08:00:00,489.7,0.0
2026-09-27 08:10:00,489.7,0.0
2026-09-27 08:20:00,489.7,0.0
2026-09-27 08:30:00,489.7,0.0
2026-09-27 08:40:00,489.7,0.0
2026-09-27 08:50:00,489.7,0.0
2026-09-27 09:00:00,489.7,0.0
2026-09-27 09:10:00,489.7,0.0
2026-09-27 09:20:00,489.7,0.0
2026-09-27 09:30:00,489.7,0.0
2026-09-27 09:40:00,489.7,0.0
2026-09-27 09:50:00,489.7,0.0
2026-09-27 10:00:00,489.7,0.0
2026-09-27 10:10:00,489.7,0.0
2026-09-27 10:20:00,489.7,0.0
2026-09-27 10:30:00,489.7,0.0
2026-09-27 10:40:00,489.705,0.0
2026-09-27 10:50:00,489.706,0.0
2026-09-27 11:00:00,489.7,0.0
2026-09-27 11:10:00,489.706,0.0
2026-09-27 11:20:00,489.693,0.0
2026-09-27 11:30:00,489.7,0.0
2026-09-27 11:40:00,489.699,0.0
2026-09-27 11:50:00,489.7,0.0
2026-09-27 12:00:00,489.7,0.0
2026-09-27 12:10:00,489.705,0.0
2026-09-27 12:20:00,489.7,0.0
2026-09-27 12:30:00,489.693,0.0
2026-09-27 12:40:00,489.7,0.0
2026-09-27 12:50:00,489.7,0.0
2026-09-27 13:00:00,489.693,0.0
2026-09-27 13:10:00,489.7,0.0
2026-09-27 13:20:00,489.705,0.0
2026-09-27 13:30:00,489.695,0.0
2026-09-27 13:40:00,489.705,0.0
2026-09-27 13:50:00,489.699,0.0
2026-09-27 14:00:00,489.7,0.0
2026-09-27 14:10:00,489.7,0.0
2026-09-27 14:20:00,489.7,0.0
2026-09-27 14:30:00,489.7,0.0
2026-09-27 14:40:00,489.7,0.0
2026-09-27 14:50:00,489.705,0.0
2026-09-27 15:00:00,489.705,0.0
2026-09-27 15:10:00,489.7,0.0
2026-09-27 15:20:00,489.686,0.0
2026-09-27 15:30:00,489.693,0.0
2026-09-27 15:40:00,489.693,0.0
2026-09-27 15:50:00,489.686,0.0
2026-09-27 16:00:00,489.687,0.0
2026-09-27 16:10:00,489.693,0.0
2026-09-27 16:20:00,489.686,0.0
2026-09-27 16:30:00,489.693,0.0
2026-09-27 16:40:00,489.693,0.0
2026-09-27 16:50:00,489.693,0.0
2026-09-27 17:10:00,489.686,0.0
2026-09-27 17:20:00,489.693,0.0
2026-09-27 17:30:00,489.693,0.0
2026-09-27 17:40:00,489.693,0.0
2026-09-27 17:50:00,489.693,0.0
2026-09-27 18:00:00,489.693,0.0
2026-09-27 18:10:00,489.7,0.0
2026-09-27 18:20:00,489.7,0.0
2026-09-27 18:30:00,489.681,0.0
2026-09-27 18:40:00,489.681,0.0
2026-09-27 18:50:00,489.687,0.0
2026-09-27 19:10:00,489.687,0.0
2026-09-27 19:20:00,489.688,0.0
2026-09-27 19:30:00,489.687,0.0
2026-09-27 19:40:00,489.681,0.0
2026-09-27 19:50:00,489.7,0.0
2026-09-27 20:00:00,489.688,0.0
2026-09-27 20:10:00,489.676,0.0
2026-09-27 20:20:00,489.688,0.0
2026-09-27 20:30:00,489.681,0.0
2026-09-27 20:40:00,489.681,0.0
2026-09-27 20:50:00,489.681,0.0
2026-09-27 21:00:00,489.681,0.0
2026-09-27 21:10:00,489.681,0.0
2026-09-27 21:30:00,489.681,0.0
2026-09-27 21:40:00,489.681,0.0
2026-09-27 21:50:00,489.681,0.0
2026-09-27 22:00:00,489.681,0.0
2026-09-27 22:10:00,489.682,0.0
2026-09-27 22:20:00,489.676,0.0
2026-09-27 22:30:00,489.676,0.0
2026-09-27 22:40:00,489.681,0.0
2026-09-27 22:50:00,489.681,0.0
2026-09-27 23:00:00,489.681,0.0
2026-09-27 23:10:00,489.681,0.0
2026-09-27 23:20:00,489.676,0.0
2026-09-27 23:30:00,489.676,0.0
2026-09-27 23:40:00,489.682,0.0
2026-09-27 23:50:00,489.676,0.0
2026-09-28 00:00:00,489.682,0.0
2026-09-28 00:10:00,489.676,0.0
2026-09-28 00:20:00,489.676,0.0
2026-09-28 00:30:00,489.676,0.0
2026-09-28 00:40:00,489.681,0.0
2026-09-28 00:50:00,489.681,0.0
2026-09-28 01:00:00,489.679,0.0
2026-09-28 01:10:00,489.681,0.0
2026-09-28 01:20:00,489.681,0.0
2026-09-28 01:30:00,489.681,0.0
2026-09-28 01:40:00,489.682,0.0
2026-09-28 01:50:00,489.682,0.0
2026-09-28 02:00:00,489.656,0.0
2026-09-28 02:10:00,489.676,0.0
2026-09-28 02:20:00,489.676,0.0
2026-09-28 02:30:00,489.676,0.0
2026-09-28 02:40:00,489.676,0.0
2026-09-28 02:50:00,489.67,0.0
2026-09-28 03:00:00,489.676,0.0
2026-09-28 03:10:00,489.681,0.0
2026-09-28 03:20:00,489.676,0.0
2026-09-28 03:30:00,489.676,0.0
2026-09-28 03:40:00,489.669,0.0
2026-09-28 04:00:00,489.676,0.0
2026-09-28 04:10:00,489.676,0.2
2026-09-28 04:20:00,489.669,0.2
2026-09-28 04:30:00,489.67,0.2
2026-09-28 04:40:00,489.676,0.2
2026-09-28 04:50:00,489.677,0.2
2026-09-28 05:00:00,489.676,0.2
2026-09-28 05:10:00,489.676,0.0
2026-09-28 05:20:00,489.676,0.0
2026-09-28 05:30:00,489.676,0.0
2026-09-28 05:40:00,489.676,0.0
2026-09-28 05:50:00,489.677,0.0
2026-09-28 06:00:00,489.676,0.0
2026-09-28 06:10:00,489.67,0.0
2026-09-28 06:20:00,489.67,0.0
2026-09-28 06:30:00,489.67,0.0
2026-09-28 06:40:00,489.669,0.0
2026-09-28 06:50:00,489.67,0.0
2026-09-28 07:00:00,489.669,0.0
2026-09-28 07:10:00,489.669,0.0
2026-09-28 07:20:00,489.669,0.0
2026-09-28 07:30:00,489.669,0.0
2026-09-28 07:40:00,489.669,0.0
2026-09-28 07:50:00,489.669,0.0
2026-09-28 08:00:00,489.669,0.0
2026-09-28 08:10:00,489.669,0.0
2026-09-28 08:20:00,489.669,0.0
2026-09-28 08:30:00,489.662,0.0
2026-09-28 08:40:00,489.669,0.0
2026-09-28 08:50:00,489.669,0.0
2026-09-28 09:00:00,489.668,0.0
2026-09-28 09:10:00,489.668,0.0
2026-09-28 09:20:00,489.668,0.0
2026-09-28 09:30:00,489.668,0.0
2026-09-28 09:40:00,489.668,0.0
2026-09-28 09:50:00,489.662,0.0
2026-09-28 10:00:00,489.662,0.0
2026-09-28 10:20:00,489.662,0.0
2026-09-28 10:30:00,489.662,0.0
2026-09-28 10:40:00,489.662,0.0
2026-09-28 10:50:00,489.662,0.0
2026-09-28 11:00:00,489.662,0.0
2026-09-28 11:10:00,489.668,0.0
2026-09-28 11:20:00,489.662,0.0
2026-09-28 11:30:00,489.668,0.0
2026-09-28 11:40:00,489.661,0.0
2026-09-28 11:50:00,489.668,0.0
2026-09-28 12:00:00,489.668,0.0
2026-09-28 12:10:00,489.674,0.2
2026-09-28 12:20:00,489.662,0.2
2026-09-28 12:30:00,489.655,0.2
2026-09-28 12:40:00,489.655,0.2
2026-09-28 12:50:00,489.655,0.2
2026-09-28 13:00:00,489.655,0.2
2026-09-28 13:10:00,489.655,0.2
2026-09-28 13:20:00,489.656,0.6
2026-09-28 13:30:00,489.663,0.6
2026-09-28 13:40:00,489.663,0.6
2026-09-28 14:00:00,489.662,0.8
2026-09-28 14:10:00,489.662,0.0
2026-09-28 14:20:00,489.662,0.0
2026-09-28 14:30:00,489.662,0.0
2026-09-28 14:40:00,489.655,0.0
2026-09-28 14:50:00,489.662,0.0
2026-09-28 15:00:00,489.662,0.2
2026-09-28 15:10:00,489.663,0.0
2026-09-28 15:20:00,489.662,0.0
2026-09-28 15:30:00,489.662,0.0
2026-09-28 15:40:00,489.663,0.0
2026-09-28 15:50:00,489.663,0.2
2026-09-28 16:00:00,489.662,0.2
2026-09-28 16:10:00,489.663,0.0
2026-09-28 16:20:00,489.662,0.2
2026-09-28 16:30:00,489.643,0.4
2026-09-28 16:40:00,489.65,0.6
2026-09-28 16:50:00,489.65,1.0
2026-09-28 17:00:00,489.65,1.2
2026-09-28 17:10:00,489.65,0.2
2026-09-28 17:20:00,489.65,0.6
2026-09-28 17:30:00,489.643,0.8
2026-09-28 17:40:00,489.643,1.2
2026-09-28 18:00:00,489.65,1.8
2026-09-28 18:10:00,489.643,0.0
2026-09-28 18:20:00,489.65,0.2
2026-09-28 18:30:00,489.65,0.2
2026-09-28 18:40:00,489.65,0.2
2026-09-28 18:50:00,489.643,0.2
2026-09-28 19:00:00,489.65,0.2
2026-09-28 19:10:00,489.65,0.0
2026-09-28 19:20:00,489.643,0.0
2026-09-28 19:30:00,489.65,0.0
2026-09-28 19:40:00,489.643,0.0
2026-09-28 19:50:00,489.65,0.0
2026-09-28 20:00:00,489.643,0.0
2026-09-28 20:10:00,489.643,0.0
2026-09-28 20:30:00,489.65,0.0
2026-09-28 20:40:00,489.65,0.0
2026-09-28 20:50:00,489.65,0.0
2026-09-28 21:00:00,489.65,0.0
2026-09-28 21:10:00,489.65,0.0
2026-09-28 21:20:00,489.644,0.0
2026-09-28 21:30:00,489.65,0.0
2026-09-28 21:40:00,489.65,0.0
2026-09-28 22:00:00,489.65,0.0
2026-09-28 22:10:00,489.65,0.0
2026-09-28 22:20:00,489.65,0.0
2026-09-28 22:30:00,489.643,0.0
2026-09-28 22:40:00,489.65,0.0
2026-09-28 22:50:00,489.643,0.0
2026-09-28 23:00:00,489.643,0.0
2026-09-28 23:10:00,489.644,0.0
2026-09-28 23:20:00,489.643,0.0
2026-09-28 23:40:00,489.643,0.0
2026-09-28 23:50:00,489.644,0.0
2026-09-29 00:00:00,489.644,0.0
2026-09-29 00:10:00,489.644,0.0
2026-09-29 00:20:00,489.643,0.0
2026-09-29 00:30:00,489.644,0.0
2026-09-29 00:40:00,489.636,0.2
2026-09-29 00:50:00,489.644,0.4
2026-09-29 01:00:00,489.636,0.4
2026-09-29 01:10:00,489.636,0.0
2026-09-29 01:20:00,489.643,0.0
2026-09-29 01:30:00,489.631,0.0
2026-09-29 01:40:00,489.636,0.2
2026-09-29 01:50:00,489.636,0.2
2026-09-29 02:00:00,489.636,0.2
2026-09-29 02:10:00,489.63,0.0
2026-09-29 02:20:00,489.63,0.2
2026-09-29 02:30:00,489.636,0.2
2026-09-29 02:40:00,489.636,0.2
2026-09-29 02:50:00,489.636,0.2
2026-09-29 03:00:00,489.636,0.2
2026-09-29 03:10:00,489.644,0.0
2026-09-29 03:20:00,489.636,0.0
2026-09-29 03:30:00,489.63,0.0
2026-09-29 03:40:00,489.636,0.0
2026-09-29 03:50:00,489.63,0.0
2026-09-29 04:00:00,489.63,0.0
2026-09-29 04:10:00,489.636,0.0
2026-09-29 04:20:00,489.636,0.0
2026-09-29 04:30:00,489.636,0.0
2026-09-29 04:40:00,489.63,0.0
2026-09-29 04:50:00,489.637,0.0
2026-09-29 05:00:00,489.63,0.0
2026-09-29 05:10:00,489.637,0.0
2026-09-29 05:20:00,489.636,0.0
2026-09-29 05:30:00,489.63,0.0
2026-09-29 05:40:00,489.636,0.0
2026-09-29 05:50:00,489.63,0.0
2026-09-29 06:00:00,489.63,0.0
2026-09-29 06:10:00,489.63,0.0
2026-09-29 06:20:00,489.63,0.0
2026-09-29 06:30:00,489.63,0.0
2026-09-29 06:50:00,489.631,0.2
2026-09-29 07:00:00,489.63,0.2
2026-09-29 07:10:00,489.63,0.2
2026-09-29 07:20:00,489.631,0.2
2026-09-29 07:30:00,489.63,0.8
2026-09-29 07:40:00,489.63,1.0
2026-09-29 07:50:00,489.63,1.0
2026-09-29 08:00:00,489.631,1.2
2026-09-29 08:10:00,489.623,0.0
2026-09-29 08:20:00,489.63,0.0
2026-09-29 08:30:00,489.63,0.0
2026-09-29 08:40:00,489.63,0.0
2026-09-29 08:50:00,489.63,0.0
2026-09-29 09:00:00,489.63,0.2
2026-09-29 09:10:00,489.623,0.0
2026-09-29 09:20:00,489.63,0.0
2026-09-29 09:30:00,489.63,0.0
2026-09-29 09:40:00,489.629,0.0
2026-09-29 09:50:00,489.623,0.0
2026-09-29 10:00:00,489.629,0.2
2026-09-29 10:10:00,489.63,0.6
2026-09-29 10:20:00,489.629,0.8
2026-09-29 10:30:00,489.629,0.8
2026-09-29 10:40:00,489.629,0.8
2026-09-29 10:50:00,489.63,0.8
2026-09-29 11:00:00,489.629,1.0
2026-09-29 11:10:00,489.629,0.0
2026-09-29 11:20:00,489.63,0.0
2026-09-29 11:30:00,489.622,0.0
2026-09-29 11:40:00,489.63,0.0
2026-09-29 11:50:00,489.629,0.2
2026-09-29 12:00:00,489.63,0.2
2026-09-29 12:10:00,489.63,0.0
2026-09-29 12:20:00,489.629,0.0
2026-09-29 12:30:00,489.629,0.0
2026-09-29 12:40:00,489.63,0.4
2026-09-29 12:50:00,489.63,1.2
2026-09-29 13:00:00,489.636,1.6
2026-09-29 13:10:00,489.629,0.0
2026-09-29 13:20:00,489.622,0.0
2026-09-29 13:30:00,489.629,0.0
2026-09-29 13:40:00,489.622,0.0
2026-09-29 13:50:00,489.622,0.0
2026-09-29 14:00:00,489.629,0.0
2026-09-29 14:10:00,489.629,0.0
2026-09-29 14:20:00,489.622,0.0
2026-09-29 14:30:00,489.628,0.0
2026-09-29 14:40:00,489.636,0.0
2026-09-29 14:50:00,489.622,0.0
2026-09-29 15:00:00,489.629,0.0
2026-09-29 15:10:00,489.622,0.0
2026-09-29 15:20:00,489.629,0.0
2026-09-29 15:30:00,489.629,0.0
2026-09-29 15:40:00,489.629,0.0
2026-09-29 15:50:00,489.609,0.0
2026-09-29 16:00:00,489.629,0.0
2026-09-29 16:10:00,489.636,0.0
2026-09-29 16:20:00,489.629,0.0
2026-09-29 16:30:00,489.636,0.0
2026-09-29 16:40:00,489.629,0.0
2026-09-29 16:50:00,489.636,0.0
2026-09-29 17:00:00,489.629,0.0
2026-09-29 17:10:00,489.629,0.0
2026-09-29 17:20:00,489.629,0.0
2026-09-29 17:30:00,489.629,0.0
2026-09-29 17:40:00,489.63,0.0
2026-09-29 17:50:00,489.63,0.0
2026-09-29 18:00:00,489.629,0.0
2026-09-29 18:20:00,489.629,0.0
2026-09-29 18:30:00,489.624,0.0
2026-09-29 18:40:00,489.64,0.0
2026-09-29 18:50:00,489.663,0.0
2026-09-29 19:00:00,489.623,0.0
2026-09-29 19:10:00,489.63,0.0
2026-09-29 19:20:00,489.623,0.0
2026-09-29 19:30:00,489.623,0.0
2026-09-29 19:40:00,489.623,0.0
2026-09-29 19:50:00,489.623,0.0
2026-09-29 20:00:00,489.63,0.0
2026-09-29 20:10:00,489.636,0.0
2026-09-29 20:20:00,489.627,0.0
2026-09-29 20:30:00,489.62,0.0
2026-09-29 20:40:00,489.623,0.0
2026-09-29 20:50:00,489.623,0.0
2026-09-29 21:00:00,489.611,0.0
2026-09-29 21:10:00,489.611,0.0
2026-09-29 21:20:00,489.61,0.0
2026-09-29 21:30:00,489.617,0.0
2026-09-29 21:40:00,489.617,0.0
2026-09-29 21:50:00,489.617,0.0
2026-09-29 22:00:00,489.61,0.0
2026-09-29 22:10:00,489.604,0.0
2026-09-29 22:20:00,489.598,0.0
2026-09-29 22:30:00,489.598,0.0
2026-09-29 22:40:00,489.604,0.0
2026-09-29 22:50:00,489.604,0.0
2026-09-29 23:00:00,489.604,0.0
2026-09-29 23:10:00,489.604,0.0
2026-09-29 23:20:00,489.604,0.0
2026-09-29 23:30:00,489.617,0.0
2026-09-29 23:40:00,489.604,0.0
2026-09-29 23:50:00,489.604,0.0
2026-09-30 00:00:00,489.604,0.0
2026-09-30 00:20:00,489.611,0.0
2026-09-30 00:30:00,489.604,0.0
2026-09-30 00:40:00,489.604,0.0
2026-09-30 00:50:00,489.604,0.0
2026-09-30 01:00:00,489.604,0.0
2026-09-30 01:10:00,489.611,0.0
2026-09-30 01:20:00,489.604,0.0
2026-09-30 01:30:00,489.604,0.0
2026-09-30 01:40:00,489.586,0.0
2026-09-30 01:50:00,489.598,0.0
2026-09-30 02:00:00,489.604,0.0
2026-09-30 02:10:00,489.604,0.0
2026-09-30 02:20:00,489.604,0.0
2026-09-30 02:30:00,489.604,0.0
2026-09-30 02:40:00,489.604,0.0
2026-09-30 02:50:00,489.604,0.0
2026-09-30 03:00:00,489.604,0.0
2026-09-30 03:10:00,489.604,0.0
2026-09-30 03:20:00,489.604,0.0
2026-09-30 03:30:00,489.604,0.0
2026-09-30 03:40:00,489.598,0.0
2026-09-30 03:50:00,489.604,0.0
2026-09-30 04:00:00,489.598,0.0
2026-09-30 04:10:00,489.604,0.0
2026-09-30 04:20:00,489.599,0.0
2026-09-30 04:30:00,489.599,0.0
2026-09-30 04:40:00,489.598,0.0
2026-09-30 04:50:00,489.598,0.0
2026-09-30 05:00:00,489.599,0.0
2026-09-30 05:10:00,489.599,0.0
2026-09-30 05:20:00,489.604,0.0
2026-09-30 05:30:00,489.604,0.0
2026-09-30 05:40:00,489.599,0.0
2026-09-30 05:50:00,489.604,0.0
2026-09-30 06:00:00,489.598,0.0
2026-09-30 06:10:00,489.604,0.0
2026-09-30 06:20:00,489.604,0.0
2026-09-30 06:40:00,489.605,0.0
2026-09-30 06:50:00,489.599,0.0
2026-09-30 07:00:00,489.604,0.0
2026-09-30 07:10:00,489.598,0.0
2026-09-30 07:20:00,489.604,0.0
2026-09-30 07:30:00,489.598,0.0
2026-09-30 07:40:00,489.599,0.0
2026-09-30 07:50:00,489.598,0.0
2026-09-30 08:00:00,489.598,0.0
2026-09-30 08:10:00,489.598,0.0
2026-09-30 08:20:00,489.598,0.0
2026-09-30 08:30:00,489.597,0.0
2026-09-30 08:40:00,489.597,0.0
2026-09-30 08:50:00,489.597,0.0
2026-09-30 09:00:00,489.597,0.0
2026-09-30 09:10:00,489.597,0.0
2026-09-30 09:20:00,489.597,0.0
2026-09-30 09:30:00,489.591,0.0
2026-09-30 09:40:00,489.59,0.0
2026-09-30 09:50:00,489.59,0.0
2026-09-30 10:00:00,489.59,0.0
2026-09-30 10:10:00,489.59,0.0
2026-09-30 10:20:00,489.584,0.0
2026-09-30 10:30:00,489.59,0.0
2026-09-30 10:40:00,489.597,0.0
2026-09-30 11:00:00,489.59,0.0
2026-09-30 11:10:00,489.622,0.0
2026-09-30 11:20:00,489.597,0.0
2026-09-30 11:30:00,489.597,0.0
2026-09-30 11:40:00,489.59,0.0
2026-09-30 11:50:00,489.597,0.0
2026-09-30 12:00:00,489.59,0.0
2026-09-30 12:10:00,489.584,0.0
2026-09-30 12:20:00,489.572,0.0
2026-09-30 12:30:00,489.577,0.0
2026-09-30 12:40:00,489.597,0.0
2026-09-30 12:50:00,489.577,0.0
2026-09-30 13:10:00,489.597,0.0
2026-09-30 13:20:00,489.59,0.0
2026-09-30 13:30:00,489.577,0.0
2026-09-30 13:40:00,489.577,0.0
2026-09-30 13:50:00,489.583,0.0
2026-09-30 14:00:00,489.603,0.0
2026-09-30 14:10:00,489.596,0.0
2026-09-30 14:20:00,489.608,0.0
2026-09-30 14:30:00,489.565,0.0
2026-09-30 14:40:00,489.59,0.0
2026-09-30 14:50:00,489.584,0.0
2026-09-30 15:00:00,489.603,0.0
2026-09-30 15:10:00,489.596,0.0
2026-09-30 15:20:00,489.622,0.0
2026-09-30 15:30:00,489.597,0.0
2026-09-30 15:40:00,489.561,0.0
2026-09-30 15:50:00,489.59,0.0
2026-09-30 16:00:00,489.584,0.0
2026-09-30 16:10:00,489.59,0.0
2026-09-30 16:20:00,489.597,0.0
2026-09-30 16:30:00,489.589,0.0
2026-09-30 16:40:00,489.59,0.0
2026-09-30 16:50:00,489.597,0.0
2026-09-30 17:00:00,489.597,0.0
2026-09-30 17:10:00,489.59,0.0
2026-09-30 17:20:00,489.59,0.0
2026-09-30 17:30:00,489.572,0.0
2026-09-30 17:40:00,489.59,0.0
2026-09-30 17:50:00,489.579,0.0
2026-09-30 18:00:00,489.585,0.0
2026-09-30 18:20:00,489.567,0.0
2026-09-30 18:30:00,489.578,0.0
2026-09-30 18:40:00,489.579,0.0
2026-09-30 18:50:00,489.572,0.0
2026-09-30 19:00:00,489.554,0.0
2026-09-30 19:10:00,489.573,0.0
2026-09-30 19:20:00,489.585,0.0
2026-09-30 19:30:00,489.572,0.0
2026-09-30 19:40:00,489.572,0.0
2026-09-30 20:00:00,489.573,0.0
2026-09-30 20:10:00,489.573,0.0
2026-09-30 20:20:00,489.567,0.0
2026-09-30 20:30:00,489.567,0.0
2026-09-30 20:40:00,489.566,0.0
2026-09-30 20:50:00,489.567,0.0
2026-09-30 21:00:00,489.579,0.0
2026-09-30 21:10:00,489.572,0.0
2026-09-30 21:20:00,489.572,0.0
2026-09-30 21:30:00,489.572,0.0
2026-09-30 21:40:00,489.572,0.0
2026-09-30 21:50:00,489.567,0.0
2026-09-30 22:00:00,489.579,0.0
2026-09-30 22:10:00,489.604,0.0
2026-09-30 22:20:00,489.572,0.0
2026-09-30 22:30:00,489.572,0.0
2026-09-30 22:40:00,489.572,0.0
2026-09-30 22:50:00,489.572,0.0
2026-09-30 23:00:00,489.573,0.0
2026-09-30 23:10:00,489.572,0.0
2026-09-30 23:20:00,489.573,0.0
2026-09-30 23:30:00,489.573,0.0
2026-09-30 23:40:00,489.567,0.0
2026-09-30 23:50:00,489.573,0.0
2026-10-01 00:00:00,489.573,0.0
2026-10-01 00:10:00,489.573,0.0
2026-10-01 00:20:00,489.567,0.0
2026-10-01 00:30:00,489.567,0.0
2026-10-01 00:40:00,489.567,0.0
2026-10-01 00:50:00,489.567,0.0
2026-10-01 01:00:00,489.573,0.0
2026-10-01 01:10:00,489.567,0.0
2026-10-01 01:20:00,489.567,0.0
2026-10-01 01:30:00,489.567,0.0
2026-10-01 01:40:00,489.567,0.0
2026-10-01 01:50:00,489.567,0.0
2026-10-01 02:00:00,489.567,0.0
2026-10-01 02:10:00,489.567,0.0
2026-10-01 02:20:00,489.567,0.0
2026-10-01 02:30:00,489.547,0.0
2026-10-01 02:40:00,489.553,0.0
2026-10-01 02:50:00,489.559,0.0
2026-10-01 03:00:00,489.554,0.0
2026-10-01 03:10:00,489.554,0.0
2026-10-01 03:20:00,489.554,0.0
2026-10-01 03:30:00,489.554,0.0
2026-10-01 03:40:00,489.554,0.0
2026-10-01 03:50:00,489.554,0.0
2026-10-01 04:00:00,489.554,0.0
2026-10-01 04:10:00,489.56,0.0
2026-10-01 04:20:00,489.554,0.0
2026-10-01 04:30:00,489.559,0.0
2026-10-01 04:40:00,489.56,0.0
2026-10-01 04:50:00,489.554,0.0
2026-10-01 05:00:00,489.56,0.0
2026-10-01 05:10:00,489.567,0.0
2026-10-01 05:20:00,489.567,0.0
2026-10-01 05:40:00,489.535,0.0
2026-10-01 05:50:00,489.554,0.0
2026-10-01 06:00:00,489.572,0.0
2026-10-01 06:10:00,489.567,0.0
2026-10-01 06:20:00,489.572,0.0
2026-10-01 06:30:00,489.567,0.0
2026-10-01 06:40:00,489.567,0.0
2026-10-01 06:50:00,489.567,0.0
2026-10-01 07:00:00,489.566,0.0
2026-10-01 07:10:00,489.567,0.0
2026-10-01 07:20:00,489.567,0.0
2026-10-01 07:30:00,489.567,0.0
2026-10-01 07:40:00,489.566,0.0
2026-10-01 07:50:00,489.559,0.0
2026-10-01 08:00:00,489.558,0.0
2026-10-01 08:10:00,489.559,0.0
2026-10-01 08:20:00,489.552,0.0
2026-10-01 08:30:00,489.552,0.0
2026-10-01 08:40:00,489.558,0.0
2026-10-01 08:50:00,489.558,0.0
2026-10-01 09:00:00,489.558,0.0
2026-10-01 09:10:00,489.565,0.0
2026-10-01 09:20:00,489.572,0.0
2026-10-01 09:30:00,489.565,0.0
2026-10-01 09:40:00,489.565,0.0
2026-10-01 09:50:00,489.572,0.0
2026-10-01 10:00:00,489.552,0.0
2026-10-01 10:10:00,489.552,0.0
2026-10-01 10:20:00,489.552,0.0
2026-10-01 10:30:00,489.552,0.0
2026-10-01 10:50:00,489.558,0.0
2026-10-01 11:00:00,489.552,0.0
2026-10-01 11:10:00,489.552,0.0
2026-10-01 11:20:00,489.552,0.0
2026-10-01 11:30:00,489.558,0.0
2026-10-01 11:40:00,489.565,0.0
2026-10-01 11:50:00,489.565,0.0
2026-10-01 12:00:00,489.565,0.0
2026-10-01 12:10:00,489.565,0.0
2026-10-01 12:20:00,489.571,0.0
2026-10-01 12:30:00,489.558,0.0
2026-10-01 12:40:00,489.566,0.0
2026-10-01 12:50:00,489.558,0.0
2026-10-01 13:00:00,489.558,0.0
2026-10-01 13:10:00,489.558,0.0
2026-10-01 13:20:00,489.565,0.0
2026-10-01 13:30:00,489.538,0.0
2026-10-01 13:40:00,489.552,0.0
2026-10-01 13:50:00,489.552,0.0
2026-10-01 14:00:00,489.551,0.0
2026-10-01 14:10:00,489.532,0.0
2026-10-01 14:20:00,489.552,0.0
2026-10-01 14:40:00,489.525,0.0
2026-10-01 14:50:00,489.531,0.0
2026-10-01 15:00:00,489.558,0.0
2026-10-01 15:10:00,489.545,0.0
2026-10-01 15:20:00,489.558,0.0
2026-10-01 15:30:00,489.539,0.0
2026-10-01 15:40:00,489.539,0.0
2026-10-01 15:50:00,489.565,0.0
2026-10-01 16:00:00,489.552,0.0
2026-10-01 16:10:00,489.545,0.0
2026-10-01 16:20:00,489.525,0.0
2026-10-01 16:30:00,489.532,0.0
2026-10-01 16:40:00,489.525,0.0
2026-10-01 16:50:00,489.531,0.0
2026-10-01 17:00:00,489.532,0.0
2026-10-01 17:10:00,489.531,0.0
2026-10-01 17:20:00,489.526,0.0
2026-10-01 17:30:00,489.545,0.0
2026-10-01 17:40:00,489.545,0.0
2026-10-01 17:50:00,489.552,0.0
2026-10-01 18:00:00,489.553,0.0
2026-10-01 18:10:00,489.532,0.0
2026-10-01 18:20:00,489.553,0.0
2026-10-01 18:30:00,489.553,0.0
2026-10-01 18:40:00,489.552,0.0
2026-10-01 18:50:00,489.546,0.0
2026-10-01 19:00:00,489.572,0.0
2026-10-01 19:10:00,489.617,0.0
2026-10-01 19:20:00,489.546,0.0
2026-10-01 19:30:00,489.546,0.0
2026-10-01 19:40:00,489.527,0.0
2026-10-01 19:50:00,489.547,0.0
2026-10-01 20:00:00,489.553,0.0
2026-10-01 20:10:00,489.533,0.0
2026-10-01 20:20:00,489.566,0.0
2026-10-01 20:30:00,489.562,0.0
2026-10-01 20:40:00,489.547,0.0
2026-10-01 20:50:00,489.56,0.0
2026-10-01 21:00:00,489.571,0.0
2026-10-01 21:10:00,489.54,0.0
2026-10-01 21:20:00,489.579,0.0
2026-10-01 21:30:00,489.56,0.0
2026-10-01 21:40:00,489.553,0.0
2026-10-01 21:50:00,489.567,0.0
2026-10-01 22:00:00,489.54,0.0
2026-10-01 22:20:00,489.59,0.0
2026-10-01 22:30:00,489.58,0.0
2026-10-01 22:40:00,489.533,0.0
2026-10-01 22:50:00,489.526,0.0
2026-10-01 23:00:00,489.482,0.0
2026-10-01 23:10:00,489.526,0.0
2026-10-01 23:20:00,489.482,0.0
2026-10-01 23:30:00,489.513,0.0
2026-10-01 23:40:00,489.527,0.0
2026-10-01 23:50:00,489.533,0.0
2026-10-02 00:00:00,489.544,0.0
2026-10-02 00:10:00,489.526,0.0
2026-10-02 00:20:00,489.554,0.0
2026-10-02 00:30:00,489.54,0.0
2026-10-02 00:40:00,489.54,0.0
2026-10-02 00:50:00,489.533,0.0
2026-10-02 01:00:00,489.508,0.0
2026-10-02 01:10:00,489.533,0.0
2026-10-02 01:20:00,489.54,0.0
2026-10-02 01:30:00,489.518,0.0
2026-10-02 01:40:00,489.501,0.0
2026-10-02 01:50:00,489.533,0.0
2026-10-02 02:00:00,489.534,0.0
2026-10-02 02:10:00,489.533,0.0
2026-10-02 02:20:00,489.533,0.0
2026-10-02 02:30:00,489.533,0.0
2026-10-02 02:40:00,489.526,0.0
2026-10-02 02:50:00,489.534,0.0
2026-10-02 03:00:00,489.533,0.0
2026-10-02 03:10:00,489.579,0.0
2026-10-02 03:20:00,489.547,0.0
2026-10-02 03:30:00,489.533,0.0
2026-10-02 03:40:00,489.56,0.0
2026-10-02 03:50:00,489.526,0.0
2026-10-02 04:00:00,489.533,0.0
2026-10-02 04:10:00,489.534,0.0
2026-10-02 04:20:00,489.501,0.0
2026-10-02 04:30:00,489.476,0.0
2026-10-02 04:40:00,489.494,0.0
2026-10-02 04:50:00,489.598,0.0
2026-10-02 05:00:00,489.547,0.0
2026-10-02 05:10:00,489.527,0.0
2026-10-02 05:20:00,489.514,0.0
2026-10-02 05:30:00,489.526,0.0
2026-10-02 05:40:00,489.52,0.0
2026-10-02 05:50:00,489.52,0.0
2026-10-02 06:00:00,489.521,0.0
2026-10-02 06:10:00,489.526,0.0
2026-10-02 06:20:00,489.514,0.0
2026-10-02 06:30:00,489.526,0.0
2026-10-02 06:40:00,489.526,0.0
2026-10-02 06:50:00,489.52,0.0
2026-10-02 07:00:00,489.521,0.0
2026-10-02 07:10:00,489.52,0.0
2026-10-02 07:20:00,489.52,0.0
2026-10-02 07:30:00,489.52,0.0
2026-10-02 07:40:00,489.513,0.0
2026-10-02 07:50:00,489.513,0.0
2026-10-02 08:00:00,489.513,0.0
2026-10-02 08:10:00,489.507,0.0
2026-10-02 08:30:00,489.507,0.0
2026-10-02 08:40:00,489.506,0.0
2026-10-02 08:50:00,489.532,0.0
2026-10-02 09:00:00,489.513,0.0
2026-10-02 09:10:00,489.526,0.0
2026-10-02 09:20:00,489.526,0.0
2026-10-02 09:30:00,489.532,0.0
2026-10-02 09:40:00,489.532,0.0
2026-10-02 09:50:00,489.532,0.0
2026-10-02 10:00:00,489.532,0.0
2026-10-02 10:10:00,489.525,0.0
2026-10-02 10:20:00,489.525,0.0
2026-10-02 10:30:00,489.525,0.0
2026-10-02 10:40:00,489.525,0.0
2026-10-02 10:50:00,489.525,0.0
2026-10-02 11:00:00,489.513,0.0
2026-10-02 11:10:00,489.518,0.0
2026-10-02 11:20:00,489.518,0.0
2026-10-02 11:30:00,489.487,0.0
2026-10-02 11:40:00,489.506,0.0
2026-10-02 11:50:00,489.506,0.0
2026-10-02 12:00:00,489.493,0.0
2026-10-02 12:10:00,489.499,0.0
2026-10-02 12:20:00,489.499,0.0
2026-10-02 12:30:00,489.499,0.0
2026-10-02 12:40:00,489.506,0.0
2026-10-02 12:50:00,489.512,0.0
2026-10-02 13:00:00,489.506,0.0
2026-10-02 13:10:00,489.499,0.0
2026-10-02 13:20:00,489.506,0.0
2026-10-02 13:30:00,489.512,0.0
2026-10-02 13:40:00,489.499,0.0
2026-10-02 13:50:00,489.522,0.0
2026-10-02 14:00:00,489.499,0.0
2026-10-02 14:10:00,489.499,0.0
2026-10-02 14:20:00,489.499,0.0
2026-10-02 14:30:00,489.538,0.0
2026-10-02 14:40:00,489.525,0.0
2026-10-02 14:50:00,489.518,0.0
2026-10-02 15:00:00,489.506,0.0
2026-10-02 15:10:00,489.506,0.0
2026-10-02 15:20:00,489.506,0.0
2026-10-02 15:30:00,489.518,0.0
2026-10-02 15:40:00,489.499,0.0
2026-10-02 16:00:00,489.499,0.0
2026-10-02 16:10:00,489.499,0.0
2026-10-02 16:20:00,489.506,0.0
2026-10-02 16:30:00,489.499,0.0
2026-10-02 16:40:00,489.487,0.0
2026-10-02 16:50:00,489.499,0.0
2026-10-02 17:00:00,489.499,0.0
2026-10-02 17:10:00,489.493,0.0
2026-10-02 17:20:00,489.499,0.0
2026-10-02 17:30:00,489.499,0.0
2026-10-02 17:40:00,489.494,0.0
2026-10-02 17:50:00,489.565,0.0
2026-10-02 18:00:00,489.526,0.0
2026-10-02 18:10:00,489.534,0.0
2026-10-02 18:20:00,489.524,0.0
2026-10-02 18:30:00,489.526,0.0
2026-10-02 18:40:00,489.59,0.0
2026-10-02 18:50:00,489.54,0.0
2026-10-02 19:00:00,489.535,0.0
2026-10-02 19:10:00,489.526,0.0
2026-10-02 19:20:00,489.546,0.0
2026-10-02 19:30:00,489.527,0.0
2026-10-02 19:40:00,489.541,0.0
2026-10-02 19:50:00,489.554,0.0
2026-10-02 20:00:00,489.515,0.0
2026-10-02 20:10:00,489.52,0.0
2026-10-02 20:20:00,489.54,0.0
2026-10-02 20:30:00,489.547,0.0
2026-10-02 20:40:00,489.526,0.0
2026-10-02 20:50:00,489.535,0.0
2026-10-02 21:00:00,489.547,0.0
2026-10-02 21:20:00,489.529,0.0
2026-10-02 21:30:00,489.526,0.0
2026-10-02 21:50:00,489.501,0.0
2026-10-02 22:00:00,489.52,0.0
2026-10-02 22:10:00,489.516,0.0
2026-10-02 22:20:00,489.519,0.0
2026-10-02 22:30:00,489.532,0.0
2026-10-02 22:40:00,489.488,0.0
2026-10-02 22:50:00,489.494,0.0
2026-10-02 23:00:00,489.54,0.0
2026-10-02 23:10:00,489.598,0.0
2026-10-02 23:20:00,489.5,0.0
2026-10-02 23:30:00,489.537,0.0
2026-10-02 23:40:00,489.508,0.0
2026-10-02 23:50:00,489.508,0.0
2026-10-03 00:00:00,489.532,0.0
2026-10-03 00:10:00,489.52,0.0
2026-10-03 00:20:00,489.516,0.0
2026-10-03 00:30:00,489.533,0.0
2026-10-03 00:40:00,489.526,0.0
2026-10-03 00:50:00,489.526,0.0
2026-10-03 01:00:00,489.533,0.0
2026-10-03 01:10:00,489.552,0.0
2026-10-03 01:20:00,489.526,0.0
2026-10-03 01:30:00,489.501,0.0
2026-10-03 01:40:00,489.578,0.0
2026-10-03 01:50:00,489.507,0.0
2026-10-03 02:00:00,489.532,0.0
2026-10-03 02:10:00,489.526,0.0
2026-10-03 02:20:00,489.508,0.0
2026-10-03 02:30:00,489.52,0.0
2026-10-03 02:40:00,489.501,0.0
2026-10-03 02:50:00,489.517,0.0
2026-10-03 03:00:00,489.512,0.0
2026-10-03 03:10:00,489.495,0.0
2026-10-03 03:20:00,489.494,0.0
2026-10-03 03:30:00,489.549,0.0
2026-10-03 03:40:00,489.513,0.0
2026-10-03 03:50:00,489.513,0.0
2026-10-03 04:00:00,489.51,0.0
2026-10-03 04:10:00,489.521,0.0
2026-10-03 04:20:00,489.513,0.0
2026-10-03 04:30:00,489.514,0.0
2026-10-03 04:40:00,489.513,0.0
2026-10-03 04:50:00,489.508,0.0
2026-10-03 05:00:00,489.514,0.0
2026-10-03 05:20:00,489.508,0.0
2026-10-03 05:30:00,489.501,0.0
2026-10-03 05:40:00,489.547,0.0
2026-10-03 05:50:00,489.513,0.0
2026-10-03 06:00:00,489.547,0.0
2026-10-03 06:10:00,489.508,0.0
2026-10-03 06:20:00,489.503,0.0
2026-10-03 06:30:00,489.477,0.0
2026-10-03 06:40:00,489.508,0.0
2026-10-03 06:50:00,489.501,0.0
2026-10-03 07:00:00,489.508,0.0
2026-10-03 07:10:00,489.501,0.0
2026-10-03 07:20:00,489.496,0.0
2026-10-03 07:30:00,489.494,0.0
2026-10-03 07:40:00,489.494,0.0
2026-10-03 07:50:00,489.494,0.0
2026-10-03 08:00:00,489.488,0.0
2026-10-03 08:10:00,489.494,0.0
2026-10-03 08:20:00,489.494,0.0
2026-10-03 08:30:00,489.494,0.0
2026-10-03 08:40:00,489.494,0.0
2026-10-03 08:50:00,489.499,0.0
2026-10-03 09:00:00,489.506,0.0
2026-10-03 09:10:00,489.518,0.0
2026-10-03 09:20:00,489.513,0.0
2026-10-03 09:30:00,489.513,0.0
2026-10-03 09:40:00,489.513,0.0
2026-10-03 09:50:00,489.526,0.0
2026-10-03 10:00:00,489.519,0.0
2026-10-03 10:10:00,489.513,0.0
2026-10-03 10:20:00,489.513,0.0
2026-10-03 10:30:00,489.508,0.0
2026-10-03 10:40:00,489.506,0.0
2026-10-03 10:50:00,489.506,0.0
2026-10-03 11:00:00,489.506,0.0
2026-10-03 11:10:00,489.506,0.0
2026-10-03 11:20:00,489.526,0.0
2026-10-03 11:30:00,489.48,0.0
2026-10-03 11:40:00,489.499,0.0
2026-10-03 11:50:00,489.494,0.0
2026-10-03 12:00:00,489.532,0.0
2026-10-03 12:10:00,489.494,0.0
2026-10-03 12:20:00,489.499,0.0
2026-10-03 12:40:00,489.494,0.0
2026-10-03 12:50:00,489.5,0.0
2026-10-03 13:00:00,489.462,0.0
2026-10-03 13:10:00,489.475,0.0
2026-10-03 13:20:00,489.475,0.0
2026-10-03 13:30:00,489.475,0.0
2026-10-03 13:40:00,489.475,0.0
2026-10-03 13:50:00,489.474,0.0
2026-10-03 14:00:00,489.487,0.0
2026-10-03 14:10:00,489.499,0.0
2026-10-03 14:20:00,489.487,0.0
2026-10-03 14:30:00,489.487,0.0
2026-10-03 14:40:00,489.487,0.0
2026-10-03 14:50:00,489.5,0.0
2026-10-03 15:00:00,489.481,0.0
2026-10-03 15:10:00,489.468,0.0
2026-10-03 15:20:00,489.455,0.0
2026-10-03 15:30:00,489.467,0.0
2026-10-03 15:40:00,489.475,0.0
2026-10-03 15:50:00,489.468,0.0
2026-10-03 16:00:00,489.468,0.0
2026-10-03 16:10:00,489.488,0.0
2026-10-03 16:20:00,489.494,0.0
2026-10-03 16:30:00,489.469,0.0
2026-10-03 16:40:00,489.469,0.0
2026-10-03 16:50:00,489.462,0.0
2026-10-03 17:00:00,489.449,0.0
2026-10-03 17:10:00,489.455,0.0
2026-10-03 17:20:00,489.462,0.0
2026-10-03 17:30:00,489.449,0.0
2026-10-03 17:40:00,489.487,0.0
2026-10-03 17:50:00,489.494,0.0
2026-10-03 18:00:00,489.488,0.0
2026-10-03 18:10:00,489.494,0.0
2026-10-03 18:20:00,489.496,0.0
2026-10-03 18:30:00,489.481,0.0
2026-10-03 18:40:00,489.554,0.0
2026-10-03 18:50:00,489.476,0.0
2026-10-03 19:00:00,489.488,0.0
2026-10-03 19:10:00,489.481,0.0
2026-10-03 19:20:00,489.467,0.0
2026-10-03 19:30:00,489.436,0.0
2026-10-03 19:40:00,489.507,0.0
2026-10-03 19:50:00,489.488,0.0
2026-10-03 20:00:00,489.482,0.0
2026-10-03 20:10:00,489.482,0.0
2026-10-03 20:20:00,489.501,0.0
2026-10-03 20:30:00,489.484,0.0
2026-10-03 20:40:00,489.473,0.0
2026-10-03 20:50:00,489.493,0.0
2026-10-03 21:00:00,489.449,0.0
2026-10-03 21:10:00,489.456,0.0
2026-10-03 21:20:00,489.501,0.0
2026-10-03 21:40:00,489.494,0.0
2026-10-03 21:50:00,489.5,0.0
2026-10-03 22:00:00,489.481,0.0
2026-10-03 22:10:00,489.498,0.0
2026-10-03 22:20:00,489.494,0.0
2026-10-03 22:30:00,489.481,0.0
2026-10-03 22:40:00,489.5,0.0
2026-10-03 22:50:00,489.45,0.0
2026-10-03 23:00:00,489.501,0.0
2026-10-03 23:10:00,489.539,0.0
2026-10-03 23:20:00,489.502,0.0
2026-10-03 23:30:00,489.508,0.0
2026-10-03 23:40:00,489.488,0.0
2026-10-03 23:50:00,489.494,0.0
2026-10-04 00:00:00,489.505,0.0
2026-10-04 00:10:00,489.494,0.0
2026-10-04 00:20:00,489.45,0.0
2026-10-04 00:30:00,489.498,0.0
2026-10-04 00:40:00,489.494,0.0
2026-10-04 00:50:00,489.434,0.0
2026-10-04 01:00:00,489.463,0.0
2026-10-04 01:10:00,489.471,0.0
2026-10-04 01:20:00,489.5,0.0
2026-10-04 01:30:00,489.45,0.0
2026-10-04 01:40:00,489.489,0.0
2026-10-04 01:50:00,489.489,0.0
2026-10-04 02:00:00,489.494,0.0
2026-10-04 02:10:00,489.386,0.0
2026-10-04 02:20:00,489.481,0.0
2026-10-04 02:30:00,489.437,0.0
2026-10-04 02:40:00,489.579,0.0
2026-10-04 02:50:00,489.533,0.0
2026-10-04 03:00:00,489.501,0.0
2026-10-04 03:10:00,489.496,0.0
2026-10-04 03:20:00,489.481,0.0
2026-10-04 03:30:00,489.505,0.0
2026-10-04 03:40:00,489.513,0.0
2026-10-04 03:50:00,489.484,0.0
2026-10-04 04:00:00,489.461,0.0
2026-10-04 04:10:00,489.559,0.0
2026-10-04 04:20:00,489.488,0.0
2026-10-04 04:30:00,489.411,0.0
2026-10-04 04:40:00,489.494,0.0
2026-10-04 04:50:00,489.501,0.0
2026-10-04 05:00:00,489.508,0.0
2026-10-04 05:10:00,489.501,0.0
2026-10-04 05:20:00,489.501,0.0
2026-10-04 05:30:00,489.501,0.0
2026-10-04 05:40:00,489.495,0.0
2026-10-04 05:50:00,489.495,0.0
2026-10-04 06:00:00,489.495,0.0
2026-10-04 06:10:00,489.495,0.0
2026-10-04 06:20:00,489.495,0.0
2026-10-04 06:30:00,489.493,0.0
2026-10-04 06:40:00,489.489,0.0
2026-10-04 06:50:00,489.488,0.0
2026-10-04 07:00:00,489.489,0.0
2026-10-04 07:10:00,489.486,0.0
2026-10-04 07:20:00,489.489,0.0
2026-10-04 07:30:00,489.507,0.0
2026-10-04 07:40:00,489.488,0.0
2026-10-04 07:50:00,489.488,0.0
2026-10-04 08:00:00,489.488,0.0
2026-10-04 08:10:00,489.488,0.0
2026-10-04 08:20:00,489.488,0.0
2026-10-04 08:30:00,489.494,0.0
2026-10-04 08:40:00,489.5,0.0
2026-10-04 08:50:00,489.499,0.0
2026-10-04 09:00:00,489.5,0.0
2026-10-04 09:10:00,489.506,0.0
2026-10-04 09:20:00,489.499,0.0
2026-10-04 09:30:00,489.506,0.0
2026-10-04 09:40:00,489.506,0.0
2026-10-04 09:50:00,489.487,0.0
2026-10-04 10:00:00,489.513,0.0
2026-10-04 10:10:00,489.499,0.0
2026-10-04 10:20:00,489.499,0.0
2026-10-04 10:30:00,489.468,0.0
2026-10-04 10:40:00,489.475,0.0
2026-10-04 10:50:00,489.468,0.0
2026-10-04 11:00:00,489.468,0.0
2026-10-04 11:10:00,489.487,0.0
2026-10-04 11:20:00,489.462,0.0
2026-10-04 11:30:00,489.468,0.0
2026-10-04 11:40:00,489.475,0.0
2026-10-04 11:50:00,489.474,0.0
2026-10-04 12:00:00,489.468,0.0
2026-10-04 12:10:00,489.449,0.0
2026-10-04 12:20:00,489.462,0.0
2026-10-04 12:30:00,489.474,0.0
2026-10-04 12:40:00,489.455,0.0
2026-10-04 12:50:00,489.519,0.0
2026-10-04 13:00:00,489.455,0.0
2026-10-04 13:10:00,489.417,0.0
2026-10-04 13:20:00,489.481,0.0
2026-10-04 13:30:00,489.488,0.8
2026-10-04 13:40:00,489.449,0.8
2026-10-04 13:50:00,489.457,0.8
2026-10-04 14:00:00,489.423,0.8
2026-10-04 14:10:00,489.437,0.0
2026-10-04 14:20:00,489.444,0.0
2026-10-04 14:30:00,489.463,0.0
2026-10-04 14:40:00,489.42,0.0
2026-10-04 14:50:00,489.476,0.0
2026-10-04 15:00:00,489.476,0.0
2026-10-04 15:10:00,489.488,0.0
2026-10-04 15:20:00,489.507,0.0
2026-10-04 15:30:00,489.547,0.0
2026-10-04 15:40:00,489.463,0.0
2026-10-04 15:50:00,489.444,0.0
2026-10-04 16:00:00,489.52,0.0
2026-10-04 16:10:00,489.481,0.0
2026-10-04 16:20:00,489.469,0.0
2026-10-04 16:30:00,489.469,0.0
2026-10-04 16:40:00,489.47,0.0
2026-10-04 16:50:00,489.476,0.0
2026-10-04 17:00:00,489.469,0.0
2026-10-04 17:10:00,489.481,0.0
2026-10-04 17:20:00,489.449,0.0
2026-10-04 17:30:00,489.434,0.0
2026-10-04 17:40:00,489.467,0.0
2026-10-04 17:50:00,489.533,0.0
2026-10-04 18:00:00,489.476,0.0
2026-10-04 18:10:00,489.462,0.0
2026-10-04 18:20:00,489.47,0.0
2026-10-04 18:30:00,489.473,0.0
2026-10-04 18:40:00,489.373,0.0
2026-10-04 18:50:00,489.476,0.0
2026-10-04 19:00:00,489.47,0.0
2026-10-04 19:10:00,489.482,0.0
2026-10-04 19:20:00,489.463,0.0
2026-10-04 19:30:00,489.444,0.0
2026-10-04 19:40:00,489.489,0.0
2026-10-04 19:50:00,489.485,0.0
2026-10-04 20:00:00,489.47,0.0
2026-10-04 20:10:00,489.473,0.0
2026-10-04 20:20:00,489.444,0.0
2026-10-04 20:30:00,489.457,0.0
2026-10-04 20:40:00,489.421,0.0
2026-10-04 20:50:00,489.47,0.0
2026-10-04 21:00:00,489.495,0.0
2026-10-04 21:10:00,489.493,0.0
2026-10-04 21:20:00,489.48,0.0
2026-10-04 21:30:00,489.463,0.0
2026-10-04 21:40:00,489.462,0.0
2026-10-04 21:50:00,489.476,0.0
2026-10-04 22:00:00,489.489,0.0
2026-10-04 22:10:00,489.455,0.0
2026-10-04 22:20:00,489.43,0.0
2026-10-04 22:30:00,489.457,0.0
2026-10-04 22:40:00,489.45,0.0
2026-10-04 22:50:00,489.457,0.0
2026-10-04 23:00:00,489.483,0.0
2026-10-04 23:10:00,489.471,0.0
2026-10-04 23:20:00,489.467,0.0
2026-10-04 23:30:00,489.501,0.0
2026-10-04 23:40:00,489.424,0.0
2026-10-04 23:50:00,489.45,0.0
2026-10-05 00:00:00,489.398,0.0
2026-10-05 00:10:00,489.42,0.0
2026-10-05 00:20:00,489.427,0.0
2026-10-05 00:30:00,489.417,0.0
2026-10-05 00:40:00,489.45,0.0
2026-10-05 00:50:00,489.463,0.0
2026-10-05 01:00:00,489.457,0.0
2026-10-05 01:10:00,489.344,0.0
2026-10-05 01:20:00,489.501,0.0
2026-10-05 01:30:00,489.476,0.0
2026-10-05 01:40:00,489.463,0.0
2026-10-05 01:50:00,489.45,0.0
2026-10-05 02:00:00,489.43,0.0
2026-10-05 02:10:00,489.457,0.0
2026-10-05 02:20:00,489.437,0.0
2026-10-05 02:30:00,489.45,0.0
2026-10-05 02:40:00,489.395,0.0
2026-10-05 02:50:00,489.547,0.0
2026-10-05 03:00:00,489.467,0.0
2026-10-05 03:10:00,489.444,0.0
2026-10-05 03:20:00,489.437,0.0
2026-10-05 03:30:00,489.444,0.0
2026-10-05 03:40:00,489.438,0.0
2026-10-05 03:50:00,489.437,0.0
2026-10-05 04:00:00,489.437,0.0
2026-10-05 04:10:00,489.437,0.0
2026-10-05 04:20:00,489.438,0.0
2026-10-05 04:30:00,489.43,0.0
2026-10-05 04:40:00,489.43,0.0
2026-10-05 04:50:00,489.43,0.0
2026-10-05 05:00:00,489.43,0.0
2026-10-05 05:10:00,489.43,0.0
2026-10-05 05:20:00,489.424,0.0
2026-10-05 05:30:00,489.43,0.0
2026-10-05 05:40:00,489.43,0.0
2026-10-05 05:50:00,489.43,0.0
2026-10-05 06:00:00,489.424,0.0
2026-10-05 06:10:00,489.43,0.0
2026-10-05 06:20:00,489.424,0.0
2026-10-05 06:30:00,489.424,0.0
2026-10-05 06:40:00,489.424,0.0
2026-10-05 06:50:00,489.424,0.0
2026-10-05 07:00:00,489.424,0.0
2026-10-05 07:10:00,489.424,0.0
2026-10-05 07:20:00,489.424,0.0
2026-10-05 07:30:00,489.424,0.0
2026-10-05 07:40:00,489.417,0.0
2026-10-05 07:50:00,489.417,0.0
2026-10-05 08:00:00,489.41,0.0
2026-10-05 08:10:00,489.41,0.0
2026-10-05 08:20:00,489.405,0.0
2026-10-05 08:30:00,489.398,0.0
2026-10-05 08:40:00,489.398,0.0
2026-10-05 08:50:00,489.391,0.0
2026-10-05 09:00:00,489.398,0.0
2026-10-05 09:10:00,489.403,0.0
2026-10-05 09:20:00,489.403,0.0
2026-10-05 09:30:00,489.398,0.0
2026-10-05 09:40:00,489.398,0.0
2026-10-05 09:50:00,489.397,0.0
2026-10-05 10:00:00,489.41,0.0
2026-10-05 10:10:00,489.372,0.0
2026-10-05 10:20:00,489.385,0.0
2026-10-05 10:30:00,489.385,0.0
2026-10-05 10:40:00,489.385,0.0
2026-10-05 10:50:00,489.391,0.0
2026-10-05 11:00:00,489.403,0.0
2026-10-05 11:10:00,489.416,0.0
2026-10-05 11:20:00,489.422,0.0
2026-10-05 11:30:00,489.429,0.0
2026-10-05 11:40:00,489.423,0.0
2026-10-05 11:50:00,489.416,1.2
2026-10-05 12:00:00,489.41,2.4
2026-10-05 12:10:00,489.423,6.6
2026-10-05 12:20:00,489.45,19.8
2026-10-05 12:30:00,489.463,39.6
2026-10-05 12:40:00,489.559,43.8
2026-10-05 12:50:00,489.669,45.0
2026-10-05 13:00:00,489.765,46.6
2026-10-05 13:10:00,489.816,0.2
2026-10-05 13:20:00,489.869,1.0
2026-10-05 13:30:00,489.876,1.2
2026-10-05 13:40:00,489.882,1.2
2026-10-05 13:50:00,489.901,1.2
2026-10-05 14:00:00,489.933,1.2
2026-10-05 14:10:00,489.933,0.0
2026-10-05 14:20:00,489.933,0.2
2026-10-05 14:30:00,489.933,0.2
2026-10-05 14:40:00,489.946,0.2
2026-10-05 14:50:00,489.96,0.2
2026-10-05 15:00:00,489.966,0.2
2026-10-05 15:10:00,489.965,0.0
2026-10-05 15:20:00,489.972,0.0
2026-10-05 15:30:00,489.978,0.0
2026-10-05 15:40:00,489.978,0.0
2026-10-05 15:50:00,489.978,0.0
2026-10-05 16:00:00,489.985,0.0
