h,tag,Date,obs,pred
1,base,2025-11-24,282635.1724947998,263950.186671022
1,base,2025-11-25,250442.3677198271,241305.94257415883
1,base,2025-11-26,226461.0491718907,210752.4743654016
1,base,2025-11-27,209827.3783454106,192543.34712108306
1,base,2025-11-28,192118.5984848536,179826.8599589062
1,base,2025-11-29,181762.4168316232,161754.66703365106
1,base,2025-11-30,170801.8414968055,153915.51820002214
1,base,2025-12-01,168695.2513560315,141254.96467681817
1,base,2025-12-02,162280.3512820562,140850.5140084453
1,base,2025-12-03,150695.9364096984,134901.49075153202
1,base,2025-12-04,146155.8711909035,121693.63090331237
1,base,2025-12-05,142112.1251674911,119719.18544214606
1,base,2025-12-06,128336.1512244437,116748.57098958867
1,base,2025-12-07,123172.8626200811,100587.9603959312
1,base,2025-12-08,118333.622935685,98540.55551215466
1,base,2025-12-09,105974.2258759667,94040.81518520718
1,base,2025-12-10,100182.1597185699,81735.68088037209
1,base,2025-12-11,105777.9168306079,76332.25315051877
1,base,2025-12-12,95674.64344875758,89149.8161069705
1,base,2025-12-13,102286.8081684614,72001.94450085571
1,base,2025-12-14,98510.33062773151,85522.73728270915
1,base,2025-12-15,91571.26234193222,78446.1785690092
1,base,2025-12-16,89250.45186240789,70712.50463275613
1,base,2025-12-17,86114.73632646514,70379.27088612958
1,base,2025-12-18,75862.80524445037,67337.29008647888
1,base,2025-12-19,72806.88785966646,54296.62233892833
1,base,2025-12-20,67326.7436279514,54923.70446370505
1,base,2025-12-21,69477.14912641923,50069.01603305369
1,base,2025-12-22,59737.54393713534,53911.437103883305
1,base,2025-12-23,61014.29057677041,43223.5967669687
1,base+bias,2025-11-24,282635.1724947998,263950.186671022
1,base+bias,2025-11-25,250442.3677198271,241305.94257415883
1,base+bias,2025-11-26,226461.0491718907,210752.4743654016
1,base+bias,2025-11-27,209827.3783454106,192543.34712108306
1,base+bias,2025-11-28,192118.5984848536,179826.8599589062
1,base+bias,2025-11-29,181762.4168316232,161754.66703365106
1,base+bias,2025-11-30,170801.8414968055,153915.51820002214
1,base+bias,2025-12-01,168695.2513560315,141254.96467681817
1,base+bias,2025-12-02,162280.3512820562,140850.5140084453
1,base+bias,2025-12-03,150695.9364096984,134901.49075153202
1,base+bias,2025-12-04,146155.8711909035,121693.63090331237
1,base+bias,2025-12-05,142112.1251674911,119719.18544214606
1,base+bias,2025-12-06,128336.1512244437,116748.57098958867
1,base+bias,2025-12-07,123172.8626200811,100587.9603959312
1,base+bias,2025-12-08,118333.622935685,98540.55551215466
1,base+bias,2025-12-09,105974.2258759667,94040.81518520718
1,base+bias,2025-12-10,100182.1597185699,81735.68088037209
1,base+bias,2025-12-11,105777.9168306079,76332.25315051877
1,base+bias,2025-12-12,95674.64344875758,89149.8161069705
1,base+bias,2025-12-13,102286.8081684614,72001.94450085571
1,base+bias,2025-12-14,98510.33062773151,85522.73728270915
1,base+bias,2025-12-15,91571.26234193222,78446.1785690092
1,base+bias,2025-12-16,89250.45186240789,70712.50463275613
1,base+bias,2025-12-17,86114.73632646514,70379.27088612958
1,base+bias,2025-12-18,75862.80524445037,67337.29008647888
1,base+bias,2025-12-19,72806.88785966646,54296.62233892833
1,base+bias,2025-12-20,67326.7436279514,54923.70446370505
1,base+bias,2025-12-21,69477.14912641923,50069.01603305369
1,base+bias,2025-12-22,59737.54393713534,53911.437103883305
1,base+bias,2025-12-23,61014.29057677041,43223.5967669687
1,base,2025-12-24,58606.43323292737,56930.79151325712
1,base,2025-12-25,60641.28989477052,54522.93416941408
1,base,2025-12-26,58575.915307928,56557.79083125723
1,base,2025-12-27,52735.22662610265,54492.416244414715
1,base,2025-12-28,45221.99825716334,48651.72756258937
1,base,2025-12-29,44408.05284441299,41136.41751703294
1,base,2025-12-30,40484.07026904635,40767.542086369154
1,base,2025-12-31,37856.28804302291,37139.18550127829
1,base,2026-01-01,42454.87035829797,34720.87623953561
1,base,2026-01-02,40621.68780879292,39223.258710455964
1,base,2026-01-03,38841.39655611992,37478.31086356304
1,base,2026-01-04,35062.85962274358,35705.98475263262
1,base,2026-01-05,28196.25966596511,32352.347953983917
1,base,2026-01-06,24052.600328715,25697.44579350235
1,base,2026-01-07,0.0,20771.52000028076
1,base,2026-01-08,1005.554128209214,0.0
1,base,2026-01-09,4547.181981030939,0.0
1,base,2026-01-10,2501.206056063745,1743.345005397694
1,base,2026-01-11,7038.238120057628,0.0
1,base,2026-01-12,5146.520075025873,4288.625888124458
1,base,2026-01-13,6795.481323221639,2396.9078430927025
1,base,2026-01-14,7522.553062727141,3975.9837751626287
1,base,2026-01-15,9082.504002172822,4772.94083079397
1,base,2026-01-16,9641.718665012206,6263.006454113811
1,base,2026-01-17,7931.427796269722,6775.3033006634705
1,base,2026-01-18,6951.298485920801,5111.930248210712
1,base,2026-01-19,6802.897787536684,4131.80093786179
1,base,2026-01-20,6430.379010740346,3983.400239477673
1,base,2026-01-21,4754.223042374496,3610.881462681335
1,base,2026-01-22,5013.879969758142,1934.7254943154853
1,base+bias,2025-12-24,58606.43323292737,56930.79151325712
1,base+bias,2025-12-25,60641.28989477052,54522.93416941408
1,base+bias,2025-12-26,58575.915307928,56557.79083125723
1,base+bias,2025-12-27,52735.22662610265,54492.416244414715
1,base+bias,2025-12-28,45221.99825716334,48651.72756258937
1,base+bias,2025-12-29,44408.05284441299,41136.41751703294
1,base+bias,2025-12-30,40484.07026904635,40767.542086369154
1,base+bias,2025-12-31,37856.28804302291,37139.18550127829
1,base+bias,2026-01-01,42454.87035829797,34720.87623953561
1,base+bias,2026-01-02,40621.68780879292,39223.258710455964
1,base+bias,2026-01-03,38841.39655611992,37478.31086356304
1,base+bias,2026-01-04,35062.85962274358,35705.98475263262
1,base+bias,2026-01-05,28196.25966596511,32352.347953983917
1,base+bias,2026-01-06,24052.600328715,25697.44579350235
1,base+bias,2026-01-07,0.0,20771.52000028076
1,base+bias,2026-01-08,1005.554128209214,0.0
1,base+bias,2026-01-09,4547.181981030939,0.0
1,base+bias,2026-01-10,2501.206056063745,1743.345005397694
1,base+bias,2026-01-11,7038.238120057628,0.0
1,base+bias,2026-01-12,5146.520075025873,4288.625888124458
1,base+bias,2026-01-13,6795.481323221639,2396.9078430927025
1,base+bias,2026-01-14,7522.553062727141,3975.9837751626287
1,base+bias,2026-01-15,9082.504002172822,4772.94083079397
1,base+bias,2026-01-16,9641.718665012206,6263.006454113811
1,base+bias,2026-01-17,7931.427796269722,6775.3033006634705
1,base+bias,2026-01-18,6951.298485920801,5111.930248210712
1,base+bias,2026-01-19,6802.897787536684,4131.80093786179
1,base+bias,2026-01-20,6430.379010740346,3983.400239477673
1,base+bias,2026-01-21,4754.223042374496,3610.881462681335
1,base+bias,2026-01-22,5013.879969758142,1934.7254943154853
1,base,2026-01-23,5224.655702852328,4978.680802755882
1,base,2026-01-24,5864.683898932829,5176.039788271966
1,base,2026-01-25,6994.802601928017,5680.919115658424
1,base,2026-01-26,11476.10062633418,6769.006755929836
1,base,2026-01-27,5676.608802087474,9198.317936368607
1,base,2026-01-28,11838.21534079677,4366.5548588057245
1,base,2026-01-29,6614.983560953315,9411.199221855775
1,base,2026-01-30,8220.106059791846,5228.780164647923
1,base,2026-01-31,8037.136958042139,7809.5510343824035
1,base,2026-02-01,7249.710052871193,7640.110122219423
1,base,2026-02-02,0.0,6788.553849631164
1,base,2026-02-03,0.0,0.0
1,base,2026-02-04,1167.570968068156,610.9760677828899
1,base,2026-02-05,1167.570968068156,3169.939962533669
1,base,2026-02-06,1167.570968068156,3208.0220635194246
1,base,2026-02-07,4170.535081053606,3208.0220635194246
1,base,2026-02-08,4172.782660970314,6216.21303870248
1,base,2026-02-09,1168.765625470164,6152.226079249267
1,base,2026-02-10,1168.765625470164,3176.8492099082596
1,base,2026-02-11,4174.822262577526,3173.645939128357
1,base,2026-02-12,0.0,6046.791508155773
1,base,2026-02-13,1167.570968068156,520.275858752756
1,base,2026-02-14,1167.570968068156,3183.0199231062516
1,base,2026-02-15,1167.570968068156,3208.0220635194246
1,base,2026-02-16,1167.570968068156,3208.0220635194246
1,base,2026-02-17,1167.570968068156,3208.0220635194246
1,base,2026-02-18,1167.570968068156,3208.0220635194246
1,base,2026-02-19,1167.570968068156,3208.0220635194246
1,base,2026-02-20,0.0,3208.0220635194246
1,base,2026-02-21,3147.926173739526,1010.3618590798096
1,base+bias,2026-01-23,5224.655702852328,4978.680802755882
1,base+bias,2026-01-24,5864.683898932829,5176.039788271966
1,base+bias,2026-01-25,6994.802601928017,5680.919115658424
1,base+bias,2026-01-26,11476.10062633418,6769.006755929836
1,base+bias,2026-01-27,5676.608802087474,9198.317936368607
1,base+bias,2026-01-28,11838.21534079677,4366.5548588057245
1,base+bias,2026-01-29,6614.983560953315,9411.199221855775
1,base+bias,2026-01-30,8220.106059791846,5228.780164647923
1,base+bias,2026-01-31,8037.136958042139,7809.5510343824035
1,base+bias,2026-02-01,7249.710052871193,7640.110122219423
1,base+bias,2026-02-02,0.0,6788.553849631164
1,base+bias,2026-02-03,0.0,0.0
1,base+bias,2026-02-04,1167.570968068156,610.9760677828899
1,base+bias,2026-02-05,1167.570968068156,3169.939962533669
1,base+bias,2026-02-06,1167.570968068156,3208.0220635194246
1,base+bias,2026-02-07,4170.535081053606,3208.0220635194246
1,base+bias,2026-02-08,4172.782660970314,6216.21303870248
1,base+bias,2026-02-09,1168.765625470164,6152.226079249267
1,base+bias,2026-02-10,1168.765625470164,3176.8492099082596
1,base+bias,2026-02-11,4174.822262577526,3173.645939128357
1,base+bias,2026-02-12,0.0,6046.791508155773
1,base+bias,2026-02-13,1167.570968068156,520.275858752756
1,base+bias,2026-02-14,1167.570968068156,3183.0199231062516
1,base+bias,2026-02-15,1167.570968068156,3208.0220635194246
1,base+bias,2026-02-16,1167.570968068156,3208.0220635194246
1,base+bias,2026-02-17,1167.570968068156,3208.0220635194246
1,base+bias,2026-02-18,1167.570968068156,3208.0220635194246
1,base+bias,2026-02-19,1167.570968068156,3208.0220635194246
1,base+bias,2026-02-20,0.0,3208.0220635194246
1,base+bias,2026-02-21,3147.926173739526,1010.3618590798096
1,base,2026-02-22,0.0,2833.4753506719053
1,base,2026-02-23,4168.485571068196,0.0
1,base,2026-02-24,1167.570968068156,4019.4548736945703
1,base,2026-02-25,1167.570968068156,1166.950441764641
1,base,2026-02-26,1167.570968068156,1226.1969920492118
1,base,2026-02-27,1167.570968068156,1219.0448758833315
1,base,2026-02-28,1232.360327093139,1219.0448758833315
1,base,2026-03-01,1232.360327093139,1272.9730609245385
1,base,2026-03-02,0.0,1272.9730609245385
1,base,2026-03-03,7232.699243493119,0.0
1,base,2026-03-04,0.0,6801.146805960561
1,base,2026-03-05,4231.157917663651,0.0
1,base,2026-03-06,10240.97433716826,4110.539143180351
1,base,2026-03-07,0.0,9522.949104507032
1,base,2026-03-08,7240.005734046325,0.0
1,base,2026-03-09,0.0,6888.874608217766
1,base,2026-03-10,0.0,0.0
1,base,2026-03-11,0.0,0.0
1,base,2026-03-12,4588.915562032591,0.0
1,base,2026-03-13,1051.725638716127,4187.569126894377
1,base,2026-03-14,1171.730949081183,1065.2682608099176
1,base,2026-03-15,1231.733604263711,1277.9894646462071
1,base,2026-03-16,1591.827078183679,1332.6684692140336
1,base,2026-03-17,3694.787865385309,1310.637419146538
1,base,2026-03-18,29442.79622979818,3648.2380192990427
1,base,2026-03-19,3141.663118533274,29581.736990588626
1,base,2026-03-20,15588.06166423388,2471.1618415171206
1,base,2026-03-21,0.0,14014.667851840082
1,base,2026-03-22,0.0,269.1279138872601
1,base,2026-03-23,7447.294367083702,148.98280277424237
1,base+bias,2026-02-22,0.0,2833.4753506719053
1,base+bias,2026-02-23,4168.485571068196,0.0
1,base+bias,2026-02-24,1167.570968068156,4019.4548736945703
1,base+bias,2026-02-25,1167.570968068156,1166.950441764641
1,base+bias,2026-02-26,1167.570968068156,1226.1969920492118
1,base+bias,2026-02-27,1167.570968068156,1219.0448758833315
1,base+bias,2026-02-28,1232.360327093139,1219.0448758833315
1,base+bias,2026-03-01,1232.360327093139,1272.9730609245385
1,base+bias,2026-03-02,0.0,1272.9730609245385
1,base+bias,2026-03-03,7232.699243493119,0.0
1,base+bias,2026-03-04,0.0,6801.146805960561
1,base+bias,2026-03-05,4231.157917663651,0.0
1,base+bias,2026-03-06,10240.97433716826,4110.539143180351
1,base+bias,2026-03-07,0.0,9522.949104507032
1,base+bias,2026-03-08,7240.005734046325,0.0
1,base+bias,2026-03-09,0.0,6888.874608217766
1,base+bias,2026-03-10,0.0,0.0
1,base+bias,2026-03-11,0.0,0.0
1,base+bias,2026-03-12,4588.915562032591,0.0
1,base+bias,2026-03-13,1051.725638716127,4187.569126894377
1,base+bias,2026-03-14,1171.730949081183,1065.2682608099176
1,base+bias,2026-03-15,1231.733604263711,1277.9894646462071
1,base+bias,2026-03-16,1591.827078183679,1332.6684692140336
1,base+bias,2026-03-17,3694.787865385309,1310.637419146538
1,base+bias,2026-03-18,29442.79622979818,3648.2380192990427
1,base+bias,2026-03-19,3141.663118533274,29581.736990588626
1,base+bias,2026-03-20,15588.06166423388,2471.1618415171206
1,base+bias,2026-03-21,0.0,14014.667851840082
1,base+bias,2026-03-22,0.0,269.1279138872601
1,base+bias,2026-03-23,7447.294367083702,148.98280277424237
1,base,2026-03-24,0.0,6832.188726771901
1,base,2026-03-25,1300.310608590011,27.369881860988244
1,base,2026-03-26,0.0,1265.4887641003309
1,base,2026-03-27,0.0,0.0
1,base,2026-03-28,0.0,185.70055227511693
1,base,2026-03-29,0.0,434.31062054630456
1,base,2026-03-30,1216.506094919201,445.308145570797
1,base,2026-03-31,1357.9623387935,1373.4352377563152
1,base,2026-04-01,0.0,1522.2781298196771
1,base,2026-04-02,19185.66181159556,181.5731759137143
1,base,2026-04-03,0.0,16996.33952184623
1,base,2026-04-04,0.0,0.0
1,base,2026-04-05,1357.1851159841,612.0878963623459
1,base,2026-04-06,4320.271751993509,1431.0631575374366
1,base,2026-04-07,0.0,4259.710007242732
1,base,2026-04-08,0.0,510.0814117137161
1,base,2026-04-09,0.0,458.0418651513455
1,base,2026-04-10,0.0,557.3584245310649
1,base,2026-04-11,0.0,403.8933821719165
1,base,2026-04-12,0.0,403.8933821719165
1,base,2026-04-13,0.0,561.9299218382466
1,base,2026-04-14,0.0,284.9000059778382
1,base,2026-04-15,0.0,328.6721569029987
1,base,2026-04-16,0.0,432.5231935518523
1,base,2026-04-17,0.0,906.4039443211313
1,base,2026-04-18,0.0,1140.187749295338
1,base,2026-04-19,7142.04282863685,948.1108926021407
1,base,2026-04-20,0.0,7096.758464336137
1,base,2026-04-21,1330.35764373476,909.8594344172316
1,base,2026-04-22,0.0,1700.5625784188076
1,base+bias,2026-03-24,0.0,6832.188726771901
1,base+bias,2026-03-25,1300.310608590011,27.369881860988244
1,base+bias,2026-03-26,0.0,1265.4887641003309
1,base+bias,2026-03-27,0.0,0.0
1,base+bias,2026-03-28,0.0,185.70055227511693
1,base+bias,2026-03-29,0.0,434.31062054630456
1,base+bias,2026-03-30,1216.506094919201,445.308145570797
1,base+bias,2026-03-31,1357.9623387935,1373.4352377563152
1,base+bias,2026-04-01,0.0,1522.2781298196771
1,base+bias,2026-04-02,19185.66181159556,181.5731759137143
1,base+bias,2026-04-03,0.0,16996.33952184623
1,base+bias,2026-04-04,0.0,0.0
1,base+bias,2026-04-05,1357.1851159841,612.0878963623459
1,base+bias,2026-04-06,4320.271751993509,1431.0631575374366
1,base+bias,2026-04-07,0.0,4259.710007242732
1,base+bias,2026-04-08,0.0,510.0814117137161
1,base+bias,2026-04-09,0.0,458.0418651513455
1,base+bias,2026-04-10,0.0,557.3584245310649
1,base+bias,2026-04-11,0.0,403.8933821719165
1,base+bias,2026-04-12,0.0,403.8933821719165
1,base+bias,2026-04-13,0.0,561.9299218382466
1,base+bias,2026-04-14,0.0,284.9000059778382
1,base+bias,2026-04-15,0.0,328.6721569029987
1,base+bias,2026-04-16,0.0,432.5231935518523
1,base+bias,2026-04-17,0.0,906.4039443211313
1,base+bias,2026-04-18,0.0,1140.187749295338
1,base+bias,2026-04-19,7142.04282863685,948.1108926021407
1,base+bias,2026-04-20,0.0,7096.758464336137
1,base+bias,2026-04-21,1330.35764373476,909.8594344172316
1,base+bias,2026-04-22,0.0,1700.5625784188076
1,base,2026-04-23,0.0,253.02488014248365
1,base,2026-04-24,0.0,171.86702592418942
1,base,2026-04-25,4175.652946526906,1030.6636567727483
1,base,2026-04-26,0.0,4978.087528661371
1,base,2026-04-27,7134.507354545481,260.11174475724783
1,base,2026-04-28,1329.99703624549,11591.890939250563
1,base,2026-04-29,0.0,2271.02519538797
1,base,2026-04-30,0.0,75.15563306735748
1,base,2026-05-01,4156.934105248899,758.6462589322564
1,base,2026-05-02,0.0,4295.325927204498
1,base,2026-05-03,0.0,1139.3178212691837
1,base,2026-05-04,0.0,847.8215694232363
1,base,2026-05-05,0.0,4177.356329367475
1,base,2026-05-06,3575.559741841224,120.43950494621913
1,base,2026-05-07,8337.097621055189,3713.0790625090467
1,base,2026-05-08,7067.388500442302,9469.922626867054
1,base,2026-05-09,3288.46284526218,10160.17538475155
1,base,2026-05-10,609.3285666212043,8081.704064185289
1,base,2026-05-11,327.4079784250729,10764.203205684706
1,base,2026-05-12,64024.57078417507,0.0
1,base,2026-05-13,29895.40787851404,77143.18679756543
1,base,2026-05-14,9279.572203576883,38641.75445191972
1,base,2026-05-15,16077.61184919209,37770.92714930735
1,base,2026-05-16,0.0,31249.580320291734
1,base,2026-05-17,10216.22369505713,874.3074635163757
1,base,2026-05-18,3927.997988633625,17322.728111150187
1,base,2026-05-19,85867.63959680006,12778.198852010504
1,base,2026-05-20,61048.47974927562,105745.29812727208
1,base,2026-05-21,108733.3367135785,58408.16406145346
1,base,2026-05-22,141212.5627369919,108077.14586678738
1,base+bias,2026-04-23,0.0,253.02488014248365
1,base+bias,2026-04-24,0.0,171.86702592418942
1,base+bias,2026-04-25,4175.652946526906,1030.6636567727483
1,base+bias,2026-04-26,0.0,4978.087528661371
1,base+bias,2026-04-27,7134.507354545481,260.11174475724783
1,base+bias,2026-04-28,1329.99703624549,11591.890939250563
1,base+bias,2026-04-29,0.0,2271.02519538797
1,base+bias,2026-04-30,0.0,75.15563306735748
1,base+bias,2026-05-01,4156.934105248899,758.6462589322564
1,base+bias,2026-05-02,0.0,4295.325927204498
1,base+bias,2026-05-03,0.0,1139.3178212691837
1,base+bias,2026-05-04,0.0,847.8215694232363
1,base+bias,2026-05-05,0.0,4177.356329367475
1,base+bias,2026-05-06,3575.559741841224,120.43950494621913
1,base+bias,2026-05-07,8337.097621055189,3713.0790625090467
1,base+bias,2026-05-08,7067.388500442302,9469.922626867054
1,base+bias,2026-05-09,3288.46284526218,10160.17538475155
1,base+bias,2026-05-10,609.3285666212043,8081.704064185289
1,base+bias,2026-05-11,327.4079784250729,10764.203205684706
1,base+bias,2026-05-12,64024.57078417507,0.0
1,base+bias,2026-05-13,29895.40787851404,77143.18679756543
1,base+bias,2026-05-14,9279.572203576883,38641.75445191972
1,base+bias,2026-05-15,16077.61184919209,37770.92714930735
1,base+bias,2026-05-16,0.0,31249.580320291734
1,base+bias,2026-05-17,10216.22369505713,874.3074635163757
1,base+bias,2026-05-18,3927.997988633625,17322.728111150187
1,base+bias,2026-05-19,85867.63959680006,12778.198852010504
1,base+bias,2026-05-20,61048.47974927562,105745.29812727208
1,base+bias,2026-05-21,108733.3367135785,58408.16406145346
1,base+bias,2026-05-22,141212.5627369919,108077.14586678738
1,base,2026-05-23,185517.9117316547,142738.03102134803
1,base,2026-05-24,179597.995600109,180931.10993132507
1,base,2026-05-25,193356.5957728531,176751.00049900176
1,base,2026-05-26,349365.1598969635,189955.9348436293
1,base,2026-05-27,433838.0231737584,345270.60784466594
1,base,2026-05-28,507809.2200161263,426224.83620158647
1,base,2026-05-29,602775.1641346975,506120.6454388382
1,base,2026-05-30,553516.0898851521,597269.237368932
1,base,2026-05-31,449557.2543120539,546729.3091707287
1,base,2026-06-01,240641.9388894092,442293.54724850605
1,base,2026-06-02,216085.9110082715,233181.27067908383
1,base,2026-06-03,198275.3925303018,210971.0761171558
1,base,2026-06-04,192990.3100497752,193768.6134958283
1,base,2026-06-05,201843.6206251707,188483.5310153017
1,base,2026-06-06,174582.3631776166,200193.7186565495
1,base,2026-06-07,165844.9237883183,170033.87230913967
1,base,2026-06-08,156694.7359268938,163295.94317371902
1,base,2026-06-09,160301.5900719157,154193.22710883396
1,base,2026-06-10,166649.5271781315,161486.4949045343
1,base,2026-06-11,189788.4728931298,161695.87419560493
1,base,2026-06-12,201768.2313126253,190749.78808483272
1,base,2026-06-13,174580.9152624754,198488.64648603945
1,base,2026-06-14,133852.9901506277,166953.48635502957
1,base,2026-06-15,141713.5315307741,127664.69107131522
1,base,2026-06-16,121801.9629150302,139230.37378252615
1,base,2026-06-17,80097.31022858075,117556.62149675496
1,base,2026-06-18,79432.17603844083,76819.27965994572
1,base,2026-06-19,51854.03477584177,77228.66600785956
1,base,2026-06-20,47047.00811797024,49448.911366265136
1,base,2026-06-21,49498.13353825355,45164.65565099705
1,base+bias,2026-05-23,185517.9117316547,142738.03102134803
1,base+bias,2026-05-24,179597.995600109,180931.10993132507
1,base+bias,2026-05-25,193356.5957728531,176751.00049900176
1,base+bias,2026-05-26,349365.1598969635,189955.9348436293
1,base+bias,2026-05-27,433838.0231737584,345270.60784466594
1,base+bias,2026-05-28,507809.2200161263,426224.83620158647
1,base+bias,2026-05-29,602775.1641346975,506120.6454388382
1,base+bias,2026-05-30,553516.0898851521,597269.237368932
1,base+bias,2026-05-31,449557.2543120539,546729.3091707287
1,base+bias,2026-06-01,240641.9388894092,442293.54724850605
1,base+bias,2026-06-02,216085.9110082715,233181.27067908383
1,base+bias,2026-06-03,198275.3925303018,210971.0761171558
1,base+bias,2026-06-04,192990.3100497752,193768.6134958283
1,base+bias,2026-06-05,201843.6206251707,188483.5310153017
1,base+bias,2026-06-06,174582.3631776166,200193.7186565495
1,base+bias,2026-06-07,165844.9237883183,170033.87230913967
1,base+bias,2026-06-08,156694.7359268938,163295.94317371902
1,base+bias,2026-06-09,160301.5900719157,154193.22710883396
1,base+bias,2026-06-10,166649.5271781315,161486.4949045343
1,base+bias,2026-06-11,189788.4728931298,161695.87419560493
1,base+bias,2026-06-12,201768.2313126253,190749.78808483272
1,base+bias,2026-06-13,174580.9152624754,198488.64648603945
1,base+bias,2026-06-14,133852.9901506277,166953.48635502957
1,base+bias,2026-06-15,141713.5315307741,127664.69107131522
1,base+bias,2026-06-16,121801.9629150302,139230.37378252615
1,base+bias,2026-06-17,80097.31022858075,117556.62149675496
1,base+bias,2026-06-18,79432.17603844083,76819.27965994572
1,base+bias,2026-06-19,51854.03477584177,77228.66600785956
1,base+bias,2026-06-20,47047.00811797024,49448.911366265136
1,base+bias,2026-06-21,49498.13353825355,45164.65565099705
1,base,2026-06-22,48315.2033726697,48164.442000659845
1,base,2026-06-23,44125.329575858,45784.99264255763
1,base,2026-06-24,35020.78540226009,41768.35554060087
1,base,2026-06-25,31864.99551244184,32831.623288944495
1,base,2026-06-26,24497.17494178787,29911.48860646362
1,base,2026-06-27,21684.38265192751,22705.014079819197
1,base,2026-06-28,16173.40765637152,20099.732094012466
1,base,2026-06-29,24563.31828446738,14733.795884786978
1,base,2026-06-30,26743.39728476141,23089.54923404226
1,base,2026-07-01,4118.680690423142,25208.35311504759
1,base,2026-07-02,3424.85477286065,3259.6682071914865
1,base,2026-07-03,0.0,3532.992971806808
1,base,2026-07-04,0.0,186.18068136386944
1,base,2026-07-05,0.0,209.0367602913094
1,base,2026-07-06,0.0,142.45998391575347
1,base,2026-07-07,0.0,34.939140806675596
1,base,2026-07-08,0.0,0.0
1,base,2026-07-09,0.0,0.0
1,base,2026-07-10,8.358452526200495,0.0
1,base,2026-07-11,1548.477362288514,421.612012794517
1,base,2026-07-12,0.0,1541.0034590678451
1,base,2026-07-13,12175.06558400085,172.20615533670014
1,base,2026-07-14,0.0,14014.904330102434
1,base,2026-07-15,0.0,260.5923834391557
1,base,2026-07-16,0.0,240.865341406654
1,base,2026-07-17,0.0,54.544182766262566
1,base,2026-07-18,2547.386090313617,58.014008693245614
1,base,2026-07-19,0.0,2365.2814215985272
1,base,2026-07-20,0.0,0.0
1,base,2026-07-21,0.0,0.0
1,base,2026-07-22,0.0,0.0
1,base,2026-07-23,0.0,9.124795963444399
1,base+bias,2026-06-22,48315.2033726697,48164.442000659845
1,base+bias,2026-06-23,44125.329575858,45784.99264255763
1,base+bias,2026-06-24,35020.78540226009,41768.35554060087
1,base+bias,2026-06-25,31864.99551244184,32831.623288944495
1,base+bias,2026-06-26,24497.17494178787,29911.48860646362
1,base+bias,2026-06-27,21684.38265192751,22705.014079819197
1,base+bias,2026-06-28,16173.40765637152,20099.732094012466
1,base+bias,2026-06-29,24563.31828446738,14733.795884786978
1,base+bias,2026-06-30,26743.39728476141,23089.54923404226
1,base+bias,2026-07-01,4118.680690423142,25208.35311504759
1,base+bias,2026-07-02,3424.85477286065,3259.6682071914865
1,base+bias,2026-07-03,0.0,3532.992971806808
1,base+bias,2026-07-04,0.0,186.18068136386944
1,base+bias,2026-07-05,0.0,209.0367602913094
1,base+bias,2026-07-06,0.0,142.45998391575347
1,base+bias,2026-07-07,0.0,34.939140806675596
1,base+bias,2026-07-08,0.0,0.0
1,base+bias,2026-07-09,0.0,0.0
1,base+bias,2026-07-10,8.358452526200495,0.0
1,base+bias,2026-07-11,1548.477362288514,421.612012794517
1,base+bias,2026-07-12,0.0,1541.0034590678451
1,base+bias,2026-07-13,12175.06558400085,172.20615533670014
1,base+bias,2026-07-14,0.0,14014.904330102434
1,base+bias,2026-07-15,0.0,260.5923834391557
1,base+bias,2026-07-16,0.0,240.865341406654
1,base+bias,2026-07-17,0.0,54.544182766262566
1,base+bias,2026-07-18,2547.386090313617,58.014008693245614
1,base+bias,2026-07-19,0.0,2365.2814215985272
1,base+bias,2026-07-20,0.0,0.0
1,base+bias,2026-07-21,0.0,0.0
1,base+bias,2026-07-22,0.0,0.0
1,base+bias,2026-07-23,0.0,9.124795963444399
2,base,2025-11-24,250442.3677198271,227931.98121871718
2,base,2025-11-25,226461.0491718907,190485.79583565722
2,base,2025-11-26,209827.3783454106,172710.89803784862
2,base,2025-11-27,192118.5984848536,157855.54261967706
2,base,2025-11-28,181762.4168316232,146165.2425964683
2,base,2025-11-29,170801.8414968055,126581.94837770224
2,base,2025-11-30,168695.2513560315,121385.75354358501
2,base,2025-12-01,162280.3512820562,112059.47899733209
2,base,2025-12-02,150695.9364096984,113756.04639194923
2,base,2025-12-03,146155.8711909035,105594.3289560698
2,base,2025-12-04,142112.1251674911,91081.41238330732
2,base,2025-12-05,128336.1512244437,89421.92446115753
2,base,2025-12-06,123172.8626200811,85135.53221903238
2,base,2025-12-07,118333.622935685,68011.35894855815
2,base,2025-12-08,105974.2258759667,67359.21957775342
2,base,2025-12-09,100182.1597185699,65078.49403733505
2,base,2025-12-10,105777.9168306079,54058.279560187686
2,base,2025-12-11,95674.64344875758,51445.636747645294
2,base,2025-12-12,102286.8081684614,64394.645195251716
2,base,2025-12-13,98510.33062773151,52667.80982445428
2,base,2025-12-14,91571.26234193222,62496.76478353654
2,base,2025-12-15,89250.45186240789,58180.669590405356
2,base,2025-12-16,86114.73632646514,49406.777476974254
2,base,2025-12-17,75862.80524445037,49906.63784371018
2,base,2025-12-18,72806.88785966646,48393.993951222306
2,base,2025-12-19,67326.7436279514,40092.26749053068
2,base,2025-12-20,69477.14912641923,40104.83037283855
2,base,2025-12-21,59737.54393713534,37924.5536780297
2,base,2025-12-22,61014.29057677041,40984.946112611346
2,base,2025-12-23,58606.43323292737,34856.55364784836
2,base+bias,2025-11-24,250442.3677198271,227931.98121871718
2,base+bias,2025-11-25,226461.0491718907,190485.79583565722
2,base+bias,2025-11-26,209827.3783454106,172710.89803784862
2,base+bias,2025-11-27,192118.5984848536,157855.54261967706
2,base+bias,2025-11-28,181762.4168316232,146165.2425964683
2,base+bias,2025-11-29,170801.8414968055,126581.94837770224
2,base+bias,2025-11-30,168695.2513560315,121385.75354358501
2,base+bias,2025-12-01,162280.3512820562,112059.47899733209
2,base+bias,2025-12-02,150695.9364096984,113756.04639194923
2,base+bias,2025-12-03,146155.8711909035,105594.3289560698
2,base+bias,2025-12-04,142112.1251674911,91081.41238330732
2,base+bias,2025-12-05,128336.1512244437,89421.92446115753
2,base+bias,2025-12-06,123172.8626200811,85135.53221903238
2,base+bias,2025-12-07,118333.622935685,68011.35894855815
2,base+bias,2025-12-08,105974.2258759667,67359.21957775342
2,base+bias,2025-12-09,100182.1597185699,65078.49403733505
2,base+bias,2025-12-10,105777.9168306079,54058.279560187686
2,base+bias,2025-12-11,95674.64344875758,51445.636747645294
2,base+bias,2025-12-12,102286.8081684614,64394.645195251716
2,base+bias,2025-12-13,98510.33062773151,52667.80982445428
2,base+bias,2025-12-14,91571.26234193222,62496.76478353654
2,base+bias,2025-12-15,89250.45186240789,58180.669590405356
2,base+bias,2025-12-16,86114.73632646514,49406.777476974254
2,base+bias,2025-12-17,75862.80524445037,49906.63784371018
2,base+bias,2025-12-18,72806.88785966646,48393.993951222306
2,base+bias,2025-12-19,67326.7436279514,40092.26749053068
2,base+bias,2025-12-20,69477.14912641923,40104.83037283855
2,base+bias,2025-12-21,59737.54393713534,37924.5536780297
2,base+bias,2025-12-22,61014.29057677041,40984.946112611346
2,base+bias,2025-12-23,58606.43323292737,34856.55364784836
2,base,2025-12-24,60641.28989477052,52757.14962935288
2,base,2025-12-25,58575.915307928,50349.292285509844
2,base,2025-12-26,52735.22662610265,52384.148947352995
2,base,2025-12-27,45221.99825716334,50648.56779652788
2,base,2025-12-28,44408.05284441299,44478.08567868513
2,base,2025-12-29,40484.07026904635,38008.49565396687
2,base,2025-12-30,37856.28804302291,37194.55024121652
2,base,2025-12-31,42454.87035829797,34228.44831675562
2,base,2026-01-01,40621.68780879292,33279.990933553505
2,base,2026-01-02,38841.39655611992,37321.09665619707
2,base,2026-01-03,35062.85962274358,34366.06585650219
2,base,2026-01-04,28196.25966596511,34265.099446650514
2,base,2026-01-05,24052.600328715,31156.88802513316
2,base,2026-01-06,0.0,25168.173130012663
2,base,2026-01-07,1005.554128209214,21348.17614368621
2,base,2026-01-08,4547.181981030939,0.0
2,base,2026-01-09,2501.206056063745,1418.4292362211008
2,base,2026-01-10,7038.238120057628,5013.101725897457
2,base,2026-01-11,5146.520075025873,2947.739058934899
2,base,2026-01-12,6795.481323221639,6812.905781015438
2,base,2026-01-13,7522.553062727141,4890.042644667115
2,base,2026-01-14,9082.504002172822,6570.148984179449
2,base,2026-01-15,9641.718665012206,7297.220723684951
2,base,2026-01-16,7931.427796269722,8691.874533270882
2,base,2026-01-17,6951.298485920801,9125.170950803644
2,base,2026-01-18,6802.897787536684,7486.137684882657
2,base,2026-01-19,6430.379010740346,6621.893888162682
2,base,2026-01-20,4754.223042374496,6577.5654484944935
2,base,2026-01-21,5013.879969758142,6205.0466716981555
2,base,2026-01-22,5224.655702852328,4528.890703332306
2,base+bias,2025-12-24,60641.28989477052,52757.14962935288
2,base+bias,2025-12-25,58575.915307928,50349.292285509844
2,base+bias,2025-12-26,52735.22662610265,52384.148947352995
2,base+bias,2025-12-27,45221.99825716334,50648.56779652788
2,base+bias,2025-12-28,44408.05284441299,44478.08567868513
2,base+bias,2025-12-29,40484.07026904635,38008.49565396687
2,base+bias,2025-12-30,37856.28804302291,37194.55024121652
2,base+bias,2025-12-31,42454.87035829797,34228.44831675562
2,base+bias,2026-01-01,40621.68780879292,33279.990933553505
2,base+bias,2026-01-02,38841.39655611992,37321.09665619707
2,base+bias,2026-01-03,35062.85962274358,34366.06585650219
2,base+bias,2026-01-04,28196.25966596511,34265.099446650514
2,base+bias,2026-01-05,24052.600328715,31156.88802513316
2,base+bias,2026-01-06,0.0,25168.173130012663
2,base+bias,2026-01-07,1005.554128209214,21348.17614368621
2,base+bias,2026-01-08,4547.181981030939,0.0
2,base+bias,2026-01-09,2501.206056063745,1418.4292362211008
2,base+bias,2026-01-10,7038.238120057628,5013.101725897457
2,base+bias,2026-01-11,5146.520075025873,2947.739058934899
2,base+bias,2026-01-12,6795.481323221639,6812.905781015438
2,base+bias,2026-01-13,7522.553062727141,4890.042644667115
2,base+bias,2026-01-14,9082.504002172822,6570.148984179449
2,base+bias,2026-01-15,9641.718665012206,7297.220723684951
2,base+bias,2026-01-16,7931.427796269722,8691.874533270882
2,base+bias,2026-01-17,6951.298485920801,9125.170950803644
2,base+bias,2026-01-18,6802.897787536684,7486.137684882657
2,base+bias,2026-01-19,6430.379010740346,6621.893888162682
2,base+bias,2026-01-20,4754.223042374496,6577.5654484944935
2,base+bias,2026-01-21,5013.879969758142,6205.0466716981555
2,base+bias,2026-01-22,5224.655702852328,4528.890703332306
2,base,2026-01-23,5864.683898932829,6660.4882739847635
2,base,2026-01-24,6994.802601928017,6871.26400707895
2,base,2026-01-25,11476.10062633418,7511.292203159451
2,base,2026-01-26,5676.608802087474,8621.62689059088
2,base,2026-01-27,11838.21534079677,8858.783728281742
2,base,2026-01-28,6614.983560953315,6929.471792006468
2,base,2026-01-29,8220.106059791846,9167.026143949623
2,base,2026-01-30,8037.136958042139,7867.846550872308
2,base,2026-01-31,7249.710052871193,7892.460346926529
2,base,2026-02-01,0.0,7605.923194902402
2,base,2026-02-02,0.0,6937.419434435838
2,base,2026-02-03,1167.570968068156,1505.3380710354904
2,base,2026-02-04,1167.570968068156,2285.5392354474043
2,base,2026-02-05,1167.570968068156,4236.53498004326
2,base,2026-02-06,4170.535081053606,4236.53498004326
2,base,2026-02-07,4172.782660970314,4344.133213261461
2,base,2026-02-08,1168.765625470164,7204.945323439868
2,base,2026-02-09,1168.765625470164,6919.788023273685
2,base,2026-02-10,4174.822262577526,4036.580023687965
2,base,2026-02-11,0.0,4041.511502031358
2,base,2026-02-12,1167.570968068156,7676.068274823342
2,base,2026-02-13,1167.570968068156,2310.8730463993415
2,base,2026-02-14,1167.570968068156,4344.133213261461
2,base,2026-02-15,1167.570968068156,4236.53498004326
2,base,2026-02-16,1167.570968068156,4344.133213261461
2,base,2026-02-17,1167.570968068156,4344.133213261461
2,base,2026-02-18,1167.570968068156,4344.133213261461
2,base,2026-02-19,0.0,4344.133213261461
2,base,2026-02-20,3147.926173739526,4344.133213261461
2,base,2026-02-21,0.0,3189.350554232112
2,base+bias,2026-01-23,5864.683898932829,6660.4882739847635
2,base+bias,2026-01-24,6994.802601928017,6871.26400707895
2,base+bias,2026-01-25,11476.10062633418,7511.292203159451
2,base+bias,2026-01-26,5676.608802087474,8621.62689059088
2,base+bias,2026-01-27,11838.21534079677,8858.783728281742
2,base+bias,2026-01-28,6614.983560953315,6929.471792006468
2,base+bias,2026-01-29,8220.106059791846,9167.026143949623
2,base+bias,2026-01-30,8037.136958042139,7867.846550872308
2,base+bias,2026-01-31,7249.710052871193,7892.460346926529
2,base+bias,2026-02-01,0.0,7605.923194902402
2,base+bias,2026-02-02,0.0,6937.419434435838
2,base+bias,2026-02-03,1167.570968068156,1505.3380710354904
2,base+bias,2026-02-04,1167.570968068156,2285.5392354474043
2,base+bias,2026-02-05,1167.570968068156,4236.53498004326
2,base+bias,2026-02-06,4170.535081053606,4236.53498004326
2,base+bias,2026-02-07,4172.782660970314,4344.133213261461
2,base+bias,2026-02-08,1168.765625470164,7204.945323439868
2,base+bias,2026-02-09,1168.765625470164,6919.788023273685
2,base+bias,2026-02-10,4174.822262577526,4036.580023687965
2,base+bias,2026-02-11,0.0,4041.511502031358
2,base+bias,2026-02-12,1167.570968068156,7676.068274823342
2,base+bias,2026-02-13,1167.570968068156,2310.8730463993415
2,base+bias,2026-02-14,1167.570968068156,4344.133213261461
2,base+bias,2026-02-15,1167.570968068156,4236.53498004326
2,base+bias,2026-02-16,1167.570968068156,4344.133213261461
2,base+bias,2026-02-17,1167.570968068156,4344.133213261461
2,base+bias,2026-02-18,1167.570968068156,4344.133213261461
2,base+bias,2026-02-19,0.0,4344.133213261461
2,base+bias,2026-02-20,3147.926173739526,4344.133213261461
2,base+bias,2026-02-21,0.0,3189.350554232112
2,base,2026-02-22,4168.485571068196,2505.3027936079916
2,base,2026-02-23,1167.570968068156,207.5131082396365
2,base,2026-02-24,1167.570968068156,4248.722566922269
2,base,2026-02-25,1167.570968068156,1249.2182649038189
2,base,2026-02-26,1167.570968068156,1171.5817580757414
2,base,2026-02-27,1232.360327093139,1199.3338786822735
2,base,2026-02-28,1232.360327093139,1199.3338786822735
2,base,2026-03-01,0.0,1230.8456564120088
2,base,2026-03-02,7232.699243493119,1230.8456564120088
2,base,2026-03-03,0.0,620.2683327632549
2,base,2026-03-04,4231.157917663651,6735.1871380107195
2,base,2026-03-05,10240.97433716826,522.9082146866167
2,base,2026-03-06,0.0,4320.81178817664
2,base,2026-03-07,7240.005734046325,8694.635604303534
2,base,2026-03-08,0.0,178.13087520675617
2,base,2026-03-09,0.0,6663.091032985816
2,base,2026-03-10,0.0,319.3157143407443
2,base,2026-03-11,4588.915562032591,8.801409053379757
2,base,2026-03-12,1051.725638716127,106.74578054958874
2,base,2026-03-13,1171.730949081183,3261.0243681698944
2,base,2026-03-14,1231.733604263711,1096.51547865065
2,base,2026-03-15,1591.827078183679,1314.6251753164606
2,base,2026-03-16,3694.787865385309,1508.308283309036
2,base,2026-03-17,29442.79622979818,609.6413132530711
2,base,2026-03-18,3141.663118533274,3123.622405459509
2,base,2026-03-19,15588.06166423388,30170.933504059358
2,base,2026-03-20,0.0,1394.7044305014842
2,base,2026-03-21,0.0,13707.702736201167
2,base,2026-03-22,7447.294367083702,56.985810402235074
2,base,2026-03-23,0.0,271.8161199191927
2,base+bias,2026-02-22,4168.485571068196,2505.3027936079916
2,base+bias,2026-02-23,1167.570968068156,207.5131082396365
2,base+bias,2026-02-24,1167.570968068156,4248.722566922269
2,base+bias,2026-02-25,1167.570968068156,1249.2182649038189
2,base+bias,2026-02-26,1167.570968068156,1171.5817580757414
2,base+bias,2026-02-27,1232.360327093139,1199.3338786822735
2,base+bias,2026-02-28,1232.360327093139,1199.3338786822735
2,base+bias,2026-03-01,0.0,1230.8456564120088
2,base+bias,2026-03-02,7232.699243493119,1230.8456564120088
2,base+bias,2026-03-03,0.0,620.2683327632549
2,base+bias,2026-03-04,4231.157917663651,6735.1871380107195
2,base+bias,2026-03-05,10240.97433716826,522.9082146866167
2,base+bias,2026-03-06,0.0,4320.81178817664
2,base+bias,2026-03-07,7240.005734046325,8694.635604303534
2,base+bias,2026-03-08,0.0,178.13087520675617
2,base+bias,2026-03-09,0.0,6663.091032985816
2,base+bias,2026-03-10,0.0,319.3157143407443
2,base+bias,2026-03-11,4588.915562032591,8.801409053379757
2,base+bias,2026-03-12,1051.725638716127,106.74578054958874
2,base+bias,2026-03-13,1171.730949081183,3261.0243681698944
2,base+bias,2026-03-14,1231.733604263711,1096.51547865065
2,base+bias,2026-03-15,1591.827078183679,1314.6251753164606
2,base+bias,2026-03-16,3694.787865385309,1508.308283309036
2,base+bias,2026-03-17,29442.79622979818,609.6413132530711
2,base+bias,2026-03-18,3141.663118533274,3123.622405459509
2,base+bias,2026-03-19,15588.06166423388,30170.933504059358
2,base+bias,2026-03-20,0.0,1394.7044305014842
2,base+bias,2026-03-21,0.0,13707.702736201167
2,base+bias,2026-03-22,7447.294367083702,56.985810402235074
2,base+bias,2026-03-23,0.0,271.8161199191927
2,base,2026-03-24,1300.310608590011,6147.349715413345
2,base,2026-03-25,0.0,4.711140755030556
2,base,2026-03-26,0.0,1280.5621062190687
2,base,2026-03-27,0.0,60.58368787772724
2,base,2026-03-28,0.0,372.3564499626277
2,base,2026-03-29,1216.506094919201,433.6215921451885
2,base,2026-03-30,1357.9623387935,512.3545295226568
2,base,2026-03-31,0.0,1381.3772295306924
2,base,2026-04-01,19185.66181159556,1522.8334734049915
2,base,2026-04-02,0.0,184.24117498595842
2,base,2026-04-03,0.0,17220.637944850667
2,base,2026-04-04,1357.1851159841,452.56923968113597
2,base,2026-04-05,4320.271751993509,558.1964497164254
2,base,2026-04-06,0.0,1525.374102589679
2,base,2026-04-07,0.0,4435.48755374765
2,base,2026-04-08,0.0,327.93484131587275
2,base,2026-04-09,0.0,604.7389623549534
2,base,2026-04-10,0.0,313.6361508739833
2,base,2026-04-11,0.0,437.4991099289855
2,base,2026-04-12,0.0,437.4991099289855
2,base,2026-04-13,0.0,889.2761958412898
2,base,2026-04-14,0.0,1435.6531492495287
2,base,2026-04-15,0.0,1032.5154888822008
2,base,2026-04-16,0.0,1237.2697217155928
2,base,2026-04-17,0.0,1272.5328346951665
2,base,2026-04-18,7142.04282863685,1262.9538719538214
2,base,2026-04-19,0.0,892.7260835867396
2,base,2026-04-20,1330.35764373476,6560.728017017853
2,base,2026-04-21,0.0,675.1916234876799
2,base,2026-04-22,0.0,1935.9676180261633
2,base+bias,2026-03-24,1300.310608590011,6147.349715413345
2,base+bias,2026-03-25,0.0,4.711140755030556
2,base+bias,2026-03-26,0.0,1280.5621062190687
2,base+bias,2026-03-27,0.0,60.58368787772724
2,base+bias,2026-03-28,0.0,372.3564499626277
2,base+bias,2026-03-29,1216.506094919201,433.6215921451885
2,base+bias,2026-03-30,1357.9623387935,512.3545295226568
2,base+bias,2026-03-31,0.0,1381.3772295306924
2,base+bias,2026-04-01,19185.66181159556,1522.8334734049915
2,base+bias,2026-04-02,0.0,184.24117498595842
2,base+bias,2026-04-03,0.0,17220.637944850667
2,base+bias,2026-04-04,1357.1851159841,452.56923968113597
2,base+bias,2026-04-05,4320.271751993509,558.1964497164254
2,base+bias,2026-04-06,0.0,1525.374102589679
2,base+bias,2026-04-07,0.0,4435.48755374765
2,base+bias,2026-04-08,0.0,327.93484131587275
2,base+bias,2026-04-09,0.0,604.7389623549534
2,base+bias,2026-04-10,0.0,313.6361508739833
2,base+bias,2026-04-11,0.0,437.4991099289855
2,base+bias,2026-04-12,0.0,437.4991099289855
2,base+bias,2026-04-13,0.0,889.2761958412898
2,base+bias,2026-04-14,0.0,1435.6531492495287
2,base+bias,2026-04-15,0.0,1032.5154888822008
2,base+bias,2026-04-16,0.0,1237.2697217155928
2,base+bias,2026-04-17,0.0,1272.5328346951665
2,base+bias,2026-04-18,7142.04282863685,1262.9538719538214
2,base+bias,2026-04-19,0.0,892.7260835867396
2,base+bias,2026-04-20,1330.35764373476,6560.728017017853
2,base+bias,2026-04-21,0.0,675.1916234876799
2,base+bias,2026-04-22,0.0,1935.9676180261633
2,base,2026-04-23,0.0,0.0
2,base,2026-04-24,4175.652946526906,127.96302707654831
2,base,2026-04-25,0.0,0.0
2,base,2026-04-26,7134.507354545481,3575.501157464274
2,base,2026-04-27,1329.99703624549,0.0
2,base,2026-04-28,0.0,10067.012434800628
2,base,2026-04-29,0.0,4335.007001132391
2,base,2026-04-30,4156.934105248899,3360.8426754575685
2,base,2026-05-01,0.0,3328.272298712047
2,base,2026-05-02,0.0,4120.470972796126
2,base,2026-05-03,0.0,149.6752544621968
2,base,2026-05-04,0.0,123.26984738115743
2,base,2026-05-05,3575.559741841224,0.0
2,base,2026-05-06,8337.097621055189,0.0
2,base,2026-05-07,7067.388500442302,3147.321841532762
2,base,2026-05-08,3288.46284526218,6415.410510067254
2,base,2026-05-09,609.3285666212043,3241.1503514699148
2,base,2026-05-10,327.4079784250729,1876.6534154939093
2,base,2026-05-11,64024.57078417507,0.0
2,base,2026-05-12,29895.40787851404,0.0
2,base,2026-05-13,9279.572203576883,46160.99928668247
2,base,2026-05-14,16077.61184919209,29484.82929148998
2,base,2026-05-15,0.0,10849.861656578889
2,base,2026-05-16,10216.22369505713,14439.405669306338
2,base,2026-05-17,3927.997988633625,0.0
2,base,2026-05-18,85867.63959680006,8897.723475633256
2,base,2026-05-19,61048.47974927562,1608.139759964276
2,base,2026-05-20,108733.3367135785,98407.28621970424
2,base,2026-05-21,141212.5627369919,75551.26146414423
2,base,2026-05-22,185517.9117316547,102148.67749242167
2,base+bias,2026-04-23,0.0,0.0
2,base+bias,2026-04-24,4175.652946526906,127.96302707654831
2,base+bias,2026-04-25,0.0,0.0
2,base+bias,2026-04-26,7134.507354545481,3575.501157464274
2,base+bias,2026-04-27,1329.99703624549,0.0
2,base+bias,2026-04-28,0.0,10067.012434800628
2,base+bias,2026-04-29,0.0,4335.007001132391
2,base+bias,2026-04-30,4156.934105248899,3360.8426754575685
2,base+bias,2026-05-01,0.0,3328.272298712047
2,base+bias,2026-05-02,0.0,4120.470972796126
2,base+bias,2026-05-03,0.0,149.6752544621968
2,base+bias,2026-05-04,0.0,123.26984738115743
2,base+bias,2026-05-05,3575.559741841224,0.0
2,base+bias,2026-05-06,8337.097621055189,0.0
2,base+bias,2026-05-07,7067.388500442302,3147.321841532762
2,base+bias,2026-05-08,3288.46284526218,6415.410510067254
2,base+bias,2026-05-09,609.3285666212043,3241.1503514699148
2,base+bias,2026-05-10,327.4079784250729,1876.6534154939093
2,base+bias,2026-05-11,64024.57078417507,0.0
2,base+bias,2026-05-12,29895.40787851404,0.0
2,base+bias,2026-05-13,9279.572203576883,46160.99928668247
2,base+bias,2026-05-14,16077.61184919209,29484.82929148998
2,base+bias,2026-05-15,0.0,10849.861656578889
2,base+bias,2026-05-16,10216.22369505713,14439.405669306338
2,base+bias,2026-05-17,3927.997988633625,0.0
2,base+bias,2026-05-18,85867.63959680006,8897.723475633256
2,base+bias,2026-05-19,61048.47974927562,1608.139759964276
2,base+bias,2026-05-20,108733.3367135785,98407.28621970424
2,base+bias,2026-05-21,141212.5627369919,75551.26146414423
2,base+bias,2026-05-22,185517.9117316547,102148.67749242167
2,base,2026-05-23,179597.995600109,125322.76404787539
2,base,2026-05-24,193356.5957728531,153773.3650990051
2,base,2026-05-25,349365.1598969635,138931.6861484437
2,base,2026-05-26,433838.0231737584,162152.33603900677
2,base,2026-05-27,507809.2200161263,312433.5516446948
2,base,2026-05-28,602775.1641346975,379651.9207411727
2,base,2026-05-29,553516.0898851521,471184.7328333928
2,base,2026-05-30,449557.2543120539,563048.657826855
2,base,2026-05-31,240641.9388894092,502847.5492687241
2,base,2026-06-01,216085.9110082715,374056.13003782835
2,base,2026-06-02,198275.3925303018,181671.00289891136
2,base,2026-06-03,192990.3100497752,170004.33927460265
2,base,2026-06-04,201843.6206251707,168748.1216018821
2,base,2026-06-05,174582.3631776166,158784.34560591736
2,base,2026-06-06,165844.9237883183,176529.52595773948
2,base,2026-06-07,156694.7359268938,144669.3775239875
2,base,2026-06-08,160301.5900719157,148764.08769385045
2,base,2026-06-09,166649.5271781315,139001.41299235247
2,base,2026-06-10,189788.4728931298,156700.1319405941
2,base,2026-06-11,201768.2313126253,144681.01453136455
2,base,2026-06-12,174580.9152624754,182488.55304218124
2,base,2026-06-13,133852.9901506277,165349.00707403713
2,base,2026-06-14,141713.5315307741,133449.72588387987
2,base,2026-06-15,121801.9629150302,110411.79760958685
2,base,2026-06-16,80097.31022858075,129130.23056947396
2,base,2026-06-17,79432.17603844083,101786.78977927555
2,base,2026-06-18,51854.03477584177,62733.78794819665
2,base,2026-06-19,47047.00811797024,69133.047017497
2,base,2026-06-20,49498.13353825355,41190.54239224986
2,base,2026-06-21,48315.2033726697,39888.79431783368
2,base+bias,2026-05-23,179597.995600109,125322.76404787539
2,base+bias,2026-05-24,193356.5957728531,153773.3650990051
2,base+bias,2026-05-25,349365.1598969635,138931.6861484437
2,base+bias,2026-05-26,433838.0231737584,162152.33603900677
2,base+bias,2026-05-27,507809.2200161263,312433.5516446948
2,base+bias,2026-05-28,602775.1641346975,379651.9207411727
2,base+bias,2026-05-29,553516.0898851521,471184.7328333928
2,base+bias,2026-05-30,449557.2543120539,563048.657826855
2,base+bias,2026-05-31,240641.9388894092,502847.5492687241
2,base+bias,2026-06-01,216085.9110082715,374056.13003782835
2,base+bias,2026-06-02,198275.3925303018,181671.00289891136
2,base+bias,2026-06-03,192990.3100497752,170004.33927460265
2,base+bias,2026-06-04,201843.6206251707,168748.1216018821
2,base+bias,2026-06-05,174582.3631776166,158784.34560591736
2,base+bias,2026-06-06,165844.9237883183,176529.52595773948
2,base+bias,2026-06-07,156694.7359268938,144669.3775239875
2,base+bias,2026-06-08,160301.5900719157,148764.08769385045
2,base+bias,2026-06-09,166649.5271781315,139001.41299235247
2,base+bias,2026-06-10,189788.4728931298,156700.1319405941
2,base+bias,2026-06-11,201768.2313126253,144681.01453136455
2,base+bias,2026-06-12,174580.9152624754,182488.55304218124
2,base+bias,2026-06-13,133852.9901506277,165349.00707403713
2,base+bias,2026-06-14,141713.5315307741,133449.72588387987
2,base+bias,2026-06-15,121801.9629150302,110411.79760958685
2,base+bias,2026-06-16,80097.31022858075,129130.23056947396
2,base+bias,2026-06-17,79432.17603844083,101786.78977927555
2,base+bias,2026-06-18,51854.03477584177,62733.78794819665
2,base+bias,2026-06-19,47047.00811797024,69133.047017497
2,base+bias,2026-06-20,49498.13353825355,41190.54239224986
2,base+bias,2026-06-21,48315.2033726697,39888.79431783368
2,base,2026-06-22,44125.329575858,45464.470798057795
2,base,2026-06-23,35020.78540226009,44112.47225232501
2,base,2026-06-24,31864.99551244184,40054.2002388156
2,base,2026-06-25,24497.17494178787,30722.77622462966
2,base,2026-06-26,21684.38265192751,28232.13255704008
2,base,2026-06-27,16173.40765637152,20740.931293811813
2,base,2026-06-28,24563.31828446738,18500.263337197382
2,base,2026-06-29,26743.39728476141,12714.13755815949
2,base,2026-06-30,4118.680690423142,23306.16331664714
2,base,2026-07-01,3424.85477286065,25455.58973021417
2,base,2026-07-02,0.0,3214.0725006227535
2,base,2026-07-03,0.0,4373.384816397343
2,base,2026-07-04,0.0,0.0
2,base,2026-07-05,0.0,0.0
2,base,2026-07-06,0.0,0.0
2,base,2026-07-07,0.0,0.0
2,base,2026-07-08,0.0,0.0
2,base,2026-07-09,8.358452526200495,0.0
2,base,2026-07-10,1548.477362288514,0.0
2,base,2026-07-11,0.0,0.0
2,base,2026-07-12,12175.06558400085,1167.6402352925024
2,base,2026-07-13,0.0,0.0
2,base,2026-07-14,0.0,9869.557686695794
2,base,2026-07-15,0.0,0.0
2,base,2026-07-16,0.0,0.0
2,base,2026-07-17,2547.386090313617,0.0
2,base,2026-07-18,0.0,0.0
2,base,2026-07-19,0.0,1909.3945531610084
2,base,2026-07-20,0.0,0.0
2,base,2026-07-21,0.0,0.0
2,base,2026-07-22,0.0,0.0
2,base+bias,2026-06-22,44125.329575858,45464.470798057795
2,base+bias,2026-06-23,35020.78540226009,44112.47225232501
2,base+bias,2026-06-24,31864.99551244184,40054.2002388156
2,base+bias,2026-06-25,24497.17494178787,30722.77622462966
2,base+bias,2026-06-26,21684.38265192751,28232.13255704008
2,base+bias,2026-06-27,16173.40765637152,20740.931293811813
2,base+bias,2026-06-28,24563.31828446738,18500.263337197382
2,base+bias,2026-06-29,26743.39728476141,12714.13755815949
2,base+bias,2026-06-30,4118.680690423142,23306.16331664714
2,base+bias,2026-07-01,3424.85477286065,25455.58973021417
2,base+bias,2026-07-02,0.0,3214.0725006227535
2,base+bias,2026-07-03,0.0,4373.384816397343
2,base+bias,2026-07-04,0.0,0.0
2,base+bias,2026-07-05,0.0,0.0
2,base+bias,2026-07-06,0.0,0.0
2,base+bias,2026-07-07,0.0,0.0
2,base+bias,2026-07-08,0.0,0.0
2,base+bias,2026-07-09,8.358452526200495,0.0
2,base+bias,2026-07-10,1548.477362288514,0.0
2,base+bias,2026-07-11,0.0,0.0
2,base+bias,2026-07-12,12175.06558400085,1167.6402352925024
2,base+bias,2026-07-13,0.0,0.0
2,base+bias,2026-07-14,0.0,9869.557686695794
2,base+bias,2026-07-15,0.0,0.0
2,base+bias,2026-07-16,0.0,0.0
2,base+bias,2026-07-17,2547.386090313617,0.0
2,base+bias,2026-07-18,0.0,0.0
2,base+bias,2026-07-19,0.0,1909.3945531610084
2,base+bias,2026-07-20,0.0,0.0
2,base+bias,2026-07-21,0.0,0.0
2,base+bias,2026-07-22,0.0,0.0
3,base,2025-11-24,226461.0491718907,249093.13019458
3,base,2025-11-25,209827.3783454106,230366.01443495715
3,base,2025-11-26,192118.5984848536,195370.4734610623
3,base,2025-11-27,181762.4168316232,179549.1476970113
3,base,2025-11-28,170801.8414968055,165419.56863027535
3,base,2025-11-29,168695.2513560315,149678.1132974588
3,base,2025-11-30,162280.3512820562,138580.39820517803
3,base,2025-12-01,150695.9364096984,126892.67268569616
3,base,2025-12-02,146155.8711909035,125126.62527562158
3,base,2025-12-03,142112.1251674911,121198.83078067975
3,base,2025-12-04,128336.1512244437,107284.19686073682
3,base,2025-12-05,123172.8626200811,108730.21745910296
3,base,2025-12-06,118333.622935685,107182.91214278448
3,base,2025-12-07,105974.2258759667,91656.76250917064
3,base,2025-12-08,100182.1597185699,88936.40597582169
3,base,2025-12-09,105777.9168306079,85963.39613560474
3,base,2025-12-10,95674.64344875758,70025.24192432716
3,base,2025-12-11,102286.8081684614,68289.6207399907
3,base,2025-12-12,98510.33062773151,77406.78987525444
3,base,2025-12-13,91571.26234193222,64754.922451139
3,base,2025-12-14,89250.45186240789,73866.5021818663
3,base,2025-12-15,86114.73632646514,71713.09310113198
3,base,2025-12-16,75862.80524445037,62895.04548394545
3,base,2025-12-17,72806.88785966646,64215.77583827024
3,base,2025-12-18,67326.7436279514,61080.06030232748
3,base,2025-12-19,69477.14912641923,49227.14293925482
3,base,2025-12-20,59737.54393713534,49812.76638832002
3,base,2025-12-21,61014.29057677041,45285.93296383356
3,base,2025-12-22,58606.43323292737,49302.0139860828
3,base,2025-12-23,60641.28989477052,39925.66664606947
3,base+bias,2025-11-24,226461.0491718907,249093.13019458
3,base+bias,2025-11-25,209827.3783454106,230366.01443495715
3,base+bias,2025-11-26,192118.5984848536,195370.4734610623
3,base+bias,2025-11-27,181762.4168316232,179549.1476970113
3,base+bias,2025-11-28,170801.8414968055,165419.56863027535
3,base+bias,2025-11-29,168695.2513560315,149678.1132974588
3,base+bias,2025-11-30,162280.3512820562,138580.39820517803
3,base+bias,2025-12-01,150695.9364096984,126892.67268569616
3,base+bias,2025-12-02,146155.8711909035,125126.62527562158
3,base+bias,2025-12-03,142112.1251674911,121198.83078067975
3,base+bias,2025-12-04,128336.1512244437,107284.19686073682
3,base+bias,2025-12-05,123172.8626200811,108730.21745910296
3,base+bias,2025-12-06,118333.622935685,107182.91214278448
3,base+bias,2025-12-07,105974.2258759667,91656.76250917064
3,base+bias,2025-12-08,100182.1597185699,88936.40597582169
3,base+bias,2025-12-09,105777.9168306079,85963.39613560474
3,base+bias,2025-12-10,95674.64344875758,70025.24192432716
3,base+bias,2025-12-11,102286.8081684614,68289.6207399907
3,base+bias,2025-12-12,98510.33062773151,77406.78987525444
3,base+bias,2025-12-13,91571.26234193222,64754.922451139
3,base+bias,2025-12-14,89250.45186240789,73866.5021818663
3,base+bias,2025-12-15,86114.73632646514,71713.09310113198
3,base+bias,2025-12-16,75862.80524445037,62895.04548394545
3,base+bias,2025-12-17,72806.88785966646,64215.77583827024
3,base+bias,2025-12-18,67326.7436279514,61080.06030232748
3,base+bias,2025-12-19,69477.14912641923,49227.14293925482
3,base+bias,2025-12-20,59737.54393713534,49812.76638832002
3,base+bias,2025-12-21,61014.29057677041,45285.93296383356
3,base+bias,2025-12-22,58606.43323292737,49302.0139860828
3,base+bias,2025-12-23,60641.28989477052,39925.66664606947
3,rainfeat,2025-11-24,226461.0491718907,249896.28341422335
3,rainfeat,2025-11-25,209827.3783454106,225792.11378489304
3,rainfeat,2025-11-26,192118.5984848536,193102.3234605056
3,rainfeat,2025-11-27,181762.4168316232,181893.59690288955
3,rainfeat,2025-11-28,170801.8414968055,167338.88660639615
3,rainfeat,2025-11-29,168695.2513560315,152000.8293939232
3,rainfeat,2025-11-30,162280.3512820562,143238.0875791177
3,rainfeat,2025-12-01,150695.9364096984,133879.62184463209
3,rainfeat,2025-12-02,146155.8711909035,132210.53994125332
3,rainfeat,2025-12-03,142112.1251674911,125619.57303672167
3,rainfeat,2025-12-04,128336.1512244437,114412.7353906844
3,rainfeat,2025-12-05,123172.8626200811,109924.37943664103
3,rainfeat,2025-12-06,118333.622935685,105972.41639146022
3,rainfeat,2025-12-07,105974.2258759667,95816.90673523143
3,rainfeat,2025-12-08,100182.1597185699,91587.8636792738
3,rainfeat,2025-12-09,105777.9168306079,89559.94665544383
3,rainfeat,2025-12-10,95674.64344875758,79124.95210089578
3,rainfeat,2025-12-11,102286.8081684614,76140.82465465872
3,rainfeat,2025-12-12,98510.33062773151,83830.21922992347
3,rainfeat,2025-12-13,91571.26234193222,70610.26749551977
3,rainfeat,2025-12-14,89250.45186240789,80304.93691488521
3,rainfeat,2025-12-15,86114.73632646514,77080.76014044999
3,rainfeat,2025-12-16,75862.80524445037,70650.35576041142
3,rainfeat,2025-12-17,72806.88785966646,69203.45720600546
3,rainfeat,2025-12-18,67326.7436279514,66067.7416700627
3,rainfeat,2025-12-19,69477.14912641923,58386.91440278774
3,rainfeat,2025-12-20,59737.54393713534,56204.9089431222
3,rainfeat,2025-12-21,61014.29057677041,51348.44845759034
3,rainfeat,2025-12-22,58606.43323292737,52875.170209874974
3,rainfeat,2025-12-23,60641.28989477052,42892.744270489406
3,rainfeat+bias,2025-11-24,226461.0491718907,249896.28341422335
3,rainfeat+bias,2025-11-25,209827.3783454106,225792.11378489304
3,rainfeat+bias,2025-11-26,192118.5984848536,193102.3234605056
3,rainfeat+bias,2025-11-27,181762.4168316232,181893.59690288955
3,rainfeat+bias,2025-11-28,170801.8414968055,167338.88660639615
3,rainfeat+bias,2025-11-29,168695.2513560315,152000.8293939232
3,rainfeat+bias,2025-11-30,162280.3512820562,143238.0875791177
3,rainfeat+bias,2025-12-01,150695.9364096984,133879.62184463209
3,rainfeat+bias,2025-12-02,146155.8711909035,132210.53994125332
3,rainfeat+bias,2025-12-03,142112.1251674911,125619.57303672167
3,rainfeat+bias,2025-12-04,128336.1512244437,114412.7353906844
3,rainfeat+bias,2025-12-05,123172.8626200811,109924.37943664103
3,rainfeat+bias,2025-12-06,118333.622935685,105972.41639146022
3,rainfeat+bias,2025-12-07,105974.2258759667,95816.90673523143
3,rainfeat+bias,2025-12-08,100182.1597185699,91587.8636792738
3,rainfeat+bias,2025-12-09,105777.9168306079,89559.94665544383
3,rainfeat+bias,2025-12-10,95674.64344875758,79124.95210089578
3,rainfeat+bias,2025-12-11,102286.8081684614,76140.82465465872
3,rainfeat+bias,2025-12-12,98510.33062773151,83830.21922992347
3,rainfeat+bias,2025-12-13,91571.26234193222,70610.26749551977
3,rainfeat+bias,2025-12-14,89250.45186240789,80304.93691488521
3,rainfeat+bias,2025-12-15,86114.73632646514,77080.76014044999
3,rainfeat+bias,2025-12-16,75862.80524445037,70650.35576041142
3,rainfeat+bias,2025-12-17,72806.88785966646,69203.45720600546
3,rainfeat+bias,2025-12-18,67326.7436279514,66067.7416700627
3,rainfeat+bias,2025-12-19,69477.14912641923,58386.91440278774
3,rainfeat+bias,2025-12-20,59737.54393713534,56204.9089431222
3,rainfeat+bias,2025-12-21,61014.29057677041,51348.44845759034
3,rainfeat+bias,2025-12-22,58606.43323292737,52875.170209874974
3,rainfeat+bias,2025-12-23,60641.28989477052,42892.744270489406
3,base,2025-12-24,58575.915307928,53145.177953283826
3,base,2025-12-25,52735.22662610265,50737.32060944079
3,base,2025-12-26,45221.99825716334,52772.17727128394
3,base,2025-12-27,44408.05284441299,50706.80268444142
3,base,2025-12-28,40484.07026904635,46233.84093012902
3,base,2025-12-29,37856.28804302291,38478.29420065931
3,base,2025-12-30,42454.87035829797,42832.04649241598
3,base,2025-12-31,40621.68780879292,39754.441458210444
3,base,2026-01-01,38841.39655611992,37565.98267071947
3,base,2026-01-02,35062.85962274358,40787.1477398234
3,base,2026-01-03,28196.25966596511,39829.94192779337
3,base,2026-01-04,24052.600328715,38734.71553221267
3,base,2026-01-05,0.0,35195.49332589084
3,base,2026-01-06,1005.554128209214,28580.450784997378
3,base,2026-01-07,4547.181981030939,21181.851907760833
3,base,2026-01-08,2501.206056063745,0.0
3,base,2026-01-09,7038.238120057628,2041.7708057058621
3,base,2026-01-10,5146.520075025873,9013.586886915631
3,base,2026-01-11,6795.481323221639,7133.166083484482
3,base,2026-01-12,7522.553062727141,10638.001772659401
3,base,2026-01-13,9082.504002172822,8637.644622114636
3,base,2026-01-14,9641.718665012206,10588.438338578984
3,base,2026-01-15,7931.427796269722,10561.436047439209
3,base,2026-01-16,6951.298485920801,12129.568379099925
3,base,2026-01-17,6802.897787536684,12753.162024796966
3,base,2026-01-18,6430.379010740346,11042.871156054483
3,base,2026-01-19,4754.223042374496,10260.302029058585
3,base,2026-01-20,5013.879969758142,10046.249420557866
3,base,2026-01-21,5224.655702852328,9609.351660903872
3,base,2026-01-22,5864.683898932829,8425.065446708115
3,base+bias,2025-12-24,58575.915307928,62298.55560355043
3,base+bias,2025-12-25,52735.22662610265,59890.69825970738
3,base+bias,2025-12-26,45221.99825716334,61925.55492155053
3,base+bias,2025-12-27,44408.05284441299,59860.18033470801
3,base+bias,2025-12-28,40484.07026904635,55387.21858039562
3,base+bias,2025-12-29,37856.28804302291,47631.67185092591
3,base+bias,2025-12-30,42454.87035829797,51985.424142682576
3,base+bias,2025-12-31,40621.68780879292,48907.81910847704
3,base+bias,2026-01-01,38841.39655611992,46719.360320986074
3,base+bias,2026-01-02,35062.85962274358,49940.52539009
3,base+bias,2026-01-03,28196.25966596511,48983.31957805996
3,base+bias,2026-01-04,24052.600328715,47888.093182479264
3,base+bias,2026-01-05,0.0,44348.87097615744
3,base+bias,2026-01-06,1005.554128209214,37733.828435263975
3,base+bias,2026-01-07,4547.181981030939,30335.22955802743
3,base+bias,2026-01-08,2501.206056063745,9153.377650266597
3,base+bias,2026-01-09,7038.238120057628,11195.14845597246
3,base+bias,2026-01-10,5146.520075025873,18166.964537182226
3,base+bias,2026-01-11,6795.481323221639,16286.54373375108
3,base+bias,2026-01-12,7522.553062727141,19791.379422926
3,base+bias,2026-01-13,9082.504002172822,17791.022272381233
3,base+bias,2026-01-14,9641.718665012206,19741.81598884558
3,base+bias,2026-01-15,7931.427796269722,19714.813697705806
3,base+bias,2026-01-16,6951.298485920801,21282.94602936652
3,base+bias,2026-01-17,6802.897787536684,21906.539675063563
3,base+bias,2026-01-18,6430.379010740346,20196.24880632108
3,base+bias,2026-01-19,4754.223042374496,19413.67967932518
3,base+bias,2026-01-20,5013.879969758142,19199.627070824463
3,base+bias,2026-01-21,5224.655702852328,18762.72931117047
3,base+bias,2026-01-22,5864.683898932829,17578.44309697471
3,rainfeat,2025-12-24,58575.915307928,53722.74024103559
3,rainfeat,2025-12-25,52735.22662610265,53536.70938092182
3,rainfeat,2025-12-26,45221.99825716334,54981.840330777515
3,rainfeat,2025-12-27,44408.05284441299,53506.19145592245
3,rainfeat,2025-12-28,40484.07026904635,47839.02345644888
3,rainfeat,2025-12-29,37856.28804302291,34774.441459353635
3,rainfeat,2025-12-30,42454.87035829797,34304.40340498083
3,rainfeat,2025-12-31,40621.68780879292,30515.190011927778
3,rainfeat,2026-01-01,38841.39655611992,28067.823259219876
3,rainfeat,2026-01-02,35062.85962274358,32218.45009266711
3,rainfeat,2026-01-03,28196.25966596511,30683.528610537647
3,rainfeat,2026-01-04,24052.600328715,29083.652831180185
3,rainfeat,2026-01-05,0.0,25459.463673950697
3,rainfeat,2026-01-06,1005.554128209214,18248.956358794687
3,rainfeat,2026-01-07,4547.181981030939,16578.594965214455
3,rainfeat,2026-01-08,2501.206056063745,0.0
3,rainfeat,2026-01-09,7038.238120057628,4551.118018763218
3,rainfeat,2026-01-10,5146.520075025873,8007.613441538631
3,rainfeat,2026-01-11,6795.481323221639,6464.149812412043
3,rainfeat,2026-01-12,7522.553062727141,9941.979950586796
3,rainfeat,2026-01-13,9082.504002172822,8376.939966770806
3,rainfeat,2026-01-14,9641.718665012206,9526.145940328193
3,rainfeat,2026-01-15,7931.427796269722,9765.611897166995
3,rainfeat,2026-01-16,6951.298485920801,10778.652774570379
3,rainfeat,2026-01-17,6802.897787536684,11018.59608727582
3,rainfeat,2026-01-18,6430.379010740346,9896.948925446628
3,rainfeat,2026-01-19,4754.223042374496,9296.733462462806
3,rainfeat,2026-01-20,5013.879969758142,9256.024699380288
3,rainfeat,2026-01-21,5224.655702852328,9161.043627846899
3,rainfeat,2026-01-22,5864.683898932829,7928.537699637732
3,rainfeat+bias,2025-12-24,58575.915307928,62876.11789130219
3,rainfeat+bias,2025-12-25,52735.22662610265,62690.08703118842
3,rainfeat+bias,2025-12-26,45221.99825716334,64135.217981044116
3,rainfeat+bias,2025-12-27,44408.05284441299,62659.569106189054
3,rainfeat+bias,2025-12-28,40484.07026904635,56992.40110671548
3,rainfeat+bias,2025-12-29,37856.28804302291,43927.819109620235
3,rainfeat+bias,2025-12-30,42454.87035829797,43457.781055247426
3,rainfeat+bias,2025-12-31,40621.68780879292,39668.56766219437
3,rainfeat+bias,2026-01-01,38841.39655611992,37221.20090948648
3,rainfeat+bias,2026-01-02,35062.85962274358,41371.8277429337
3,rainfeat+bias,2026-01-03,28196.25966596511,39836.906260804244
3,rainfeat+bias,2026-01-04,24052.600328715,38237.03048144678
3,rainfeat+bias,2026-01-05,0.0,34612.8413242173
3,rainfeat+bias,2026-01-06,1005.554128209214,27402.334009061284
3,rainfeat+bias,2026-01-07,4547.181981030939,25731.972615481052
3,rainfeat+bias,2026-01-08,2501.206056063745,9153.377650266597
3,rainfeat+bias,2026-01-09,7038.238120057628,13704.495669029815
3,rainfeat+bias,2026-01-10,5146.520075025873,17160.991091805226
3,rainfeat+bias,2026-01-11,6795.481323221639,15617.52746267864
3,rainfeat+bias,2026-01-12,7522.553062727141,19095.357600853393
3,rainfeat+bias,2026-01-13,9082.504002172822,17530.317617037403
3,rainfeat+bias,2026-01-14,9641.718665012206,18679.523590594792
3,rainfeat+bias,2026-01-15,7931.427796269722,18918.989547433594
3,rainfeat+bias,2026-01-16,6951.298485920801,19932.030424836976
3,rainfeat+bias,2026-01-17,6802.897787536684,20171.973737542416
3,rainfeat+bias,2026-01-18,6430.379010740346,19050.326575713225
3,rainfeat+bias,2026-01-19,4754.223042374496,18450.111112729403
3,rainfeat+bias,2026-01-20,5013.879969758142,18409.402349646887
3,rainfeat+bias,2026-01-21,5224.655702852328,18314.421278113496
3,rainfeat+bias,2026-01-22,5864.683898932829,17081.915349904328
3,base,2026-01-23,6994.802601928017,6350.509456977067
3,base,2026-01-24,11476.10062633418,6561.285190071254
3,base,2026-01-25,5676.608802087474,7201.3133861517545
3,base,2026-01-26,11838.21534079677,8036.8828846513015
3,base,2026-01-27,6614.983560953315,7507.598993073967
3,base,2026-01-28,8220.106059791846,2804.262712644766
3,base,2026-01-29,8037.136958042139,8151.0657224407805
3,base,2026-01-30,7249.710052871193,3448.088267014966
3,base,2026-01-31,0.0,4566.843815206763
3,base,2026-02-01,0.0,4641.202972282362
3,base,2026-02-02,1167.570968068156,7753.110061864948
3,base,2026-02-03,1167.570968068156,0.0
3,base,2026-02-04,1167.570968068156,0.0
3,base,2026-02-05,4170.535081053606,4121.407704268136
3,base,2026-02-06,4172.782660970314,4121.407704268136
3,base,2026-02-07,1168.765625470164,4121.407704268136
3,base,2026-02-08,1168.765625470164,7124.3718172535855
3,base,2026-02-09,4174.822262577526,7167.590048246747
3,base,2026-02-10,0.0,4163.573012746597
3,base,2026-02-11,1167.570968068156,4122.602361670144
3,base,2026-02-12,1167.570968068156,7112.845597687045
3,base,2026-02-13,1167.570968068156,0.0
3,base,2026-02-14,1167.570968068156,4121.407704268136
3,base,2026-02-15,1167.570968068156,4121.407704268136
3,base,2026-02-16,1167.570968068156,4121.407704268136
3,base,2026-02-17,1167.570968068156,4121.407704268136
3,base,2026-02-18,0.0,4121.407704268136
3,base,2026-02-19,3147.926173739526,4121.407704268136
3,base,2026-02-20,0.0,4121.407704268136
3,base,2026-02-21,4168.485571068196,2978.209388127524
3,base+bias,2026-01-23,6994.802601928017,9648.440331428646
3,base+bias,2026-01-24,11476.10062633418,9859.216064522832
3,base+bias,2026-01-25,5676.608802087474,10499.244260603333
3,base+bias,2026-01-26,11838.21534079677,11334.81375910288
3,base+bias,2026-01-27,6614.983560953315,10805.529867525547
3,base+bias,2026-01-28,8220.106059791846,6102.193587096345
3,base+bias,2026-01-29,8037.136958042139,11448.99659689236
3,base+bias,2026-01-30,7249.710052871193,6746.019141466545
3,base+bias,2026-01-31,0.0,7864.774689658342
3,base+bias,2026-02-01,0.0,7939.133846733941
3,base+bias,2026-02-02,1167.570968068156,11051.040936316527
3,base+bias,2026-02-03,1167.570968068156,3297.9308744515793
3,base+bias,2026-02-04,1167.570968068156,3297.9308744515793
3,base+bias,2026-02-05,4170.535081053606,7419.338578719715
3,base+bias,2026-02-06,4172.782660970314,7419.338578719715
3,base+bias,2026-02-07,1168.765625470164,7419.338578719715
3,base+bias,2026-02-08,1168.765625470164,10422.302691705165
3,base+bias,2026-02-09,4174.822262577526,10465.520922698326
3,base+bias,2026-02-10,0.0,7461.503887198176
3,base+bias,2026-02-11,1167.570968068156,7420.533236121723
3,base+bias,2026-02-12,1167.570968068156,10410.776472138623
3,base+bias,2026-02-13,1167.570968068156,3297.9308744515793
3,base+bias,2026-02-14,1167.570968068156,7419.338578719715
3,base+bias,2026-02-15,1167.570968068156,7419.338578719715
3,base+bias,2026-02-16,1167.570968068156,7419.338578719715
3,base+bias,2026-02-17,1167.570968068156,7419.338578719715
3,base+bias,2026-02-18,0.0,7419.338578719715
3,base+bias,2026-02-19,3147.926173739526,7419.338578719715
3,base+bias,2026-02-20,0.0,7419.338578719715
3,base+bias,2026-02-21,4168.485571068196,6276.140262579103
3,rainfeat,2026-01-23,6994.802601928017,4887.6016334153355
3,rainfeat,2026-01-24,11476.10062633418,5098.377366509522
3,rainfeat,2026-01-25,5676.608802087474,5738.405562590023
3,rainfeat,2026-01-26,11838.21534079677,6868.524265585211
3,rainfeat,2026-01-27,6614.983560953315,6960.162776379808
3,rainfeat,2026-01-28,8220.106059791846,5550.330465744668
3,rainfeat,2026-01-29,8037.136958042139,7423.079092680242
3,rainfeat,2026-01-30,7249.710052871193,6488.705224610509
3,rainfeat,2026-01-31,0.0,8194.629325286884
3,rainfeat,2026-02-01,0.0,7910.858621699333
3,rainfeat,2026-02-02,1167.570968068156,7260.175624523308
3,rainfeat,2026-02-03,1167.570968068156,0.0
3,rainfeat,2026-02-04,1167.570968068156,0.0
3,rainfeat,2026-02-05,4170.535081053606,1616.3297156943229
3,rainfeat,2026-02-06,4172.782660970314,1733.3656779572832
3,rainfeat,2026-02-07,1168.765625470164,1733.3656779572832
3,rainfeat,2026-02-08,1168.765625470164,4704.998462909511
3,rainfeat,2026-02-09,4174.822262577526,4707.246042826219
3,rainfeat,2026-02-10,0.0,1756.4978233684658
3,rainfeat,2026-02-11,1167.570968068156,1756.4978233684658
3,rainfeat,2026-02-12,1167.570968068156,4709.285644433431
3,rainfeat,2026-02-13,1167.570968068156,0.0
3,rainfeat,2026-02-14,1167.570968068156,1616.3297156943229
3,rainfeat,2026-02-15,1167.570968068156,1733.3656779572832
3,rainfeat,2026-02-16,1167.570968068156,1733.3656779572832
3,rainfeat,2026-02-17,1167.570968068156,1733.3656779572832
3,rainfeat,2026-02-18,0.0,1733.3656779572832
3,rainfeat,2026-02-19,3147.926173739526,1733.3656779572832
3,rainfeat,2026-02-20,0.0,1733.3656779572832
3,rainfeat,2026-02-21,4168.485571068196,565.7947098891273
3,rainfeat+bias,2026-01-23,6994.802601928017,8185.532507866915
3,rainfeat+bias,2026-01-24,11476.10062633418,8396.308240961102
3,rainfeat+bias,2026-01-25,5676.608802087474,9036.336437041602
3,rainfeat+bias,2026-01-26,11838.21534079677,10166.455140036789
3,rainfeat+bias,2026-01-27,6614.983560953315,10258.093650831386
3,rainfeat+bias,2026-01-28,8220.106059791846,8848.261340196248
3,rainfeat+bias,2026-01-29,8037.136958042139,10721.00996713182
3,rainfeat+bias,2026-01-30,7249.710052871193,9786.636099062089
3,rainfeat+bias,2026-01-31,0.0,11492.560199738462
3,rainfeat+bias,2026-02-01,0.0,11208.789496150912
3,rainfeat+bias,2026-02-02,1167.570968068156,10558.106498974888
3,rainfeat+bias,2026-02-03,1167.570968068156,3297.9308744515793
3,rainfeat+bias,2026-02-04,1167.570968068156,3297.9308744515793
3,rainfeat+bias,2026-02-05,4170.535081053606,4914.260590145902
3,rainfeat+bias,2026-02-06,4172.782660970314,5031.296552408862
3,rainfeat+bias,2026-02-07,1168.765625470164,5031.296552408862
3,rainfeat+bias,2026-02-08,1168.765625470164,8002.92933736109
3,rainfeat+bias,2026-02-09,4174.822262577526,8005.176917277799
3,rainfeat+bias,2026-02-10,0.0,5054.428697820045
3,rainfeat+bias,2026-02-11,1167.570968068156,5054.428697820045
3,rainfeat+bias,2026-02-12,1167.570968068156,8007.21651888501
3,rainfeat+bias,2026-02-13,1167.570968068156,3297.9308744515793
3,rainfeat+bias,2026-02-14,1167.570968068156,4914.260590145902
3,rainfeat+bias,2026-02-15,1167.570968068156,5031.296552408862
3,rainfeat+bias,2026-02-16,1167.570968068156,5031.296552408862
3,rainfeat+bias,2026-02-17,1167.570968068156,5031.296552408862
3,rainfeat+bias,2026-02-18,0.0,5031.296552408862
3,rainfeat+bias,2026-02-19,3147.926173739526,5031.296552408862
3,rainfeat+bias,2026-02-20,0.0,5031.296552408862
3,rainfeat+bias,2026-02-21,4168.485571068196,3863.7255843407065
3,base,2026-02-22,1167.570968068156,2579.457878189132
3,base,2026-02-23,1167.570968068156,0.0
3,base,2026-02-24,1167.570968068156,3903.9331213354326
3,base,2026-02-25,1167.570968068156,1229.8552068141737
3,base,2026-02-26,1232.360327093139,1171.7492758715427
3,base,2026-02-27,1232.360327093139,1196.8930962788593
3,base,2026-02-28,0.0,1196.8930962788593
3,base,2026-03-01,7232.699243493119,1261.6824553038423
3,base,2026-03-02,0.0,1294.6445658391567
3,base,2026-03-03,4231.157917663651,111.95954775419068
3,base,2026-03-04,10240.97433716826,6796.893749528907
3,base,2026-03-05,0.0,64.52236330846881
3,base,2026-03-06,7240.005734046325,4258.07958576696
3,base,2026-03-07,0.0,9326.839027543918
3,base,2026-03-08,0.0,0.0
3,base,2026-03-09,0.0,6930.416035534771
3,base,2026-03-10,4588.915562032591,0.0
3,base,2026-03-11,1051.725638716127,0.0
3,base,2026-03-12,1171.730949081183,0.0
3,base,2026-03-13,1231.733604263711,3743.187099503104
3,base,2026-03-14,1591.827078183679,753.690294432422
3,base,2026-03-15,3694.787865385309,931.4662607079808
3,base,2026-03-16,29442.79622979818,885.3582739617725
3,base,2026-03-17,3141.663118533274,1856.571941734791
3,base,2026-03-18,15588.06166423388,3737.9249530756065
3,base,2026-03-19,0.0,34844.26148128354
3,base,2026-03-20,0.0,0.0
3,base,2026-03-21,7447.294367083702,13318.911942471645
3,base,2026-03-22,0.0,0.0
3,base,2026-03-23,1300.310608590011,0.0
3,base+bias,2026-02-22,1167.570968068156,4692.241809634284
3,base+bias,2026-02-23,1167.570968068156,2112.783931445153
3,base+bias,2026-02-24,1167.570968068156,6016.717052780586
3,base+bias,2026-02-25,1167.570968068156,3342.6391382593265
3,base+bias,2026-02-26,1232.360327093139,3284.5332073166956
3,base+bias,2026-02-27,1232.360327093139,3309.677027724012
3,base+bias,2026-02-28,0.0,3309.677027724012
3,base+bias,2026-03-01,7232.699243493119,3374.4663867489953
3,base+bias,2026-03-02,0.0,3407.4284972843097
3,base+bias,2026-03-03,4231.157917663651,2224.7434791993437
3,base+bias,2026-03-04,10240.97433716826,8909.67768097406
3,base+bias,2026-03-05,0.0,2177.306294753622
3,base+bias,2026-03-06,7240.005734046325,6370.863517212113
3,base+bias,2026-03-07,0.0,11439.622958989072
3,base+bias,2026-03-08,0.0,2112.783931445153
3,base+bias,2026-03-09,0.0,9043.199966979924
3,base+bias,2026-03-10,4588.915562032591,2112.783931445153
3,base+bias,2026-03-11,1051.725638716127,2112.783931445153
3,base+bias,2026-03-12,1171.730949081183,2112.783931445153
3,base+bias,2026-03-13,1231.733604263711,5855.971030948257
3,base+bias,2026-03-14,1591.827078183679,2866.474225877575
3,base+bias,2026-03-15,3694.787865385309,3044.250192153134
3,base+bias,2026-03-16,29442.79622979818,2998.1422054069253
3,base+bias,2026-03-17,3141.663118533274,3969.355873179944
3,base+bias,2026-03-18,15588.06166423388,5850.70888452076
3,base+bias,2026-03-19,0.0,36957.045412728694
3,base+bias,2026-03-20,0.0,2112.783931445153
3,base+bias,2026-03-21,7447.294367083702,15431.695873916797
3,base+bias,2026-03-22,0.0,2112.783931445153
3,base+bias,2026-03-23,1300.310608590011,2112.783931445153
3,rainfeat,2026-02-22,1167.570968068156,2964.165219974099
3,rainfeat,2026-02-23,1167.570968068156,250.50484765246074
3,rainfeat,2026-02-24,1167.570968068156,4305.140524476336
3,rainfeat,2026-02-25,1167.570968068156,1230.3246561579947
3,rainfeat,2026-02-26,1232.360327093139,1181.2312325194473
3,rainfeat,2026-02-27,1232.360327093139,1070.6559337953806
3,rainfeat,2026-02-28,0.0,1070.6559337953806
3,rainfeat,2026-03-01,7232.699243493119,1175.664800749265
3,rainfeat,2026-03-02,0.0,1175.664800749265
3,rainfeat,2026-03-03,4231.157917663651,88.79045584860523
3,rainfeat,2026-03-04,10240.97433716826,6592.8601149642955
3,rainfeat,2026-03-05,0.0,169.42939388411196
3,rainfeat,2026-03-06,7240.005734046325,4206.310160025886
3,rainfeat,2026-03-07,0.0,9395.134157111646
3,rainfeat,2026-03-08,0.0,88.3145794106822
3,rainfeat,2026-03-09,0.0,6960.828464600368
3,rainfeat,2026-03-10,4588.915562032591,107.33812814267367
3,rainfeat,2026-03-11,1051.725638716127,0.0
3,rainfeat,2026-03-12,1171.730949081183,0.0
3,rainfeat,2026-03-13,1231.733604263711,4120.630049322257
3,rainfeat,2026-03-14,1591.827078183679,1179.1197183541553
3,rainfeat,2026-03-15,3694.787865385309,1417.6621458427098
3,rainfeat,2026-03-16,29442.79622979818,897.8674690288501
3,rainfeat,2026-03-17,3141.663118533274,1343.790195087341
3,rainfeat,2026-03-18,15588.06166423388,3638.3355262157725
3,rainfeat,2026-03-19,0.0,35134.53128147937
3,rainfeat,2026-03-20,0.0,2061.078090000629
3,rainfeat,2026-03-21,7447.294367083702,18862.88255218036
3,rainfeat,2026-03-22,0.0,0.0
3,rainfeat,2026-03-23,1300.310608590011,599.2363333298654
3,rainfeat+bias,2026-02-22,1167.570968068156,5076.949151419252
3,rainfeat+bias,2026-02-23,1167.570968068156,2363.2887790976138
3,rainfeat+bias,2026-02-24,1167.570968068156,6417.924455921489
3,rainfeat+bias,2026-02-25,1167.570968068156,3343.1085876031475
3,rainfeat+bias,2026-02-26,1232.360327093139,3294.0151639646
3,rainfeat+bias,2026-02-27,1232.360327093139,3183.4398652405334
3,rainfeat+bias,2026-02-28,0.0,3183.4398652405334
3,rainfeat+bias,2026-03-01,7232.699243493119,3288.448732194418
3,rainfeat+bias,2026-03-02,0.0,3288.448732194418
3,rainfeat+bias,2026-03-03,4231.157917663651,2201.5743872937583
3,rainfeat+bias,2026-03-04,10240.97433716826,8705.644046409448
3,rainfeat+bias,2026-03-05,0.0,2282.213325329265
3,rainfeat+bias,2026-03-06,7240.005734046325,6319.094091471039
3,rainfeat+bias,2026-03-07,0.0,11507.918088556798
3,rainfeat+bias,2026-03-08,0.0,2201.0985108558352
3,rainfeat+bias,2026-03-09,0.0,9073.61239604552
3,rainfeat+bias,2026-03-10,4588.915562032591,2220.1220595878267
3,rainfeat+bias,2026-03-11,1051.725638716127,2112.783931445153
3,rainfeat+bias,2026-03-12,1171.730949081183,2112.783931445153
3,rainfeat+bias,2026-03-13,1231.733604263711,6233.41398076741
3,rainfeat+bias,2026-03-14,1591.827078183679,3291.9036497993084
3,rainfeat+bias,2026-03-15,3694.787865385309,3530.446077287863
3,rainfeat+bias,2026-03-16,29442.79622979818,3010.651400474003
3,rainfeat+bias,2026-03-17,3141.663118533274,3456.574126532494
3,rainfeat+bias,2026-03-18,15588.06166423388,5751.119457660925
3,rainfeat+bias,2026-03-19,0.0,37247.31521292453
3,rainfeat+bias,2026-03-20,0.0,4173.862021445782
3,rainfeat+bias,2026-03-21,7447.294367083702,20975.66648362551
3,rainfeat+bias,2026-03-22,0.0,2112.783931445153
3,rainfeat+bias,2026-03-23,1300.310608590011,2712.0202647750184
3,base,2026-03-24,0.0,6465.878913793338
3,base,2026-03-25,0.0,388.57684674486154
3,base,2026-03-26,0.0,1262.3030593517972
3,base,2026-03-27,0.0,37.42030895578955
3,base,2026-03-28,1216.506094919201,449.5838276816403
3,base,2026-03-29,1357.9623387935,878.6827666476884
3,base,2026-03-30,0.0,998.143654287619
3,base,2026-03-31,19185.66181159556,1331.4116071252217
3,base,2026-04-01,0.0,1373.3094160098465
3,base,2026-04-02,0.0,121.63245490183635
3,base,2026-04-03,1357.1851159841,18849.333848948285
3,base,2026-04-04,4320.271751993509,567.3197833160975
3,base,2026-04-05,0.0,682.3276286875171
3,base,2026-04-06,0.0,1493.5690537037592
3,base,2026-04-07,0.0,4526.711159067197
3,base,2026-04-08,0.0,992.1093827987288
3,base,2026-04-09,0.0,925.3667536027979
3,base,2026-04-10,0.0,781.402825451999
3,base,2026-04-11,0.0,792.1435315225472
3,base,2026-04-12,0.0,792.1435315225472
3,base,2026-04-13,0.0,856.3233031089885
3,base,2026-04-14,0.0,489.8700624879857
3,base,2026-04-15,0.0,651.9453151886573
3,base,2026-04-16,0.0,1050.5775494039672
3,base,2026-04-17,7142.04282863685,1425.714264708712
3,base,2026-04-18,0.0,2191.8320257118576
3,base,2026-04-19,1330.35764373476,2175.5220658523613
3,base,2026-04-20,0.0,8518.834587903084
3,base,2026-04-21,0.0,2491.0571672346223
3,base,2026-04-22,0.0,3191.4655511539804
3,base+bias,2026-03-24,0.0,8009.154709710809
3,base+bias,2026-03-25,0.0,1931.8526426623318
3,base+bias,2026-03-26,0.0,2805.5788552692675
3,base+bias,2026-03-27,0.0,1580.6961048732599
3,base+bias,2026-03-28,1216.506094919201,1992.8596235991106
3,base+bias,2026-03-29,1357.9623387935,2421.958562565159
3,base+bias,2026-03-30,0.0,2541.4194502050896
3,base+bias,2026-03-31,19185.66181159556,2874.687403042692
3,base+bias,2026-04-01,0.0,2916.585211927317
3,base+bias,2026-04-02,0.0,1664.9082508193067
3,base+bias,2026-04-03,1357.1851159841,20392.609644865755
3,base+bias,2026-04-04,4320.271751993509,2110.595579233568
3,base+bias,2026-04-05,0.0,2225.6034246049876
3,base+bias,2026-04-06,0.0,3036.8448496212295
3,base+bias,2026-04-07,0.0,6069.986954984667
3,base+bias,2026-04-08,0.0,2535.3851787161993
3,base+bias,2026-04-09,0.0,2468.6425495202684
3,base+bias,2026-04-10,0.0,2324.6786213694695
3,base+bias,2026-04-11,0.0,2335.4193274400177
3,base+bias,2026-04-12,0.0,2335.4193274400177
3,base+bias,2026-04-13,0.0,2399.599099026459
3,base+bias,2026-04-14,0.0,2033.145858405456
3,base+bias,2026-04-15,0.0,2195.221111106128
3,base+bias,2026-04-16,0.0,2593.8533453214377
3,base+bias,2026-04-17,7142.04282863685,2968.9900606261826
3,base+bias,2026-04-18,0.0,3735.107821629328
3,base+bias,2026-04-19,1330.35764373476,3718.797861769832
3,base+bias,2026-04-20,0.0,10062.110383820554
3,base+bias,2026-04-21,0.0,4034.332963152093
3,base+bias,2026-04-22,0.0,4734.741347071451
3,rainfeat,2026-03-24,0.0,10479.619531056698
3,rainfeat,2026-03-25,0.0,195.86197175958887
3,rainfeat,2026-03-26,0.0,1459.1855093612446
3,rainfeat,2026-03-27,0.0,102.64858118856091
3,rainfeat,2026-03-28,1216.506094919201,453.26839538688046
3,rainfeat,2026-03-29,1357.9623387935,887.6202480936581
3,rainfeat,2026-03-30,0.0,911.6270815764901
3,rainfeat,2026-03-31,19185.66181159556,1763.397124943592
3,rainfeat,2026-04-01,0.0,1857.96949199
3,rainfeat,2026-04-02,0.0,457.0690590873014
3,rainfeat,2026-04-03,1357.1851159841,16496.459147739286
3,rainfeat,2026-04-04,4320.271751993509,0.0
3,rainfeat,2026-04-05,0.0,875.0532100943574
3,rainfeat,2026-04-06,0.0,1864.8007811718624
3,rainfeat,2026-04-07,0.0,4682.70078072674
3,rainfeat,2026-04-08,0.0,727.5284748393988
3,rainfeat,2026-04-09,0.0,888.9078884688206
3,rainfeat,2026-04-10,0.0,1356.535870561248
3,rainfeat,2026-04-11,0.0,1461.0686121249555
3,rainfeat,2026-04-12,0.0,1394.1343665314225
3,rainfeat,2026-04-13,0.0,1213.688078069964
3,rainfeat,2026-04-14,0.0,1071.533696368621
3,rainfeat,2026-04-15,0.0,1236.0047706837322
3,rainfeat,2026-04-16,0.0,1383.471198617488
3,rainfeat,2026-04-17,7142.04282863685,2417.9997357842703
3,rainfeat,2026-04-18,0.0,2287.5428371384714
3,rainfeat,2026-04-19,1330.35764373476,2553.883795100255
3,rainfeat,2026-04-20,0.0,8377.926712378825
3,rainfeat,2026-04-21,0.0,2502.0144659968937
3,rainfeat,2026-04-22,0.0,3256.8238925187525
3,rainfeat+bias,2026-03-24,0.0,12022.895326974169
3,rainfeat+bias,2026-03-25,0.0,1739.1377676770592
3,rainfeat+bias,2026-03-26,0.0,3002.461305278715
3,rainfeat+bias,2026-03-27,0.0,1645.9243771060312
3,rainfeat+bias,2026-03-28,1216.506094919201,1996.5441913043508
3,rainfeat+bias,2026-03-29,1357.9623387935,2430.8960440111287
3,rainfeat+bias,2026-03-30,0.0,2454.9028774939607
3,rainfeat+bias,2026-03-31,19185.66181159556,3306.6729208610623
3,rainfeat+bias,2026-04-01,0.0,3401.2452879074704
3,rainfeat+bias,2026-04-02,0.0,2000.3448550047717
3,rainfeat+bias,2026-04-03,1357.1851159841,18039.734943656757
3,rainfeat+bias,2026-04-04,4320.271751993509,1543.2757959174703
3,rainfeat+bias,2026-04-05,0.0,2418.329006011828
3,rainfeat+bias,2026-04-06,0.0,3408.0765770893327
3,rainfeat+bias,2026-04-07,0.0,6225.976576644211
3,rainfeat+bias,2026-04-08,0.0,2270.8042707568693
3,rainfeat+bias,2026-04-09,0.0,2432.183684386291
3,rainfeat+bias,2026-04-10,0.0,2899.8116664787185
3,rainfeat+bias,2026-04-11,0.0,3004.344408042426
3,rainfeat+bias,2026-04-12,0.0,2937.410162448893
3,rainfeat+bias,2026-04-13,0.0,2756.9638739874345
3,rainfeat+bias,2026-04-14,0.0,2614.809492286091
3,rainfeat+bias,2026-04-15,0.0,2779.2805666012027
3,rainfeat+bias,2026-04-16,0.0,2926.7469945349585
3,rainfeat+bias,2026-04-17,7142.04282863685,3961.275531701741
3,rainfeat+bias,2026-04-18,0.0,3830.818633055942
3,rainfeat+bias,2026-04-19,1330.35764373476,4097.159591017726
3,rainfeat+bias,2026-04-20,0.0,9921.202508296295
3,rainfeat+bias,2026-04-21,0.0,4045.2902619143642
3,rainfeat+bias,2026-04-22,0.0,4800.099688436223
3,base,2026-04-23,4175.652946526906,0.0
3,base,2026-04-24,0.0,0.0
3,base,2026-04-25,7134.507354545481,2853.8331235487985
3,base,2026-04-26,1329.99703624549,7466.99957041389
3,base,2026-04-27,0.0,0.0
3,base,2026-04-28,0.0,6410.441045741727
3,base,2026-04-29,4156.934105248899,664.7713093429018
3,base,2026-04-30,0.0,0.0
3,base,2026-05-01,0.0,0.0
3,base,2026-05-02,0.0,3842.3574493705987
3,base,2026-05-03,0.0,158.8413870007921
3,base,2026-05-04,3575.559741841224,0.0
3,base,2026-05-05,8337.097621055189,5269.804792885698
3,base,2026-05-06,7067.388500442302,7664.143488739008
3,base,2026-05-07,3288.46284526218,11887.209564310544
3,base,2026-05-08,609.3285666212043,14921.537466257401
3,base,2026-05-09,327.4079784250729,14067.90799729863
3,base,2026-05-10,64024.57078417507,17330.158465402183
3,base,2026-05-11,29895.40787851404,5045.333435437411
3,base,2026-05-12,9279.572203576883,5671.146052972335
3,base,2026-05-13,16077.61184919209,65580.63032661511
3,base,2026-05-14,0.0,39141.40229387264
3,base,2026-05-15,10216.22369505713,26016.59678020887
3,base,2026-05-16,3927.997988633625,35832.48133011296
3,base,2026-05-17,85867.63959680006,23251.747907203637
3,base,2026-05-18,61048.47974927562,16300.994619133911
3,base,2026-05-19,108733.3367135785,21419.93214215596
3,base,2026-05-20,141212.5627369919,93230.05481883399
3,base,2026-05-21,185517.9117316547,89104.41235142841
3,base,2026-05-22,179597.995600109,111253.34102432465
3,base+bias,2026-04-23,4175.652946526906,976.5782519092969
3,base+bias,2026-04-24,0.0,976.5782519092969
3,base+bias,2026-04-25,7134.507354545481,3830.4113754580953
3,base+bias,2026-04-26,1329.99703624549,8443.577822323186
3,base+bias,2026-04-27,0.0,976.5782519092969
3,base+bias,2026-04-28,0.0,7387.019297651024
3,base+bias,2026-04-29,4156.934105248899,1641.3495612521988
3,base+bias,2026-04-30,0.0,976.5782519092969
3,base+bias,2026-05-01,0.0,976.5782519092969
3,base+bias,2026-05-02,0.0,4818.9357012798955
3,base+bias,2026-05-03,0.0,1135.419638910089
3,base+bias,2026-05-04,3575.559741841224,976.5782519092969
3,base+bias,2026-05-05,8337.097621055189,6246.383044794995
3,base+bias,2026-05-06,7067.388500442302,8640.721740648305
3,base+bias,2026-05-07,3288.46284526218,12863.787816219841
3,base+bias,2026-05-08,609.3285666212043,15898.115718166699
3,base+bias,2026-05-09,327.4079784250729,15044.486249207926
3,base+bias,2026-05-10,64024.57078417507,18306.73671731148
3,base+bias,2026-05-11,29895.40787851404,6021.911687346708
3,base+bias,2026-05-12,9279.572203576883,6647.724304881633
3,base+bias,2026-05-13,16077.61184919209,66557.2085785244
3,base+bias,2026-05-14,0.0,40117.98054578194
3,base+bias,2026-05-15,10216.22369505713,26993.175032118168
3,base+bias,2026-05-16,3927.997988633625,36809.05958202226
3,base+bias,2026-05-17,85867.63959680006,24228.326159112934
3,base+bias,2026-05-18,61048.47974927562,17277.57287104321
3,base+bias,2026-05-19,108733.3367135785,22396.51039406526
3,base+bias,2026-05-20,141212.5627369919,94206.63307074328
3,base+bias,2026-05-21,185517.9117316547,90080.9906033377
3,base+bias,2026-05-22,179597.995600109,112229.91927623394
3,rainfeat,2026-04-23,4175.652946526906,511.1027548545808
3,rainfeat,2026-04-24,0.0,729.4440218231593
3,rainfeat,2026-04-25,7134.507354545481,0.0
3,rainfeat,2026-04-26,1329.99703624549,4357.091828030521
3,rainfeat,2026-04-27,0.0,632.2384550664983
3,rainfeat,2026-04-28,0.0,6188.472071756683
3,rainfeat,2026-04-29,4156.934105248899,1491.7869327850663
3,rainfeat,2026-04-30,0.0,962.6028486686814
3,rainfeat,2026-05-01,0.0,825.2436041893334
3,rainfeat,2026-05-02,0.0,4912.005062522039
3,rainfeat,2026-05-03,0.0,1206.0893722796686
3,rainfeat,2026-05-04,3575.559741841224,779.0731278704393
3,rainfeat,2026-05-05,8337.097621055189,4140.037687440237
3,rainfeat,2026-05-06,7067.388500442302,0.0
3,rainfeat,2026-05-07,3288.46284526218,4094.2514955990187
3,rainfeat,2026-05-08,609.3285666212043,10112.554989076878
3,rainfeat,2026-05-09,327.4079784250729,9996.06520367473
3,rainfeat,2026-05-10,64024.57078417507,3459.1163986174442
3,rainfeat,2026-05-11,29895.40787851404,2683.7381532018053
3,rainfeat,2026-05-12,9279.572203576883,2000.4547032131027
3,rainfeat,2026-05-13,16077.61184919209,75158.30540386982
3,rainfeat,2026-05-14,0.0,64945.26031672045
3,rainfeat,2026-05-15,10216.22369505713,24167.301093740498
3,rainfeat,2026-05-16,3927.997988633625,47088.931535919866
3,rainfeat,2026-05-17,85867.63959680006,0.0
3,rainfeat,2026-05-18,61048.47974927562,6963.216352172912
3,rainfeat,2026-05-19,108733.3367135785,9810.16979702174
3,rainfeat,2026-05-20,141212.5627369919,79214.11554971282
3,rainfeat,2026-05-21,185517.9117316547,56985.94387534578
3,rainfeat,2026-05-22,179597.995600109,94105.64678773787
3,rainfeat+bias,2026-04-23,4175.652946526906,1487.6810067638776
3,rainfeat+bias,2026-04-24,0.0,1706.0222737324561
3,rainfeat+bias,2026-04-25,7134.507354545481,976.5782519092969
3,rainfeat+bias,2026-04-26,1329.99703624549,5333.670079939819
3,rainfeat+bias,2026-04-27,0.0,1608.8167069757951
3,rainfeat+bias,2026-04-28,0.0,7165.050323665981
3,rainfeat+bias,2026-04-29,4156.934105248899,2468.365184694363
3,rainfeat+bias,2026-04-30,0.0,1939.1811005779782
3,rainfeat+bias,2026-05-01,0.0,1801.8218560986302
3,rainfeat+bias,2026-05-02,0.0,5888.5833144313365
3,rainfeat+bias,2026-05-03,0.0,2182.6676241889654
3,rainfeat+bias,2026-05-04,3575.559741841224,1755.651379779736
3,rainfeat+bias,2026-05-05,8337.097621055189,5116.6159393495345
3,rainfeat+bias,2026-05-06,7067.388500442302,976.5782519092969
3,rainfeat+bias,2026-05-07,3288.46284526218,5070.829747508315
3,rainfeat+bias,2026-05-08,609.3285666212043,11089.133240986175
3,rainfeat+bias,2026-05-09,327.4079784250729,10972.643455584028
3,rainfeat+bias,2026-05-10,64024.57078417507,4435.6946505267415
3,rainfeat+bias,2026-05-11,29895.40787851404,3660.316405111102
3,rainfeat+bias,2026-05-12,9279.572203576883,2977.0329551223995
3,rainfeat+bias,2026-05-13,16077.61184919209,76134.88365577911
3,rainfeat+bias,2026-05-14,0.0,65921.83856862974
3,rainfeat+bias,2026-05-15,10216.22369505713,25143.879345649795
3,rainfeat+bias,2026-05-16,3927.997988633625,48065.50978782916
3,rainfeat+bias,2026-05-17,85867.63959680006,976.5782519092969
3,rainfeat+bias,2026-05-18,61048.47974927562,7939.794604082209
3,rainfeat+bias,2026-05-19,108733.3367135785,10786.748048931036
3,rainfeat+bias,2026-05-20,141212.5627369919,80190.69380162211
3,rainfeat+bias,2026-05-21,185517.9117316547,57962.52212725508
3,rainfeat+bias,2026-05-22,179597.995600109,95082.22503964716
3,base,2026-05-23,193356.5957728531,140330.50885986682
3,base,2026-05-24,349365.1598969635,164908.90138116013
3,base,2026-05-25,433838.0231737584,148538.99762454102
3,base,2026-05-26,507809.2200161263,161122.771010303
3,base,2026-05-27,602775.1641346975,304075.163137304
3,base,2026-05-28,553516.0898851521,387336.8349936892
3,base,2026-05-29,449557.2543120539,450866.3632524773
3,base,2026-05-30,240641.9388894092,547128.2587235178
3,base,2026-05-31,216085.9110082715,502964.67049094266
3,base,2026-06-01,198275.3925303018,378579.2068872095
3,base,2026-06-02,192990.3100497752,183488.83111154762
3,base,2026-06-03,201843.6206251707,171367.269525384
3,base,2026-06-04,174582.3631776166,159029.41854549223
3,base,2026-06-05,165844.9237883183,155504.02354685095
3,base,2026-06-06,156694.7359268938,171966.04746839983
3,base,2026-06-07,160301.5900719157,141143.97789791212
3,base,2026-06-08,166649.5271781315,145940.2882279009
3,base,2026-06-09,189788.4728931298,138412.62308055384
3,base,2026-06-10,201768.2313126253,146486.38409392993
3,base,2026-06-11,174580.9152624754,141162.72804620786
3,base,2026-06-12,133852.9901506277,169025.10932694311
3,base,2026-06-13,141713.5315307741,168736.8521211956
3,base,2026-06-14,121801.9629150302,125349.37562329308
3,base,2026-06-15,80097.31022858075,105587.1105812016
3,base,2026-06-16,79432.17603844083,116461.21966558779
3,base,2026-06-17,51854.03477584177,98981.04547847388
3,base,2026-06-18,47047.00811797024,59791.163826102915
3,base,2026-06-19,49498.13353825355,66483.37412663513
3,base,2026-06-20,48315.2033726697,41322.24543085221
3,base,2026-06-21,44125.329575858,39164.356251051184
3,base+bias,2026-05-23,193356.5957728531,143465.88733535158
3,base+bias,2026-05-24,349365.1598969635,168044.2798566449
3,base+bias,2026-05-25,433838.0231737584,151674.37610002578
3,base+bias,2026-05-26,507809.2200161263,164258.14948578776
3,base+bias,2026-05-27,602775.1641346975,307210.54161278874
3,base+bias,2026-05-28,553516.0898851521,390472.21346917393
3,base+bias,2026-05-29,449557.2543120539,454001.74172796204
3,base+bias,2026-05-30,240641.9388894092,550263.6371990026
3,base+bias,2026-05-31,216085.9110082715,506100.0489664274
3,base+bias,2026-06-01,198275.3925303018,381714.5853626942
3,base+bias,2026-06-02,192990.3100497752,186624.20958703238
3,base+bias,2026-06-03,201843.6206251707,174502.64800086876
3,base+bias,2026-06-04,174582.3631776166,162164.79702097698
3,base+bias,2026-06-05,165844.9237883183,158639.4020223357
3,base+bias,2026-06-06,156694.7359268938,175101.4259438846
3,base+bias,2026-06-07,160301.5900719157,144279.35637339688
3,base+bias,2026-06-08,166649.5271781315,149075.66670338565
3,base+bias,2026-06-09,189788.4728931298,141548.0015560386
3,base+bias,2026-06-10,201768.2313126253,149621.76256941468
3,base+bias,2026-06-11,174580.9152624754,144298.10652169262
3,base+bias,2026-06-12,133852.9901506277,172160.48780242787
3,base+bias,2026-06-13,141713.5315307741,171872.23059668037
3,base+bias,2026-06-14,121801.9629150302,128484.75409877783
3,base+bias,2026-06-15,80097.31022858075,108722.48905668636
3,base+bias,2026-06-16,79432.17603844083,119596.59814107255
3,base+bias,2026-06-17,51854.03477584177,102116.42395395864
3,base+bias,2026-06-18,47047.00811797024,62926.542301587666
3,base+bias,2026-06-19,49498.13353825355,69618.75260211989
3,base+bias,2026-06-20,48315.2033726697,44457.62390633696
3,base+bias,2026-06-21,44125.329575858,42299.734726535935
3,rainfeat,2026-05-23,193356.5957728531,135806.52284669798
3,rainfeat,2026-05-24,349365.1598969635,166683.68327138404
3,rainfeat,2026-05-25,433838.0231737584,159426.63283108466
3,rainfeat,2026-05-26,507809.2200161263,173824.75658095034
3,rainfeat,2026-05-27,602775.1641346975,330264.3069432876
3,rainfeat,2026-05-28,553516.0898851521,418421.69220582244
3,rainfeat,2026-05-29,449557.2543120539,488708.3670624504
3,rainfeat,2026-05-30,240641.9388894092,579815.8960011613
3,rainfeat,2026-05-31,216085.9110082715,534978.2395732937
3,rainfeat,2026-06-01,198275.3925303018,420948.2314477814
3,rainfeat,2026-06-02,192990.3100497752,219391.3830774495
3,rainfeat,2026-06-03,201843.6206251707,200579.42233383446
3,rainfeat,2026-06-04,174582.3631776166,189006.30805294187
3,rainfeat,2026-06-05,165844.9237883183,187745.24234265165
3,rainfeat,2026-06-06,156694.7359268938,183386.13197542148
3,rainfeat,2026-06-07,160301.5900719157,162163.5929752728
3,rainfeat,2026-06-08,166649.5271781315,152603.72682805092
3,rainfeat,2026-06-09,189788.4728931298,141370.3847013971
3,rainfeat,2026-06-10,201768.2313126253,162081.990583429
3,rainfeat,2026-06-11,174580.9152624754,168479.47474051756
3,rainfeat,2026-06-12,133852.9901506277,196725.6301209741
3,rainfeat,2026-06-13,141713.5315307741,182643.46916603594
3,rainfeat,2026-06-14,121801.9629150302,161136.59876991698
3,rainfeat,2026-06-15,80097.31022858075,121999.91980838201
3,rainfeat,2026-06-16,79432.17603844083,136016.93328838487
3,rainfeat,2026-06-17,51854.03477584177,112172.52559730956
3,rainfeat,2026-06-18,47047.00811797024,70590.8773451404
3,rainfeat,2026-06-19,49498.13353825355,77496.79307701507
3,rainfeat,2026-06-20,48315.2033726697,56602.16091111275
3,rainfeat,2026-06-21,44125.329575858,43580.405569871
3,rainfeat+bias,2026-05-23,193356.5957728531,138941.90132218273
3,rainfeat+bias,2026-05-24,349365.1598969635,169819.0617468688
3,rainfeat+bias,2026-05-25,433838.0231737584,162562.01130656942
3,rainfeat+bias,2026-05-26,507809.2200161263,176960.1350564351
3,rainfeat+bias,2026-05-27,602775.1641346975,333399.68541877234
3,rainfeat+bias,2026-05-28,553516.0898851521,421557.0706813072
3,rainfeat+bias,2026-05-29,449557.2543120539,491843.7455379351
3,rainfeat+bias,2026-05-30,240641.9388894092,582951.2744766461
3,rainfeat+bias,2026-05-31,216085.9110082715,538113.6180487785
3,rainfeat+bias,2026-06-01,198275.3925303018,424083.6099232661
3,rainfeat+bias,2026-06-02,192990.3100497752,222526.76155293427
3,rainfeat+bias,2026-06-03,201843.6206251707,203714.80080931922
3,rainfeat+bias,2026-06-04,174582.3631776166,192141.68652842662
3,rainfeat+bias,2026-06-05,165844.9237883183,190880.6208181364
3,rainfeat+bias,2026-06-06,156694.7359268938,186521.51045090624
3,rainfeat+bias,2026-06-07,160301.5900719157,165298.97145075756
3,rainfeat+bias,2026-06-08,166649.5271781315,155739.10530353567
3,rainfeat+bias,2026-06-09,189788.4728931298,144505.76317688185
3,rainfeat+bias,2026-06-10,201768.2313126253,165217.36905891375
3,rainfeat+bias,2026-06-11,174580.9152624754,171614.85321600232
3,rainfeat+bias,2026-06-12,133852.9901506277,199861.00859645885
3,rainfeat+bias,2026-06-13,141713.5315307741,185778.8476415207
3,rainfeat+bias,2026-06-14,121801.9629150302,164271.97724540174
3,rainfeat+bias,2026-06-15,80097.31022858075,125135.29828386677
3,rainfeat+bias,2026-06-16,79432.17603844083,139152.31176386963
3,rainfeat+bias,2026-06-17,51854.03477584177,115307.90407279432
3,rainfeat+bias,2026-06-18,47047.00811797024,73726.25582062516
3,rainfeat+bias,2026-06-19,49498.13353825355,80632.17155249983
3,rainfeat+bias,2026-06-20,48315.2033726697,59737.5393865975
3,rainfeat+bias,2026-06-21,44125.329575858,46715.78404535575
3,base,2026-06-22,35020.78540226009,43293.158103193986
3,base,2026-06-23,31864.99551244184,42467.66925233944
3,base,2026-06-24,24497.17494178787,38277.79545552774
3,base,2026-06-25,21684.38265192751,29150.655585312583
3,base,2026-06-26,16173.40765637152,26203.418635120826
3,base,2026-06-27,24563.31828446738,18674.34623967095
3,base,2026-06-28,26743.39728476141,18243.18567103283
3,base,2026-06-29,4118.680690423142,14168.429410201974
3,base,2026-06-30,3424.85477286065,22074.95484607495
3,base,2026-07-01,0.0,24123.154403698198
3,base,2026-07-02,0.0,3361.5625523285307
3,base,2026-07-03,0.0,4888.626457095075
3,base,2026-07-04,0.0,244.8071519253208
3,base,2026-07-05,0.0,419.5247469399492
3,base,2026-07-06,0.0,0.0
3,base,2026-07-07,0.0,67.65956177995895
3,base,2026-07-08,8.358452526200495,731.4119819362963
3,base,2026-07-09,1548.477362288514,909.9525049784565
3,base,2026-07-10,0.0,226.83699845469755
3,base,2026-07-11,12175.06558400085,0.0
3,base,2026-07-12,0.0,1439.1695277634963
3,base,2026-07-13,0.0,41.54046944587344
3,base,2026-07-14,0.0,10724.470109561913
3,base,2026-07-15,0.0,507.75402243672534
3,base,2026-07-16,2547.386090313617,2249.6364798345594
3,base,2026-07-17,0.0,139.70582567112297
3,base,2026-07-18,0.0,345.76549608958476
3,base,2026-07-19,0.0,3091.9693570096565
3,base,2026-07-20,0.0,874.7580148210595
3,base,2026-07-21,0.0,479.6635383990929
3,base+bias,2026-06-22,35020.78540226009,45948.96736846979
3,base+bias,2026-06-23,31864.99551244184,45123.47851761524
3,base+bias,2026-06-24,24497.17494178787,40933.604720803545
3,base+bias,2026-06-25,21684.38265192751,31806.46485058839
3,base+bias,2026-06-26,16173.40765637152,28859.227900396632
3,base+bias,2026-06-27,24563.31828446738,21330.155504946757
3,base+bias,2026-06-28,26743.39728476141,20898.994936308634
3,base+bias,2026-06-29,4118.680690423142,16824.23867547778
3,base+bias,2026-06-30,3424.85477286065,24730.764111350756
3,base+bias,2026-07-01,0.0,26778.963668974004
3,base+bias,2026-07-02,0.0,6017.371817604337
3,base+bias,2026-07-03,0.0,7544.435722370881
3,base+bias,2026-07-04,0.0,2900.6164172011263
3,base+bias,2026-07-05,0.0,3075.3340122157547
3,base+bias,2026-07-06,0.0,2655.8092652758055
3,base+bias,2026-07-07,0.0,2723.4688270557645
3,base+bias,2026-07-08,8.358452526200495,3387.221247212102
3,base+bias,2026-07-09,1548.477362288514,3565.761770254262
3,base+bias,2026-07-10,0.0,2882.646263730503
3,base+bias,2026-07-11,12175.06558400085,2655.8092652758055
3,base+bias,2026-07-12,0.0,4094.9787930393018
3,base+bias,2026-07-13,0.0,2697.349734721679
3,base+bias,2026-07-14,0.0,13380.279374837719
3,base+bias,2026-07-15,0.0,3163.563287712531
3,base+bias,2026-07-16,2547.386090313617,4905.445745110364
3,base+bias,2026-07-17,0.0,2795.5150909469285
3,base+bias,2026-07-18,0.0,3001.5747613653903
3,base+bias,2026-07-19,0.0,5747.778622285462
3,base+bias,2026-07-20,0.0,3530.567280096865
3,base+bias,2026-07-21,0.0,3135.4728036748984
3,rainfeat,2026-06-22,35020.78540226009,39569.00539861985
3,rainfeat,2026-06-23,31864.99551244184,39638.69163680865
3,rainfeat,2026-06-24,24497.17494178787,35422.50065796247
3,rainfeat,2026-06-25,21684.38265192751,26567.704647578237
3,rainfeat,2026-06-26,16173.40765637152,24950.01182105632
3,rainfeat,2026-06-27,24563.31828446738,18261.446330307786
3,rainfeat,2026-06-28,26743.39728476141,20580.727610606362
3,rainfeat,2026-06-29,4118.680690423142,17019.261347028045
3,rainfeat,2026-06-30,3424.85477286065,25548.95596691439
3,rainfeat,2026-07-01,0.0,33245.642162624266
3,rainfeat,2026-07-02,0.0,8527.062228795598
3,rainfeat,2026-07-03,0.0,5104.185695710695
3,rainfeat,2026-07-04,0.0,8340.72378466505
3,rainfeat,2026-07-05,0.0,8766.925446925097
3,rainfeat,2026-07-06,0.0,4694.785832439171
3,rainfeat,2026-07-07,0.0,5946.164878456517
3,rainfeat,2026-07-08,8.358452526200495,5569.548959310906
3,rainfeat,2026-07-09,1548.477362288514,6726.041366237446
3,rainfeat,2026-07-10,0.0,2023.1416084338016
3,rainfeat,2026-07-11,12175.06558400085,749.495196906753
3,rainfeat,2026-07-12,0.0,2679.0408798747553
3,rainfeat,2026-07-13,0.0,1053.1889124876539
3,rainfeat,2026-07-14,0.0,11310.11846662791
3,rainfeat,2026-07-15,0.0,1915.3563265105804
3,rainfeat,2026-07-16,2547.386090313617,1661.230697655708
3,rainfeat,2026-07-17,0.0,803.0087657129293
3,rainfeat,2026-07-18,0.0,591.6246420203211
3,rainfeat,2026-07-19,0.0,4939.953063241641
3,rainfeat,2026-07-20,0.0,3051.600190694716
3,rainfeat,2026-07-21,0.0,2612.728647630016
3,rainfeat+bias,2026-06-22,35020.78540226009,42224.81466389565
3,rainfeat+bias,2026-06-23,31864.99551244184,42294.50090208446
3,rainfeat+bias,2026-06-24,24497.17494178787,38078.309923238274
3,rainfeat+bias,2026-06-25,21684.38265192751,29223.513912854043
3,rainfeat+bias,2026-06-26,16173.40765637152,27605.821086332126
3,rainfeat+bias,2026-06-27,24563.31828446738,20917.255595583592
3,rainfeat+bias,2026-06-28,26743.39728476141,23236.536875882168
3,rainfeat+bias,2026-06-29,4118.680690423142,19675.07061230385
3,rainfeat+bias,2026-06-30,3424.85477286065,28204.765232190195
3,rainfeat+bias,2026-07-01,0.0,35901.45142790007
3,rainfeat+bias,2026-07-02,0.0,11182.871494071404
3,rainfeat+bias,2026-07-03,0.0,7759.9949609865
3,rainfeat+bias,2026-07-04,0.0,10996.533049940856
3,rainfeat+bias,2026-07-05,0.0,11422.734712200903
3,rainfeat+bias,2026-07-06,0.0,7350.595097714977
3,rainfeat+bias,2026-07-07,0.0,8601.974143732323
3,rainfeat+bias,2026-07-08,8.358452526200495,8225.358224586711
3,rainfeat+bias,2026-07-09,1548.477362288514,9381.85063151325
3,rainfeat+bias,2026-07-10,0.0,4678.950873709608
3,rainfeat+bias,2026-07-11,12175.06558400085,3405.3044621825584
3,rainfeat+bias,2026-07-12,0.0,5334.850145150561
3,rainfeat+bias,2026-07-13,0.0,3708.9981777634594
3,rainfeat+bias,2026-07-14,0.0,13965.927731903716
3,rainfeat+bias,2026-07-15,0.0,4571.165591786386
3,rainfeat+bias,2026-07-16,2547.386090313617,4317.039962931513
3,rainfeat+bias,2026-07-17,0.0,3458.818030988735
3,rainfeat+bias,2026-07-18,0.0,3247.4339072961266
3,rainfeat+bias,2026-07-19,0.0,7595.762328517447
3,rainfeat+bias,2026-07-20,0.0,5707.409455970521
3,rainfeat+bias,2026-07-21,0.0,5268.537912905822
4,base,2025-11-24,209827.3783454106,257267.45773230024
4,base,2025-11-25,192118.5984848536,225744.00750486337
4,base,2025-11-26,181762.4168316232,190640.37747843866
4,base,2025-11-27,170801.8414968055,175524.14069328614
4,base,2025-11-28,168695.2513560315,159978.7484495414
4,base,2025-11-29,162280.3512820562,143072.49263100862
4,base,2025-11-30,150695.9364096984,135434.09210277762
4,base,2025-12-01,146155.8711909035,128142.07123622624
4,base,2025-12-02,142112.1251674911,127192.52372668931
4,base,2025-12-03,128336.1512244437,121015.14951257163
4,base,2025-12-04,123172.8626200811,108912.07572905658
4,base,2025-12-05,118333.622935685,106368.18418026553
4,base,2025-12-06,105974.2258759667,105851.05558628961
4,base,2025-12-07,100182.1597185699,95460.04732340589
4,base,2025-12-08,105777.9168306079,91453.80135028032
4,base,2025-12-09,95674.64344875758,88557.36487712519
4,base,2025-12-10,102286.8081684614,76779.61271639663
4,base,2025-12-11,98510.33062773151,74893.64421563035
4,base,2025-12-12,91571.26234193222,84710.62779256146
4,base,2025-12-13,89250.45186240789,73194.22060963334
4,base,2025-12-14,86114.73632646514,81219.51913041496
4,base,2025-12-15,75862.80524445037,77315.65246654648
4,base,2025-12-16,72806.88785966646,70524.3335136378
4,base,2025-12-17,67326.7436279514,68896.18237044029
4,base,2025-12-18,69477.14912641923,65760.46683449754
4,base,2025-12-19,59737.54393713534,58158.60071603423
4,base,2025-12-20,61014.29057677041,56691.487769416584
4,base,2025-12-21,58606.43323292737,52916.04963873602
4,base,2025-12-22,60641.28989477052,55889.77680889887
4,base,2025-12-23,58575.915307928,46149.711776965785
4,base+bias,2025-11-24,209827.3783454106,257267.45773230024
4,base+bias,2025-11-25,192118.5984848536,225744.00750486337
4,base+bias,2025-11-26,181762.4168316232,190640.37747843866
4,base+bias,2025-11-27,170801.8414968055,175524.14069328614
4,base+bias,2025-11-28,168695.2513560315,159978.7484495414
4,base+bias,2025-11-29,162280.3512820562,143072.49263100862
4,base+bias,2025-11-30,150695.9364096984,135434.09210277762
4,base+bias,2025-12-01,146155.8711909035,128142.07123622624
4,base+bias,2025-12-02,142112.1251674911,127192.52372668931
4,base+bias,2025-12-03,128336.1512244437,121015.14951257163
4,base+bias,2025-12-04,123172.8626200811,108912.07572905658
4,base+bias,2025-12-05,118333.622935685,106368.18418026553
4,base+bias,2025-12-06,105974.2258759667,105851.05558628961
4,base+bias,2025-12-07,100182.1597185699,95460.04732340589
4,base+bias,2025-12-08,105777.9168306079,91453.80135028032
4,base+bias,2025-12-09,95674.64344875758,88557.36487712519
4,base+bias,2025-12-10,102286.8081684614,76779.61271639663
4,base+bias,2025-12-11,98510.33062773151,74893.64421563035
4,base+bias,2025-12-12,91571.26234193222,84710.62779256146
4,base+bias,2025-12-13,89250.45186240789,73194.22060963334
4,base+bias,2025-12-14,86114.73632646514,81219.51913041496
4,base+bias,2025-12-15,75862.80524445037,77315.65246654648
4,base+bias,2025-12-16,72806.88785966646,70524.3335136378
4,base+bias,2025-12-17,67326.7436279514,68896.18237044029
4,base+bias,2025-12-18,69477.14912641923,65760.46683449754
4,base+bias,2025-12-19,59737.54393713534,58158.60071603423
4,base+bias,2025-12-20,61014.29057677041,56691.487769416584
4,base+bias,2025-12-21,58606.43323292737,52916.04963873602
4,base+bias,2025-12-22,60641.28989477052,55889.77680889887
4,base+bias,2025-12-23,58575.915307928,46149.711776965785
4,base,2025-12-24,52735.22662610265,55508.51267631337
4,base,2025-12-25,45221.99825716334,53409.81128594195
4,base,2025-12-26,44408.05284441299,55444.6679477851
4,base,2025-12-27,40484.07026904635,54055.78127301248
4,base,2025-12-28,37856.28804302291,47538.604679117234
4,base,2025-12-29,42454.87035829797,41476.01532630179
4,base,2025-12-30,40621.68780879292,40710.198391644415
4,base,2025-12-31,38841.39655611992,37230.0614227182
4,base,2026-01-01,35062.85962274358,34777.68890296366
4,base,2026-01-02,28196.25966596511,39859.472435413896
4,base,2026-01-03,24052.600328715,37899.00865773292
4,base,2026-01-04,0.0,35886.665268952835
4,base,2026-01-05,1005.554128209214,32515.590177952472
4,base,2026-01-06,4547.181981030939,25976.113511741118
4,base,2026-01-07,2501.206056063745,21983.667228821425
4,base,2026-01-08,7038.238120057628,0.0
4,base,2026-01-09,5146.520075025873,2408.315743398541
4,base,2026-01-10,6795.481323221639,4580.5622610126375
4,base,2026-01-11,7522.553062727141,2823.986520224768
4,base,2026-01-12,9082.504002172822,6474.085069980623
4,base,2026-01-13,9641.718665012206,4845.108813448641
4,base,2026-01-14,7931.427796269722,6461.8629976775355
4,base,2026-01-15,6951.298485920801,7097.3887362500445
4,base,2026-01-16,6802.897787536684,8626.795508749177
4,base,2026-01-17,6430.379010740346,9184.882532799431
4,base,2026-01-18,4754.223042374496,7525.80998842022
4,base,2026-01-19,5013.879969758142,7010.287725589132
4,base,2026-01-20,5224.655702852328,6461.395815654339
4,base,2026-01-21,5864.683898932829,6096.760685196242
4,base,2026-01-22,6994.802601928017,4529.058057370861
4,base+bias,2025-12-24,52735.22662610265,60507.530172315564
4,base+bias,2025-12-25,45221.99825716334,58408.82878194415
4,base+bias,2025-12-26,44408.05284441299,60443.6854437873
4,base+bias,2025-12-27,40484.07026904635,59054.79876901468
4,base+bias,2025-12-28,37856.28804302291,52537.62217511943
4,base+bias,2025-12-29,42454.87035829797,46475.03282230399
4,base+bias,2025-12-30,40621.68780879292,45709.21588764661
4,base+bias,2025-12-31,38841.39655611992,42229.0789187204
4,base+bias,2026-01-01,35062.85962274358,39776.706398965856
4,base+bias,2026-01-02,28196.25966596511,44858.489931416094
4,base+bias,2026-01-03,24052.600328715,42898.02615373512
4,base+bias,2026-01-04,0.0,40885.68276495503
4,base+bias,2026-01-05,1005.554128209214,37514.60767395467
4,base+bias,2026-01-06,4547.181981030939,30975.131007743315
4,base+bias,2026-01-07,2501.206056063745,26982.684724823623
4,base+bias,2026-01-08,7038.238120057628,4999.0174960022
4,base+bias,2026-01-09,5146.520075025873,7407.333239400741
4,base+bias,2026-01-10,6795.481323221639,9579.579757014837
4,base+bias,2026-01-11,7522.553062727141,7823.004016226967
4,base+bias,2026-01-12,9082.504002172822,11473.102565982823
4,base+bias,2026-01-13,9641.718665012206,9844.12630945084
4,base+bias,2026-01-14,7931.427796269722,11460.880493679735
4,base+bias,2026-01-15,6951.298485920801,12096.406232252244
4,base+bias,2026-01-16,6802.897787536684,13625.813004751377
4,base+bias,2026-01-17,6430.379010740346,14183.90002880163
4,base+bias,2026-01-18,4754.223042374496,12524.82748442242
4,base+bias,2026-01-19,5013.879969758142,12009.30522159133
4,base+bias,2026-01-20,5224.655702852328,11460.413311656539
4,base+bias,2026-01-21,5864.683898932829,11095.778181198442
4,base+bias,2026-01-22,6994.802601928017,9528.07555337306
4,base,2026-01-23,11476.10062633418,7446.942637329994
4,base,2026-01-24,5676.608802087474,7489.5207926224875
4,base,2026-01-25,11838.21534079677,8079.090033495889
4,base,2026-01-26,6614.983560953315,9173.52642321317
4,base,2026-01-27,8220.106059791846,10346.132864512228
4,base,2026-01-28,8037.136958042139,7594.884187186719
4,base,2026-01-29,7249.710052871193,11031.341634878738
4,base,2026-01-30,0.0,8562.690029293353
4,base,2026-01-31,0.0,7856.058695419587
4,base,2026-02-01,1167.570968068156,7352.026412991677
4,base,2026-02-02,1167.570968068156,9297.93428138613
4,base,2026-02-03,1167.570968068156,0.0
4,base,2026-02-04,4170.535081053606,65.70717054357328
4,base,2026-02-05,4172.782660970314,4228.094735184726
4,base,2026-02-06,1168.765625470164,4228.094735184726
4,base,2026-02-07,1168.765625470164,4228.094735184726
4,base,2026-02-08,4174.822262577526,6995.611055024312
4,base,2026-02-09,0.0,7043.651873015396
4,base,2026-02-10,1167.570968068156,4006.945464771775
4,base,2026-02-11,1167.570968068156,3961.1522266974
4,base,2026-02-12,1167.570968068156,6832.099459172153
4,base,2026-02-13,1167.570968068156,66.53076544813757
4,base,2026-02-14,1167.570968068156,4228.094735184726
4,base,2026-02-15,1167.570968068156,4228.094735184726
4,base,2026-02-16,1167.570968068156,4228.094735184726
4,base,2026-02-17,0.0,4228.094735184726
4,base,2026-02-18,3147.926173739526,4228.094735184726
4,base,2026-02-19,0.0,4228.094735184726
4,base,2026-02-20,4168.485571068196,4228.094735184726
4,base,2026-02-21,1167.570968068156,3239.840383999981
4,base+bias,2026-01-23,11476.10062633418,7292.890659464965
4,base+bias,2026-01-24,5676.608802087474,7335.468814757459
4,base+bias,2026-01-25,11838.21534079677,7925.03805563086
4,base+bias,2026-01-26,6614.983560953315,9019.474445348142
4,base+bias,2026-01-27,8220.106059791846,10192.0808866472
4,base+bias,2026-01-28,8037.136958042139,7440.83220932169
4,base+bias,2026-01-29,7249.710052871193,10877.289657013709
4,base+bias,2026-01-30,0.0,8408.638051428325
4,base+bias,2026-01-31,0.0,7702.006717554558
4,base+bias,2026-02-01,1167.570968068156,7197.974435126648
4,base+bias,2026-02-02,1167.570968068156,9143.8823035211
4,base+bias,2026-02-03,1167.570968068156,0.0
4,base+bias,2026-02-04,4170.535081053606,0.0
4,base+bias,2026-02-05,4172.782660970314,4074.0427573196976
4,base+bias,2026-02-06,1168.765625470164,4074.0427573196976
4,base+bias,2026-02-07,1168.765625470164,4074.0427573196976
4,base+bias,2026-02-08,4174.822262577526,6841.559077159283
4,base+bias,2026-02-09,0.0,6889.599895150367
4,base+bias,2026-02-10,1167.570968068156,3852.893486906746
4,base+bias,2026-02-11,1167.570968068156,3807.100248832371
4,base+bias,2026-02-12,1167.570968068156,6678.047481307124
4,base+bias,2026-02-13,1167.570968068156,0.0
4,base+bias,2026-02-14,1167.570968068156,4074.0427573196976
4,base+bias,2026-02-15,1167.570968068156,4074.0427573196976
4,base+bias,2026-02-16,1167.570968068156,4074.0427573196976
4,base+bias,2026-02-17,0.0,4074.0427573196976
4,base+bias,2026-02-18,3147.926173739526,4074.0427573196976
4,base+bias,2026-02-19,0.0,4074.0427573196976
4,base+bias,2026-02-20,4168.485571068196,4074.0427573196976
4,base+bias,2026-02-21,1167.570968068156,3085.7884061349523
4,base,2026-02-22,1167.570968068156,3537.28700548565
4,base,2026-02-23,1167.570968068156,501.8742315902218
4,base,2026-02-24,1167.570968068156,4553.517753454017
4,base,2026-02-25,1232.360327093139,1269.1954838196855
4,base,2026-02-26,1232.360327093139,1269.1197033064475
4,base,2026-02-27,0.0,1176.0487325645192
4,base,2026-02-28,7232.699243493119,1176.0487325645192
4,base,2026-03-01,0.0,1240.8380915895023
4,base,2026-03-02,4231.157917663651,1240.8380915895023
4,base,2026-03-03,10240.97433716826,134.1864877690041
4,base,2026-03-04,0.0,7098.113525853586
4,base,2026-03-05,7240.005734046325,138.50542154193863
4,base,2026-03-06,0.0,4299.1021832794
4,base,2026-03-07,0.0,10007.709655774866
4,base,2026-03-08,0.0,0.0
4,base,2026-03-09,4588.915562032591,7103.80612862275
4,base,2026-03-10,1051.725638716127,0.0
4,base,2026-03-11,1171.730949081183,597.429331561485
4,base,2026-03-12,1231.733604263711,603.903869887672
4,base,2026-03-13,1591.827078183679,6152.013554402862
4,base,2026-03-14,3694.787865385309,1754.6452614712507
4,base,2026-03-15,29442.79622979818,1874.574791323069
4,base,2026-03-16,3141.663118533274,1689.8641335389623
4,base,2026-03-17,15588.06166423388,2858.9821416474106
4,base,2026-03-18,0.0,4300.894685788942
4,base,2026-03-19,0.0,26848.68503881696
4,base,2026-03-20,7447.294367083702,1409.626057401169
4,base,2026-03-21,0.0,12911.750533617793
4,base,2026-03-22,1300.310608590011,610.3994729519145
4,base,2026-03-23,0.0,480.9185255006778
4,base+bias,2026-02-22,1167.570968068156,2605.75892365481
4,base+bias,2026-02-23,1167.570968068156,0.0
4,base+bias,2026-02-24,1167.570968068156,3621.989671623178
4,base+bias,2026-02-25,1232.360327093139,337.667401988846
4,base+bias,2026-02-26,1232.360327093139,337.591621475608
4,base+bias,2026-02-27,0.0,244.52065073367976
4,base+bias,2026-02-28,7232.699243493119,244.52065073367976
4,base+bias,2026-03-01,0.0,309.3100097586628
4,base+bias,2026-03-02,4231.157917663651,309.3100097586628
4,base+bias,2026-03-03,10240.97433716826,0.0
4,base+bias,2026-03-04,0.0,6166.585444022747
4,base+bias,2026-03-05,7240.005734046325,0.0
4,base+bias,2026-03-06,0.0,3367.574101448561
4,base+bias,2026-03-07,0.0,9076.181573944026
4,base+bias,2026-03-08,0.0,0.0
4,base+bias,2026-03-09,4588.915562032591,6172.278046791911
4,base+bias,2026-03-10,1051.725638716127,0.0
4,base+bias,2026-03-11,1171.730949081183,0.0
4,base+bias,2026-03-12,1231.733604263711,0.0
4,base+bias,2026-03-13,1591.827078183679,5220.485472572022
4,base+bias,2026-03-14,3694.787865385309,823.1171796404112
4,base+bias,2026-03-15,29442.79622979818,943.0467094922294
4,base+bias,2026-03-16,3141.663118533274,758.3360517081228
4,base+bias,2026-03-17,15588.06166423388,1927.454059816571
4,base+bias,2026-03-18,0.0,3369.366603958103
4,base+bias,2026-03-19,0.0,25917.15695698612
4,base+bias,2026-03-20,7447.294367083702,478.0979755703295
4,base+bias,2026-03-21,0.0,11980.222451786953
4,base+bias,2026-03-22,1300.310608590011,0.0
4,base+bias,2026-03-23,0.0,0.0
4,base,2026-03-24,0.0,6871.425146998849
4,base,2026-03-25,0.0,0.0
4,base,2026-03-26,0.0,1353.1668080556922
4,base,2026-03-27,1216.506094919201,52.85619946568113
4,base,2026-03-28,1357.9623387935,313.54077589181134
4,base,2026-03-29,0.0,612.6962642526964
4,base,2026-03-30,19185.66181159556,648.9622525246737
4,base,2026-03-31,0.0,1633.0744871911968
4,base,2026-04-01,0.0,1754.76719404359
4,base,2026-04-02,1357.1851159841,363.3493476534527
4,base,2026-04-03,4320.271751993509,19100.537045559293
4,base,2026-04-04,0.0,0.0
4,base,2026-04-05,0.0,940.7502275715487
4,base,2026-04-06,0.0,1720.5344636375528
4,base,2026-04-07,0.0,4641.180827102351
4,base,2026-04-08,0.0,585.3365052482636
4,base,2026-04-09,0.0,631.235944383458
4,base,2026-04-10,0.0,585.3365052482636
4,base,2026-04-11,0.0,581.890342611176
4,base,2026-04-12,0.0,627.6805962236231
4,base,2026-04-13,0.0,672.1414954997363
4,base,2026-04-14,0.0,477.70469796264933
4,base,2026-04-15,0.0,700.9570540604791
4,base,2026-04-16,7142.04282863685,965.089044835122
4,base,2026-04-17,0.0,1094.8420213885584
4,base,2026-04-18,1330.35764373476,1062.9848313574194
4,base,2026-04-19,0.0,1061.1429364321384
4,base,2026-04-20,0.0,7637.207431726051
4,base,2026-04-21,0.0,1053.4051440807352
4,base,2026-04-22,4175.652946526906,2035.3470156068126
4,base+bias,2026-03-24,0.0,6158.806076041953
4,base+bias,2026-03-25,0.0,0.0
4,base+bias,2026-03-26,0.0,640.5477370987956
4,base+bias,2026-03-27,1216.506094919201,0.0
4,base+bias,2026-03-28,1357.9623387935,0.0
4,base+bias,2026-03-29,0.0,0.0
4,base+bias,2026-03-30,19185.66181159556,0.0
4,base+bias,2026-03-31,0.0,920.4554162343002
4,base+bias,2026-04-01,0.0,1042.1481230866934
4,base+bias,2026-04-02,1357.1851159841,0.0
4,base+bias,2026-04-03,4320.271751993509,18387.917974602395
4,base+bias,2026-04-04,0.0,0.0
4,base+bias,2026-04-05,0.0,228.13115661465213
4,base+bias,2026-04-06,0.0,1007.9153926806562
4,base+bias,2026-04-07,0.0,3928.5617561454546
4,base+bias,2026-04-08,0.0,0.0
4,base+bias,2026-04-09,0.0,0.0
4,base+bias,2026-04-10,0.0,0.0
4,base+bias,2026-04-11,0.0,0.0
4,base+bias,2026-04-12,0.0,0.0
4,base+bias,2026-04-13,0.0,0.0
4,base+bias,2026-04-14,0.0,0.0
4,base+bias,2026-04-15,0.0,0.0
4,base+bias,2026-04-16,7142.04282863685,252.46997387822535
4,base+bias,2026-04-17,0.0,382.22295043166173
4,base+bias,2026-04-18,1330.35764373476,350.36576040052273
4,base+bias,2026-04-19,0.0,348.5238654752418
4,base+bias,2026-04-20,0.0,6924.588360769155
4,base+bias,2026-04-21,0.0,340.7860731238386
4,base+bias,2026-04-22,4175.652946526906,1322.727944649916
4,base,2026-04-23,0.0,528.1054579932179
4,base,2026-04-24,7134.507354545481,528.1054579932179
4,base,2026-04-25,1329.99703624549,2289.9099806987742
4,base,2026-04-26,0.0,4904.492041133738
4,base,2026-04-27,0.0,867.3589589957437
4,base,2026-04-28,4156.934105248899,8730.230544358878
4,base,2026-04-29,0.0,2078.4136953616103
4,base,2026-04-30,0.0,782.8516827907006
4,base,2026-05-01,0.0,612.0301533093852
4,base,2026-05-02,0.0,4765.171265742719
4,base,2026-05-03,3575.559741841224,913.4893596482984
4,base,2026-05-04,8337.097621055189,522.0621418262253
4,base,2026-05-05,7067.388500442302,3222.200268076813
4,base,2026-05-06,3288.46284526218,8869.14288316293
4,base,2026-05-07,609.3285666212043,12225.50093618062
4,base,2026-05-08,327.4079784250729,14920.110620517076
4,base,2026-05-09,64024.57078417507,13676.872323557764
4,base,2026-05-10,29895.40787851404,9842.735089200813
4,base,2026-05-11,9279.572203576883,1871.9698649054264
4,base,2026-05-12,16077.61184919209,1662.3544832186753
4,base,2026-05-13,0.0,67679.82135031579
4,base,2026-05-14,10216.22369505713,18390.38467080398
4,base,2026-05-15,3927.997988633625,731.6149921732595
4,base,2026-05-16,85867.63959680006,14406.586968840144
4,base,2026-05-17,61048.47974927562,3525.023078334001
4,base,2026-05-18,108733.3367135785,16047.018234016028
4,base,2026-05-19,141212.5627369919,10275.656022222709
4,base,2026-05-20,185517.9117316547,93797.92368581145
4,base,2026-05-21,179597.995600109,58110.35649921923
4,base,2026-05-22,193356.5957728531,92955.05803680145
4,base+bias,2026-04-23,0.0,0.0
4,base+bias,2026-04-24,7134.507354545481,0.0
4,base+bias,2026-04-25,1329.99703624549,1588.5247101037337
4,base+bias,2026-04-26,0.0,4203.106770538698
4,base+bias,2026-04-27,0.0,165.97368840070317
4,base+bias,2026-04-28,4156.934105248899,8028.845273763837
4,base+bias,2026-04-29,0.0,1377.0284247665697
4,base+bias,2026-04-30,0.0,81.46641219566004
4,base+bias,2026-05-01,0.0,0.0
4,base+bias,2026-05-02,0.0,4063.7859951476785
4,base+bias,2026-05-03,3575.559741841224,212.1040890532579
4,base+bias,2026-05-04,8337.097621055189,0.0
4,base+bias,2026-05-05,7067.388500442302,2520.8149974817725
4,base+bias,2026-05-06,3288.46284526218,8167.757612567889
4,base+bias,2026-05-07,609.3285666212043,11524.11566558558
4,base+bias,2026-05-08,327.4079784250729,14218.725349922035
4,base+bias,2026-05-09,64024.57078417507,12975.487052962722
4,base+bias,2026-05-10,29895.40787851404,9141.349818605771
4,base+bias,2026-05-11,9279.572203576883,1170.584594310386
4,base+bias,2026-05-12,16077.61184919209,960.9692126236348
4,base+bias,2026-05-13,0.0,66978.43607972075
4,base+bias,2026-05-14,10216.22369505713,17688.999400208937
4,base+bias,2026-05-15,3927.997988633625,30.229721578218914
4,base+bias,2026-05-16,85867.63959680006,13705.201698245102
4,base+bias,2026-05-17,61048.47974927562,2823.637807738961
4,base+bias,2026-05-18,108733.3367135785,15345.632963420987
4,base+bias,2026-05-19,141212.5627369919,9574.270751627668
4,base+bias,2026-05-20,185517.9117316547,93096.5384152164
4,base+bias,2026-05-21,179597.995600109,57408.97122862419
4,base+bias,2026-05-22,193356.5957728531,92253.67276620641
4,base,2026-05-23,349365.1598969635,120006.27301864751
4,base,2026-05-24,433838.0231737584,163082.32274215075
4,base,2026-05-25,507809.2200161263,152621.4320027824
4,base,2026-05-26,602775.1641346975,158772.5786261583
4,base,2026-05-27,553516.0898851521,303230.83732987323
4,base,2026-05-28,449557.2543120539,389993.48219514673
4,base,2026-05-29,240641.9388894092,455436.42540289473
4,base,2026-05-30,216085.9110082715,544907.702633248
4,base,2026-05-31,198275.3925303018,513240.3014363357
4,base,2026-06-01,192990.3100497752,387730.2240397028
4,base,2026-06-02,201843.6206251707,195920.87149346244
4,base,2026-06-03,174582.3631776166,175015.89896176627
4,base,2026-06-04,165844.9237883183,164843.31019099973
4,base,2026-06-05,156694.7359268938,160923.20605454306
4,base,2026-06-06,160301.5900719157,174253.50259673892
4,base,2026-06-07,166649.5271781315,149539.60615896335
4,base,2026-06-08,189788.4728931298,144306.46338154862
4,base,2026-06-09,201768.2313126253,137660.24052897142
4,base,2026-06-10,174580.9152624754,141479.2369831187
4,base,2026-06-11,133852.9901506277,150973.94355288963
4,base,2026-06-12,141713.5315307741,161907.57086461346
4,base,2026-06-13,121801.9629150302,169528.65027172017
4,base,2026-06-14,80097.31022858075,148131.0494275168
4,base,2026-06-15,79432.17603844083,110639.10698464172
4,base,2026-06-16,51854.03477584177,118552.33697519042
4,base,2026-06-17,47047.00811797024,104701.6836032487
4,base,2026-06-18,49498.13353825355,68483.10042420408
4,base,2026-06-19,48315.2033726697,69686.87804831394
4,base,2026-06-20,44125.329575858,41784.64386442839
4,base,2026-06-21,35020.78540226009,39967.43736048798
4,base+bias,2026-05-23,349365.1598969635,123059.84106705658
4,base+bias,2026-05-24,433838.0231737584,166135.89079055982
4,base+bias,2026-05-25,507809.2200161263,155675.00005119148
4,base+bias,2026-05-26,602775.1641346975,161826.14667456737
4,base+bias,2026-05-27,553516.0898851521,306284.4053782823
4,base+bias,2026-05-28,449557.2543120539,393047.0502435558
4,base+bias,2026-05-29,240641.9388894092,458489.9934513038
4,base+bias,2026-05-30,216085.9110082715,547961.270681657
4,base+bias,2026-05-31,198275.3925303018,516293.8694847448
4,base+bias,2026-06-01,192990.3100497752,390783.79208811186
4,base+bias,2026-06-02,201843.6206251707,198974.4395418715
4,base+bias,2026-06-03,174582.3631776166,178069.46701017534
4,base+bias,2026-06-04,165844.9237883183,167896.8782394088
4,base+bias,2026-06-05,156694.7359268938,163976.77410295213
4,base+bias,2026-06-06,160301.5900719157,177307.070645148
4,base+bias,2026-06-07,166649.5271781315,152593.17420737242
4,base+bias,2026-06-08,189788.4728931298,147360.0314299577
4,base+bias,2026-06-09,201768.2313126253,140713.8085773805
4,base+bias,2026-06-10,174580.9152624754,144532.80503152777
4,base+bias,2026-06-11,133852.9901506277,154027.5116012987
4,base+bias,2026-06-12,141713.5315307741,164961.13891302253
4,base+bias,2026-06-13,121801.9629150302,172582.21832012924
4,base+bias,2026-06-14,80097.31022858075,151184.61747592586
4,base+bias,2026-06-15,79432.17603844083,113692.6750330508
4,base+bias,2026-06-16,51854.03477584177,121605.9050235995
4,base+bias,2026-06-17,47047.00811797024,107755.25165165777
4,base+bias,2026-06-18,49498.13353825355,71536.66847261315
4,base+bias,2026-06-19,48315.2033726697,72740.44609672301
4,base+bias,2026-06-20,44125.329575858,44838.21191283746
4,base+bias,2026-06-21,35020.78540226009,43021.00540889705
4,base,2026-06-22,31864.99551244184,42725.13062949398
4,base,2026-06-23,24497.17494178787,41349.097708962654
4,base,2026-06-24,21684.38265192751,37352.32666709843
4,base,2026-06-25,16173.40765637152,28535.250057941084
4,base,2026-06-26,24563.31828446738,26050.96058088022
4,base,2026-06-27,26743.39728476141,19590.197920580245
4,base,2026-06-28,4118.680690423142,17142.71591993194
4,base,2026-06-29,3424.85477286065,11454.488325676637
4,base,2026-06-30,0.0,20405.98698680514
4,base,2026-07-01,0.0,27707.49403588706
4,base,2026-07-02,0.0,2930.4553565211863
4,base,2026-07-03,0.0,3889.8768270109367
4,base,2026-07-04,0.0,3917.22075893708
4,base,2026-07-05,0.0,3428.476543710226
4,base,2026-07-06,0.0,894.7710102980059
4,base,2026-07-07,8.358452526200495,272.7736626655337
4,base,2026-07-08,1548.477362288514,251.47771172571538
4,base,2026-07-09,0.0,279.92361090622853
4,base,2026-07-10,12175.06558400085,292.73205957232585
4,base,2026-07-11,0.0,506.9247501268716
4,base,2026-07-12,0.0,1871.544538770364
4,base,2026-07-13,0.0,357.97034732276506
4,base,2026-07-14,0.0,21776.81119715785
4,base,2026-07-15,2547.386090313617,4470.194657159544
4,base,2026-07-16,0.0,3002.1477013158155
4,base,2026-07-17,0.0,310.88530341728074
4,base,2026-07-18,0.0,332.4910899263223
4,base,2026-07-19,0.0,3082.847652082812
4,base,2026-07-20,0.0,376.75217204458295
4,base+bias,2026-06-22,31864.99551244184,47020.317493010254
4,base+bias,2026-06-23,24497.17494178787,45644.28457247893
4,base+bias,2026-06-24,21684.38265192751,41647.513530614706
4,base+bias,2026-06-25,16173.40765637152,32830.43692145736
4,base+bias,2026-06-26,24563.31828446738,30346.14744439649
4,base+bias,2026-06-27,26743.39728476141,23885.384784096517
4,base+bias,2026-06-28,4118.680690423142,21437.90278344821
4,base+bias,2026-06-29,3424.85477286065,15749.67518919291
4,base+bias,2026-06-30,0.0,24701.173850321415
4,base+bias,2026-07-01,0.0,32002.680899403334
4,base+bias,2026-07-02,0.0,7225.64222003746
4,base+bias,2026-07-03,0.0,8185.06369052721
4,base+bias,2026-07-04,0.0,8212.407622453353
4,base+bias,2026-07-05,0.0,7723.6634072265
4,base+bias,2026-07-06,0.0,5189.957873814279
4,base+bias,2026-07-07,8.358452526200495,4567.960526181807
4,base+bias,2026-07-08,1548.477362288514,4546.664575241989
4,base+bias,2026-07-09,0.0,4575.110474422502
4,base+bias,2026-07-10,12175.06558400085,4587.9189230885995
4,base+bias,2026-07-11,0.0,4802.111613643146
4,base+bias,2026-07-12,0.0,6166.731402286638
4,base+bias,2026-07-13,0.0,4653.157210839039
4,base+bias,2026-07-14,0.0,26071.998060674123
4,base+bias,2026-07-15,2547.386090313617,8765.381520675817
4,base+bias,2026-07-16,0.0,7297.334564832089
4,base+bias,2026-07-17,0.0,4606.072166933554
4,base+bias,2026-07-18,0.0,4627.677953442596
4,base+bias,2026-07-19,0.0,7378.034515599085
4,base+bias,2026-07-20,0.0,4671.939035560857
5,base,2025-11-24,192118.5984848536,307834.0026430264
5,base,2025-11-25,181762.4168316232,270236.5377682525
5,base,2025-11-26,170801.8414968055,238672.91285929014
5,base,2025-11-27,168695.2513560315,214691.59431135375
5,base,2025-11-28,162280.3512820562,198057.9234848736
5,base,2025-11-29,150695.9364096984,180349.1436243166
5,base,2025-11-30,146155.8711909035,169992.96197108622
5,base,2025-12-01,142112.1251674911,160111.75503427288
5,base,2025-12-02,128336.1512244437,158005.1648934989
5,base,2025-12-03,123172.8626200811,151590.26481952358
5,base,2025-12-04,118333.622935685,140005.84994716579
5,base,2025-12-05,105974.2258759667,135465.7847283709
5,base,2025-12-06,100182.1597185699,133761.45227171027
5,base,2025-12-07,105777.9168306079,125222.57349302205
5,base,2025-12-08,95674.64344875758,120059.28488865944
5,base,2025-12-09,102286.8081684614,115220.04520426334
5,base,2025-12-10,98510.33062773151,102860.64814454505
5,base,2025-12-11,91571.26234193222,97068.58198714825
5,base,2025-12-12,89250.45186240789,102664.33909918624
5,base,2025-12-13,86114.73632646514,92561.06571733592
5,base,2025-12-14,75862.80524445037,99173.23043703975
5,base,2025-12-15,72806.88785966646,95396.75289630986
5,base,2025-12-16,67326.7436279514,88457.68461051057
5,base,2025-12-17,69477.14912641923,86136.87413098624
5,base,2025-12-18,59737.54393713534,83001.15859504348
5,base,2025-12-19,61014.29057677041,72749.22751302872
5,base,2025-12-20,58606.43323292737,69693.3101282448
5,base,2025-12-21,60641.28989477052,64213.16589652974
5,base,2025-12-22,58575.915307928,66363.57139499758
5,base,2025-12-23,52735.22662610265,60188.03190550092
5,base+bias,2025-11-24,192118.5984848536,307834.0026430264
5,base+bias,2025-11-25,181762.4168316232,270236.5377682525
5,base+bias,2025-11-26,170801.8414968055,238672.91285929014
5,base+bias,2025-11-27,168695.2513560315,214691.59431135375
5,base+bias,2025-11-28,162280.3512820562,198057.9234848736
5,base+bias,2025-11-29,150695.9364096984,180349.1436243166
5,base+bias,2025-11-30,146155.8711909035,169992.96197108622
5,base+bias,2025-12-01,142112.1251674911,160111.75503427288
5,base+bias,2025-12-02,128336.1512244437,158005.1648934989
5,base+bias,2025-12-03,123172.8626200811,151590.26481952358
5,base+bias,2025-12-04,118333.622935685,140005.84994716579
5,base+bias,2025-12-05,105974.2258759667,135465.7847283709
5,base+bias,2025-12-06,100182.1597185699,133761.45227171027
5,base+bias,2025-12-07,105777.9168306079,125222.57349302205
5,base+bias,2025-12-08,95674.64344875758,120059.28488865944
5,base+bias,2025-12-09,102286.8081684614,115220.04520426334
5,base+bias,2025-12-10,98510.33062773151,102860.64814454505
5,base+bias,2025-12-11,91571.26234193222,97068.58198714825
5,base+bias,2025-12-12,89250.45186240789,102664.33909918624
5,base+bias,2025-12-13,86114.73632646514,92561.06571733592
5,base+bias,2025-12-14,75862.80524445037,99173.23043703975
5,base+bias,2025-12-15,72806.88785966646,95396.75289630986
5,base+bias,2025-12-16,67326.7436279514,88457.68461051057
5,base+bias,2025-12-17,69477.14912641923,86136.87413098624
5,base+bias,2025-12-18,59737.54393713534,83001.15859504348
5,base+bias,2025-12-19,61014.29057677041,72749.22751302872
5,base+bias,2025-12-20,58606.43323292737,69693.3101282448
5,base+bias,2025-12-21,60641.28989477052,64213.16589652974
5,base+bias,2025-12-22,58575.915307928,66363.57139499758
5,base+bias,2025-12-23,52735.22662610265,60188.03190550092
5,base,2025-12-24,45221.99825716334,61665.193640166435
5,base,2025-12-25,44408.05284441299,59698.98275786411
5,base,2025-12-26,40484.07026904635,61733.83941970726
5,base,2025-12-27,37856.28804302291,59893.799538354055
5,base,2025-12-28,42454.87035829797,55219.45534253448
5,base,2025-12-29,40621.68780879292,47931.561679084465
5,base,2025-12-30,38841.39655611992,47117.61626633412
5,base,2025-12-31,35062.85962274358,43054.26112179347
5,base,2026-01-01,28196.25966596511,40290.06999214879
5,base,2026-01-02,24052.600328715,45005.10763448852
5,base,2026-01-03,0.0,43308.33398860471
5,base,2026-01-04,1005.554128209214,41275.1785052458
5,base,2026-01-05,4547.181981030939,37613.09689893413
5,base,2026-01-06,2501.206056063745,30746.49694215566
5,base,2026-01-07,7038.238120057628,26602.83760490555
5,base,2026-01-08,5146.520075025873,3154.886520301723
5,base,2026-01-09,6795.481323221639,4692.377825330106
5,base,2026-01-10,7522.553062727141,8297.936763995589
5,base,2026-01-11,9082.504002172822,6050.7237598340835
5,base,2026-01-12,9641.718665012206,10305.741644656964
5,base,2026-01-13,7931.427796269722,8437.123601306006
5,base,2026-01-14,6951.298485920801,10109.725819603253
5,base,2026-01-15,6802.897787536684,10836.797559108754
5,base,2026-01-16,6430.379010740346,12396.748498554436
5,base,2026-01-17,4754.223042374496,12955.963161393818
5,base,2026-01-18,5013.879969758142,11245.672292651336
5,base,2026-01-19,5224.655702852328,10265.542982302413
5,base,2026-01-20,5864.683898932829,10117.142283918296
5,base,2026-01-21,6994.802601928017,9744.62350712196
5,base,2026-01-22,11476.10062633418,8068.467538756109
5,base+bias,2025-12-24,45221.99825716334,34891.425481353144
5,base+bias,2025-12-25,44408.05284441299,32925.21459905083
5,base+bias,2025-12-26,40484.07026904635,34960.07126089398
5,base+bias,2025-12-27,37856.28804302291,33120.03137954077
5,base+bias,2025-12-28,42454.87035829797,28445.68718372119
5,base+bias,2025-12-29,40621.68780879292,21157.793520271178
5,base+bias,2025-12-30,38841.39655611992,20343.84810752083
5,base+bias,2025-12-31,35062.85962274358,16280.49296298018
5,base+bias,2026-01-01,28196.25966596511,13516.301833335503
5,base+bias,2026-01-02,24052.600328715,18231.339475675235
5,base+bias,2026-01-03,0.0,16534.565829791423
5,base+bias,2026-01-04,1005.554128209214,14501.410346432513
5,base+bias,2026-01-05,4547.181981030939,10839.32874012084
5,base+bias,2026-01-06,2501.206056063745,3972.7287833423725
5,base+bias,2026-01-07,7038.238120057628,0.0
5,base+bias,2026-01-08,5146.520075025873,0.0
5,base+bias,2026-01-09,6795.481323221639,0.0
5,base+bias,2026-01-10,7522.553062727141,0.0
5,base+bias,2026-01-11,9082.504002172822,0.0
5,base+bias,2026-01-12,9641.718665012206,0.0
5,base+bias,2026-01-13,7931.427796269722,0.0
5,base+bias,2026-01-14,6951.298485920801,0.0
5,base+bias,2026-01-15,6802.897787536684,0.0
5,base+bias,2026-01-16,6430.379010740346,0.0
5,base+bias,2026-01-17,4754.223042374496,0.0
5,base+bias,2026-01-18,5013.879969758142,0.0
5,base+bias,2026-01-19,5224.655702852328,0.0
5,base+bias,2026-01-20,5864.683898932829,0.0
5,base+bias,2026-01-21,6994.802601928017,0.0
5,base+bias,2026-01-22,11476.10062633418,0.0
5,base,2026-01-23,5676.608802087474,4475.340987391714
5,base,2026-01-24,11838.21534079677,4686.116720485901
5,base,2026-01-25,6614.983560953315,5326.144916566402
5,base,2026-01-26,8220.106059791846,6456.26361956159
5,base,2026-01-27,8037.136958042139,10937.561643967754
5,base,2026-01-28,7249.710052871193,5138.069819721047
5,base,2026-01-29,0.0,11299.676358430344
5,base,2026-01-30,0.0,6076.4445785868875
5,base,2026-01-31,1167.570968068156,7681.567077425419
5,base,2026-02-01,1167.570968068156,7498.5979756757115
5,base,2026-02-02,1167.570968068156,6711.171070504765
5,base,2026-02-03,4170.535081053606,0.0
5,base,2026-02-04,4172.782660970314,0.0
5,base,2026-02-05,1168.765625470164,591.1355094777139
5,base,2026-02-06,1168.765625470164,591.1355094777139
5,base,2026-02-07,4174.822262577526,591.1355094777139
5,base,2026-02-08,0.0,3594.0996224631635
5,base,2026-02-09,1167.570968068156,3596.347202379872
5,base,2026-02-10,1167.570968068156,592.3301668797219
5,base,2026-02-11,1167.570968068156,592.3301668797219
5,base,2026-02-12,1167.570968068156,3598.386803987084
5,base,2026-02-13,1167.570968068156,0.0
5,base,2026-02-14,1167.570968068156,591.1355094777139
5,base,2026-02-15,1167.570968068156,591.1355094777139
5,base,2026-02-16,0.0,591.1355094777139
5,base,2026-02-17,3147.926173739526,591.1355094777139
5,base,2026-02-18,0.0,591.1355094777139
5,base,2026-02-19,4168.485571068196,591.1355094777139
5,base,2026-02-20,1167.570968068156,591.1355094777139
5,base,2026-02-21,1167.570968068156,0.0
5,base+bias,2026-01-23,5676.608802087474,0.0
5,base+bias,2026-01-24,11838.21534079677,0.0
5,base+bias,2026-01-25,6614.983560953315,0.0
5,base+bias,2026-01-26,8220.106059791846,0.0
5,base+bias,2026-01-27,8037.136958042139,0.0
5,base+bias,2026-01-28,7249.710052871193,0.0
5,base+bias,2026-01-29,0.0,0.0
5,base+bias,2026-01-30,0.0,0.0
5,base+bias,2026-01-31,1167.570968068156,0.0
5,base+bias,2026-02-01,1167.570968068156,0.0
5,base+bias,2026-02-02,1167.570968068156,0.0
5,base+bias,2026-02-03,4170.535081053606,0.0
5,base+bias,2026-02-04,4172.782660970314,0.0
5,base+bias,2026-02-05,1168.765625470164,0.0
5,base+bias,2026-02-06,1168.765625470164,0.0
5,base+bias,2026-02-07,4174.822262577526,0.0
5,base+bias,2026-02-08,0.0,0.0
5,base+bias,2026-02-09,1167.570968068156,0.0
5,base+bias,2026-02-10,1167.570968068156,0.0
5,base+bias,2026-02-11,1167.570968068156,0.0
5,base+bias,2026-02-12,1167.570968068156,0.0
5,base+bias,2026-02-13,1167.570968068156,0.0
5,base+bias,2026-02-14,1167.570968068156,0.0
5,base+bias,2026-02-15,1167.570968068156,0.0
5,base+bias,2026-02-16,0.0,0.0
5,base+bias,2026-02-17,3147.926173739526,0.0
5,base+bias,2026-02-18,0.0,0.0
5,base+bias,2026-02-19,4168.485571068196,0.0
5,base+bias,2026-02-20,1167.570968068156,0.0
5,base+bias,2026-02-21,1167.570968068156,0.0
5,base,2026-02-22,1167.570968068156,3470.746621791664
5,base,2026-02-23,1167.570968068156,335.5375045699584
5,base,2026-02-24,1232.360327093139,4430.323906341121
5,base,2026-02-25,1232.360327093139,1265.9002464720108
5,base,2026-02-26,0.0,1265.9002464720108
5,base,2026-02-27,7232.699243493119,1265.9002464720108
5,base,2026-02-28,0.0,1265.9002464720108
5,base,2026-03-01,4231.157917663651,1330.6896054969939
5,base,2026-03-02,10240.97433716826,1330.6896054969939
5,base,2026-03-03,0.0,135.33119926498875
5,base,2026-03-04,7240.005734046325,7331.028521896974
5,base,2026-03-05,0.0,135.33119926498875
5,base,2026-03-06,0.0,4403.186365364539
5,base,2026-03-07,0.0,10339.303615572115
5,base,2026-03-08,4588.915562032591,61.63202996795553
5,base,2026-03-09,1051.725638716127,7338.33501245018
5,base,2026-03-10,1171.730949081183,61.63202996795553
5,base,2026-03-11,1231.733604263711,359.82236891327193
5,base,2026-03-12,1591.827078183679,469.5654288003079
5,base,2026-03-13,3694.787865385309,5272.129270263564
5,base,2026-03-14,29442.79622979818,1803.8598749734756
5,base,2026-03-15,3141.663118533274,1862.8830725593189
5,base,2026-03-16,15588.06166423388,1688.280311695473
5,base,2026-03-17,0.0,2310.677073741933
5,base,2026-03-18,0.0,4374.113864053135
5,base,2026-03-19,7447.294367083702,24425.16192830755
5,base,2026-03-20,0.0,0.0
5,base,2026-03-21,1300.310608590011,11669.75810623806
5,base,2026-03-22,0.0,221.435760991415
5,base,2026-03-23,0.0,174.18582763861377
5,base+bias,2026-02-22,1167.570968068156,0.0
5,base+bias,2026-02-23,1167.570968068156,0.0
5,base+bias,2026-02-24,1232.360327093139,0.0
5,base+bias,2026-02-25,1232.360327093139,0.0
5,base+bias,2026-02-26,0.0,0.0
5,base+bias,2026-02-27,7232.699243493119,0.0
5,base+bias,2026-02-28,0.0,0.0
5,base+bias,2026-03-01,4231.157917663651,0.0
5,base+bias,2026-03-02,10240.97433716826,0.0
5,base+bias,2026-03-03,0.0,0.0
5,base+bias,2026-03-04,7240.005734046325,0.0
5,base+bias,2026-03-05,0.0,0.0
5,base+bias,2026-03-06,0.0,0.0
5,base+bias,2026-03-07,0.0,0.0
5,base+bias,2026-03-08,4588.915562032591,0.0
5,base+bias,2026-03-09,1051.725638716127,0.0
5,base+bias,2026-03-10,1171.730949081183,0.0
5,base+bias,2026-03-11,1231.733604263711,0.0
5,base+bias,2026-03-12,1591.827078183679,0.0
5,base+bias,2026-03-13,3694.787865385309,0.0
5,base+bias,2026-03-14,29442.79622979818,0.0
5,base+bias,2026-03-15,3141.663118533274,0.0
5,base+bias,2026-03-16,15588.06166423388,0.0
5,base+bias,2026-03-17,0.0,0.0
5,base+bias,2026-03-18,0.0,0.0
5,base+bias,2026-03-19,7447.294367083702,11608.7722816511
5,base+bias,2026-03-20,0.0,0.0
5,base+bias,2026-03-21,1300.310608590011,0.0
5,base+bias,2026-03-22,0.0,0.0
5,base+bias,2026-03-23,0.0,0.0
5,base,2026-03-24,0.0,7319.8705995371
5,base,2026-03-25,0.0,0.0
5,base,2026-03-26,1216.506094919201,1254.857132293311
5,base,2026-03-27,1357.9623387935,53.71145579704216
5,base,2026-03-28,0.0,92.89236773171024
5,base,2026-03-29,19185.66181159556,154.3502495171474
5,base,2026-03-30,0.0,154.3502495171474
5,base,2026-03-31,0.0,1331.6754325016802
5,base,2026-04-01,1357.1851159841,1473.1316763759794
5,base,2026-04-02,4320.271751993509,115.16933758247933
5,base,2026-04-03,0.0,18702.642433725094
5,base,2026-04-04,0.0,138.30657332548935
5,base,2026-04-05,0.0,195.53607735315154
5,base,2026-04-06,0.0,1472.3544535665794
5,base,2026-04-07,0.0,4435.441089575988
5,base,2026-04-08,0.0,163.2350006464053
5,base,2026-04-09,0.0,200.64654022419154
5,base,2026-04-10,0.0,200.64654022419154
5,base,2026-04-11,0.0,231.164068025681
5,base,2026-04-12,0.0,271.47833242864
5,base,2026-04-13,0.0,271.47833242864
5,base,2026-04-14,0.0,232.2974204939719
5,base,2026-04-15,7142.04282863685,232.2974204939719
5,base,2026-04-16,0.0,271.47833242864
5,base,2026-04-17,1330.35764373476,271.47833242864
5,base,2026-04-18,0.0,232.2974204939719
5,base,2026-04-19,0.0,232.2974204939719
5,base,2026-04-20,0.0,7303.844691419618
5,base,2026-04-21,4175.652946526906,241.1821716232298
5,base,2026-04-22,0.0,1562.6550642287318
5,base+bias,2026-03-24,0.0,0.0
5,base+bias,2026-03-25,0.0,0.0
5,base+bias,2026-03-26,1216.506094919201,0.0
5,base+bias,2026-03-27,1357.9623387935,0.0
5,base+bias,2026-03-28,0.0,0.0
5,base+bias,2026-03-29,19185.66181159556,0.0
5,base+bias,2026-03-30,0.0,0.0
5,base+bias,2026-03-31,0.0,0.0
5,base+bias,2026-04-01,1357.1851159841,0.0
5,base+bias,2026-04-02,4320.271751993509,0.0
5,base+bias,2026-04-03,0.0,9120.319410541799
5,base+bias,2026-04-04,0.0,0.0
5,base+bias,2026-04-05,0.0,0.0
5,base+bias,2026-04-06,0.0,0.0
5,base+bias,2026-04-07,0.0,0.0
5,base+bias,2026-04-08,0.0,0.0
5,base+bias,2026-04-09,0.0,0.0
5,base+bias,2026-04-10,0.0,0.0
5,base+bias,2026-04-11,0.0,0.0
5,base+bias,2026-04-12,0.0,0.0
5,base+bias,2026-04-13,0.0,0.0
5,base+bias,2026-04-14,0.0,0.0
5,base+bias,2026-04-15,7142.04282863685,0.0
5,base+bias,2026-04-16,0.0,0.0
5,base+bias,2026-04-17,1330.35764373476,0.0
5,base+bias,2026-04-18,0.0,0.0
5,base+bias,2026-04-19,0.0,0.0
5,base+bias,2026-04-20,0.0,0.0
5,base+bias,2026-04-21,4175.652946526906,0.0
5,base+bias,2026-04-22,0.0,0.0
5,base,2026-04-23,7134.507354545481,61.79501424671707
5,base,2026-04-24,1329.99703624549,61.79501424671707
5,base,2026-04-25,0.0,891.1137496030669
5,base,2026-04-26,0.0,4896.5319892313555
5,base,2026-04-27,4156.934105248899,851.1402775027045
5,base,2026-04-28,0.0,7615.603080887265
5,base,2026-04-29,0.0,1889.0192157083857
5,base,2026-04-30,0.0,126.78582327786125
5,base,2026-05-01,0.0,126.78582327786125
5,base,2026-05-02,3575.559741841224,4218.729119495616
5,base,2026-05-03,8337.097621055189,192.05624904497154
5,base,2026-05-04,7067.388500442302,61.79501424671707
5,base,2026-05-05,3288.46284526218,2177.181279368516
5,base,2026-05-06,609.3285666212043,2124.4509522236485
5,base,2026-05-07,327.4079784250729,5611.218402642831
5,base,2026-05-08,64024.57078417507,10652.192421409116
5,base,2026-05-09,29895.40787851404,9207.995726739617
5,base,2026-05-10,9279.572203576883,5630.021169582935
5,base,2026-05-11,16077.61184919209,0.0
5,base,2026-05-12,0.0,0.0
5,base,2026-05-13,10216.22369505713,59282.21404448306
5,base,2026-05-14,3927.997988633625,25284.290133342354
5,base,2026-05-15,85867.63959680006,8493.109370378204
5,base,2026-05-16,61048.47974927562,10922.11127771452
5,base,2026-05-17,108733.3367135785,0.0
5,base,2026-05-18,141212.5627369919,11944.17520620309
5,base,2026-05-19,185517.9117316547,5944.211149343864
5,base,2026-05-20,179597.995600109,67290.87419611824
5,base,2026-05-21,193356.5957728531,42601.891964580995
5,base,2026-05-22,349365.1598969635,86028.34105691017
5,base+bias,2026-04-23,7134.507354545481,0.0
5,base+bias,2026-04-24,1329.99703624549,0.0
5,base+bias,2026-04-25,0.0,0.0
5,base+bias,2026-04-26,0.0,0.0
5,base+bias,2026-04-27,4156.934105248899,0.0
5,base+bias,2026-04-28,0.0,0.0
5,base+bias,2026-04-29,0.0,0.0
5,base+bias,2026-04-30,0.0,0.0
5,base+bias,2026-05-01,0.0,0.0
5,base+bias,2026-05-02,3575.559741841224,0.0
5,base+bias,2026-05-03,8337.097621055189,0.0
5,base+bias,2026-05-04,7067.388500442302,0.0
5,base+bias,2026-05-05,3288.46284526218,0.0
5,base+bias,2026-05-06,609.3285666212043,0.0
5,base+bias,2026-05-07,327.4079784250729,0.0
5,base+bias,2026-05-08,64024.57078417507,2928.1531649671615
5,base+bias,2026-05-09,29895.40787851404,1483.9564702976622
5,base+bias,2026-05-10,9279.572203576883,0.0
5,base+bias,2026-05-11,16077.61184919209,0.0
5,base+bias,2026-05-12,0.0,0.0
5,base+bias,2026-05-13,10216.22369505713,51558.174788041106
5,base+bias,2026-05-14,3927.997988633625,17560.250876900398
5,base+bias,2026-05-15,85867.63959680006,769.07011393625
5,base+bias,2026-05-16,61048.47974927562,3198.0720212725664
5,base+bias,2026-05-17,108733.3367135785,0.0
5,base+bias,2026-05-18,141212.5627369919,4220.135949761136
5,base+bias,2026-05-19,185517.9117316547,0.0
5,base+bias,2026-05-20,179597.995600109,59566.834939676286
5,base+bias,2026-05-21,193356.5957728531,34877.85270813904
5,base+bias,2026-05-22,349365.1598969635,78304.30180046821
5,base,2026-05-23,433838.0231737584,97233.64069048205
5,base,2026-05-24,507809.2200161263,139947.1259882436
5,base,2026-05-25,602775.1641346975,131895.95649203818
5,base,2026-05-26,553516.0898851521,134099.75680339566
5,base,2026-05-27,449557.2543120539,269723.5096017186
5,base,2026-05-28,240641.9388894092,368693.11417551263
5,base,2026-05-29,216085.9110082715,427182.74406702723
5,base,2026-05-30,198275.3925303018,530135.3588457595
5,base,2026-05-31,192990.3100497752,480231.23906348116
5,base,2026-06-01,201843.6206251707,368200.14339236106
5,base,2026-06-02,174582.3631776166,173518.3341001704
5,base,2026-06-03,165844.9237883183,158169.16845150315
5,base,2026-06-04,156694.7359268938,139136.6170670548
5,base,2026-06-05,160301.5900719157,137477.5644959071
5,base,2026-06-06,166649.5271781315,146347.30524348468
5,base,2026-06-07,189788.4728931298,134297.8491958877
5,base,2026-06-08,201768.2313126253,132872.55882129527
5,base,2026-06-09,174580.9152624754,125110.27359051984
5,base,2026-06-10,133852.9901506277,115984.23698821619
5,base,2026-06-11,141713.5315307741,130842.50337933085
5,base,2026-06-12,121801.9629150302,132437.64156407485
5,base,2026-06-13,80097.31022858075,141095.37976185756
5,base,2026-06-14,79432.17603844083,127051.17029553067
5,base,2026-06-15,51854.03477584177,101158.63448251862
5,base,2026-06-16,47047.00811797024,96578.06020097465
5,base,2026-06-17,49498.13353825355,90786.01731281857
5,base,2026-06-18,48315.2033726697,55971.6313061617
5,base,2026-06-19,44125.329575858,60584.248367433436
5,base,2026-06-20,35020.78540226009,36214.95573808874
5,base,2026-06-21,31864.99551244184,35317.71326409175
5,base+bias,2026-05-23,433838.0231737584,96906.72087247626
5,base+bias,2026-05-24,507809.2200161263,139620.20617023783
5,base+bias,2026-05-25,602775.1641346975,131569.0366740324
5,base+bias,2026-05-26,553516.0898851521,133772.83698538988
5,base+bias,2026-05-27,449557.2543120539,269396.58978371276
5,base+bias,2026-05-28,240641.9388894092,368366.1943575068
5,base+bias,2026-05-29,216085.9110082715,426855.8242490214
5,base+bias,2026-05-30,198275.3925303018,529808.4390277538
5,base+bias,2026-05-31,192990.3100497752,479904.31924547534
5,base+bias,2026-06-01,201843.6206251707,367873.22357435524
5,base+bias,2026-06-02,174582.3631776166,173191.41428216462
5,base+bias,2026-06-03,165844.9237883183,157842.24863349737
5,base+bias,2026-06-04,156694.7359268938,138809.697249049
5,base+bias,2026-06-05,160301.5900719157,137150.64467790132
5,base+bias,2026-06-06,166649.5271781315,146020.3854254789
5,base+bias,2026-06-07,189788.4728931298,133970.92937788193
5,base+bias,2026-06-08,201768.2313126253,132545.63900328949
5,base+bias,2026-06-09,174580.9152624754,124783.35377251405
5,base+bias,2026-06-10,133852.9901506277,115657.3171702104
5,base+bias,2026-06-11,141713.5315307741,130515.58356132507
5,base+bias,2026-06-12,121801.9629150302,132110.72174606906
5,base+bias,2026-06-13,80097.31022858075,140768.45994385178
5,base+bias,2026-06-14,79432.17603844083,126724.25047752488
5,base+bias,2026-06-15,51854.03477584177,100831.71466451284
5,base+bias,2026-06-16,47047.00811797024,96251.14038296886
5,base+bias,2026-06-17,49498.13353825355,90459.09749481278
5,base+bias,2026-06-18,48315.2033726697,55644.71148815591
5,base+bias,2026-06-19,44125.329575858,60257.32854942765
5,base+bias,2026-06-20,35020.78540226009,35888.035920082955
5,base+bias,2026-06-21,31864.99551244184,34990.79344608596
5,base,2026-06-22,24497.17494178787,37455.97680535834
5,base,2026-06-23,21684.38265192751,36273.04663977449
5,base,2026-06-24,16173.40765637152,32083.172842962787
5,base,2026-06-25,24563.31828446738,23364.569419666164
5,base,2026-06-26,26743.39728476141,20458.641659784098
5,base,2026-06-27,4118.680690423142,14151.6296237251
5,base,2026-06-28,3424.85477286065,12113.19812929134
5,base,2026-06-29,0.0,8852.619134154378
5,base,2026-06-30,0.0,16793.209837021277
5,base,2026-07-01,0.0,18074.36067030156
5,base,2026-07-02,0.0,3954.2267805161355
5,base,2026-07-03,0.0,4339.364326573955
5,base,2026-07-04,0.0,1492.130823949507
5,base,2026-07-05,0.0,1333.9629193509395
5,base,2026-07-06,8.358452526200495,1333.9629193509395
5,base,2026-07-07,1548.477362288514,1059.1485311346978
5,base,2026-07-08,0.0,207.35159117596504
5,base,2026-07-09,12175.06558400085,276.5274728307604
5,base,2026-07-10,0.0,457.7426716827581
5,base,2026-07-11,0.0,660.7230648298815
5,base,2026-07-12,0.0,2137.7715806579945
5,base,2026-07-13,0.0,618.431829259283
5,base,2026-07-14,2547.386090313617,14633.386909262972
5,base,2026-07-15,0.0,2553.7720763696498
5,base,2026-07-16,0.0,2472.7203033529413
5,base,2026-07-17,0.0,2154.2036775060988
5,base,2026-07-18,0.0,491.470329896782
5,base,2026-07-19,0.0,3178.008064197832
5,base+bias,2026-06-22,24497.17494178787,40194.20121205639
5,base+bias,2026-06-23,21684.38265192751,39011.27104647254
5,base+bias,2026-06-24,16173.40765637152,34821.39724966083
5,base+bias,2026-06-25,24563.31828446738,26102.793826364214
5,base+bias,2026-06-26,26743.39728476141,23196.866066482147
5,base+bias,2026-06-27,4118.680690423142,16889.85403042315
5,base+bias,2026-06-28,3424.85477286065,14851.422535989388
5,base+bias,2026-06-29,0.0,11590.843540852426
5,base+bias,2026-06-30,0.0,19531.434243719326
5,base+bias,2026-07-01,0.0,20812.58507699961
5,base+bias,2026-07-02,0.0,6692.451187214183
5,base+bias,2026-07-03,0.0,7077.588733272003
5,base+bias,2026-07-04,0.0,4230.355230647555
5,base+bias,2026-07-05,0.0,4072.1873260489874
5,base+bias,2026-07-06,8.358452526200495,4072.1873260489874
5,base+bias,2026-07-07,1548.477362288514,3797.3729378327457
5,base+bias,2026-07-08,0.0,2945.575997874013
5,base+bias,2026-07-09,12175.06558400085,3014.7518795288083
5,base+bias,2026-07-10,0.0,3195.967078380806
5,base+bias,2026-07-11,0.0,3398.9474715279293
5,base+bias,2026-07-12,0.0,4875.995987356042
5,base+bias,2026-07-13,0.0,3356.656235957331
5,base+bias,2026-07-14,2547.386090313617,17371.61131596102
5,base+bias,2026-07-15,0.0,5291.996483067698
5,base+bias,2026-07-16,0.0,5210.94471005099
5,base+bias,2026-07-17,0.0,4892.428084204146
5,base+bias,2026-07-18,0.0,3229.69473659483
5,base+bias,2026-07-19,0.0,5916.23247089588
6,base,2025-11-24,181762.4168316232,314293.0668737004
6,base,2025-11-25,170801.8414968055,276699.2595765233
6,base,2025-11-26,168695.2513560315,244506.45480155063
6,base,2025-11-27,162280.3512820562,220525.13625361424
6,base,2025-11-28,150695.9364096984,205673.27180293013
6,base,2025-11-29,146155.8711909035,192485.55374195127
6,base,2025-11-30,142112.1251674911,182476.10123055935
6,base,2025-12-01,128336.1512244437,171168.79675390315
6,base,2025-12-02,123172.8626200811,169408.93575496765
6,base,2025-12-03,118333.622935685,162994.03568099233
6,base,2025-12-04,105974.2258759667,151062.89166679606
6,base,2025-12-05,100182.1597185699,146869.55558983964
6,base,2025-12-06,105777.9168306079,142825.80956642723
6,base,2025-12-07,95674.64344875758,128703.10648154138
6,base,2025-12-08,102286.8081684614,123886.54701901725
6,base,2025-12-09,98510.33062773151,119047.30733462115
6,base,2025-12-10,91571.26234193222,106341.18113306438
6,base,2025-12-11,89250.45186240789,100549.11497566759
6,base,2025-12-12,86114.73632646514,106491.60122954403
6,base,2025-12-13,75862.80524445037,96041.59870585526
6,base,2025-12-14,72806.88785966646,103000.49256739754
6,base,2025-12-15,67326.7436279514,99224.01502666765
6,base,2025-12-16,69477.14912641923,91938.21759902989
6,base,2025-12-17,59737.54393713534,89964.13626134404
6,base,2025-12-18,61014.29057677041,86828.42072540129
6,base,2025-12-19,58606.43323292737,76229.76050154804
6,base,2025-12-20,60641.28989477052,73520.5722586026
6,base,2025-12-21,58575.915307928,68040.42802688753
6,base,2025-12-22,52735.22662610265,70190.83352535538
6,base,2025-12-23,45221.99825716334,60104.499194233016
6,base+bias,2025-11-24,181762.4168316232,314293.0668737004
6,base+bias,2025-11-25,170801.8414968055,276699.2595765233
6,base+bias,2025-11-26,168695.2513560315,244506.45480155063
6,base+bias,2025-11-27,162280.3512820562,220525.13625361424
6,base+bias,2025-11-28,150695.9364096984,205673.27180293013
6,base+bias,2025-11-29,146155.8711909035,192485.55374195127
6,base+bias,2025-11-30,142112.1251674911,182476.10123055935
6,base+bias,2025-12-01,128336.1512244437,171168.79675390315
6,base+bias,2025-12-02,123172.8626200811,169408.93575496765
6,base+bias,2025-12-03,118333.622935685,162994.03568099233
6,base+bias,2025-12-04,105974.2258759667,151062.89166679606
6,base+bias,2025-12-05,100182.1597185699,146869.55558983964
6,base+bias,2025-12-06,105777.9168306079,142825.80956642723
6,base+bias,2025-12-07,95674.64344875758,128703.10648154138
6,base+bias,2025-12-08,102286.8081684614,123886.54701901725
6,base+bias,2025-12-09,98510.33062773151,119047.30733462115
6,base+bias,2025-12-10,91571.26234193222,106341.18113306438
6,base+bias,2025-12-11,89250.45186240789,100549.11497566759
6,base+bias,2025-12-12,86114.73632646514,106491.60122954403
6,base+bias,2025-12-13,75862.80524445037,96041.59870585526
6,base+bias,2025-12-14,72806.88785966646,103000.49256739754
6,base+bias,2025-12-15,67326.7436279514,99224.01502666765
6,base+bias,2025-12-16,69477.14912641923,91938.21759902989
6,base+bias,2025-12-17,59737.54393713534,89964.13626134404
6,base+bias,2025-12-18,61014.29057677041,86828.42072540129
6,base+bias,2025-12-19,58606.43323292737,76229.76050154804
6,base+bias,2025-12-20,60641.28989477052,73520.5722586026
6,base+bias,2025-12-21,58575.915307928,68040.42802688753
6,base+bias,2025-12-22,52735.22662610265,70190.83352535538
6,base+bias,2025-12-23,45221.99825716334,60104.499194233016
6,rainfeat,2025-11-24,181762.4168316232,284020.04608549643
6,rainfeat,2025-11-25,170801.8414968055,248836.30665808145
6,rainfeat,2025-11-26,168695.2513560315,221238.6554604572
6,rainfeat,2025-11-27,162280.3512820562,205157.288696038
6,rainfeat,2025-11-28,150695.9364096984,193588.66621963016
6,rainfeat,2025-11-29,146155.8711909035,182809.79500582407
6,rainfeat,2025-11-30,142112.1251674911,172453.61335259367
6,rainfeat,2025-12-01,128336.1512244437,161493.03801777595
6,rainfeat,2025-12-02,123172.8626200811,159386.44787700198
6,rainfeat,2025-12-03,118333.622935685,152971.54780302665
6,rainfeat,2025-12-04,105974.2258759667,143994.59990425318
6,rainfeat,2025-12-05,100182.1597185699,139454.5346854583
6,rainfeat,2025-12-06,105777.9168306079,135410.78866204587
6,rainfeat,2025-12-07,95674.64344875758,123809.02141903875
6,rainfeat,2025-12-08,102286.8081684614,118645.73281467614
6,rainfeat,2025-12-09,98510.33062773151,113806.49313028004
6,rainfeat,2025-12-10,91571.26234193222,101447.09607056175
6,rainfeat,2025-12-11,89250.45186240789,95655.02991316495
6,rainfeat,2025-12-12,86114.73632646514,101250.78702520294
6,rainfeat,2025-12-13,75862.80524445037,91147.51364335262
6,rainfeat,2025-12-14,72806.88785966646,97759.67836305645
6,rainfeat,2025-12-15,67326.7436279514,93983.20082232656
6,rainfeat,2025-12-16,69477.14912641923,87044.13253652726
6,rainfeat,2025-12-17,59737.54393713534,84723.32205700294
6,rainfeat,2025-12-18,61014.29057677041,81587.60652106018
6,rainfeat,2025-12-19,58606.43323292737,73528.30474954352
6,rainfeat,2025-12-20,60641.28989477052,70472.3873647596
6,rainfeat,2025-12-21,58575.915307928,66464.42667865627
6,rainfeat,2025-12-22,52735.22662610265,69161.49952053372
6,rainfeat,2025-12-23,45221.99825716334,59421.89433124983
6,rainfeat+bias,2025-11-24,181762.4168316232,284020.04608549643
6,rainfeat+bias,2025-11-25,170801.8414968055,248836.30665808145
6,rainfeat+bias,2025-11-26,168695.2513560315,221238.6554604572
6,rainfeat+bias,2025-11-27,162280.3512820562,205157.288696038
6,rainfeat+bias,2025-11-28,150695.9364096984,193588.66621963016
6,rainfeat+bias,2025-11-29,146155.8711909035,182809.79500582407
6,rainfeat+bias,2025-11-30,142112.1251674911,172453.61335259367
6,rainfeat+bias,2025-12-01,128336.1512244437,161493.03801777595
6,rainfeat+bias,2025-12-02,123172.8626200811,159386.44787700198
6,rainfeat+bias,2025-12-03,118333.622935685,152971.54780302665
6,rainfeat+bias,2025-12-04,105974.2258759667,143994.59990425318
6,rainfeat+bias,2025-12-05,100182.1597185699,139454.5346854583
6,rainfeat+bias,2025-12-06,105777.9168306079,135410.78866204587
6,rainfeat+bias,2025-12-07,95674.64344875758,123809.02141903875
6,rainfeat+bias,2025-12-08,102286.8081684614,118645.73281467614
6,rainfeat+bias,2025-12-09,98510.33062773151,113806.49313028004
6,rainfeat+bias,2025-12-10,91571.26234193222,101447.09607056175
6,rainfeat+bias,2025-12-11,89250.45186240789,95655.02991316495
6,rainfeat+bias,2025-12-12,86114.73632646514,101250.78702520294
6,rainfeat+bias,2025-12-13,75862.80524445037,91147.51364335262
6,rainfeat+bias,2025-12-14,72806.88785966646,97759.67836305645
6,rainfeat+bias,2025-12-15,67326.7436279514,93983.20082232656
6,rainfeat+bias,2025-12-16,69477.14912641923,87044.13253652726
6,rainfeat+bias,2025-12-17,59737.54393713534,84723.32205700294
6,rainfeat+bias,2025-12-18,61014.29057677041,81587.60652106018
6,rainfeat+bias,2025-12-19,58606.43323292737,73528.30474954352
6,rainfeat+bias,2025-12-20,60641.28989477052,70472.3873647596
6,rainfeat+bias,2025-12-21,58575.915307928,66464.42667865627
6,rainfeat+bias,2025-12-22,52735.22662610265,69161.49952053372
6,rainfeat+bias,2025-12-23,45221.99825716334,59421.89433124983
6,base,2025-12-24,44408.05284441299,57665.37245703469
6,base,2025-12-25,40484.07026904635,55575.921387551134
6,base,2025-12-26,37856.28804302291,57292.3717750348
6,base,2025-12-27,42454.87035829797,55545.40346255177
6,base,2025-12-28,40621.68780879292,50996.59410222499
6,base,2025-12-29,38841.39655611992,44936.00146491624
6,base,2025-12-30,35062.85962274358,44162.8004914086
6,base,2025-12-31,28196.25966596511,40161.35291441738
6,base,2026-01-01,24052.600328715,38601.58774080161
6,base,2026-01-02,0.0,44230.34785339254
6,base,2026-01-03,1005.554128209214,42437.90974313019
6,base,2026-01-04,4547.181981030939,40653.00435278606
6,base,2026-01-05,2501.206056063745,36879.08155708085
6,base,2026-01-06,7038.238120057628,30456.958296372923
6,base,2026-01-07,5146.520075025873,25892.01962855735
6,base,2026-01-08,6795.481323221639,3113.4477944332984
6,base,2026-01-09,7522.553062727141,5216.637337878008
6,base,2026-01-10,9082.504002172822,12750.079086177237
6,base,2026-01-11,9641.718665012206,10167.142749549164
6,base,2026-01-12,7931.427796269722,15364.823881084361
6,base,2026-01-13,6951.298485920801,12867.793843072623
6,base,2026-01-14,6802.897787536684,14698.689409879895
6,base,2026-01-15,6430.379010740346,15425.761149385396
6,base,2026-01-16,4754.223042374496,16985.71208883108
6,base,2026-01-17,5013.879969758142,17083.270897417024
6,base,2026-01-18,5224.655702852328,13129.47000480974
6,base,2026-01-19,5864.683898932829,12149.340694460818
6,base,2026-01-20,6994.802601928017,12000.9399960767
6,base,2026-01-21,11476.10062633418,14333.587097398602
6,base,2026-01-22,5676.608802087474,12657.431129032751
6,base+bias,2025-12-24,44408.05284441299,28297.765590978954
6,base+bias,2025-12-25,40484.07026904635,26208.3145214954
6,base+bias,2025-12-26,37856.28804302291,27924.764908979065
6,base+bias,2025-12-27,42454.87035829797,26177.79659649603
6,base+bias,2025-12-28,40621.68780879292,21628.987236169254
6,base+bias,2025-12-29,38841.39655611992,15568.394598860505
6,base+bias,2025-12-30,35062.85962274358,14795.193625352862
6,base+bias,2025-12-31,28196.25966596511,10793.746048361645
6,base+bias,2026-01-01,24052.600328715,9233.980874745874
6,base+bias,2026-01-02,0.0,14862.740987336801
6,base+bias,2026-01-03,1005.554128209214,13070.302877074457
6,base+bias,2026-01-04,4547.181981030939,11285.397486730326
6,base+bias,2026-01-05,2501.206056063745,7511.474691025112
6,base+bias,2026-01-06,7038.238120057628,1089.351430317187
6,base+bias,2026-01-07,5146.520075025873,0.0
6,base+bias,2026-01-08,6795.481323221639,0.0
6,base+bias,2026-01-09,7522.553062727141,0.0
6,base+bias,2026-01-10,9082.504002172822,0.0
6,base+bias,2026-01-11,9641.718665012206,0.0
6,base+bias,2026-01-12,7931.427796269722,0.0
6,base+bias,2026-01-13,6951.298485920801,0.0
6,base+bias,2026-01-14,6802.897787536684,0.0
6,base+bias,2026-01-15,6430.379010740346,0.0
6,base+bias,2026-01-16,4754.223042374496,0.0
6,base+bias,2026-01-17,5013.879969758142,0.0
6,base+bias,2026-01-18,5224.655702852328,0.0
6,base+bias,2026-01-19,5864.683898932829,0.0
6,base+bias,2026-01-20,6994.802601928017,0.0
6,base+bias,2026-01-21,11476.10062633418,0.0
6,base+bias,2026-01-22,5676.608802087474,0.0
6,rainfeat,2025-12-24,44408.05284441299,39178.96366108433
6,rainfeat,2025-12-25,40484.07026904635,38561.47420140334
6,rainfeat,2025-12-26,37856.28804302291,38805.96297908445
6,rainfeat,2025-12-27,42454.87035829797,38530.95627640397
6,rainfeat,2025-12-28,40621.68780879292,32690.26759457863
6,rainfeat,2025-12-29,38841.39655611992,27217.897220915347
6,rainfeat,2025-12-30,35062.85962274358,26576.35591466093
6,rainfeat,2025-12-31,28196.25966596511,21968.75252334437
6,rainfeat,2026-01-01,24052.600328715,19222.303705217633
6,rainfeat,2026-01-02,0.0,24861.707155509055
6,rainfeat,2026-01-03,1005.554128209214,22432.96314851879
6,rainfeat,2026-01-04,4547.181981030939,20207.412218314643
6,rainfeat,2026-01-05,2501.206056063745,16874.134962469445
6,rainfeat,2026-01-06,7038.238120057628,9919.475647226263
6,rainfeat,2026-01-07,5146.520075025873,8471.350083849156
6,rainfeat,2026-01-08,6795.481323221639,0.0
6,rainfeat,2026-01-09,7522.553062727141,0.0
6,rainfeat,2026-01-10,9082.504002172822,0.0
6,rainfeat,2026-01-11,9641.718665012206,0.0
6,rainfeat,2026-01-12,7931.427796269722,0.0
6,rainfeat,2026-01-13,6951.298485920801,0.0
6,rainfeat,2026-01-14,6802.897787536684,0.0
6,rainfeat,2026-01-15,6430.379010740346,0.0
6,rainfeat,2026-01-16,4754.223042374496,0.0
6,rainfeat,2026-01-17,5013.879969758142,0.0
6,rainfeat,2026-01-18,5224.655702852328,0.0
6,rainfeat,2026-01-19,5864.683898932829,0.0
6,rainfeat,2026-01-20,6994.802601928017,0.0
6,rainfeat,2026-01-21,11476.10062633418,0.0
6,rainfeat,2026-01-22,5676.608802087474,0.0
6,rainfeat+bias,2025-12-24,44408.05284441299,9811.356795028594
6,rainfeat+bias,2025-12-25,40484.07026904635,9193.867335347604
6,rainfeat+bias,2025-12-26,37856.28804302291,9438.356113028713
6,rainfeat+bias,2025-12-27,42454.87035829797,9163.349410348237
6,rainfeat+bias,2025-12-28,40621.68780879292,3322.660728522893
6,rainfeat+bias,2025-12-29,38841.39655611992,0.0
6,rainfeat+bias,2025-12-30,35062.85962274358,0.0
6,rainfeat+bias,2025-12-31,28196.25966596511,0.0
6,rainfeat+bias,2026-01-01,24052.600328715,0.0
6,rainfeat+bias,2026-01-02,0.0,0.0
6,rainfeat+bias,2026-01-03,1005.554128209214,0.0
6,rainfeat+bias,2026-01-04,4547.181981030939,0.0
6,rainfeat+bias,2026-01-05,2501.206056063745,0.0
6,rainfeat+bias,2026-01-06,7038.238120057628,0.0
6,rainfeat+bias,2026-01-07,5146.520075025873,0.0
6,rainfeat+bias,2026-01-08,6795.481323221639,0.0
6,rainfeat+bias,2026-01-09,7522.553062727141,0.0
6,rainfeat+bias,2026-01-10,9082.504002172822,0.0
6,rainfeat+bias,2026-01-11,9641.718665012206,0.0
6,rainfeat+bias,2026-01-12,7931.427796269722,0.0
6,rainfeat+bias,2026-01-13,6951.298485920801,0.0
6,rainfeat+bias,2026-01-14,6802.897787536684,0.0
6,rainfeat+bias,2026-01-15,6430.379010740346,0.0
6,rainfeat+bias,2026-01-16,4754.223042374496,0.0
6,rainfeat+bias,2026-01-17,5013.879969758142,0.0
6,rainfeat+bias,2026-01-18,5224.655702852328,0.0
6,rainfeat+bias,2026-01-19,5864.683898932829,0.0
6,rainfeat+bias,2026-01-20,6994.802601928017,0.0
6,rainfeat+bias,2026-01-21,11476.10062633418,0.0
6,rainfeat+bias,2026-01-22,5676.608802087474,0.0
6,base,2026-01-23,11838.21534079677,5853.5672394783605
6,base,2026-01-24,6614.983560953315,5981.649922137099
6,base,2026-01-25,8220.106059791846,6621.678118217599
6,base,2026-01-26,8037.136958042139,7751.796821212787
6,base,2026-01-27,7249.710052871193,11618.43505338144
6,base,2026-01-28,0.0,6375.732713619959
6,base,2026-01-29,0.0,11980.54976784403
6,base,2026-01-30,1167.570968068156,7314.1074724858
6,base,2026-01-31,1167.570968068156,8977.100279076616
6,base,2026-02-01,1167.570968068156,8794.131177326908
6,base,2026-02-02,4170.535081053606,8006.704272155963
6,base,2026-02-03,4172.782660970314,1390.6761633668075
6,base,2026-02-04,1168.765625470164,2368.095131860726
6,base,2026-02-05,1168.765625470164,3602.8104859265313
6,base,2026-02-06,4174.822262577526,3602.8104859265313
6,base,2026-02-07,0.0,3602.8104859265313
6,base,2026-02-08,1167.570968068156,6346.667988401372
6,base,2026-02-09,1167.570968068156,6196.699066741526
6,base,2026-02-10,1167.570968068156,3265.2804761846455
6,base,2026-02-11,1167.570968068156,3265.2804761846455
6,base,2026-02-12,1167.570968068156,5846.121451876269
6,base,2026-02-13,1167.570968068156,2324.820882488708
6,base,2026-02-14,1167.570968068156,3675.408930869801
6,base,2026-02-15,0.0,3602.8104859265313
6,base,2026-02-16,3147.926173739526,3602.8104859265313
6,base,2026-02-17,0.0,3602.8104859265313
6,base,2026-02-18,4168.485571068196,3602.8104859265313
6,base,2026-02-19,1167.570968068156,3602.8104859265313
6,base,2026-02-20,1167.570968068156,3602.8104859265313
6,base,2026-02-21,1167.570968068156,3176.6714433743346
6,base+bias,2026-01-23,11838.21534079677,0.0
6,base+bias,2026-01-24,6614.983560953315,0.0
6,base+bias,2026-01-25,8220.106059791846,0.0
6,base+bias,2026-01-26,8037.136958042139,0.0
6,base+bias,2026-01-27,7249.710052871193,0.0
6,base+bias,2026-01-28,0.0,0.0
6,base+bias,2026-01-29,0.0,0.0
6,base+bias,2026-01-30,1167.570968068156,0.0
6,base+bias,2026-01-31,1167.570968068156,0.0
6,base+bias,2026-02-01,1167.570968068156,0.0
6,base+bias,2026-02-02,4170.535081053606,0.0
6,base+bias,2026-02-03,4172.782660970314,0.0
6,base+bias,2026-02-04,1168.765625470164,0.0
6,base+bias,2026-02-05,1168.765625470164,0.0
6,base+bias,2026-02-06,4174.822262577526,0.0
6,base+bias,2026-02-07,0.0,0.0
6,base+bias,2026-02-08,1167.570968068156,0.0
6,base+bias,2026-02-09,1167.570968068156,0.0
6,base+bias,2026-02-10,1167.570968068156,0.0
6,base+bias,2026-02-11,1167.570968068156,0.0
6,base+bias,2026-02-12,1167.570968068156,0.0
6,base+bias,2026-02-13,1167.570968068156,0.0
6,base+bias,2026-02-14,1167.570968068156,0.0
6,base+bias,2026-02-15,0.0,0.0
6,base+bias,2026-02-16,3147.926173739526,0.0
6,base+bias,2026-02-17,0.0,0.0
6,base+bias,2026-02-18,4168.485571068196,0.0
6,base+bias,2026-02-19,1167.570968068156,0.0
6,base+bias,2026-02-20,1167.570968068156,0.0
6,base+bias,2026-02-21,1167.570968068156,0.0
6,rainfeat,2026-01-23,11838.21534079677,274.9095130153928
6,rainfeat,2026-01-24,6614.983560953315,485.68524610957957
6,rainfeat,2026-01-25,8220.106059791846,1125.71344219008
6,rainfeat,2026-01-26,8037.136958042139,2255.832145185268
6,rainfeat,2026-01-27,7249.710052871193,6839.310614838852
6,rainfeat,2026-01-28,0.0,1076.2092981161131
6,rainfeat,2026-01-29,0.0,7135.393974300754
6,rainfeat,2026-01-30,1167.570968068156,2014.5840569819538
6,rainfeat,2026-01-31,1167.570968068156,3545.2263373773294
6,rainfeat,2026-02-01,1167.570968068156,3363.2275459638504
6,rainfeat,2026-02-02,4170.535081053606,2650.6116952663633
6,rainfeat,2026-02-03,4172.782660970314,0.0
6,rainfeat,2026-02-04,1168.765625470164,0.0
6,rainfeat,2026-02-05,1168.765625470164,891.5353432822437
6,rainfeat,2026-02-06,4174.822262577526,891.5353432822437
6,rainfeat,2026-02-07,0.0,891.5353432822437
6,rainfeat,2026-02-08,1167.570968068156,3894.4994562676934
6,rainfeat,2026-02-09,1167.570968068156,3833.1988846991912
6,rainfeat,2026-02-10,1167.570968068156,829.1818491990409
6,rainfeat,2026-02-11,1167.570968068156,612.1541896403075
6,rainfeat,2026-02-12,1167.570968068156,2521.3144921589724
6,rainfeat,2026-02-13,1167.570968068156,0.0
6,rainfeat,2026-02-14,1167.570968068156,891.5353432822437
6,rainfeat,2026-02-15,0.0,891.5353432822437
6,rainfeat,2026-02-16,3147.926173739526,891.5353432822437
6,rainfeat,2026-02-17,0.0,891.5353432822437
6,rainfeat,2026-02-18,4168.485571068196,5396.3134369895615
6,rainfeat,2026-02-19,1167.570968068156,5396.3134369895615
6,rainfeat,2026-02-20,1167.570968068156,5396.3134369895615
6,rainfeat,2026-02-21,1167.570968068156,0.0
6,rainfeat+bias,2026-01-23,11838.21534079677,0.0
6,rainfeat+bias,2026-01-24,6614.983560953315,0.0
6,rainfeat+bias,2026-01-25,8220.106059791846,0.0
6,rainfeat+bias,2026-01-26,8037.136958042139,0.0
6,rainfeat+bias,2026-01-27,7249.710052871193,0.0
6,rainfeat+bias,2026-01-28,0.0,0.0
6,rainfeat+bias,2026-01-29,0.0,0.0
6,rainfeat+bias,2026-01-30,1167.570968068156,0.0
6,rainfeat+bias,2026-01-31,1167.570968068156,0.0
6,rainfeat+bias,2026-02-01,1167.570968068156,0.0
6,rainfeat+bias,2026-02-02,4170.535081053606,0.0
6,rainfeat+bias,2026-02-03,4172.782660970314,0.0
6,rainfeat+bias,2026-02-04,1168.765625470164,0.0
6,rainfeat+bias,2026-02-05,1168.765625470164,0.0
6,rainfeat+bias,2026-02-06,4174.822262577526,0.0
6,rainfeat+bias,2026-02-07,0.0,0.0
6,rainfeat+bias,2026-02-08,1167.570968068156,0.0
6,rainfeat+bias,2026-02-09,1167.570968068156,0.0
6,rainfeat+bias,2026-02-10,1167.570968068156,0.0
6,rainfeat+bias,2026-02-11,1167.570968068156,0.0
6,rainfeat+bias,2026-02-12,1167.570968068156,0.0
6,rainfeat+bias,2026-02-13,1167.570968068156,0.0
6,rainfeat+bias,2026-02-14,1167.570968068156,0.0
6,rainfeat+bias,2026-02-15,0.0,0.0
6,rainfeat+bias,2026-02-16,3147.926173739526,0.0
6,rainfeat+bias,2026-02-17,0.0,0.0
6,rainfeat+bias,2026-02-18,4168.485571068196,0.0
6,rainfeat+bias,2026-02-19,1167.570968068156,0.0
6,rainfeat+bias,2026-02-20,1167.570968068156,0.0
6,rainfeat+bias,2026-02-21,1167.570968068156,0.0
6,base,2026-02-22,1167.570968068156,3958.009557798899
6,base,2026-02-23,1232.360327093139,880.6757098448415
6,base,2026-02-24,1232.360327093139,5095.613969196783
6,base,2026-02-25,0.0,1836.7272252298246
6,base,2026-02-26,7232.699243493119,1883.17991351357
6,base,2026-02-27,0.0,1836.7272252298246
6,base,2026-02-28,4231.157917663651,1836.7272252298246
6,base,2026-03-01,10240.97433716826,1901.5165842548076
6,base,2026-03-02,0.0,1901.5165842548076
6,base,2026-03-03,7240.005734046325,650.307945991166
6,base,2026-03-04,0.0,7948.308188938533
6,base,2026-03-05,0.0,603.8552577074206
6,base,2026-03-06,0.0,4946.766863109065
6,base,2026-03-07,4588.915562032591,10829.234703897571
6,base,2026-03-08,1051.725638716127,650.307945991166
6,base,2026-03-09,1171.730949081183,7956.7662180670095
6,base,2026-03-10,1231.733604263711,603.8552577074206
6,base,2026-03-11,1591.827078183679,791.2350728888705
6,base,2026-03-12,3694.787865385309,955.9418717134922
6,base,2026-03-13,29442.79622979818,5289.1379358163485
6,base,2026-03-14,3141.663118533274,2049.8067222084555
6,base,2026-03-15,15588.06166423388,2216.264720857257
6,base,2026-03-16,0.0,1930.390964553579
6,base,2026-03-17,0.0,2360.975643936862
6,base,2026-03-18,7447.294367083702,4752.904839926323
6,base,2026-03-19,0.0,22977.57176477371
6,base,2026-03-20,1300.310608590011,0.0
6,base,2026-03-21,0.0,9923.183340491269
6,base,2026-03-22,0.0,245.78315087523606
6,base,2026-03-23,0.0,949.8532893826396
6,base+bias,2026-02-22,1167.570968068156,0.0
6,base+bias,2026-02-23,1232.360327093139,0.0
6,base+bias,2026-02-24,1232.360327093139,0.0
6,base+bias,2026-02-25,0.0,0.0
6,base+bias,2026-02-26,7232.699243493119,0.0
6,base+bias,2026-02-27,0.0,0.0
6,base+bias,2026-02-28,4231.157917663651,0.0
6,base+bias,2026-03-01,10240.97433716826,0.0
6,base+bias,2026-03-02,0.0,0.0
6,base+bias,2026-03-03,7240.005734046325,0.0
6,base+bias,2026-03-04,0.0,0.0
6,base+bias,2026-03-05,0.0,0.0
6,base+bias,2026-03-06,0.0,0.0
6,base+bias,2026-03-07,4588.915562032591,2009.8539757148665
6,base+bias,2026-03-08,1051.725638716127,0.0
6,base+bias,2026-03-09,1171.730949081183,0.0
6,base+bias,2026-03-10,1231.733604263711,0.0
6,base+bias,2026-03-11,1591.827078183679,0.0
6,base+bias,2026-03-12,3694.787865385309,0.0
6,base+bias,2026-03-13,29442.79622979818,0.0
6,base+bias,2026-03-14,3141.663118533274,0.0
6,base+bias,2026-03-15,15588.06166423388,0.0
6,base+bias,2026-03-16,0.0,0.0
6,base+bias,2026-03-17,0.0,0.0
6,base+bias,2026-03-18,7447.294367083702,0.0
6,base+bias,2026-03-19,0.0,14158.191036591006
6,base+bias,2026-03-20,1300.310608590011,0.0
6,base+bias,2026-03-21,0.0,1103.8026123085638
6,base+bias,2026-03-22,0.0,0.0
6,base+bias,2026-03-23,0.0,0.0
6,rainfeat,2026-02-22,1167.570968068156,3945.9366529657923
6,rainfeat,2026-02-23,1232.360327093139,774.6422938360611
6,rainfeat,2026-02-24,1232.360327093139,4925.125706231517
6,rainfeat,2026-02-25,0.0,1246.8210238931526
6,rainfeat,2026-02-26,7232.699243493119,1246.8210238931526
6,rainfeat,2026-02-27,0.0,1246.8210238931526
6,rainfeat,2026-02-28,4231.157917663651,1246.8210238931526
6,rainfeat,2026-03-01,10240.97433716826,1767.2164429221593
6,rainfeat,2026-03-02,0.0,1767.2164429221593
6,rainfeat,2026-03-03,7240.005734046325,491.8209735550072
6,rainfeat,2026-03-04,0.0,7700.887481702521
6,rainfeat,2026-03-05,0.0,491.8209735550072
6,rainfeat,2026-03-06,0.0,4748.011874819931
6,rainfeat,2026-03-07,4588.915562032591,10410.450482539894
6,rainfeat,2026-03-08,1051.725638716127,481.7247482244193
6,rainfeat,2026-03-09,1171.730949081183,7559.27029789635
6,rainfeat,2026-03-10,1231.733604263711,491.8209735550072
6,rainfeat,2026-03-11,1591.827078183679,763.5497472623592
6,rainfeat,2026-03-12,3694.787865385309,700.1544691225736
6,rainfeat,2026-03-13,29442.79622979818,6032.267931967559
6,rainfeat,2026-03-14,3141.663118533274,2544.804491781124
6,rainfeat,2026-03-15,15588.06166423388,2664.80980214618
6,rainfeat,2026-03-16,0.0,1589.3692993486632
6,rainfeat,2026-03-17,0.0,2597.2073472078864
6,rainfeat,2026-03-18,7447.294367083702,4746.201095473854
6,rainfeat,2026-03-19,0.0,22770.313218140192
6,rainfeat,2026-03-20,1300.310608590011,0.0
6,rainfeat,2026-03-21,0.0,11875.777227181743
6,rainfeat,2026-03-22,0.0,0.0
6,rainfeat,2026-03-23,0.0,122.91358187512378
6,rainfeat+bias,2026-02-22,1167.570968068156,0.0
6,rainfeat+bias,2026-02-23,1232.360327093139,0.0
6,rainfeat+bias,2026-02-24,1232.360327093139,0.0
6,rainfeat+bias,2026-02-25,0.0,0.0
6,rainfeat+bias,2026-02-26,7232.699243493119,0.0
6,rainfeat+bias,2026-02-27,0.0,0.0
6,rainfeat+bias,2026-02-28,4231.157917663651,0.0
6,rainfeat+bias,2026-03-01,10240.97433716826,0.0
6,rainfeat+bias,2026-03-02,0.0,0.0
6,rainfeat+bias,2026-03-03,7240.005734046325,0.0
6,rainfeat+bias,2026-03-04,0.0,0.0
6,rainfeat+bias,2026-03-05,0.0,0.0
6,rainfeat+bias,2026-03-06,0.0,0.0
6,rainfeat+bias,2026-03-07,4588.915562032591,1591.0697543571896
6,rainfeat+bias,2026-03-08,1051.725638716127,0.0
6,rainfeat+bias,2026-03-09,1171.730949081183,0.0
6,rainfeat+bias,2026-03-10,1231.733604263711,0.0
6,rainfeat+bias,2026-03-11,1591.827078183679,0.0
6,rainfeat+bias,2026-03-12,3694.787865385309,0.0
6,rainfeat+bias,2026-03-13,29442.79622979818,0.0
6,rainfeat+bias,2026-03-14,3141.663118533274,0.0
6,rainfeat+bias,2026-03-15,15588.06166423388,0.0
6,rainfeat+bias,2026-03-16,0.0,0.0
6,rainfeat+bias,2026-03-17,0.0,0.0
6,rainfeat+bias,2026-03-18,7447.294367083702,0.0
6,rainfeat+bias,2026-03-19,0.0,13950.932489957488
6,rainfeat+bias,2026-03-20,1300.310608590011,0.0
6,rainfeat+bias,2026-03-21,0.0,3056.396498999038
6,rainfeat+bias,2026-03-22,0.0,0.0
6,rainfeat+bias,2026-03-23,0.0,0.0
6,base,2026-03-24,0.0,7039.155412649559
6,base,2026-03-25,1216.506094919201,0.0
6,base,2026-03-26,1357.9623387935,1197.0558246694939
6,base,2026-03-27,0.0,0.0
6,base,2026-03-28,19185.66181159556,77.7382317122765
6,base,2026-03-29,0.0,193.17102032124603
6,base,2026-03-30,0.0,193.17102032124603
6,base,2026-03-31,1357.1851159841,1352.9936561199554
6,base,2026-04-01,4320.271751993509,1494.4498999942546
6,base,2026-04-02,0.0,139.68411133331756
6,base,2026-04-03,0.0,18939.320575625
6,base,2026-04-04,0.0,896.2272718758568
6,base,2026-04-05,0.0,253.64211825099574
6,base,2026-04-06,0.0,1493.6726771848546
6,base,2026-04-07,0.0,4456.759313194263
6,base,2026-04-08,0.0,190.8942278766117
6,base,2026-04-09,0.0,196.3675704538091
6,base,2026-04-10,0.0,230.16806613245626
6,base,2026-04-11,0.0,243.00892629630562
6,base,2026-04-12,0.0,287.24559883979873
6,base,2026-04-13,0.0,259.1083253586148
6,base,2026-04-14,7142.04282863685,273.9905241660763
6,base,2026-04-15,0.0,273.9905241660763
6,base,2026-04-16,1330.35764373476,259.1083253586148
6,base,2026-04-17,0.0,271.9491855224651
6,base,2026-04-18,0.0,244.55170697588073
6,base,2026-04-19,0.0,318.508278115547
6,base,2026-04-20,4175.652946526906,7412.922745511485
6,base,2026-04-21,0.0,325.87579570219896
6,base,2026-04-22,7134.507354545481,1593.3376742187663
6,base+bias,2026-03-24,0.0,390.26468225187637
6,base+bias,2026-03-25,1216.506094919201,0.0
6,base+bias,2026-03-26,1357.9623387935,0.0
6,base+bias,2026-03-27,0.0,0.0
6,base+bias,2026-03-28,19185.66181159556,0.0
6,base+bias,2026-03-29,0.0,0.0
6,base+bias,2026-03-30,0.0,0.0
6,base+bias,2026-03-31,1357.1851159841,0.0
6,base+bias,2026-04-01,4320.271751993509,0.0
6,base+bias,2026-04-02,0.0,0.0
6,base+bias,2026-04-03,0.0,12290.429845227316
6,base+bias,2026-04-04,0.0,0.0
6,base+bias,2026-04-05,0.0,0.0
6,base+bias,2026-04-06,0.0,0.0
6,base+bias,2026-04-07,0.0,0.0
6,base+bias,2026-04-08,0.0,0.0
6,base+bias,2026-04-09,0.0,0.0
6,base+bias,2026-04-10,0.0,0.0
6,base+bias,2026-04-11,0.0,0.0
6,base+bias,2026-04-12,0.0,0.0
6,base+bias,2026-04-13,0.0,0.0
6,base+bias,2026-04-14,7142.04282863685,0.0
6,base+bias,2026-04-15,0.0,0.0
6,base+bias,2026-04-16,1330.35764373476,0.0
6,base+bias,2026-04-17,0.0,0.0
6,base+bias,2026-04-18,0.0,0.0
6,base+bias,2026-04-19,0.0,0.0
6,base+bias,2026-04-20,4175.652946526906,764.0320151138021
6,base+bias,2026-04-21,0.0,0.0
6,base+bias,2026-04-22,7134.507354545481,0.0
6,rainfeat,2026-03-24,0.0,6692.495577335775
6,rainfeat,2026-03-25,1216.506094919201,69.44652368999687
6,rainfeat,2026-03-26,1357.9623387935,1360.6488639663787
6,rainfeat,2026-03-27,0.0,60.33825537636767
6,rainfeat,2026-03-28,19185.66181159556,107.76396527444012
6,rainfeat,2026-03-29,0.0,35.79023161098121
6,rainfeat,2026-03-30,0.0,35.79023161098121
6,rainfeat,2026-03-31,1357.1851159841,1204.8706166321097
6,rainfeat,2026-04-01,4320.271751993509,1346.3268605064088
6,rainfeat,2026-04-02,0.0,0.0
6,rainfeat,2026-04-03,0.0,21065.643659236124
6,rainfeat,2026-04-04,0.0,111.6966758265662
6,rainfeat,2026-04-05,0.0,157.47996557492388
6,rainfeat,2026-04-06,0.0,1345.5496376970088
6,rainfeat,2026-04-07,0.0,4282.921680801273
6,rainfeat,2026-04-08,0.0,35.79023161098121
6,rainfeat,2026-04-09,0.0,35.79023161098121
6,rainfeat,2026-04-10,0.0,35.79023161098121
6,rainfeat,2026-04-11,0.0,17.874880583583945
6,rainfeat,2026-04-12,0.0,17.874880583583945
6,rainfeat,2026-04-13,0.0,17.874880583583945
6,rainfeat,2026-04-14,7142.04282863685,0.0
6,rainfeat,2026-04-15,0.0,17.874880583583945
6,rainfeat,2026-04-16,1330.35764373476,17.874880583583945
6,rainfeat,2026-04-17,0.0,86.91069233132202
6,rainfeat,2026-04-18,0.0,39.48498243325048
6,rainfeat,2026-04-19,0.0,212.8761953327221
6,rainfeat,2026-04-20,4175.652946526906,7102.3902078580395
6,rainfeat,2026-04-21,0.0,199.96039103471867
6,rainfeat,2026-04-22,7134.507354545481,1495.8081291694095
6,rainfeat+bias,2026-03-24,0.0,43.60484693809212
6,rainfeat+bias,2026-03-25,1216.506094919201,0.0
6,rainfeat+bias,2026-03-26,1357.9623387935,0.0
6,rainfeat+bias,2026-03-27,0.0,0.0
6,rainfeat+bias,2026-03-28,19185.66181159556,0.0
6,rainfeat+bias,2026-03-29,0.0,0.0
6,rainfeat+bias,2026-03-30,0.0,0.0
6,rainfeat+bias,2026-03-31,1357.1851159841,0.0
6,rainfeat+bias,2026-04-01,4320.271751993509,0.0
6,rainfeat+bias,2026-04-02,0.0,0.0
6,rainfeat+bias,2026-04-03,0.0,14416.752928838441
6,rainfeat+bias,2026-04-04,0.0,0.0
6,rainfeat+bias,2026-04-05,0.0,0.0
6,rainfeat+bias,2026-04-06,0.0,0.0
6,rainfeat+bias,2026-04-07,0.0,0.0
6,rainfeat+bias,2026-04-08,0.0,0.0
6,rainfeat+bias,2026-04-09,0.0,0.0
6,rainfeat+bias,2026-04-10,0.0,0.0
6,rainfeat+bias,2026-04-11,0.0,0.0
6,rainfeat+bias,2026-04-12,0.0,0.0
6,rainfeat+bias,2026-04-13,0.0,0.0
6,rainfeat+bias,2026-04-14,7142.04282863685,0.0
6,rainfeat+bias,2026-04-15,0.0,0.0
6,rainfeat+bias,2026-04-16,1330.35764373476,0.0
6,rainfeat+bias,2026-04-17,0.0,0.0
6,rainfeat+bias,2026-04-18,0.0,0.0
6,rainfeat+bias,2026-04-19,0.0,0.0
6,rainfeat+bias,2026-04-20,4175.652946526906,453.4994774603565
6,rainfeat+bias,2026-04-21,0.0,0.0
6,rainfeat+bias,2026-04-22,7134.507354545481,0.0
6,base,2026-04-23,1329.99703624549,0.0
6,base,2026-04-24,0.0,0.0
6,base,2026-04-25,0.0,958.4892957412317
6,base,2026-04-26,4156.934105248899,5177.476460303528
6,base,2026-04-27,0.0,1044.6373863744466
6,base,2026-04-28,0.0,8150.6261972950815
6,base,2026-04-29,0.0,2307.1544170392904
6,base,2026-04-30,0.0,209.57111693897718
6,base,2026-05-01,3575.559741841224,209.57111693897718
6,base,2026-05-02,8337.097621055189,4157.631833769183
6,base,2026-05-03,7067.388500442302,43.51160111810759
6,base,2026-05-04,3288.46284526218,10.638748205258707
6,base,2026-05-05,609.3285666212043,1627.5462073745985
6,base,2026-05-06,327.4079784250729,1660.086469606108
6,base,2026-05-07,64024.57078417507,5278.980429482723
6,base,2026-05-08,29895.40787851404,10026.204532932123
6,base,2026-05-09,9279.572203576883,8780.750207768775
6,base,2026-05-10,16077.61184919209,5031.0171222027475
6,base,2026-05-11,0.0,2324.925239835641
6,base,2026-05-12,10216.22369505713,2075.5449138710196
6,base,2026-05-13,3927.997988633625,60984.508694544085
6,base,2026-05-14,85867.63959680006,29530.076341191994
6,base,2026-05-15,61048.47974927562,8287.229338613372
6,base,2026-05-16,108733.3367135785,16326.760382180497
6,base,2026-05-17,141212.5627369919,1865.6794256391677
6,base,2026-05-18,185517.9117316547,11509.897443084918
6,base,2026-05-19,179597.995600109,5546.90362734044
6,base,2026-05-20,193356.5957728531,65222.55510038801
6,base,2026-05-21,349365.1598969635,37503.48190171263
6,base,2026-05-22,433838.0231737584,83787.37224185573
6,base+bias,2026-04-23,1329.99703624549,0.0
6,base+bias,2026-04-24,0.0,0.0
6,base+bias,2026-04-25,0.0,0.0
6,base+bias,2026-04-26,4156.934105248899,0.0
6,base+bias,2026-04-27,0.0,0.0
6,base+bias,2026-04-28,0.0,2831.5750092814706
6,base+bias,2026-04-29,0.0,0.0
6,base+bias,2026-04-30,0.0,0.0
6,base+bias,2026-05-01,3575.559741841224,0.0
6,base+bias,2026-05-02,8337.097621055189,0.0
6,base+bias,2026-05-03,7067.388500442302,0.0
6,base+bias,2026-05-04,3288.46284526218,0.0
6,base+bias,2026-05-05,609.3285666212043,0.0
6,base+bias,2026-05-06,327.4079784250729,0.0
6,base+bias,2026-05-07,64024.57078417507,0.0
6,base+bias,2026-05-08,29895.40787851404,4707.153344918512
6,base+bias,2026-05-09,9279.572203576883,3461.699019755164
6,base+bias,2026-05-10,16077.61184919209,0.0
6,base+bias,2026-05-11,0.0,0.0
6,base+bias,2026-05-12,10216.22369505713,0.0
6,base+bias,2026-05-13,3927.997988633625,55665.457506530474
6,base+bias,2026-05-14,85867.63959680006,24211.025153178383
6,base+bias,2026-05-15,61048.47974927562,2968.1781505997606
6,base+bias,2026-05-16,108733.3367135785,11007.709194166886
6,base+bias,2026-05-17,141212.5627369919,0.0
6,base+bias,2026-05-18,185517.9117316547,6190.846255071307
6,base+bias,2026-05-19,179597.995600109,227.85243932682897
6,base+bias,2026-05-20,193356.5957728531,59903.5039123744
6,base+bias,2026-05-21,349365.1598969635,32184.430713699017
6,base+bias,2026-05-22,433838.0231737584,78468.32105384211
6,rainfeat,2026-04-23,1329.99703624549,144.51163305414275
6,rainfeat,2026-04-24,0.0,144.51163305414275
6,rainfeat,2026-04-25,0.0,540.1245497162099
6,rainfeat,2026-04-26,4156.934105248899,4726.913343130103
6,rainfeat,2026-04-27,0.0,572.1227967368122
6,rainfeat,2026-04-28,0.0,7468.300048149364
6,rainfeat,2026-04-29,0.0,1743.5157538671924
6,rainfeat,2026-04-30,0.0,246.49684457485364
6,rainfeat,2026-05-01,3575.559741841224,246.49684457485364
6,rainfeat,2026-05-02,8337.097621055189,4394.450473863626
6,rainfeat,2026-05-03,7067.388500442302,258.3787687483423
6,rainfeat,2026-05-04,3288.46284526218,220.56580185797475
6,rainfeat,2026-05-05,609.3285666212043,540.1245497162099
6,rainfeat,2026-05-06,327.4079784250729,507.28697513926636
6,rainfeat,2026-05-07,64024.57078417507,4093.982563867478
6,rainfeat,2026-05-08,29895.40787851404,10341.504916772608
6,rainfeat,2026-05-09,9279.572203576883,7380.08905650084
6,rainfeat,2026-05-10,16077.61184919209,11831.470624403353
6,rainfeat,2026-05-11,0.0,6080.367443450053
6,rainfeat,2026-05-12,10216.22369505713,3892.8068607698983
6,rainfeat,2026-05-13,3927.997988633625,67599.49488232507
6,rainfeat,2026-05-14,85867.63959680006,30828.171667892322
6,rainfeat,2026-05-15,61048.47974927562,14704.692123138693
6,rainfeat,2026-05-16,108733.3367135785,20626.72621017893
6,rainfeat,2026-05-17,141212.5627369919,6643.3076138795805
6,rainfeat,2026-05-18,185517.9117316547,17501.487455329225
6,rainfeat,2026-05-19,179597.995600109,12493.896163753983
6,rainfeat,2026-05-20,193356.5957728531,66397.1026367342
6,rainfeat,2026-05-21,349365.1598969635,41552.77112557017
6,rainfeat,2026-05-22,433838.0231737584,87246.47479484466
6,rainfeat+bias,2026-04-23,1329.99703624549,0.0
6,rainfeat+bias,2026-04-24,0.0,0.0
6,rainfeat+bias,2026-04-25,0.0,0.0
6,rainfeat+bias,2026-04-26,4156.934105248899,0.0
6,rainfeat+bias,2026-04-27,0.0,0.0
6,rainfeat+bias,2026-04-28,0.0,2149.2488601357527
6,rainfeat+bias,2026-04-29,0.0,0.0
6,rainfeat+bias,2026-04-30,0.0,0.0
6,rainfeat+bias,2026-05-01,3575.559741841224,0.0
6,rainfeat+bias,2026-05-02,8337.097621055189,0.0
6,rainfeat+bias,2026-05-03,7067.388500442302,0.0
6,rainfeat+bias,2026-05-04,3288.46284526218,0.0
6,rainfeat+bias,2026-05-05,609.3285666212043,0.0
6,rainfeat+bias,2026-05-06,327.4079784250729,0.0
6,rainfeat+bias,2026-05-07,64024.57078417507,0.0
6,rainfeat+bias,2026-05-08,29895.40787851404,5022.453728758997
6,rainfeat+bias,2026-05-09,9279.572203576883,2061.0378684872294
6,rainfeat+bias,2026-05-10,16077.61184919209,6512.419436389742
6,rainfeat+bias,2026-05-11,0.0,761.3162554364417
6,rainfeat+bias,2026-05-12,10216.22369505713,0.0
6,rainfeat+bias,2026-05-13,3927.997988633625,62280.44369431146
6,rainfeat+bias,2026-05-14,85867.63959680006,25509.12047987871
6,rainfeat+bias,2026-05-15,61048.47974927562,9385.640935125082
6,rainfeat+bias,2026-05-16,108733.3367135785,15307.67502216532
6,rainfeat+bias,2026-05-17,141212.5627369919,1324.2564258659695
6,rainfeat+bias,2026-05-18,185517.9117316547,12182.436267315614
6,rainfeat+bias,2026-05-19,179597.995600109,7174.844975740372
6,rainfeat+bias,2026-05-20,193356.5957728531,61078.05144872059
6,rainfeat+bias,2026-05-21,349365.1598969635,36233.71993755656
6,rainfeat+bias,2026-05-22,433838.0231737584,81927.42360683106
6,base,2026-05-23,507809.2200161263,116176.59042318715
6,base,2026-05-24,602775.1641346975,158531.95027451895
6,base,2026-05-25,553516.0898851521,154021.28782203278
6,base,2026-05-26,449557.2543120539,165386.12732668137
6,base,2026-05-27,240641.9388894092,318266.187700455
6,base,2026-05-28,216085.9110082715,401021.1115685247
6,base,2026-05-29,198275.3925303018,473503.67069948604
6,base,2026-05-30,192990.3100497752,570578.6999204425
6,base,2026-05-31,201843.6206251707,521823.75639326754
6,base,2026-06-01,174582.3631776166,406604.0836054578
6,base,2026-06-02,165844.9237883183,209544.2773554527
6,base,2026-06-03,156694.7359268938,188115.44256209978
6,base,2026-06-04,160301.5900719157,172414.0091865153
6,base,2026-06-05,166649.5271781315,167128.9267059887
6,base,2026-06-06,189788.4728931298,177984.80908238894
6,base,2026-06-07,201768.2313126253,150206.07760438696
6,base,2026-06-08,174580.9152624754,142373.7611717777
6,base,2026-06-09,133852.9901506277,136151.42072435791
6,base,2026-06-10,141713.5315307741,135749.93502442696
6,base,2026-06-11,121801.9629150302,141072.8194000553
6,base,2026-06-12,80097.31022858075,161818.00444695808
6,base,2026-06-13,79432.17603844083,173797.7628664536
6,base,2026-06-14,51854.03477584177,146689.83084865066
6,base,2026-06-15,47047.00811797024,107971.46545642639
6,base,2026-06-16,49498.13353825355,117861.70790661107
6,base,2026-06-17,48315.2033726697,98454.27001323766
6,base,2026-06-18,44125.329575858,59304.193129636114
6,base,2026-06-19,35020.78540226009,61988.0286031218
6,base,2026-06-20,31864.99551244184,37072.31034891659
6,base,2026-06-21,24497.17494178787,33170.4066477341
6,base+bias,2026-05-23,507809.2200161263,119908.95398656848
6,base+bias,2026-05-24,602775.1641346975,162264.3138379003
6,base+bias,2026-05-25,553516.0898851521,157753.65138541412
6,base+bias,2026-05-26,449557.2543120539,169118.4908900627
6,base+bias,2026-05-27,240641.9388894092,321998.5512638363
6,base+bias,2026-05-28,216085.9110082715,404753.475131906
6,base+bias,2026-05-29,198275.3925303018,477236.03426286735
6,base+bias,2026-05-30,192990.3100497752,574311.0634838239
6,base+bias,2026-05-31,201843.6206251707,525556.1199566489
6,base+bias,2026-06-01,174582.3631776166,410336.4471688391
6,base+bias,2026-06-02,165844.9237883183,213276.64091883405
6,base+bias,2026-06-03,156694.7359268938,191847.80612548112
6,base+bias,2026-06-04,160301.5900719157,176146.37274989663
6,base+bias,2026-06-05,166649.5271781315,170861.29026937005
6,base+bias,2026-06-06,189788.4728931298,181717.17264577028
6,base+bias,2026-06-07,201768.2313126253,153938.4411677683
6,base+bias,2026-06-08,174580.9152624754,146106.12473515904
6,base+bias,2026-06-09,133852.9901506277,139883.78428773925
6,base+bias,2026-06-10,141713.5315307741,139482.2985878083
6,base+bias,2026-06-11,121801.9629150302,144805.18296343664
6,base+bias,2026-06-12,80097.31022858075,165550.3680103394
6,base+bias,2026-06-13,79432.17603844083,177530.12642983493
6,base+bias,2026-06-14,51854.03477584177,150422.194412032
6,base+bias,2026-06-15,47047.00811797024,111703.82901980772
6,base+bias,2026-06-16,49498.13353825355,121594.0714699924
6,base+bias,2026-06-17,48315.2033726697,102186.63357661899
6,base+bias,2026-06-18,44125.329575858,63036.55669301745
6,base+bias,2026-06-19,35020.78540226009,65720.39216650312
6,base+bias,2026-06-20,31864.99551244184,40804.67391229792
6,base+bias,2026-06-21,24497.17494178787,36902.77021111543
6,rainfeat,2026-05-23,507809.2200161263,99351.709487076
6,rainfeat,2026-05-24,602775.1641346975,140654.73003279802
6,rainfeat,2026-05-25,553516.0898851521,135912.7268849972
6,rainfeat,2026-05-26,449557.2543120539,146011.27257159684
6,rainfeat,2026-05-27,240641.9388894092,300059.7008845848
6,rainfeat,2026-05-28,216085.9110082715,387124.36909644585
6,rainfeat,2026-05-29,198275.3925303018,447389.17001283134
6,rainfeat,2026-05-30,192990.3100497752,542764.2367345407
6,rainfeat,2026-05-31,201843.6206251707,495750.1739521482
6,rainfeat,2026-06-01,174582.3631776166,383359.5668316324
6,rainfeat,2026-06-02,165844.9237883183,174444.25140898768
6,rainfeat,2026-06-03,156694.7359268938,154447.8945285803
6,rainfeat,2026-06-04,160301.5900719157,151600.03128980836
6,rainfeat,2026-06-05,166649.5271781315,148006.61095799474
6,rainfeat,2026-06-06,189788.4728931298,159382.4328416456
6,rainfeat,2026-06-07,201768.2313126253,135403.77313920378
6,rainfeat,2026-06-08,174580.9152624754,132086.99711197184
6,rainfeat,2026-06-09,133852.9901506277,129201.57188130097
6,rainfeat,2026-06-10,141713.5315307741,121822.19743481699
6,rainfeat,2026-06-11,121801.9629150302,131583.2747709133
6,rainfeat,2026-06-12,80097.31022858075,141862.6794887645
6,rainfeat,2026-06-13,79432.17603844083,154422.90811136906
6,rainfeat,2026-06-14,51854.03477584177,127434.60519596827
6,rainfeat,2026-06-15,47047.00811797024,100714.60340672004
6,rainfeat,2026-06-16,49498.13353825355,100660.38907777568
6,rainfeat,2026-06-17,48315.2033726697,94957.97908474675
6,rainfeat,2026-06-18,44125.329575858,56658.22905712932
6,rainfeat,2026-06-19,35020.78540226009,60550.17325655755
6,rainfeat,2026-06-20,31864.99551244184,35911.71733563932
6,rainfeat,2026-06-21,24497.17494178787,33130.36265165142
6,rainfeat+bias,2026-05-23,507809.2200161263,103084.07305045733
6,rainfeat+bias,2026-05-24,602775.1641346975,144387.09359617936
6,rainfeat+bias,2026-05-25,553516.0898851521,139645.09044837853
6,rainfeat+bias,2026-05-26,449557.2543120539,149743.63613497818
6,rainfeat+bias,2026-05-27,240641.9388894092,303792.0644479661
6,rainfeat+bias,2026-05-28,216085.9110082715,390856.73265982716
6,rainfeat+bias,2026-05-29,198275.3925303018,451121.53357621265
6,rainfeat+bias,2026-05-30,192990.3100497752,546496.600297922
6,rainfeat+bias,2026-05-31,201843.6206251707,499482.5375155295
6,rainfeat+bias,2026-06-01,174582.3631776166,387091.9303950137
6,rainfeat+bias,2026-06-02,165844.9237883183,178176.61497236902
6,rainfeat+bias,2026-06-03,156694.7359268938,158180.25809196164
6,rainfeat+bias,2026-06-04,160301.5900719157,155332.3948531897
6,rainfeat+bias,2026-06-05,166649.5271781315,151738.97452137608
6,rainfeat+bias,2026-06-06,189788.4728931298,163114.79640502695
6,rainfeat+bias,2026-06-07,201768.2313126253,139136.13670258512
6,rainfeat+bias,2026-06-08,174580.9152624754,135819.36067535318
6,rainfeat+bias,2026-06-09,133852.9901506277,132933.9354446823
6,rainfeat+bias,2026-06-10,141713.5315307741,125554.56099819831
6,rainfeat+bias,2026-06-11,121801.9629150302,135315.63833429464
6,rainfeat+bias,2026-06-12,80097.31022858075,145595.04305214583
6,rainfeat+bias,2026-06-13,79432.17603844083,158155.2716747504
6,rainfeat+bias,2026-06-14,51854.03477584177,131166.9687593496
6,rainfeat+bias,2026-06-15,47047.00811797024,104446.96697010136
6,rainfeat+bias,2026-06-16,49498.13353825355,104392.752641157
6,rainfeat+bias,2026-06-17,48315.2033726697,98690.34264812808
6,rainfeat+bias,2026-06-18,44125.329575858,60390.59262051065
6,rainfeat+bias,2026-06-19,35020.78540226009,64282.53681993888
6,rainfeat+bias,2026-06-20,31864.99551244184,39644.08089902065
6,rainfeat+bias,2026-06-21,24497.17494178787,36862.72621503275
6,base,2026-06-22,21684.38265192751,34048.35413353921
6,base,2026-06-23,16173.40765637152,32964.32916035584
6,base,2026-06-24,24563.31828446738,29117.725240499356
6,base,2026-06-25,26743.39728476141,21394.484564415965
6,base,2026-06-26,4118.680690423142,18786.99815064011
6,base,2026-06-27,3424.85477286065,13316.54324872056
6,base,2026-06-28,0.0,11811.997028721033
6,base,2026-06-29,0.0,10390.07664277717
6,base,2026-06-30,0.0,19157.79490076596
6,base,2026-07-01,0.0,18684.08515518341
6,base,2026-07-02,0.0,3032.2660223050616
6,base,2026-07-03,0.0,10493.676655535088
6,base,2026-07-04,0.0,15396.310639691776
6,base,2026-07-05,8.358452526200495,11610.570956950496
6,base,2026-07-06,1548.477362288514,7533.700224288951
6,base,2026-07-07,0.0,7566.763518252226
6,base,2026-07-08,12175.06558400085,3519.5297890293373
6,base,2026-07-09,0.0,2614.9186590522845
6,base,2026-07-10,0.0,3638.7856760569566
6,base,2026-07-11,0.0,8785.40775932204
6,base,2026-07-12,0.0,6122.823621059789
6,base,2026-07-13,2547.386090313617,4243.610945591092
6,base,2026-07-14,0.0,36108.87466980929
6,base,2026-07-15,0.0,15722.970579144569
6,base,2026-07-16,0.0,4167.06717110686
6,base,2026-07-17,0.0,5494.024475478002
6,base,2026-07-18,0.0,3215.8047144336956
6,base+bias,2026-06-22,21684.38265192751,37343.55127663942
6,base+bias,2026-06-23,16173.40765637152,36259.52630345605
6,base+bias,2026-06-24,24563.31828446738,32412.922383599565
6,base+bias,2026-06-25,26743.39728476141,24689.681707516174
6,base+bias,2026-06-26,4118.680690423142,22082.19529374032
6,base+bias,2026-06-27,3424.85477286065,16611.740391820767
6,base+bias,2026-06-28,0.0,15107.194171821242
6,base+bias,2026-06-29,0.0,13685.27378587738
6,base+bias,2026-06-30,0.0,22452.99204386617
6,base+bias,2026-07-01,0.0,21979.28229828362
6,base+bias,2026-07-02,0.0,6327.46316540527
6,base+bias,2026-07-03,0.0,13788.873798635297
6,base+bias,2026-07-04,0.0,18691.507782791985
6,base+bias,2026-07-05,8.358452526200495,14905.768100050705
6,base+bias,2026-07-06,1548.477362288514,10828.89736738916
6,base+bias,2026-07-07,0.0,10861.960661352436
6,base+bias,2026-07-08,12175.06558400085,6814.726932129546
6,base+bias,2026-07-09,0.0,5910.115802152493
6,base+bias,2026-07-10,0.0,6933.982819157165
6,base+bias,2026-07-11,0.0,12080.60490242225
6,base+bias,2026-07-12,0.0,9418.020764159997
6,base+bias,2026-07-13,2547.386090313617,7538.808088691301
6,base+bias,2026-07-14,0.0,39404.0718129095
6,base+bias,2026-07-15,0.0,19018.167722244776
6,base+bias,2026-07-16,0.0,7462.264314207068
6,base+bias,2026-07-17,0.0,8789.22161857821
6,base+bias,2026-07-18,0.0,6511.0018575339045
6,rainfeat,2026-06-22,21684.38265192751,36315.19527491312
6,rainfeat,2026-06-23,16173.40765637152,35041.79470528605
6,rainfeat,2026-06-24,24563.31828446738,31773.930713076246
6,rainfeat,2026-06-25,26743.39728476141,23198.028831307638
6,rainfeat,2026-06-26,4118.680690423142,22275.33100530645
6,rainfeat,2026-06-27,3424.85477286065,16703.828937690454
6,rainfeat,2026-06-28,0.0,14605.242752072389
6,rainfeat,2026-06-29,0.0,11358.211858990428
6,rainfeat,2026-06-30,0.0,19883.918469639913
6,rainfeat,2026-07-01,0.0,21631.67056899232
6,rainfeat,2026-07-02,0.0,4627.015853567813
6,rainfeat,2026-07-03,0.0,13552.507300726447
6,rainfeat,2026-07-04,0.0,18251.081760818975
6,rainfeat,2026-07-05,8.358452526200495,11758.14758678628
6,rainfeat,2026-07-06,1548.477362288514,6854.9386772335865
6,rainfeat,2026-07-07,0.0,6413.655490655233
6,rainfeat,2026-07-08,12175.06558400085,4517.407355654294
6,rainfeat,2026-07-09,0.0,2416.0393940742633
6,rainfeat,2026-07-10,0.0,3894.589735106807
6,rainfeat,2026-07-11,0.0,11664.80798398307
6,rainfeat,2026-07-12,0.0,7393.936617905885
6,rainfeat,2026-07-13,2547.386090313617,2854.191494441401
6,rainfeat,2026-07-14,0.0,41477.70259416018
6,rainfeat,2026-07-15,0.0,21248.132280224647
6,rainfeat,2026-07-16,0.0,14024.561035691564
6,rainfeat,2026-07-17,0.0,8453.317871935325
6,rainfeat,2026-07-18,0.0,3698.3933290997693
6,rainfeat+bias,2026-06-22,21684.38265192751,39610.39241801333
6,rainfeat+bias,2026-06-23,16173.40765637152,38336.99184838626
6,rainfeat+bias,2026-06-24,24563.31828446738,35069.127856176456
6,rainfeat+bias,2026-06-25,26743.39728476141,26493.225974407847
6,rainfeat+bias,2026-06-26,4118.680690423142,25570.528148406658
6,rainfeat+bias,2026-06-27,3424.85477286065,19999.026080790663
6,rainfeat+bias,2026-06-28,0.0,17900.439895172596
6,rainfeat+bias,2026-06-29,0.0,14653.409002090637
6,rainfeat+bias,2026-06-30,0.0,23179.115612740123
6,rainfeat+bias,2026-07-01,0.0,24926.867712092528
6,rainfeat+bias,2026-07-02,0.0,7922.212996668022
6,rainfeat+bias,2026-07-03,0.0,16847.704443826657
6,rainfeat+bias,2026-07-04,0.0,21546.278903919185
6,rainfeat+bias,2026-07-05,8.358452526200495,15053.344729886488
6,rainfeat+bias,2026-07-06,1548.477362288514,10150.135820333795
6,rainfeat+bias,2026-07-07,0.0,9708.852633755441
6,rainfeat+bias,2026-07-08,12175.06558400085,7812.604498754503
6,rainfeat+bias,2026-07-09,0.0,5711.236537174473
6,rainfeat+bias,2026-07-10,0.0,7189.786878207016
6,rainfeat+bias,2026-07-11,0.0,14960.00512708328
6,rainfeat+bias,2026-07-12,0.0,10689.133761006095
6,rainfeat+bias,2026-07-13,2547.386090313617,6149.38863754161
6,rainfeat+bias,2026-07-14,0.0,44772.89973726039
6,rainfeat+bias,2026-07-15,0.0,24543.329423324856
6,rainfeat+bias,2026-07-16,0.0,17319.758178791773
6,rainfeat+bias,2026-07-17,0.0,11748.515015035535
6,rainfeat+bias,2026-07-18,0.0,6993.590472199978
7,base,2025-11-24,170801.8414968055,320853.73085654574
7,base,2025-11-25,168695.2513560315,283256.2659817718
7,base,2025-11-26,162280.3512820562,251063.46120679914
7,base,2025-11-27,150695.9364096984,227082.14265886275
7,base,2025-11-28,146155.8711909035,210448.47183238267
7,base,2025-11-29,142112.1251674911,192739.69197182567
7,base,2025-11-30,128336.1512244437,182383.51031859528
7,base,2025-12-01,123172.8626200811,171422.93498377752
7,base,2025-12-02,118333.622935685,169316.34484300355
7,base,2025-12-03,105974.2258759667,162901.44476902822
7,base,2025-12-04,100182.1597185699,151317.02989667043
7,base,2025-12-05,105777.9168306079,146776.96467787557
7,base,2025-12-06,95674.64344875758,142733.21865446313
7,base,2025-12-07,102286.8081684614,128957.24471141575
7,base,2025-12-08,98510.33062773151,123793.95610705315
7,base,2025-12-09,91571.26234193222,118954.71642265705
7,base,2025-12-10,89250.45186240789,106595.31936293875
7,base,2025-12-11,86114.73632646514,102499.91385965099
7,base,2025-12-12,75862.80524445037,108095.67097168897
7,base,2025-12-13,72806.88785966646,97992.39758983866
7,base,2025-12-14,67326.7436279514,104604.56230954248
7,base,2025-12-15,69477.14912641923,100828.0847688126
7,base,2025-12-16,59737.54393713534,93889.0164830133
7,base,2025-12-17,61014.29057677041,91568.20600348897
7,base,2025-12-18,58606.43323292737,88432.49046754622
7,base,2025-12-19,60641.28989477052,78180.55938553145
7,base,2025-12-20,58575.915307928,75124.64200074754
7,base,2025-12-21,52735.22662610265,69644.49776903247
7,base,2025-12-22,45221.99825716334,71794.90326750031
7,base,2025-12-23,44408.05284441299,62055.298078216416
7,base+bias,2025-11-24,170801.8414968055,320853.73085654574
7,base+bias,2025-11-25,168695.2513560315,283256.2659817718
7,base+bias,2025-11-26,162280.3512820562,251063.46120679914
7,base+bias,2025-11-27,150695.9364096984,227082.14265886275
7,base+bias,2025-11-28,146155.8711909035,210448.47183238267
7,base+bias,2025-11-29,142112.1251674911,192739.69197182567
7,base+bias,2025-11-30,128336.1512244437,182383.51031859528
7,base+bias,2025-12-01,123172.8626200811,171422.93498377752
7,base+bias,2025-12-02,118333.622935685,169316.34484300355
7,base+bias,2025-12-03,105974.2258759667,162901.44476902822
7,base+bias,2025-12-04,100182.1597185699,151317.02989667043
7,base+bias,2025-12-05,105777.9168306079,146776.96467787557
7,base+bias,2025-12-06,95674.64344875758,142733.21865446313
7,base+bias,2025-12-07,102286.8081684614,128957.24471141575
7,base+bias,2025-12-08,98510.33062773151,123793.95610705315
7,base+bias,2025-12-09,91571.26234193222,118954.71642265705
7,base+bias,2025-12-10,89250.45186240789,106595.31936293875
7,base+bias,2025-12-11,86114.73632646514,102499.91385965099
7,base+bias,2025-12-12,75862.80524445037,108095.67097168897
7,base+bias,2025-12-13,72806.88785966646,97992.39758983866
7,base+bias,2025-12-14,67326.7436279514,104604.56230954248
7,base+bias,2025-12-15,69477.14912641923,100828.0847688126
7,base+bias,2025-12-16,59737.54393713534,93889.0164830133
7,base+bias,2025-12-17,61014.29057677041,91568.20600348897
7,base+bias,2025-12-18,58606.43323292737,88432.49046754622
7,base+bias,2025-12-19,60641.28989477052,78180.55938553145
7,base+bias,2025-12-20,58575.915307928,75124.64200074754
7,base+bias,2025-12-21,52735.22662610265,69644.49776903247
7,base+bias,2025-12-22,45221.99825716334,71794.90326750031
7,base+bias,2025-12-23,44408.05284441299,62055.298078216416
7,rainfeat,2025-11-24,170801.8414968055,312107.3625069379
7,rainfeat,2025-11-25,168695.2513560315,274509.89763216395
7,rainfeat,2025-11-26,162280.3512820562,242317.09285719128
7,rainfeat,2025-11-27,150695.9364096984,218335.7743092549
7,rainfeat,2025-11-28,146155.8711909035,204074.7966052462
7,rainfeat,2025-11-29,142112.1251674911,188617.9689563063
7,rainfeat,2025-11-30,128336.1512244437,182550.20904305743
7,rainfeat,2025-12-01,123172.8626200811,171589.6337082397
7,rainfeat,2025-12-02,118333.622935685,169483.04356746573
7,rainfeat,2025-12-03,105974.2258759667,163068.1434934904
7,rainfeat,2025-12-04,100182.1597185699,151483.7286211326
7,rainfeat,2025-12-05,105777.9168306079,146943.66340233773
7,rainfeat,2025-12-06,95674.64344875758,142899.9173789253
7,rainfeat,2025-12-07,102286.8081684614,129123.94343587793
7,rainfeat,2025-12-08,98510.33062773151,123960.65483151532
7,rainfeat,2025-12-09,91571.26234193222,119121.41514711922
7,rainfeat,2025-12-10,89250.45186240789,106762.01808740092
7,rainfeat,2025-12-11,86114.73632646514,100969.95193000413
7,rainfeat,2025-12-12,75862.80524445037,106565.70904204212
7,rainfeat,2025-12-13,72806.88785966646,96462.4356601918
7,rainfeat,2025-12-14,67326.7436279514,103074.60037989562
7,rainfeat,2025-12-15,69477.14912641923,99298.12283916574
7,rainfeat,2025-12-16,59737.54393713534,92359.05455336644
7,rainfeat,2025-12-17,61014.29057677041,90038.24407384211
7,rainfeat,2025-12-18,58606.43323292737,86902.52853789936
7,rainfeat,2025-12-19,60641.28989477052,76650.59745588459
7,rainfeat,2025-12-20,58575.915307928,73594.68007110068
7,rainfeat,2025-12-21,52735.22662610265,68114.53583938561
7,rainfeat,2025-12-22,45221.99825716334,70264.94133785345
7,rainfeat,2025-12-23,44408.05284441299,61360.23321321042
7,rainfeat+bias,2025-11-24,170801.8414968055,312107.3625069379
7,rainfeat+bias,2025-11-25,168695.2513560315,274509.89763216395
7,rainfeat+bias,2025-11-26,162280.3512820562,242317.09285719128
7,rainfeat+bias,2025-11-27,150695.9364096984,218335.7743092549
7,rainfeat+bias,2025-11-28,146155.8711909035,204074.7966052462
7,rainfeat+bias,2025-11-29,142112.1251674911,188617.9689563063
7,rainfeat+bias,2025-11-30,128336.1512244437,182550.20904305743
7,rainfeat+bias,2025-12-01,123172.8626200811,171589.6337082397
7,rainfeat+bias,2025-12-02,118333.622935685,169483.04356746573
7,rainfeat+bias,2025-12-03,105974.2258759667,163068.1434934904
7,rainfeat+bias,2025-12-04,100182.1597185699,151483.7286211326
7,rainfeat+bias,2025-12-05,105777.9168306079,146943.66340233773
7,rainfeat+bias,2025-12-06,95674.64344875758,142899.9173789253
7,rainfeat+bias,2025-12-07,102286.8081684614,129123.94343587793
7,rainfeat+bias,2025-12-08,98510.33062773151,123960.65483151532
7,rainfeat+bias,2025-12-09,91571.26234193222,119121.41514711922
7,rainfeat+bias,2025-12-10,89250.45186240789,106762.01808740092
7,rainfeat+bias,2025-12-11,86114.73632646514,100969.95193000413
7,rainfeat+bias,2025-12-12,75862.80524445037,106565.70904204212
7,rainfeat+bias,2025-12-13,72806.88785966646,96462.4356601918
7,rainfeat+bias,2025-12-14,67326.7436279514,103074.60037989562
7,rainfeat+bias,2025-12-15,69477.14912641923,99298.12283916574
7,rainfeat+bias,2025-12-16,59737.54393713534,92359.05455336644
7,rainfeat+bias,2025-12-17,61014.29057677041,90038.24407384211
7,rainfeat+bias,2025-12-18,58606.43323292737,86902.52853789936
7,rainfeat+bias,2025-12-19,60641.28989477052,76650.59745588459
7,rainfeat+bias,2025-12-20,58575.915307928,73594.68007110068
7,rainfeat+bias,2025-12-21,52735.22662610265,68114.53583938561
7,rainfeat+bias,2025-12-22,45221.99825716334,70264.94133785345
7,rainfeat+bias,2025-12-23,44408.05284441299,61360.23321321042
7,base,2025-12-24,40484.07026904635,62897.45704928923
7,base,2025-12-25,37856.28804302291,60489.59970544619
7,base,2025-12-26,42454.87035829797,62524.45636728934
7,base,2025-12-27,40621.68780879292,60459.081780446824
7,base,2025-12-28,38841.39655611992,54618.39309862148
7,base,2025-12-29,35062.85962274358,47105.16472968216
7,base,2025-12-30,28196.25966596511,46291.21931693181
7,base,2025-12-31,24052.600328715,42367.236741565175
7,base,2026-01-01,0.0,40123.161561610206
7,base,2026-01-02,1005.554128209214,45605.938671487165
7,base,2026-01-03,4547.181981030939,43772.756121982115
7,base,2026-01-04,2501.206056063745,41944.971279044556
7,base,2026-01-05,7038.238120057628,38632.380315790724
7,base,2026-01-06,5146.520075025873,32995.78482539945
7,base,2026-01-07,6795.481323221639,28852.125488149344
7,base,2026-01-08,7522.553062727141,4950.8182235186705
7,base,2026-01-09,9082.504002172822,5825.292292023236
7,base,2026-01-10,9641.718665012206,8961.685431628892
7,base,2026-01-11,7931.427796269722,6914.603143743236
7,base,2026-01-12,6951.298485920801,11720.686033480482
7,base,2026-01-13,6802.897787536684,9828.967988448727
7,base,2026-01-14,6430.379010740346,11477.929236644493
7,base,2026-01-15,4754.223042374496,12207.218598384265
7,base,2026-01-16,5013.879969758142,13773.30780243411
7,base,2026-01-17,5224.655702852328,14332.522465273494
7,base,2026-01-18,5864.683898932829,12760.628209840641
7,base,2026-01-19,6994.802601928017,11778.28127725745
7,base,2026-01-20,11476.10062633418,11485.345700959537
7,base,2026-01-21,5676.608802087474,11112.8269241632
7,base,2026-01-22,11838.21534079677,9436.67095579735
7,base+bias,2025-12-24,40484.07026904635,20888.656612698884
7,base+bias,2025-12-25,37856.28804302291,18480.799268855844
7,base+bias,2025-12-26,42454.87035829797,20515.655930698995
7,base+bias,2025-12-27,40621.68780879292,18450.281343856477
7,base+bias,2025-12-28,38841.39655611992,12609.59266203113
7,base+bias,2025-12-29,35062.85962274358,5096.364293091814
7,base+bias,2025-12-30,28196.25966596511,4282.418880341465
7,base+bias,2025-12-31,24052.600328715,358.4363049748281
7,base+bias,2026-01-01,0.0,0.0
7,base+bias,2026-01-02,1005.554128209214,3597.138234896818
7,base+bias,2026-01-03,4547.181981030939,1763.9556853917675
7,base+bias,2026-01-04,2501.206056063745,0.0
7,base+bias,2026-01-05,7038.238120057628,0.0
7,base+bias,2026-01-06,5146.520075025873,0.0
7,base+bias,2026-01-07,6795.481323221639,0.0
7,base+bias,2026-01-08,7522.553062727141,0.0
7,base+bias,2026-01-09,9082.504002172822,0.0
7,base+bias,2026-01-10,9641.718665012206,0.0
7,base+bias,2026-01-11,7931.427796269722,0.0
7,base+bias,2026-01-12,6951.298485920801,0.0
7,base+bias,2026-01-13,6802.897787536684,0.0
7,base+bias,2026-01-14,6430.379010740346,0.0
7,base+bias,2026-01-15,4754.223042374496,0.0
7,base+bias,2026-01-16,5013.879969758142,0.0
7,base+bias,2026-01-17,5224.655702852328,0.0
7,base+bias,2026-01-18,5864.683898932829,0.0
7,base+bias,2026-01-19,6994.802601928017,0.0
7,base+bias,2026-01-20,11476.10062633418,0.0
7,base+bias,2026-01-21,5676.608802087474,0.0
7,base+bias,2026-01-22,11838.21534079677,0.0
7,rainfeat,2025-12-24,40484.07026904635,56016.711249369495
7,rainfeat,2025-12-25,37856.28804302291,55378.09147667007
7,rainfeat,2025-12-26,42454.87035829797,57412.948138513224
7,rainfeat,2025-12-27,40621.68780879292,55347.57355167071
7,rainfeat,2025-12-28,38841.39655611992,50344.384184451505
7,rainfeat,2025-12-29,35062.85962274358,43283.74159255623
7,rainfeat,2025-12-30,28196.25966596511,42440.159896611316
7,rainfeat,2025-12-31,24052.600328715,39554.42656776132
7,rainfeat,2026-01-01,0.0,37600.82611663036
7,rainfeat,2026-01-02,1005.554128209214,41454.74323995494
7,rainfeat,2026-01-03,4547.181981030939,40718.08108845849
7,rainfeat,2026-01-04,2501.206056063745,38585.934629727366
7,rainfeat,2026-01-05,7038.238120057628,35159.25290240915
7,rainfeat,2026-01-06,5146.520075025873,29124.412182953332
7,rainfeat,2026-01-07,6795.481323221639,27013.78068692992
7,rainfeat,2026-01-08,7522.553062727141,3793.875093476471
7,rainfeat,2026-01-09,9082.504002172822,6023.797490873736
7,rainfeat,2026-01-10,9641.718665012206,9637.50341346637
7,rainfeat,2026-01-11,7931.427796269722,7796.802475241631
7,rainfeat,2026-01-12,6951.298485920801,11948.567003806162
7,rainfeat,2026-01-13,6802.897787536684,11063.62004013397
7,rainfeat,2026-01-14,6430.379010740346,12538.523540810173
7,rainfeat,2026-01-15,4754.223042374496,13166.73033297537
7,rainfeat,2026-01-16,5013.879969758142,14810.858845029506
7,rainfeat,2026-01-17,5224.655702852328,15161.557387269542
7,rainfeat,2026-01-18,5864.683898932829,13451.266518527058
7,rainfeat,2026-01-19,6994.802601928017,12324.20259124852
7,rainfeat,2026-01-20,11476.10062633418,12575.752937475052
7,rainfeat,2026-01-21,5676.608802087474,12179.524130613489
7,rainfeat,2026-01-22,11838.21534079677,11220.757557437642
7,rainfeat+bias,2025-12-24,40484.07026904635,14007.910812779148
7,rainfeat+bias,2025-12-25,37856.28804302291,13369.291040079726
7,rainfeat+bias,2025-12-26,42454.87035829797,15404.147701922877
7,rainfeat+bias,2025-12-27,40621.68780879292,13338.77311508036
7,rainfeat+bias,2025-12-28,38841.39655611992,8335.583747861157
7,rainfeat+bias,2025-12-29,35062.85962274358,1274.9411559658838
7,rainfeat+bias,2025-12-30,28196.25966596511,431.359460020969
7,rainfeat+bias,2025-12-31,24052.600328715,0.0
7,rainfeat+bias,2026-01-01,0.0,0.0
7,rainfeat+bias,2026-01-02,1005.554128209214,0.0
7,rainfeat+bias,2026-01-03,4547.181981030939,0.0
7,rainfeat+bias,2026-01-04,2501.206056063745,0.0
7,rainfeat+bias,2026-01-05,7038.238120057628,0.0
7,rainfeat+bias,2026-01-06,5146.520075025873,0.0
7,rainfeat+bias,2026-01-07,6795.481323221639,0.0
7,rainfeat+bias,2026-01-08,7522.553062727141,0.0
7,rainfeat+bias,2026-01-09,9082.504002172822,0.0
7,rainfeat+bias,2026-01-10,9641.718665012206,0.0
7,rainfeat+bias,2026-01-11,7931.427796269722,0.0
7,rainfeat+bias,2026-01-12,6951.298485920801,0.0
7,rainfeat+bias,2026-01-13,6802.897787536684,0.0
7,rainfeat+bias,2026-01-14,6430.379010740346,0.0
7,rainfeat+bias,2026-01-15,4754.223042374496,0.0
7,rainfeat+bias,2026-01-16,5013.879969758142,0.0
7,rainfeat+bias,2026-01-17,5224.655702852328,0.0
7,rainfeat+bias,2026-01-18,5864.683898932829,0.0
7,rainfeat+bias,2026-01-19,6994.802601928017,0.0
7,rainfeat+bias,2026-01-20,11476.10062633418,0.0
7,rainfeat+bias,2026-01-21,5676.608802087474,0.0
7,rainfeat+bias,2026-01-22,11838.21534079677,0.0
7,base,2026-01-23,6614.983560953315,5856.491731265456
7,base,2026-01-24,8220.106059791846,6012.598527739878
7,base,2026-01-25,8037.136958042139,6652.626723820378
7,base,2026-01-26,7249.710052871193,7782.745426815566
7,base,2026-01-27,0.0,12099.936919097978
7,base,2026-01-28,0.0,6085.431761462787
7,base,2026-01-29,1167.570968068156,12388.713283743356
7,base,2026-01-30,1167.570968068156,6969.137583708862
7,base,2026-01-31,1167.570968068156,8465.215407156244
7,base,2026-02-01,4170.535081053606,8487.066303366637
7,base,2026-02-02,4172.782660970314,7111.6769967388955
7,base,2026-02-03,1168.765625470164,0.0
7,base,2026-02-04,1168.765625470164,2891.3494947696818
7,base,2026-02-05,4174.822262577526,4348.834206176124
7,base,2026-02-06,0.0,4348.834206176124
7,base,2026-02-07,1167.570968068156,4348.834206176124
7,base,2026-02-08,1167.570968068156,7092.606759419658
7,base,2026-02-09,1167.570968068156,5671.747323919205
7,base,2026-02-10,1167.570968068156,2667.730288419055
7,base,2026-02-11,1167.570968068156,2489.7053438476523
7,base,2026-02-12,1167.570968068156,5379.409067780386
7,base,2026-02-13,1167.570968068156,2641.5896857697826
7,base,2026-02-14,0.0,4348.834206176124
7,base,2026-02-15,3147.926173739526,4348.834206176124
7,base,2026-02-16,0.0,4348.834206176124
7,base,2026-02-17,4168.485571068196,4348.834206176124
7,base,2026-02-18,1167.570968068156,4348.834206176124
7,base,2026-02-19,1167.570968068156,4348.834206176124
7,base,2026-02-20,1167.570968068156,4348.834206176124
7,base,2026-02-21,1167.570968068156,3181.2632381079684
7,base+bias,2026-01-23,6614.983560953315,0.0
7,base+bias,2026-01-24,8220.106059791846,0.0
7,base+bias,2026-01-25,8037.136958042139,0.0
7,base+bias,2026-01-26,7249.710052871193,0.0
7,base+bias,2026-01-27,0.0,0.0
7,base+bias,2026-01-28,0.0,0.0
7,base+bias,2026-01-29,1167.570968068156,0.0
7,base+bias,2026-01-30,1167.570968068156,0.0
7,base+bias,2026-01-31,1167.570968068156,0.0
7,base+bias,2026-02-01,4170.535081053606,0.0
7,base+bias,2026-02-02,4172.782660970314,0.0
7,base+bias,2026-02-03,1168.765625470164,0.0
7,base+bias,2026-02-04,1168.765625470164,0.0
7,base+bias,2026-02-05,4174.822262577526,0.0
7,base+bias,2026-02-06,0.0,0.0
7,base+bias,2026-02-07,1167.570968068156,0.0
7,base+bias,2026-02-08,1167.570968068156,0.0
7,base+bias,2026-02-09,1167.570968068156,0.0
7,base+bias,2026-02-10,1167.570968068156,0.0
7,base+bias,2026-02-11,1167.570968068156,0.0
7,base+bias,2026-02-12,1167.570968068156,0.0
7,base+bias,2026-02-13,1167.570968068156,0.0
7,base+bias,2026-02-14,0.0,0.0
7,base+bias,2026-02-15,3147.926173739526,0.0
7,base+bias,2026-02-16,0.0,0.0
7,base+bias,2026-02-17,4168.485571068196,0.0
7,base+bias,2026-02-18,1167.570968068156,0.0
7,base+bias,2026-02-19,1167.570968068156,0.0
7,base+bias,2026-02-20,1167.570968068156,0.0
7,base+bias,2026-02-21,1167.570968068156,0.0
7,rainfeat,2026-01-23,6614.983560953315,3868.6424585146015
7,rainfeat,2026-01-24,8220.106059791846,3870.4318638703617
7,rainfeat,2026-01-25,8037.136958042139,4510.460059950862
7,rainfeat,2026-01-26,7249.710052871193,5710.226076719018
7,rainfeat,2026-01-27,0.0,9766.829694049724
7,rainfeat,2026-01-28,0.0,4439.255567148819
7,rainfeat,2026-01-29,1167.570968068156,10376.073699095889
7,rainfeat,2026-01-30,1167.570968068156,5377.63032601466
7,rainfeat,2026-01-31,1167.570968068156,7182.658825166422
7,rainfeat,2026-02-01,4170.535081053606,6752.56043283314
7,rainfeat,2026-02-02,4172.782660970314,6212.262818245768
7,rainfeat,2026-02-03,1168.765625470164,685.1702698268923
7,rainfeat,2026-02-04,1168.765625470164,3307.0540686625163
7,rainfeat,2026-02-05,4174.822262577526,4532.580411590631
7,rainfeat,2026-02-06,0.0,4532.580411590631
7,rainfeat,2026-02-07,1167.570968068156,4532.580411590631
7,rainfeat,2026-02-08,1167.570968068156,7535.544524576081
7,rainfeat,2026-02-09,1167.570968068156,7314.388696293085
7,rainfeat,2026-02-10,1167.570968068156,4449.6337082563205
7,rainfeat,2026-02-11,1167.570968068156,3946.7703123502297
7,rainfeat,2026-02-12,1167.570968068156,6273.80723072593
7,rainfeat,2026-02-13,1167.570968068156,3352.741353330309
7,rainfeat,2026-02-14,0.0,4671.842459054017
7,rainfeat,2026-02-15,3147.926173739526,4532.580411590631
7,rainfeat,2026-02-16,0.0,4532.580411590631
7,rainfeat,2026-02-17,4168.485571068196,4532.580411590631
7,rainfeat,2026-02-18,1167.570968068156,4532.580411590631
7,rainfeat,2026-02-19,1167.570968068156,4532.580411590631
7,rainfeat,2026-02-20,1167.570968068156,4532.580411590631
7,rainfeat,2026-02-21,1167.570968068156,3412.2327337928173
7,rainfeat+bias,2026-01-23,6614.983560953315,0.0
7,rainfeat+bias,2026-01-24,8220.106059791846,0.0
7,rainfeat+bias,2026-01-25,8037.136958042139,0.0
7,rainfeat+bias,2026-01-26,7249.710052871193,0.0
7,rainfeat+bias,2026-01-27,0.0,0.0
7,rainfeat+bias,2026-01-28,0.0,0.0
7,rainfeat+bias,2026-01-29,1167.570968068156,0.0
7,rainfeat+bias,2026-01-30,1167.570968068156,0.0
7,rainfeat+bias,2026-01-31,1167.570968068156,0.0
7,rainfeat+bias,2026-02-01,4170.535081053606,0.0
7,rainfeat+bias,2026-02-02,4172.782660970314,0.0
7,rainfeat+bias,2026-02-03,1168.765625470164,0.0
7,rainfeat+bias,2026-02-04,1168.765625470164,0.0
7,rainfeat+bias,2026-02-05,4174.822262577526,0.0
7,rainfeat+bias,2026-02-06,0.0,0.0
7,rainfeat+bias,2026-02-07,1167.570968068156,0.0
7,rainfeat+bias,2026-02-08,1167.570968068156,0.0
7,rainfeat+bias,2026-02-09,1167.570968068156,0.0
7,rainfeat+bias,2026-02-10,1167.570968068156,0.0
7,rainfeat+bias,2026-02-11,1167.570968068156,0.0
7,rainfeat+bias,2026-02-12,1167.570968068156,0.0
7,rainfeat+bias,2026-02-13,1167.570968068156,0.0
7,rainfeat+bias,2026-02-14,0.0,0.0
7,rainfeat+bias,2026-02-15,3147.926173739526,0.0
7,rainfeat+bias,2026-02-16,0.0,0.0
7,rainfeat+bias,2026-02-17,4168.485571068196,0.0
7,rainfeat+bias,2026-02-18,1167.570968068156,0.0
7,rainfeat+bias,2026-02-19,1167.570968068156,0.0
7,rainfeat+bias,2026-02-20,1167.570968068156,0.0
7,rainfeat+bias,2026-02-21,1167.570968068156,0.0
7,base,2026-02-22,1232.360327093139,3873.1779900296747
7,base,2026-02-23,1232.360327093139,649.9328578706027
7,base,2026-02-24,0.0,4892.324731957241
7,base,2026-02-25,7232.699243493119,1591.8683353948638
7,base,2026-02-26,0.0,1665.7746384133063
7,base,2026-02-27,4231.157917663651,1611.3580480734129
7,base,2026-02-28,10240.97433716826,1611.3580480734129
7,base,2026-03-01,0.0,1676.147407098396
7,base,2026-03-02,7240.005734046325,1676.147407098396
7,base,2026-03-03,0.0,438.4669675156256
7,base,2026-03-04,0.0,7685.816940506694
7,base,2026-03-05,0.0,364.5606644971831
7,base,2026-03-06,4588.915562032591,4695.844662007271
7,base,2026-03-07,1051.725638716127,10270.333144124097
7,base,2026-03-08,1171.730949081183,438.4669675156256
7,base,2026-03-09,1231.733604263711,7383.651140246203
7,base,2026-03-10,1591.827078183679,364.5606644971831
7,base,2026-03-11,3694.787865385309,740.831368138879
7,base,2026-03-12,29442.79622979818,620.9419599025332
7,base,2026-03-13,3141.663118533274,5433.164056247288
7,base,2026-03-14,15588.06166423388,1779.4237012795456
7,base,2026-03-15,0.0,1973.3353146630425
7,base,2026-03-16,0.0,1760.821698541937
7,base,2026-03-17,7447.294367083702,2703.7846149453335
7,base,2026-03-18,0.0,4496.392230967169
7,base,2026-03-19,1300.310608590011,21002.64520330308
7,base,2026-03-20,0.0,0.0
7,base,2026-03-21,0.0,11192.063719738744
7,base,2026-03-22,0.0,334.03218665138775
7,base,2026-03-23,0.0,445.25129400842343
7,base+bias,2026-02-22,1232.360327093139,0.0
7,base+bias,2026-02-23,1232.360327093139,0.0
7,base+bias,2026-02-24,0.0,0.0
7,base+bias,2026-02-25,7232.699243493119,0.0
7,base+bias,2026-02-26,0.0,0.0
7,base+bias,2026-02-27,4231.157917663651,0.0
7,base+bias,2026-02-28,10240.97433716826,0.0
7,base+bias,2026-03-01,0.0,0.0
7,base+bias,2026-03-02,7240.005734046325,0.0
7,base+bias,2026-03-03,0.0,0.0
7,base+bias,2026-03-04,0.0,0.0
7,base+bias,2026-03-05,0.0,0.0
7,base+bias,2026-03-06,4588.915562032591,0.0
7,base+bias,2026-03-07,1051.725638716127,0.0
7,base+bias,2026-03-08,1171.730949081183,0.0
7,base+bias,2026-03-09,1231.733604263711,0.0
7,base+bias,2026-03-10,1591.827078183679,0.0
7,base+bias,2026-03-11,3694.787865385309,0.0
7,base+bias,2026-03-12,29442.79622979818,0.0
7,base+bias,2026-03-13,3141.663118533274,0.0
7,base+bias,2026-03-14,15588.06166423388,0.0
7,base+bias,2026-03-15,0.0,0.0
7,base+bias,2026-03-16,0.0,0.0
7,base+bias,2026-03-17,7447.294367083702,0.0
7,base+bias,2026-03-18,0.0,0.0
7,base+bias,2026-03-19,1300.310608590011,1705.4042641160013
7,base+bias,2026-03-20,0.0,0.0
7,base+bias,2026-03-21,0.0,0.0
7,base+bias,2026-03-22,0.0,0.0
7,base+bias,2026-03-23,0.0,0.0
7,rainfeat,2026-02-22,1232.360327093139,4090.2209435092886
7,rainfeat,2026-02-23,1232.360327093139,934.0599587557799
7,rainfeat,2026-02-24,0.0,5102.545529823976
7,rainfeat,2026-02-25,7232.699243493119,1858.052359558914
7,rainfeat,2026-02-26,0.0,1858.052359558914
7,rainfeat,2026-02-27,4231.157917663651,1640.4345376236317
7,rainfeat,2026-02-28,10240.97433716826,1640.4345376236317
7,rainfeat,2026-03-01,0.0,1705.2238966486148
7,rainfeat,2026-03-02,7240.005734046325,1705.2238966486148
7,rainfeat,2026-03-03,0.0,416.65788162386434
7,rainfeat,2026-03-04,0.0,7705.562813048595
7,rainfeat,2026-03-05,0.0,416.65788162386434
7,rainfeat,2026-03-06,4588.915562032591,4704.021487219126
7,rainfeat,2026-03-07,1051.725638716127,10540.030235286216
7,rainfeat,2026-03-08,1171.730949081183,416.65788162386434
7,rainfeat,2026-03-09,1231.733604263711,7490.81017667466
7,rainfeat,2026-03-10,1591.827078183679,416.65788162386434
7,rainfeat,2026-03-11,3694.787865385309,886.0890818381513
7,rainfeat,2026-03-12,29442.79622979818,1110.7386429450644
7,rainfeat,2026-03-13,3141.663118533274,5881.6263785266065
7,rainfeat,2026-03-14,15588.06166423388,2400.615629033614
7,rainfeat,2026-03-15,0.0,2488.993352924019
7,rainfeat,2026-03-16,0.0,2384.0477119211364
7,rainfeat,2026-03-17,7447.294367083702,2845.074028655292
7,rainfeat,2026-03-18,0.0,5043.677855702796
7,rainfeat,2026-03-19,1300.310608590011,22214.78723205314
7,rainfeat,2026-03-20,0.0,0.0
7,rainfeat,2026-03-21,0.0,10118.779082866451
7,rainfeat,2026-03-22,0.0,1117.6128673821504
7,rainfeat,2026-03-23,0.0,792.8793451943375
7,rainfeat+bias,2026-02-22,1232.360327093139,0.0
7,rainfeat+bias,2026-02-23,1232.360327093139,0.0
7,rainfeat+bias,2026-02-24,0.0,0.0
7,rainfeat+bias,2026-02-25,7232.699243493119,0.0
7,rainfeat+bias,2026-02-26,0.0,0.0
7,rainfeat+bias,2026-02-27,4231.157917663651,0.0
7,rainfeat+bias,2026-02-28,10240.97433716826,0.0
7,rainfeat+bias,2026-03-01,0.0,0.0
7,rainfeat+bias,2026-03-02,7240.005734046325,0.0
7,rainfeat+bias,2026-03-03,0.0,0.0
7,rainfeat+bias,2026-03-04,0.0,0.0
7,rainfeat+bias,2026-03-05,0.0,0.0
7,rainfeat+bias,2026-03-06,4588.915562032591,0.0
7,rainfeat+bias,2026-03-07,1051.725638716127,0.0
7,rainfeat+bias,2026-03-08,1171.730949081183,0.0
7,rainfeat+bias,2026-03-09,1231.733604263711,0.0
7,rainfeat+bias,2026-03-10,1591.827078183679,0.0
7,rainfeat+bias,2026-03-11,3694.787865385309,0.0
7,rainfeat+bias,2026-03-12,29442.79622979818,0.0
7,rainfeat+bias,2026-03-13,3141.663118533274,0.0
7,rainfeat+bias,2026-03-14,15588.06166423388,0.0
7,rainfeat+bias,2026-03-15,0.0,0.0
7,rainfeat+bias,2026-03-16,0.0,0.0
7,rainfeat+bias,2026-03-17,7447.294367083702,0.0
7,rainfeat+bias,2026-03-18,0.0,0.0
7,rainfeat+bias,2026-03-19,1300.310608590011,2917.54629286606
7,rainfeat+bias,2026-03-20,0.0,0.0
7,rainfeat+bias,2026-03-21,0.0,0.0
7,rainfeat+bias,2026-03-22,0.0,0.0
7,rainfeat+bias,2026-03-23,0.0,0.0
7,base,2026-03-24,1216.506094919201,6735.1707943348065
7,base,2026-03-25,1357.9623387935,0.0
7,base,2026-03-26,0.0,1217.8230859767602
7,base,2026-03-27,19185.66181159556,0.0
7,base,2026-03-28,0.0,140.61174957824733
7,base,2026-03-29,0.0,87.494184460631
7,base,2026-03-30,1357.1851159841,87.494184460631
7,base,2026-03-31,4320.271751993509,1175.0518493086827
7,base,2026-04-01,0.0,1316.5080931829818
7,base,2026-04-02,0.0,11.663319507098095
7,base,2026-04-03,0.0,19539.69120387075
7,base,2026-04-04,0.0,0.0
7,base,2026-04-05,0.0,406.4025748969934
7,base,2026-04-06,0.0,1315.7308703735819
7,base,2026-04-07,0.0,4278.81750638299
7,base,2026-04-08,0.0,140.61174957824733
7,base,2026-04-09,0.0,140.61174957824733
7,base,2026-04-10,0.0,87.494184460631
7,base,2026-04-11,0.0,87.494184460631
7,base,2026-04-12,0.0,87.494184460631
7,base,2026-04-13,7142.04282863685,79.80117994329157
7,base,2026-04-14,0.0,0.0
7,base,2026-04-15,1330.35764373476,30.93185560929942
7,base,2026-04-16,0.0,123.69898398934674
7,base,2026-04-17,0.0,123.69898398934674
7,base,2026-04-18,0.0,0.0
7,base,2026-04-19,4175.652946526906,74.82965965535459
7,base,2026-04-20,0.0,7150.513753221283
7,base,2026-04-21,7134.507354545481,115.48757923464382
7,base,2026-04-22,1329.99703624549,1409.120699314947
7,base+bias,2026-03-24,1216.506094919201,0.0
7,base+bias,2026-03-25,1357.9623387935,0.0
7,base+bias,2026-03-26,0.0,0.0
7,base+bias,2026-03-27,19185.66181159556,0.0
7,base+bias,2026-03-28,0.0,0.0
7,base+bias,2026-03-29,0.0,0.0
7,base+bias,2026-03-30,1357.1851159841,0.0
7,base+bias,2026-03-31,4320.271751993509,0.0
7,base+bias,2026-04-01,0.0,0.0
7,base+bias,2026-04-02,0.0,0.0
7,base+bias,2026-04-03,0.0,4997.878658688282
7,base+bias,2026-04-04,0.0,0.0
7,base+bias,2026-04-05,0.0,0.0
7,base+bias,2026-04-06,0.0,0.0
7,base+bias,2026-04-07,0.0,0.0
7,base+bias,2026-04-08,0.0,0.0
7,base+bias,2026-04-09,0.0,0.0
7,base+bias,2026-04-10,0.0,0.0
7,base+bias,2026-04-11,0.0,0.0
7,base+bias,2026-04-12,0.0,0.0
7,base+bias,2026-04-13,7142.04282863685,0.0
7,base+bias,2026-04-14,0.0,0.0
7,base+bias,2026-04-15,1330.35764373476,0.0
7,base+bias,2026-04-16,0.0,0.0
7,base+bias,2026-04-17,0.0,0.0
7,base+bias,2026-04-18,0.0,0.0
7,base+bias,2026-04-19,4175.652946526906,0.0
7,base+bias,2026-04-20,0.0,0.0
7,base+bias,2026-04-21,7134.507354545481,0.0
7,base+bias,2026-04-22,1329.99703624549,0.0
7,rainfeat,2026-03-24,1216.506094919201,7225.9622706522005
7,rainfeat,2026-03-25,1357.9623387935,0.0
7,rainfeat,2026-03-26,0.0,1391.8437846091153
7,rainfeat,2026-03-27,19185.66181159556,26.374563386730642
7,rainfeat,2026-03-28,0.0,0.0
7,rainfeat,2026-03-29,0.0,10207.671531343582
7,rainfeat,2026-03-30,1357.1851159841,0.0
7,rainfeat,2026-03-31,4320.271751993509,1242.8806583059315
7,rainfeat,2026-04-01,0.0,1384.3369021802307
7,rainfeat,2026-04-02,0.0,26.374563386730642
7,rainfeat,2026-04-03,0.0,19590.56898788621
7,rainfeat,2026-04-04,0.0,0.0
7,rainfeat,2026-04-05,0.0,0.0
7,rainfeat,2026-04-06,0.0,1383.5596793708307
7,rainfeat,2026-04-07,0.0,4346.64631538024
7,rainfeat,2026-04-08,0.0,0.0
7,rainfeat,2026-04-09,0.0,0.0
7,rainfeat,2026-04-10,0.0,0.0
7,rainfeat,2026-04-11,0.0,10207.671531343582
7,rainfeat,2026-04-12,0.0,10207.671531343582
7,rainfeat,2026-04-13,7142.04282863685,0.0
7,rainfeat,2026-04-14,0.0,0.0
7,rainfeat,2026-04-15,1330.35764373476,0.0
7,rainfeat,2026-04-16,0.0,0.0
7,rainfeat,2026-04-17,0.0,10207.671531343582
7,rainfeat,2026-04-18,0.0,0.0
7,rainfeat,2026-04-19,4175.652946526906,0.0
7,rainfeat,2026-04-20,0.0,7168.417392023581
7,rainfeat,2026-04-21,7134.507354545481,0.0
7,rainfeat,2026-04-22,1329.99703624549,1356.7322071214905
7,rainfeat+bias,2026-03-24,1216.506094919201,0.0
7,rainfeat+bias,2026-03-25,1357.9623387935,0.0
7,rainfeat+bias,2026-03-26,0.0,0.0
7,rainfeat+bias,2026-03-27,19185.66181159556,0.0
7,rainfeat+bias,2026-03-28,0.0,0.0
7,rainfeat+bias,2026-03-29,0.0,0.0
7,rainfeat+bias,2026-03-30,1357.1851159841,0.0
7,rainfeat+bias,2026-03-31,4320.271751993509,0.0
7,rainfeat+bias,2026-04-01,0.0,0.0
7,rainfeat+bias,2026-04-02,0.0,0.0
7,rainfeat+bias,2026-04-03,0.0,5048.756442703743
7,rainfeat+bias,2026-04-04,0.0,0.0
7,rainfeat+bias,2026-04-05,0.0,0.0
7,rainfeat+bias,2026-04-06,0.0,0.0
7,rainfeat+bias,2026-04-07,0.0,0.0
7,rainfeat+bias,2026-04-08,0.0,0.0
7,rainfeat+bias,2026-04-09,0.0,0.0
7,rainfeat+bias,2026-04-10,0.0,0.0
7,rainfeat+bias,2026-04-11,0.0,0.0
7,rainfeat+bias,2026-04-12,0.0,0.0
7,rainfeat+bias,2026-04-13,7142.04282863685,0.0
7,rainfeat+bias,2026-04-14,0.0,0.0
7,rainfeat+bias,2026-04-15,1330.35764373476,0.0
7,rainfeat+bias,2026-04-16,0.0,0.0
7,rainfeat+bias,2026-04-17,0.0,0.0
7,rainfeat+bias,2026-04-18,0.0,0.0
7,rainfeat+bias,2026-04-19,4175.652946526906,0.0
7,rainfeat+bias,2026-04-20,0.0,0.0
7,rainfeat+bias,2026-04-21,7134.507354545481,0.0
7,rainfeat+bias,2026-04-22,1329.99703624549,0.0
7,base,2026-04-23,0.0,132.80803945606704
7,base,2026-04-24,0.0,132.80803945606704
7,base,2026-04-25,4156.934105248899,961.2875459246825
7,base,2026-04-26,0.0,5650.133040633344
7,base,2026-04-27,0.0,1544.2350916444252
7,base,2026-04-28,0.0,8624.045409557835
7,base,2026-04-29,0.0,2231.710728876553
7,base,2026-04-30,3575.559741841224,478.9430578092697
7,base,2026-05-01,8337.097621055189,389.36381193849866
7,base,2026-05-02,7067.388500442302,4289.7421447049655
7,base,2026-05-03,3288.46284526218,202.56303699405544
7,base,2026-05-04,609.3285666212043,132.80803945606704
7,base,2026-05-05,327.4079784250729,2471.8537758661
7,base,2026-05-06,64024.57078417507,5208.327238814527
7,base,2026-05-07,29895.40787851404,8832.48428245067
7,base,2026-05-08,9279.572203576883,13668.653975864174
7,base,2026-05-09,16077.61184919209,12430.246720849762
7,base,2026-05-10,0.0,8544.379537233075
7,base,2026-05-11,10216.22369505713,5900.518251479246
7,base,2026-05-12,3927.997988633625,5529.018417412343
7,base,2026-05-13,85867.63959680006,70063.17965007048
7,base,2026-05-14,61048.47974927562,30364.925611146027
7,base,2026-05-15,108733.3367135785,12675.18561535593
7,base,2026-05-16,141212.5627369919,22099.414865386556
7,base,2026-05-17,185517.9117316547,5279.19398279147
7,base,2026-05-18,179597.995600109,15711.655681756838
7,base,2026-05-19,193356.5957728531,9030.876662797142
7,base,2026-05-20,349365.1598969635,58524.7891274313
7,base,2026-05-21,433838.0231737584,29906.433317092153
7,base,2026-05-22,507809.2200161263,73960.48561997738
7,base+bias,2026-04-23,0.0,0.0
7,base+bias,2026-04-24,0.0,0.0
7,base+bias,2026-04-25,4156.934105248899,0.0
7,base+bias,2026-04-26,0.0,0.0
7,base+bias,2026-04-27,0.0,0.0
7,base+bias,2026-04-28,0.0,0.0
7,base+bias,2026-04-29,0.0,0.0
7,base+bias,2026-04-30,3575.559741841224,0.0
7,base+bias,2026-05-01,8337.097621055189,0.0
7,base+bias,2026-05-02,7067.388500442302,0.0
7,base+bias,2026-05-03,3288.46284526218,0.0
7,base+bias,2026-05-04,609.3285666212043,0.0
7,base+bias,2026-05-05,327.4079784250729,0.0
7,base+bias,2026-05-06,64024.57078417507,0.0
7,base+bias,2026-05-07,29895.40787851404,0.0
7,base+bias,2026-05-08,9279.572203576883,1785.7090162068544
7,base+bias,2026-05-09,16077.61184919209,547.3017611924424
7,base+bias,2026-05-10,0.0,0.0
7,base+bias,2026-05-11,10216.22369505713,0.0
7,base+bias,2026-05-12,3927.997988633625,0.0
7,base+bias,2026-05-13,85867.63959680006,58180.23469041316
7,base+bias,2026-05-14,61048.47974927562,18481.98065148871
7,base+bias,2026-05-15,108733.3367135785,792.2406556986098
7,base+bias,2026-05-16,141212.5627369919,10216.469905729236
7,base+bias,2026-05-17,185517.9117316547,0.0
7,base+bias,2026-05-18,179597.995600109,3828.7107220995185
7,base+bias,2026-05-19,193356.5957728531,0.0
7,base+bias,2026-05-20,349365.1598969635,46641.84416777398
7,base+bias,2026-05-21,433838.0231737584,18023.488357434835
7,base+bias,2026-05-22,507809.2200161263,62077.54066032006
7,rainfeat,2026-04-23,0.0,31.658070044673423
7,rainfeat,2026-04-24,0.0,144.73673725334584
7,rainfeat,2026-04-25,4156.934105248899,883.2547833182839
7,rainfeat,2026-04-26,0.0,5048.607791058084
7,rainfeat,2026-04-27,0.0,872.9548445311789
7,rainfeat,2026-04-28,0.0,7769.360814953576
7,rainfeat,2026-04-29,0.0,1964.8504966535847
7,rainfeat,2026-04-30,3575.559741841224,207.3185528827853
7,rainfeat,2026-05-01,8337.097621055189,207.3185528827853
7,rainfeat,2026-05-02,7067.388500442302,4188.592175293572
7,rainfeat,2026-05-03,3288.46284526218,31.658070044673423
7,rainfeat,2026-05-04,609.3285666212043,31.658070044673423
7,rainfeat,2026-05-05,327.4079784250729,1088.3884759569096
7,rainfeat,2026-05-06,64024.57078417507,2391.781747825902
7,rainfeat,2026-05-07,29895.40787851404,6823.095637628261
7,rainfeat,2026-05-08,9279.572203576883,12026.11719866698
7,rainfeat,2026-05-09,16077.61184919209,10111.634523597892
7,rainfeat,2026-05-10,0.0,6932.984641192043
7,rainfeat,2026-05-11,10216.22369505713,4227.863757244145
7,rainfeat,2026-05-12,3927.997988633625,3529.54059794297
7,rainfeat,2026-05-13,85867.63959680006,68028.33627382261
7,rainfeat,2026-05-14,61048.47974927562,29634.98130750934
7,rainfeat,2026-05-15,108733.3367135785,2841.91159671716
7,rainfeat,2026-05-16,141212.5627369919,18163.289592217126
7,rainfeat,2026-05-17,185517.9117316547,2275.149834715322
7,rainfeat,2026-05-18,179597.995600109,12314.220187809737
7,rainfeat,2026-05-19,193356.5957728531,6681.957520050384
7,rainfeat,2026-05-20,349365.1598969635,67775.89081385519
7,rainfeat,2026-05-21,433838.0231737584,40265.797706704354
7,rainfeat,2026-05-22,507809.2200161263,83758.2309183189
7,rainfeat+bias,2026-04-23,0.0,0.0
7,rainfeat+bias,2026-04-24,0.0,0.0
7,rainfeat+bias,2026-04-25,4156.934105248899,0.0
7,rainfeat+bias,2026-04-26,0.0,0.0
7,rainfeat+bias,2026-04-27,0.0,0.0
7,rainfeat+bias,2026-04-28,0.0,0.0
7,rainfeat+bias,2026-04-29,0.0,0.0
7,rainfeat+bias,2026-04-30,3575.559741841224,0.0
7,rainfeat+bias,2026-05-01,8337.097621055189,0.0
7,rainfeat+bias,2026-05-02,7067.388500442302,0.0
7,rainfeat+bias,2026-05-03,3288.46284526218,0.0
7,rainfeat+bias,2026-05-04,609.3285666212043,0.0
7,rainfeat+bias,2026-05-05,327.4079784250729,0.0
7,rainfeat+bias,2026-05-06,64024.57078417507,0.0
7,rainfeat+bias,2026-05-07,29895.40787851404,0.0
7,rainfeat+bias,2026-05-08,9279.572203576883,143.1722390096602
7,rainfeat+bias,2026-05-09,16077.61184919209,0.0
7,rainfeat+bias,2026-05-10,0.0,0.0
7,rainfeat+bias,2026-05-11,10216.22369505713,0.0
7,rainfeat+bias,2026-05-12,3927.997988633625,0.0
7,rainfeat+bias,2026-05-13,85867.63959680006,56145.391314165296
7,rainfeat+bias,2026-05-14,61048.47974927562,17752.036347852023
7,rainfeat+bias,2026-05-15,108733.3367135785,0.0
7,rainfeat+bias,2026-05-16,141212.5627369919,6280.344632559807
7,rainfeat+bias,2026-05-17,185517.9117316547,0.0
7,rainfeat+bias,2026-05-18,179597.995600109,431.2752281524172
7,rainfeat+bias,2026-05-19,193356.5957728531,0.0
7,rainfeat+bias,2026-05-20,349365.1598969635,55892.945854197875
7,rainfeat+bias,2026-05-21,433838.0231737584,28382.852747047036
7,rainfeat+bias,2026-05-22,507809.2200161263,71875.28595866158
7,base,2026-05-23,602775.1641346975,96404.0582854413
7,base,2026-05-24,553516.0898851521,145305.1969672485
7,base,2026-05-25,449557.2543120539,138731.85503728897
7,base,2026-05-26,240641.9388894092,139687.9396593556
7,base,2026-05-27,216085.9110082715,297675.4485063174
7,base,2026-05-28,198275.3925303018,384968.56214683194
7,base,2026-05-29,192990.3100497752,450119.01189703087
7,base,2026-05-30,201843.6206251707,547096.0780507702
7,base,2026-05-31,174582.3631776166,507096.7964750561
7,base,2026-06-01,165844.9237883183,395983.29044015857
7,base,2026-06-02,156694.7359268938,190015.56960746212
7,base,2026-06-03,160301.5900719157,167152.78882855835
7,base,2026-06-04,166649.5271781315,152858.3920530108
7,base,2026-06-05,189788.4728931298,147573.3095724842
7,base,2026-06-06,201768.2313126253,159863.45179366614
7,base,2026-06-07,174580.9152624754,136918.0393693976
7,base,2026-06-08,133852.9901506277,134921.284355562
7,base,2026-06-09,141713.5315307741,127905.10004156298
7,base,2026-06-10,121801.9629150302,124435.44857732803
7,base,2026-06-11,80097.31022858075,135037.85269784945
7,base,2026-06-12,79432.17603844083,141329.18558428838
7,base,2026-06-13,51854.03477584177,148099.5751991278
7,base,2026-06-14,47047.00811797024,131202.52244960496
7,base,2026-06-15,49498.13353825355,91934.28142880638
7,base,2026-06-16,48315.2033726697,99406.06422784405
7,base,2026-06-17,44125.329575858,87441.55410394013
7,base,2026-06-18,35020.78540226009,47241.623663444756
7,base,2026-06-19,31864.99551244184,51983.874684908114
7,base,2026-06-20,24497.17494178787,29932.597436878612
7,base,2026-06-21,21684.38265192751,29300.884313406365
7,base+bias,2026-05-23,602775.1641346975,97650.92274936808
7,base+bias,2026-05-24,553516.0898851521,146552.0614311753
7,base+bias,2026-05-25,449557.2543120539,139978.71950121576
7,base+bias,2026-05-26,240641.9388894092,140934.80412328237
7,base+bias,2026-05-27,216085.9110082715,298922.31297024415
7,base+bias,2026-05-28,198275.3925303018,386215.4266107587
7,base+bias,2026-05-29,192990.3100497752,451365.8763609576
7,base+bias,2026-05-30,201843.6206251707,548342.942514697
7,base+bias,2026-05-31,174582.3631776166,508343.66093898285
7,base+bias,2026-06-01,165844.9237883183,397230.1549040853
7,base+bias,2026-06-02,156694.7359268938,191262.4340713889
7,base+bias,2026-06-03,160301.5900719157,168399.65329248513
7,base+bias,2026-06-04,166649.5271781315,154105.25651693757
7,base+bias,2026-06-05,189788.4728931298,148820.174036411
7,base+bias,2026-06-06,201768.2313126253,161110.31625759293
7,base+bias,2026-06-07,174580.9152624754,138164.90383332438
7,base+bias,2026-06-08,133852.9901506277,136168.1488194888
7,base+bias,2026-06-09,141713.5315307741,129151.96450548977
7,base+bias,2026-06-10,121801.9629150302,125682.31304125482
7,base+bias,2026-06-11,80097.31022858075,136284.71716177624
7,base+bias,2026-06-12,79432.17603844083,142576.05004821517
7,base+bias,2026-06-13,51854.03477584177,149346.4396630546
7,base+bias,2026-06-14,47047.00811797024,132449.38691353175
7,base+bias,2026-06-15,49498.13353825355,93181.14589273317
7,base+bias,2026-06-16,48315.2033726697,100652.92869177084
7,base+bias,2026-06-17,44125.329575858,88688.41856786692
7,base+bias,2026-06-18,35020.78540226009,48488.488127371544
7,base+bias,2026-06-19,31864.99551244184,53230.7391488349
7,base+bias,2026-06-20,24497.17494178787,31179.461900805396
7,base+bias,2026-06-21,21684.38265192751,30547.74877733315
7,rainfeat,2026-05-23,602775.1641346975,139727.2134893954
7,rainfeat,2026-05-24,553516.0898851521,184032.56248405817
7,rainfeat,2026-05-25,449557.2543120539,178112.64635251247
7,rainfeat,2026-05-26,240641.9388894092,191871.24652525657
7,rainfeat,2026-05-27,216085.9110082715,347879.810649367
7,rainfeat,2026-05-28,198275.3925303018,432352.6739261619
7,rainfeat,2026-05-29,192990.3100497752,506323.87076852977
7,rainfeat,2026-05-30,201843.6206251707,594538.682266827
7,rainfeat,2026-05-31,174582.3631776166,552030.7406375555
7,rainfeat,2026-06-01,165844.9237883183,448071.9050644574
7,rainfeat,2026-06-02,156694.7359268938,239156.5896418127
7,rainfeat,2026-06-03,160301.5900719157,214600.561760675
7,rainfeat,2026-06-04,166649.5271781315,196790.04328270527
7,rainfeat,2026-06-05,189788.4728931298,191504.96080217868
7,rainfeat,2026-06-06,201768.2313126253,200358.2713775742
7,rainfeat,2026-06-07,174580.9152624754,173097.01393002007
7,rainfeat,2026-06-08,133852.9901506277,164359.57454072178
7,rainfeat,2026-06-09,141713.5315307741,155209.38667929728
7,rainfeat,2026-06-10,121801.9629150302,158816.2408243192
7,rainfeat,2026-06-11,80097.31022858075,165164.177930535
7,rainfeat,2026-06-12,79432.17603844083,188303.12364553328
7,rainfeat,2026-06-13,51854.03477584177,200282.8820650288
7,rainfeat,2026-06-14,47047.00811797024,173095.5660148789
7,rainfeat,2026-06-15,49498.13353825355,132367.6409030312
7,rainfeat,2026-06-16,48315.2033726697,140228.1822831776
7,rainfeat,2026-06-17,44125.329575858,120316.61366743369
7,rainfeat,2026-06-18,35020.78540226009,78611.96098098424
7,rainfeat,2026-06-19,31864.99551244184,77946.82679084431
7,rainfeat,2026-06-20,24497.17494178787,50368.685528245245
7,rainfeat,2026-06-21,21684.38265192751,45561.658870373714
7,rainfeat+bias,2026-05-23,602775.1641346975,140974.07795332218
7,rainfeat+bias,2026-05-24,553516.0898851521,185279.42694798496
7,rainfeat+bias,2026-05-25,449557.2543120539,179359.51081643926
7,rainfeat+bias,2026-05-26,240641.9388894092,193118.11098918336
7,rainfeat+bias,2026-05-27,216085.9110082715,349126.67511329375
7,rainfeat+bias,2026-05-28,198275.3925303018,433599.53839008865
7,rainfeat+bias,2026-05-29,192990.3100497752,507570.7352324565
7,rainfeat+bias,2026-05-30,201843.6206251707,595785.5467307537
7,rainfeat+bias,2026-05-31,174582.3631776166,553277.6051014822
7,rainfeat+bias,2026-06-01,165844.9237883183,449318.76952838415
7,rainfeat+bias,2026-06-02,156694.7359268938,240403.45410573948
7,rainfeat+bias,2026-06-03,160301.5900719157,215847.42622460178
7,rainfeat+bias,2026-06-04,166649.5271781315,198036.90774663206
7,rainfeat+bias,2026-06-05,189788.4728931298,192751.82526610547
7,rainfeat+bias,2026-06-06,201768.2313126253,201605.13584150097
7,rainfeat+bias,2026-06-07,174580.9152624754,174343.87839394686
7,rainfeat+bias,2026-06-08,133852.9901506277,165606.43900464856
7,rainfeat+bias,2026-06-09,141713.5315307741,156456.25114322407
7,rainfeat+bias,2026-06-10,121801.9629150302,160063.10528824598
7,rainfeat+bias,2026-06-11,80097.31022858075,166411.04239446178
7,rainfeat+bias,2026-06-12,79432.17603844083,189549.98810946007
7,rainfeat+bias,2026-06-13,51854.03477584177,201529.74652895558
7,rainfeat+bias,2026-06-14,47047.00811797024,174342.43047880568
7,rainfeat+bias,2026-06-15,49498.13353825355,133614.50536695798
7,rainfeat+bias,2026-06-16,48315.2033726697,141475.04674710438
7,rainfeat+bias,2026-06-17,44125.329575858,121563.47813136048
7,rainfeat+bias,2026-06-18,35020.78540226009,79858.82544491102
7,rainfeat+bias,2026-06-19,31864.99551244184,79193.6912547711
7,rainfeat+bias,2026-06-20,24497.17494178787,51615.54999217203
7,rainfeat+bias,2026-06-21,21684.38265192751,46808.5233343005
7,base,2026-06-22,16173.40765637152,27914.471868289795
7,base,2026-06-23,24563.31828446738,28722.943641725993
7,base,2026-06-24,26743.39728476141,24483.595094033553
7,base,2026-06-25,4118.680690423142,16681.730035201632
7,base,2026-06-26,3424.85477286065,15743.69062239235
7,base,2026-06-27,0.0,10465.946627963533
7,base,2026-06-28,0.0,8425.967969400179
7,base,2026-06-29,0.0,7528.863406656126
7,base,2026-06-30,0.0,15279.79550321694
7,base,2026-07-01,0.0,17222.40982847575
7,base,2026-07-02,0.0,4456.12597159147
7,base,2026-07-03,0.0,11162.61885628973
7,base,2026-07-04,8.358452526200495,19334.201379396807
7,base,2026-07-05,1548.477362288514,15846.02032970901
7,base,2026-07-06,0.0,10130.977160075005
7,base,2026-07-07,12175.06558400085,9308.7828122432
7,base,2026-07-08,0.0,3878.9712747577832
7,base,2026-07-09,0.0,2271.4996227562497
7,base,2026-07-10,0.0,2545.3200195503186
7,base,2026-07-11,0.0,9802.710916389904
7,base,2026-07-12,2547.386090313617,9278.415792415106
7,base,2026-07-13,0.0,3573.306647515367
7,base,2026-07-14,0.0,45683.69324599066
7,base,2026-07-15,0.0,32758.271001301095
7,base,2026-07-16,0.0,24012.326746256582
7,base,2026-07-17,0.0,7488.0595325747745
7,base+bias,2026-06-22,16173.40765637152,20962.356390298046
7,base+bias,2026-06-23,24563.31828446738,21770.828163734244
7,base+bias,2026-06-24,26743.39728476141,17531.479616041805
7,base+bias,2026-06-25,4118.680690423142,9729.614557209883
7,base+bias,2026-06-26,3424.85477286065,8791.575144400602
7,base+bias,2026-06-27,0.0,3513.8311499717847
7,base+bias,2026-06-28,0.0,1473.852491408431
7,base+bias,2026-06-29,0.0,576.7479286643784
7,base+bias,2026-06-30,0.0,8327.680025225192
7,base+bias,2026-07-01,0.0,10270.294350484
7,base+bias,2026-07-02,0.0,0.0
7,base+bias,2026-07-03,0.0,4210.503378297982
7,base+bias,2026-07-04,8.358452526200495,12382.085901405058
7,base+bias,2026-07-05,1548.477362288514,8893.904851717263
7,base+bias,2026-07-06,0.0,3178.8616820832567
7,base+bias,2026-07-07,12175.06558400085,2356.6673342514523
7,base+bias,2026-07-08,0.0,0.0
7,base+bias,2026-07-09,0.0,0.0
7,base+bias,2026-07-10,0.0,0.0
7,base+bias,2026-07-11,0.0,2850.595438398156
7,base+bias,2026-07-12,2547.386090313617,2326.300314423358
7,base+bias,2026-07-13,0.0,0.0
7,base+bias,2026-07-14,0.0,38731.57776799891
7,base+bias,2026-07-15,0.0,25806.155523309346
7,base+bias,2026-07-16,0.0,17060.211268264833
7,base+bias,2026-07-17,0.0,535.9440545830266
7,rainfeat,2026-06-22,16173.40765637152,29766.137590437404
7,rainfeat,2026-06-23,24563.31828446738,28750.153525653946
7,rainfeat,2026-06-24,26743.39728476141,24565.512387429804
7,rainfeat,2026-06-25,4118.680690423142,36550.663259359426
7,rainfeat,2026-06-26,3424.85477286065,34569.603433604854
7,rainfeat,2026-06-27,0.0,28243.800398411913
7,rainfeat,2026-06-28,0.0,26465.633695784483
7,rainfeat,2026-06-29,0.0,22839.472338493964
7,rainfeat,2026-06-30,0.0,31411.791015373543
7,rainfeat,2026-07-01,0.0,33305.09382840459
7,rainfeat,2026-07-02,0.0,12869.746291933121
7,rainfeat,2026-07-03,0.0,5817.896793775931
7,rainfeat,2026-07-04,8.358452526200495,19051.41570878322
7,rainfeat,2026-07-05,1548.477362288514,15652.28768776027
7,rainfeat,2026-07-06,0.0,16789.074955693366
7,rainfeat,2026-07-07,12175.06558400085,14841.94303647909
7,rainfeat,2026-07-08,0.0,1984.9221481748395
7,rainfeat,2026-07-09,0.0,416.5336034732678
7,rainfeat,2026-07-10,0.0,1564.8387573473242
7,rainfeat,2026-07-11,0.0,7478.530621651458
7,rainfeat,2026-07-12,2547.386090313617,7790.165409939057
7,rainfeat,2026-07-13,0.0,3371.0766467118947
7,rainfeat,2026-07-14,0.0,36747.08403239711
7,rainfeat,2026-07-15,0.0,25005.84022494031
7,rainfeat,2026-07-16,0.0,23855.320234309656
7,rainfeat,2026-07-17,0.0,13531.222270143877
7,rainfeat+bias,2026-06-22,16173.40765637152,22814.022112445655
7,rainfeat+bias,2026-06-23,24563.31828446738,21798.038047662198
7,rainfeat+bias,2026-06-24,26743.39728476141,17613.396909438055
7,rainfeat+bias,2026-06-25,4118.680690423142,29598.547781367677
7,rainfeat+bias,2026-06-26,3424.85477286065,27617.487955613105
7,rainfeat+bias,2026-06-27,0.0,21291.684920420164
7,rainfeat+bias,2026-06-28,0.0,19513.518217792735
7,rainfeat+bias,2026-06-29,0.0,15887.356860502216
7,rainfeat+bias,2026-06-30,0.0,24459.675537381794
7,rainfeat+bias,2026-07-01,0.0,26352.978350412843
7,rainfeat+bias,2026-07-02,0.0,5917.630813941373
7,rainfeat+bias,2026-07-03,0.0,0.0
7,rainfeat+bias,2026-07-04,8.358452526200495,12099.300230791472
7,rainfeat+bias,2026-07-05,1548.477362288514,8700.172209768523
7,rainfeat+bias,2026-07-06,0.0,9836.959477701617
7,rainfeat+bias,2026-07-07,12175.06558400085,7889.827558487342
7,rainfeat+bias,2026-07-08,0.0,0.0
7,rainfeat+bias,2026-07-09,0.0,0.0
7,rainfeat+bias,2026-07-10,0.0,0.0
7,rainfeat+bias,2026-07-11,0.0,526.4151436597103
7,rainfeat+bias,2026-07-12,2547.386090313617,838.0499319473092
7,rainfeat+bias,2026-07-13,0.0,0.0
7,rainfeat+bias,2026-07-14,0.0,29794.968554405365
7,rainfeat+bias,2026-07-15,0.0,18053.724746948563
7,rainfeat+bias,2026-07-16,0.0,16903.204756317908
7,rainfeat+bias,2026-07-17,0.0,6579.106792152129
