h,tag,Date,obs,pred
1,A_old_trained,2025-11-24,282635.1724947998,295985.89277142566
1,A_old_trained,2025-11-25,250442.3677198271,260146.99167170026
1,A_old_trained,2025-11-26,226461.0491718907,225115.81140387247
1,A_old_trained,2025-11-27,209827.3783454106,203491.77365049827
1,A_old_trained,2025-11-28,192118.5984848536,187167.50748809092
1,A_old_trained,2025-11-29,181762.4168316232,169707.96549672898
1,A_old_trained,2025-11-30,170801.8414968055,160008.17707263943
1,A_old_trained,2025-12-01,168695.2513560315,149353.61614812913
1,A_old_trained,2025-12-02,162280.3512820562,146559.1300827282
1,A_old_trained,2025-12-03,150695.9364096984,139297.3564320167
1,A_old_trained,2025-12-04,146155.8711909035,128826.43580882574
1,A_old_trained,2025-12-05,142112.1251674911,124338.66703656412
1,A_old_trained,2025-12-06,128336.1512244437,120512.32902881273
1,A_old_trained,2025-12-07,123172.8626200811,108576.04369090128
1,A_old_trained,2025-12-08,118333.622935685,103076.18586285228
1,A_old_trained,2025-12-09,105974.2258759667,98684.07912780155
1,A_old_trained,2025-12-10,100182.1597185699,87192.59433375084
1,A_old_trained,2025-12-11,105777.9168306079,81400.52817635404
1,A_old_trained,2025-12-12,95674.64344875758,88299.44460680344
1,A_old_trained,2025-12-13,102286.8081684614,77169.13835789802
1,A_old_trained,2025-12-14,98510.33062773151,85017.81562622747
1,A_old_trained,2025-12-15,91571.26234193222,81489.48419486762
1,A_old_trained,2025-12-16,89250.45186240789,74184.59953443083
1,A_old_trained,2025-12-17,86114.73632646514,72229.605429544
1,A_old_trained,2025-12-18,75862.80524445037,69414.74460905505
1,A_old_trained,2025-12-19,72806.88785966646,60422.36671572366
1,A_old_trained,2025-12-20,67326.7436279514,57719.27801800135
1,A_old_trained,2025-12-21,69477.14912641923,52765.10759876017
1,A_old_trained,2025-12-22,59737.54393713534,55476.26863169715
1,A_old_trained,2025-12-23,61014.29057677041,45851.3752339346
1,B_new_trained,2025-11-24,282635.1724947998,263950.186671022
1,B_new_trained,2025-11-25,250442.3677198271,241305.94257415883
1,B_new_trained,2025-11-26,226461.0491718907,210752.4743654016
1,B_new_trained,2025-11-27,209827.3783454106,192543.34712108306
1,B_new_trained,2025-11-28,192118.5984848536,179826.8599589062
1,B_new_trained,2025-11-29,181762.4168316232,161754.66703365106
1,B_new_trained,2025-11-30,170801.8414968055,153915.51820002214
1,B_new_trained,2025-12-01,168695.2513560315,141254.96467681817
1,B_new_trained,2025-12-02,162280.3512820562,140850.5140084453
1,B_new_trained,2025-12-03,150695.9364096984,134901.49075153202
1,B_new_trained,2025-12-04,146155.8711909035,121693.63090331237
1,B_new_trained,2025-12-05,142112.1251674911,119719.18544214606
1,B_new_trained,2025-12-06,128336.1512244437,116748.57098958867
1,B_new_trained,2025-12-07,123172.8626200811,100587.9603959312
1,B_new_trained,2025-12-08,118333.622935685,98540.55551215466
1,B_new_trained,2025-12-09,105974.2258759667,94040.81518520718
1,B_new_trained,2025-12-10,100182.1597185699,81735.68088037209
1,B_new_trained,2025-12-11,105777.9168306079,76332.25315051877
1,B_new_trained,2025-12-12,95674.64344875758,89149.8161069705
1,B_new_trained,2025-12-13,102286.8081684614,72001.94450085571
1,B_new_trained,2025-12-14,98510.33062773151,85522.73728270915
1,B_new_trained,2025-12-15,91571.26234193222,78446.1785690092
1,B_new_trained,2025-12-16,89250.45186240789,70712.50463275613
1,B_new_trained,2025-12-17,86114.73632646514,70379.27088612958
1,B_new_trained,2025-12-18,75862.80524445037,67337.29008647888
1,B_new_trained,2025-12-19,72806.88785966646,54296.62233892833
1,B_new_trained,2025-12-20,67326.7436279514,54923.70446370505
1,B_new_trained,2025-12-21,69477.14912641923,50069.01603305369
1,B_new_trained,2025-12-22,59737.54393713534,53911.437103883305
1,B_new_trained,2025-12-23,61014.29057677041,43223.5967669687
1,persistence,2025-11-24,282635.1724947998,320232.6373695737
1,persistence,2025-11-25,250442.3677198271,282635.1724947998
1,persistence,2025-11-26,226461.0491718907,250442.3677198271
1,persistence,2025-11-27,209827.3783454106,226461.0491718907
1,persistence,2025-11-28,192118.5984848536,209827.3783454106
1,persistence,2025-11-29,181762.4168316232,192118.5984848536
1,persistence,2025-11-30,170801.8414968055,181762.4168316232
1,persistence,2025-12-01,168695.2513560315,170801.8414968055
1,persistence,2025-12-02,162280.3512820562,168695.2513560315
1,persistence,2025-12-03,150695.9364096984,162280.3512820562
1,persistence,2025-12-04,146155.8711909035,150695.9364096984
1,persistence,2025-12-05,142112.1251674911,146155.8711909035
1,persistence,2025-12-06,128336.1512244437,142112.1251674911
1,persistence,2025-12-07,123172.8626200811,128336.1512244437
1,persistence,2025-12-08,118333.622935685,123172.8626200811
1,persistence,2025-12-09,105974.2258759667,118333.622935685
1,persistence,2025-12-10,100182.1597185699,105974.2258759667
1,persistence,2025-12-11,105777.9168306079,100182.1597185699
1,persistence,2025-12-12,95674.64344875758,105777.9168306079
1,persistence,2025-12-13,102286.8081684614,95674.64344875758
1,persistence,2025-12-14,98510.33062773151,102286.8081684614
1,persistence,2025-12-15,91571.26234193222,98510.33062773151
1,persistence,2025-12-16,89250.45186240789,91571.26234193222
1,persistence,2025-12-17,86114.73632646514,89250.45186240789
1,persistence,2025-12-18,75862.80524445037,86114.73632646514
1,persistence,2025-12-19,72806.88785966646,75862.80524445037
1,persistence,2025-12-20,67326.7436279514,72806.88785966646
1,persistence,2025-12-21,69477.14912641923,67326.7436279514
1,persistence,2025-12-22,59737.54393713534,69477.14912641923
1,persistence,2025-12-23,61014.29057677041,59737.54393713534
1,A_old_trained,2025-12-24,58606.43323292737,54109.135373074445
1,A_old_trained,2025-12-25,60641.28989477052,51894.742550227544
1,A_old_trained,2025-12-26,58575.915307928,53929.599212070694
1,A_old_trained,2025-12-27,52735.22662610265,51864.22462522818
1,A_old_trained,2025-12-28,45221.99825716334,46023.53594340282
1,A_old_trained,2025-12-29,44408.05284441299,39229.66338786709
1,A_old_trained,2025-12-30,40484.07026904635,38546.224709544906
1,A_old_trained,2025-12-31,37856.28804302291,34853.11076050048
1,A_old_trained,2026-01-01,42454.87035829797,32443.034085775504
1,A_old_trained,2026-01-02,40621.68780879292,37222.80774738718
1,A_old_trained,2026-01-03,38841.39655611992,35001.31097525111
1,A_old_trained,2026-01-04,35062.85962274358,33428.14259887251
1,A_old_trained,2026-01-05,28196.25966596511,29663.842967788365
1,A_old_trained,2026-01-06,24052.600328715,23134.076880433502
1,A_old_trained,2026-01-07,0.0,20014.147256354514
1,A_old_trained,2026-01-08,1005.554128209214,0.0
1,A_old_trained,2026-01-09,4547.181981030939,0.0
1,A_old_trained,2026-01-10,2501.206056063745,1842.6439402492333
1,A_old_trained,2026-01-11,7038.238120057628,0.0
1,A_old_trained,2026-01-12,5146.520075025873,4101.975090583381
1,A_old_trained,2026-01-13,6795.481323221639,2210.257045551625
1,A_old_trained,2026-01-14,7522.553062727141,3613.9660072120223
1,A_old_trained,2026-01-15,9082.504002172822,4586.290033252893
1,A_old_trained,2026-01-16,9641.718665012206,5846.203586526003
1,A_old_trained,2026-01-17,7931.427796269722,6410.704121229987
1,A_old_trained,2026-01-18,6951.298485920801,4735.3708396401535
1,A_old_trained,2026-01-19,6802.897787536684,3749.9556574266317
1,A_old_trained,2026-01-20,6430.379010740346,3621.3824715270666
1,A_old_trained,2026-01-21,4754.223042374496,3248.8636947307286
1,A_old_trained,2026-01-22,5013.879969758142,1572.707726364879
1,B_new_trained,2025-12-24,58606.43323292737,56930.79151325712
1,B_new_trained,2025-12-25,60641.28989477052,54522.93416941408
1,B_new_trained,2025-12-26,58575.915307928,56557.79083125723
1,B_new_trained,2025-12-27,52735.22662610265,54492.416244414715
1,B_new_trained,2025-12-28,45221.99825716334,48651.72756258937
1,B_new_trained,2025-12-29,44408.05284441299,41136.41751703294
1,B_new_trained,2025-12-30,40484.07026904635,40767.542086369154
1,B_new_trained,2025-12-31,37856.28804302291,37139.18550127829
1,B_new_trained,2026-01-01,42454.87035829797,34720.87623953561
1,B_new_trained,2026-01-02,40621.68780879292,39223.258710455964
1,B_new_trained,2026-01-03,38841.39655611992,37478.31086356304
1,B_new_trained,2026-01-04,35062.85962274358,35705.98475263262
1,B_new_trained,2026-01-05,28196.25966596511,32352.347953983917
1,B_new_trained,2026-01-06,24052.600328715,25697.44579350235
1,B_new_trained,2026-01-07,0.0,20771.52000028076
1,B_new_trained,2026-01-08,1005.554128209214,0.0
1,B_new_trained,2026-01-09,4547.181981030939,0.0
1,B_new_trained,2026-01-10,2501.206056063745,1743.345005397694
1,B_new_trained,2026-01-11,7038.238120057628,0.0
1,B_new_trained,2026-01-12,5146.520075025873,4288.625888124458
1,B_new_trained,2026-01-13,6795.481323221639,2396.9078430927025
1,B_new_trained,2026-01-14,7522.553062727141,3975.9837751626287
1,B_new_trained,2026-01-15,9082.504002172822,4772.94083079397
1,B_new_trained,2026-01-16,9641.718665012206,6263.006454113811
1,B_new_trained,2026-01-17,7931.427796269722,6775.3033006634705
1,B_new_trained,2026-01-18,6951.298485920801,5111.930248210712
1,B_new_trained,2026-01-19,6802.897787536684,4131.80093786179
1,B_new_trained,2026-01-20,6430.379010740346,3983.400239477673
1,B_new_trained,2026-01-21,4754.223042374496,3610.881462681335
1,B_new_trained,2026-01-22,5013.879969758142,1934.7254943154853
1,persistence,2025-12-24,58606.43323292737,61014.29057677041
1,persistence,2025-12-25,60641.28989477052,58606.43323292737
1,persistence,2025-12-26,58575.915307928,60641.28989477052
1,persistence,2025-12-27,52735.22662610265,58575.915307928
1,persistence,2025-12-28,45221.99825716334,52735.22662610265
1,persistence,2025-12-29,44408.05284441299,45221.99825716334
1,persistence,2025-12-30,40484.07026904635,44408.05284441299
1,persistence,2025-12-31,37856.28804302291,40484.07026904635
1,persistence,2026-01-01,42454.87035829797,37856.28804302291
1,persistence,2026-01-02,40621.68780879292,42454.87035829797
1,persistence,2026-01-03,38841.39655611992,40621.68780879292
1,persistence,2026-01-04,35062.85962274358,38841.39655611992
1,persistence,2026-01-05,28196.25966596511,35062.85962274358
1,persistence,2026-01-06,24052.600328715,28196.25966596511
1,persistence,2026-01-07,0.0,24052.600328715
1,persistence,2026-01-08,1005.554128209214,0.0
1,persistence,2026-01-09,4547.181981030939,1005.554128209214
1,persistence,2026-01-10,2501.206056063745,4547.181981030939
1,persistence,2026-01-11,7038.238120057628,2501.206056063745
1,persistence,2026-01-12,5146.520075025873,7038.238120057628
1,persistence,2026-01-13,6795.481323221639,5146.520075025873
1,persistence,2026-01-14,7522.553062727141,6795.481323221639
1,persistence,2026-01-15,9082.504002172822,7522.553062727141
1,persistence,2026-01-16,9641.718665012206,9082.504002172822
1,persistence,2026-01-17,7931.427796269722,9641.718665012206
1,persistence,2026-01-18,6951.298485920801,7931.427796269722
1,persistence,2026-01-19,6802.897787536684,6951.298485920801
1,persistence,2026-01-20,6430.379010740346,6802.897787536684
1,persistence,2026-01-21,4754.223042374496,6430.379010740346
1,persistence,2026-01-22,5013.879969758142,4754.223042374496
1,A_old_trained,2026-01-23,5224.655702852328,2356.5406748486466
1,A_old_trained,2026-01-24,5864.683898932829,2533.833784965236
1,A_old_trained,2026-01-25,6994.802601928017,3173.8619810457367
1,A_old_trained,2026-01-26,11476.10062633418,4272.278238922129
1,A_old_trained,2026-01-27,5676.608802087474,7755.319734509175
1,A_old_trained,2026-01-28,11838.21534079677,2301.687116980696
1,A_old_trained,2026-01-29,6614.983560953315,7224.093630765635
1,A_old_trained,2026-01-30,8220.106059791846,3208.3594307277413
1,A_old_trained,2026-01-31,8037.136958042139,4225.8203270410395
1,A_old_trained,2026-02-01,7249.710052871193,4793.642569623471
1,A_old_trained,2026-02-02,0.0,4020.268378718226
1,A_old_trained,2026-02-03,0.0,0.0
1,A_old_trained,2026-02-04,1167.570968068156,0.0
1,A_old_trained,2026-02-05,1167.570968068156,0.0
1,A_old_trained,2026-02-06,1167.570968068156,0.0
1,A_old_trained,2026-02-07,4170.535081053606,0.0
1,A_old_trained,2026-02-08,4172.782660970314,2676.032544670549
1,A_old_trained,2026-02-09,1168.765625470164,2678.3369239824515
1,A_old_trained,2026-02-10,1168.765625470164,0.0
1,A_old_trained,2026-02-11,4174.822262577526,0.0
1,A_old_trained,2026-02-12,0.0,2458.6755559694393
1,A_old_trained,2026-02-13,1167.570968068156,0.0
1,A_old_trained,2026-02-14,1167.570968068156,0.0
1,A_old_trained,2026-02-15,1167.570968068156,0.0
1,A_old_trained,2026-02-16,1167.570968068156,0.0
1,A_old_trained,2026-02-17,1167.570968068156,0.0
1,A_old_trained,2026-02-18,1167.570968068156,0.0
1,A_old_trained,2026-02-19,1167.570968068156,0.0
1,A_old_trained,2026-02-20,0.0,0.0
1,A_old_trained,2026-02-21,3147.926173739526,0.0
1,B_new_trained,2026-01-23,5224.655702852328,4978.680802755882
1,B_new_trained,2026-01-24,5864.683898932829,5176.039788271966
1,B_new_trained,2026-01-25,6994.802601928017,5680.919115658424
1,B_new_trained,2026-01-26,11476.10062633418,6769.006755929836
1,B_new_trained,2026-01-27,5676.608802087474,9198.317936368607
1,B_new_trained,2026-01-28,11838.21534079677,4366.5548588057245
1,B_new_trained,2026-01-29,6614.983560953315,9411.199221855775
1,B_new_trained,2026-01-30,8220.106059791846,5228.780164647923
1,B_new_trained,2026-01-31,8037.136958042139,7809.5510343824035
1,B_new_trained,2026-02-01,7249.710052871193,7640.110122219423
1,B_new_trained,2026-02-02,0.0,6788.553849631164
1,B_new_trained,2026-02-03,0.0,0.0
1,B_new_trained,2026-02-04,1167.570968068156,610.9760677828899
1,B_new_trained,2026-02-05,1167.570968068156,3169.939962533669
1,B_new_trained,2026-02-06,1167.570968068156,3208.0220635194246
1,B_new_trained,2026-02-07,4170.535081053606,3208.0220635194246
1,B_new_trained,2026-02-08,4172.782660970314,6216.21303870248
1,B_new_trained,2026-02-09,1168.765625470164,6152.226079249267
1,B_new_trained,2026-02-10,1168.765625470164,3176.8492099082596
1,B_new_trained,2026-02-11,4174.822262577526,3173.645939128357
1,B_new_trained,2026-02-12,0.0,6046.791508155773
1,B_new_trained,2026-02-13,1167.570968068156,520.275858752756
1,B_new_trained,2026-02-14,1167.570968068156,3183.0199231062516
1,B_new_trained,2026-02-15,1167.570968068156,3208.0220635194246
1,B_new_trained,2026-02-16,1167.570968068156,3208.0220635194246
1,B_new_trained,2026-02-17,1167.570968068156,3208.0220635194246
1,B_new_trained,2026-02-18,1167.570968068156,3208.0220635194246
1,B_new_trained,2026-02-19,1167.570968068156,3208.0220635194246
1,B_new_trained,2026-02-20,0.0,3208.0220635194246
1,B_new_trained,2026-02-21,3147.926173739526,1010.3618590798096
1,persistence,2026-01-23,5224.655702852328,5013.879969758142
1,persistence,2026-01-24,5864.683898932829,5224.655702852328
1,persistence,2026-01-25,6994.802601928017,5864.683898932829
1,persistence,2026-01-26,11476.10062633418,6994.802601928017
1,persistence,2026-01-27,5676.608802087474,11476.10062633418
1,persistence,2026-01-28,11838.21534079677,5676.608802087474
1,persistence,2026-01-29,6614.983560953315,11838.21534079677
1,persistence,2026-01-30,8220.106059791846,6614.983560953315
1,persistence,2026-01-31,8037.136958042139,8220.106059791846
1,persistence,2026-02-01,7249.710052871193,8037.136958042139
1,persistence,2026-02-02,0.0,7249.710052871193
1,persistence,2026-02-03,0.0,0.0
1,persistence,2026-02-04,1167.570968068156,0.0
1,persistence,2026-02-05,1167.570968068156,1167.570968068156
1,persistence,2026-02-06,1167.570968068156,1167.570968068156
1,persistence,2026-02-07,4170.535081053606,1167.570968068156
1,persistence,2026-02-08,4172.782660970314,4170.535081053606
1,persistence,2026-02-09,1168.765625470164,4172.782660970314
1,persistence,2026-02-10,1168.765625470164,1168.765625470164
1,persistence,2026-02-11,4174.822262577526,1168.765625470164
1,persistence,2026-02-12,0.0,4174.822262577526
1,persistence,2026-02-13,1167.570968068156,0.0
1,persistence,2026-02-14,1167.570968068156,1167.570968068156
1,persistence,2026-02-15,1167.570968068156,1167.570968068156
1,persistence,2026-02-16,1167.570968068156,1167.570968068156
1,persistence,2026-02-17,1167.570968068156,1167.570968068156
1,persistence,2026-02-18,1167.570968068156,1167.570968068156
1,persistence,2026-02-19,1167.570968068156,1167.570968068156
1,persistence,2026-02-20,0.0,1167.570968068156
1,persistence,2026-02-21,3147.926173739526,0.0
1,A_old_trained,2026-02-22,0.0,3071.2388024315374
1,A_old_trained,2026-02-23,4168.485571068196,0.0
1,A_old_trained,2026-02-24,1167.570968068156,4111.1819186817875
1,A_old_trained,2026-02-25,1167.570968068156,1114.0881985599146
1,A_old_trained,2026-02-26,1167.570968068156,1186.1384221790534
1,A_old_trained,2026-02-27,1167.570968068156,1186.1384221790534
1,A_old_trained,2026-02-28,1232.360327093139,1186.1384221790534
1,A_old_trained,2026-03-01,1232.360327093139,1250.9277812040364
1,A_old_trained,2026-03-02,0.0,1250.9277812040364
1,A_old_trained,2026-03-03,7232.699243493119,0.0
1,A_old_trained,2026-03-04,0.0,6847.505493412946
1,A_old_trained,2026-03-05,4231.157917663651,0.0
1,A_old_trained,2026-03-06,10240.97433716826,4116.158869833202
1,A_old_trained,2026-03-07,0.0,9619.558408187233
1,A_old_trained,2026-03-08,7240.005734046325,0.0
1,A_old_trained,2026-03-09,0.0,6916.941388864771
1,A_old_trained,2026-03-10,0.0,0.0
1,A_old_trained,2026-03-11,0.0,0.0
1,A_old_trained,2026-03-12,4588.915562032591,0.0
1,A_old_trained,2026-03-13,1051.725638716127,4303.153528599796
1,A_old_trained,2026-03-14,1171.730949081183,641.7243591421307
1,A_old_trained,2026-03-15,1231.733604263711,893.2307309504126
1,A_old_trained,2026-03-16,1591.827078183679,612.2421868851054
1,A_old_trained,2026-03-17,3694.787865385309,1861.7434674169772
1,A_old_trained,2026-03-18,29442.79622979818,4285.67495582582
1,A_old_trained,2026-03-19,3141.663118533274,27492.903492076686
1,A_old_trained,2026-03-20,15588.06166423388,1220.1692578870898
1,A_old_trained,2026-03-21,0.0,12968.078917022549
1,A_old_trained,2026-03-22,0.0,0.0
1,A_old_trained,2026-03-23,7447.294367083702,0.0
1,B_new_trained,2026-02-22,0.0,2833.4753506719053
1,B_new_trained,2026-02-23,4168.485571068196,0.0
1,B_new_trained,2026-02-24,1167.570968068156,4019.4548736945703
1,B_new_trained,2026-02-25,1167.570968068156,1166.950441764641
1,B_new_trained,2026-02-26,1167.570968068156,1226.1969920492118
1,B_new_trained,2026-02-27,1167.570968068156,1219.0448758833315
1,B_new_trained,2026-02-28,1232.360327093139,1219.0448758833315
1,B_new_trained,2026-03-01,1232.360327093139,1272.9730609245385
1,B_new_trained,2026-03-02,0.0,1272.9730609245385
1,B_new_trained,2026-03-03,7232.699243493119,0.0
1,B_new_trained,2026-03-04,0.0,6801.146805960561
1,B_new_trained,2026-03-05,4231.157917663651,0.0
1,B_new_trained,2026-03-06,10240.97433716826,4110.539143180351
1,B_new_trained,2026-03-07,0.0,9522.949104507032
1,B_new_trained,2026-03-08,7240.005734046325,0.0
1,B_new_trained,2026-03-09,0.0,6888.874608217766
1,B_new_trained,2026-03-10,0.0,0.0
1,B_new_trained,2026-03-11,0.0,0.0
1,B_new_trained,2026-03-12,4588.915562032591,0.0
1,B_new_trained,2026-03-13,1051.725638716127,4187.569126894377
1,B_new_trained,2026-03-14,1171.730949081183,1065.2682608099176
1,B_new_trained,2026-03-15,1231.733604263711,1277.9894646462071
1,B_new_trained,2026-03-16,1591.827078183679,1332.6684692140336
1,B_new_trained,2026-03-17,3694.787865385309,1310.637419146538
1,B_new_trained,2026-03-18,29442.79622979818,3648.2380192990427
1,B_new_trained,2026-03-19,3141.663118533274,29581.736990588626
1,B_new_trained,2026-03-20,15588.06166423388,2471.1618415171206
1,B_new_trained,2026-03-21,0.0,14014.667851840082
1,B_new_trained,2026-03-22,0.0,269.1279138872601
1,B_new_trained,2026-03-23,7447.294367083702,148.98280277424237
1,persistence,2026-02-22,0.0,3147.926173739526
1,persistence,2026-02-23,4168.485571068196,0.0
1,persistence,2026-02-24,1167.570968068156,4168.485571068196
1,persistence,2026-02-25,1167.570968068156,1167.570968068156
1,persistence,2026-02-26,1167.570968068156,1167.570968068156
1,persistence,2026-02-27,1167.570968068156,1167.570968068156
1,persistence,2026-02-28,1232.360327093139,1167.570968068156
1,persistence,2026-03-01,1232.360327093139,1232.360327093139
1,persistence,2026-03-02,0.0,1232.360327093139
1,persistence,2026-03-03,7232.699243493119,0.0
1,persistence,2026-03-04,0.0,7232.699243493119
1,persistence,2026-03-05,4231.157917663651,0.0
1,persistence,2026-03-06,10240.97433716826,4231.157917663651
1,persistence,2026-03-07,0.0,10240.97433716826
1,persistence,2026-03-08,7240.005734046325,0.0
1,persistence,2026-03-09,0.0,7240.005734046325
1,persistence,2026-03-10,0.0,0.0
1,persistence,2026-03-11,0.0,0.0
1,persistence,2026-03-12,4588.915562032591,0.0
1,persistence,2026-03-13,1051.725638716127,4588.915562032591
1,persistence,2026-03-14,1171.730949081183,1051.725638716127
1,persistence,2026-03-15,1231.733604263711,1171.730949081183
1,persistence,2026-03-16,1591.827078183679,1231.733604263711
1,persistence,2026-03-17,3694.787865385309,1591.827078183679
1,persistence,2026-03-18,29442.79622979818,3694.787865385309
1,persistence,2026-03-19,3141.663118533274,29442.79622979818
1,persistence,2026-03-20,15588.06166423388,3141.663118533274
1,persistence,2026-03-21,0.0,15588.06166423388
1,persistence,2026-03-22,0.0,0.0
1,persistence,2026-03-23,7447.294367083702,0.0
1,A_old_trained,2026-03-24,0.0,7437.328418462774
1,A_old_trained,2026-03-25,1300.310608590011,153.8780581571027
1,A_old_trained,2026-03-26,0.0,1378.9837720465632
1,A_old_trained,2026-03-27,0.0,97.82842776580537
1,A_old_trained,2026-03-28,0.0,258.2573136127412
1,A_old_trained,2026-03-29,0.0,262.09181388102934
1,A_old_trained,2026-03-30,1216.506094919201,354.797619408183
1,A_old_trained,2026-03-31,1357.9623387935,1301.0383287908119
1,A_old_trained,2026-04-01,0.0,1404.7727403846327
1,A_old_trained,2026-04-02,19185.66181159556,68.55567990759937
1,A_old_trained,2026-04-03,0.0,19528.093383341184
1,A_old_trained,2026-04-04,0.0,0.0
1,A_old_trained,2026-04-05,1357.1851159841,239.05496671636
1,A_old_trained,2026-04-06,4320.271751993509,1272.342670937165
1,A_old_trained,2026-04-07,0.0,4285.313603037044
1,A_old_trained,2026-04-08,0.0,84.12196304053668
1,A_old_trained,2026-04-09,0.0,275.6874291893264
1,A_old_trained,2026-04-10,0.0,116.38837268816133
1,A_old_trained,2026-04-11,0.0,248.80195897867907
1,A_old_trained,2026-04-12,0.0,225.31008554089476
1,A_old_trained,2026-04-13,0.0,86.79304438685631
1,A_old_trained,2026-04-14,0.0,0.0
1,A_old_trained,2026-04-15,0.0,16.097895740461354
1,A_old_trained,2026-04-16,0.0,229.05589605088971
1,A_old_trained,2026-04-17,0.0,59.56745417101047
1,A_old_trained,2026-04-18,0.0,0.0
1,A_old_trained,2026-04-19,7142.04282863685,0.0
1,A_old_trained,2026-04-20,0.0,6250.701722432401
1,A_old_trained,2026-04-21,1330.35764373476,0.0
1,A_old_trained,2026-04-22,0.0,742.2245040208697
1,B_new_trained,2026-03-24,0.0,6832.188726771901
1,B_new_trained,2026-03-25,1300.310608590011,27.369881860988244
1,B_new_trained,2026-03-26,0.0,1265.4887641003309
1,B_new_trained,2026-03-27,0.0,0.0
1,B_new_trained,2026-03-28,0.0,185.70055227511693
1,B_new_trained,2026-03-29,0.0,434.31062054630456
1,B_new_trained,2026-03-30,1216.506094919201,445.308145570797
1,B_new_trained,2026-03-31,1357.9623387935,1373.4352377563152
1,B_new_trained,2026-04-01,0.0,1522.2781298196771
1,B_new_trained,2026-04-02,19185.66181159556,181.5731759137143
1,B_new_trained,2026-04-03,0.0,16996.33952184623
1,B_new_trained,2026-04-04,0.0,0.0
1,B_new_trained,2026-04-05,1357.1851159841,612.0878963623459
1,B_new_trained,2026-04-06,4320.271751993509,1431.0631575374366
1,B_new_trained,2026-04-07,0.0,4259.710007242732
1,B_new_trained,2026-04-08,0.0,510.0814117137161
1,B_new_trained,2026-04-09,0.0,458.0418651513455
1,B_new_trained,2026-04-10,0.0,557.3584245310649
1,B_new_trained,2026-04-11,0.0,403.8933821719165
1,B_new_trained,2026-04-12,0.0,403.8933821719165
1,B_new_trained,2026-04-13,0.0,561.9299218382466
1,B_new_trained,2026-04-14,0.0,284.9000059778382
1,B_new_trained,2026-04-15,0.0,328.6721569029987
1,B_new_trained,2026-04-16,0.0,432.5231935518523
1,B_new_trained,2026-04-17,0.0,906.4039443211313
1,B_new_trained,2026-04-18,0.0,1140.187749295338
1,B_new_trained,2026-04-19,7142.04282863685,948.1108926021407
1,B_new_trained,2026-04-20,0.0,7096.758464336137
1,B_new_trained,2026-04-21,1330.35764373476,909.8594344172316
1,B_new_trained,2026-04-22,0.0,1700.5625784188076
1,persistence,2026-03-24,0.0,7447.294367083702
1,persistence,2026-03-25,1300.310608590011,0.0
1,persistence,2026-03-26,0.0,1300.310608590011
1,persistence,2026-03-27,0.0,0.0
1,persistence,2026-03-28,0.0,0.0
1,persistence,2026-03-29,0.0,0.0
1,persistence,2026-03-30,1216.506094919201,0.0
1,persistence,2026-03-31,1357.9623387935,1216.506094919201
1,persistence,2026-04-01,0.0,1357.9623387935
1,persistence,2026-04-02,19185.66181159556,0.0
1,persistence,2026-04-03,0.0,19185.66181159556
1,persistence,2026-04-04,0.0,0.0
1,persistence,2026-04-05,1357.1851159841,0.0
1,persistence,2026-04-06,4320.271751993509,1357.1851159841
1,persistence,2026-04-07,0.0,4320.271751993509
1,persistence,2026-04-08,0.0,0.0
1,persistence,2026-04-09,0.0,0.0
1,persistence,2026-04-10,0.0,0.0
1,persistence,2026-04-11,0.0,0.0
1,persistence,2026-04-12,0.0,0.0
1,persistence,2026-04-13,0.0,0.0
1,persistence,2026-04-14,0.0,0.0
1,persistence,2026-04-15,0.0,0.0
1,persistence,2026-04-16,0.0,0.0
1,persistence,2026-04-17,0.0,0.0
1,persistence,2026-04-18,0.0,0.0
1,persistence,2026-04-19,7142.04282863685,0.0
1,persistence,2026-04-20,0.0,7142.04282863685
1,persistence,2026-04-21,1330.35764373476,0.0
1,persistence,2026-04-22,0.0,1330.35764373476
1,A_old_trained,2026-04-23,0.0,10.973574156415907
1,A_old_trained,2026-04-24,0.0,0.0
1,A_old_trained,2026-04-25,4175.652946526906,106.65856537540094
1,A_old_trained,2026-04-26,0.0,4270.280948117515
1,A_old_trained,2026-04-27,7134.507354545481,399.1294598081863
1,A_old_trained,2026-04-28,1329.99703624549,7261.880382800793
1,A_old_trained,2026-04-29,0.0,2071.1333511439007
1,A_old_trained,2026-04-30,0.0,193.86618654350923
1,A_old_trained,2026-05-01,4156.934105248899,164.7474790727374
1,A_old_trained,2026-05-02,0.0,4281.649291594133
1,A_old_trained,2026-05-03,0.0,396.2238353049179
1,A_old_trained,2026-05-04,0.0,157.1062320582373
1,A_old_trained,2026-05-05,0.0,852.7103602184657
1,A_old_trained,2026-05-06,3575.559741841224,0.0
1,A_old_trained,2026-05-07,8337.097621055189,3930.4083838767924
1,A_old_trained,2026-05-08,7067.388500442302,6608.704501944494
1,A_old_trained,2026-05-09,3288.46284526218,6624.126375045613
1,A_old_trained,2026-05-10,609.3285666212043,0.0
1,A_old_trained,2026-05-11,327.4079784250729,0.0
1,A_old_trained,2026-05-12,64024.57078417507,0.0
1,A_old_trained,2026-05-13,29895.40787851404,47615.355155433295
1,A_old_trained,2026-05-14,9279.572203576883,3984.337942182261
1,A_old_trained,2026-05-15,16077.61184919209,1378.7599560898252
1,A_old_trained,2026-05-16,0.0,39590.124835230796
1,A_old_trained,2026-05-17,10216.22369505713,0.0
1,A_old_trained,2026-05-18,3927.997988633625,24912.429874665562
1,A_old_trained,2026-05-19,85867.63959680006,4002.486077344439
1,A_old_trained,2026-05-20,61048.47974927562,84758.79148076751
1,A_old_trained,2026-05-21,108733.3367135785,63030.28033853108
1,A_old_trained,2026-05-22,141212.5627369919,100650.22359210461
1,B_new_trained,2026-04-23,0.0,253.02488014248365
1,B_new_trained,2026-04-24,0.0,171.86702592418942
1,B_new_trained,2026-04-25,4175.652946526906,1030.6636567727483
1,B_new_trained,2026-04-26,0.0,4978.087528661371
1,B_new_trained,2026-04-27,7134.507354545481,260.11174475724783
1,B_new_trained,2026-04-28,1329.99703624549,11591.890939250563
1,B_new_trained,2026-04-29,0.0,2271.02519538797
1,B_new_trained,2026-04-30,0.0,75.15563306735748
1,B_new_trained,2026-05-01,4156.934105248899,758.6462589322564
1,B_new_trained,2026-05-02,0.0,4295.325927204498
1,B_new_trained,2026-05-03,0.0,1139.3178212691837
1,B_new_trained,2026-05-04,0.0,847.8215694232363
1,B_new_trained,2026-05-05,0.0,4177.356329367475
1,B_new_trained,2026-05-06,3575.559741841224,120.43950494621913
1,B_new_trained,2026-05-07,8337.097621055189,3713.0790625090467
1,B_new_trained,2026-05-08,7067.388500442302,9469.922626867054
1,B_new_trained,2026-05-09,3288.46284526218,10160.17538475155
1,B_new_trained,2026-05-10,609.3285666212043,8081.704064185289
1,B_new_trained,2026-05-11,327.4079784250729,10764.203205684706
1,B_new_trained,2026-05-12,64024.57078417507,0.0
1,B_new_trained,2026-05-13,29895.40787851404,77143.18679756543
1,B_new_trained,2026-05-14,9279.572203576883,38641.75445191972
1,B_new_trained,2026-05-15,16077.61184919209,37770.92714930735
1,B_new_trained,2026-05-16,0.0,31249.580320291734
1,B_new_trained,2026-05-17,10216.22369505713,874.3074635163757
1,B_new_trained,2026-05-18,3927.997988633625,17322.728111150187
1,B_new_trained,2026-05-19,85867.63959680006,12778.198852010504
1,B_new_trained,2026-05-20,61048.47974927562,105745.29812727208
1,B_new_trained,2026-05-21,108733.3367135785,58408.16406145346
1,B_new_trained,2026-05-22,141212.5627369919,108077.14586678738
1,persistence,2026-04-23,0.0,0.0
1,persistence,2026-04-24,0.0,0.0
1,persistence,2026-04-25,4175.652946526906,0.0
1,persistence,2026-04-26,0.0,4175.652946526906
1,persistence,2026-04-27,7134.507354545481,0.0
1,persistence,2026-04-28,1329.99703624549,7134.507354545481
1,persistence,2026-04-29,0.0,1329.99703624549
1,persistence,2026-04-30,0.0,0.0
1,persistence,2026-05-01,4156.934105248899,0.0
1,persistence,2026-05-02,0.0,4156.934105248899
1,persistence,2026-05-03,0.0,0.0
1,persistence,2026-05-04,0.0,0.0
1,persistence,2026-05-05,0.0,0.0
1,persistence,2026-05-06,3575.559741841224,0.0
1,persistence,2026-05-07,8337.097621055189,3575.559741841224
1,persistence,2026-05-08,7067.388500442302,8337.097621055189
1,persistence,2026-05-09,3288.46284526218,7067.388500442302
1,persistence,2026-05-10,609.3285666212043,3288.46284526218
1,persistence,2026-05-11,327.4079784250729,609.3285666212043
1,persistence,2026-05-12,64024.57078417507,327.4079784250729
1,persistence,2026-05-13,29895.40787851404,64024.57078417507
1,persistence,2026-05-14,9279.572203576883,29895.40787851404
1,persistence,2026-05-15,16077.61184919209,9279.572203576883
1,persistence,2026-05-16,0.0,16077.61184919209
1,persistence,2026-05-17,10216.22369505713,0.0
1,persistence,2026-05-18,3927.997988633625,10216.22369505713
1,persistence,2026-05-19,85867.63959680006,3927.997988633625
1,persistence,2026-05-20,61048.47974927562,85867.63959680006
1,persistence,2026-05-21,108733.3367135785,61048.47974927562
1,persistence,2026-05-22,141212.5627369919,108733.3367135785
1,A_old_trained,2026-05-23,185517.9117316547,103379.57571017678
1,A_old_trained,2026-05-24,179597.995600109,163604.59833375248
1,A_old_trained,2026-05-25,193356.5957728531,153546.82203465764
1,A_old_trained,2026-05-26,349365.1598969635,160179.41280697408
1,A_old_trained,2026-05-27,433838.0231737584,294858.9902424648
1,A_old_trained,2026-05-28,507809.2200161263,410081.34495545283
1,A_old_trained,2026-05-29,602775.1641346975,439464.35064856627
1,A_old_trained,2026-05-30,553516.0898851521,557071.1334801887
1,A_old_trained,2026-05-31,449557.2543120539,523935.1389491129
1,A_old_trained,2026-06-01,240641.9388894092,384748.6978249517
1,A_old_trained,2026-06-02,216085.9110082715,210779.81881727977
1,A_old_trained,2026-06-03,198275.3925303018,173179.6448397672
1,A_old_trained,2026-06-04,192990.3100497752,168847.60326082286
1,A_old_trained,2026-06-05,201843.6206251707,168209.20303163418
1,A_old_trained,2026-06-06,174582.3631776166,174713.40482857838
1,A_old_trained,2026-06-07,165844.9237883183,155719.76172183608
1,A_old_trained,2026-06-08,156694.7359268938,147405.47877643118
1,A_old_trained,2026-06-09,160301.5900719157,143419.2078203847
1,A_old_trained,2026-06-10,166649.5271781315,148720.18418807266
1,A_old_trained,2026-06-11,189788.4728931298,155968.77504796954
1,A_old_trained,2026-06-12,201768.2313126253,179700.16931029467
1,A_old_trained,2026-06-13,174580.9152624754,175679.0105716914
1,A_old_trained,2026-06-14,133852.9901506277,152493.84095086346
1,A_old_trained,2026-06-15,141713.5315307741,118907.76479168766
1,A_old_trained,2026-06-16,121801.9629150302,123291.9556977182
1,A_old_trained,2026-06-17,80097.31022858075,106959.2534870021
1,A_old_trained,2026-06-18,79432.17603844083,67249.85326049235
1,A_old_trained,2026-06-19,51854.03477584177,69141.77157304317
1,A_old_trained,2026-06-20,47047.00811797024,43549.596653646615
1,A_old_trained,2026-06-21,49498.13353825355,40150.06800273811
1,B_new_trained,2026-05-23,185517.9117316547,142738.03102134803
1,B_new_trained,2026-05-24,179597.995600109,180931.10993132507
1,B_new_trained,2026-05-25,193356.5957728531,176751.00049900176
1,B_new_trained,2026-05-26,349365.1598969635,189955.9348436293
1,B_new_trained,2026-05-27,433838.0231737584,345270.60784466594
1,B_new_trained,2026-05-28,507809.2200161263,426224.83620158647
1,B_new_trained,2026-05-29,602775.1641346975,506120.6454388382
1,B_new_trained,2026-05-30,553516.0898851521,597269.237368932
1,B_new_trained,2026-05-31,449557.2543120539,546729.3091707287
1,B_new_trained,2026-06-01,240641.9388894092,442293.54724850605
1,B_new_trained,2026-06-02,216085.9110082715,233181.27067908383
1,B_new_trained,2026-06-03,198275.3925303018,210971.0761171558
1,B_new_trained,2026-06-04,192990.3100497752,193768.6134958283
1,B_new_trained,2026-06-05,201843.6206251707,188483.5310153017
1,B_new_trained,2026-06-06,174582.3631776166,200193.7186565495
1,B_new_trained,2026-06-07,165844.9237883183,170033.87230913967
1,B_new_trained,2026-06-08,156694.7359268938,163295.94317371902
1,B_new_trained,2026-06-09,160301.5900719157,154193.22710883396
1,B_new_trained,2026-06-10,166649.5271781315,161486.4949045343
1,B_new_trained,2026-06-11,189788.4728931298,161695.87419560493
1,B_new_trained,2026-06-12,201768.2313126253,190749.78808483272
1,B_new_trained,2026-06-13,174580.9152624754,198488.64648603945
1,B_new_trained,2026-06-14,133852.9901506277,166953.48635502957
1,B_new_trained,2026-06-15,141713.5315307741,127664.69107131522
1,B_new_trained,2026-06-16,121801.9629150302,139230.37378252615
1,B_new_trained,2026-06-17,80097.31022858075,117556.62149675496
1,B_new_trained,2026-06-18,79432.17603844083,76819.27965994572
1,B_new_trained,2026-06-19,51854.03477584177,77228.66600785956
1,B_new_trained,2026-06-20,47047.00811797024,49448.911366265136
1,B_new_trained,2026-06-21,49498.13353825355,45164.65565099705
1,persistence,2026-05-23,185517.9117316547,141212.5627369919
1,persistence,2026-05-24,179597.995600109,185517.9117316547
1,persistence,2026-05-25,193356.5957728531,179597.995600109
1,persistence,2026-05-26,349365.1598969635,193356.5957728531
1,persistence,2026-05-27,433838.0231737584,349365.1598969635
1,persistence,2026-05-28,507809.2200161263,433838.0231737584
1,persistence,2026-05-29,602775.1641346975,507809.2200161263
1,persistence,2026-05-30,553516.0898851521,602775.1641346975
1,persistence,2026-05-31,449557.2543120539,553516.0898851521
1,persistence,2026-06-01,240641.9388894092,449557.2543120539
1,persistence,2026-06-02,216085.9110082715,240641.9388894092
1,persistence,2026-06-03,198275.3925303018,216085.9110082715
1,persistence,2026-06-04,192990.3100497752,198275.3925303018
1,persistence,2026-06-05,201843.6206251707,192990.3100497752
1,persistence,2026-06-06,174582.3631776166,201843.6206251707
1,persistence,2026-06-07,165844.9237883183,174582.3631776166
1,persistence,2026-06-08,156694.7359268938,165844.9237883183
1,persistence,2026-06-09,160301.5900719157,156694.7359268938
1,persistence,2026-06-10,166649.5271781315,160301.5900719157
1,persistence,2026-06-11,189788.4728931298,166649.5271781315
1,persistence,2026-06-12,201768.2313126253,189788.4728931298
1,persistence,2026-06-13,174580.9152624754,201768.2313126253
1,persistence,2026-06-14,133852.9901506277,174580.9152624754
1,persistence,2026-06-15,141713.5315307741,133852.9901506277
1,persistence,2026-06-16,121801.9629150302,141713.5315307741
1,persistence,2026-06-17,80097.31022858075,121801.9629150302
1,persistence,2026-06-18,79432.17603844083,80097.31022858075
1,persistence,2026-06-19,51854.03477584177,79432.17603844083
1,persistence,2026-06-20,47047.00811797024,51854.03477584177
1,persistence,2026-06-21,49498.13353825355,47047.00811797024
1,A_old_trained,2026-06-22,48315.2033726697,48179.44400593535
1,A_old_trained,2026-06-23,44125.329575858,46996.5138403515
1,A_old_trained,2026-06-24,35020.78540226009,42806.6400435398
1,A_old_trained,2026-06-25,31864.99551244184,33775.396747095394
1,A_old_trained,2026-06-26,24497.17494178787,30619.606857277144
1,A_old_trained,2026-06-27,21684.38265192751,23270.316294011915
1,A_old_trained,2026-06-28,16173.40765637152,20531.474221315577
1,A_old_trained,2026-06-29,24563.31828446738,15116.159984260315
1,A_old_trained,2026-06-30,26743.39728476141,23443.499180452385
1,A_old_trained,2026-07-01,4118.680690423142,25610.88028737838
1,A_old_trained,2026-07-02,3424.85477286065,3312.1013578939674
1,A_old_trained,2026-07-03,0.0,3256.752882437988
1,A_old_trained,2026-07-04,0.0,0.0
1,A_old_trained,2026-07-05,0.0,0.0
1,A_old_trained,2026-07-06,0.0,0.0
1,A_old_trained,2026-07-07,0.0,0.0
1,A_old_trained,2026-07-08,0.0,0.0
1,A_old_trained,2026-07-09,0.0,0.0
1,A_old_trained,2026-07-10,8.358452526200495,0.0
1,A_old_trained,2026-07-11,1548.477362288514,0.0
1,A_old_trained,2026-07-12,0.0,965.9648988171555
1,A_old_trained,2026-07-13,12175.06558400085,0.0
1,A_old_trained,2026-07-14,0.0,11517.401142896037
1,A_old_trained,2026-07-15,0.0,0.0
1,A_old_trained,2026-07-16,0.0,0.0
1,A_old_trained,2026-07-17,0.0,0.0
1,A_old_trained,2026-07-18,2547.386090313617,0.0
1,A_old_trained,2026-07-19,0.0,1884.5107255677383
1,A_old_trained,2026-07-20,0.0,0.0
1,A_old_trained,2026-07-21,0.0,0.0
1,A_old_trained,2026-07-22,0.0,0.0
1,A_old_trained,2026-07-23,0.0,0.0
1,B_new_trained,2026-06-22,48315.2033726697,48164.442000659845
1,B_new_trained,2026-06-23,44125.329575858,45784.99264255763
1,B_new_trained,2026-06-24,35020.78540226009,41768.35554060087
1,B_new_trained,2026-06-25,31864.99551244184,32831.623288944495
1,B_new_trained,2026-06-26,24497.17494178787,29911.48860646362
1,B_new_trained,2026-06-27,21684.38265192751,22705.014079819197
1,B_new_trained,2026-06-28,16173.40765637152,20099.732094012466
1,B_new_trained,2026-06-29,24563.31828446738,14733.795884786978
1,B_new_trained,2026-06-30,26743.39728476141,23089.54923404226
1,B_new_trained,2026-07-01,4118.680690423142,25208.35311504759
1,B_new_trained,2026-07-02,3424.85477286065,3259.6682071914865
1,B_new_trained,2026-07-03,0.0,3532.992971806808
1,B_new_trained,2026-07-04,0.0,186.18068136386944
1,B_new_trained,2026-07-05,0.0,209.0367602913094
1,B_new_trained,2026-07-06,0.0,142.45998391575347
1,B_new_trained,2026-07-07,0.0,34.939140806675596
1,B_new_trained,2026-07-08,0.0,0.0
1,B_new_trained,2026-07-09,0.0,0.0
1,B_new_trained,2026-07-10,8.358452526200495,0.0
1,B_new_trained,2026-07-11,1548.477362288514,421.612012794517
1,B_new_trained,2026-07-12,0.0,1541.0034590678451
1,B_new_trained,2026-07-13,12175.06558400085,172.20615533670014
1,B_new_trained,2026-07-14,0.0,14014.904330102434
1,B_new_trained,2026-07-15,0.0,260.5923834391557
1,B_new_trained,2026-07-16,0.0,240.865341406654
1,B_new_trained,2026-07-17,0.0,54.544182766262566
1,B_new_trained,2026-07-18,2547.386090313617,58.014008693245614
1,B_new_trained,2026-07-19,0.0,2365.2814215985272
1,B_new_trained,2026-07-20,0.0,0.0
1,B_new_trained,2026-07-21,0.0,0.0
1,B_new_trained,2026-07-22,0.0,0.0
1,B_new_trained,2026-07-23,0.0,9.124795963444399
1,persistence,2026-06-22,48315.2033726697,49498.13353825355
1,persistence,2026-06-23,44125.329575858,48315.2033726697
1,persistence,2026-06-24,35020.78540226009,44125.329575858
1,persistence,2026-06-25,31864.99551244184,35020.78540226009
1,persistence,2026-06-26,24497.17494178787,31864.99551244184
1,persistence,2026-06-27,21684.38265192751,24497.17494178787
1,persistence,2026-06-28,16173.40765637152,21684.38265192751
1,persistence,2026-06-29,24563.31828446738,16173.40765637152
1,persistence,2026-06-30,26743.39728476141,24563.31828446738
1,persistence,2026-07-01,4118.680690423142,26743.39728476141
1,persistence,2026-07-02,3424.85477286065,4118.680690423142
1,persistence,2026-07-03,0.0,3424.85477286065
1,persistence,2026-07-04,0.0,0.0
1,persistence,2026-07-05,0.0,0.0
1,persistence,2026-07-06,0.0,0.0
1,persistence,2026-07-07,0.0,0.0
1,persistence,2026-07-08,0.0,0.0
1,persistence,2026-07-09,0.0,0.0
1,persistence,2026-07-10,8.358452526200495,0.0
1,persistence,2026-07-11,1548.477362288514,8.358452526200495
1,persistence,2026-07-12,0.0,1548.477362288514
1,persistence,2026-07-13,12175.06558400085,0.0
1,persistence,2026-07-14,0.0,12175.06558400085
1,persistence,2026-07-15,0.0,0.0
1,persistence,2026-07-16,0.0,0.0
1,persistence,2026-07-17,0.0,0.0
1,persistence,2026-07-18,2547.386090313617,0.0
1,persistence,2026-07-19,0.0,2547.386090313617
1,persistence,2026-07-20,0.0,0.0
1,persistence,2026-07-21,0.0,0.0
1,persistence,2026-07-22,0.0,0.0
1,persistence,2026-07-23,0.0,0.0
2,A_old_trained,2025-11-24,250442.3677198271,242586.03324919957
2,A_old_trained,2025-11-25,226461.0491718907,207567.13485578832
2,A_old_trained,2025-11-26,209827.3783454106,181005.3139083871
2,A_old_trained,2025-11-27,192118.5984848536,162828.94042777288
2,A_old_trained,2025-11-28,181762.4168316232,149568.13589935363
2,A_old_trained,2025-11-29,170801.8414968055,132491.8694935014
2,A_old_trained,2025-11-30,168695.2513560315,125457.30156853271
2,A_old_trained,2025-12-01,162280.3512820562,114001.65607519816
2,A_old_trained,2025-12-02,150695.9364096984,113790.21044242494
2,A_old_trained,2025-12-03,146155.8711909035,109240.51727594458
2,A_old_trained,2025-12-04,142112.1251674911,95703.31917986565
2,A_old_trained,2025-12-05,128336.1512244437,92807.02606479044
2,A_old_trained,2025-12-06,123172.8626200811,89488.5215234562
2,A_old_trained,2025-12-07,118333.622935685,76296.52773287201
2,A_old_trained,2025-12-08,105974.2258759667,74779.4373058801
2,A_old_trained,2025-12-09,100182.1597185699,72302.8140639138
2,A_old_trained,2025-12-10,105777.9168306079,62417.11443387761
2,A_old_trained,2025-12-11,95674.64344875758,57878.752389750676
2,A_old_trained,2025-12-12,102286.8081684614,59514.05097069277
2,A_old_trained,2025-12-13,98510.33062773151,55083.175915589454
2,A_old_trained,2025-12-14,91571.26234193222,59927.036870471435
2,A_old_trained,2025-12-15,89250.45186240789,56212.088360853784
2,A_old_trained,2025-12-16,86114.73632646514,51151.740389530256
2,A_old_trained,2025-12-17,75862.80524445037,51211.8295401685
2,A_old_trained,2025-12-18,72806.88785966646,48963.654057963315
2,A_old_trained,2025-12-19,67326.7436279514,42332.19639201679
2,A_old_trained,2025-12-20,69477.14912641923,42557.02018315885
2,A_old_trained,2025-12-21,59737.54393713534,43270.9213157669
2,A_old_trained,2025-12-22,61014.29057677041,44169.32729085858
2,A_old_trained,2025-12-23,58606.43323292737,38296.19009531911
2,B_new_trained,2025-11-24,250442.3677198271,227931.98121871718
2,B_new_trained,2025-11-25,226461.0491718907,190485.79583565722
2,B_new_trained,2025-11-26,209827.3783454106,172710.89803784862
2,B_new_trained,2025-11-27,192118.5984848536,157855.54261967706
2,B_new_trained,2025-11-28,181762.4168316232,146165.2425964683
2,B_new_trained,2025-11-29,170801.8414968055,126581.94837770224
2,B_new_trained,2025-11-30,168695.2513560315,121385.75354358501
2,B_new_trained,2025-12-01,162280.3512820562,112059.47899733209
2,B_new_trained,2025-12-02,150695.9364096984,113756.04639194923
2,B_new_trained,2025-12-03,146155.8711909035,105594.3289560698
2,B_new_trained,2025-12-04,142112.1251674911,91081.41238330732
2,B_new_trained,2025-12-05,128336.1512244437,89421.92446115753
2,B_new_trained,2025-12-06,123172.8626200811,85135.53221903238
2,B_new_trained,2025-12-07,118333.622935685,68011.35894855815
2,B_new_trained,2025-12-08,105974.2258759667,67359.21957775342
2,B_new_trained,2025-12-09,100182.1597185699,65078.49403733505
2,B_new_trained,2025-12-10,105777.9168306079,54058.279560187686
2,B_new_trained,2025-12-11,95674.64344875758,51445.636747645294
2,B_new_trained,2025-12-12,102286.8081684614,64394.645195251716
2,B_new_trained,2025-12-13,98510.33062773151,52667.80982445428
2,B_new_trained,2025-12-14,91571.26234193222,62496.76478353654
2,B_new_trained,2025-12-15,89250.45186240789,58180.669590405356
2,B_new_trained,2025-12-16,86114.73632646514,49406.777476974254
2,B_new_trained,2025-12-17,75862.80524445037,49906.63784371018
2,B_new_trained,2025-12-18,72806.88785966646,48393.993951222306
2,B_new_trained,2025-12-19,67326.7436279514,40092.26749053068
2,B_new_trained,2025-12-20,69477.14912641923,40104.83037283855
2,B_new_trained,2025-12-21,59737.54393713534,37924.5536780297
2,B_new_trained,2025-12-22,61014.29057677041,40984.946112611346
2,B_new_trained,2025-12-23,58606.43323292737,34856.55364784836
2,persistence,2025-11-24,250442.3677198271,320232.6373695737
2,persistence,2025-11-25,226461.0491718907,282635.1724947998
2,persistence,2025-11-26,209827.3783454106,250442.3677198271
2,persistence,2025-11-27,192118.5984848536,226461.0491718907
2,persistence,2025-11-28,181762.4168316232,209827.3783454106
2,persistence,2025-11-29,170801.8414968055,192118.5984848536
2,persistence,2025-11-30,168695.2513560315,181762.4168316232
2,persistence,2025-12-01,162280.3512820562,170801.8414968055
2,persistence,2025-12-02,150695.9364096984,168695.2513560315
2,persistence,2025-12-03,146155.8711909035,162280.3512820562
2,persistence,2025-12-04,142112.1251674911,150695.9364096984
2,persistence,2025-12-05,128336.1512244437,146155.8711909035
2,persistence,2025-12-06,123172.8626200811,142112.1251674911
2,persistence,2025-12-07,118333.622935685,128336.1512244437
2,persistence,2025-12-08,105974.2258759667,123172.8626200811
2,persistence,2025-12-09,100182.1597185699,118333.622935685
2,persistence,2025-12-10,105777.9168306079,105974.2258759667
2,persistence,2025-12-11,95674.64344875758,100182.1597185699
2,persistence,2025-12-12,102286.8081684614,105777.9168306079
2,persistence,2025-12-13,98510.33062773151,95674.64344875758
2,persistence,2025-12-14,91571.26234193222,102286.8081684614
2,persistence,2025-12-15,89250.45186240789,98510.33062773151
2,persistence,2025-12-16,86114.73632646514,91571.26234193222
2,persistence,2025-12-17,75862.80524445037,89250.45186240789
2,persistence,2025-12-18,72806.88785966646,86114.73632646514
2,persistence,2025-12-19,67326.7436279514,75862.80524445037
2,persistence,2025-12-20,69477.14912641923,72806.88785966646
2,persistence,2025-12-21,59737.54393713534,67326.7436279514
2,persistence,2025-12-22,61014.29057677041,69477.14912641923
2,persistence,2025-12-23,58606.43323292737,59737.54393713534
2,A_old_trained,2025-12-24,60641.28989477052,53822.569022807744
2,A_old_trained,2025-12-25,58575.915307928,58822.3782721277
2,A_old_trained,2025-12-26,52735.22662610265,60857.23493397085
2,A_old_trained,2025-12-27,45221.99825716334,58791.860347128335
2,A_old_trained,2025-12-28,44408.05284441299,53410.485905812595
2,A_old_trained,2025-12-29,40484.07026904635,45897.25753687328
2,A_old_trained,2025-12-30,37856.28804302291,39464.83664916715
2,A_old_trained,2025-12-31,42454.87035829797,35540.85407380051
2,A_old_trained,2026-01-01,40621.68780879292,32724.813272807878
2,A_old_trained,2026-01-02,38841.39655611992,37323.39558808294
2,A_old_trained,2026-01-03,35062.85962274358,35678.47161354708
2,A_old_trained,2026-01-04,28196.25966596511,33709.92178590489
2,A_old_trained,2026-01-05,24052.600328715,29931.384852528543
2,A_old_trained,2026-01-06,0.0,23599.002374740005
2,A_old_trained,2026-01-07,1005.554128209214,21349.937461645866
2,A_old_trained,2026-01-08,4547.181981030939,0.0
2,A_old_trained,2026-01-09,2501.206056063745,0.0
2,A_old_trained,2026-01-10,7038.238120057628,2416.9350382332145
2,A_old_trained,2026-01-11,5146.520075025873,448.5662397395049
2,A_old_trained,2026-01-12,6795.481323221639,4944.494416094653
2,A_old_trained,2026-01-13,7522.553062727141,2963.084432230141
2,A_old_trained,2026-01-14,9082.504002172822,4701.737619258664
2,A_old_trained,2026-01-15,9641.718665012206,5428.809358764166
2,A_old_trained,2026-01-16,7931.427796269722,6988.760298209847
2,A_old_trained,2026-01-17,6951.298485920801,7526.08315535235
2,A_old_trained,2026-01-18,6802.897787536684,5815.792286609867
2,A_old_trained,2026-01-19,6430.379010740346,4835.6629762609455
2,A_old_trained,2026-01-20,4754.223042374496,4709.154083573709
2,A_old_trained,2026-01-21,5013.879969758142,4336.635306777371
2,A_old_trained,2026-01-22,5224.655702852328,2660.479338411521
2,B_new_trained,2025-12-24,60641.28989477052,52757.14962935288
2,B_new_trained,2025-12-25,58575.915307928,50349.292285509844
2,B_new_trained,2025-12-26,52735.22662610265,52384.148947352995
2,B_new_trained,2025-12-27,45221.99825716334,50648.56779652788
2,B_new_trained,2025-12-28,44408.05284441299,44478.08567868513
2,B_new_trained,2025-12-29,40484.07026904635,38008.49565396687
2,B_new_trained,2025-12-30,37856.28804302291,37194.55024121652
2,B_new_trained,2025-12-31,42454.87035829797,34228.44831675562
2,B_new_trained,2026-01-01,40621.68780879292,33279.990933553505
2,B_new_trained,2026-01-02,38841.39655611992,37321.09665619707
2,B_new_trained,2026-01-03,35062.85962274358,34366.06585650219
2,B_new_trained,2026-01-04,28196.25966596511,34265.099446650514
2,B_new_trained,2026-01-05,24052.600328715,31156.88802513316
2,B_new_trained,2026-01-06,0.0,25168.173130012663
2,B_new_trained,2026-01-07,1005.554128209214,21348.17614368621
2,B_new_trained,2026-01-08,4547.181981030939,0.0
2,B_new_trained,2026-01-09,2501.206056063745,1418.4292362211008
2,B_new_trained,2026-01-10,7038.238120057628,5013.101725897457
2,B_new_trained,2026-01-11,5146.520075025873,2947.739058934899
2,B_new_trained,2026-01-12,6795.481323221639,6812.905781015438
2,B_new_trained,2026-01-13,7522.553062727141,4890.042644667115
2,B_new_trained,2026-01-14,9082.504002172822,6570.148984179449
2,B_new_trained,2026-01-15,9641.718665012206,7297.220723684951
2,B_new_trained,2026-01-16,7931.427796269722,8691.874533270882
2,B_new_trained,2026-01-17,6951.298485920801,9125.170950803644
2,B_new_trained,2026-01-18,6802.897787536684,7486.137684882657
2,B_new_trained,2026-01-19,6430.379010740346,6621.893888162682
2,B_new_trained,2026-01-20,4754.223042374496,6577.5654484944935
2,B_new_trained,2026-01-21,5013.879969758142,6205.0466716981555
2,B_new_trained,2026-01-22,5224.655702852328,4528.890703332306
2,persistence,2025-12-24,60641.28989477052,61014.29057677041
2,persistence,2025-12-25,58575.915307928,58606.43323292737
2,persistence,2025-12-26,52735.22662610265,60641.28989477052
2,persistence,2025-12-27,45221.99825716334,58575.915307928
2,persistence,2025-12-28,44408.05284441299,52735.22662610265
2,persistence,2025-12-29,40484.07026904635,45221.99825716334
2,persistence,2025-12-30,37856.28804302291,44408.05284441299
2,persistence,2025-12-31,42454.87035829797,40484.07026904635
2,persistence,2026-01-01,40621.68780879292,37856.28804302291
2,persistence,2026-01-02,38841.39655611992,42454.87035829797
2,persistence,2026-01-03,35062.85962274358,40621.68780879292
2,persistence,2026-01-04,28196.25966596511,38841.39655611992
2,persistence,2026-01-05,24052.600328715,35062.85962274358
2,persistence,2026-01-06,0.0,28196.25966596511
2,persistence,2026-01-07,1005.554128209214,24052.600328715
2,persistence,2026-01-08,4547.181981030939,0.0
2,persistence,2026-01-09,2501.206056063745,1005.554128209214
2,persistence,2026-01-10,7038.238120057628,4547.181981030939
2,persistence,2026-01-11,5146.520075025873,2501.206056063745
2,persistence,2026-01-12,6795.481323221639,7038.238120057628
2,persistence,2026-01-13,7522.553062727141,5146.520075025873
2,persistence,2026-01-14,9082.504002172822,6795.481323221639
2,persistence,2026-01-15,9641.718665012206,7522.553062727141
2,persistence,2026-01-16,7931.427796269722,9082.504002172822
2,persistence,2026-01-17,6951.298485920801,9641.718665012206
2,persistence,2026-01-18,6802.897787536684,7931.427796269722
2,persistence,2026-01-19,6430.379010740346,6951.298485920801
2,persistence,2026-01-20,4754.223042374496,6802.897787536684
2,persistence,2026-01-21,5013.879969758142,6430.379010740346
2,persistence,2026-01-22,5224.655702852328,4754.223042374496
2,A_old_trained,2026-01-23,5864.683898932829,13043.515595531728
2,A_old_trained,2026-01-24,6994.802601928017,13254.291328625914
2,A_old_trained,2026-01-25,11476.10062633418,13894.319524706414
2,A_old_trained,2026-01-26,5676.608802087474,14955.54274779148
2,A_old_trained,2026-01-27,11838.21534079677,8976.80851417556
2,A_old_trained,2026-01-28,6614.983560953315,8624.618954517657
2,A_old_trained,2026-01-29,8220.106059791846,14202.006734332128
2,A_old_trained,2026-01-30,8037.136958042139,9562.043817442362
2,A_old_trained,2026-01-31,7249.710052871193,6687.380645400412
2,A_old_trained,2026-02-01,0.0,6309.712480587951
2,A_old_trained,2026-02-02,0.0,5585.3649556172
2,A_old_trained,2026-02-03,1167.570968068156,491.0137506187002
2,A_old_trained,2026-02-04,1167.570968068156,1123.5477869861134
2,A_old_trained,2026-02-05,1167.570968068156,11041.104542318939
2,A_old_trained,2026-02-06,4170.535081053606,11097.970647480364
2,A_old_trained,2026-02-07,4172.782660970314,11228.75323202292
2,A_old_trained,2026-02-08,1168.765625470164,14243.390440342291
2,A_old_trained,2026-02-09,1168.765625470164,14078.160366662934
2,A_old_trained,2026-02-10,4174.822262577526,11298.60269185444
2,A_old_trained,2026-02-11,0.0,11331.651097771066
2,A_old_trained,2026-02-12,1167.570968068156,14015.01026187608
2,A_old_trained,2026-02-13,1167.570968068156,1191.2987254330455
2,A_old_trained,2026-02-14,1167.570968068156,11171.887126861498
2,A_old_trained,2026-02-15,1167.570968068156,11097.970647480364
2,A_old_trained,2026-02-16,1167.570968068156,11228.75323202292
2,A_old_trained,2026-02-17,1167.570968068156,11228.75323202292
2,A_old_trained,2026-02-18,1167.570968068156,11228.75323202292
2,A_old_trained,2026-02-19,0.0,11228.75323202292
2,A_old_trained,2026-02-20,3147.926173739526,11228.75323202292
2,A_old_trained,2026-02-21,0.0,5388.5908317471985
2,B_new_trained,2026-01-23,5864.683898932829,6660.4882739847635
2,B_new_trained,2026-01-24,6994.802601928017,6871.26400707895
2,B_new_trained,2026-01-25,11476.10062633418,7511.292203159451
2,B_new_trained,2026-01-26,5676.608802087474,8621.62689059088
2,B_new_trained,2026-01-27,11838.21534079677,8858.783728281742
2,B_new_trained,2026-01-28,6614.983560953315,6929.471792006468
2,B_new_trained,2026-01-29,8220.106059791846,9167.026143949623
2,B_new_trained,2026-01-30,8037.136958042139,7867.846550872308
2,B_new_trained,2026-01-31,7249.710052871193,7892.460346926529
2,B_new_trained,2026-02-01,0.0,7605.923194902402
2,B_new_trained,2026-02-02,0.0,6937.419434435838
2,B_new_trained,2026-02-03,1167.570968068156,1505.3380710354904
2,B_new_trained,2026-02-04,1167.570968068156,2285.5392354474043
2,B_new_trained,2026-02-05,1167.570968068156,4236.53498004326
2,B_new_trained,2026-02-06,4170.535081053606,4236.53498004326
2,B_new_trained,2026-02-07,4172.782660970314,4344.133213261461
2,B_new_trained,2026-02-08,1168.765625470164,7204.945323439868
2,B_new_trained,2026-02-09,1168.765625470164,6919.788023273685
2,B_new_trained,2026-02-10,4174.822262577526,4036.580023687965
2,B_new_trained,2026-02-11,0.0,4041.511502031358
2,B_new_trained,2026-02-12,1167.570968068156,7676.068274823342
2,B_new_trained,2026-02-13,1167.570968068156,2310.8730463993415
2,B_new_trained,2026-02-14,1167.570968068156,4344.133213261461
2,B_new_trained,2026-02-15,1167.570968068156,4236.53498004326
2,B_new_trained,2026-02-16,1167.570968068156,4344.133213261461
2,B_new_trained,2026-02-17,1167.570968068156,4344.133213261461
2,B_new_trained,2026-02-18,1167.570968068156,4344.133213261461
2,B_new_trained,2026-02-19,0.0,4344.133213261461
2,B_new_trained,2026-02-20,3147.926173739526,4344.133213261461
2,B_new_trained,2026-02-21,0.0,3189.350554232112
2,persistence,2026-01-23,5864.683898932829,5013.879969758142
2,persistence,2026-01-24,6994.802601928017,5224.655702852328
2,persistence,2026-01-25,11476.10062633418,5864.683898932829
2,persistence,2026-01-26,5676.608802087474,6994.802601928017
2,persistence,2026-01-27,11838.21534079677,11476.10062633418
2,persistence,2026-01-28,6614.983560953315,5676.608802087474
2,persistence,2026-01-29,8220.106059791846,11838.21534079677
2,persistence,2026-01-30,8037.136958042139,6614.983560953315
2,persistence,2026-01-31,7249.710052871193,8220.106059791846
2,persistence,2026-02-01,0.0,8037.136958042139
2,persistence,2026-02-02,0.0,7249.710052871193
2,persistence,2026-02-03,1167.570968068156,0.0
2,persistence,2026-02-04,1167.570968068156,0.0
2,persistence,2026-02-05,1167.570968068156,1167.570968068156
2,persistence,2026-02-06,4170.535081053606,1167.570968068156
2,persistence,2026-02-07,4172.782660970314,1167.570968068156
2,persistence,2026-02-08,1168.765625470164,4170.535081053606
2,persistence,2026-02-09,1168.765625470164,4172.782660970314
2,persistence,2026-02-10,4174.822262577526,1168.765625470164
2,persistence,2026-02-11,0.0,1168.765625470164
2,persistence,2026-02-12,1167.570968068156,4174.822262577526
2,persistence,2026-02-13,1167.570968068156,0.0
2,persistence,2026-02-14,1167.570968068156,1167.570968068156
2,persistence,2026-02-15,1167.570968068156,1167.570968068156
2,persistence,2026-02-16,1167.570968068156,1167.570968068156
2,persistence,2026-02-17,1167.570968068156,1167.570968068156
2,persistence,2026-02-18,1167.570968068156,1167.570968068156
2,persistence,2026-02-19,0.0,1167.570968068156
2,persistence,2026-02-20,3147.926173739526,1167.570968068156
2,persistence,2026-02-21,0.0,0.0
2,A_old_trained,2026-02-22,4168.485571068196,2484.661287062481
2,A_old_trained,2026-02-23,1167.570968068156,198.36130493911423
2,A_old_trained,2026-02-24,1167.570968068156,3995.257097191623
2,A_old_trained,2026-02-25,1167.570968068156,1464.6449711703729
2,A_old_trained,2026-02-26,1167.570968068156,1244.867659946943
2,A_old_trained,2026-02-27,1232.360327093139,1244.867659946943
2,A_old_trained,2026-02-28,1232.360327093139,1244.867659946943
2,A_old_trained,2026-03-01,0.0,1309.657018971926
2,A_old_trained,2026-03-02,7232.699243493119,1309.657018971926
2,A_old_trained,2026-03-03,0.0,147.63147721302175
2,A_old_trained,2026-03-04,4231.157917663651,6999.842771165573
2,A_old_trained,2026-03-05,10240.97433716826,212.79269682868744
2,A_old_trained,2026-03-06,0.0,4414.33165711148
2,A_old_trained,2026-03-07,7240.005734046325,10145.396607228817
2,A_old_trained,2026-03-08,0.0,0.0
2,A_old_trained,2026-03-09,0.0,7048.409582609879
2,A_old_trained,2026-03-10,0.0,170.00286417620646
2,A_old_trained,2026-03-11,4588.915562032591,0.0
2,A_old_trained,2026-03-12,1051.725638716127,562.1572458073288
2,A_old_trained,2026-03-13,1171.730949081183,3626.2076144023486
2,A_old_trained,2026-03-14,1231.733604263711,1163.5129705060253
2,A_old_trained,2026-03-15,1591.827078183679,1239.5901918437794
2,A_old_trained,2026-03-16,3694.787865385309,1384.9056127406432
2,A_old_trained,2026-03-17,29442.79622979818,973.4880121835586
2,A_old_trained,2026-03-18,3141.663118533274,3542.304359448984
2,A_old_trained,2026-03-19,15588.06166423388,24447.27786114013
2,A_old_trained,2026-03-20,0.0,0.0
2,A_old_trained,2026-03-21,0.0,11122.745969924716
2,A_old_trained,2026-03-22,7447.294367083702,0.0
2,A_old_trained,2026-03-23,0.0,497.1948145967226
2,B_new_trained,2026-02-22,4168.485571068196,2505.3027936079916
2,B_new_trained,2026-02-23,1167.570968068156,207.5131082396365
2,B_new_trained,2026-02-24,1167.570968068156,4248.722566922269
2,B_new_trained,2026-02-25,1167.570968068156,1249.2182649038189
2,B_new_trained,2026-02-26,1167.570968068156,1171.5817580757414
2,B_new_trained,2026-02-27,1232.360327093139,1199.3338786822735
2,B_new_trained,2026-02-28,1232.360327093139,1199.3338786822735
2,B_new_trained,2026-03-01,0.0,1230.8456564120088
2,B_new_trained,2026-03-02,7232.699243493119,1230.8456564120088
2,B_new_trained,2026-03-03,0.0,620.2683327632549
2,B_new_trained,2026-03-04,4231.157917663651,6735.1871380107195
2,B_new_trained,2026-03-05,10240.97433716826,522.9082146866167
2,B_new_trained,2026-03-06,0.0,4320.81178817664
2,B_new_trained,2026-03-07,7240.005734046325,8694.635604303534
2,B_new_trained,2026-03-08,0.0,178.13087520675617
2,B_new_trained,2026-03-09,0.0,6663.091032985816
2,B_new_trained,2026-03-10,0.0,319.3157143407443
2,B_new_trained,2026-03-11,4588.915562032591,8.801409053379757
2,B_new_trained,2026-03-12,1051.725638716127,106.74578054958874
2,B_new_trained,2026-03-13,1171.730949081183,3261.0243681698944
2,B_new_trained,2026-03-14,1231.733604263711,1096.51547865065
2,B_new_trained,2026-03-15,1591.827078183679,1314.6251753164606
2,B_new_trained,2026-03-16,3694.787865385309,1508.308283309036
2,B_new_trained,2026-03-17,29442.79622979818,609.6413132530711
2,B_new_trained,2026-03-18,3141.663118533274,3123.622405459509
2,B_new_trained,2026-03-19,15588.06166423388,30170.933504059358
2,B_new_trained,2026-03-20,0.0,1394.7044305014842
2,B_new_trained,2026-03-21,0.0,13707.702736201167
2,B_new_trained,2026-03-22,7447.294367083702,56.985810402235074
2,B_new_trained,2026-03-23,0.0,271.8161199191927
2,persistence,2026-02-22,4168.485571068196,3147.926173739526
2,persistence,2026-02-23,1167.570968068156,0.0
2,persistence,2026-02-24,1167.570968068156,4168.485571068196
2,persistence,2026-02-25,1167.570968068156,1167.570968068156
2,persistence,2026-02-26,1167.570968068156,1167.570968068156
2,persistence,2026-02-27,1232.360327093139,1167.570968068156
2,persistence,2026-02-28,1232.360327093139,1167.570968068156
2,persistence,2026-03-01,0.0,1232.360327093139
2,persistence,2026-03-02,7232.699243493119,1232.360327093139
2,persistence,2026-03-03,0.0,0.0
2,persistence,2026-03-04,4231.157917663651,7232.699243493119
2,persistence,2026-03-05,10240.97433716826,0.0
2,persistence,2026-03-06,0.0,4231.157917663651
2,persistence,2026-03-07,7240.005734046325,10240.97433716826
2,persistence,2026-03-08,0.0,0.0
2,persistence,2026-03-09,0.0,7240.005734046325
2,persistence,2026-03-10,0.0,0.0
2,persistence,2026-03-11,4588.915562032591,0.0
2,persistence,2026-03-12,1051.725638716127,0.0
2,persistence,2026-03-13,1171.730949081183,4588.915562032591
2,persistence,2026-03-14,1231.733604263711,1051.725638716127
2,persistence,2026-03-15,1591.827078183679,1171.730949081183
2,persistence,2026-03-16,3694.787865385309,1231.733604263711
2,persistence,2026-03-17,29442.79622979818,1591.827078183679
2,persistence,2026-03-18,3141.663118533274,3694.787865385309
2,persistence,2026-03-19,15588.06166423388,29442.79622979818
2,persistence,2026-03-20,0.0,3141.663118533274
2,persistence,2026-03-21,0.0,15588.06166423388
2,persistence,2026-03-22,7447.294367083702,0.0
2,persistence,2026-03-23,0.0,0.0
2,A_old_trained,2026-03-24,1300.310608590011,7137.702226263819
2,A_old_trained,2026-03-25,0.0,550.3640425703875
2,A_old_trained,2026-03-26,0.0,1705.4841097956753
2,A_old_trained,2026-03-27,0.0,357.8695261786197
2,A_old_trained,2026-03-28,0.0,430.2604684629591
2,A_old_trained,2026-03-29,1216.506094919201,789.7698121866888
2,A_old_trained,2026-03-30,1357.9623387935,939.8112745655217
2,A_old_trained,2026-03-31,0.0,2053.608424535556
2,A_old_trained,2026-04-01,19185.66181159556,2220.4990353928024
2,A_old_trained,2026-04-02,0.0,790.471147483946
2,A_old_trained,2026-04-03,0.0,19708.412340594743
2,A_old_trained,2026-04-04,1357.1851159841,298.2898983706741
2,A_old_trained,2026-04-05,4320.271751993509,930.6004921307285
2,A_old_trained,2026-04-06,0.0,2110.6452185607295
2,A_old_trained,2026-04-07,0.0,5018.267244717273
2,A_old_trained,2026-04-08,0.0,755.337306987989
2,A_old_trained,2026-04-09,0.0,836.2065194826519
2,A_old_trained,2026-04-10,0.0,775.4929641203016
2,A_old_trained,2026-04-11,0.0,805.8222230639512
2,A_old_trained,2026-04-12,0.0,805.8222230639512
2,A_old_trained,2026-04-13,0.0,780.3777629764118
2,A_old_trained,2026-04-14,0.0,448.6192371758484
2,A_old_trained,2026-04-15,0.0,368.0501003066106
2,A_old_trained,2026-04-16,0.0,732.7458840645427
2,A_old_trained,2026-04-17,0.0,681.4152932211714
2,A_old_trained,2026-04-18,7142.04282863685,118.56378102315693
2,A_old_trained,2026-04-19,0.0,91.17599547461805
2,A_old_trained,2026-04-20,1330.35764373476,6372.749474761508
2,A_old_trained,2026-04-21,0.0,112.69303208626889
2,A_old_trained,2026-04-22,0.0,1623.4769110130999
2,B_new_trained,2026-03-24,1300.310608590011,6147.349715413345
2,B_new_trained,2026-03-25,0.0,4.711140755030556
2,B_new_trained,2026-03-26,0.0,1280.5621062190687
2,B_new_trained,2026-03-27,0.0,60.58368787772724
2,B_new_trained,2026-03-28,0.0,372.3564499626277
2,B_new_trained,2026-03-29,1216.506094919201,433.6215921451885
2,B_new_trained,2026-03-30,1357.9623387935,512.3545295226568
2,B_new_trained,2026-03-31,0.0,1381.3772295306924
2,B_new_trained,2026-04-01,19185.66181159556,1522.8334734049915
2,B_new_trained,2026-04-02,0.0,184.24117498595842
2,B_new_trained,2026-04-03,0.0,17220.637944850667
2,B_new_trained,2026-04-04,1357.1851159841,452.56923968113597
2,B_new_trained,2026-04-05,4320.271751993509,558.1964497164254
2,B_new_trained,2026-04-06,0.0,1525.374102589679
2,B_new_trained,2026-04-07,0.0,4435.48755374765
2,B_new_trained,2026-04-08,0.0,327.93484131587275
2,B_new_trained,2026-04-09,0.0,604.7389623549534
2,B_new_trained,2026-04-10,0.0,313.6361508739833
2,B_new_trained,2026-04-11,0.0,437.4991099289855
2,B_new_trained,2026-04-12,0.0,437.4991099289855
2,B_new_trained,2026-04-13,0.0,889.2761958412898
2,B_new_trained,2026-04-14,0.0,1435.6531492495287
2,B_new_trained,2026-04-15,0.0,1032.5154888822008
2,B_new_trained,2026-04-16,0.0,1237.2697217155928
2,B_new_trained,2026-04-17,0.0,1272.5328346951665
2,B_new_trained,2026-04-18,7142.04282863685,1262.9538719538214
2,B_new_trained,2026-04-19,0.0,892.7260835867396
2,B_new_trained,2026-04-20,1330.35764373476,6560.728017017853
2,B_new_trained,2026-04-21,0.0,675.1916234876799
2,B_new_trained,2026-04-22,0.0,1935.9676180261633
2,persistence,2026-03-24,1300.310608590011,7447.294367083702
2,persistence,2026-03-25,0.0,0.0
2,persistence,2026-03-26,0.0,1300.310608590011
2,persistence,2026-03-27,0.0,0.0
2,persistence,2026-03-28,0.0,0.0
2,persistence,2026-03-29,1216.506094919201,0.0
2,persistence,2026-03-30,1357.9623387935,0.0
2,persistence,2026-03-31,0.0,1216.506094919201
2,persistence,2026-04-01,19185.66181159556,1357.9623387935
2,persistence,2026-04-02,0.0,0.0
2,persistence,2026-04-03,0.0,19185.66181159556
2,persistence,2026-04-04,1357.1851159841,0.0
2,persistence,2026-04-05,4320.271751993509,0.0
2,persistence,2026-04-06,0.0,1357.1851159841
2,persistence,2026-04-07,0.0,4320.271751993509
2,persistence,2026-04-08,0.0,0.0
2,persistence,2026-04-09,0.0,0.0
2,persistence,2026-04-10,0.0,0.0
2,persistence,2026-04-11,0.0,0.0
2,persistence,2026-04-12,0.0,0.0
2,persistence,2026-04-13,0.0,0.0
2,persistence,2026-04-14,0.0,0.0
2,persistence,2026-04-15,0.0,0.0
2,persistence,2026-04-16,0.0,0.0
2,persistence,2026-04-17,0.0,0.0
2,persistence,2026-04-18,7142.04282863685,0.0
2,persistence,2026-04-19,0.0,0.0
2,persistence,2026-04-20,1330.35764373476,7142.04282863685
2,persistence,2026-04-21,0.0,0.0
2,persistence,2026-04-22,0.0,1330.35764373476
2,A_old_trained,2026-04-23,0.0,0.0
2,A_old_trained,2026-04-24,4175.652946526906,0.0
2,A_old_trained,2026-04-25,0.0,0.0
2,A_old_trained,2026-04-26,7134.507354545481,3295.9014472331382
2,A_old_trained,2026-04-27,1329.99703624549,0.0
2,A_old_trained,2026-04-28,0.0,6131.153848649751
2,A_old_trained,2026-04-29,0.0,833.538985974847
2,A_old_trained,2026-04-30,4156.934105248899,0.0
2,A_old_trained,2026-05-01,0.0,0.0
2,A_old_trained,2026-05-02,0.0,3791.260322153495
2,A_old_trained,2026-05-03,0.0,0.0
2,A_old_trained,2026-05-04,0.0,0.0
2,A_old_trained,2026-05-05,3575.559741841224,0.0
2,A_old_trained,2026-05-06,8337.097621055189,0.0
2,A_old_trained,2026-05-07,7067.388500442302,1634.247453740005
2,A_old_trained,2026-05-08,3288.46284526218,5991.455755660534
2,A_old_trained,2026-05-09,609.3285666212043,4695.753262532248
2,A_old_trained,2026-05-10,327.4079784250729,1578.7056580904195
2,A_old_trained,2026-05-11,64024.57078417507,0.0
2,A_old_trained,2026-05-12,29895.40787851404,0.0
2,A_old_trained,2026-05-13,9279.572203576883,53323.85231266609
2,A_old_trained,2026-05-14,16077.61184919209,9010.281284210956
2,A_old_trained,2026-05-15,0.0,14329.7103950538
2,A_old_trained,2026-05-16,10216.22369505713,46944.14885049085
2,A_old_trained,2026-05-17,3927.997988633625,0.0
2,A_old_trained,2026-05-18,85867.63959680006,11179.344675618066
2,A_old_trained,2026-05-19,61048.47974927562,5023.956326698295
2,A_old_trained,2026-05-20,108733.3367135785,90716.26717495239
2,A_old_trained,2026-05-21,141212.5627369919,107589.13135530612
2,A_old_trained,2026-05-22,185517.9117316547,92757.117346847
2,B_new_trained,2026-04-23,0.0,0.0
2,B_new_trained,2026-04-24,4175.652946526906,127.96302707654831
2,B_new_trained,2026-04-25,0.0,0.0
2,B_new_trained,2026-04-26,7134.507354545481,3575.501157464274
2,B_new_trained,2026-04-27,1329.99703624549,0.0
2,B_new_trained,2026-04-28,0.0,10067.012434800628
2,B_new_trained,2026-04-29,0.0,4335.007001132391
2,B_new_trained,2026-04-30,4156.934105248899,3360.8426754575685
2,B_new_trained,2026-05-01,0.0,3328.272298712047
2,B_new_trained,2026-05-02,0.0,4120.470972796126
2,B_new_trained,2026-05-03,0.0,149.6752544621968
2,B_new_trained,2026-05-04,0.0,123.26984738115743
2,B_new_trained,2026-05-05,3575.559741841224,0.0
2,B_new_trained,2026-05-06,8337.097621055189,0.0
2,B_new_trained,2026-05-07,7067.388500442302,3147.321841532762
2,B_new_trained,2026-05-08,3288.46284526218,6415.410510067254
2,B_new_trained,2026-05-09,609.3285666212043,3241.1503514699148
2,B_new_trained,2026-05-10,327.4079784250729,1876.6534154939093
2,B_new_trained,2026-05-11,64024.57078417507,0.0
2,B_new_trained,2026-05-12,29895.40787851404,0.0
2,B_new_trained,2026-05-13,9279.572203576883,46160.99928668247
2,B_new_trained,2026-05-14,16077.61184919209,29484.82929148998
2,B_new_trained,2026-05-15,0.0,10849.861656578889
2,B_new_trained,2026-05-16,10216.22369505713,14439.405669306338
2,B_new_trained,2026-05-17,3927.997988633625,0.0
2,B_new_trained,2026-05-18,85867.63959680006,8897.723475633256
2,B_new_trained,2026-05-19,61048.47974927562,1608.139759964276
2,B_new_trained,2026-05-20,108733.3367135785,98407.28621970424
2,B_new_trained,2026-05-21,141212.5627369919,75551.26146414423
2,B_new_trained,2026-05-22,185517.9117316547,102148.67749242167
2,persistence,2026-04-23,0.0,0.0
2,persistence,2026-04-24,4175.652946526906,0.0
2,persistence,2026-04-25,0.0,0.0
2,persistence,2026-04-26,7134.507354545481,4175.652946526906
2,persistence,2026-04-27,1329.99703624549,0.0
2,persistence,2026-04-28,0.0,7134.507354545481
2,persistence,2026-04-29,0.0,1329.99703624549
2,persistence,2026-04-30,4156.934105248899,0.0
2,persistence,2026-05-01,0.0,0.0
2,persistence,2026-05-02,0.0,4156.934105248899
2,persistence,2026-05-03,0.0,0.0
2,persistence,2026-05-04,0.0,0.0
2,persistence,2026-05-05,3575.559741841224,0.0
2,persistence,2026-05-06,8337.097621055189,0.0
2,persistence,2026-05-07,7067.388500442302,3575.559741841224
2,persistence,2026-05-08,3288.46284526218,8337.097621055189
2,persistence,2026-05-09,609.3285666212043,7067.388500442302
2,persistence,2026-05-10,327.4079784250729,3288.46284526218
2,persistence,2026-05-11,64024.57078417507,609.3285666212043
2,persistence,2026-05-12,29895.40787851404,327.4079784250729
2,persistence,2026-05-13,9279.572203576883,64024.57078417507
2,persistence,2026-05-14,16077.61184919209,29895.40787851404
2,persistence,2026-05-15,0.0,9279.572203576883
2,persistence,2026-05-16,10216.22369505713,16077.61184919209
2,persistence,2026-05-17,3927.997988633625,0.0
2,persistence,2026-05-18,85867.63959680006,10216.22369505713
2,persistence,2026-05-19,61048.47974927562,3927.997988633625
2,persistence,2026-05-20,108733.3367135785,85867.63959680006
2,persistence,2026-05-21,141212.5627369919,61048.47974927562
2,persistence,2026-05-22,185517.9117316547,108733.3367135785
2,A_old_trained,2026-05-23,179597.995600109,76086.98537965774
2,A_old_trained,2026-05-24,193356.5957728531,158415.5553269931
2,A_old_trained,2026-05-25,349365.1598969635,147122.10321861933
2,A_old_trained,2026-05-26,433838.0231737584,135019.22045629466
2,A_old_trained,2026-05-27,507809.2200161263,277786.62743822846
2,A_old_trained,2026-05-28,602775.1641346975,390555.15825994743
2,A_old_trained,2026-05-29,553516.0898851521,428497.41182254435
2,A_old_trained,2026-05-30,449557.2543120539,539871.9710292142
2,A_old_trained,2026-05-31,240641.9388894092,503173.7532646291
2,A_old_trained,2026-06-01,216085.9110082715,353276.63658448047
2,A_old_trained,2026-06-02,198275.3925303018,182805.66053899052
2,A_old_trained,2026-06-03,192990.3100497752,150557.16876913048
2,A_old_trained,2026-06-04,201843.6206251707,162090.24861530212
2,A_old_trained,2026-06-05,174582.3631776166,161957.75243918065
2,A_old_trained,2026-06-06,165844.9237883183,166222.0651917085
2,A_old_trained,2026-06-07,156694.7359268938,147331.06842141502
2,A_old_trained,2026-06-08,160301.5900719157,146934.42477008115
2,A_old_trained,2026-06-09,166649.5271781315,138503.37159772523
2,A_old_trained,2026-06-10,189788.4728931298,130105.60140740583
2,A_old_trained,2026-06-11,201768.2313126253,148166.4955844206
2,A_old_trained,2026-06-12,174580.9152624754,149233.6293266247
2,A_old_trained,2026-06-13,133852.9901506277,146743.12663789012
2,A_old_trained,2026-06-14,141713.5315307741,136633.98966340497
2,A_old_trained,2026-06-15,121801.9629150302,115936.41282433094
2,A_old_trained,2026-06-16,80097.31022858075,122357.84151649932
2,A_old_trained,2026-06-17,79432.17603844083,105998.66236087655
2,A_old_trained,2026-06-18,51854.03477584177,66438.45746370812
2,A_old_trained,2026-06-19,47047.00811797024,71113.21107059874
2,A_old_trained,2026-06-20,49498.13353825355,40265.21272923546
2,A_old_trained,2026-06-21,48315.2033726697,46900.786989777924
2,B_new_trained,2026-05-23,179597.995600109,125322.76404787539
2,B_new_trained,2026-05-24,193356.5957728531,153773.3650990051
2,B_new_trained,2026-05-25,349365.1598969635,138931.6861484437
2,B_new_trained,2026-05-26,433838.0231737584,162152.33603900677
2,B_new_trained,2026-05-27,507809.2200161263,312433.5516446948
2,B_new_trained,2026-05-28,602775.1641346975,379651.9207411727
2,B_new_trained,2026-05-29,553516.0898851521,471184.7328333928
2,B_new_trained,2026-05-30,449557.2543120539,563048.657826855
2,B_new_trained,2026-05-31,240641.9388894092,502847.5492687241
2,B_new_trained,2026-06-01,216085.9110082715,374056.13003782835
2,B_new_trained,2026-06-02,198275.3925303018,181671.00289891136
2,B_new_trained,2026-06-03,192990.3100497752,170004.33927460265
2,B_new_trained,2026-06-04,201843.6206251707,168748.1216018821
2,B_new_trained,2026-06-05,174582.3631776166,158784.34560591736
2,B_new_trained,2026-06-06,165844.9237883183,176529.52595773948
2,B_new_trained,2026-06-07,156694.7359268938,144669.3775239875
2,B_new_trained,2026-06-08,160301.5900719157,148764.08769385045
2,B_new_trained,2026-06-09,166649.5271781315,139001.41299235247
2,B_new_trained,2026-06-10,189788.4728931298,156700.1319405941
2,B_new_trained,2026-06-11,201768.2313126253,144681.01453136455
2,B_new_trained,2026-06-12,174580.9152624754,182488.55304218124
2,B_new_trained,2026-06-13,133852.9901506277,165349.00707403713
2,B_new_trained,2026-06-14,141713.5315307741,133449.72588387987
2,B_new_trained,2026-06-15,121801.9629150302,110411.79760958685
2,B_new_trained,2026-06-16,80097.31022858075,129130.23056947396
2,B_new_trained,2026-06-17,79432.17603844083,101786.78977927555
2,B_new_trained,2026-06-18,51854.03477584177,62733.78794819665
2,B_new_trained,2026-06-19,47047.00811797024,69133.047017497
2,B_new_trained,2026-06-20,49498.13353825355,41190.54239224986
2,B_new_trained,2026-06-21,48315.2033726697,39888.79431783368
2,persistence,2026-05-23,179597.995600109,141212.5627369919
2,persistence,2026-05-24,193356.5957728531,185517.9117316547
2,persistence,2026-05-25,349365.1598969635,179597.995600109
2,persistence,2026-05-26,433838.0231737584,193356.5957728531
2,persistence,2026-05-27,507809.2200161263,349365.1598969635
2,persistence,2026-05-28,602775.1641346975,433838.0231737584
2,persistence,2026-05-29,553516.0898851521,507809.2200161263
2,persistence,2026-05-30,449557.2543120539,602775.1641346975
2,persistence,2026-05-31,240641.9388894092,553516.0898851521
2,persistence,2026-06-01,216085.9110082715,449557.2543120539
2,persistence,2026-06-02,198275.3925303018,240641.9388894092
2,persistence,2026-06-03,192990.3100497752,216085.9110082715
2,persistence,2026-06-04,201843.6206251707,198275.3925303018
2,persistence,2026-06-05,174582.3631776166,192990.3100497752
2,persistence,2026-06-06,165844.9237883183,201843.6206251707
2,persistence,2026-06-07,156694.7359268938,174582.3631776166
2,persistence,2026-06-08,160301.5900719157,165844.9237883183
2,persistence,2026-06-09,166649.5271781315,156694.7359268938
2,persistence,2026-06-10,189788.4728931298,160301.5900719157
2,persistence,2026-06-11,201768.2313126253,166649.5271781315
2,persistence,2026-06-12,174580.9152624754,189788.4728931298
2,persistence,2026-06-13,133852.9901506277,201768.2313126253
2,persistence,2026-06-14,141713.5315307741,174580.9152624754
2,persistence,2026-06-15,121801.9629150302,133852.9901506277
2,persistence,2026-06-16,80097.31022858075,141713.5315307741
2,persistence,2026-06-17,79432.17603844083,121801.9629150302
2,persistence,2026-06-18,51854.03477584177,80097.31022858075
2,persistence,2026-06-19,47047.00811797024,79432.17603844083
2,persistence,2026-06-20,49498.13353825355,51854.03477584177
2,persistence,2026-06-21,48315.2033726697,47047.00811797024
2,A_old_trained,2026-06-22,44125.329575858,45166.20384433394
2,A_old_trained,2026-06-23,35020.78540226009,44685.29062033148
2,A_old_trained,2026-06-24,31864.99551244184,40401.98442498343
2,A_old_trained,2026-06-25,24497.17494178787,30907.01430690669
2,A_old_trained,2026-06-26,21684.38265192751,28365.99427598286
2,A_old_trained,2026-06-27,16173.40765637152,21290.142050040915
2,A_old_trained,2026-06-28,24563.31828446738,18786.800409598214
2,A_old_trained,2026-06-29,26743.39728476141,13462.384431932163
2,A_old_trained,2026-06-30,4118.680690423142,22066.934606279527
2,A_old_trained,2026-07-01,3424.85477286065,24827.083821079552
2,A_old_trained,2026-07-02,0.0,3409.886458983068
2,A_old_trained,2026-07-03,0.0,2928.4267665303323
2,A_old_trained,2026-07-04,0.0,5029.853745228733
2,A_old_trained,2026-07-05,0.0,5273.07579753898
2,A_old_trained,2026-07-06,0.0,0.0
2,A_old_trained,2026-07-07,0.0,0.0
2,A_old_trained,2026-07-08,0.0,0.0
2,A_old_trained,2026-07-09,8.358452526200495,0.0
2,A_old_trained,2026-07-10,1548.477362288514,0.0
2,A_old_trained,2026-07-11,0.0,0.0
2,A_old_trained,2026-07-12,12175.06558400085,1083.8309233847478
2,A_old_trained,2026-07-13,0.0,0.0
2,A_old_trained,2026-07-14,0.0,11345.144110889292
2,A_old_trained,2026-07-15,0.0,4851.861341988956
2,A_old_trained,2026-07-16,0.0,0.0
2,A_old_trained,2026-07-17,2547.386090313617,0.0
2,A_old_trained,2026-07-18,0.0,0.0
2,A_old_trained,2026-07-19,0.0,1798.2631889548466
2,A_old_trained,2026-07-20,0.0,0.0
2,A_old_trained,2026-07-21,0.0,0.0
2,A_old_trained,2026-07-22,0.0,0.0
2,B_new_trained,2026-06-22,44125.329575858,45464.470798057795
2,B_new_trained,2026-06-23,35020.78540226009,44112.47225232501
2,B_new_trained,2026-06-24,31864.99551244184,40054.2002388156
2,B_new_trained,2026-06-25,24497.17494178787,30722.77622462966
2,B_new_trained,2026-06-26,21684.38265192751,28232.13255704008
2,B_new_trained,2026-06-27,16173.40765637152,20740.931293811813
2,B_new_trained,2026-06-28,24563.31828446738,18500.263337197382
2,B_new_trained,2026-06-29,26743.39728476141,12714.13755815949
2,B_new_trained,2026-06-30,4118.680690423142,23306.16331664714
2,B_new_trained,2026-07-01,3424.85477286065,25455.58973021417
2,B_new_trained,2026-07-02,0.0,3214.0725006227535
2,B_new_trained,2026-07-03,0.0,4373.384816397343
2,B_new_trained,2026-07-04,0.0,0.0
2,B_new_trained,2026-07-05,0.0,0.0
2,B_new_trained,2026-07-06,0.0,0.0
2,B_new_trained,2026-07-07,0.0,0.0
2,B_new_trained,2026-07-08,0.0,0.0
2,B_new_trained,2026-07-09,8.358452526200495,0.0
2,B_new_trained,2026-07-10,1548.477362288514,0.0
2,B_new_trained,2026-07-11,0.0,0.0
2,B_new_trained,2026-07-12,12175.06558400085,1167.6402352925024
2,B_new_trained,2026-07-13,0.0,0.0
2,B_new_trained,2026-07-14,0.0,9869.557686695794
2,B_new_trained,2026-07-15,0.0,0.0
2,B_new_trained,2026-07-16,0.0,0.0
2,B_new_trained,2026-07-17,2547.386090313617,0.0
2,B_new_trained,2026-07-18,0.0,0.0
2,B_new_trained,2026-07-19,0.0,1909.3945531610084
2,B_new_trained,2026-07-20,0.0,0.0
2,B_new_trained,2026-07-21,0.0,0.0
2,B_new_trained,2026-07-22,0.0,0.0
2,persistence,2026-06-22,44125.329575858,49498.13353825355
2,persistence,2026-06-23,35020.78540226009,48315.2033726697
2,persistence,2026-06-24,31864.99551244184,44125.329575858
2,persistence,2026-06-25,24497.17494178787,35020.78540226009
2,persistence,2026-06-26,21684.38265192751,31864.99551244184
2,persistence,2026-06-27,16173.40765637152,24497.17494178787
2,persistence,2026-06-28,24563.31828446738,21684.38265192751
2,persistence,2026-06-29,26743.39728476141,16173.40765637152
2,persistence,2026-06-30,4118.680690423142,24563.31828446738
2,persistence,2026-07-01,3424.85477286065,26743.39728476141
2,persistence,2026-07-02,0.0,4118.680690423142
2,persistence,2026-07-03,0.0,3424.85477286065
2,persistence,2026-07-04,0.0,0.0
2,persistence,2026-07-05,0.0,0.0
2,persistence,2026-07-06,0.0,0.0
2,persistence,2026-07-07,0.0,0.0
2,persistence,2026-07-08,0.0,0.0
2,persistence,2026-07-09,8.358452526200495,0.0
2,persistence,2026-07-10,1548.477362288514,0.0
2,persistence,2026-07-11,0.0,8.358452526200495
2,persistence,2026-07-12,12175.06558400085,1548.477362288514
2,persistence,2026-07-13,0.0,0.0
2,persistence,2026-07-14,0.0,12175.06558400085
2,persistence,2026-07-15,0.0,0.0
2,persistence,2026-07-16,0.0,0.0
2,persistence,2026-07-17,2547.386090313617,0.0
2,persistence,2026-07-18,0.0,0.0
2,persistence,2026-07-19,0.0,2547.386090313617
2,persistence,2026-07-20,0.0,0.0
2,persistence,2026-07-21,0.0,0.0
2,persistence,2026-07-22,0.0,0.0
3,A_old_trained,2025-11-24,226461.0491718907,219085.20953926985
3,A_old_trained,2025-11-25,209827.3783454106,185194.77282196944
3,A_old_trained,2025-11-26,192118.5984848536,167020.69227042186
3,A_old_trained,2025-11-27,181762.4168316232,154065.7271690091
3,A_old_trained,2025-11-28,170801.8414968055,127414.67532487027
3,A_old_trained,2025-11-29,168695.2513560315,126303.22229225526
3,A_old_trained,2025-11-30,162280.3512820562,105205.21619406668
3,A_old_trained,2025-12-01,150695.9364096984,100194.33878551135
3,A_old_trained,2025-12-02,146155.8711909035,99541.43615794071
3,A_old_trained,2025-12-03,142112.1251674911,94371.85015628557
3,A_old_trained,2025-12-04,128336.1512244437,91301.36578451408
3,A_old_trained,2025-12-05,123172.8626200811,85788.36356753853
3,A_old_trained,2025-12-06,118333.622935685,83466.66079688142
3,A_old_trained,2025-12-07,105974.2258759667,71686.28461420938
3,A_old_trained,2025-12-08,100182.1597185699,64223.13930445782
3,A_old_trained,2025-12-09,105777.9168306079,62978.46273199896
3,A_old_trained,2025-12-10,95674.64344875758,51577.47754688022
3,A_old_trained,2025-12-11,102286.8081684614,53642.325875588525
3,A_old_trained,2025-12-12,98510.33062773151,54568.09716513525
3,A_old_trained,2025-12-13,91571.26234193222,45965.3671216056
3,A_old_trained,2025-12-14,89250.45186240789,52427.667958556056
3,A_old_trained,2025-12-15,86114.73632646514,48970.414592954905
3,A_old_trained,2025-12-16,75862.80524445037,46541.66182626396
3,A_old_trained,2025-12-17,72806.88785966646,45299.017115329516
3,A_old_trained,2025-12-18,67326.7436279514,43977.46088226801
3,A_old_trained,2025-12-19,69477.14912641923,36194.25933999805
3,A_old_trained,2025-12-20,59737.54393713534,36244.70712373322
3,A_old_trained,2025-12-21,61014.29057677041,30780.24054449983
3,A_old_trained,2025-12-22,58606.43323292737,33662.93506118015
3,A_old_trained,2025-12-23,60641.28989477052,32241.74919119174
3,B_new_trained,2025-11-24,226461.0491718907,249093.13019458
3,B_new_trained,2025-11-25,209827.3783454106,230366.01443495715
3,B_new_trained,2025-11-26,192118.5984848536,195370.4734610623
3,B_new_trained,2025-11-27,181762.4168316232,179549.1476970113
3,B_new_trained,2025-11-28,170801.8414968055,165419.56863027535
3,B_new_trained,2025-11-29,168695.2513560315,149678.1132974588
3,B_new_trained,2025-11-30,162280.3512820562,138580.39820517803
3,B_new_trained,2025-12-01,150695.9364096984,126892.67268569616
3,B_new_trained,2025-12-02,146155.8711909035,125126.62527562158
3,B_new_trained,2025-12-03,142112.1251674911,121198.83078067975
3,B_new_trained,2025-12-04,128336.1512244437,107284.19686073682
3,B_new_trained,2025-12-05,123172.8626200811,108730.21745910296
3,B_new_trained,2025-12-06,118333.622935685,107182.91214278448
3,B_new_trained,2025-12-07,105974.2258759667,91656.76250917064
3,B_new_trained,2025-12-08,100182.1597185699,88936.40597582169
3,B_new_trained,2025-12-09,105777.9168306079,85963.39613560474
3,B_new_trained,2025-12-10,95674.64344875758,70025.24192432716
3,B_new_trained,2025-12-11,102286.8081684614,68289.6207399907
3,B_new_trained,2025-12-12,98510.33062773151,77406.78987525444
3,B_new_trained,2025-12-13,91571.26234193222,64754.922451139
3,B_new_trained,2025-12-14,89250.45186240789,73866.5021818663
3,B_new_trained,2025-12-15,86114.73632646514,71713.09310113198
3,B_new_trained,2025-12-16,75862.80524445037,62895.04548394545
3,B_new_trained,2025-12-17,72806.88785966646,64215.77583827024
3,B_new_trained,2025-12-18,67326.7436279514,61080.06030232748
3,B_new_trained,2025-12-19,69477.14912641923,49227.14293925482
3,B_new_trained,2025-12-20,59737.54393713534,49812.76638832002
3,B_new_trained,2025-12-21,61014.29057677041,45285.93296383356
3,B_new_trained,2025-12-22,58606.43323292737,49302.0139860828
3,B_new_trained,2025-12-23,60641.28989477052,39925.66664606947
3,persistence,2025-11-24,226461.0491718907,320232.6373695737
3,persistence,2025-11-25,209827.3783454106,282635.1724947998
3,persistence,2025-11-26,192118.5984848536,250442.3677198271
3,persistence,2025-11-27,181762.4168316232,226461.0491718907
3,persistence,2025-11-28,170801.8414968055,209827.3783454106
3,persistence,2025-11-29,168695.2513560315,192118.5984848536
3,persistence,2025-11-30,162280.3512820562,181762.4168316232
3,persistence,2025-12-01,150695.9364096984,170801.8414968055
3,persistence,2025-12-02,146155.8711909035,168695.2513560315
3,persistence,2025-12-03,142112.1251674911,162280.3512820562
3,persistence,2025-12-04,128336.1512244437,150695.9364096984
3,persistence,2025-12-05,123172.8626200811,146155.8711909035
3,persistence,2025-12-06,118333.622935685,142112.1251674911
3,persistence,2025-12-07,105974.2258759667,128336.1512244437
3,persistence,2025-12-08,100182.1597185699,123172.8626200811
3,persistence,2025-12-09,105777.9168306079,118333.622935685
3,persistence,2025-12-10,95674.64344875758,105974.2258759667
3,persistence,2025-12-11,102286.8081684614,100182.1597185699
3,persistence,2025-12-12,98510.33062773151,105777.9168306079
3,persistence,2025-12-13,91571.26234193222,95674.64344875758
3,persistence,2025-12-14,89250.45186240789,102286.8081684614
3,persistence,2025-12-15,86114.73632646514,98510.33062773151
3,persistence,2025-12-16,75862.80524445037,91571.26234193222
3,persistence,2025-12-17,72806.88785966646,89250.45186240789
3,persistence,2025-12-18,67326.7436279514,86114.73632646514
3,persistence,2025-12-19,69477.14912641923,75862.80524445037
3,persistence,2025-12-20,59737.54393713534,72806.88785966646
3,persistence,2025-12-21,61014.29057677041,67326.7436279514
3,persistence,2025-12-22,58606.43323292737,69477.14912641923
3,persistence,2025-12-23,60641.28989477052,59737.54393713534
3,A_old_trained,2025-12-24,58575.915307928,68682.5486244142
3,A_old_trained,2025-12-25,52735.22662610265,66274.69128057115
3,A_old_trained,2025-12-26,45221.99825716334,68309.5479424143
3,A_old_trained,2025-12-27,44408.05284441299,66491.90112434073
3,A_old_trained,2025-12-28,40484.07026904635,61978.269287002
3,A_old_trained,2025-12-29,37856.28804302291,54856.39395865089
3,A_old_trained,2025-12-30,42454.87035829797,54131.96470950533
3,A_old_trained,2025-12-31,40621.68780879292,50207.98213413869
3,A_old_trained,2026-01-01,38841.39655611992,47580.19990811525
3,A_old_trained,2026-01-02,35062.85962274358,52117.086651637335
3,A_old_trained,2026-01-03,28196.25966596511,50373.42026573707
3,A_old_trained,2026-01-04,24052.600328715,48565.30842121226
3,A_old_trained,2026-01-05,0.0,44814.592079687725
3,A_old_trained,2026-01-06,1005.554128209214,37858.47595930447
3,A_old_trained,2026-01-07,4547.181981030939,22216.08129284796
3,A_old_trained,2026-01-08,2501.206056063745,0.0
3,A_old_trained,2026-01-09,7038.238120057628,0.0
3,A_old_trained,2026-01-10,5146.520075025873,2592.817834686738
3,A_old_trained,2026-01-11,6795.481323221639,514.5010918487649
3,A_old_trained,2026-01-12,7522.553062727141,4806.89446726839
3,A_old_trained,2026-01-13,9082.504002172822,2882.835604365855
3,A_old_trained,2026-01-14,9641.718665012206,4545.726061518113
3,A_old_trained,2026-01-15,7931.427796269722,5127.176940549593
3,A_old_trained,2026-01-16,6951.298485920801,6701.057088951766
3,A_old_trained,2026-01-17,6802.897787536684,7260.27175179115
3,A_old_trained,2026-01-18,6430.379010740346,5549.980883048666
3,A_old_trained,2026-01-19,4754.223042374496,5545.16956144051
3,A_old_trained,2026-01-20,5013.879969758142,4553.142525833157
3,A_old_trained,2026-01-21,5224.655702852328,4180.623749036819
3,A_old_trained,2026-01-22,5864.683898932829,2504.4677806709697
3,B_new_trained,2025-12-24,58575.915307928,53145.177953283826
3,B_new_trained,2025-12-25,52735.22662610265,50737.32060944079
3,B_new_trained,2025-12-26,45221.99825716334,52772.17727128394
3,B_new_trained,2025-12-27,44408.05284441299,50706.80268444142
3,B_new_trained,2025-12-28,40484.07026904635,46233.84093012902
3,B_new_trained,2025-12-29,37856.28804302291,38478.29420065931
3,B_new_trained,2025-12-30,42454.87035829797,42832.04649241598
3,B_new_trained,2025-12-31,40621.68780879292,39754.441458210444
3,B_new_trained,2026-01-01,38841.39655611992,37565.98267071947
3,B_new_trained,2026-01-02,35062.85962274358,40787.1477398234
3,B_new_trained,2026-01-03,28196.25966596511,39829.94192779337
3,B_new_trained,2026-01-04,24052.600328715,38734.71553221267
3,B_new_trained,2026-01-05,0.0,35195.49332589084
3,B_new_trained,2026-01-06,1005.554128209214,28580.450784997378
3,B_new_trained,2026-01-07,4547.181981030939,21181.851907760833
3,B_new_trained,2026-01-08,2501.206056063745,0.0
3,B_new_trained,2026-01-09,7038.238120057628,2041.7708057058621
3,B_new_trained,2026-01-10,5146.520075025873,9013.586886915631
3,B_new_trained,2026-01-11,6795.481323221639,7133.166083484482
3,B_new_trained,2026-01-12,7522.553062727141,10638.001772659401
3,B_new_trained,2026-01-13,9082.504002172822,8637.644622114636
3,B_new_trained,2026-01-14,9641.718665012206,10588.438338578984
3,B_new_trained,2026-01-15,7931.427796269722,10561.436047439209
3,B_new_trained,2026-01-16,6951.298485920801,12129.568379099925
3,B_new_trained,2026-01-17,6802.897787536684,12753.162024796966
3,B_new_trained,2026-01-18,6430.379010740346,11042.871156054483
3,B_new_trained,2026-01-19,4754.223042374496,10260.302029058585
3,B_new_trained,2026-01-20,5013.879969758142,10046.249420557866
3,B_new_trained,2026-01-21,5224.655702852328,9609.351660903872
3,B_new_trained,2026-01-22,5864.683898932829,8425.065446708115
3,persistence,2025-12-24,58575.915307928,61014.29057677041
3,persistence,2025-12-25,52735.22662610265,58606.43323292737
3,persistence,2025-12-26,45221.99825716334,60641.28989477052
3,persistence,2025-12-27,44408.05284441299,58575.915307928
3,persistence,2025-12-28,40484.07026904635,52735.22662610265
3,persistence,2025-12-29,37856.28804302291,45221.99825716334
3,persistence,2025-12-30,42454.87035829797,44408.05284441299
3,persistence,2025-12-31,40621.68780879292,40484.07026904635
3,persistence,2026-01-01,38841.39655611992,37856.28804302291
3,persistence,2026-01-02,35062.85962274358,42454.87035829797
3,persistence,2026-01-03,28196.25966596511,40621.68780879292
3,persistence,2026-01-04,24052.600328715,38841.39655611992
3,persistence,2026-01-05,0.0,35062.85962274358
3,persistence,2026-01-06,1005.554128209214,28196.25966596511
3,persistence,2026-01-07,4547.181981030939,24052.600328715
3,persistence,2026-01-08,2501.206056063745,0.0
3,persistence,2026-01-09,7038.238120057628,1005.554128209214
3,persistence,2026-01-10,5146.520075025873,4547.181981030939
3,persistence,2026-01-11,6795.481323221639,2501.206056063745
3,persistence,2026-01-12,7522.553062727141,7038.238120057628
3,persistence,2026-01-13,9082.504002172822,5146.520075025873
3,persistence,2026-01-14,9641.718665012206,6795.481323221639
3,persistence,2026-01-15,7931.427796269722,7522.553062727141
3,persistence,2026-01-16,6951.298485920801,9082.504002172822
3,persistence,2026-01-17,6802.897787536684,9641.718665012206
3,persistence,2026-01-18,6430.379010740346,7931.427796269722
3,persistence,2026-01-19,4754.223042374496,6951.298485920801
3,persistence,2026-01-20,5013.879969758142,6802.897787536684
3,persistence,2026-01-21,5224.655702852328,6430.379010740346
3,persistence,2026-01-22,5864.683898932829,4754.223042374496
3,A_old_trained,2026-01-23,6994.802601928017,9045.225055953464
3,A_old_trained,2026-01-24,11476.10062633418,9142.605187085981
3,A_old_trained,2026-01-25,5676.608802087474,10447.406052239425
3,A_old_trained,2026-01-26,11838.21534079677,11250.900131940842
3,A_old_trained,2026-01-27,6614.983560953315,12620.716986831834
3,A_old_trained,2026-01-28,8220.106059791846,6099.622595979597
3,A_old_trained,2026-01-29,8037.136958042139,15294.186498694384
3,A_old_trained,2026-01-30,7249.710052871193,6655.129342377119
3,A_old_trained,2026-01-31,0.0,10657.62467505127
3,A_old_trained,2026-02-01,0.0,7521.866820236026
3,A_old_trained,2026-02-02,1167.570968068156,8874.800430451185
3,A_old_trained,2026-02-03,1167.570968068156,3732.9895011103617
3,A_old_trained,2026-02-04,1167.570968068156,1937.256044848241
3,A_old_trained,2026-02-05,4170.535081053606,9013.635664141746
3,A_old_trained,2026-02-06,4172.782660970314,9013.635664141746
3,A_old_trained,2026-02-07,1168.765625470164,8867.604544869928
3,A_old_trained,2026-02-08,1168.765625470164,11969.56555663439
3,A_old_trained,2026-02-09,4174.822262577526,11786.766090456673
3,A_old_trained,2026-02-10,0.0,8881.626402775362
3,A_old_trained,2026-02-11,1167.570968068156,8781.96775404307
3,A_old_trained,2026-02-12,1167.570968068156,11497.143973580609
3,A_old_trained,2026-02-13,1167.570968068156,1560.8787596055909
3,A_old_trained,2026-02-14,1167.570968068156,9003.34685061186
3,A_old_trained,2026-02-15,1167.570968068156,9013.635664141746
3,A_old_trained,2026-02-16,1167.570968068156,9013.635664141746
3,A_old_trained,2026-02-17,1167.570968068156,9013.635664141746
3,A_old_trained,2026-02-18,0.0,9013.635664141746
3,A_old_trained,2026-02-19,3147.926173739526,9013.635664141746
3,A_old_trained,2026-02-20,0.0,9013.635664141746
3,A_old_trained,2026-02-21,4168.485571068196,7957.880935091154
3,B_new_trained,2026-01-23,6994.802601928017,6350.509456977067
3,B_new_trained,2026-01-24,11476.10062633418,6561.285190071254
3,B_new_trained,2026-01-25,5676.608802087474,7201.3133861517545
3,B_new_trained,2026-01-26,11838.21534079677,8036.8828846513015
3,B_new_trained,2026-01-27,6614.983560953315,7507.598993073967
3,B_new_trained,2026-01-28,8220.106059791846,2804.262712644766
3,B_new_trained,2026-01-29,8037.136958042139,8151.0657224407805
3,B_new_trained,2026-01-30,7249.710052871193,3448.088267014966
3,B_new_trained,2026-01-31,0.0,4566.843815206763
3,B_new_trained,2026-02-01,0.0,4641.202972282362
3,B_new_trained,2026-02-02,1167.570968068156,7753.110061864948
3,B_new_trained,2026-02-03,1167.570968068156,0.0
3,B_new_trained,2026-02-04,1167.570968068156,0.0
3,B_new_trained,2026-02-05,4170.535081053606,4121.407704268136
3,B_new_trained,2026-02-06,4172.782660970314,4121.407704268136
3,B_new_trained,2026-02-07,1168.765625470164,4121.407704268136
3,B_new_trained,2026-02-08,1168.765625470164,7124.3718172535855
3,B_new_trained,2026-02-09,4174.822262577526,7167.590048246747
3,B_new_trained,2026-02-10,0.0,4163.573012746597
3,B_new_trained,2026-02-11,1167.570968068156,4122.602361670144
3,B_new_trained,2026-02-12,1167.570968068156,7112.845597687045
3,B_new_trained,2026-02-13,1167.570968068156,0.0
3,B_new_trained,2026-02-14,1167.570968068156,4121.407704268136
3,B_new_trained,2026-02-15,1167.570968068156,4121.407704268136
3,B_new_trained,2026-02-16,1167.570968068156,4121.407704268136
3,B_new_trained,2026-02-17,1167.570968068156,4121.407704268136
3,B_new_trained,2026-02-18,0.0,4121.407704268136
3,B_new_trained,2026-02-19,3147.926173739526,4121.407704268136
3,B_new_trained,2026-02-20,0.0,4121.407704268136
3,B_new_trained,2026-02-21,4168.485571068196,2978.209388127524
3,persistence,2026-01-23,6994.802601928017,5013.879969758142
3,persistence,2026-01-24,11476.10062633418,5224.655702852328
3,persistence,2026-01-25,5676.608802087474,5864.683898932829
3,persistence,2026-01-26,11838.21534079677,6994.802601928017
3,persistence,2026-01-27,6614.983560953315,11476.10062633418
3,persistence,2026-01-28,8220.106059791846,5676.608802087474
3,persistence,2026-01-29,8037.136958042139,11838.21534079677
3,persistence,2026-01-30,7249.710052871193,6614.983560953315
3,persistence,2026-01-31,0.0,8220.106059791846
3,persistence,2026-02-01,0.0,8037.136958042139
3,persistence,2026-02-02,1167.570968068156,7249.710052871193
3,persistence,2026-02-03,1167.570968068156,0.0
3,persistence,2026-02-04,1167.570968068156,0.0
3,persistence,2026-02-05,4170.535081053606,1167.570968068156
3,persistence,2026-02-06,4172.782660970314,1167.570968068156
3,persistence,2026-02-07,1168.765625470164,1167.570968068156
3,persistence,2026-02-08,1168.765625470164,4170.535081053606
3,persistence,2026-02-09,4174.822262577526,4172.782660970314
3,persistence,2026-02-10,0.0,1168.765625470164
3,persistence,2026-02-11,1167.570968068156,1168.765625470164
3,persistence,2026-02-12,1167.570968068156,4174.822262577526
3,persistence,2026-02-13,1167.570968068156,0.0
3,persistence,2026-02-14,1167.570968068156,1167.570968068156
3,persistence,2026-02-15,1167.570968068156,1167.570968068156
3,persistence,2026-02-16,1167.570968068156,1167.570968068156
3,persistence,2026-02-17,1167.570968068156,1167.570968068156
3,persistence,2026-02-18,0.0,1167.570968068156
3,persistence,2026-02-19,3147.926173739526,1167.570968068156
3,persistence,2026-02-20,0.0,1167.570968068156
3,persistence,2026-02-21,4168.485571068196,0.0
3,A_old_trained,2026-02-22,1167.570968068156,2779.0032136673385
3,A_old_trained,2026-02-23,1167.570968068156,0.0
3,A_old_trained,2026-02-24,1167.570968068156,3942.523801175308
3,A_old_trained,2026-02-25,1167.570968068156,1180.4736284516869
3,A_old_trained,2026-02-26,1232.360327093139,1100.5852526392002
3,A_old_trained,2026-02-27,1232.360327093139,1100.5852526392002
3,A_old_trained,2026-02-28,0.0,1100.5852526392002
3,A_old_trained,2026-03-01,7232.699243493119,1165.3746116641832
3,A_old_trained,2026-03-02,0.0,1165.3746116641832
3,A_old_trained,2026-03-03,4231.157917663651,0.0
3,A_old_trained,2026-03-04,10240.97433716826,6912.584313282543
3,A_old_trained,2026-03-05,0.0,0.0
3,A_old_trained,2026-03-06,7240.005734046325,4124.415415688283
3,A_old_trained,2026-03-07,0.0,9806.182802329637
3,A_old_trained,2026-03-08,0.0,0.0
3,A_old_trained,2026-03-09,0.0,6880.3888670591205
3,A_old_trained,2026-03-10,4588.915562032591,0.0
3,A_old_trained,2026-03-11,1051.725638716127,0.0
3,A_old_trained,2026-03-12,1171.730949081183,0.0
3,A_old_trained,2026-03-13,1231.733604263711,4594.851543592899
3,A_old_trained,2026-03-14,1591.827078183679,968.3030146859392
3,A_old_trained,2026-03-15,3694.787865385309,1079.4824418524368
3,A_old_trained,2026-03-16,29442.79622979818,1416.5534510122627
3,A_old_trained,2026-03-17,3141.663118533274,2122.259663443
3,A_old_trained,2026-03-18,15588.06166423388,3844.930994484203
3,A_old_trained,2026-03-19,0.0,49052.48511918412
3,A_old_trained,2026-03-20,0.0,26.244054830958248
3,A_old_trained,2026-03-21,7447.294367083702,11897.065298978723
3,A_old_trained,2026-03-22,0.0,0.0
3,A_old_trained,2026-03-23,1300.310608590011,394.33440312226867
3,B_new_trained,2026-02-22,1167.570968068156,2579.457878189132
3,B_new_trained,2026-02-23,1167.570968068156,0.0
3,B_new_trained,2026-02-24,1167.570968068156,3903.9331213354326
3,B_new_trained,2026-02-25,1167.570968068156,1229.8552068141737
3,B_new_trained,2026-02-26,1232.360327093139,1171.7492758715427
3,B_new_trained,2026-02-27,1232.360327093139,1196.8930962788593
3,B_new_trained,2026-02-28,0.0,1196.8930962788593
3,B_new_trained,2026-03-01,7232.699243493119,1261.6824553038423
3,B_new_trained,2026-03-02,0.0,1294.6445658391567
3,B_new_trained,2026-03-03,4231.157917663651,111.95954775419068
3,B_new_trained,2026-03-04,10240.97433716826,6796.893749528907
3,B_new_trained,2026-03-05,0.0,64.52236330846881
3,B_new_trained,2026-03-06,7240.005734046325,4258.07958576696
3,B_new_trained,2026-03-07,0.0,9326.839027543918
3,B_new_trained,2026-03-08,0.0,0.0
3,B_new_trained,2026-03-09,0.0,6930.416035534771
3,B_new_trained,2026-03-10,4588.915562032591,0.0
3,B_new_trained,2026-03-11,1051.725638716127,0.0
3,B_new_trained,2026-03-12,1171.730949081183,0.0
3,B_new_trained,2026-03-13,1231.733604263711,3743.187099503104
3,B_new_trained,2026-03-14,1591.827078183679,753.690294432422
3,B_new_trained,2026-03-15,3694.787865385309,931.4662607079808
3,B_new_trained,2026-03-16,29442.79622979818,885.3582739617725
3,B_new_trained,2026-03-17,3141.663118533274,1856.571941734791
3,B_new_trained,2026-03-18,15588.06166423388,3737.9249530756065
3,B_new_trained,2026-03-19,0.0,34844.26148128354
3,B_new_trained,2026-03-20,0.0,0.0
3,B_new_trained,2026-03-21,7447.294367083702,13318.911942471645
3,B_new_trained,2026-03-22,0.0,0.0
3,B_new_trained,2026-03-23,1300.310608590011,0.0
3,persistence,2026-02-22,1167.570968068156,3147.926173739526
3,persistence,2026-02-23,1167.570968068156,0.0
3,persistence,2026-02-24,1167.570968068156,4168.485571068196
3,persistence,2026-02-25,1167.570968068156,1167.570968068156
3,persistence,2026-02-26,1232.360327093139,1167.570968068156
3,persistence,2026-02-27,1232.360327093139,1167.570968068156
3,persistence,2026-02-28,0.0,1167.570968068156
3,persistence,2026-03-01,7232.699243493119,1232.360327093139
3,persistence,2026-03-02,0.0,1232.360327093139
3,persistence,2026-03-03,4231.157917663651,0.0
3,persistence,2026-03-04,10240.97433716826,7232.699243493119
3,persistence,2026-03-05,0.0,0.0
3,persistence,2026-03-06,7240.005734046325,4231.157917663651
3,persistence,2026-03-07,0.0,10240.97433716826
3,persistence,2026-03-08,0.0,0.0
3,persistence,2026-03-09,0.0,7240.005734046325
3,persistence,2026-03-10,4588.915562032591,0.0
3,persistence,2026-03-11,1051.725638716127,0.0
3,persistence,2026-03-12,1171.730949081183,0.0
3,persistence,2026-03-13,1231.733604263711,4588.915562032591
3,persistence,2026-03-14,1591.827078183679,1051.725638716127
3,persistence,2026-03-15,3694.787865385309,1171.730949081183
3,persistence,2026-03-16,29442.79622979818,1231.733604263711
3,persistence,2026-03-17,3141.663118533274,1591.827078183679
3,persistence,2026-03-18,15588.06166423388,3694.787865385309
3,persistence,2026-03-19,0.0,29442.79622979818
3,persistence,2026-03-20,0.0,3141.663118533274
3,persistence,2026-03-21,7447.294367083702,15588.06166423388
3,persistence,2026-03-22,0.0,0.0
3,persistence,2026-03-23,1300.310608590011,0.0
3,A_old_trained,2026-03-24,0.0,7422.651447328622
3,A_old_trained,2026-03-25,0.0,94.65029036495616
3,A_old_trained,2026-03-26,0.0,1440.5074516256811
3,A_old_trained,2026-03-27,0.0,34.51814783518421
3,A_old_trained,2026-03-28,1216.506094919201,260.852787063146
3,A_old_trained,2026-03-29,1357.9623387935,494.58837694327667
3,A_old_trained,2026-03-30,0.0,688.4085094732254
3,A_old_trained,2026-03-31,19185.66181159556,1578.016993006613
3,A_old_trained,2026-04-01,0.0,1674.0704677347323
3,A_old_trained,2026-04-02,0.0,316.1081289412323
3,A_old_trained,2026-04-03,1357.1851159841,19208.06540155886
3,A_old_trained,2026-04-04,4320.271751993509,154.42568165973807
3,A_old_trained,2026-04-05,0.0,1009.833174310581
3,A_old_trained,2026-04-06,0.0,1639.2523188895768
3,A_old_trained,2026-04-07,0.0,4715.823576116676
3,A_old_trained,2026-04-08,0.0,648.516857329414
3,A_old_trained,2026-04-09,0.0,741.4704940025131
3,A_old_trained,2026-04-10,0.0,607.4419035822102
3,A_old_trained,2026-04-11,0.0,640.6028975524678
3,A_old_trained,2026-04-12,0.0,640.6028975524678
3,A_old_trained,2026-04-13,0.0,927.2297239040599
3,A_old_trained,2026-04-14,0.0,752.7867298188403
3,A_old_trained,2026-04-15,0.0,806.1696953285582
3,A_old_trained,2026-04-16,0.0,1008.1963297950751
3,A_old_trained,2026-04-17,7142.04282863685,1429.8442259951553
3,A_old_trained,2026-04-18,0.0,2200.614627648266
3,A_old_trained,2026-04-19,1330.35764373476,2190.7037156713677
3,A_old_trained,2026-04-20,0.0,8601.339080755633
3,A_old_trained,2026-04-21,0.0,2384.667352674739
3,A_old_trained,2026-04-22,0.0,3521.8504866787707
3,B_new_trained,2026-03-24,0.0,6465.878913793338
3,B_new_trained,2026-03-25,0.0,388.57684674486154
3,B_new_trained,2026-03-26,0.0,1262.3030593517972
3,B_new_trained,2026-03-27,0.0,37.42030895578955
3,B_new_trained,2026-03-28,1216.506094919201,449.5838276816403
3,B_new_trained,2026-03-29,1357.9623387935,878.6827666476884
3,B_new_trained,2026-03-30,0.0,998.143654287619
3,B_new_trained,2026-03-31,19185.66181159556,1331.4116071252217
3,B_new_trained,2026-04-01,0.0,1373.3094160098465
3,B_new_trained,2026-04-02,0.0,121.63245490183635
3,B_new_trained,2026-04-03,1357.1851159841,18849.333848948285
3,B_new_trained,2026-04-04,4320.271751993509,567.3197833160975
3,B_new_trained,2026-04-05,0.0,682.3276286875171
3,B_new_trained,2026-04-06,0.0,1493.5690537037592
3,B_new_trained,2026-04-07,0.0,4526.711159067197
3,B_new_trained,2026-04-08,0.0,992.1093827987288
3,B_new_trained,2026-04-09,0.0,925.3667536027979
3,B_new_trained,2026-04-10,0.0,781.402825451999
3,B_new_trained,2026-04-11,0.0,792.1435315225472
3,B_new_trained,2026-04-12,0.0,792.1435315225472
3,B_new_trained,2026-04-13,0.0,856.3233031089885
3,B_new_trained,2026-04-14,0.0,489.8700624879857
3,B_new_trained,2026-04-15,0.0,651.9453151886573
3,B_new_trained,2026-04-16,0.0,1050.5775494039672
3,B_new_trained,2026-04-17,7142.04282863685,1425.714264708712
3,B_new_trained,2026-04-18,0.0,2191.8320257118576
3,B_new_trained,2026-04-19,1330.35764373476,2175.5220658523613
3,B_new_trained,2026-04-20,0.0,8518.834587903084
3,B_new_trained,2026-04-21,0.0,2491.0571672346223
3,B_new_trained,2026-04-22,0.0,3191.4655511539804
3,persistence,2026-03-24,0.0,7447.294367083702
3,persistence,2026-03-25,0.0,0.0
3,persistence,2026-03-26,0.0,1300.310608590011
3,persistence,2026-03-27,0.0,0.0
3,persistence,2026-03-28,1216.506094919201,0.0
3,persistence,2026-03-29,1357.9623387935,0.0
3,persistence,2026-03-30,0.0,0.0
3,persistence,2026-03-31,19185.66181159556,1216.506094919201
3,persistence,2026-04-01,0.0,1357.9623387935
3,persistence,2026-04-02,0.0,0.0
3,persistence,2026-04-03,1357.1851159841,19185.66181159556
3,persistence,2026-04-04,4320.271751993509,0.0
3,persistence,2026-04-05,0.0,0.0
3,persistence,2026-04-06,0.0,1357.1851159841
3,persistence,2026-04-07,0.0,4320.271751993509
3,persistence,2026-04-08,0.0,0.0
3,persistence,2026-04-09,0.0,0.0
3,persistence,2026-04-10,0.0,0.0
3,persistence,2026-04-11,0.0,0.0
3,persistence,2026-04-12,0.0,0.0
3,persistence,2026-04-13,0.0,0.0
3,persistence,2026-04-14,0.0,0.0
3,persistence,2026-04-15,0.0,0.0
3,persistence,2026-04-16,0.0,0.0
3,persistence,2026-04-17,7142.04282863685,0.0
3,persistence,2026-04-18,0.0,0.0
3,persistence,2026-04-19,1330.35764373476,0.0
3,persistence,2026-04-20,0.0,7142.04282863685
3,persistence,2026-04-21,0.0,0.0
3,persistence,2026-04-22,0.0,1330.35764373476
3,A_old_trained,2026-04-23,4175.652946526906,0.0
3,A_old_trained,2026-04-24,0.0,0.0
3,A_old_trained,2026-04-25,7134.507354545481,0.0
3,A_old_trained,2026-04-26,1329.99703624549,3673.6381879305313
3,A_old_trained,2026-04-27,0.0,0.0
3,A_old_trained,2026-04-28,0.0,6420.164252937414
3,A_old_trained,2026-04-29,4156.934105248899,556.1167124907292
3,A_old_trained,2026-04-30,0.0,0.0
3,A_old_trained,2026-05-01,0.0,0.0
3,A_old_trained,2026-05-02,0.0,3675.638336395258
3,A_old_trained,2026-05-03,0.0,27.439001253891547
3,A_old_trained,2026-05-04,3575.559741841224,0.0
3,A_old_trained,2026-05-05,8337.097621055189,0.0
3,A_old_trained,2026-05-06,7067.388500442302,1293.456889424755
3,A_old_trained,2026-05-07,3288.46284526218,5782.486052627592
3,A_old_trained,2026-05-08,609.3285666212043,14816.020439365153
3,A_old_trained,2026-05-09,327.4079784250729,12486.687952698769
3,A_old_trained,2026-05-10,64024.57078417507,9799.885361047174
3,A_old_trained,2026-05-11,29895.40787851404,17892.004738620395
3,A_old_trained,2026-05-12,9279.572203576883,16339.521781350852
3,A_old_trained,2026-05-13,16077.61184919209,77228.54397093636
3,A_old_trained,2026-05-14,0.0,28336.904821084438
3,A_old_trained,2026-05-15,10216.22369505713,2902.8425815754217
3,A_old_trained,2026-05-16,3927.997988633625,25802.860194029392
3,A_old_trained,2026-05-17,85867.63959680006,24326.632829651306
3,A_old_trained,2026-05-18,61048.47974927562,16067.95613987154
3,A_old_trained,2026-05-19,108733.3367135785,17320.663415058323
3,A_old_trained,2026-05-20,141212.5627369919,83845.67308191863
3,A_old_trained,2026-05-21,185517.9117316547,78804.53872242557
3,A_old_trained,2026-05-22,179597.995600109,84418.64773538627
3,B_new_trained,2026-04-23,4175.652946526906,0.0
3,B_new_trained,2026-04-24,0.0,0.0
3,B_new_trained,2026-04-25,7134.507354545481,2853.8331235487985
3,B_new_trained,2026-04-26,1329.99703624549,7466.99957041389
3,B_new_trained,2026-04-27,0.0,0.0
3,B_new_trained,2026-04-28,0.0,6410.441045741727
3,B_new_trained,2026-04-29,4156.934105248899,664.7713093429018
3,B_new_trained,2026-04-30,0.0,0.0
3,B_new_trained,2026-05-01,0.0,0.0
3,B_new_trained,2026-05-02,0.0,3842.3574493705987
3,B_new_trained,2026-05-03,0.0,158.8413870007921
3,B_new_trained,2026-05-04,3575.559741841224,0.0
3,B_new_trained,2026-05-05,8337.097621055189,5269.804792885698
3,B_new_trained,2026-05-06,7067.388500442302,7664.143488739008
3,B_new_trained,2026-05-07,3288.46284526218,11887.209564310544
3,B_new_trained,2026-05-08,609.3285666212043,14921.537466257401
3,B_new_trained,2026-05-09,327.4079784250729,14067.90799729863
3,B_new_trained,2026-05-10,64024.57078417507,17330.158465402183
3,B_new_trained,2026-05-11,29895.40787851404,5045.333435437411
3,B_new_trained,2026-05-12,9279.572203576883,5671.146052972335
3,B_new_trained,2026-05-13,16077.61184919209,65580.63032661511
3,B_new_trained,2026-05-14,0.0,39141.40229387264
3,B_new_trained,2026-05-15,10216.22369505713,26016.59678020887
3,B_new_trained,2026-05-16,3927.997988633625,35832.48133011296
3,B_new_trained,2026-05-17,85867.63959680006,23251.747907203637
3,B_new_trained,2026-05-18,61048.47974927562,16300.994619133911
3,B_new_trained,2026-05-19,108733.3367135785,21419.93214215596
3,B_new_trained,2026-05-20,141212.5627369919,93230.05481883399
3,B_new_trained,2026-05-21,185517.9117316547,89104.41235142841
3,B_new_trained,2026-05-22,179597.995600109,111253.34102432465
3,persistence,2026-04-23,4175.652946526906,0.0
3,persistence,2026-04-24,0.0,0.0
3,persistence,2026-04-25,7134.507354545481,0.0
3,persistence,2026-04-26,1329.99703624549,4175.652946526906
3,persistence,2026-04-27,0.0,0.0
3,persistence,2026-04-28,0.0,7134.507354545481
3,persistence,2026-04-29,4156.934105248899,1329.99703624549
3,persistence,2026-04-30,0.0,0.0
3,persistence,2026-05-01,0.0,0.0
3,persistence,2026-05-02,0.0,4156.934105248899
3,persistence,2026-05-03,0.0,0.0
3,persistence,2026-05-04,3575.559741841224,0.0
3,persistence,2026-05-05,8337.097621055189,0.0
3,persistence,2026-05-06,7067.388500442302,0.0
3,persistence,2026-05-07,3288.46284526218,3575.559741841224
3,persistence,2026-05-08,609.3285666212043,8337.097621055189
3,persistence,2026-05-09,327.4079784250729,7067.388500442302
3,persistence,2026-05-10,64024.57078417507,3288.46284526218
3,persistence,2026-05-11,29895.40787851404,609.3285666212043
3,persistence,2026-05-12,9279.572203576883,327.4079784250729
3,persistence,2026-05-13,16077.61184919209,64024.57078417507
3,persistence,2026-05-14,0.0,29895.40787851404
3,persistence,2026-05-15,10216.22369505713,9279.572203576883
3,persistence,2026-05-16,3927.997988633625,16077.61184919209
3,persistence,2026-05-17,85867.63959680006,0.0
3,persistence,2026-05-18,61048.47974927562,10216.22369505713
3,persistence,2026-05-19,108733.3367135785,3927.997988633625
3,persistence,2026-05-20,141212.5627369919,85867.63959680006
3,persistence,2026-05-21,185517.9117316547,61048.47974927562
3,persistence,2026-05-22,179597.995600109,108733.3367135785
3,A_old_trained,2026-05-23,193356.5957728531,85574.83585105748
3,A_old_trained,2026-05-24,349365.1598969635,133315.36902071186
3,A_old_trained,2026-05-25,433838.0231737584,119197.06609456657
3,A_old_trained,2026-05-26,507809.2200161263,144734.97469976102
3,A_old_trained,2026-05-27,602775.1641346975,248043.5084180364
3,A_old_trained,2026-05-28,553516.0898851521,367039.6277810092
3,A_old_trained,2026-05-29,449557.2543120539,386942.60418763454
3,A_old_trained,2026-05-30,240641.9388894092,501955.1644549432
3,A_old_trained,2026-05-31,216085.9110082715,458605.90149524057
3,A_old_trained,2026-06-01,198275.3925303018,297343.9477148433
3,A_old_trained,2026-06-02,192990.3100497752,128821.47345525812
3,A_old_trained,2026-06-03,201843.6206251707,97314.34066759235
3,A_old_trained,2026-06-04,174582.3631776166,138040.74490076606
3,A_old_trained,2026-06-05,165844.9237883183,141479.07377702123
3,A_old_trained,2026-06-06,156694.7359268938,164314.20956880457
3,A_old_trained,2026-06-07,160301.5900719157,131308.8283858691
3,A_old_trained,2026-06-08,166649.5271781315,135154.40766078338
3,A_old_trained,2026-06-09,189788.4728931298,126361.70817030151
3,A_old_trained,2026-06-10,201768.2313126253,133155.09350733957
3,A_old_trained,2026-06-11,174580.9152624754,136811.2008595489
3,A_old_trained,2026-06-12,133852.9901506277,150806.54270897928
3,A_old_trained,2026-06-13,141713.5315307741,151363.03735432963
3,A_old_trained,2026-06-14,121801.9629150302,136505.09610554847
3,A_old_trained,2026-06-15,80097.31022858075,112661.50551934393
3,A_old_trained,2026-06-16,79432.17603844083,113197.55858384348
3,A_old_trained,2026-06-17,51854.03477584177,88700.64501663265
3,A_old_trained,2026-06-18,47047.00811797024,48935.50899729098
3,A_old_trained,2026-06-19,49498.13353825355,57017.849689429706
3,A_old_trained,2026-06-20,48315.2033726697,32589.668449056306
3,A_old_trained,2026-06-21,44125.329575858,28845.171889483856
3,B_new_trained,2026-05-23,193356.5957728531,140330.50885986682
3,B_new_trained,2026-05-24,349365.1598969635,164908.90138116013
3,B_new_trained,2026-05-25,433838.0231737584,148538.99762454102
3,B_new_trained,2026-05-26,507809.2200161263,161122.771010303
3,B_new_trained,2026-05-27,602775.1641346975,304075.163137304
3,B_new_trained,2026-05-28,553516.0898851521,387336.8349936892
3,B_new_trained,2026-05-29,449557.2543120539,450866.3632524773
3,B_new_trained,2026-05-30,240641.9388894092,547128.2587235178
3,B_new_trained,2026-05-31,216085.9110082715,502964.67049094266
3,B_new_trained,2026-06-01,198275.3925303018,378579.2068872095
3,B_new_trained,2026-06-02,192990.3100497752,183488.83111154762
3,B_new_trained,2026-06-03,201843.6206251707,171367.269525384
3,B_new_trained,2026-06-04,174582.3631776166,159029.41854549223
3,B_new_trained,2026-06-05,165844.9237883183,155504.02354685095
3,B_new_trained,2026-06-06,156694.7359268938,171966.04746839983
3,B_new_trained,2026-06-07,160301.5900719157,141143.97789791212
3,B_new_trained,2026-06-08,166649.5271781315,145940.2882279009
3,B_new_trained,2026-06-09,189788.4728931298,138412.62308055384
3,B_new_trained,2026-06-10,201768.2313126253,146486.38409392993
3,B_new_trained,2026-06-11,174580.9152624754,141162.72804620786
3,B_new_trained,2026-06-12,133852.9901506277,169025.10932694311
3,B_new_trained,2026-06-13,141713.5315307741,168736.8521211956
3,B_new_trained,2026-06-14,121801.9629150302,125349.37562329308
3,B_new_trained,2026-06-15,80097.31022858075,105587.1105812016
3,B_new_trained,2026-06-16,79432.17603844083,116461.21966558779
3,B_new_trained,2026-06-17,51854.03477584177,98981.04547847388
3,B_new_trained,2026-06-18,47047.00811797024,59791.163826102915
3,B_new_trained,2026-06-19,49498.13353825355,66483.37412663513
3,B_new_trained,2026-06-20,48315.2033726697,41322.24543085221
3,B_new_trained,2026-06-21,44125.329575858,39164.356251051184
3,persistence,2026-05-23,193356.5957728531,141212.5627369919
3,persistence,2026-05-24,349365.1598969635,185517.9117316547
3,persistence,2026-05-25,433838.0231737584,179597.995600109
3,persistence,2026-05-26,507809.2200161263,193356.5957728531
3,persistence,2026-05-27,602775.1641346975,349365.1598969635
3,persistence,2026-05-28,553516.0898851521,433838.0231737584
3,persistence,2026-05-29,449557.2543120539,507809.2200161263
3,persistence,2026-05-30,240641.9388894092,602775.1641346975
3,persistence,2026-05-31,216085.9110082715,553516.0898851521
3,persistence,2026-06-01,198275.3925303018,449557.2543120539
3,persistence,2026-06-02,192990.3100497752,240641.9388894092
3,persistence,2026-06-03,201843.6206251707,216085.9110082715
3,persistence,2026-06-04,174582.3631776166,198275.3925303018
3,persistence,2026-06-05,165844.9237883183,192990.3100497752
3,persistence,2026-06-06,156694.7359268938,201843.6206251707
3,persistence,2026-06-07,160301.5900719157,174582.3631776166
3,persistence,2026-06-08,166649.5271781315,165844.9237883183
3,persistence,2026-06-09,189788.4728931298,156694.7359268938
3,persistence,2026-06-10,201768.2313126253,160301.5900719157
3,persistence,2026-06-11,174580.9152624754,166649.5271781315
3,persistence,2026-06-12,133852.9901506277,189788.4728931298
3,persistence,2026-06-13,141713.5315307741,201768.2313126253
3,persistence,2026-06-14,121801.9629150302,174580.9152624754
3,persistence,2026-06-15,80097.31022858075,133852.9901506277
3,persistence,2026-06-16,79432.17603844083,141713.5315307741
3,persistence,2026-06-17,51854.03477584177,121801.9629150302
3,persistence,2026-06-18,47047.00811797024,80097.31022858075
3,persistence,2026-06-19,49498.13353825355,79432.17603844083
3,persistence,2026-06-20,48315.2033726697,51854.03477584177
3,persistence,2026-06-21,44125.329575858,47047.00811797024
3,A_old_trained,2026-06-22,35020.78540226009,43151.06252950065
3,A_old_trained,2026-06-23,31864.99551244184,42562.736810399656
3,A_old_trained,2026-06-24,24497.17494178787,38372.86301358795
3,A_old_trained,2026-06-25,21684.38265192751,29518.345911862703
3,A_old_trained,2026-06-26,16173.40765637152,26362.556022044457
3,A_old_trained,2026-06-27,24563.31828446738,19715.993468905093
3,A_old_trained,2026-06-28,26743.39728476141,18455.196441010994
3,A_old_trained,2026-06-29,4118.680690423142,12247.935416283646
3,A_old_trained,2026-06-30,3424.85477286065,18839.96207170022
3,A_old_trained,2026-07-01,0.0,21125.560306071384
3,A_old_trained,2026-07-02,0.0,2533.5093213854148
3,A_old_trained,2026-07-03,0.0,5588.0523624519055
3,A_old_trained,2026-07-04,0.0,743.2871406933646
3,A_old_trained,2026-07-05,0.0,403.9628944786009
3,A_old_trained,2026-07-06,0.0,119.9989738535005
3,A_old_trained,2026-07-07,0.0,81.31178143670422
3,A_old_trained,2026-07-08,8.358452526200495,452.9543838591662
3,A_old_trained,2026-07-09,1548.477362288514,485.1547394990621
3,A_old_trained,2026-07-10,0.0,0.0
3,A_old_trained,2026-07-11,12175.06558400085,0.0
3,A_old_trained,2026-07-12,0.0,1038.1556392950952
3,A_old_trained,2026-07-13,0.0,0.0
3,A_old_trained,2026-07-14,0.0,12712.11623441699
3,A_old_trained,2026-07-15,0.0,797.5932433814296
3,A_old_trained,2026-07-16,2547.386090313617,865.0957004589836
3,A_old_trained,2026-07-17,0.0,0.0
3,A_old_trained,2026-07-18,0.0,0.0
3,A_old_trained,2026-07-19,0.0,2900.1059510275595
3,A_old_trained,2026-07-20,0.0,185.80170719313446
3,A_old_trained,2026-07-21,0.0,0.0
3,B_new_trained,2026-06-22,35020.78540226009,43293.158103193986
3,B_new_trained,2026-06-23,31864.99551244184,42467.66925233944
3,B_new_trained,2026-06-24,24497.17494178787,38277.79545552774
3,B_new_trained,2026-06-25,21684.38265192751,29150.655585312583
3,B_new_trained,2026-06-26,16173.40765637152,26203.418635120826
3,B_new_trained,2026-06-27,24563.31828446738,18674.34623967095
3,B_new_trained,2026-06-28,26743.39728476141,18243.18567103283
3,B_new_trained,2026-06-29,4118.680690423142,14168.429410201974
3,B_new_trained,2026-06-30,3424.85477286065,22074.95484607495
3,B_new_trained,2026-07-01,0.0,24123.154403698198
3,B_new_trained,2026-07-02,0.0,3361.5625523285307
3,B_new_trained,2026-07-03,0.0,4888.626457095075
3,B_new_trained,2026-07-04,0.0,244.8071519253208
3,B_new_trained,2026-07-05,0.0,419.5247469399492
3,B_new_trained,2026-07-06,0.0,0.0
3,B_new_trained,2026-07-07,0.0,67.65956177995895
3,B_new_trained,2026-07-08,8.358452526200495,731.4119819362963
3,B_new_trained,2026-07-09,1548.477362288514,909.9525049784565
3,B_new_trained,2026-07-10,0.0,226.83699845469755
3,B_new_trained,2026-07-11,12175.06558400085,0.0
3,B_new_trained,2026-07-12,0.0,1439.1695277634963
3,B_new_trained,2026-07-13,0.0,41.54046944587344
3,B_new_trained,2026-07-14,0.0,10724.470109561913
3,B_new_trained,2026-07-15,0.0,507.75402243672534
3,B_new_trained,2026-07-16,2547.386090313617,2249.6364798345594
3,B_new_trained,2026-07-17,0.0,139.70582567112297
3,B_new_trained,2026-07-18,0.0,345.76549608958476
3,B_new_trained,2026-07-19,0.0,3091.9693570096565
3,B_new_trained,2026-07-20,0.0,874.7580148210595
3,B_new_trained,2026-07-21,0.0,479.6635383990929
3,persistence,2026-06-22,35020.78540226009,49498.13353825355
3,persistence,2026-06-23,31864.99551244184,48315.2033726697
3,persistence,2026-06-24,24497.17494178787,44125.329575858
3,persistence,2026-06-25,21684.38265192751,35020.78540226009
3,persistence,2026-06-26,16173.40765637152,31864.99551244184
3,persistence,2026-06-27,24563.31828446738,24497.17494178787
3,persistence,2026-06-28,26743.39728476141,21684.38265192751
3,persistence,2026-06-29,4118.680690423142,16173.40765637152
3,persistence,2026-06-30,3424.85477286065,24563.31828446738
3,persistence,2026-07-01,0.0,26743.39728476141
3,persistence,2026-07-02,0.0,4118.680690423142
3,persistence,2026-07-03,0.0,3424.85477286065
3,persistence,2026-07-04,0.0,0.0
3,persistence,2026-07-05,0.0,0.0
3,persistence,2026-07-06,0.0,0.0
3,persistence,2026-07-07,0.0,0.0
3,persistence,2026-07-08,8.358452526200495,0.0
3,persistence,2026-07-09,1548.477362288514,0.0
3,persistence,2026-07-10,0.0,0.0
3,persistence,2026-07-11,12175.06558400085,8.358452526200495
3,persistence,2026-07-12,0.0,1548.477362288514
3,persistence,2026-07-13,0.0,0.0
3,persistence,2026-07-14,0.0,12175.06558400085
3,persistence,2026-07-15,0.0,0.0
3,persistence,2026-07-16,2547.386090313617,0.0
3,persistence,2026-07-17,0.0,0.0
3,persistence,2026-07-18,0.0,0.0
3,persistence,2026-07-19,0.0,2547.386090313617
3,persistence,2026-07-20,0.0,0.0
3,persistence,2026-07-21,0.0,0.0
4,A_old_trained,2025-11-24,209827.3783454106,245070.25250668149
4,A_old_trained,2025-11-25,192118.5984848536,213979.9840315858
4,A_old_trained,2025-11-26,181762.4168316232,184958.34752489964
4,A_old_trained,2025-11-27,170801.8414968055,166321.1399279691
4,A_old_trained,2025-11-28,168695.2513560315,149782.25633139466
4,A_old_trained,2025-11-29,162280.3512820562,139839.11203587055
4,A_old_trained,2025-11-30,150695.9364096984,134835.1483042969
4,A_old_trained,2025-12-01,146155.8711909035,122410.79381906305
4,A_old_trained,2025-12-02,142112.1251674911,120398.99090819474
4,A_old_trained,2025-12-03,128336.1512244437,114252.84860895626
4,A_old_trained,2025-12-04,123172.8626200811,105644.14555092047
4,A_old_trained,2025-12-05,118333.622935685,101198.86756203123
4,A_old_trained,2025-12-06,105974.2258759667,99034.35368948286
4,A_old_trained,2025-12-07,100182.1597185699,95158.04501626981
4,A_old_trained,2025-12-08,105777.9168306079,90089.54364181284
4,A_old_trained,2025-12-09,95674.64344875758,93357.76820174154
4,A_old_trained,2025-12-10,102286.8081684614,83789.5978472758
4,A_old_trained,2025-12-11,98510.33062773151,79135.34042247612
4,A_old_trained,2025-12-12,91571.26234193222,83035.33269034555
4,A_old_trained,2025-12-13,89250.45186240789,75116.09087434527
4,A_old_trained,2025-12-14,86114.73632646514,80977.87712309262
4,A_old_trained,2025-12-15,75862.80524445037,77192.18342818656
4,A_old_trained,2025-12-16,72806.88785966646,71166.8738850703
4,A_old_trained,2025-12-17,67326.7436279514,69070.11339546005
4,A_old_trained,2025-12-18,69477.14912641923,65934.3978595173
4,A_old_trained,2025-12-19,59737.54393713534,59940.29315190698
4,A_old_trained,2025-12-20,61014.29057677041,58625.04764464634
4,A_old_trained,2025-12-21,58606.43323292737,55224.101816723574
4,A_old_trained,2025-12-22,60641.28989477052,57374.50731519141
4,A_old_trained,2025-12-23,58575.915307928,48175.825673359126
4,B_new_trained,2025-11-24,209827.3783454106,257267.45773230024
4,B_new_trained,2025-11-25,192118.5984848536,225744.00750486337
4,B_new_trained,2025-11-26,181762.4168316232,190640.37747843866
4,B_new_trained,2025-11-27,170801.8414968055,175524.14069328614
4,B_new_trained,2025-11-28,168695.2513560315,159978.7484495414
4,B_new_trained,2025-11-29,162280.3512820562,143072.49263100862
4,B_new_trained,2025-11-30,150695.9364096984,135434.09210277762
4,B_new_trained,2025-12-01,146155.8711909035,128142.07123622624
4,B_new_trained,2025-12-02,142112.1251674911,127192.52372668931
4,B_new_trained,2025-12-03,128336.1512244437,121015.14951257163
4,B_new_trained,2025-12-04,123172.8626200811,108912.07572905658
4,B_new_trained,2025-12-05,118333.622935685,106368.18418026553
4,B_new_trained,2025-12-06,105974.2258759667,105851.05558628961
4,B_new_trained,2025-12-07,100182.1597185699,95460.04732340589
4,B_new_trained,2025-12-08,105777.9168306079,91453.80135028032
4,B_new_trained,2025-12-09,95674.64344875758,88557.36487712519
4,B_new_trained,2025-12-10,102286.8081684614,76779.61271639663
4,B_new_trained,2025-12-11,98510.33062773151,74893.64421563035
4,B_new_trained,2025-12-12,91571.26234193222,84710.62779256146
4,B_new_trained,2025-12-13,89250.45186240789,73194.22060963334
4,B_new_trained,2025-12-14,86114.73632646514,81219.51913041496
4,B_new_trained,2025-12-15,75862.80524445037,77315.65246654648
4,B_new_trained,2025-12-16,72806.88785966646,70524.3335136378
4,B_new_trained,2025-12-17,67326.7436279514,68896.18237044029
4,B_new_trained,2025-12-18,69477.14912641923,65760.46683449754
4,B_new_trained,2025-12-19,59737.54393713534,58158.60071603423
4,B_new_trained,2025-12-20,61014.29057677041,56691.487769416584
4,B_new_trained,2025-12-21,58606.43323292737,52916.04963873602
4,B_new_trained,2025-12-22,60641.28989477052,55889.77680889887
4,B_new_trained,2025-12-23,58575.915307928,46149.711776965785
4,persistence,2025-11-24,209827.3783454106,320232.6373695737
4,persistence,2025-11-25,192118.5984848536,282635.1724947998
4,persistence,2025-11-26,181762.4168316232,250442.3677198271
4,persistence,2025-11-27,170801.8414968055,226461.0491718907
4,persistence,2025-11-28,168695.2513560315,209827.3783454106
4,persistence,2025-11-29,162280.3512820562,192118.5984848536
4,persistence,2025-11-30,150695.9364096984,181762.4168316232
4,persistence,2025-12-01,146155.8711909035,170801.8414968055
4,persistence,2025-12-02,142112.1251674911,168695.2513560315
4,persistence,2025-12-03,128336.1512244437,162280.3512820562
4,persistence,2025-12-04,123172.8626200811,150695.9364096984
4,persistence,2025-12-05,118333.622935685,146155.8711909035
4,persistence,2025-12-06,105974.2258759667,142112.1251674911
4,persistence,2025-12-07,100182.1597185699,128336.1512244437
4,persistence,2025-12-08,105777.9168306079,123172.8626200811
4,persistence,2025-12-09,95674.64344875758,118333.622935685
4,persistence,2025-12-10,102286.8081684614,105974.2258759667
4,persistence,2025-12-11,98510.33062773151,100182.1597185699
4,persistence,2025-12-12,91571.26234193222,105777.9168306079
4,persistence,2025-12-13,89250.45186240789,95674.64344875758
4,persistence,2025-12-14,86114.73632646514,102286.8081684614
4,persistence,2025-12-15,75862.80524445037,98510.33062773151
4,persistence,2025-12-16,72806.88785966646,91571.26234193222
4,persistence,2025-12-17,67326.7436279514,89250.45186240789
4,persistence,2025-12-18,69477.14912641923,86114.73632646514
4,persistence,2025-12-19,59737.54393713534,75862.80524445037
4,persistence,2025-12-20,61014.29057677041,72806.88785966646
4,persistence,2025-12-21,58606.43323292737,67326.7436279514
4,persistence,2025-12-22,60641.28989477052,69477.14912641923
4,persistence,2025-12-23,58575.915307928,59737.54393713534
4,A_old_trained,2025-12-24,52735.22662610265,58508.467508786634
4,A_old_trained,2025-12-25,45221.99825716334,56100.610164943595
4,A_old_trained,2025-12-26,44408.05284441299,58135.466826786746
4,A_old_trained,2025-12-27,40484.07026904635,56070.09223994423
4,A_old_trained,2025-12-28,37856.28804302291,50229.40355811888
4,A_old_trained,2025-12-29,42454.87035829797,44725.590079114765
4,A_old_trained,2025-12-30,40621.68780879292,43911.64466636442
4,A_old_trained,2025-12-31,38841.39655611992,40747.93486239285
4,A_old_trained,2026-01-01,35062.85962274358,38120.152636369414
4,A_old_trained,2026-01-02,28196.25966596511,43121.4113625011
4,A_old_trained,2026-01-03,24052.600328715,41288.22881299605
4,A_old_trained,2026-01-04,0.0,39507.93756032305
4,A_old_trained,2026-01-05,1005.554128209214,35729.400626946706
4,A_old_trained,2026-01-06,4547.181981030939,28862.80067016824
4,A_old_trained,2026-01-07,2501.206056063745,24719.14133291813
4,A_old_trained,2026-01-08,7038.238120057628,817.1493553863462
4,A_old_trained,2026-01-09,5146.520075025873,1911.0499517296312
4,A_old_trained,2026-01-10,6795.481323221639,5452.6778045513565
4,A_old_trained,2026-01-11,7522.553062727141,3406.7018795841623
4,A_old_trained,2026-01-12,9082.504002172822,7620.228016749468
4,A_old_trained,2026-01-13,9641.718665012206,5771.173385921513
4,A_old_trained,2026-01-14,7931.427796269722,7209.543525399129
4,A_old_trained,2026-01-15,6951.298485920801,7936.615264904631
4,A_old_trained,2026-01-16,6802.897787536684,9496.56620435031
4,A_old_trained,2026-01-17,6430.379010740346,10118.592459995223
4,A_old_trained,2026-01-18,4754.223042374496,8345.489998447212
4,A_old_trained,2026-01-19,5013.879969758142,7365.360688098291
4,A_old_trained,2026-01-20,5224.655702852328,7216.959989714173
4,A_old_trained,2026-01-21,5864.683898932829,6844.441212917835
4,A_old_trained,2026-01-22,6994.802601928017,5378.876353270136
4,B_new_trained,2025-12-24,52735.22662610265,55508.51267631337
4,B_new_trained,2025-12-25,45221.99825716334,53409.81128594195
4,B_new_trained,2025-12-26,44408.05284441299,55444.6679477851
4,B_new_trained,2025-12-27,40484.07026904635,54055.78127301248
4,B_new_trained,2025-12-28,37856.28804302291,47538.604679117234
4,B_new_trained,2025-12-29,42454.87035829797,41476.01532630179
4,B_new_trained,2025-12-30,40621.68780879292,40710.198391644415
4,B_new_trained,2025-12-31,38841.39655611992,37230.0614227182
4,B_new_trained,2026-01-01,35062.85962274358,34777.68890296366
4,B_new_trained,2026-01-02,28196.25966596511,39859.472435413896
4,B_new_trained,2026-01-03,24052.600328715,37899.00865773292
4,B_new_trained,2026-01-04,0.0,35886.665268952835
4,B_new_trained,2026-01-05,1005.554128209214,32515.590177952472
4,B_new_trained,2026-01-06,4547.181981030939,25976.113511741118
4,B_new_trained,2026-01-07,2501.206056063745,21983.667228821425
4,B_new_trained,2026-01-08,7038.238120057628,0.0
4,B_new_trained,2026-01-09,5146.520075025873,2408.315743398541
4,B_new_trained,2026-01-10,6795.481323221639,4580.5622610126375
4,B_new_trained,2026-01-11,7522.553062727141,2823.986520224768
4,B_new_trained,2026-01-12,9082.504002172822,6474.085069980623
4,B_new_trained,2026-01-13,9641.718665012206,4845.108813448641
4,B_new_trained,2026-01-14,7931.427796269722,6461.8629976775355
4,B_new_trained,2026-01-15,6951.298485920801,7097.3887362500445
4,B_new_trained,2026-01-16,6802.897787536684,8626.795508749177
4,B_new_trained,2026-01-17,6430.379010740346,9184.882532799431
4,B_new_trained,2026-01-18,4754.223042374496,7525.80998842022
4,B_new_trained,2026-01-19,5013.879969758142,7010.287725589132
4,B_new_trained,2026-01-20,5224.655702852328,6461.395815654339
4,B_new_trained,2026-01-21,5864.683898932829,6096.760685196242
4,B_new_trained,2026-01-22,6994.802601928017,4529.058057370861
4,persistence,2025-12-24,52735.22662610265,61014.29057677041
4,persistence,2025-12-25,45221.99825716334,58606.43323292737
4,persistence,2025-12-26,44408.05284441299,60641.28989477052
4,persistence,2025-12-27,40484.07026904635,58575.915307928
4,persistence,2025-12-28,37856.28804302291,52735.22662610265
4,persistence,2025-12-29,42454.87035829797,45221.99825716334
4,persistence,2025-12-30,40621.68780879292,44408.05284441299
4,persistence,2025-12-31,38841.39655611992,40484.07026904635
4,persistence,2026-01-01,35062.85962274358,37856.28804302291
4,persistence,2026-01-02,28196.25966596511,42454.87035829797
4,persistence,2026-01-03,24052.600328715,40621.68780879292
4,persistence,2026-01-04,0.0,38841.39655611992
4,persistence,2026-01-05,1005.554128209214,35062.85962274358
4,persistence,2026-01-06,4547.181981030939,28196.25966596511
4,persistence,2026-01-07,2501.206056063745,24052.600328715
4,persistence,2026-01-08,7038.238120057628,0.0
4,persistence,2026-01-09,5146.520075025873,1005.554128209214
4,persistence,2026-01-10,6795.481323221639,4547.181981030939
4,persistence,2026-01-11,7522.553062727141,2501.206056063745
4,persistence,2026-01-12,9082.504002172822,7038.238120057628
4,persistence,2026-01-13,9641.718665012206,5146.520075025873
4,persistence,2026-01-14,7931.427796269722,6795.481323221639
4,persistence,2026-01-15,6951.298485920801,7522.553062727141
4,persistence,2026-01-16,6802.897787536684,9082.504002172822
4,persistence,2026-01-17,6430.379010740346,9641.718665012206
4,persistence,2026-01-18,4754.223042374496,7931.427796269722
4,persistence,2026-01-19,5013.879969758142,6951.298485920801
4,persistence,2026-01-20,5224.655702852328,6802.897787536684
4,persistence,2026-01-21,5864.683898932829,6430.379010740346
4,persistence,2026-01-22,6994.802601928017,4754.223042374496
4,A_old_trained,2026-01-23,11476.10062633418,7105.922195807862
4,A_old_trained,2026-01-24,5676.608802087474,7020.628920353551
4,A_old_trained,2026-01-25,11838.21534079677,7602.503047490647
4,A_old_trained,2026-01-26,6614.983560953315,8732.621750485836
4,A_old_trained,2026-01-27,8220.106059791846,12770.177477018733
4,A_old_trained,2026-01-28,8037.136958042139,7393.439082569453
4,A_old_trained,2026-01-29,7249.710052871193,11921.152702258945
4,A_old_trained,2026-01-30,0.0,8366.668812894757
4,A_old_trained,2026-01-31,0.0,8600.150912058209
4,A_old_trained,2026-02-01,1167.570968068156,9727.894635946177
4,A_old_trained,2026-02-02,1167.570968068156,7556.4135012246625
4,A_old_trained,2026-02-03,1167.570968068156,918.201565056188
4,A_old_trained,2026-02-04,4170.535081053606,1703.6758218198838
4,A_old_trained,2026-02-05,4172.782660970314,5237.020106338387
4,A_old_trained,2026-02-06,1168.765625470164,5237.020106338387
4,A_old_trained,2026-02-07,1168.765625470164,5237.020106338387
4,A_old_trained,2026-02-08,4174.822262577526,8362.07696047871
4,A_old_trained,2026-02-09,0.0,8433.424993112665
4,A_old_trained,2026-02-10,1167.570968068156,5227.40291334458
4,A_old_trained,2026-02-11,1167.570968068156,4997.308148957307
4,A_old_trained,2026-02-12,1167.570968068156,7832.203039273485
4,A_old_trained,2026-02-13,1167.570968068156,3209.678079045095
4,A_old_trained,2026-02-14,1167.570968068156,5237.020106338387
4,A_old_trained,2026-02-15,1167.570968068156,5237.020106338387
4,A_old_trained,2026-02-16,1167.570968068156,5237.020106338387
4,A_old_trained,2026-02-17,0.0,5237.020106338387
4,A_old_trained,2026-02-18,3147.926173739526,5237.020106338387
4,A_old_trained,2026-02-19,0.0,5237.020106338387
4,A_old_trained,2026-02-20,4168.485571068196,5237.020106338387
4,A_old_trained,2026-02-21,1167.570968068156,4444.704534919715
4,B_new_trained,2026-01-23,11476.10062633418,7446.942637329994
4,B_new_trained,2026-01-24,5676.608802087474,7489.5207926224875
4,B_new_trained,2026-01-25,11838.21534079677,8079.090033495889
4,B_new_trained,2026-01-26,6614.983560953315,9173.52642321317
4,B_new_trained,2026-01-27,8220.106059791846,10346.132864512228
4,B_new_trained,2026-01-28,8037.136958042139,7594.884187186719
4,B_new_trained,2026-01-29,7249.710052871193,11031.341634878738
4,B_new_trained,2026-01-30,0.0,8562.690029293353
4,B_new_trained,2026-01-31,0.0,7856.058695419587
4,B_new_trained,2026-02-01,1167.570968068156,7352.026412991677
4,B_new_trained,2026-02-02,1167.570968068156,9297.93428138613
4,B_new_trained,2026-02-03,1167.570968068156,0.0
4,B_new_trained,2026-02-04,4170.535081053606,65.70717054357328
4,B_new_trained,2026-02-05,4172.782660970314,4228.094735184726
4,B_new_trained,2026-02-06,1168.765625470164,4228.094735184726
4,B_new_trained,2026-02-07,1168.765625470164,4228.094735184726
4,B_new_trained,2026-02-08,4174.822262577526,6995.611055024312
4,B_new_trained,2026-02-09,0.0,7043.651873015396
4,B_new_trained,2026-02-10,1167.570968068156,4006.945464771775
4,B_new_trained,2026-02-11,1167.570968068156,3961.1522266974
4,B_new_trained,2026-02-12,1167.570968068156,6832.099459172153
4,B_new_trained,2026-02-13,1167.570968068156,66.53076544813757
4,B_new_trained,2026-02-14,1167.570968068156,4228.094735184726
4,B_new_trained,2026-02-15,1167.570968068156,4228.094735184726
4,B_new_trained,2026-02-16,1167.570968068156,4228.094735184726
4,B_new_trained,2026-02-17,0.0,4228.094735184726
4,B_new_trained,2026-02-18,3147.926173739526,4228.094735184726
4,B_new_trained,2026-02-19,0.0,4228.094735184726
4,B_new_trained,2026-02-20,4168.485571068196,4228.094735184726
4,B_new_trained,2026-02-21,1167.570968068156,3239.840383999981
4,persistence,2026-01-23,11476.10062633418,5013.879969758142
4,persistence,2026-01-24,5676.608802087474,5224.655702852328
4,persistence,2026-01-25,11838.21534079677,5864.683898932829
4,persistence,2026-01-26,6614.983560953315,6994.802601928017
4,persistence,2026-01-27,8220.106059791846,11476.10062633418
4,persistence,2026-01-28,8037.136958042139,5676.608802087474
4,persistence,2026-01-29,7249.710052871193,11838.21534079677
4,persistence,2026-01-30,0.0,6614.983560953315
4,persistence,2026-01-31,0.0,8220.106059791846
4,persistence,2026-02-01,1167.570968068156,8037.136958042139
4,persistence,2026-02-02,1167.570968068156,7249.710052871193
4,persistence,2026-02-03,1167.570968068156,0.0
4,persistence,2026-02-04,4170.535081053606,0.0
4,persistence,2026-02-05,4172.782660970314,1167.570968068156
4,persistence,2026-02-06,1168.765625470164,1167.570968068156
4,persistence,2026-02-07,1168.765625470164,1167.570968068156
4,persistence,2026-02-08,4174.822262577526,4170.535081053606
4,persistence,2026-02-09,0.0,4172.782660970314
4,persistence,2026-02-10,1167.570968068156,1168.765625470164
4,persistence,2026-02-11,1167.570968068156,1168.765625470164
4,persistence,2026-02-12,1167.570968068156,4174.822262577526
4,persistence,2026-02-13,1167.570968068156,0.0
4,persistence,2026-02-14,1167.570968068156,1167.570968068156
4,persistence,2026-02-15,1167.570968068156,1167.570968068156
4,persistence,2026-02-16,1167.570968068156,1167.570968068156
4,persistence,2026-02-17,0.0,1167.570968068156
4,persistence,2026-02-18,3147.926173739526,1167.570968068156
4,persistence,2026-02-19,0.0,1167.570968068156
4,persistence,2026-02-20,4168.485571068196,1167.570968068156
4,persistence,2026-02-21,1167.570968068156,0.0
4,A_old_trained,2026-02-22,1167.570968068156,3249.2142168793184
4,A_old_trained,2026-02-23,1167.570968068156,176.02285820205907
4,A_old_trained,2026-02-24,1167.570968068156,4274.731809861545
4,A_old_trained,2026-02-25,1232.360327093139,1227.1299642491097
4,A_old_trained,2026-02-26,1232.360327093139,1197.2258723762436
4,A_old_trained,2026-02-27,0.0,1197.2258723762436
4,A_old_trained,2026-02-28,7232.699243493119,1197.2258723762436
4,A_old_trained,2026-03-01,0.0,1262.0152314012266
4,A_old_trained,2026-03-02,4231.157917663651,1262.0152314012266
4,A_old_trained,2026-03-03,10240.97433716826,264.41341635527533
4,A_old_trained,2026-03-04,0.0,7134.114388000936
4,A_old_trained,2026-03-05,7240.005734046325,294.3175082281414
4,A_old_trained,2026-03-06,0.0,4344.177520866725
4,A_old_trained,2026-03-07,0.0,10020.24710019236
4,A_old_trained,2026-03-08,0.0,103.21990576776898
4,A_old_trained,2026-03-09,4588.915562032591,7141.420878554142
4,A_old_trained,2026-03-10,1051.725638716127,103.21990576776898
4,A_old_trained,2026-03-11,1171.730949081183,336.0465551869802
4,A_old_trained,2026-03-12,1231.733604263711,253.85166989457866
4,A_old_trained,2026-03-13,1591.827078183679,8028.800025913151
4,A_old_trained,2026-03-14,3694.787865385309,1259.912955711039
4,A_old_trained,2026-03-15,29442.79622979818,1350.0141742032292
4,A_old_trained,2026-03-16,3141.663118533274,1333.4254949004956
4,A_old_trained,2026-03-17,15588.06166423388,1722.175671610723
4,A_old_trained,2026-03-18,0.0,3789.7063916123684
4,A_old_trained,2026-03-19,0.0,32226.458739080466
4,A_old_trained,2026-03-20,7447.294367083702,1008.4396886683385
4,A_old_trained,2026-03-21,0.0,12118.861010060622
4,A_old_trained,2026-03-22,1300.310608590011,123.46505437673932
4,A_old_trained,2026-03-23,0.0,62.042345912498604
4,B_new_trained,2026-02-22,1167.570968068156,3537.28700548565
4,B_new_trained,2026-02-23,1167.570968068156,501.8742315902218
4,B_new_trained,2026-02-24,1167.570968068156,4553.517753454017
4,B_new_trained,2026-02-25,1232.360327093139,1269.1954838196855
4,B_new_trained,2026-02-26,1232.360327093139,1269.1197033064475
4,B_new_trained,2026-02-27,0.0,1176.0487325645192
4,B_new_trained,2026-02-28,7232.699243493119,1176.0487325645192
4,B_new_trained,2026-03-01,0.0,1240.8380915895023
4,B_new_trained,2026-03-02,4231.157917663651,1240.8380915895023
4,B_new_trained,2026-03-03,10240.97433716826,134.1864877690041
4,B_new_trained,2026-03-04,0.0,7098.113525853586
4,B_new_trained,2026-03-05,7240.005734046325,138.50542154193863
4,B_new_trained,2026-03-06,0.0,4299.1021832794
4,B_new_trained,2026-03-07,0.0,10007.709655774866
4,B_new_trained,2026-03-08,0.0,0.0
4,B_new_trained,2026-03-09,4588.915562032591,7103.80612862275
4,B_new_trained,2026-03-10,1051.725638716127,0.0
4,B_new_trained,2026-03-11,1171.730949081183,597.429331561485
4,B_new_trained,2026-03-12,1231.733604263711,603.903869887672
4,B_new_trained,2026-03-13,1591.827078183679,6152.013554402862
4,B_new_trained,2026-03-14,3694.787865385309,1754.6452614712507
4,B_new_trained,2026-03-15,29442.79622979818,1874.574791323069
4,B_new_trained,2026-03-16,3141.663118533274,1689.8641335389623
4,B_new_trained,2026-03-17,15588.06166423388,2858.9821416474106
4,B_new_trained,2026-03-18,0.0,4300.894685788942
4,B_new_trained,2026-03-19,0.0,26848.68503881696
4,B_new_trained,2026-03-20,7447.294367083702,1409.626057401169
4,B_new_trained,2026-03-21,0.0,12911.750533617793
4,B_new_trained,2026-03-22,1300.310608590011,610.3994729519145
4,B_new_trained,2026-03-23,0.0,480.9185255006778
4,persistence,2026-02-22,1167.570968068156,3147.926173739526
4,persistence,2026-02-23,1167.570968068156,0.0
4,persistence,2026-02-24,1167.570968068156,4168.485571068196
4,persistence,2026-02-25,1232.360327093139,1167.570968068156
4,persistence,2026-02-26,1232.360327093139,1167.570968068156
4,persistence,2026-02-27,0.0,1167.570968068156
4,persistence,2026-02-28,7232.699243493119,1167.570968068156
4,persistence,2026-03-01,0.0,1232.360327093139
4,persistence,2026-03-02,4231.157917663651,1232.360327093139
4,persistence,2026-03-03,10240.97433716826,0.0
4,persistence,2026-03-04,0.0,7232.699243493119
4,persistence,2026-03-05,7240.005734046325,0.0
4,persistence,2026-03-06,0.0,4231.157917663651
4,persistence,2026-03-07,0.0,10240.97433716826
4,persistence,2026-03-08,0.0,0.0
4,persistence,2026-03-09,4588.915562032591,7240.005734046325
4,persistence,2026-03-10,1051.725638716127,0.0
4,persistence,2026-03-11,1171.730949081183,0.0
4,persistence,2026-03-12,1231.733604263711,0.0
4,persistence,2026-03-13,1591.827078183679,4588.915562032591
4,persistence,2026-03-14,3694.787865385309,1051.725638716127
4,persistence,2026-03-15,29442.79622979818,1171.730949081183
4,persistence,2026-03-16,3141.663118533274,1231.733604263711
4,persistence,2026-03-17,15588.06166423388,1591.827078183679
4,persistence,2026-03-18,0.0,3694.787865385309
4,persistence,2026-03-19,0.0,29442.79622979818
4,persistence,2026-03-20,7447.294367083702,3141.663118533274
4,persistence,2026-03-21,0.0,15588.06166423388
4,persistence,2026-03-22,1300.310608590011,0.0
4,persistence,2026-03-23,0.0,0.0
4,A_old_trained,2026-03-24,0.0,7646.182457399172
4,A_old_trained,2026-03-25,0.0,118.34797362836161
4,A_old_trained,2026-03-26,0.0,1454.0601220545734
4,A_old_trained,2026-03-27,1216.506094919201,157.24474809667208
4,A_old_trained,2026-03-28,1357.9623387935,196.31240278941095
4,A_old_trained,2026-03-29,0.0,257.3181648722184
4,A_old_trained,2026-03-30,19185.66181159556,319.9933175021997
4,A_old_trained,2026-03-31,0.0,1524.2051309285778
4,A_old_trained,2026-04-01,0.0,1694.7391143089565
4,A_old_trained,2026-04-02,1357.1851159841,336.7767755154564
4,A_old_trained,2026-04-03,4320.271751993509,20183.042746308787
4,A_old_trained,2026-04-04,0.0,84.79402957092134
4,A_old_trained,2026-04-05,0.0,143.81076670282891
4,A_old_trained,2026-04-06,0.0,1615.2649848651083
4,A_old_trained,2026-04-07,0.0,4578.351620874517
4,A_old_trained,2026-04-08,0.0,273.0205636742503
4,A_old_trained,2026-04-09,0.0,273.0205636742503
4,A_old_trained,2026-04-10,0.0,273.0205636742503
4,A_old_trained,2026-04-11,0.0,251.87958176088796
4,A_old_trained,2026-04-12,0.0,230.75786144013182
4,A_old_trained,2026-04-13,0.0,324.70504889384756
4,A_old_trained,2026-04-14,0.0,277.00922756482396
4,A_old_trained,2026-04-15,0.0,428.1616919602293
4,A_old_trained,2026-04-16,7142.04282863685,475.8575132892529
4,A_old_trained,2026-04-17,0.0,556.6296939549247
4,A_old_trained,2026-04-18,1330.35764373476,632.681976580745
4,A_old_trained,2026-04-19,0.0,797.1196227385954
4,A_old_trained,2026-04-20,0.0,7963.735226667233
4,A_old_trained,2026-04-21,0.0,797.1196227385954
4,A_old_trained,2026-04-22,4175.652946526906,2162.8788063095562
4,B_new_trained,2026-03-24,0.0,6871.425146998849
4,B_new_trained,2026-03-25,0.0,0.0
4,B_new_trained,2026-03-26,0.0,1353.1668080556922
4,B_new_trained,2026-03-27,1216.506094919201,52.85619946568113
4,B_new_trained,2026-03-28,1357.9623387935,313.54077589181134
4,B_new_trained,2026-03-29,0.0,612.6962642526964
4,B_new_trained,2026-03-30,19185.66181159556,648.9622525246737
4,B_new_trained,2026-03-31,0.0,1633.0744871911968
4,B_new_trained,2026-04-01,0.0,1754.76719404359
4,B_new_trained,2026-04-02,1357.1851159841,363.3493476534527
4,B_new_trained,2026-04-03,4320.271751993509,19100.537045559293
4,B_new_trained,2026-04-04,0.0,0.0
4,B_new_trained,2026-04-05,0.0,940.7502275715487
4,B_new_trained,2026-04-06,0.0,1720.5344636375528
4,B_new_trained,2026-04-07,0.0,4641.180827102351
4,B_new_trained,2026-04-08,0.0,585.3365052482636
4,B_new_trained,2026-04-09,0.0,631.235944383458
4,B_new_trained,2026-04-10,0.0,585.3365052482636
4,B_new_trained,2026-04-11,0.0,581.890342611176
4,B_new_trained,2026-04-12,0.0,627.6805962236231
4,B_new_trained,2026-04-13,0.0,672.1414954997363
4,B_new_trained,2026-04-14,0.0,477.70469796264933
4,B_new_trained,2026-04-15,0.0,700.9570540604791
4,B_new_trained,2026-04-16,7142.04282863685,965.089044835122
4,B_new_trained,2026-04-17,0.0,1094.8420213885584
4,B_new_trained,2026-04-18,1330.35764373476,1062.9848313574194
4,B_new_trained,2026-04-19,0.0,1061.1429364321384
4,B_new_trained,2026-04-20,0.0,7637.207431726051
4,B_new_trained,2026-04-21,0.0,1053.4051440807352
4,B_new_trained,2026-04-22,4175.652946526906,2035.3470156068126
4,persistence,2026-03-24,0.0,7447.294367083702
4,persistence,2026-03-25,0.0,0.0
4,persistence,2026-03-26,0.0,1300.310608590011
4,persistence,2026-03-27,1216.506094919201,0.0
4,persistence,2026-03-28,1357.9623387935,0.0
4,persistence,2026-03-29,0.0,0.0
4,persistence,2026-03-30,19185.66181159556,0.0
4,persistence,2026-03-31,0.0,1216.506094919201
4,persistence,2026-04-01,0.0,1357.9623387935
4,persistence,2026-04-02,1357.1851159841,0.0
4,persistence,2026-04-03,4320.271751993509,19185.66181159556
4,persistence,2026-04-04,0.0,0.0
4,persistence,2026-04-05,0.0,0.0
4,persistence,2026-04-06,0.0,1357.1851159841
4,persistence,2026-04-07,0.0,4320.271751993509
4,persistence,2026-04-08,0.0,0.0
4,persistence,2026-04-09,0.0,0.0
4,persistence,2026-04-10,0.0,0.0
4,persistence,2026-04-11,0.0,0.0
4,persistence,2026-04-12,0.0,0.0
4,persistence,2026-04-13,0.0,0.0
4,persistence,2026-04-14,0.0,0.0
4,persistence,2026-04-15,0.0,0.0
4,persistence,2026-04-16,7142.04282863685,0.0
4,persistence,2026-04-17,0.0,0.0
4,persistence,2026-04-18,1330.35764373476,0.0
4,persistence,2026-04-19,0.0,0.0
4,persistence,2026-04-20,0.0,7142.04282863685
4,persistence,2026-04-21,0.0,0.0
4,persistence,2026-04-22,4175.652946526906,1330.35764373476
4,A_old_trained,2026-04-23,0.0,506.77129831039883
4,A_old_trained,2026-04-24,7134.507354545481,610.9432040938841
4,A_old_trained,2026-04-25,1329.99703624549,4393.569885854113
4,A_old_trained,2026-04-26,0.0,5568.737579190491
4,A_old_trained,2026-04-27,0.0,1302.802461600647
4,A_old_trained,2026-04-28,4156.934105248899,11008.460552892746
4,A_old_trained,2026-04-29,0.0,2577.0045894325085
4,A_old_trained,2026-04-30,0.0,1036.615530960988
4,A_old_trained,2026-05-01,0.0,1087.52036967072
4,A_old_trained,2026-05-02,0.0,4837.343681578393
4,A_old_trained,2026-05-03,3575.559741841224,689.8054926986033
4,A_old_trained,2026-05-04,8337.097621055189,655.0629535253115
4,A_old_trained,2026-05-05,7067.388500442302,15106.445505754768
4,A_old_trained,2026-05-06,3288.46284526218,10247.28663408406
4,A_old_trained,2026-05-07,609.3285666212043,13481.322210728658
4,A_old_trained,2026-05-08,327.4079784250729,23771.71447201002
4,A_old_trained,2026-05-09,64024.57078417507,20481.101547725815
4,A_old_trained,2026-05-10,29895.40787851404,28116.44878880512
4,A_old_trained,2026-05-11,9279.572203576883,17425.540867442523
4,A_old_trained,2026-05-12,16077.61184919209,4785.315542384384
4,A_old_trained,2026-05-13,0.0,77799.01752270403
4,A_old_trained,2026-05-14,10216.22369505713,23113.99512498379
4,A_old_trained,2026-05-15,3927.997988633625,0.0
4,A_old_trained,2026-05-16,85867.63959680006,23843.022977612112
4,A_old_trained,2026-05-17,61048.47974927562,7745.102260661381
4,A_old_trained,2026-05-18,108733.3367135785,27919.857533944472
4,A_old_trained,2026-05-19,141212.5627369919,19996.04954364908
4,A_old_trained,2026-05-20,185517.9117316547,79343.7364351208
4,A_old_trained,2026-05-21,179597.995600109,40447.91347853601
4,A_old_trained,2026-05-22,193356.5957728531,81741.58284922194
4,B_new_trained,2026-04-23,0.0,528.1054579932179
4,B_new_trained,2026-04-24,7134.507354545481,528.1054579932179
4,B_new_trained,2026-04-25,1329.99703624549,2289.9099806987742
4,B_new_trained,2026-04-26,0.0,4904.492041133738
4,B_new_trained,2026-04-27,0.0,867.3589589957437
4,B_new_trained,2026-04-28,4156.934105248899,8730.230544358878
4,B_new_trained,2026-04-29,0.0,2078.4136953616103
4,B_new_trained,2026-04-30,0.0,782.8516827907006
4,B_new_trained,2026-05-01,0.0,612.0301533093852
4,B_new_trained,2026-05-02,0.0,4765.171265742719
4,B_new_trained,2026-05-03,3575.559741841224,913.4893596482984
4,B_new_trained,2026-05-04,8337.097621055189,522.0621418262253
4,B_new_trained,2026-05-05,7067.388500442302,3222.200268076813
4,B_new_trained,2026-05-06,3288.46284526218,8869.14288316293
4,B_new_trained,2026-05-07,609.3285666212043,12225.50093618062
4,B_new_trained,2026-05-08,327.4079784250729,14920.110620517076
4,B_new_trained,2026-05-09,64024.57078417507,13676.872323557764
4,B_new_trained,2026-05-10,29895.40787851404,9842.735089200813
4,B_new_trained,2026-05-11,9279.572203576883,1871.9698649054264
4,B_new_trained,2026-05-12,16077.61184919209,1662.3544832186753
4,B_new_trained,2026-05-13,0.0,67679.82135031579
4,B_new_trained,2026-05-14,10216.22369505713,18390.38467080398
4,B_new_trained,2026-05-15,3927.997988633625,731.6149921732595
4,B_new_trained,2026-05-16,85867.63959680006,14406.586968840144
4,B_new_trained,2026-05-17,61048.47974927562,3525.023078334001
4,B_new_trained,2026-05-18,108733.3367135785,16047.018234016028
4,B_new_trained,2026-05-19,141212.5627369919,10275.656022222709
4,B_new_trained,2026-05-20,185517.9117316547,93797.92368581145
4,B_new_trained,2026-05-21,179597.995600109,58110.35649921923
4,B_new_trained,2026-05-22,193356.5957728531,92955.05803680145
4,persistence,2026-04-23,0.0,0.0
4,persistence,2026-04-24,7134.507354545481,0.0
4,persistence,2026-04-25,1329.99703624549,0.0
4,persistence,2026-04-26,0.0,4175.652946526906
4,persistence,2026-04-27,0.0,0.0
4,persistence,2026-04-28,4156.934105248899,7134.507354545481
4,persistence,2026-04-29,0.0,1329.99703624549
4,persistence,2026-04-30,0.0,0.0
4,persistence,2026-05-01,0.0,0.0
4,persistence,2026-05-02,0.0,4156.934105248899
4,persistence,2026-05-03,3575.559741841224,0.0
4,persistence,2026-05-04,8337.097621055189,0.0
4,persistence,2026-05-05,7067.388500442302,0.0
4,persistence,2026-05-06,3288.46284526218,0.0
4,persistence,2026-05-07,609.3285666212043,3575.559741841224
4,persistence,2026-05-08,327.4079784250729,8337.097621055189
4,persistence,2026-05-09,64024.57078417507,7067.388500442302
4,persistence,2026-05-10,29895.40787851404,3288.46284526218
4,persistence,2026-05-11,9279.572203576883,609.3285666212043
4,persistence,2026-05-12,16077.61184919209,327.4079784250729
4,persistence,2026-05-13,0.0,64024.57078417507
4,persistence,2026-05-14,10216.22369505713,29895.40787851404
4,persistence,2026-05-15,3927.997988633625,9279.572203576883
4,persistence,2026-05-16,85867.63959680006,16077.61184919209
4,persistence,2026-05-17,61048.47974927562,0.0
4,persistence,2026-05-18,108733.3367135785,10216.22369505713
4,persistence,2026-05-19,141212.5627369919,3927.997988633625
4,persistence,2026-05-20,185517.9117316547,85867.63959680006
4,persistence,2026-05-21,179597.995600109,61048.47974927562
4,persistence,2026-05-22,193356.5957728531,108733.3367135785
4,A_old_trained,2026-05-23,349365.1598969635,64212.940968361
4,A_old_trained,2026-05-24,433838.0231737584,133901.1014922902
4,A_old_trained,2026-05-25,507809.2200161263,128850.06852275967
4,A_old_trained,2026-05-26,602775.1641346975,127729.46650151597
4,A_old_trained,2026-05-27,553516.0898851521,264433.92055168946
4,A_old_trained,2026-05-28,449557.2543120539,366763.68718693045
4,A_old_trained,2026-05-29,240641.9388894092,421612.8945607286
4,A_old_trained,2026-05-30,216085.9110082715,518415.2248004873
4,A_old_trained,2026-05-31,198275.3925303018,491585.81929038285
4,A_old_trained,2026-06-01,192990.3100497752,334213.9418327629
4,A_old_trained,2026-06-02,201843.6206251707,174865.5667603189
4,A_old_trained,2026-06-03,174582.3631776166,149034.67823437264
4,A_old_trained,2026-06-04,165844.9237883183,156211.13497997317
4,A_old_trained,2026-06-05,156694.7359268938,152030.8106678853
4,A_old_trained,2026-06-06,160301.5900719157,164219.96603786014
4,A_old_trained,2026-06-07,166649.5271781315,142563.55133505366
4,A_old_trained,2026-06-08,189788.4728931298,142295.1902975528
4,A_old_trained,2026-06-09,201768.2313126253,132803.87212142843
4,A_old_trained,2026-06-10,174580.9152624754,124333.28188856269
4,A_old_trained,2026-06-11,133852.9901506277,142776.62142881192
4,A_old_trained,2026-06-12,141713.5315307741,118371.91964778812
4,A_old_trained,2026-06-13,121801.9629150302,141945.51558027457
4,A_old_trained,2026-06-14,80097.31022858075,130959.78792194423
4,A_old_trained,2026-06-15,79432.17603844083,101985.93526082352
4,A_old_trained,2026-06-16,51854.03477584177,104986.92621533843
4,A_old_trained,2026-06-17,47047.00811797024,96652.0311843624
4,A_old_trained,2026-06-18,49498.13353825355,59854.256695730626
4,A_old_trained,2026-06-19,48315.2033726697,64881.22643142298
4,A_old_trained,2026-06-20,44125.329575858,38503.35471638135
4,A_old_trained,2026-06-21,35020.78540226009,33979.80040949241
4,B_new_trained,2026-05-23,349365.1598969635,120006.27301864751
4,B_new_trained,2026-05-24,433838.0231737584,163082.32274215075
4,B_new_trained,2026-05-25,507809.2200161263,152621.4320027824
4,B_new_trained,2026-05-26,602775.1641346975,158772.5786261583
4,B_new_trained,2026-05-27,553516.0898851521,303230.83732987323
4,B_new_trained,2026-05-28,449557.2543120539,389993.48219514673
4,B_new_trained,2026-05-29,240641.9388894092,455436.42540289473
4,B_new_trained,2026-05-30,216085.9110082715,544907.702633248
4,B_new_trained,2026-05-31,198275.3925303018,513240.3014363357
4,B_new_trained,2026-06-01,192990.3100497752,387730.2240397028
4,B_new_trained,2026-06-02,201843.6206251707,195920.87149346244
4,B_new_trained,2026-06-03,174582.3631776166,175015.89896176627
4,B_new_trained,2026-06-04,165844.9237883183,164843.31019099973
4,B_new_trained,2026-06-05,156694.7359268938,160923.20605454306
4,B_new_trained,2026-06-06,160301.5900719157,174253.50259673892
4,B_new_trained,2026-06-07,166649.5271781315,149539.60615896335
4,B_new_trained,2026-06-08,189788.4728931298,144306.46338154862
4,B_new_trained,2026-06-09,201768.2313126253,137660.24052897142
4,B_new_trained,2026-06-10,174580.9152624754,141479.2369831187
4,B_new_trained,2026-06-11,133852.9901506277,150973.94355288963
4,B_new_trained,2026-06-12,141713.5315307741,161907.57086461346
4,B_new_trained,2026-06-13,121801.9629150302,169528.65027172017
4,B_new_trained,2026-06-14,80097.31022858075,148131.0494275168
4,B_new_trained,2026-06-15,79432.17603844083,110639.10698464172
4,B_new_trained,2026-06-16,51854.03477584177,118552.33697519042
4,B_new_trained,2026-06-17,47047.00811797024,104701.6836032487
4,B_new_trained,2026-06-18,49498.13353825355,68483.10042420408
4,B_new_trained,2026-06-19,48315.2033726697,69686.87804831394
4,B_new_trained,2026-06-20,44125.329575858,41784.64386442839
4,B_new_trained,2026-06-21,35020.78540226009,39967.43736048798
4,persistence,2026-05-23,349365.1598969635,141212.5627369919
4,persistence,2026-05-24,433838.0231737584,185517.9117316547
4,persistence,2026-05-25,507809.2200161263,179597.995600109
4,persistence,2026-05-26,602775.1641346975,193356.5957728531
4,persistence,2026-05-27,553516.0898851521,349365.1598969635
4,persistence,2026-05-28,449557.2543120539,433838.0231737584
4,persistence,2026-05-29,240641.9388894092,507809.2200161263
4,persistence,2026-05-30,216085.9110082715,602775.1641346975
4,persistence,2026-05-31,198275.3925303018,553516.0898851521
4,persistence,2026-06-01,192990.3100497752,449557.2543120539
4,persistence,2026-06-02,201843.6206251707,240641.9388894092
4,persistence,2026-06-03,174582.3631776166,216085.9110082715
4,persistence,2026-06-04,165844.9237883183,198275.3925303018
4,persistence,2026-06-05,156694.7359268938,192990.3100497752
4,persistence,2026-06-06,160301.5900719157,201843.6206251707
4,persistence,2026-06-07,166649.5271781315,174582.3631776166
4,persistence,2026-06-08,189788.4728931298,165844.9237883183
4,persistence,2026-06-09,201768.2313126253,156694.7359268938
4,persistence,2026-06-10,174580.9152624754,160301.5900719157
4,persistence,2026-06-11,133852.9901506277,166649.5271781315
4,persistence,2026-06-12,141713.5315307741,189788.4728931298
4,persistence,2026-06-13,121801.9629150302,201768.2313126253
4,persistence,2026-06-14,80097.31022858075,174580.9152624754
4,persistence,2026-06-15,79432.17603844083,133852.9901506277
4,persistence,2026-06-16,51854.03477584177,141713.5315307741
4,persistence,2026-06-17,47047.00811797024,121801.9629150302
4,persistence,2026-06-18,49498.13353825355,80097.31022858075
4,persistence,2026-06-19,48315.2033726697,79432.17603844083
4,persistence,2026-06-20,44125.329575858,51854.03477584177
4,persistence,2026-06-21,35020.78540226009,47047.00811797024
4,A_old_trained,2026-06-22,31864.99551244184,38806.474105714326
4,A_old_trained,2026-06-23,24497.17494178787,37623.543940130476
4,A_old_trained,2026-06-24,21684.38265192751,33569.734421375346
4,A_old_trained,2026-06-25,16173.40765637152,24716.972378361796
4,A_old_trained,2026-06-26,24563.31828446738,22165.38152406225
4,A_old_trained,2026-06-27,26743.39728476141,15854.245327315253
4,A_old_trained,2026-06-28,4118.680690423142,13357.352473829505
4,A_old_trained,2026-06-29,3424.85477286065,9719.377543187327
4,A_old_trained,2026-06-30,0.0,18144.123202153874
4,A_old_trained,2026-07-01,0.0,19349.811595238592
4,A_old_trained,2026-07-02,0.0,1632.469869398743
4,A_old_trained,2026-07-03,0.0,3598.2729948072956
4,A_old_trained,2026-07-04,0.0,974.6504301820587
4,A_old_trained,2026-07-05,0.0,426.31793884267677
4,A_old_trained,2026-07-06,0.0,503.92900574182954
4,A_old_trained,2026-07-07,8.358452526200495,470.60105896022515
4,A_old_trained,2026-07-08,1548.477362288514,313.25260357059346
4,A_old_trained,2026-07-09,0.0,272.6785100792499
4,A_old_trained,2026-07-10,12175.06558400085,41.50580287582716
4,A_old_trained,2026-07-11,0.0,1066.114587625274
4,A_old_trained,2026-07-12,0.0,1722.290520992267
4,A_old_trained,2026-07-13,0.0,226.76265919921684
4,A_old_trained,2026-07-14,0.0,15557.153827033835
4,A_old_trained,2026-07-15,2547.386090313617,803.3399152953255
4,A_old_trained,2026-07-16,0.0,514.8828871823946
4,A_old_trained,2026-07-17,0.0,493.4620783931466
4,A_old_trained,2026-07-18,0.0,222.08642421877198
4,A_old_trained,2026-07-19,0.0,2958.3841298643047
4,A_old_trained,2026-07-20,0.0,356.609489114453
4,B_new_trained,2026-06-22,31864.99551244184,42725.13062949398
4,B_new_trained,2026-06-23,24497.17494178787,41349.097708962654
4,B_new_trained,2026-06-24,21684.38265192751,37352.32666709843
4,B_new_trained,2026-06-25,16173.40765637152,28535.250057941084
4,B_new_trained,2026-06-26,24563.31828446738,26050.96058088022
4,B_new_trained,2026-06-27,26743.39728476141,19590.197920580245
4,B_new_trained,2026-06-28,4118.680690423142,17142.71591993194
4,B_new_trained,2026-06-29,3424.85477286065,11454.488325676637
4,B_new_trained,2026-06-30,0.0,20405.98698680514
4,B_new_trained,2026-07-01,0.0,27707.49403588706
4,B_new_trained,2026-07-02,0.0,2930.4553565211863
4,B_new_trained,2026-07-03,0.0,3889.8768270109367
4,B_new_trained,2026-07-04,0.0,3917.22075893708
4,B_new_trained,2026-07-05,0.0,3428.476543710226
4,B_new_trained,2026-07-06,0.0,894.7710102980059
4,B_new_trained,2026-07-07,8.358452526200495,272.7736626655337
4,B_new_trained,2026-07-08,1548.477362288514,251.47771172571538
4,B_new_trained,2026-07-09,0.0,279.92361090622853
4,B_new_trained,2026-07-10,12175.06558400085,292.73205957232585
4,B_new_trained,2026-07-11,0.0,506.9247501268716
4,B_new_trained,2026-07-12,0.0,1871.544538770364
4,B_new_trained,2026-07-13,0.0,357.97034732276506
4,B_new_trained,2026-07-14,0.0,21776.81119715785
4,B_new_trained,2026-07-15,2547.386090313617,4470.194657159544
4,B_new_trained,2026-07-16,0.0,3002.1477013158155
4,B_new_trained,2026-07-17,0.0,310.88530341728074
4,B_new_trained,2026-07-18,0.0,332.4910899263223
4,B_new_trained,2026-07-19,0.0,3082.847652082812
4,B_new_trained,2026-07-20,0.0,376.75217204458295
4,persistence,2026-06-22,31864.99551244184,49498.13353825355
4,persistence,2026-06-23,24497.17494178787,48315.2033726697
4,persistence,2026-06-24,21684.38265192751,44125.329575858
4,persistence,2026-06-25,16173.40765637152,35020.78540226009
4,persistence,2026-06-26,24563.31828446738,31864.99551244184
4,persistence,2026-06-27,26743.39728476141,24497.17494178787
4,persistence,2026-06-28,4118.680690423142,21684.38265192751
4,persistence,2026-06-29,3424.85477286065,16173.40765637152
4,persistence,2026-06-30,0.0,24563.31828446738
4,persistence,2026-07-01,0.0,26743.39728476141
4,persistence,2026-07-02,0.0,4118.680690423142
4,persistence,2026-07-03,0.0,3424.85477286065
4,persistence,2026-07-04,0.0,0.0
4,persistence,2026-07-05,0.0,0.0
4,persistence,2026-07-06,0.0,0.0
4,persistence,2026-07-07,8.358452526200495,0.0
4,persistence,2026-07-08,1548.477362288514,0.0
4,persistence,2026-07-09,0.0,0.0
4,persistence,2026-07-10,12175.06558400085,0.0
4,persistence,2026-07-11,0.0,8.358452526200495
4,persistence,2026-07-12,0.0,1548.477362288514
4,persistence,2026-07-13,0.0,0.0
4,persistence,2026-07-14,0.0,12175.06558400085
4,persistence,2026-07-15,2547.386090313617,0.0
4,persistence,2026-07-16,0.0,0.0
4,persistence,2026-07-17,0.0,0.0
4,persistence,2026-07-18,0.0,0.0
4,persistence,2026-07-19,0.0,2547.386090313617
4,persistence,2026-07-20,0.0,0.0
5,A_old_trained,2025-11-24,192118.5984848536,280153.05568728736
5,A_old_trained,2025-11-25,181762.4168316232,243266.13366192876
5,A_old_trained,2025-11-26,170801.8414968055,215218.11838615627
5,A_old_trained,2025-11-27,168695.2513560315,201157.5468295838
5,A_old_trained,2025-11-28,162280.3512820562,184523.87600310368
5,A_old_trained,2025-11-29,150695.9364096984,169921.27423470598
5,A_old_trained,2025-11-30,146155.8711909035,159565.0925814756
5,A_old_trained,2025-12-01,142112.1251674911,150798.6052116335
5,A_old_trained,2025-12-02,128336.1512244437,148692.01507085952
5,A_old_trained,2025-12-03,123172.8626200811,142277.1149968842
5,A_old_trained,2025-12-04,118333.622935685,130692.7001245264
5,A_old_trained,2025-12-05,105974.2258759667,126152.63490573151
5,A_old_trained,2025-12-06,100182.1597185699,122108.8888823191
5,A_old_trained,2025-12-07,105777.9168306079,115376.78964516468
5,A_old_trained,2025-12-08,95674.64344875758,110213.50104080208
5,A_old_trained,2025-12-09,102286.8081684614,105374.26135640597
5,A_old_trained,2025-12-10,98510.33062773151,93014.86429668768
5,A_old_trained,2025-12-11,91571.26234193222,91408.24631216351
5,A_old_trained,2025-12-12,89250.45186240789,92818.55525132887
5,A_old_trained,2025-12-13,86114.73632646514,88877.8744451124
5,A_old_trained,2025-12-14,75862.80524445037,89327.44658918238
5,A_old_trained,2025-12-15,72806.88785966646,87528.11345121369
5,A_old_trained,2025-12-16,67326.7436279514,84774.49333828704
5,A_old_trained,2025-12-17,69477.14912641923,82453.68285876271
5,A_old_trained,2025-12-18,59737.54393713534,79317.96732281995
5,A_old_trained,2025-12-19,61014.29057677041,70587.81890506395
5,A_old_trained,2025-12-20,58606.43323292737,67531.90152028004
5,A_old_trained,2025-12-21,60641.28989477052,62051.75728856497
5,A_old_trained,2025-12-22,58575.915307928,64611.91729415157
5,A_old_trained,2025-12-23,52735.22662610265,59177.234484283006
5,B_new_trained,2025-11-24,192118.5984848536,307834.0026430264
5,B_new_trained,2025-11-25,181762.4168316232,270236.5377682525
5,B_new_trained,2025-11-26,170801.8414968055,238672.91285929014
5,B_new_trained,2025-11-27,168695.2513560315,214691.59431135375
5,B_new_trained,2025-11-28,162280.3512820562,198057.9234848736
5,B_new_trained,2025-11-29,150695.9364096984,180349.1436243166
5,B_new_trained,2025-11-30,146155.8711909035,169992.96197108622
5,B_new_trained,2025-12-01,142112.1251674911,160111.75503427288
5,B_new_trained,2025-12-02,128336.1512244437,158005.1648934989
5,B_new_trained,2025-12-03,123172.8626200811,151590.26481952358
5,B_new_trained,2025-12-04,118333.622935685,140005.84994716579
5,B_new_trained,2025-12-05,105974.2258759667,135465.7847283709
5,B_new_trained,2025-12-06,100182.1597185699,133761.45227171027
5,B_new_trained,2025-12-07,105777.9168306079,125222.57349302205
5,B_new_trained,2025-12-08,95674.64344875758,120059.28488865944
5,B_new_trained,2025-12-09,102286.8081684614,115220.04520426334
5,B_new_trained,2025-12-10,98510.33062773151,102860.64814454505
5,B_new_trained,2025-12-11,91571.26234193222,97068.58198714825
5,B_new_trained,2025-12-12,89250.45186240789,102664.33909918624
5,B_new_trained,2025-12-13,86114.73632646514,92561.06571733592
5,B_new_trained,2025-12-14,75862.80524445037,99173.23043703975
5,B_new_trained,2025-12-15,72806.88785966646,95396.75289630986
5,B_new_trained,2025-12-16,67326.7436279514,88457.68461051057
5,B_new_trained,2025-12-17,69477.14912641923,86136.87413098624
5,B_new_trained,2025-12-18,59737.54393713534,83001.15859504348
5,B_new_trained,2025-12-19,61014.29057677041,72749.22751302872
5,B_new_trained,2025-12-20,58606.43323292737,69693.3101282448
5,B_new_trained,2025-12-21,60641.28989477052,64213.16589652974
5,B_new_trained,2025-12-22,58575.915307928,66363.57139499758
5,B_new_trained,2025-12-23,52735.22662610265,60188.03190550092
5,persistence,2025-11-24,192118.5984848536,320232.6373695737
5,persistence,2025-11-25,181762.4168316232,282635.1724947998
5,persistence,2025-11-26,170801.8414968055,250442.3677198271
5,persistence,2025-11-27,168695.2513560315,226461.0491718907
5,persistence,2025-11-28,162280.3512820562,209827.3783454106
5,persistence,2025-11-29,150695.9364096984,192118.5984848536
5,persistence,2025-11-30,146155.8711909035,181762.4168316232
5,persistence,2025-12-01,142112.1251674911,170801.8414968055
5,persistence,2025-12-02,128336.1512244437,168695.2513560315
5,persistence,2025-12-03,123172.8626200811,162280.3512820562
5,persistence,2025-12-04,118333.622935685,150695.9364096984
5,persistence,2025-12-05,105974.2258759667,146155.8711909035
5,persistence,2025-12-06,100182.1597185699,142112.1251674911
5,persistence,2025-12-07,105777.9168306079,128336.1512244437
5,persistence,2025-12-08,95674.64344875758,123172.8626200811
5,persistence,2025-12-09,102286.8081684614,118333.622935685
5,persistence,2025-12-10,98510.33062773151,105974.2258759667
5,persistence,2025-12-11,91571.26234193222,100182.1597185699
5,persistence,2025-12-12,89250.45186240789,105777.9168306079
5,persistence,2025-12-13,86114.73632646514,95674.64344875758
5,persistence,2025-12-14,75862.80524445037,102286.8081684614
5,persistence,2025-12-15,72806.88785966646,98510.33062773151
5,persistence,2025-12-16,67326.7436279514,91571.26234193222
5,persistence,2025-12-17,69477.14912641923,89250.45186240789
5,persistence,2025-12-18,59737.54393713534,86114.73632646514
5,persistence,2025-12-19,61014.29057677041,75862.80524445037
5,persistence,2025-12-20,58606.43323292737,72806.88785966646
5,persistence,2025-12-21,60641.28989477052,67326.7436279514
5,persistence,2025-12-22,58575.915307928,69477.14912641923
5,persistence,2025-12-23,52735.22662610265,59737.54393713534
5,A_old_trained,2025-12-24,45221.99825716334,69290.69517793757
5,A_old_trained,2025-12-25,44408.05284441299,67096.1571107363
5,A_old_trained,2025-12-26,40484.07026904635,69131.01377257946
5,A_old_trained,2025-12-27,37856.28804302291,67065.63918573695
5,A_old_trained,2025-12-28,42454.87035829797,61224.95050391159
5,A_old_trained,2025-12-29,40621.68780879292,49909.98750835487
5,A_old_trained,2025-12-30,38841.39655611992,49096.04209560452
5,A_old_trained,2025-12-31,35062.85962274358,45575.10549382228
5,A_old_trained,2026-01-01,28196.25966596511,42947.32326779884
5,A_old_trained,2026-01-02,24052.600328715,47545.9055830739
5,A_old_trained,2026-01-03,0.0,45712.72303356885
5,A_old_trained,2026-01-04,1005.554128209214,43932.43178089585
5,A_old_trained,2026-01-05,4547.181981030939,40153.89484751951
5,A_old_trained,2026-01-06,2501.206056063745,33287.29489074104
5,A_old_trained,2026-01-07,7038.238120057628,29143.63555349093
5,A_old_trained,2026-01-08,5146.520075025873,5887.144789146824
5,A_old_trained,2026-01-09,6795.481323221639,7261.405475759579
5,A_old_trained,2026-01-10,7522.553062727141,10523.69304422603
5,A_old_trained,2026-01-11,9082.504002172822,8661.906249138912
5,A_old_trained,2026-01-12,9641.718665012206,12746.760415519764
5,A_old_trained,2026-01-13,7931.427796269722,10924.633604350267
5,A_old_trained,2026-01-14,6951.298485920801,12573.594852546034
5,A_old_trained,2026-01-15,6802.897787536684,13300.666592051537
5,A_old_trained,2026-01-16,6430.379010740346,14860.617531497217
5,A_old_trained,2026-01-17,4754.223042374496,15477.383741445905
5,A_old_trained,2026-01-18,5013.879969758142,13767.092872703422
5,A_old_trained,2026-01-19,5224.655702852328,12786.9635623545
5,A_old_trained,2026-01-20,5864.683898932829,12638.562863970383
5,A_old_trained,2026-01-21,6994.802601928017,12208.49254006474
5,A_old_trained,2026-01-22,11476.10062633418,10532.336571698892
5,B_new_trained,2025-12-24,45221.99825716334,61665.193640166435
5,B_new_trained,2025-12-25,44408.05284441299,59698.98275786411
5,B_new_trained,2025-12-26,40484.07026904635,61733.83941970726
5,B_new_trained,2025-12-27,37856.28804302291,59893.799538354055
5,B_new_trained,2025-12-28,42454.87035829797,55219.45534253448
5,B_new_trained,2025-12-29,40621.68780879292,47931.561679084465
5,B_new_trained,2025-12-30,38841.39655611992,47117.61626633412
5,B_new_trained,2025-12-31,35062.85962274358,43054.26112179347
5,B_new_trained,2026-01-01,28196.25966596511,40290.06999214879
5,B_new_trained,2026-01-02,24052.600328715,45005.10763448852
5,B_new_trained,2026-01-03,0.0,43308.33398860471
5,B_new_trained,2026-01-04,1005.554128209214,41275.1785052458
5,B_new_trained,2026-01-05,4547.181981030939,37613.09689893413
5,B_new_trained,2026-01-06,2501.206056063745,30746.49694215566
5,B_new_trained,2026-01-07,7038.238120057628,26602.83760490555
5,B_new_trained,2026-01-08,5146.520075025873,3154.886520301723
5,B_new_trained,2026-01-09,6795.481323221639,4692.377825330106
5,B_new_trained,2026-01-10,7522.553062727141,8297.936763995589
5,B_new_trained,2026-01-11,9082.504002172822,6050.7237598340835
5,B_new_trained,2026-01-12,9641.718665012206,10305.741644656964
5,B_new_trained,2026-01-13,7931.427796269722,8437.123601306006
5,B_new_trained,2026-01-14,6951.298485920801,10109.725819603253
5,B_new_trained,2026-01-15,6802.897787536684,10836.797559108754
5,B_new_trained,2026-01-16,6430.379010740346,12396.748498554436
5,B_new_trained,2026-01-17,4754.223042374496,12955.963161393818
5,B_new_trained,2026-01-18,5013.879969758142,11245.672292651336
5,B_new_trained,2026-01-19,5224.655702852328,10265.542982302413
5,B_new_trained,2026-01-20,5864.683898932829,10117.142283918296
5,B_new_trained,2026-01-21,6994.802601928017,9744.62350712196
5,B_new_trained,2026-01-22,11476.10062633418,8068.467538756109
5,persistence,2025-12-24,45221.99825716334,61014.29057677041
5,persistence,2025-12-25,44408.05284441299,58606.43323292737
5,persistence,2025-12-26,40484.07026904635,60641.28989477052
5,persistence,2025-12-27,37856.28804302291,58575.915307928
5,persistence,2025-12-28,42454.87035829797,52735.22662610265
5,persistence,2025-12-29,40621.68780879292,45221.99825716334
5,persistence,2025-12-30,38841.39655611992,44408.05284441299
5,persistence,2025-12-31,35062.85962274358,40484.07026904635
5,persistence,2026-01-01,28196.25966596511,37856.28804302291
5,persistence,2026-01-02,24052.600328715,42454.87035829797
5,persistence,2026-01-03,0.0,40621.68780879292
5,persistence,2026-01-04,1005.554128209214,38841.39655611992
5,persistence,2026-01-05,4547.181981030939,35062.85962274358
5,persistence,2026-01-06,2501.206056063745,28196.25966596511
5,persistence,2026-01-07,7038.238120057628,24052.600328715
5,persistence,2026-01-08,5146.520075025873,0.0
5,persistence,2026-01-09,6795.481323221639,1005.554128209214
5,persistence,2026-01-10,7522.553062727141,4547.181981030939
5,persistence,2026-01-11,9082.504002172822,2501.206056063745
5,persistence,2026-01-12,9641.718665012206,7038.238120057628
5,persistence,2026-01-13,7931.427796269722,5146.520075025873
5,persistence,2026-01-14,6951.298485920801,6795.481323221639
5,persistence,2026-01-15,6802.897787536684,7522.553062727141
5,persistence,2026-01-16,6430.379010740346,9082.504002172822
5,persistence,2026-01-17,4754.223042374496,9641.718665012206
5,persistence,2026-01-18,5013.879969758142,7931.427796269722
5,persistence,2026-01-19,5224.655702852328,6951.298485920801
5,persistence,2026-01-20,5864.683898932829,6802.897787536684
5,persistence,2026-01-21,6994.802601928017,6430.379010740346
5,persistence,2026-01-22,11476.10062633418,4754.223042374496
5,A_old_trained,2026-01-23,5676.608802087474,4083.625420117838
5,A_old_trained,2026-01-24,11838.21534079677,4294.401153212025
5,A_old_trained,2026-01-25,6614.983560953315,4934.429349292525
5,A_old_trained,2026-01-26,8220.106059791846,6064.548052287713
5,A_old_trained,2026-01-27,8037.136958042139,10545.846076693877
5,A_old_trained,2026-01-28,7249.710052871193,4799.366969063483
5,A_old_trained,2026-01-29,0.0,10907.960791156467
5,A_old_trained,2026-01-30,0.0,5737.741727929324
5,A_old_trained,2026-01-31,1167.570968068156,7289.851510151542
5,A_old_trained,2026-02-01,1167.570968068156,7159.895125018148
5,A_old_trained,2026-02-02,1167.570968068156,6372.468219847202
5,A_old_trained,2026-02-03,4170.535081053606,0.0
5,A_old_trained,2026-02-04,4172.782660970314,991.0426106445666
5,A_old_trained,2026-02-05,1168.765625470164,2158.6135787127223
5,A_old_trained,2026-02-06,1168.765625470164,2158.6135787127223
5,A_old_trained,2026-02-07,4174.822262577526,2158.6135787127223
5,A_old_trained,2026-02-08,0.0,5161.577691698172
5,A_old_trained,2026-02-09,1167.570968068156,5163.825271614881
5,A_old_trained,2026-02-10,1167.570968068156,2159.808236114731
5,A_old_trained,2026-02-11,1167.570968068156,2159.808236114731
5,A_old_trained,2026-02-12,1167.570968068156,5053.431286379634
5,A_old_trained,2026-02-13,1167.570968068156,991.0426106445666
5,A_old_trained,2026-02-14,1167.570968068156,2158.6135787127223
5,A_old_trained,2026-02-15,1167.570968068156,2158.6135787127223
5,A_old_trained,2026-02-16,0.0,2158.6135787127223
5,A_old_trained,2026-02-17,3147.926173739526,2158.6135787127223
5,A_old_trained,2026-02-18,0.0,2158.6135787127223
5,A_old_trained,2026-02-19,4168.485571068196,2158.6135787127223
5,A_old_trained,2026-02-20,1167.570968068156,2158.6135787127223
5,A_old_trained,2026-02-21,1167.570968068156,991.0426106445666
5,B_new_trained,2026-01-23,5676.608802087474,4475.340987391714
5,B_new_trained,2026-01-24,11838.21534079677,4686.116720485901
5,B_new_trained,2026-01-25,6614.983560953315,5326.144916566402
5,B_new_trained,2026-01-26,8220.106059791846,6456.26361956159
5,B_new_trained,2026-01-27,8037.136958042139,10937.561643967754
5,B_new_trained,2026-01-28,7249.710052871193,5138.069819721047
5,B_new_trained,2026-01-29,0.0,11299.676358430344
5,B_new_trained,2026-01-30,0.0,6076.4445785868875
5,B_new_trained,2026-01-31,1167.570968068156,7681.567077425419
5,B_new_trained,2026-02-01,1167.570968068156,7498.5979756757115
5,B_new_trained,2026-02-02,1167.570968068156,6711.171070504765
5,B_new_trained,2026-02-03,4170.535081053606,0.0
5,B_new_trained,2026-02-04,4172.782660970314,0.0
5,B_new_trained,2026-02-05,1168.765625470164,591.1355094777139
5,B_new_trained,2026-02-06,1168.765625470164,591.1355094777139
5,B_new_trained,2026-02-07,4174.822262577526,591.1355094777139
5,B_new_trained,2026-02-08,0.0,3594.0996224631635
5,B_new_trained,2026-02-09,1167.570968068156,3596.347202379872
5,B_new_trained,2026-02-10,1167.570968068156,592.3301668797219
5,B_new_trained,2026-02-11,1167.570968068156,592.3301668797219
5,B_new_trained,2026-02-12,1167.570968068156,3598.386803987084
5,B_new_trained,2026-02-13,1167.570968068156,0.0
5,B_new_trained,2026-02-14,1167.570968068156,591.1355094777139
5,B_new_trained,2026-02-15,1167.570968068156,591.1355094777139
5,B_new_trained,2026-02-16,0.0,591.1355094777139
5,B_new_trained,2026-02-17,3147.926173739526,591.1355094777139
5,B_new_trained,2026-02-18,0.0,591.1355094777139
5,B_new_trained,2026-02-19,4168.485571068196,591.1355094777139
5,B_new_trained,2026-02-20,1167.570968068156,591.1355094777139
5,B_new_trained,2026-02-21,1167.570968068156,0.0
5,persistence,2026-01-23,5676.608802087474,5013.879969758142
5,persistence,2026-01-24,11838.21534079677,5224.655702852328
5,persistence,2026-01-25,6614.983560953315,5864.683898932829
5,persistence,2026-01-26,8220.106059791846,6994.802601928017
5,persistence,2026-01-27,8037.136958042139,11476.10062633418
5,persistence,2026-01-28,7249.710052871193,5676.608802087474
5,persistence,2026-01-29,0.0,11838.21534079677
5,persistence,2026-01-30,0.0,6614.983560953315
5,persistence,2026-01-31,1167.570968068156,8220.106059791846
5,persistence,2026-02-01,1167.570968068156,8037.136958042139
5,persistence,2026-02-02,1167.570968068156,7249.710052871193
5,persistence,2026-02-03,4170.535081053606,0.0
5,persistence,2026-02-04,4172.782660970314,0.0
5,persistence,2026-02-05,1168.765625470164,1167.570968068156
5,persistence,2026-02-06,1168.765625470164,1167.570968068156
5,persistence,2026-02-07,4174.822262577526,1167.570968068156
5,persistence,2026-02-08,0.0,4170.535081053606
5,persistence,2026-02-09,1167.570968068156,4172.782660970314
5,persistence,2026-02-10,1167.570968068156,1168.765625470164
5,persistence,2026-02-11,1167.570968068156,1168.765625470164
5,persistence,2026-02-12,1167.570968068156,4174.822262577526
5,persistence,2026-02-13,1167.570968068156,0.0
5,persistence,2026-02-14,1167.570968068156,1167.570968068156
5,persistence,2026-02-15,1167.570968068156,1167.570968068156
5,persistence,2026-02-16,0.0,1167.570968068156
5,persistence,2026-02-17,3147.926173739526,1167.570968068156
5,persistence,2026-02-18,0.0,1167.570968068156
5,persistence,2026-02-19,4168.485571068196,1167.570968068156
5,persistence,2026-02-20,1167.570968068156,1167.570968068156
5,persistence,2026-02-21,1167.570968068156,0.0
5,A_old_trained,2026-02-22,1167.570968068156,3205.036385439765
5,A_old_trained,2026-02-23,1167.570968068156,61.96007162175374
5,A_old_trained,2026-02-24,1232.360327093139,4230.44564268995
5,A_old_trained,2026-02-25,1232.360327093139,1229.5310396899097
5,A_old_trained,2026-02-26,0.0,1229.5310396899097
5,A_old_trained,2026-02-27,7232.699243493119,1229.5310396899097
5,A_old_trained,2026-02-28,0.0,1229.5310396899097
5,A_old_trained,2026-03-01,4231.157917663651,1294.3203987148927
5,A_old_trained,2026-03-02,10240.97433716826,1294.3203987148927
5,A_old_trained,2026-03-03,0.0,0.0
5,A_old_trained,2026-03-04,7240.005734046325,7294.659315114873
5,A_old_trained,2026-03-05,0.0,0.0
5,A_old_trained,2026-03-06,0.0,4293.117989285404
5,A_old_trained,2026-03-07,0.0,10302.934408790014
5,A_old_trained,2026-03-08,4588.915562032591,129.58718951945593
5,A_old_trained,2026-03-09,1051.725638716127,7301.965805668079
5,A_old_trained,2026-03-10,1171.730949081183,0.0
5,A_old_trained,2026-03-11,1231.733604263711,0.0
5,A_old_trained,2026-03-12,1591.827078183679,57.11021170023923
5,A_old_trained,2026-03-13,3694.787865385309,4549.440879433198
5,A_old_trained,2026-03-14,29442.79622979818,1016.3897728836073
5,A_old_trained,2026-03-15,3141.663118533274,1152.6079891996787
5,A_old_trained,2026-03-16,15588.06166423388,1212.6106443822066
5,A_old_trained,2026-03-17,0.0,1640.4754136141955
5,A_old_trained,2026-03-18,0.0,3654.602139631275
5,A_old_trained,2026-03-19,7447.294367083702,20578.83014543497
5,A_old_trained,2026-03-20,0.0,0.0
5,A_old_trained,2026-03-21,1300.310608590011,9576.483508217205
5,A_old_trained,2026-03-22,0.0,0.0
5,A_old_trained,2026-03-23,0.0,0.0
5,B_new_trained,2026-02-22,1167.570968068156,3470.746621791664
5,B_new_trained,2026-02-23,1167.570968068156,335.5375045699584
5,B_new_trained,2026-02-24,1232.360327093139,4430.323906341121
5,B_new_trained,2026-02-25,1232.360327093139,1265.9002464720108
5,B_new_trained,2026-02-26,0.0,1265.9002464720108
5,B_new_trained,2026-02-27,7232.699243493119,1265.9002464720108
5,B_new_trained,2026-02-28,0.0,1265.9002464720108
5,B_new_trained,2026-03-01,4231.157917663651,1330.6896054969939
5,B_new_trained,2026-03-02,10240.97433716826,1330.6896054969939
5,B_new_trained,2026-03-03,0.0,135.33119926498875
5,B_new_trained,2026-03-04,7240.005734046325,7331.028521896974
5,B_new_trained,2026-03-05,0.0,135.33119926498875
5,B_new_trained,2026-03-06,0.0,4403.186365364539
5,B_new_trained,2026-03-07,0.0,10339.303615572115
5,B_new_trained,2026-03-08,4588.915562032591,61.63202996795553
5,B_new_trained,2026-03-09,1051.725638716127,7338.33501245018
5,B_new_trained,2026-03-10,1171.730949081183,61.63202996795553
5,B_new_trained,2026-03-11,1231.733604263711,359.82236891327193
5,B_new_trained,2026-03-12,1591.827078183679,469.5654288003079
5,B_new_trained,2026-03-13,3694.787865385309,5272.129270263564
5,B_new_trained,2026-03-14,29442.79622979818,1803.8598749734756
5,B_new_trained,2026-03-15,3141.663118533274,1862.8830725593189
5,B_new_trained,2026-03-16,15588.06166423388,1688.280311695473
5,B_new_trained,2026-03-17,0.0,2310.677073741933
5,B_new_trained,2026-03-18,0.0,4374.113864053135
5,B_new_trained,2026-03-19,7447.294367083702,24425.16192830755
5,B_new_trained,2026-03-20,0.0,0.0
5,B_new_trained,2026-03-21,1300.310608590011,11669.75810623806
5,B_new_trained,2026-03-22,0.0,221.435760991415
5,B_new_trained,2026-03-23,0.0,174.18582763861377
5,persistence,2026-02-22,1167.570968068156,3147.926173739526
5,persistence,2026-02-23,1167.570968068156,0.0
5,persistence,2026-02-24,1232.360327093139,4168.485571068196
5,persistence,2026-02-25,1232.360327093139,1167.570968068156
5,persistence,2026-02-26,0.0,1167.570968068156
5,persistence,2026-02-27,7232.699243493119,1167.570968068156
5,persistence,2026-02-28,0.0,1167.570968068156
5,persistence,2026-03-01,4231.157917663651,1232.360327093139
5,persistence,2026-03-02,10240.97433716826,1232.360327093139
5,persistence,2026-03-03,0.0,0.0
5,persistence,2026-03-04,7240.005734046325,7232.699243493119
5,persistence,2026-03-05,0.0,0.0
5,persistence,2026-03-06,0.0,4231.157917663651
5,persistence,2026-03-07,0.0,10240.97433716826
5,persistence,2026-03-08,4588.915562032591,0.0
5,persistence,2026-03-09,1051.725638716127,7240.005734046325
5,persistence,2026-03-10,1171.730949081183,0.0
5,persistence,2026-03-11,1231.733604263711,0.0
5,persistence,2026-03-12,1591.827078183679,0.0
5,persistence,2026-03-13,3694.787865385309,4588.915562032591
5,persistence,2026-03-14,29442.79622979818,1051.725638716127
5,persistence,2026-03-15,3141.663118533274,1171.730949081183
5,persistence,2026-03-16,15588.06166423388,1231.733604263711
5,persistence,2026-03-17,0.0,1591.827078183679
5,persistence,2026-03-18,0.0,3694.787865385309
5,persistence,2026-03-19,7447.294367083702,29442.79622979818
5,persistence,2026-03-20,0.0,3141.663118533274
5,persistence,2026-03-21,1300.310608590011,15588.06166423388
5,persistence,2026-03-22,0.0,0.0
5,persistence,2026-03-23,0.0,0.0
5,A_old_trained,2026-03-24,0.0,7327.831844971134
5,A_old_trained,2026-03-25,0.0,0.0
5,A_old_trained,2026-03-26,1216.506094919201,1291.4835655096906
5,A_old_trained,2026-03-27,1357.9623387935,0.0
5,A_old_trained,2026-03-28,0.0,0.0
5,A_old_trained,2026-03-29,19185.66181159556,0.0
5,A_old_trained,2026-03-30,0.0,77.80252655928507
5,A_old_trained,2026-03-31,0.0,1262.2688522383485
5,A_old_trained,2026-04-01,1357.1851159841,1403.7250961126476
5,A_old_trained,2026-04-02,4320.271751993509,45.76275731914757
5,A_old_trained,2026-04-03,0.0,18711.74742306859
5,A_old_trained,2026-04-04,0.0,0.0
5,A_old_trained,2026-04-05,0.0,124.6711229486773
5,A_old_trained,2026-04-06,0.0,1402.9478733032477
5,A_old_trained,2026-04-07,0.0,4367.848177066335
5,A_old_trained,2026-04-08,0.0,45.76275731914757
5,A_old_trained,2026-04-09,0.0,95.35738594678423
5,A_old_trained,2026-04-10,0.0,63.31761670664673
5,A_old_trained,2026-04-11,0.0,113.12863017580548
5,A_old_trained,2026-04-12,0.0,113.12863017580548
5,A_old_trained,2026-04-13,0.0,81.08886093566798
5,A_old_trained,2026-04-14,0.0,81.08886093566798
5,A_old_trained,2026-04-15,7142.04282863685,81.08886093566798
5,A_old_trained,2026-04-16,0.0,113.12863017580548
5,A_old_trained,2026-04-17,1330.35764373476,41.50754845933352
5,A_old_trained,2026-04-18,0.0,109.394567762125
5,A_old_trained,2026-04-19,0.0,109.394567762125
5,A_old_trained,2026-04-20,0.0,7253.251064152653
5,A_old_trained,2026-04-21,4175.652946526906,109.394567762125
5,A_old_trained,2026-04-22,0.0,1439.752211496885
5,B_new_trained,2026-03-24,0.0,7319.8705995371
5,B_new_trained,2026-03-25,0.0,0.0
5,B_new_trained,2026-03-26,1216.506094919201,1254.857132293311
5,B_new_trained,2026-03-27,1357.9623387935,53.71145579704216
5,B_new_trained,2026-03-28,0.0,92.89236773171024
5,B_new_trained,2026-03-29,19185.66181159556,154.3502495171474
5,B_new_trained,2026-03-30,0.0,154.3502495171474
5,B_new_trained,2026-03-31,0.0,1331.6754325016802
5,B_new_trained,2026-04-01,1357.1851159841,1473.1316763759794
5,B_new_trained,2026-04-02,4320.271751993509,115.16933758247933
5,B_new_trained,2026-04-03,0.0,18702.642433725094
5,B_new_trained,2026-04-04,0.0,138.30657332548935
5,B_new_trained,2026-04-05,0.0,195.53607735315154
5,B_new_trained,2026-04-06,0.0,1472.3544535665794
5,B_new_trained,2026-04-07,0.0,4435.441089575988
5,B_new_trained,2026-04-08,0.0,163.2350006464053
5,B_new_trained,2026-04-09,0.0,200.64654022419154
5,B_new_trained,2026-04-10,0.0,200.64654022419154
5,B_new_trained,2026-04-11,0.0,231.164068025681
5,B_new_trained,2026-04-12,0.0,271.47833242864
5,B_new_trained,2026-04-13,0.0,271.47833242864
5,B_new_trained,2026-04-14,0.0,232.2974204939719
5,B_new_trained,2026-04-15,7142.04282863685,232.2974204939719
5,B_new_trained,2026-04-16,0.0,271.47833242864
5,B_new_trained,2026-04-17,1330.35764373476,271.47833242864
5,B_new_trained,2026-04-18,0.0,232.2974204939719
5,B_new_trained,2026-04-19,0.0,232.2974204939719
5,B_new_trained,2026-04-20,0.0,7303.844691419618
5,B_new_trained,2026-04-21,4175.652946526906,241.1821716232298
5,B_new_trained,2026-04-22,0.0,1562.6550642287318
5,persistence,2026-03-24,0.0,7447.294367083702
5,persistence,2026-03-25,0.0,0.0
5,persistence,2026-03-26,1216.506094919201,1300.310608590011
5,persistence,2026-03-27,1357.9623387935,0.0
5,persistence,2026-03-28,0.0,0.0
5,persistence,2026-03-29,19185.66181159556,0.0
5,persistence,2026-03-30,0.0,0.0
5,persistence,2026-03-31,0.0,1216.506094919201
5,persistence,2026-04-01,1357.1851159841,1357.9623387935
5,persistence,2026-04-02,4320.271751993509,0.0
5,persistence,2026-04-03,0.0,19185.66181159556
5,persistence,2026-04-04,0.0,0.0
5,persistence,2026-04-05,0.0,0.0
5,persistence,2026-04-06,0.0,1357.1851159841
5,persistence,2026-04-07,0.0,4320.271751993509
5,persistence,2026-04-08,0.0,0.0
5,persistence,2026-04-09,0.0,0.0
5,persistence,2026-04-10,0.0,0.0
5,persistence,2026-04-11,0.0,0.0
5,persistence,2026-04-12,0.0,0.0
5,persistence,2026-04-13,0.0,0.0
5,persistence,2026-04-14,0.0,0.0
5,persistence,2026-04-15,7142.04282863685,0.0
5,persistence,2026-04-16,0.0,0.0
5,persistence,2026-04-17,1330.35764373476,0.0
5,persistence,2026-04-18,0.0,0.0
5,persistence,2026-04-19,0.0,0.0
5,persistence,2026-04-20,0.0,7142.04282863685
5,persistence,2026-04-21,4175.652946526906,0.0
5,persistence,2026-04-22,0.0,1330.35764373476
5,A_old_trained,2026-04-23,7134.507354545481,43.84017790693315
5,A_old_trained,2026-04-24,1329.99703624549,128.9092422096578
5,A_old_trained,2026-04-25,0.0,1136.0220316203763
5,A_old_trained,2026-04-26,0.0,5233.4086921450435
5,A_old_trained,2026-04-27,4156.934105248899,1115.9279856536891
5,A_old_trained,2026-04-28,0.0,7756.815274946435
5,A_old_trained,2026-04-29,0.0,1576.804771604452
5,A_old_trained,2026-04-30,0.0,100.01233853605527
5,A_old_trained,2026-05-01,0.0,100.01233853605527
5,A_old_trained,2026-05-02,3575.559741841224,4200.774283155832
5,A_old_trained,2026-05-03,8337.097621055189,102.01241794248517
5,A_old_trained,2026-05-04,7067.388500442302,43.84017790693315
5,A_old_trained,2026-05-05,3288.46284526218,3452.672131236057
5,A_old_trained,2026-05-06,609.3285666212043,3452.672131236057
5,A_old_trained,2026-05-07,327.4079784250729,7035.034651377766
5,A_old_trained,2026-05-08,64024.57078417507,11770.025776998222
5,A_old_trained,2026-05-09,29895.40787851404,10370.026174467072
5,A_old_trained,2026-05-10,9279.572203576883,6721.391001205213
5,A_old_trained,2026-05-11,16077.61184919209,10610.755585868372
5,A_old_trained,2026-05-12,0.0,10214.010315524842
5,A_old_trained,2026-05-13,10216.22369505713,73658.91603419509
5,A_old_trained,2026-05-14,3927.997988633625,37362.40706466788
5,A_old_trained,2026-05-15,85867.63959680006,15199.177494761028
5,A_old_trained,2026-05-16,61048.47974927562,25225.744472963524
5,A_old_trained,2026-05-17,108733.3367135785,9933.908888953007
5,A_old_trained,2026-05-18,141212.5627369919,13082.982058364707
5,A_old_trained,2026-05-19,185517.9117316547,7158.382533994597
5,A_old_trained,2026-05-20,179597.995600109,60845.09532520457
5,A_old_trained,2026-05-21,193356.5957728531,32949.850679592026
5,A_old_trained,2026-05-22,349365.1598969635,80272.97942788807
5,B_new_trained,2026-04-23,7134.507354545481,61.79501424671707
5,B_new_trained,2026-04-24,1329.99703624549,61.79501424671707
5,B_new_trained,2026-04-25,0.0,891.1137496030669
5,B_new_trained,2026-04-26,0.0,4896.5319892313555
5,B_new_trained,2026-04-27,4156.934105248899,851.1402775027045
5,B_new_trained,2026-04-28,0.0,7615.603080887265
5,B_new_trained,2026-04-29,0.0,1889.0192157083857
5,B_new_trained,2026-04-30,0.0,126.78582327786125
5,B_new_trained,2026-05-01,0.0,126.78582327786125
5,B_new_trained,2026-05-02,3575.559741841224,4218.729119495616
5,B_new_trained,2026-05-03,8337.097621055189,192.05624904497154
5,B_new_trained,2026-05-04,7067.388500442302,61.79501424671707
5,B_new_trained,2026-05-05,3288.46284526218,2177.181279368516
5,B_new_trained,2026-05-06,609.3285666212043,2124.4509522236485
5,B_new_trained,2026-05-07,327.4079784250729,5611.218402642831
5,B_new_trained,2026-05-08,64024.57078417507,10652.192421409116
5,B_new_trained,2026-05-09,29895.40787851404,9207.995726739617
5,B_new_trained,2026-05-10,9279.572203576883,5630.021169582935
5,B_new_trained,2026-05-11,16077.61184919209,0.0
5,B_new_trained,2026-05-12,0.0,0.0
5,B_new_trained,2026-05-13,10216.22369505713,59282.21404448306
5,B_new_trained,2026-05-14,3927.997988633625,25284.290133342354
5,B_new_trained,2026-05-15,85867.63959680006,8493.109370378204
5,B_new_trained,2026-05-16,61048.47974927562,10922.11127771452
5,B_new_trained,2026-05-17,108733.3367135785,0.0
5,B_new_trained,2026-05-18,141212.5627369919,11944.17520620309
5,B_new_trained,2026-05-19,185517.9117316547,5944.211149343864
5,B_new_trained,2026-05-20,179597.995600109,67290.87419611824
5,B_new_trained,2026-05-21,193356.5957728531,42601.891964580995
5,B_new_trained,2026-05-22,349365.1598969635,86028.34105691017
5,persistence,2026-04-23,7134.507354545481,0.0
5,persistence,2026-04-24,1329.99703624549,0.0
5,persistence,2026-04-25,0.0,0.0
5,persistence,2026-04-26,0.0,4175.652946526906
5,persistence,2026-04-27,4156.934105248899,0.0
5,persistence,2026-04-28,0.0,7134.507354545481
5,persistence,2026-04-29,0.0,1329.99703624549
5,persistence,2026-04-30,0.0,0.0
5,persistence,2026-05-01,0.0,0.0
5,persistence,2026-05-02,3575.559741841224,4156.934105248899
5,persistence,2026-05-03,8337.097621055189,0.0
5,persistence,2026-05-04,7067.388500442302,0.0
5,persistence,2026-05-05,3288.46284526218,0.0
5,persistence,2026-05-06,609.3285666212043,0.0
5,persistence,2026-05-07,327.4079784250729,3575.559741841224
5,persistence,2026-05-08,64024.57078417507,8337.097621055189
5,persistence,2026-05-09,29895.40787851404,7067.388500442302
5,persistence,2026-05-10,9279.572203576883,3288.46284526218
5,persistence,2026-05-11,16077.61184919209,609.3285666212043
5,persistence,2026-05-12,0.0,327.4079784250729
5,persistence,2026-05-13,10216.22369505713,64024.57078417507
5,persistence,2026-05-14,3927.997988633625,29895.40787851404
5,persistence,2026-05-15,85867.63959680006,9279.572203576883
5,persistence,2026-05-16,61048.47974927562,16077.61184919209
5,persistence,2026-05-17,108733.3367135785,0.0
5,persistence,2026-05-18,141212.5627369919,10216.22369505713
5,persistence,2026-05-19,185517.9117316547,3927.997988633625
5,persistence,2026-05-20,179597.995600109,85867.63959680006
5,persistence,2026-05-21,193356.5957728531,61048.47974927562
5,persistence,2026-05-22,349365.1598969635,108733.3367135785
5,A_old_trained,2026-05-23,433838.0231737584,104815.38470262304
5,A_old_trained,2026-05-24,507809.2200161263,155299.1055820489
5,A_old_trained,2026-05-25,602775.1641346975,147283.76791976442
5,A_old_trained,2026-05-26,553516.0898851521,156815.49206788733
5,A_old_trained,2026-05-27,449557.2543120539,295493.37619709835
5,A_old_trained,2026-05-28,240641.9388894092,387793.9888389163
5,A_old_trained,2026-05-29,216085.9110082715,455664.089872617
5,A_old_trained,2026-05-30,198275.3925303018,553095.6688680978
5,A_old_trained,2026-05-31,192990.3100497752,499597.58877766883
5,A_old_trained,2026-06-01,201843.6206251707,392106.9183705663
5,A_old_trained,2026-06-02,174582.3631776166,198920.45923079606
5,A_old_trained,2026-06-03,165844.9237883183,180369.49461916677
5,A_old_trained,2026-06-04,156694.7359268938,161942.36927728346
5,A_old_trained,2026-06-05,160301.5900719157,160428.24347989995
5,A_old_trained,2026-06-06,166649.5271781315,169619.91522104666
5,A_old_trained,2026-06-07,189788.4728931298,145414.35325120878
5,A_old_trained,2026-06-08,201768.2313126253,140640.19618767625
5,A_old_trained,2026-06-09,174580.9152624754,134425.66734523146
5,A_old_trained,2026-06-10,133852.9901506277,132944.82226173536
5,A_old_trained,2026-06-11,141713.5315307741,141792.98183621647
5,A_old_trained,2026-06-12,121801.9629150302,153247.36918816404
5,A_old_trained,2026-06-13,80097.31022858075,165227.12760765955
5,A_old_trained,2026-06-14,79432.17603844083,140592.8414574096
5,A_old_trained,2026-06-15,51854.03477584177,103496.38364643705
5,A_old_trained,2026-06-16,47047.00811797024,108092.53667240815
5,A_old_trained,2026-06-17,49498.13353825355,94852.36140051298
5,A_old_trained,2026-06-18,48315.2033726697,58746.463926456534
5,A_old_trained,2026-06-19,44125.329575858,62437.143079571826
5,A_old_trained,2026-06-20,35020.78540226009,35530.61125249347
5,A_old_trained,2026-06-21,31864.99551244184,32766.198693726088
5,B_new_trained,2026-05-23,433838.0231737584,97233.64069048205
5,B_new_trained,2026-05-24,507809.2200161263,139947.1259882436
5,B_new_trained,2026-05-25,602775.1641346975,131895.95649203818
5,B_new_trained,2026-05-26,553516.0898851521,134099.75680339566
5,B_new_trained,2026-05-27,449557.2543120539,269723.5096017186
5,B_new_trained,2026-05-28,240641.9388894092,368693.11417551263
5,B_new_trained,2026-05-29,216085.9110082715,427182.74406702723
5,B_new_trained,2026-05-30,198275.3925303018,530135.3588457595
5,B_new_trained,2026-05-31,192990.3100497752,480231.23906348116
5,B_new_trained,2026-06-01,201843.6206251707,368200.14339236106
5,B_new_trained,2026-06-02,174582.3631776166,173518.3341001704
5,B_new_trained,2026-06-03,165844.9237883183,158169.16845150315
5,B_new_trained,2026-06-04,156694.7359268938,139136.6170670548
5,B_new_trained,2026-06-05,160301.5900719157,137477.5644959071
5,B_new_trained,2026-06-06,166649.5271781315,146347.30524348468
5,B_new_trained,2026-06-07,189788.4728931298,134297.8491958877
5,B_new_trained,2026-06-08,201768.2313126253,132872.55882129527
5,B_new_trained,2026-06-09,174580.9152624754,125110.27359051984
5,B_new_trained,2026-06-10,133852.9901506277,115984.23698821619
5,B_new_trained,2026-06-11,141713.5315307741,130842.50337933085
5,B_new_trained,2026-06-12,121801.9629150302,132437.64156407485
5,B_new_trained,2026-06-13,80097.31022858075,141095.37976185756
5,B_new_trained,2026-06-14,79432.17603844083,127051.17029553067
5,B_new_trained,2026-06-15,51854.03477584177,101158.63448251862
5,B_new_trained,2026-06-16,47047.00811797024,96578.06020097465
5,B_new_trained,2026-06-17,49498.13353825355,90786.01731281857
5,B_new_trained,2026-06-18,48315.2033726697,55971.6313061617
5,B_new_trained,2026-06-19,44125.329575858,60584.248367433436
5,B_new_trained,2026-06-20,35020.78540226009,36214.95573808874
5,B_new_trained,2026-06-21,31864.99551244184,35317.71326409175
5,persistence,2026-05-23,433838.0231737584,141212.5627369919
5,persistence,2026-05-24,507809.2200161263,185517.9117316547
5,persistence,2026-05-25,602775.1641346975,179597.995600109
5,persistence,2026-05-26,553516.0898851521,193356.5957728531
5,persistence,2026-05-27,449557.2543120539,349365.1598969635
5,persistence,2026-05-28,240641.9388894092,433838.0231737584
5,persistence,2026-05-29,216085.9110082715,507809.2200161263
5,persistence,2026-05-30,198275.3925303018,602775.1641346975
5,persistence,2026-05-31,192990.3100497752,553516.0898851521
5,persistence,2026-06-01,201843.6206251707,449557.2543120539
5,persistence,2026-06-02,174582.3631776166,240641.9388894092
5,persistence,2026-06-03,165844.9237883183,216085.9110082715
5,persistence,2026-06-04,156694.7359268938,198275.3925303018
5,persistence,2026-06-05,160301.5900719157,192990.3100497752
5,persistence,2026-06-06,166649.5271781315,201843.6206251707
5,persistence,2026-06-07,189788.4728931298,174582.3631776166
5,persistence,2026-06-08,201768.2313126253,165844.9237883183
5,persistence,2026-06-09,174580.9152624754,156694.7359268938
5,persistence,2026-06-10,133852.9901506277,160301.5900719157
5,persistence,2026-06-11,141713.5315307741,166649.5271781315
5,persistence,2026-06-12,121801.9629150302,189788.4728931298
5,persistence,2026-06-13,80097.31022858075,201768.2313126253
5,persistence,2026-06-14,79432.17603844083,174580.9152624754
5,persistence,2026-06-15,51854.03477584177,133852.9901506277
5,persistence,2026-06-16,47047.00811797024,141713.5315307741
5,persistence,2026-06-17,49498.13353825355,121801.9629150302
5,persistence,2026-06-18,48315.2033726697,80097.31022858075
5,persistence,2026-06-19,44125.329575858,79432.17603844083
5,persistence,2026-06-20,35020.78540226009,51854.03477584177
5,persistence,2026-06-21,31864.99551244184,47047.00811797024
5,A_old_trained,2026-06-22,24497.17494178787,33582.35843115445
5,A_old_trained,2026-06-23,21684.38265192751,32955.66896677466
5,A_old_trained,2026-06-24,16173.40765637152,28209.5544687589
5,A_old_trained,2026-06-25,24563.31828446738,19718.134468058524
5,A_old_trained,2026-06-26,26743.39728476141,17538.9179604324
5,A_old_trained,2026-06-27,4118.680690423142,11231.918025271772
5,A_old_trained,2026-06-28,3424.85477286065,8871.745170898199
5,A_old_trained,2026-06-29,0.0,6550.594636288317
5,A_old_trained,2026-06-30,0.0,11629.721644977364
5,A_old_trained,2026-07-01,0.0,12070.032467760231
5,A_old_trained,2026-07-02,0.0,1542.3963777770432
5,A_old_trained,2026-07-03,0.0,3364.9532300242695
5,A_old_trained,2026-07-04,0.0,7583.003519474585
5,A_old_trained,2026-07-05,0.0,6082.363471374
5,A_old_trained,2026-07-06,8.358452526200495,6082.363471374
5,A_old_trained,2026-07-07,1548.477362288514,5895.903653769189
5,A_old_trained,2026-07-08,0.0,633.3246207844077
5,A_old_trained,2026-07-09,12175.06558400085,666.95091511692
5,A_old_trained,2026-07-10,0.0,577.690402050845
5,A_old_trained,2026-07-11,0.0,736.405549578281
5,A_old_trained,2026-07-12,0.0,2349.5837829537427
5,A_old_trained,2026-07-13,0.0,812.1896353708858
5,A_old_trained,2026-07-14,2547.386090313617,19673.05115697767
5,A_old_trained,2026-07-15,0.0,7668.752542530974
5,A_old_trained,2026-07-16,0.0,5802.956779595285
5,A_old_trained,2026-07-17,0.0,5579.358547633135
5,A_old_trained,2026-07-18,0.0,683.2826507305276
5,A_old_trained,2026-07-19,0.0,3472.202631679871
5,B_new_trained,2026-06-22,24497.17494178787,37455.97680535834
5,B_new_trained,2026-06-23,21684.38265192751,36273.04663977449
5,B_new_trained,2026-06-24,16173.40765637152,32083.172842962787
5,B_new_trained,2026-06-25,24563.31828446738,23364.569419666164
5,B_new_trained,2026-06-26,26743.39728476141,20458.641659784098
5,B_new_trained,2026-06-27,4118.680690423142,14151.6296237251
5,B_new_trained,2026-06-28,3424.85477286065,12113.19812929134
5,B_new_trained,2026-06-29,0.0,8852.619134154378
5,B_new_trained,2026-06-30,0.0,16793.209837021277
5,B_new_trained,2026-07-01,0.0,18074.36067030156
5,B_new_trained,2026-07-02,0.0,3954.2267805161355
5,B_new_trained,2026-07-03,0.0,4339.364326573955
5,B_new_trained,2026-07-04,0.0,1492.130823949507
5,B_new_trained,2026-07-05,0.0,1333.9629193509395
5,B_new_trained,2026-07-06,8.358452526200495,1333.9629193509395
5,B_new_trained,2026-07-07,1548.477362288514,1059.1485311346978
5,B_new_trained,2026-07-08,0.0,207.35159117596504
5,B_new_trained,2026-07-09,12175.06558400085,276.5274728307604
5,B_new_trained,2026-07-10,0.0,457.7426716827581
5,B_new_trained,2026-07-11,0.0,660.7230648298815
5,B_new_trained,2026-07-12,0.0,2137.7715806579945
5,B_new_trained,2026-07-13,0.0,618.431829259283
5,B_new_trained,2026-07-14,2547.386090313617,14633.386909262972
5,B_new_trained,2026-07-15,0.0,2553.7720763696498
5,B_new_trained,2026-07-16,0.0,2472.7203033529413
5,B_new_trained,2026-07-17,0.0,2154.2036775060988
5,B_new_trained,2026-07-18,0.0,491.470329896782
5,B_new_trained,2026-07-19,0.0,3178.008064197832
5,persistence,2026-06-22,24497.17494178787,49498.13353825355
5,persistence,2026-06-23,21684.38265192751,48315.2033726697
5,persistence,2026-06-24,16173.40765637152,44125.329575858
5,persistence,2026-06-25,24563.31828446738,35020.78540226009
5,persistence,2026-06-26,26743.39728476141,31864.99551244184
5,persistence,2026-06-27,4118.680690423142,24497.17494178787
5,persistence,2026-06-28,3424.85477286065,21684.38265192751
5,persistence,2026-06-29,0.0,16173.40765637152
5,persistence,2026-06-30,0.0,24563.31828446738
5,persistence,2026-07-01,0.0,26743.39728476141
5,persistence,2026-07-02,0.0,4118.680690423142
5,persistence,2026-07-03,0.0,3424.85477286065
5,persistence,2026-07-04,0.0,0.0
5,persistence,2026-07-05,0.0,0.0
5,persistence,2026-07-06,8.358452526200495,0.0
5,persistence,2026-07-07,1548.477362288514,0.0
5,persistence,2026-07-08,0.0,0.0
5,persistence,2026-07-09,12175.06558400085,0.0
5,persistence,2026-07-10,0.0,0.0
5,persistence,2026-07-11,0.0,8.358452526200495
5,persistence,2026-07-12,0.0,1548.477362288514
5,persistence,2026-07-13,0.0,0.0
5,persistence,2026-07-14,2547.386090313617,12175.06558400085
5,persistence,2026-07-15,0.0,0.0
5,persistence,2026-07-16,0.0,0.0
5,persistence,2026-07-17,0.0,0.0
5,persistence,2026-07-18,0.0,0.0
5,persistence,2026-07-19,0.0,2547.386090313617
6,A_old_trained,2025-11-24,181762.4168316232,312578.2410215447
6,A_old_trained,2025-11-25,170801.8414968055,274981.02651927934
6,A_old_trained,2025-11-26,168695.2513560315,246762.42117543676
6,A_old_trained,2025-11-27,162280.3512820562,222781.10262750037
6,A_old_trained,2025-11-28,150695.9364096984,202903.25096322957
6,A_old_trained,2025-11-29,146155.8711909035,191355.3910544336
6,A_old_trained,2025-11-30,142112.1251674911,176233.95014243032
6,A_old_trained,2025-12-01,128336.1512244437,170038.63406638548
6,A_old_trained,2025-12-02,123172.8626200811,163166.78466683862
6,A_old_trained,2025-12-03,118333.622935685,156751.8845928633
6,A_old_trained,2025-12-04,105974.2258759667,149932.72897927838
6,A_old_trained,2025-12-05,100182.1597185699,140627.4045017106
6,A_old_trained,2025-12-06,105777.9168306079,136583.6584782982
6,A_old_trained,2025-12-07,95674.64344875758,127572.9437940237
6,A_old_trained,2025-12-08,102286.8081684614,117644.3959308882
6,A_old_trained,2025-12-09,98510.33062773151,112805.1562464921
6,A_old_trained,2025-12-10,91571.26234193222,105211.0184455467
6,A_old_trained,2025-12-11,89250.45186240789,99418.9522881499
6,A_old_trained,2025-12-12,86114.73632646514,100249.450141415
6,A_old_trained,2025-12-13,75862.80524445037,94911.43601833757
6,A_old_trained,2025-12-14,72806.88785966646,96758.3414792685
6,A_old_trained,2025-12-15,67326.7436279514,92981.86393853862
6,A_old_trained,2025-12-16,69477.14912641923,90808.05491151221
6,A_old_trained,2025-12-17,59737.54393713534,83721.985173215
6,A_old_trained,2025-12-18,61014.29057677041,80586.26963727224
6,A_old_trained,2025-12-19,58606.43323292737,75099.59781403036
6,A_old_trained,2025-12-20,60641.28989477052,67278.42117047356
6,A_old_trained,2025-12-21,58575.915307928,61798.27693875849
6,A_old_trained,2025-12-22,52735.22662610265,63948.68243722633
6,A_old_trained,2025-12-23,45221.99825716334,58974.33650671533
6,B_new_trained,2025-11-24,181762.4168316232,314293.0668737004
6,B_new_trained,2025-11-25,170801.8414968055,276699.2595765233
6,B_new_trained,2025-11-26,168695.2513560315,244506.45480155063
6,B_new_trained,2025-11-27,162280.3512820562,220525.13625361424
6,B_new_trained,2025-11-28,150695.9364096984,205673.27180293013
6,B_new_trained,2025-11-29,146155.8711909035,192485.55374195127
6,B_new_trained,2025-11-30,142112.1251674911,182476.10123055935
6,B_new_trained,2025-12-01,128336.1512244437,171168.79675390315
6,B_new_trained,2025-12-02,123172.8626200811,169408.93575496765
6,B_new_trained,2025-12-03,118333.622935685,162994.03568099233
6,B_new_trained,2025-12-04,105974.2258759667,151062.89166679606
6,B_new_trained,2025-12-05,100182.1597185699,146869.55558983964
6,B_new_trained,2025-12-06,105777.9168306079,142825.80956642723
6,B_new_trained,2025-12-07,95674.64344875758,128703.10648154138
6,B_new_trained,2025-12-08,102286.8081684614,123886.54701901725
6,B_new_trained,2025-12-09,98510.33062773151,119047.30733462115
6,B_new_trained,2025-12-10,91571.26234193222,106341.18113306438
6,B_new_trained,2025-12-11,89250.45186240789,100549.11497566759
6,B_new_trained,2025-12-12,86114.73632646514,106491.60122954403
6,B_new_trained,2025-12-13,75862.80524445037,96041.59870585526
6,B_new_trained,2025-12-14,72806.88785966646,103000.49256739754
6,B_new_trained,2025-12-15,67326.7436279514,99224.01502666765
6,B_new_trained,2025-12-16,69477.14912641923,91938.21759902989
6,B_new_trained,2025-12-17,59737.54393713534,89964.13626134404
6,B_new_trained,2025-12-18,61014.29057677041,86828.42072540129
6,B_new_trained,2025-12-19,58606.43323292737,76229.76050154804
6,B_new_trained,2025-12-20,60641.28989477052,73520.5722586026
6,B_new_trained,2025-12-21,58575.915307928,68040.42802688753
6,B_new_trained,2025-12-22,52735.22662610265,70190.83352535538
6,B_new_trained,2025-12-23,45221.99825716334,60104.499194233016
6,persistence,2025-11-24,181762.4168316232,320232.6373695737
6,persistence,2025-11-25,170801.8414968055,282635.1724947998
6,persistence,2025-11-26,168695.2513560315,250442.3677198271
6,persistence,2025-11-27,162280.3512820562,226461.0491718907
6,persistence,2025-11-28,150695.9364096984,209827.3783454106
6,persistence,2025-11-29,146155.8711909035,192118.5984848536
6,persistence,2025-11-30,142112.1251674911,181762.4168316232
6,persistence,2025-12-01,128336.1512244437,170801.8414968055
6,persistence,2025-12-02,123172.8626200811,168695.2513560315
6,persistence,2025-12-03,118333.622935685,162280.3512820562
6,persistence,2025-12-04,105974.2258759667,150695.9364096984
6,persistence,2025-12-05,100182.1597185699,146155.8711909035
6,persistence,2025-12-06,105777.9168306079,142112.1251674911
6,persistence,2025-12-07,95674.64344875758,128336.1512244437
6,persistence,2025-12-08,102286.8081684614,123172.8626200811
6,persistence,2025-12-09,98510.33062773151,118333.622935685
6,persistence,2025-12-10,91571.26234193222,105974.2258759667
6,persistence,2025-12-11,89250.45186240789,100182.1597185699
6,persistence,2025-12-12,86114.73632646514,105777.9168306079
6,persistence,2025-12-13,75862.80524445037,95674.64344875758
6,persistence,2025-12-14,72806.88785966646,102286.8081684614
6,persistence,2025-12-15,67326.7436279514,98510.33062773151
6,persistence,2025-12-16,69477.14912641923,91571.26234193222
6,persistence,2025-12-17,59737.54393713534,89250.45186240789
6,persistence,2025-12-18,61014.29057677041,86114.73632646514
6,persistence,2025-12-19,58606.43323292737,75862.80524445037
6,persistence,2025-12-20,60641.28989477052,72806.88785966646
6,persistence,2025-12-21,58575.915307928,67326.7436279514
6,persistence,2025-12-22,52735.22662610265,69477.14912641923
6,persistence,2025-12-23,45221.99825716334,59737.54393713534
6,A_old_trained,2025-12-24,44408.05284441299,56192.45603627483
6,A_old_trained,2025-12-25,40484.07026904635,53927.51243239402
6,A_old_trained,2025-12-26,37856.28804302291,55962.36909423717
6,A_old_trained,2025-12-27,42454.87035829797,53896.99450739465
6,A_old_trained,2025-12-28,40621.68780879292,50868.05068096452
6,A_old_trained,2025-12-29,38841.39655611992,47349.11032047857
6,A_old_trained,2025-12-30,35062.85962274358,47127.12984813707
6,A_old_trained,2025-12-31,28196.25966596511,43203.14727277043
6,A_old_trained,2026-01-01,24052.600328715,40575.36504674699
6,A_old_trained,2026-01-02,0.0,49239.52989558494
6,A_old_trained,2026-01-03,1005.554128209214,47561.07344272623
6,A_old_trained,2026-01-04,4547.181981030939,42792.934164170496
6,A_old_trained,2026-01-05,2501.206056063745,41407.01952520569
6,A_old_trained,2026-01-06,7038.238120057628,35226.02031607778
6,A_old_trained,2026-01-07,5146.520075025873,31242.38329095419
6,A_old_trained,2026-01-08,6795.481323221639,5714.226349393707
6,A_old_trained,2026-01-09,7522.553062727141,9419.700348684048
6,A_old_trained,2026-01-10,9082.504002172822,11905.50845468283
6,A_old_trained,2026-01-11,9641.718665012206,9614.550071514186
6,A_old_trained,2026-01-12,7931.427796269722,14505.15169811682
6,A_old_trained,2026-01-13,6951.298485920801,11206.354216528976
6,A_old_trained,2026-01-14,6802.897787536684,13691.805609267885
6,A_old_trained,2026-01-15,6430.379010740346,14418.877348773385
6,A_old_trained,2026-01-16,4754.223042374496,14845.536527741084
6,A_old_trained,2026-01-17,5013.879969758142,15478.197193328358
6,A_old_trained,2026-01-18,5224.655702852328,13748.558283457969
6,A_old_trained,2026-01-19,5864.683898932829,12768.428973109048
6,A_old_trained,2026-01-20,6994.802601928017,12620.028274724931
6,A_old_trained,2026-01-21,11476.10062633418,13326.70329678659
6,A_old_trained,2026-01-22,5676.608802087474,12028.392717979277
6,B_new_trained,2025-12-24,44408.05284441299,57665.37245703469
6,B_new_trained,2025-12-25,40484.07026904635,55575.921387551134
6,B_new_trained,2025-12-26,37856.28804302291,57292.3717750348
6,B_new_trained,2025-12-27,42454.87035829797,55545.40346255177
6,B_new_trained,2025-12-28,40621.68780879292,50996.59410222499
6,B_new_trained,2025-12-29,38841.39655611992,44936.00146491624
6,B_new_trained,2025-12-30,35062.85962274358,44162.8004914086
6,B_new_trained,2025-12-31,28196.25966596511,40161.35291441738
6,B_new_trained,2026-01-01,24052.600328715,38601.58774080161
6,B_new_trained,2026-01-02,0.0,44230.34785339254
6,B_new_trained,2026-01-03,1005.554128209214,42437.90974313019
6,B_new_trained,2026-01-04,4547.181981030939,40653.00435278606
6,B_new_trained,2026-01-05,2501.206056063745,36879.08155708085
6,B_new_trained,2026-01-06,7038.238120057628,30456.958296372923
6,B_new_trained,2026-01-07,5146.520075025873,25892.01962855735
6,B_new_trained,2026-01-08,6795.481323221639,3113.4477944332984
6,B_new_trained,2026-01-09,7522.553062727141,5216.637337878008
6,B_new_trained,2026-01-10,9082.504002172822,12750.079086177237
6,B_new_trained,2026-01-11,9641.718665012206,10167.142749549164
6,B_new_trained,2026-01-12,7931.427796269722,15364.823881084361
6,B_new_trained,2026-01-13,6951.298485920801,12867.793843072623
6,B_new_trained,2026-01-14,6802.897787536684,14698.689409879895
6,B_new_trained,2026-01-15,6430.379010740346,15425.761149385396
6,B_new_trained,2026-01-16,4754.223042374496,16985.71208883108
6,B_new_trained,2026-01-17,5013.879969758142,17083.270897417024
6,B_new_trained,2026-01-18,5224.655702852328,13129.47000480974
6,B_new_trained,2026-01-19,5864.683898932829,12149.340694460818
6,B_new_trained,2026-01-20,6994.802601928017,12000.9399960767
6,B_new_trained,2026-01-21,11476.10062633418,14333.587097398602
6,B_new_trained,2026-01-22,5676.608802087474,12657.431129032751
6,persistence,2025-12-24,44408.05284441299,61014.29057677041
6,persistence,2025-12-25,40484.07026904635,58606.43323292737
6,persistence,2025-12-26,37856.28804302291,60641.28989477052
6,persistence,2025-12-27,42454.87035829797,58575.915307928
6,persistence,2025-12-28,40621.68780879292,52735.22662610265
6,persistence,2025-12-29,38841.39655611992,45221.99825716334
6,persistence,2025-12-30,35062.85962274358,44408.05284441299
6,persistence,2025-12-31,28196.25966596511,40484.07026904635
6,persistence,2026-01-01,24052.600328715,37856.28804302291
6,persistence,2026-01-02,0.0,42454.87035829797
6,persistence,2026-01-03,1005.554128209214,40621.68780879292
6,persistence,2026-01-04,4547.181981030939,38841.39655611992
6,persistence,2026-01-05,2501.206056063745,35062.85962274358
6,persistence,2026-01-06,7038.238120057628,28196.25966596511
6,persistence,2026-01-07,5146.520075025873,24052.600328715
6,persistence,2026-01-08,6795.481323221639,0.0
6,persistence,2026-01-09,7522.553062727141,1005.554128209214
6,persistence,2026-01-10,9082.504002172822,4547.181981030939
6,persistence,2026-01-11,9641.718665012206,2501.206056063745
6,persistence,2026-01-12,7931.427796269722,7038.238120057628
6,persistence,2026-01-13,6951.298485920801,5146.520075025873
6,persistence,2026-01-14,6802.897787536684,6795.481323221639
6,persistence,2026-01-15,6430.379010740346,7522.553062727141
6,persistence,2026-01-16,4754.223042374496,9082.504002172822
6,persistence,2026-01-17,5013.879969758142,9641.718665012206
6,persistence,2026-01-18,5224.655702852328,7931.427796269722
6,persistence,2026-01-19,5864.683898932829,6951.298485920801
6,persistence,2026-01-20,6994.802601928017,6802.897787536684
6,persistence,2026-01-21,11476.10062633418,6430.379010740346
6,persistence,2026-01-22,5676.608802087474,4754.223042374496
6,A_old_trained,2026-01-23,11838.21534079677,5070.963610970971
6,A_old_trained,2026-01-24,6614.983560953315,5124.564779649728
6,A_old_trained,2026-01-25,8220.106059791846,5764.592975730228
6,A_old_trained,2026-01-26,8037.136958042139,6894.711678725416
6,A_old_trained,2026-01-27,7249.710052871193,10862.478592266363
6,A_old_trained,2026-01-28,0.0,5390.512297713193
6,A_old_trained,2026-01-29,0.0,11224.593306728953
6,A_old_trained,2026-01-30,1167.570968068156,6328.887056579034
6,A_old_trained,2026-01-31,1167.570968068156,8120.015136589245
6,A_old_trained,2026-02-01,1167.570968068156,7937.046034839538
6,A_old_trained,2026-02-02,4170.535081053606,7149.619129668592
6,A_old_trained,2026-02-03,4172.782660970314,1134.3119704678134
6,A_old_trained,2026-02-04,1168.765625470164,2418.4167303990657
6,A_old_trained,2026-02-05,1168.765625470164,4035.712408608296
6,A_old_trained,2026-02-06,4174.822262577526,4035.712408608296
6,A_old_trained,2026-02-07,0.0,4035.712408608296
6,A_old_trained,2026-02-08,1167.570968068156,6935.373553789134
6,A_old_trained,2026-02-09,1167.570968068156,6937.621133705843
6,A_old_trained,2026-02-10,1167.570968068156,4053.659691101261
6,A_old_trained,2026-02-11,1167.570968068156,3314.3083376250515
6,A_old_trained,2026-02-12,1167.570968068156,5476.7675326936405
6,A_old_trained,2026-02-13,1167.570968068156,2411.678776929424
6,A_old_trained,2026-02-14,1167.570968068156,4155.768001503864
6,A_old_trained,2026-02-15,0.0,4035.712408608296
6,A_old_trained,2026-02-16,3147.926173739526,4035.712408608296
6,A_old_trained,2026-02-17,0.0,4035.712408608296
6,A_old_trained,2026-02-18,4168.485571068196,4035.712408608296
6,A_old_trained,2026-02-19,1167.570968068156,4035.712408608296
6,A_old_trained,2026-02-20,1167.570968068156,4035.712408608296
6,A_old_trained,2026-02-21,1167.570968068156,3681.905033505296
6,B_new_trained,2026-01-23,11838.21534079677,5853.5672394783605
6,B_new_trained,2026-01-24,6614.983560953315,5981.649922137099
6,B_new_trained,2026-01-25,8220.106059791846,6621.678118217599
6,B_new_trained,2026-01-26,8037.136958042139,7751.796821212787
6,B_new_trained,2026-01-27,7249.710052871193,11618.43505338144
6,B_new_trained,2026-01-28,0.0,6375.732713619959
6,B_new_trained,2026-01-29,0.0,11980.54976784403
6,B_new_trained,2026-01-30,1167.570968068156,7314.1074724858
6,B_new_trained,2026-01-31,1167.570968068156,8977.100279076616
6,B_new_trained,2026-02-01,1167.570968068156,8794.131177326908
6,B_new_trained,2026-02-02,4170.535081053606,8006.704272155963
6,B_new_trained,2026-02-03,4172.782660970314,1390.6761633668075
6,B_new_trained,2026-02-04,1168.765625470164,2368.095131860726
6,B_new_trained,2026-02-05,1168.765625470164,3602.8104859265313
6,B_new_trained,2026-02-06,4174.822262577526,3602.8104859265313
6,B_new_trained,2026-02-07,0.0,3602.8104859265313
6,B_new_trained,2026-02-08,1167.570968068156,6346.667988401372
6,B_new_trained,2026-02-09,1167.570968068156,6196.699066741526
6,B_new_trained,2026-02-10,1167.570968068156,3265.2804761846455
6,B_new_trained,2026-02-11,1167.570968068156,3265.2804761846455
6,B_new_trained,2026-02-12,1167.570968068156,5846.121451876269
6,B_new_trained,2026-02-13,1167.570968068156,2324.820882488708
6,B_new_trained,2026-02-14,1167.570968068156,3675.408930869801
6,B_new_trained,2026-02-15,0.0,3602.8104859265313
6,B_new_trained,2026-02-16,3147.926173739526,3602.8104859265313
6,B_new_trained,2026-02-17,0.0,3602.8104859265313
6,B_new_trained,2026-02-18,4168.485571068196,3602.8104859265313
6,B_new_trained,2026-02-19,1167.570968068156,3602.8104859265313
6,B_new_trained,2026-02-20,1167.570968068156,3602.8104859265313
6,B_new_trained,2026-02-21,1167.570968068156,3176.6714433743346
6,persistence,2026-01-23,11838.21534079677,5013.879969758142
6,persistence,2026-01-24,6614.983560953315,5224.655702852328
6,persistence,2026-01-25,8220.106059791846,5864.683898932829
6,persistence,2026-01-26,8037.136958042139,6994.802601928017
6,persistence,2026-01-27,7249.710052871193,11476.10062633418
6,persistence,2026-01-28,0.0,5676.608802087474
6,persistence,2026-01-29,0.0,11838.21534079677
6,persistence,2026-01-30,1167.570968068156,6614.983560953315
6,persistence,2026-01-31,1167.570968068156,8220.106059791846
6,persistence,2026-02-01,1167.570968068156,8037.136958042139
6,persistence,2026-02-02,4170.535081053606,7249.710052871193
6,persistence,2026-02-03,4172.782660970314,0.0
6,persistence,2026-02-04,1168.765625470164,0.0
6,persistence,2026-02-05,1168.765625470164,1167.570968068156
6,persistence,2026-02-06,4174.822262577526,1167.570968068156
6,persistence,2026-02-07,0.0,1167.570968068156
6,persistence,2026-02-08,1167.570968068156,4170.535081053606
6,persistence,2026-02-09,1167.570968068156,4172.782660970314
6,persistence,2026-02-10,1167.570968068156,1168.765625470164
6,persistence,2026-02-11,1167.570968068156,1168.765625470164
6,persistence,2026-02-12,1167.570968068156,4174.822262577526
6,persistence,2026-02-13,1167.570968068156,0.0
6,persistence,2026-02-14,1167.570968068156,1167.570968068156
6,persistence,2026-02-15,0.0,1167.570968068156
6,persistence,2026-02-16,3147.926173739526,1167.570968068156
6,persistence,2026-02-17,0.0,1167.570968068156
6,persistence,2026-02-18,4168.485571068196,1167.570968068156
6,persistence,2026-02-19,1167.570968068156,1167.570968068156
6,persistence,2026-02-20,1167.570968068156,1167.570968068156
6,persistence,2026-02-21,1167.570968068156,0.0
6,A_old_trained,2026-02-22,1167.570968068156,3370.8142101263634
6,A_old_trained,2026-02-23,1232.360327093139,176.47420752983635
6,A_old_trained,2026-02-24,1232.360327093139,4502.7550754425765
6,A_old_trained,2026-02-25,0.0,930.6828184280141
6,A_old_trained,2026-02-26,7232.699243493119,1042.0642864155573
6,A_old_trained,2026-02-27,0.0,930.6828184280141
6,A_old_trained,2026-02-28,4231.157917663651,930.6828184280141
6,A_old_trained,2026-03-01,10240.97433716826,995.4721774529971
6,A_old_trained,2026-03-02,0.0,995.4721774529971
6,A_old_trained,2026-03-03,7240.005734046325,0.0
6,A_old_trained,2026-03-04,0.0,6995.811093852977
6,A_old_trained,2026-03-05,0.0,0.0
6,A_old_trained,2026-03-06,0.0,4059.2374071540507
6,A_old_trained,2026-03-07,4588.915562032591,10357.863236682751
6,A_old_trained,2026-03-08,1051.725638716127,0.0
6,A_old_trained,2026-03-09,1171.730949081183,7199.46211373955
6,A_old_trained,2026-03-10,1231.733604263711,0.0
6,A_old_trained,2026-03-11,1591.827078183679,0.0
6,A_old_trained,2026-03-12,3694.787865385309,176.47420752983635
6,A_old_trained,2026-03-13,29442.79622979818,4618.599744184501
6,A_old_trained,2026-03-14,3141.663118533274,1144.9065382056651
6,A_old_trained,2026-03-15,15588.06166423388,1376.2933165582645
6,A_old_trained,2026-03-16,0.0,865.1383177262699
6,A_old_trained,2026-03-17,0.0,1772.54746108374
6,A_old_trained,2026-03-18,7447.294367083702,3859.8728083402234
6,A_old_trained,2026-03-19,0.0,22411.0399514973
6,A_old_trained,2026-03-20,1300.310608590011,0.0
6,A_old_trained,2026-03-21,0.0,11327.243199515222
6,A_old_trained,2026-03-22,0.0,0.0
6,A_old_trained,2026-03-23,0.0,419.23256572020364
6,B_new_trained,2026-02-22,1167.570968068156,3958.009557798899
6,B_new_trained,2026-02-23,1232.360327093139,880.6757098448415
6,B_new_trained,2026-02-24,1232.360327093139,5095.613969196783
6,B_new_trained,2026-02-25,0.0,1836.7272252298246
6,B_new_trained,2026-02-26,7232.699243493119,1883.17991351357
6,B_new_trained,2026-02-27,0.0,1836.7272252298246
6,B_new_trained,2026-02-28,4231.157917663651,1836.7272252298246
6,B_new_trained,2026-03-01,10240.97433716826,1901.5165842548076
6,B_new_trained,2026-03-02,0.0,1901.5165842548076
6,B_new_trained,2026-03-03,7240.005734046325,650.307945991166
6,B_new_trained,2026-03-04,0.0,7948.308188938533
6,B_new_trained,2026-03-05,0.0,603.8552577074206
6,B_new_trained,2026-03-06,0.0,4946.766863109065
6,B_new_trained,2026-03-07,4588.915562032591,10829.234703897571
6,B_new_trained,2026-03-08,1051.725638716127,650.307945991166
6,B_new_trained,2026-03-09,1171.730949081183,7956.7662180670095
6,B_new_trained,2026-03-10,1231.733604263711,603.8552577074206
6,B_new_trained,2026-03-11,1591.827078183679,791.2350728888705
6,B_new_trained,2026-03-12,3694.787865385309,955.9418717134922
6,B_new_trained,2026-03-13,29442.79622979818,5289.1379358163485
6,B_new_trained,2026-03-14,3141.663118533274,2049.8067222084555
6,B_new_trained,2026-03-15,15588.06166423388,2216.264720857257
6,B_new_trained,2026-03-16,0.0,1930.390964553579
6,B_new_trained,2026-03-17,0.0,2360.975643936862
6,B_new_trained,2026-03-18,7447.294367083702,4752.904839926323
6,B_new_trained,2026-03-19,0.0,22977.57176477371
6,B_new_trained,2026-03-20,1300.310608590011,0.0
6,B_new_trained,2026-03-21,0.0,9923.183340491269
6,B_new_trained,2026-03-22,0.0,245.78315087523606
6,B_new_trained,2026-03-23,0.0,949.8532893826396
6,persistence,2026-02-22,1167.570968068156,3147.926173739526
6,persistence,2026-02-23,1232.360327093139,0.0
6,persistence,2026-02-24,1232.360327093139,4168.485571068196
6,persistence,2026-02-25,0.0,1167.570968068156
6,persistence,2026-02-26,7232.699243493119,1167.570968068156
6,persistence,2026-02-27,0.0,1167.570968068156
6,persistence,2026-02-28,4231.157917663651,1167.570968068156
6,persistence,2026-03-01,10240.97433716826,1232.360327093139
6,persistence,2026-03-02,0.0,1232.360327093139
6,persistence,2026-03-03,7240.005734046325,0.0
6,persistence,2026-03-04,0.0,7232.699243493119
6,persistence,2026-03-05,0.0,0.0
6,persistence,2026-03-06,0.0,4231.157917663651
6,persistence,2026-03-07,4588.915562032591,10240.97433716826
6,persistence,2026-03-08,1051.725638716127,0.0
6,persistence,2026-03-09,1171.730949081183,7240.005734046325
6,persistence,2026-03-10,1231.733604263711,0.0
6,persistence,2026-03-11,1591.827078183679,0.0
6,persistence,2026-03-12,3694.787865385309,0.0
6,persistence,2026-03-13,29442.79622979818,4588.915562032591
6,persistence,2026-03-14,3141.663118533274,1051.725638716127
6,persistence,2026-03-15,15588.06166423388,1171.730949081183
6,persistence,2026-03-16,0.0,1231.733604263711
6,persistence,2026-03-17,0.0,1591.827078183679
6,persistence,2026-03-18,7447.294367083702,3694.787865385309
6,persistence,2026-03-19,0.0,29442.79622979818
6,persistence,2026-03-20,1300.310608590011,3141.663118533274
6,persistence,2026-03-21,0.0,15588.06166423388
6,persistence,2026-03-22,0.0,0.0
6,persistence,2026-03-23,0.0,0.0
6,A_old_trained,2026-03-24,0.0,7452.097916014789
6,A_old_trained,2026-03-25,1216.506094919201,40.84194507225402
6,A_old_trained,2026-03-26,1357.9623387935,1366.9442410255708
6,A_old_trained,2026-03-27,0.0,77.2303289843112
6,A_old_trained,2026-03-28,19185.66181159556,162.21049942986247
6,A_old_trained,2026-03-29,0.0,0.0
6,A_old_trained,2026-03-30,0.0,0.0
6,A_old_trained,2026-03-31,1357.1851159841,1322.1398400490286
6,A_old_trained,2026-04-01,4320.271751993509,1463.5960839233278
6,A_old_trained,2026-04-02,0.0,105.63374512982773
6,A_old_trained,2026-04-03,0.0,18510.75496221231
6,A_old_trained,2026-04-04,0.0,0.0
6,A_old_trained,2026-04-05,0.0,66.61090043888726
6,A_old_trained,2026-04-06,0.0,1462.8188611139278
6,A_old_trained,2026-04-07,0.0,4425.905497123336
6,A_old_trained,2026-04-08,0.0,37.82115387636077
6,A_old_trained,2026-04-09,0.0,37.82115387636077
6,A_old_trained,2026-04-10,0.0,17.336392710381915
6,A_old_trained,2026-04-11,0.0,51.40799616485674
6,A_old_trained,2026-04-12,0.0,61.59043479657339
6,A_old_trained,2026-04-13,0.0,67.25756029957665
6,A_old_trained,2026-04-14,7142.04282863685,191.64690585307835
6,A_old_trained,2026-04-15,0.0,191.64690585307835
6,A_old_trained,2026-04-16,1330.35764373476,67.25756029957665
6,A_old_trained,2026-04-17,0.0,67.25756029957665
6,A_old_trained,2026-04-18,0.0,184.24917688189453
6,A_old_trained,2026-04-19,0.0,214.06371310757459
6,A_old_trained,2026-04-20,4175.652946526906,7318.2972010215635
6,A_old_trained,2026-04-21,0.0,214.06371310757459
6,A_old_trained,2026-04-22,7134.507354545481,1570.2130442056402
6,B_new_trained,2026-03-24,0.0,7039.155412649559
6,B_new_trained,2026-03-25,1216.506094919201,0.0
6,B_new_trained,2026-03-26,1357.9623387935,1197.0558246694939
6,B_new_trained,2026-03-27,0.0,0.0
6,B_new_trained,2026-03-28,19185.66181159556,77.7382317122765
6,B_new_trained,2026-03-29,0.0,193.17102032124603
6,B_new_trained,2026-03-30,0.0,193.17102032124603
6,B_new_trained,2026-03-31,1357.1851159841,1352.9936561199554
6,B_new_trained,2026-04-01,4320.271751993509,1494.4498999942546
6,B_new_trained,2026-04-02,0.0,139.68411133331756
6,B_new_trained,2026-04-03,0.0,18939.320575625
6,B_new_trained,2026-04-04,0.0,896.2272718758568
6,B_new_trained,2026-04-05,0.0,253.64211825099574
6,B_new_trained,2026-04-06,0.0,1493.6726771848546
6,B_new_trained,2026-04-07,0.0,4456.759313194263
6,B_new_trained,2026-04-08,0.0,190.8942278766117
6,B_new_trained,2026-04-09,0.0,196.3675704538091
6,B_new_trained,2026-04-10,0.0,230.16806613245626
6,B_new_trained,2026-04-11,0.0,243.00892629630562
6,B_new_trained,2026-04-12,0.0,287.24559883979873
6,B_new_trained,2026-04-13,0.0,259.1083253586148
6,B_new_trained,2026-04-14,7142.04282863685,273.9905241660763
6,B_new_trained,2026-04-15,0.0,273.9905241660763
6,B_new_trained,2026-04-16,1330.35764373476,259.1083253586148
6,B_new_trained,2026-04-17,0.0,271.9491855224651
6,B_new_trained,2026-04-18,0.0,244.55170697588073
6,B_new_trained,2026-04-19,0.0,318.508278115547
6,B_new_trained,2026-04-20,4175.652946526906,7412.922745511485
6,B_new_trained,2026-04-21,0.0,325.87579570219896
6,B_new_trained,2026-04-22,7134.507354545481,1593.3376742187663
6,persistence,2026-03-24,0.0,7447.294367083702
6,persistence,2026-03-25,1216.506094919201,0.0
6,persistence,2026-03-26,1357.9623387935,1300.310608590011
6,persistence,2026-03-27,0.0,0.0
6,persistence,2026-03-28,19185.66181159556,0.0
6,persistence,2026-03-29,0.0,0.0
6,persistence,2026-03-30,0.0,0.0
6,persistence,2026-03-31,1357.1851159841,1216.506094919201
6,persistence,2026-04-01,4320.271751993509,1357.9623387935
6,persistence,2026-04-02,0.0,0.0
6,persistence,2026-04-03,0.0,19185.66181159556
6,persistence,2026-04-04,0.0,0.0
6,persistence,2026-04-05,0.0,0.0
6,persistence,2026-04-06,0.0,1357.1851159841
6,persistence,2026-04-07,0.0,4320.271751993509
6,persistence,2026-04-08,0.0,0.0
6,persistence,2026-04-09,0.0,0.0
6,persistence,2026-04-10,0.0,0.0
6,persistence,2026-04-11,0.0,0.0
6,persistence,2026-04-12,0.0,0.0
6,persistence,2026-04-13,0.0,0.0
6,persistence,2026-04-14,7142.04282863685,0.0
6,persistence,2026-04-15,0.0,0.0
6,persistence,2026-04-16,1330.35764373476,0.0
6,persistence,2026-04-17,0.0,0.0
6,persistence,2026-04-18,0.0,0.0
6,persistence,2026-04-19,0.0,0.0
6,persistence,2026-04-20,4175.652946526906,7142.04282863685
6,persistence,2026-04-21,0.0,0.0
6,persistence,2026-04-22,7134.507354545481,1330.35764373476
6,A_old_trained,2026-04-23,1329.99703624549,216.99204839485878
6,A_old_trained,2026-04-24,0.0,216.99204839485878
6,A_old_trained,2026-04-25,0.0,1365.0447433048053
6,A_old_trained,2026-04-26,4156.934105248899,5585.346030888094
6,A_old_trained,2026-04-27,0.0,1440.691584311916
6,A_old_trained,2026-04-28,0.0,8544.200438906668
6,A_old_trained,2026-04-29,0.0,2739.690120606678
6,A_old_trained,2026-04-30,0.0,586.3340127521337
6,A_old_trained,2026-05-01,3575.559741841224,586.3340127521337
6,A_old_trained,2026-05-02,8337.097621055189,4436.418085341744
6,A_old_trained,2026-05-03,7067.388500442302,310.4824800435724
6,A_old_trained,2026-05-04,3288.46284526218,278.23621451814665
6,A_old_trained,2026-05-05,609.3285666212043,2102.238607250762
6,A_old_trained,2026-05-06,327.4079784250729,2159.2831772273244
6,A_old_trained,2026-05-07,64024.57078417507,5779.491260124931
6,A_old_trained,2026-05-08,29895.40787851404,10497.628563857212
6,A_old_trained,2026-05-09,9279.572203576883,9271.320018726008
6,A_old_trained,2026-05-10,16077.61184919209,5484.700415755842
6,A_old_trained,2026-05-11,0.0,3443.4815816759174
6,A_old_trained,2026-05-12,10216.22369505713,3218.6055634563477
6,A_old_trained,2026-05-13,3927.997988633625,55043.90621286587
6,A_old_trained,2026-05-14,85867.63959680006,27769.92981738349
6,A_old_trained,2026-05-15,61048.47974927562,7542.305024480678
6,A_old_trained,2026-05-16,108733.3367135785,17109.06615240118
6,A_old_trained,2026-05-17,141212.5627369919,1835.2527320903368
6,A_old_trained,2026-05-18,185517.9117316547,12321.097038555301
6,A_old_trained,2026-05-19,179597.995600109,6681.148630479852
6,A_old_trained,2026-05-20,193356.5957728531,61567.73184169024
6,A_old_trained,2026-05-21,349365.1598969635,28647.911515262516
6,A_old_trained,2026-05-22,433838.0231737584,76719.85410105235
6,B_new_trained,2026-04-23,1329.99703624549,0.0
6,B_new_trained,2026-04-24,0.0,0.0
6,B_new_trained,2026-04-25,0.0,958.4892957412317
6,B_new_trained,2026-04-26,4156.934105248899,5177.476460303528
6,B_new_trained,2026-04-27,0.0,1044.6373863744466
6,B_new_trained,2026-04-28,0.0,8150.6261972950815
6,B_new_trained,2026-04-29,0.0,2307.1544170392904
6,B_new_trained,2026-04-30,0.0,209.57111693897718
6,B_new_trained,2026-05-01,3575.559741841224,209.57111693897718
6,B_new_trained,2026-05-02,8337.097621055189,4157.631833769183
6,B_new_trained,2026-05-03,7067.388500442302,43.51160111810759
6,B_new_trained,2026-05-04,3288.46284526218,10.638748205258707
6,B_new_trained,2026-05-05,609.3285666212043,1627.5462073745985
6,B_new_trained,2026-05-06,327.4079784250729,1660.086469606108
6,B_new_trained,2026-05-07,64024.57078417507,5278.980429482723
6,B_new_trained,2026-05-08,29895.40787851404,10026.204532932123
6,B_new_trained,2026-05-09,9279.572203576883,8780.750207768775
6,B_new_trained,2026-05-10,16077.61184919209,5031.0171222027475
6,B_new_trained,2026-05-11,0.0,2324.925239835641
6,B_new_trained,2026-05-12,10216.22369505713,2075.5449138710196
6,B_new_trained,2026-05-13,3927.997988633625,60984.508694544085
6,B_new_trained,2026-05-14,85867.63959680006,29530.076341191994
6,B_new_trained,2026-05-15,61048.47974927562,8287.229338613372
6,B_new_trained,2026-05-16,108733.3367135785,16326.760382180497
6,B_new_trained,2026-05-17,141212.5627369919,1865.6794256391677
6,B_new_trained,2026-05-18,185517.9117316547,11509.897443084918
6,B_new_trained,2026-05-19,179597.995600109,5546.90362734044
6,B_new_trained,2026-05-20,193356.5957728531,65222.55510038801
6,B_new_trained,2026-05-21,349365.1598969635,37503.48190171263
6,B_new_trained,2026-05-22,433838.0231737584,83787.37224185573
6,persistence,2026-04-23,1329.99703624549,0.0
6,persistence,2026-04-24,0.0,0.0
6,persistence,2026-04-25,0.0,0.0
6,persistence,2026-04-26,4156.934105248899,4175.652946526906
6,persistence,2026-04-27,0.0,0.0
6,persistence,2026-04-28,0.0,7134.507354545481
6,persistence,2026-04-29,0.0,1329.99703624549
6,persistence,2026-04-30,0.0,0.0
6,persistence,2026-05-01,3575.559741841224,0.0
6,persistence,2026-05-02,8337.097621055189,4156.934105248899
6,persistence,2026-05-03,7067.388500442302,0.0
6,persistence,2026-05-04,3288.46284526218,0.0
6,persistence,2026-05-05,609.3285666212043,0.0
6,persistence,2026-05-06,327.4079784250729,0.0
6,persistence,2026-05-07,64024.57078417507,3575.559741841224
6,persistence,2026-05-08,29895.40787851404,8337.097621055189
6,persistence,2026-05-09,9279.572203576883,7067.388500442302
6,persistence,2026-05-10,16077.61184919209,3288.46284526218
6,persistence,2026-05-11,0.0,609.3285666212043
6,persistence,2026-05-12,10216.22369505713,327.4079784250729
6,persistence,2026-05-13,3927.997988633625,64024.57078417507
6,persistence,2026-05-14,85867.63959680006,29895.40787851404
6,persistence,2026-05-15,61048.47974927562,9279.572203576883
6,persistence,2026-05-16,108733.3367135785,16077.61184919209
6,persistence,2026-05-17,141212.5627369919,0.0
6,persistence,2026-05-18,185517.9117316547,10216.22369505713
6,persistence,2026-05-19,179597.995600109,3927.997988633625
6,persistence,2026-05-20,193356.5957728531,85867.63959680006
6,persistence,2026-05-21,349365.1598969635,61048.47974927562
6,persistence,2026-05-22,433838.0231737584,108733.3367135785
6,A_old_trained,2026-05-23,507809.2200161263,118891.23076371716
6,A_old_trained,2026-05-24,602775.1641346975,160675.595392303
6,A_old_trained,2026-05-25,553516.0898851521,156083.63421088996
6,A_old_trained,2026-05-26,449557.2543120539,167308.74931093774
6,A_old_trained,2026-05-27,240641.9388894092,314145.97402131866
6,A_old_trained,2026-05-28,216085.9110082715,399844.9952685432
6,A_old_trained,2026-05-29,198275.3925303018,468656.690044136
6,A_old_trained,2026-05-30,192990.3100497752,564507.239261939
6,A_old_trained,2026-05-31,201843.6206251707,515589.71788359137
6,A_old_trained,2026-06-01,174582.3631776166,396995.03501257394
6,A_old_trained,2026-06-02,165844.9237883183,208093.29870039734
6,A_old_trained,2026-06-03,156694.7359268938,190038.06454635615
6,A_old_trained,2026-06-04,160301.5900719157,173112.15116761823
6,A_old_trained,2026-06-05,166649.5271781315,167827.06868709164
6,A_old_trained,2026-06-06,189788.4728931298,178405.85796095486
6,A_old_trained,2026-06-07,201768.2313126253,151042.80353369768
6,A_old_trained,2026-06-08,174580.9152624754,143291.76622333424
6,A_old_trained,2026-06-09,133852.9901506277,135098.85606513364
6,A_old_trained,2026-06-10,141713.5315307741,135581.69856013302
6,A_old_trained,2026-06-11,121801.9629150302,142814.24076558062
6,A_old_trained,2026-06-12,80097.31022858075,163740.62643121445
6,A_old_trained,2026-06-13,79432.17603844083,175720.38485070996
6,A_old_trained,2026-06-14,51854.03477584177,148431.271820857
6,A_old_trained,2026-06-15,47047.00811797024,107703.34670900927
6,A_old_trained,2026-06-16,49498.13353825355,116550.29016809053
6,A_old_trained,2026-06-17,48315.2033726697,97301.1994468763
6,A_old_trained,2026-06-18,44125.329575858,59791.983670483736
6,A_old_trained,2026-06-19,35020.78540226009,62473.4729426385
6,A_old_trained,2026-06-20,31864.99551244184,36807.44971091747
6,A_old_trained,2026-06-21,24497.17494178787,32986.82513198079
6,B_new_trained,2026-05-23,507809.2200161263,116176.59042318715
6,B_new_trained,2026-05-24,602775.1641346975,158531.95027451895
6,B_new_trained,2026-05-25,553516.0898851521,154021.28782203278
6,B_new_trained,2026-05-26,449557.2543120539,165386.12732668137
6,B_new_trained,2026-05-27,240641.9388894092,318266.187700455
6,B_new_trained,2026-05-28,216085.9110082715,401021.1115685247
6,B_new_trained,2026-05-29,198275.3925303018,473503.67069948604
6,B_new_trained,2026-05-30,192990.3100497752,570578.6999204425
6,B_new_trained,2026-05-31,201843.6206251707,521823.75639326754
6,B_new_trained,2026-06-01,174582.3631776166,406604.0836054578
6,B_new_trained,2026-06-02,165844.9237883183,209544.2773554527
6,B_new_trained,2026-06-03,156694.7359268938,188115.44256209978
6,B_new_trained,2026-06-04,160301.5900719157,172414.0091865153
6,B_new_trained,2026-06-05,166649.5271781315,167128.9267059887
6,B_new_trained,2026-06-06,189788.4728931298,177984.80908238894
6,B_new_trained,2026-06-07,201768.2313126253,150206.07760438696
6,B_new_trained,2026-06-08,174580.9152624754,142373.7611717777
6,B_new_trained,2026-06-09,133852.9901506277,136151.42072435791
6,B_new_trained,2026-06-10,141713.5315307741,135749.93502442696
6,B_new_trained,2026-06-11,121801.9629150302,141072.8194000553
6,B_new_trained,2026-06-12,80097.31022858075,161818.00444695808
6,B_new_trained,2026-06-13,79432.17603844083,173797.7628664536
6,B_new_trained,2026-06-14,51854.03477584177,146689.83084865066
6,B_new_trained,2026-06-15,47047.00811797024,107971.46545642639
6,B_new_trained,2026-06-16,49498.13353825355,117861.70790661107
6,B_new_trained,2026-06-17,48315.2033726697,98454.27001323766
6,B_new_trained,2026-06-18,44125.329575858,59304.193129636114
6,B_new_trained,2026-06-19,35020.78540226009,61988.0286031218
6,B_new_trained,2026-06-20,31864.99551244184,37072.31034891659
6,B_new_trained,2026-06-21,24497.17494178787,33170.4066477341
6,persistence,2026-05-23,507809.2200161263,141212.5627369919
6,persistence,2026-05-24,602775.1641346975,185517.9117316547
6,persistence,2026-05-25,553516.0898851521,179597.995600109
6,persistence,2026-05-26,449557.2543120539,193356.5957728531
6,persistence,2026-05-27,240641.9388894092,349365.1598969635
6,persistence,2026-05-28,216085.9110082715,433838.0231737584
6,persistence,2026-05-29,198275.3925303018,507809.2200161263
6,persistence,2026-05-30,192990.3100497752,602775.1641346975
6,persistence,2026-05-31,201843.6206251707,553516.0898851521
6,persistence,2026-06-01,174582.3631776166,449557.2543120539
6,persistence,2026-06-02,165844.9237883183,240641.9388894092
6,persistence,2026-06-03,156694.7359268938,216085.9110082715
6,persistence,2026-06-04,160301.5900719157,198275.3925303018
6,persistence,2026-06-05,166649.5271781315,192990.3100497752
6,persistence,2026-06-06,189788.4728931298,201843.6206251707
6,persistence,2026-06-07,201768.2313126253,174582.3631776166
6,persistence,2026-06-08,174580.9152624754,165844.9237883183
6,persistence,2026-06-09,133852.9901506277,156694.7359268938
6,persistence,2026-06-10,141713.5315307741,160301.5900719157
6,persistence,2026-06-11,121801.9629150302,166649.5271781315
6,persistence,2026-06-12,80097.31022858075,189788.4728931298
6,persistence,2026-06-13,79432.17603844083,201768.2313126253
6,persistence,2026-06-14,51854.03477584177,174580.9152624754
6,persistence,2026-06-15,47047.00811797024,133852.9901506277
6,persistence,2026-06-16,49498.13353825355,141713.5315307741
6,persistence,2026-06-17,48315.2033726697,121801.9629150302
6,persistence,2026-06-18,44125.329575858,80097.31022858075
6,persistence,2026-06-19,35020.78540226009,79432.17603844083
6,persistence,2026-06-20,31864.99551244184,51854.03477584177
6,persistence,2026-06-21,24497.17494178787,47047.00811797024
6,A_old_trained,2026-06-22,21684.38265192751,27972.20364418497
6,A_old_trained,2026-06-23,16173.40765637152,28926.626221617014
6,A_old_trained,2026-06-24,24563.31828446738,24923.03262681129
6,A_old_trained,2026-06-25,26743.39728476141,19492.044789067277
6,A_old_trained,2026-06-26,4118.680690423142,16952.640021832372
6,A_old_trained,2026-06-27,3424.85477286065,12147.795492682784
6,A_old_trained,2026-06-28,0.0,10373.354701982975
6,A_old_trained,2026-06-29,0.0,7161.098437354714
6,A_old_trained,2026-06-30,0.0,16010.861927515714
6,A_old_trained,2026-07-01,0.0,13310.578561368584
6,A_old_trained,2026-07-02,0.0,3490.9691348717533
6,A_old_trained,2026-07-03,0.0,10139.161065028555
6,A_old_trained,2026-07-04,0.0,15527.401947152955
6,A_old_trained,2026-07-05,8.358452526200495,14693.36007270872
6,A_old_trained,2026-07-06,1548.477362288514,11197.716604045885
6,A_old_trained,2026-07-07,0.0,8972.12487663483
6,A_old_trained,2026-07-08,12175.06558400085,3806.4938436343136
6,A_old_trained,2026-07-09,0.0,3503.6268632698598
6,A_old_trained,2026-07-10,0.0,4120.833425488426
6,A_old_trained,2026-07-11,0.0,7244.515223060664
6,A_old_trained,2026-07-12,0.0,8197.488792198332
6,A_old_trained,2026-07-13,2547.386090313617,7055.060304265126
6,A_old_trained,2026-07-14,0.0,28911.97931638312
6,A_old_trained,2026-07-15,0.0,15921.061916803166
6,A_old_trained,2026-07-16,0.0,10481.63331721428
6,A_old_trained,2026-07-17,0.0,6784.560286583596
6,A_old_trained,2026-07-18,0.0,3761.567060416731
6,B_new_trained,2026-06-22,21684.38265192751,34048.35413353921
6,B_new_trained,2026-06-23,16173.40765637152,32964.32916035584
6,B_new_trained,2026-06-24,24563.31828446738,29117.725240499356
6,B_new_trained,2026-06-25,26743.39728476141,21394.484564415965
6,B_new_trained,2026-06-26,4118.680690423142,18786.99815064011
6,B_new_trained,2026-06-27,3424.85477286065,13316.54324872056
6,B_new_trained,2026-06-28,0.0,11811.997028721033
6,B_new_trained,2026-06-29,0.0,10390.07664277717
6,B_new_trained,2026-06-30,0.0,19157.79490076596
6,B_new_trained,2026-07-01,0.0,18684.08515518341
6,B_new_trained,2026-07-02,0.0,3032.2660223050616
6,B_new_trained,2026-07-03,0.0,10493.676655535088
6,B_new_trained,2026-07-04,0.0,15396.310639691776
6,B_new_trained,2026-07-05,8.358452526200495,11610.570956950496
6,B_new_trained,2026-07-06,1548.477362288514,7533.700224288951
6,B_new_trained,2026-07-07,0.0,7566.763518252226
6,B_new_trained,2026-07-08,12175.06558400085,3519.5297890293373
6,B_new_trained,2026-07-09,0.0,2614.9186590522845
6,B_new_trained,2026-07-10,0.0,3638.7856760569566
6,B_new_trained,2026-07-11,0.0,8785.40775932204
6,B_new_trained,2026-07-12,0.0,6122.823621059789
6,B_new_trained,2026-07-13,2547.386090313617,4243.610945591092
6,B_new_trained,2026-07-14,0.0,36108.87466980929
6,B_new_trained,2026-07-15,0.0,15722.970579144569
6,B_new_trained,2026-07-16,0.0,4167.06717110686
6,B_new_trained,2026-07-17,0.0,5494.024475478002
6,B_new_trained,2026-07-18,0.0,3215.8047144336956
6,persistence,2026-06-22,21684.38265192751,49498.13353825355
6,persistence,2026-06-23,16173.40765637152,48315.2033726697
6,persistence,2026-06-24,24563.31828446738,44125.329575858
6,persistence,2026-06-25,26743.39728476141,35020.78540226009
6,persistence,2026-06-26,4118.680690423142,31864.99551244184
6,persistence,2026-06-27,3424.85477286065,24497.17494178787
6,persistence,2026-06-28,0.0,21684.38265192751
6,persistence,2026-06-29,0.0,16173.40765637152
6,persistence,2026-06-30,0.0,24563.31828446738
6,persistence,2026-07-01,0.0,26743.39728476141
6,persistence,2026-07-02,0.0,4118.680690423142
6,persistence,2026-07-03,0.0,3424.85477286065
6,persistence,2026-07-04,0.0,0.0
6,persistence,2026-07-05,8.358452526200495,0.0
6,persistence,2026-07-06,1548.477362288514,0.0
6,persistence,2026-07-07,0.0,0.0
6,persistence,2026-07-08,12175.06558400085,0.0
6,persistence,2026-07-09,0.0,0.0
6,persistence,2026-07-10,0.0,0.0
6,persistence,2026-07-11,0.0,8.358452526200495
6,persistence,2026-07-12,0.0,1548.477362288514
6,persistence,2026-07-13,2547.386090313617,0.0
6,persistence,2026-07-14,0.0,12175.06558400085
6,persistence,2026-07-15,0.0,0.0
6,persistence,2026-07-16,0.0,0.0
6,persistence,2026-07-17,0.0,0.0
6,persistence,2026-07-18,0.0,0.0
7,A_old_trained,2025-11-24,170801.8414968055,319929.39694888995
7,A_old_trained,2025-11-25,168695.2513560315,282331.932074116
7,A_old_trained,2025-11-26,162280.3512820562,250139.12729914335
7,A_old_trained,2025-11-27,150695.9364096984,226157.80875120696
7,A_old_trained,2025-11-28,146155.8711909035,209524.13792472682
7,A_old_trained,2025-11-29,142112.1251674911,191815.35806416982
7,A_old_trained,2025-11-30,128336.1512244437,181459.17641093943
7,A_old_trained,2025-12-01,123172.8626200811,170498.60107612173
7,A_old_trained,2025-12-02,118333.622935685,168392.01093534776
7,A_old_trained,2025-12-03,105974.2258759667,161977.11086137244
7,A_old_trained,2025-12-04,100182.1597185699,150392.69598901464
7,A_old_trained,2025-12-05,105777.9168306079,145852.63077021972
7,A_old_trained,2025-12-06,95674.64344875758,141808.88474680734
7,A_old_trained,2025-12-07,102286.8081684614,128032.91080375994
7,A_old_trained,2025-12-08,98510.33062773151,122869.62219939733
7,A_old_trained,2025-12-09,91571.26234193222,118030.38251500123
7,A_old_trained,2025-12-10,89250.45186240789,105670.98545528293
7,A_old_trained,2025-12-11,86114.73632646514,99878.91929788614
7,A_old_trained,2025-12-12,75862.80524445037,105474.67640992413
7,A_old_trained,2025-12-13,72806.88785966646,95371.40302807381
7,A_old_trained,2025-12-14,67326.7436279514,101983.56774777763
7,A_old_trained,2025-12-15,69477.14912641923,98207.09020704775
7,A_old_trained,2025-12-16,59737.54393713534,91268.02192124845
7,A_old_trained,2025-12-17,61014.29057677041,88947.21144172412
7,A_old_trained,2025-12-18,58606.43323292737,85811.49590578137
7,A_old_trained,2025-12-19,60641.28989477052,75559.5648237666
7,A_old_trained,2025-12-20,58575.915307928,72503.64743898269
7,A_old_trained,2025-12-21,52735.22662610265,67023.50320726763
7,A_old_trained,2025-12-22,45221.99825716334,69173.90870573546
7,A_old_trained,2025-12-23,44408.05284441299,59434.303516451575
7,B_new_trained,2025-11-24,170801.8414968055,320853.73085654574
7,B_new_trained,2025-11-25,168695.2513560315,283256.2659817718
7,B_new_trained,2025-11-26,162280.3512820562,251063.46120679914
7,B_new_trained,2025-11-27,150695.9364096984,227082.14265886275
7,B_new_trained,2025-11-28,146155.8711909035,210448.47183238267
7,B_new_trained,2025-11-29,142112.1251674911,192739.69197182567
7,B_new_trained,2025-11-30,128336.1512244437,182383.51031859528
7,B_new_trained,2025-12-01,123172.8626200811,171422.93498377752
7,B_new_trained,2025-12-02,118333.622935685,169316.34484300355
7,B_new_trained,2025-12-03,105974.2258759667,162901.44476902822
7,B_new_trained,2025-12-04,100182.1597185699,151317.02989667043
7,B_new_trained,2025-12-05,105777.9168306079,146776.96467787557
7,B_new_trained,2025-12-06,95674.64344875758,142733.21865446313
7,B_new_trained,2025-12-07,102286.8081684614,128957.24471141575
7,B_new_trained,2025-12-08,98510.33062773151,123793.95610705315
7,B_new_trained,2025-12-09,91571.26234193222,118954.71642265705
7,B_new_trained,2025-12-10,89250.45186240789,106595.31936293875
7,B_new_trained,2025-12-11,86114.73632646514,102499.91385965099
7,B_new_trained,2025-12-12,75862.80524445037,108095.67097168897
7,B_new_trained,2025-12-13,72806.88785966646,97992.39758983866
7,B_new_trained,2025-12-14,67326.7436279514,104604.56230954248
7,B_new_trained,2025-12-15,69477.14912641923,100828.0847688126
7,B_new_trained,2025-12-16,59737.54393713534,93889.0164830133
7,B_new_trained,2025-12-17,61014.29057677041,91568.20600348897
7,B_new_trained,2025-12-18,58606.43323292737,88432.49046754622
7,B_new_trained,2025-12-19,60641.28989477052,78180.55938553145
7,B_new_trained,2025-12-20,58575.915307928,75124.64200074754
7,B_new_trained,2025-12-21,52735.22662610265,69644.49776903247
7,B_new_trained,2025-12-22,45221.99825716334,71794.90326750031
7,B_new_trained,2025-12-23,44408.05284441299,62055.298078216416
7,persistence,2025-11-24,170801.8414968055,320232.6373695737
7,persistence,2025-11-25,168695.2513560315,282635.1724947998
7,persistence,2025-11-26,162280.3512820562,250442.3677198271
7,persistence,2025-11-27,150695.9364096984,226461.0491718907
7,persistence,2025-11-28,146155.8711909035,209827.3783454106
7,persistence,2025-11-29,142112.1251674911,192118.5984848536
7,persistence,2025-11-30,128336.1512244437,181762.4168316232
7,persistence,2025-12-01,123172.8626200811,170801.8414968055
7,persistence,2025-12-02,118333.622935685,168695.2513560315
7,persistence,2025-12-03,105974.2258759667,162280.3512820562
7,persistence,2025-12-04,100182.1597185699,150695.9364096984
7,persistence,2025-12-05,105777.9168306079,146155.8711909035
7,persistence,2025-12-06,95674.64344875758,142112.1251674911
7,persistence,2025-12-07,102286.8081684614,128336.1512244437
7,persistence,2025-12-08,98510.33062773151,123172.8626200811
7,persistence,2025-12-09,91571.26234193222,118333.622935685
7,persistence,2025-12-10,89250.45186240789,105974.2258759667
7,persistence,2025-12-11,86114.73632646514,100182.1597185699
7,persistence,2025-12-12,75862.80524445037,105777.9168306079
7,persistence,2025-12-13,72806.88785966646,95674.64344875758
7,persistence,2025-12-14,67326.7436279514,102286.8081684614
7,persistence,2025-12-15,69477.14912641923,98510.33062773151
7,persistence,2025-12-16,59737.54393713534,91571.26234193222
7,persistence,2025-12-17,61014.29057677041,89250.45186240789
7,persistence,2025-12-18,58606.43323292737,86114.73632646514
7,persistence,2025-12-19,60641.28989477052,75862.80524445037
7,persistence,2025-12-20,58575.915307928,72806.88785966646
7,persistence,2025-12-21,52735.22662610265,67326.7436279514
7,persistence,2025-12-22,45221.99825716334,69477.14912641923
7,persistence,2025-12-23,44408.05284441299,59737.54393713534
7,A_old_trained,2025-12-24,40484.07026904635,64893.80105128093
7,A_old_trained,2025-12-25,37856.28804302291,62962.38873010874
7,A_old_trained,2025-12-26,42454.87035829797,64886.85379850445
7,A_old_trained,2025-12-27,40621.68780879292,62931.87080510937
7,A_old_trained,2025-12-28,38841.39655611992,54829.390081781414
7,A_old_trained,2025-12-29,35062.85962274358,49289.73952631179
7,A_old_trained,2025-12-30,28196.25966596511,47354.14326627885
7,A_old_trained,2025-12-31,24052.600328715,45631.54755944135
7,A_old_trained,2026-01-01,0.0,43003.76533341791
7,A_old_trained,2026-01-02,1005.554128209214,48908.25705200629
7,A_old_trained,2026-01-03,4547.181981030939,48349.34758160393
7,A_old_trained,2026-01-04,2501.206056063745,44451.52072895816
7,A_old_trained,2026-01-05,7038.238120057628,40975.889401264634
7,A_old_trained,2026-01-06,5146.520075025873,35158.37691124751
7,A_old_trained,2026-01-07,6795.481323221639,31014.717573997408
7,A_old_trained,2026-01-08,7522.553062727141,6860.486136750011
7,A_old_trained,2026-01-09,9082.504002172822,11948.712448550867
7,A_old_trained,2026-01-10,9641.718665012206,17876.778499946286
7,A_old_trained,2026-01-11,7931.427796269722,15862.459372035051
7,A_old_trained,2026-01-12,6951.298485920801,20383.20663743106
7,A_old_trained,2026-01-13,6802.897787536684,18461.25031957106
7,A_old_trained,2026-01-14,6430.379010740346,20272.836501448703
7,A_old_trained,2026-01-15,4754.223042374496,20945.76798387639
7,A_old_trained,2026-01-16,5013.879969758142,22521.779081175067
7,A_old_trained,2026-01-17,5224.655702852328,23225.0430503432
7,A_old_trained,2026-01-18,5864.683898932829,22575.40212894411
7,A_old_trained,2026-01-19,6994.802601928017,21326.1313829723
7,A_old_trained,2026-01-20,11476.10062633418,20433.320790138416
7,A_old_trained,2026-01-21,5676.608802087474,19892.86791459725
7,A_old_trained,2026-01-22,11838.21534079677,18194.913683844843
7,B_new_trained,2025-12-24,40484.07026904635,62897.45704928923
7,B_new_trained,2025-12-25,37856.28804302291,60489.59970544619
7,B_new_trained,2025-12-26,42454.87035829797,62524.45636728934
7,B_new_trained,2025-12-27,40621.68780879292,60459.081780446824
7,B_new_trained,2025-12-28,38841.39655611992,54618.39309862148
7,B_new_trained,2025-12-29,35062.85962274358,47105.16472968216
7,B_new_trained,2025-12-30,28196.25966596511,46291.21931693181
7,B_new_trained,2025-12-31,24052.600328715,42367.236741565175
7,B_new_trained,2026-01-01,0.0,40123.161561610206
7,B_new_trained,2026-01-02,1005.554128209214,45605.938671487165
7,B_new_trained,2026-01-03,4547.181981030939,43772.756121982115
7,B_new_trained,2026-01-04,2501.206056063745,41944.971279044556
7,B_new_trained,2026-01-05,7038.238120057628,38632.380315790724
7,B_new_trained,2026-01-06,5146.520075025873,32995.78482539945
7,B_new_trained,2026-01-07,6795.481323221639,28852.125488149344
7,B_new_trained,2026-01-08,7522.553062727141,4950.8182235186705
7,B_new_trained,2026-01-09,9082.504002172822,5825.292292023236
7,B_new_trained,2026-01-10,9641.718665012206,8961.685431628892
7,B_new_trained,2026-01-11,7931.427796269722,6914.603143743236
7,B_new_trained,2026-01-12,6951.298485920801,11720.686033480482
7,B_new_trained,2026-01-13,6802.897787536684,9828.967988448727
7,B_new_trained,2026-01-14,6430.379010740346,11477.929236644493
7,B_new_trained,2026-01-15,4754.223042374496,12207.218598384265
7,B_new_trained,2026-01-16,5013.879969758142,13773.30780243411
7,B_new_trained,2026-01-17,5224.655702852328,14332.522465273494
7,B_new_trained,2026-01-18,5864.683898932829,12760.628209840641
7,B_new_trained,2026-01-19,6994.802601928017,11778.28127725745
7,B_new_trained,2026-01-20,11476.10062633418,11485.345700959537
7,B_new_trained,2026-01-21,5676.608802087474,11112.8269241632
7,B_new_trained,2026-01-22,11838.21534079677,9436.67095579735
7,persistence,2025-12-24,40484.07026904635,61014.29057677041
7,persistence,2025-12-25,37856.28804302291,58606.43323292737
7,persistence,2025-12-26,42454.87035829797,60641.28989477052
7,persistence,2025-12-27,40621.68780879292,58575.915307928
7,persistence,2025-12-28,38841.39655611992,52735.22662610265
7,persistence,2025-12-29,35062.85962274358,45221.99825716334
7,persistence,2025-12-30,28196.25966596511,44408.05284441299
7,persistence,2025-12-31,24052.600328715,40484.07026904635
7,persistence,2026-01-01,0.0,37856.28804302291
7,persistence,2026-01-02,1005.554128209214,42454.87035829797
7,persistence,2026-01-03,4547.181981030939,40621.68780879292
7,persistence,2026-01-04,2501.206056063745,38841.39655611992
7,persistence,2026-01-05,7038.238120057628,35062.85962274358
7,persistence,2026-01-06,5146.520075025873,28196.25966596511
7,persistence,2026-01-07,6795.481323221639,24052.600328715
7,persistence,2026-01-08,7522.553062727141,0.0
7,persistence,2026-01-09,9082.504002172822,1005.554128209214
7,persistence,2026-01-10,9641.718665012206,4547.181981030939
7,persistence,2026-01-11,7931.427796269722,2501.206056063745
7,persistence,2026-01-12,6951.298485920801,7038.238120057628
7,persistence,2026-01-13,6802.897787536684,5146.520075025873
7,persistence,2026-01-14,6430.379010740346,6795.481323221639
7,persistence,2026-01-15,4754.223042374496,7522.553062727141
7,persistence,2026-01-16,5013.879969758142,9082.504002172822
7,persistence,2026-01-17,5224.655702852328,9641.718665012206
7,persistence,2026-01-18,5864.683898932829,7931.427796269722
7,persistence,2026-01-19,6994.802601928017,6951.298485920801
7,persistence,2026-01-20,11476.10062633418,6802.897787536684
7,persistence,2026-01-21,5676.608802087474,6430.379010740346
7,persistence,2026-01-22,11838.21534079677,4754.223042374496
7,A_old_trained,2026-01-23,6614.983560953315,8532.790036643852
7,A_old_trained,2026-01-24,8220.106059791846,8743.565769738037
7,A_old_trained,2026-01-25,8037.136958042139,9383.593965818538
7,A_old_trained,2026-01-26,7249.710052871193,10513.712668813727
7,A_old_trained,2026-01-27,0.0,15377.356700634291
7,A_old_trained,2026-01-28,0.0,9265.924884532029
7,A_old_trained,2026-01-29,1167.570968068156,16070.690631917889
7,A_old_trained,2026-01-30,1167.570968068156,10204.29964339787
7,A_old_trained,2026-01-31,1167.570968068156,12252.800191674656
7,A_old_trained,2026-02-01,4170.535081053606,11738.611873103942
7,A_old_trained,2026-02-02,4172.782660970314,10890.73505739887
7,A_old_trained,2026-02-03,1168.765625470164,3169.9730556818995
7,A_old_trained,2026-02-04,1168.765625470164,6038.338182871179
7,A_old_trained,2026-02-05,4174.822262577526,7769.3574297619325
7,A_old_trained,2026-02-06,0.0,7769.3574297619325
7,A_old_trained,2026-02-07,1167.570968068156,7769.3574297619325
7,A_old_trained,2026-02-08,1167.570968068156,10653.243153690886
7,A_old_trained,2026-02-09,1167.570968068156,8698.83143699155
7,A_old_trained,2026-02-10,1167.570968068156,5694.814401491399
7,A_old_trained,2026-02-11,1167.570968068156,5694.814401491399
7,A_old_trained,2026-02-12,1167.570968068156,8373.355494541876
7,A_old_trained,2026-02-13,1167.570968068156,5948.595238093623
7,A_old_trained,2026-02-14,0.0,7769.3574297619325
7,A_old_trained,2026-02-15,3147.926173739526,7769.3574297619325
7,A_old_trained,2026-02-16,0.0,7769.3574297619325
7,A_old_trained,2026-02-17,4168.485571068196,7769.3574297619325
7,A_old_trained,2026-02-18,1167.570968068156,7769.3574297619325
7,A_old_trained,2026-02-19,1167.570968068156,7769.3574297619325
7,A_old_trained,2026-02-20,1167.570968068156,7769.3574297619325
7,A_old_trained,2026-02-21,1167.570968068156,6553.939456828741
7,B_new_trained,2026-01-23,6614.983560953315,5856.491731265456
7,B_new_trained,2026-01-24,8220.106059791846,6012.598527739878
7,B_new_trained,2026-01-25,8037.136958042139,6652.626723820378
7,B_new_trained,2026-01-26,7249.710052871193,7782.745426815566
7,B_new_trained,2026-01-27,0.0,12099.936919097978
7,B_new_trained,2026-01-28,0.0,6085.431761462787
7,B_new_trained,2026-01-29,1167.570968068156,12388.713283743356
7,B_new_trained,2026-01-30,1167.570968068156,6969.137583708862
7,B_new_trained,2026-01-31,1167.570968068156,8465.215407156244
7,B_new_trained,2026-02-01,4170.535081053606,8487.066303366637
7,B_new_trained,2026-02-02,4172.782660970314,7111.6769967388955
7,B_new_trained,2026-02-03,1168.765625470164,0.0
7,B_new_trained,2026-02-04,1168.765625470164,2891.3494947696818
7,B_new_trained,2026-02-05,4174.822262577526,4348.834206176124
7,B_new_trained,2026-02-06,0.0,4348.834206176124
7,B_new_trained,2026-02-07,1167.570968068156,4348.834206176124
7,B_new_trained,2026-02-08,1167.570968068156,7092.606759419658
7,B_new_trained,2026-02-09,1167.570968068156,5671.747323919205
7,B_new_trained,2026-02-10,1167.570968068156,2667.730288419055
7,B_new_trained,2026-02-11,1167.570968068156,2489.7053438476523
7,B_new_trained,2026-02-12,1167.570968068156,5379.409067780386
7,B_new_trained,2026-02-13,1167.570968068156,2641.5896857697826
7,B_new_trained,2026-02-14,0.0,4348.834206176124
7,B_new_trained,2026-02-15,3147.926173739526,4348.834206176124
7,B_new_trained,2026-02-16,0.0,4348.834206176124
7,B_new_trained,2026-02-17,4168.485571068196,4348.834206176124
7,B_new_trained,2026-02-18,1167.570968068156,4348.834206176124
7,B_new_trained,2026-02-19,1167.570968068156,4348.834206176124
7,B_new_trained,2026-02-20,1167.570968068156,4348.834206176124
7,B_new_trained,2026-02-21,1167.570968068156,3181.2632381079684
7,persistence,2026-01-23,6614.983560953315,5013.879969758142
7,persistence,2026-01-24,8220.106059791846,5224.655702852328
7,persistence,2026-01-25,8037.136958042139,5864.683898932829
7,persistence,2026-01-26,7249.710052871193,6994.802601928017
7,persistence,2026-01-27,0.0,11476.10062633418
7,persistence,2026-01-28,0.0,5676.608802087474
7,persistence,2026-01-29,1167.570968068156,11838.21534079677
7,persistence,2026-01-30,1167.570968068156,6614.983560953315
7,persistence,2026-01-31,1167.570968068156,8220.106059791846
7,persistence,2026-02-01,4170.535081053606,8037.136958042139
7,persistence,2026-02-02,4172.782660970314,7249.710052871193
7,persistence,2026-02-03,1168.765625470164,0.0
7,persistence,2026-02-04,1168.765625470164,0.0
7,persistence,2026-02-05,4174.822262577526,1167.570968068156
7,persistence,2026-02-06,0.0,1167.570968068156
7,persistence,2026-02-07,1167.570968068156,1167.570968068156
7,persistence,2026-02-08,1167.570968068156,4170.535081053606
7,persistence,2026-02-09,1167.570968068156,4172.782660970314
7,persistence,2026-02-10,1167.570968068156,1168.765625470164
7,persistence,2026-02-11,1167.570968068156,1168.765625470164
7,persistence,2026-02-12,1167.570968068156,4174.822262577526
7,persistence,2026-02-13,1167.570968068156,0.0
7,persistence,2026-02-14,0.0,1167.570968068156
7,persistence,2026-02-15,3147.926173739526,1167.570968068156
7,persistence,2026-02-16,0.0,1167.570968068156
7,persistence,2026-02-17,4168.485571068196,1167.570968068156
7,persistence,2026-02-18,1167.570968068156,1167.570968068156
7,persistence,2026-02-19,1167.570968068156,1167.570968068156
7,persistence,2026-02-20,1167.570968068156,1167.570968068156
7,persistence,2026-02-21,1167.570968068156,0.0
7,A_old_trained,2026-02-22,1232.360327093139,3765.014658570564
7,A_old_trained,2026-02-23,1232.360327093139,0.0
7,A_old_trained,2026-02-24,0.0,4672.652539292202
7,A_old_trained,2026-02-25,7232.699243493119,1671.7379362921622
7,A_old_trained,2026-02-26,0.0,1671.7379362921622
7,A_old_trained,2026-02-27,4231.157917663651,1552.96154641608
7,A_old_trained,2026-02-28,10240.97433716826,1552.96154641608
7,A_old_trained,2026-03-01,0.0,1617.750905441063
7,A_old_trained,2026-03-02,7240.005734046325,1617.750905441063
7,A_old_trained,2026-03-03,0.0,0.0
7,A_old_trained,2026-03-04,0.0,7618.089821841043
7,A_old_trained,2026-03-05,0.0,0.0
7,A_old_trained,2026-03-06,4588.915562032591,4616.548496011575
7,A_old_trained,2026-03-07,1051.725638716127,10167.166576593383
7,A_old_trained,2026-03-08,1171.730949081183,0.0
7,A_old_trained,2026-03-09,1231.733604263711,7166.197973471449
7,A_old_trained,2026-03-10,1591.827078183679,0.0
7,A_old_trained,2026-03-11,3694.787865385309,0.0
7,A_old_trained,2026-03-12,29442.79622979818,0.0
7,A_old_trained,2026-03-13,3141.663118533274,5460.062126399804
7,A_old_trained,2026-03-14,15588.06166423388,1747.8395565917654
7,A_old_trained,2026-03-15,0.0,1867.8448669568215
7,A_old_trained,2026-03-16,0.0,1739.6275722885914
7,A_old_trained,2026-03-17,7447.294367083702,2417.861678415945
7,A_old_trained,2026-03-18,0.0,4355.79054533057
7,A_old_trained,2026-03-19,1300.310608590011,19568.500548047094
7,A_old_trained,2026-03-20,0.0,660.5612574976135
7,A_old_trained,2026-03-21,0.0,13238.53713471031
7,A_old_trained,2026-03-22,0.0,0.0
7,A_old_trained,2026-03-23,0.0,0.0
7,B_new_trained,2026-02-22,1232.360327093139,3873.1779900296747
7,B_new_trained,2026-02-23,1232.360327093139,649.9328578706027
7,B_new_trained,2026-02-24,0.0,4892.324731957241
7,B_new_trained,2026-02-25,7232.699243493119,1591.8683353948638
7,B_new_trained,2026-02-26,0.0,1665.7746384133063
7,B_new_trained,2026-02-27,4231.157917663651,1611.3580480734129
7,B_new_trained,2026-02-28,10240.97433716826,1611.3580480734129
7,B_new_trained,2026-03-01,0.0,1676.147407098396
7,B_new_trained,2026-03-02,7240.005734046325,1676.147407098396
7,B_new_trained,2026-03-03,0.0,438.4669675156256
7,B_new_trained,2026-03-04,0.0,7685.816940506694
7,B_new_trained,2026-03-05,0.0,364.5606644971831
7,B_new_trained,2026-03-06,4588.915562032591,4695.844662007271
7,B_new_trained,2026-03-07,1051.725638716127,10270.333144124097
7,B_new_trained,2026-03-08,1171.730949081183,438.4669675156256
7,B_new_trained,2026-03-09,1231.733604263711,7383.651140246203
7,B_new_trained,2026-03-10,1591.827078183679,364.5606644971831
7,B_new_trained,2026-03-11,3694.787865385309,740.831368138879
7,B_new_trained,2026-03-12,29442.79622979818,620.9419599025332
7,B_new_trained,2026-03-13,3141.663118533274,5433.164056247288
7,B_new_trained,2026-03-14,15588.06166423388,1779.4237012795456
7,B_new_trained,2026-03-15,0.0,1973.3353146630425
7,B_new_trained,2026-03-16,0.0,1760.821698541937
7,B_new_trained,2026-03-17,7447.294367083702,2703.7846149453335
7,B_new_trained,2026-03-18,0.0,4496.392230967169
7,B_new_trained,2026-03-19,1300.310608590011,21002.64520330308
7,B_new_trained,2026-03-20,0.0,0.0
7,B_new_trained,2026-03-21,0.0,11192.063719738744
7,B_new_trained,2026-03-22,0.0,334.03218665138775
7,B_new_trained,2026-03-23,0.0,445.25129400842343
7,persistence,2026-02-22,1232.360327093139,3147.926173739526
7,persistence,2026-02-23,1232.360327093139,0.0
7,persistence,2026-02-24,0.0,4168.485571068196
7,persistence,2026-02-25,7232.699243493119,1167.570968068156
7,persistence,2026-02-26,0.0,1167.570968068156
7,persistence,2026-02-27,4231.157917663651,1167.570968068156
7,persistence,2026-02-28,10240.97433716826,1167.570968068156
7,persistence,2026-03-01,0.0,1232.360327093139
7,persistence,2026-03-02,7240.005734046325,1232.360327093139
7,persistence,2026-03-03,0.0,0.0
7,persistence,2026-03-04,0.0,7232.699243493119
7,persistence,2026-03-05,0.0,0.0
7,persistence,2026-03-06,4588.915562032591,4231.157917663651
7,persistence,2026-03-07,1051.725638716127,10240.97433716826
7,persistence,2026-03-08,1171.730949081183,0.0
7,persistence,2026-03-09,1231.733604263711,7240.005734046325
7,persistence,2026-03-10,1591.827078183679,0.0
7,persistence,2026-03-11,3694.787865385309,0.0
7,persistence,2026-03-12,29442.79622979818,0.0
7,persistence,2026-03-13,3141.663118533274,4588.915562032591
7,persistence,2026-03-14,15588.06166423388,1051.725638716127
7,persistence,2026-03-15,0.0,1171.730949081183
7,persistence,2026-03-16,0.0,1231.733604263711
7,persistence,2026-03-17,7447.294367083702,1591.827078183679
7,persistence,2026-03-18,0.0,3694.787865385309
7,persistence,2026-03-19,1300.310608590011,29442.79622979818
7,persistence,2026-03-20,0.0,3141.663118533274
7,persistence,2026-03-21,0.0,15588.06166423388
7,persistence,2026-03-22,0.0,0.0
7,persistence,2026-03-23,0.0,0.0
7,A_old_trained,2026-03-24,1216.506094919201,6744.679449440277
7,A_old_trained,2026-03-25,1357.9623387935,0.0
7,A_old_trained,2026-03-26,0.0,906.4150377804574
7,A_old_trained,2026-03-27,19185.66181159556,31.504757678450005
7,A_old_trained,2026-03-28,0.0,224.1608899488574
7,A_old_trained,2026-03-29,0.0,224.1608899488574
7,A_old_trained,2026-03-30,1357.1851159841,224.1608899488574
7,A_old_trained,2026-03-31,4320.271751993509,1471.1189439280795
7,A_old_trained,2026-04-01,0.0,1612.5751878023787
7,A_old_trained,2026-04-02,0.0,254.61284900887858
7,A_old_trained,2026-04-03,0.0,20692.897001476675
7,A_old_trained,2026-04-04,0.0,605.2486895493157
7,A_old_trained,2026-04-05,0.0,259.30523562742474
7,A_old_trained,2026-04-06,0.0,1611.7979649929787
7,A_old_trained,2026-04-07,0.0,4574.884601002387
7,A_old_trained,2026-04-08,0.0,224.1608899488574
7,A_old_trained,2026-04-09,0.0,224.1608899488574
7,A_old_trained,2026-04-10,0.0,224.1608899488574
7,A_old_trained,2026-04-11,0.0,224.1608899488574
7,A_old_trained,2026-04-12,0.0,224.1608899488574
7,A_old_trained,2026-04-13,7142.04282863685,181.44975504799277
7,A_old_trained,2026-04-14,0.0,167.32559079537805
7,A_old_trained,2026-04-15,1330.35764373476,167.32559079537805
7,A_old_trained,2026-04-16,0.0,196.1955530320438
7,A_old_trained,2026-04-17,0.0,196.1955530320438
7,A_old_trained,2026-04-18,0.0,193.33702400619313
7,A_old_trained,2026-04-19,4175.652946526906,182.07138877942907
7,A_old_trained,2026-04-20,0.0,7368.690340728915
7,A_old_trained,2026-04-21,7134.507354545481,182.07138877942907
7,A_old_trained,2026-04-22,1329.99703624549,1557.0051558268249
7,B_new_trained,2026-03-24,1216.506094919201,6735.1707943348065
7,B_new_trained,2026-03-25,1357.9623387935,0.0
7,B_new_trained,2026-03-26,0.0,1217.8230859767602
7,B_new_trained,2026-03-27,19185.66181159556,0.0
7,B_new_trained,2026-03-28,0.0,140.61174957824733
7,B_new_trained,2026-03-29,0.0,87.494184460631
7,B_new_trained,2026-03-30,1357.1851159841,87.494184460631
7,B_new_trained,2026-03-31,4320.271751993509,1175.0518493086827
7,B_new_trained,2026-04-01,0.0,1316.5080931829818
7,B_new_trained,2026-04-02,0.0,11.663319507098095
7,B_new_trained,2026-04-03,0.0,19539.69120387075
7,B_new_trained,2026-04-04,0.0,0.0
7,B_new_trained,2026-04-05,0.0,406.4025748969934
7,B_new_trained,2026-04-06,0.0,1315.7308703735819
7,B_new_trained,2026-04-07,0.0,4278.81750638299
7,B_new_trained,2026-04-08,0.0,140.61174957824733
7,B_new_trained,2026-04-09,0.0,140.61174957824733
7,B_new_trained,2026-04-10,0.0,87.494184460631
7,B_new_trained,2026-04-11,0.0,87.494184460631
7,B_new_trained,2026-04-12,0.0,87.494184460631
7,B_new_trained,2026-04-13,7142.04282863685,79.80117994329157
7,B_new_trained,2026-04-14,0.0,0.0
7,B_new_trained,2026-04-15,1330.35764373476,30.93185560929942
7,B_new_trained,2026-04-16,0.0,123.69898398934674
7,B_new_trained,2026-04-17,0.0,123.69898398934674
7,B_new_trained,2026-04-18,0.0,0.0
7,B_new_trained,2026-04-19,4175.652946526906,74.82965965535459
7,B_new_trained,2026-04-20,0.0,7150.513753221283
7,B_new_trained,2026-04-21,7134.507354545481,115.48757923464382
7,B_new_trained,2026-04-22,1329.99703624549,1409.120699314947
7,persistence,2026-03-24,1216.506094919201,7447.294367083702
7,persistence,2026-03-25,1357.9623387935,0.0
7,persistence,2026-03-26,0.0,1300.310608590011
7,persistence,2026-03-27,19185.66181159556,0.0
7,persistence,2026-03-28,0.0,0.0
7,persistence,2026-03-29,0.0,0.0
7,persistence,2026-03-30,1357.1851159841,0.0
7,persistence,2026-03-31,4320.271751993509,1216.506094919201
7,persistence,2026-04-01,0.0,1357.9623387935
7,persistence,2026-04-02,0.0,0.0
7,persistence,2026-04-03,0.0,19185.66181159556
7,persistence,2026-04-04,0.0,0.0
7,persistence,2026-04-05,0.0,0.0
7,persistence,2026-04-06,0.0,1357.1851159841
7,persistence,2026-04-07,0.0,4320.271751993509
7,persistence,2026-04-08,0.0,0.0
7,persistence,2026-04-09,0.0,0.0
7,persistence,2026-04-10,0.0,0.0
7,persistence,2026-04-11,0.0,0.0
7,persistence,2026-04-12,0.0,0.0
7,persistence,2026-04-13,7142.04282863685,0.0
7,persistence,2026-04-14,0.0,0.0
7,persistence,2026-04-15,1330.35764373476,0.0
7,persistence,2026-04-16,0.0,0.0
7,persistence,2026-04-17,0.0,0.0
7,persistence,2026-04-18,0.0,0.0
7,persistence,2026-04-19,4175.652946526906,0.0
7,persistence,2026-04-20,0.0,7142.04282863685
7,persistence,2026-04-21,7134.507354545481,0.0
7,persistence,2026-04-22,1329.99703624549,1330.35764373476
7,A_old_trained,2026-04-23,0.0,51.83681980821689
7,A_old_trained,2026-04-24,0.0,51.83681980821689
7,A_old_trained,2026-04-25,4156.934105248899,1451.2730395715744
7,A_old_trained,2026-04-26,0.0,6232.317599347009
7,A_old_trained,2026-04-27,0.0,2124.192097507373
7,A_old_trained,2026-04-28,0.0,9149.052948198627
7,A_old_trained,2026-04-29,0.0,2723.402630694025
7,A_old_trained,2026-04-30,3575.559741841224,373.1346005452492
7,A_old_trained,2026-05-01,8337.097621055189,373.1346005452492
7,A_old_trained,2026-05-02,7067.388500442302,4208.770925057116
7,A_old_trained,2026-05-03,3288.46284526218,119.36426449548776
7,A_old_trained,2026-05-04,609.3285666212043,51.83681980821689
7,A_old_trained,2026-05-05,327.4079784250729,2295.783044141956
7,A_old_trained,2026-05-06,64024.57078417507,2295.783044141956
7,A_old_trained,2026-05-07,29895.40787851404,6367.534035948417
7,A_old_trained,2026-05-08,9279.572203576883,14057.860426149284
7,A_old_trained,2026-05-09,16077.61184919209,12772.402919580316
7,A_old_trained,2026-05-10,0.0,9048.320656292673
7,A_old_trained,2026-05-11,10216.22369505713,6327.298159845984
7,A_old_trained,2026-05-12,3927.997988633625,6045.377571649852
7,A_old_trained,2026-05-13,85867.63959680006,66997.2149643125
7,A_old_trained,2026-05-14,61048.47974927562,24599.73261219372
7,A_old_trained,2026-05-15,108733.3367135785,14471.269660278667
7,A_old_trained,2026-05-16,141212.5627369919,22585.774674124208
7,A_old_trained,2026-05-17,185517.9117316547,5675.391880688483
7,A_old_trained,2026-05-18,179597.995600109,15875.86718978953
7,A_old_trained,2026-05-19,193356.5957728531,9603.389869322109
7,A_old_trained,2026-05-20,349365.1598969635,67836.34853495903
7,A_old_trained,2026-05-21,433838.0231737584,30513.820650704434
7,A_old_trained,2026-05-22,507809.2200161263,79859.60710691675
7,B_new_trained,2026-04-23,0.0,132.80803945606704
7,B_new_trained,2026-04-24,0.0,132.80803945606704
7,B_new_trained,2026-04-25,4156.934105248899,961.2875459246825
7,B_new_trained,2026-04-26,0.0,5650.133040633344
7,B_new_trained,2026-04-27,0.0,1544.2350916444252
7,B_new_trained,2026-04-28,0.0,8624.045409557835
7,B_new_trained,2026-04-29,0.0,2231.710728876553
7,B_new_trained,2026-04-30,3575.559741841224,478.9430578092697
7,B_new_trained,2026-05-01,8337.097621055189,389.36381193849866
7,B_new_trained,2026-05-02,7067.388500442302,4289.7421447049655
7,B_new_trained,2026-05-03,3288.46284526218,202.56303699405544
7,B_new_trained,2026-05-04,609.3285666212043,132.80803945606704
7,B_new_trained,2026-05-05,327.4079784250729,2471.8537758661
7,B_new_trained,2026-05-06,64024.57078417507,5208.327238814527
7,B_new_trained,2026-05-07,29895.40787851404,8832.48428245067
7,B_new_trained,2026-05-08,9279.572203576883,13668.653975864174
7,B_new_trained,2026-05-09,16077.61184919209,12430.246720849762
7,B_new_trained,2026-05-10,0.0,8544.379537233075
7,B_new_trained,2026-05-11,10216.22369505713,5900.518251479246
7,B_new_trained,2026-05-12,3927.997988633625,5529.018417412343
7,B_new_trained,2026-05-13,85867.63959680006,70063.17965007048
7,B_new_trained,2026-05-14,61048.47974927562,30364.925611146027
7,B_new_trained,2026-05-15,108733.3367135785,12675.18561535593
7,B_new_trained,2026-05-16,141212.5627369919,22099.414865386556
7,B_new_trained,2026-05-17,185517.9117316547,5279.19398279147
7,B_new_trained,2026-05-18,179597.995600109,15711.655681756838
7,B_new_trained,2026-05-19,193356.5957728531,9030.876662797142
7,B_new_trained,2026-05-20,349365.1598969635,58524.7891274313
7,B_new_trained,2026-05-21,433838.0231737584,29906.433317092153
7,B_new_trained,2026-05-22,507809.2200161263,73960.48561997738
7,persistence,2026-04-23,0.0,0.0
7,persistence,2026-04-24,0.0,0.0
7,persistence,2026-04-25,4156.934105248899,0.0
7,persistence,2026-04-26,0.0,4175.652946526906
7,persistence,2026-04-27,0.0,0.0
7,persistence,2026-04-28,0.0,7134.507354545481
7,persistence,2026-04-29,0.0,1329.99703624549
7,persistence,2026-04-30,3575.559741841224,0.0
7,persistence,2026-05-01,8337.097621055189,0.0
7,persistence,2026-05-02,7067.388500442302,4156.934105248899
7,persistence,2026-05-03,3288.46284526218,0.0
7,persistence,2026-05-04,609.3285666212043,0.0
7,persistence,2026-05-05,327.4079784250729,0.0
7,persistence,2026-05-06,64024.57078417507,0.0
7,persistence,2026-05-07,29895.40787851404,3575.559741841224
7,persistence,2026-05-08,9279.572203576883,8337.097621055189
7,persistence,2026-05-09,16077.61184919209,7067.388500442302
7,persistence,2026-05-10,0.0,3288.46284526218
7,persistence,2026-05-11,10216.22369505713,609.3285666212043
7,persistence,2026-05-12,3927.997988633625,327.4079784250729
7,persistence,2026-05-13,85867.63959680006,64024.57078417507
7,persistence,2026-05-14,61048.47974927562,29895.40787851404
7,persistence,2026-05-15,108733.3367135785,9279.572203576883
7,persistence,2026-05-16,141212.5627369919,16077.61184919209
7,persistence,2026-05-17,185517.9117316547,0.0
7,persistence,2026-05-18,179597.995600109,10216.22369505713
7,persistence,2026-05-19,193356.5957728531,3927.997988633625
7,persistence,2026-05-20,349365.1598969635,85867.63959680006
7,persistence,2026-05-21,433838.0231737584,61048.47974927562
7,persistence,2026-05-22,507809.2200161263,108733.3367135785
7,A_old_trained,2026-05-23,602775.1641346975,99923.15186285911
7,A_old_trained,2026-05-24,553516.0898851521,141420.92163550557
7,A_old_trained,2026-05-25,449557.2543120539,136444.56849817006
7,A_old_trained,2026-05-26,240641.9388894092,147083.41069415514
7,A_old_trained,2026-05-27,216085.9110082715,299113.20802426536
7,A_old_trained,2026-05-28,198275.3925303018,384003.295533329
7,A_old_trained,2026-05-29,192990.3100497752,457557.26814342814
7,A_old_trained,2026-05-30,201843.6206251707,557342.2296795727
7,A_old_trained,2026-05-31,174582.3631776166,511363.54183085077
7,A_old_trained,2026-06-01,165844.9237883183,398250.2890458038
7,A_old_trained,2026-06-02,156694.7359268938,194785.97804298002
7,A_old_trained,2026-06-03,160301.5900719157,170074.38428402256
7,A_old_trained,2026-06-04,166649.5271781315,152419.4316838726
7,A_old_trained,2026-06-05,189788.4728931298,147134.349203346
7,A_old_trained,2026-06-06,201768.2313126253,161541.33702972336
7,A_old_trained,2026-06-07,174580.9152624754,136344.82416537625
7,A_old_trained,2026-06-08,133852.9901506277,137858.3172928991
7,A_old_trained,2026-06-09,141713.5315307741,129952.75302120551
7,A_old_trained,2026-06-10,121801.9629150302,128945.58590735168
7,A_old_trained,2026-06-11,80097.31022858075,137346.2489347113
7,A_old_trained,2026-06-12,79432.17603844083,145243.43565816132
7,A_old_trained,2026-06-13,51854.03477584177,155495.04623392737
7,A_old_trained,2026-06-14,47047.00811797024,130372.47476698447
7,A_old_trained,2026-06-15,49498.13353825355,89644.54965513677
7,A_old_trained,2026-06-16,48315.2033726697,98560.10442883518
7,A_old_trained,2026-06-17,44125.329575858,86911.2036945424
7,A_old_trained,2026-06-18,35020.78540226009,45206.55100809295
7,A_old_trained,2026-06-19,31864.99551244184,52625.098133628955
7,A_old_trained,2026-06-20,24497.17494178787,31652.890411723292
7,A_old_trained,2026-06-21,21684.38265192751,30444.687124196214
7,B_new_trained,2026-05-23,602775.1641346975,96404.0582854413
7,B_new_trained,2026-05-24,553516.0898851521,145305.1969672485
7,B_new_trained,2026-05-25,449557.2543120539,138731.85503728897
7,B_new_trained,2026-05-26,240641.9388894092,139687.9396593556
7,B_new_trained,2026-05-27,216085.9110082715,297675.4485063174
7,B_new_trained,2026-05-28,198275.3925303018,384968.56214683194
7,B_new_trained,2026-05-29,192990.3100497752,450119.01189703087
7,B_new_trained,2026-05-30,201843.6206251707,547096.0780507702
7,B_new_trained,2026-05-31,174582.3631776166,507096.7964750561
7,B_new_trained,2026-06-01,165844.9237883183,395983.29044015857
7,B_new_trained,2026-06-02,156694.7359268938,190015.56960746212
7,B_new_trained,2026-06-03,160301.5900719157,167152.78882855835
7,B_new_trained,2026-06-04,166649.5271781315,152858.3920530108
7,B_new_trained,2026-06-05,189788.4728931298,147573.3095724842
7,B_new_trained,2026-06-06,201768.2313126253,159863.45179366614
7,B_new_trained,2026-06-07,174580.9152624754,136918.0393693976
7,B_new_trained,2026-06-08,133852.9901506277,134921.284355562
7,B_new_trained,2026-06-09,141713.5315307741,127905.10004156298
7,B_new_trained,2026-06-10,121801.9629150302,124435.44857732803
7,B_new_trained,2026-06-11,80097.31022858075,135037.85269784945
7,B_new_trained,2026-06-12,79432.17603844083,141329.18558428838
7,B_new_trained,2026-06-13,51854.03477584177,148099.5751991278
7,B_new_trained,2026-06-14,47047.00811797024,131202.52244960496
7,B_new_trained,2026-06-15,49498.13353825355,91934.28142880638
7,B_new_trained,2026-06-16,48315.2033726697,99406.06422784405
7,B_new_trained,2026-06-17,44125.329575858,87441.55410394013
7,B_new_trained,2026-06-18,35020.78540226009,47241.623663444756
7,B_new_trained,2026-06-19,31864.99551244184,51983.874684908114
7,B_new_trained,2026-06-20,24497.17494178787,29932.597436878612
7,B_new_trained,2026-06-21,21684.38265192751,29300.884313406365
7,persistence,2026-05-23,602775.1641346975,141212.5627369919
7,persistence,2026-05-24,553516.0898851521,185517.9117316547
7,persistence,2026-05-25,449557.2543120539,179597.995600109
7,persistence,2026-05-26,240641.9388894092,193356.5957728531
7,persistence,2026-05-27,216085.9110082715,349365.1598969635
7,persistence,2026-05-28,198275.3925303018,433838.0231737584
7,persistence,2026-05-29,192990.3100497752,507809.2200161263
7,persistence,2026-05-30,201843.6206251707,602775.1641346975
7,persistence,2026-05-31,174582.3631776166,553516.0898851521
7,persistence,2026-06-01,165844.9237883183,449557.2543120539
7,persistence,2026-06-02,156694.7359268938,240641.9388894092
7,persistence,2026-06-03,160301.5900719157,216085.9110082715
7,persistence,2026-06-04,166649.5271781315,198275.3925303018
7,persistence,2026-06-05,189788.4728931298,192990.3100497752
7,persistence,2026-06-06,201768.2313126253,201843.6206251707
7,persistence,2026-06-07,174580.9152624754,174582.3631776166
7,persistence,2026-06-08,133852.9901506277,165844.9237883183
7,persistence,2026-06-09,141713.5315307741,156694.7359268938
7,persistence,2026-06-10,121801.9629150302,160301.5900719157
7,persistence,2026-06-11,80097.31022858075,166649.5271781315
7,persistence,2026-06-12,79432.17603844083,189788.4728931298
7,persistence,2026-06-13,51854.03477584177,201768.2313126253
7,persistence,2026-06-14,47047.00811797024,174580.9152624754
7,persistence,2026-06-15,49498.13353825355,133852.9901506277
7,persistence,2026-06-16,48315.2033726697,141713.5315307741
7,persistence,2026-06-17,44125.329575858,121801.9629150302
7,persistence,2026-06-18,35020.78540226009,80097.31022858075
7,persistence,2026-06-19,31864.99551244184,79432.17603844083
7,persistence,2026-06-20,24497.17494178787,51854.03477584177
7,persistence,2026-06-21,21684.38265192751,47047.00811797024
7,A_old_trained,2026-06-22,16173.40765637152,25592.18953640881
7,A_old_trained,2026-06-23,24563.31828446738,26535.716247007455
7,A_old_trained,2026-06-24,26743.39728476141,22554.56091639481
7,A_old_trained,2026-06-25,4118.680690423142,18328.047011603434
7,A_old_trained,2026-06-26,3424.85477286065,16962.61698019974
7,A_old_trained,2026-06-27,0.0,11896.80263215961
7,A_old_trained,2026-06-28,0.0,10228.20880286137
7,A_old_trained,2026-06-29,0.0,9145.625413744532
7,A_old_trained,2026-06-30,0.0,15291.327888628448
7,A_old_trained,2026-07-01,0.0,16067.540857339032
7,A_old_trained,2026-07-02,0.0,4938.91082323336
7,A_old_trained,2026-07-03,0.0,10116.219202079054
7,A_old_trained,2026-07-04,8.358452526200495,13940.740115370598
7,A_old_trained,2026-07-05,1548.477362288514,11189.903231864968
7,A_old_trained,2026-07-06,0.0,9400.191386557182
7,A_old_trained,2026-07-07,12175.06558400085,8423.56320968432
7,A_old_trained,2026-07-08,0.0,2867.6047267297563
7,A_old_trained,2026-07-09,0.0,3919.7272790178586
7,A_old_trained,2026-07-10,0.0,3705.7128078259207
7,A_old_trained,2026-07-11,0.0,8093.686660224929
7,A_old_trained,2026-07-12,2547.386090313617,7792.712502672921
7,A_old_trained,2026-07-13,0.0,6118.7508671219775
7,A_old_trained,2026-07-14,0.0,31957.297652083034
7,A_old_trained,2026-07-15,0.0,17098.832419393613
7,A_old_trained,2026-07-16,0.0,13896.55130269973
7,A_old_trained,2026-07-17,0.0,5447.644971454481
7,B_new_trained,2026-06-22,16173.40765637152,27914.471868289795
7,B_new_trained,2026-06-23,24563.31828446738,28722.943641725993
7,B_new_trained,2026-06-24,26743.39728476141,24483.595094033553
7,B_new_trained,2026-06-25,4118.680690423142,16681.730035201632
7,B_new_trained,2026-06-26,3424.85477286065,15743.69062239235
7,B_new_trained,2026-06-27,0.0,10465.946627963533
7,B_new_trained,2026-06-28,0.0,8425.967969400179
7,B_new_trained,2026-06-29,0.0,7528.863406656126
7,B_new_trained,2026-06-30,0.0,15279.79550321694
7,B_new_trained,2026-07-01,0.0,17222.40982847575
7,B_new_trained,2026-07-02,0.0,4456.12597159147
7,B_new_trained,2026-07-03,0.0,11162.61885628973
7,B_new_trained,2026-07-04,8.358452526200495,19334.201379396807
7,B_new_trained,2026-07-05,1548.477362288514,15846.02032970901
7,B_new_trained,2026-07-06,0.0,10130.977160075005
7,B_new_trained,2026-07-07,12175.06558400085,9308.7828122432
7,B_new_trained,2026-07-08,0.0,3878.9712747577832
7,B_new_trained,2026-07-09,0.0,2271.4996227562497
7,B_new_trained,2026-07-10,0.0,2545.3200195503186
7,B_new_trained,2026-07-11,0.0,9802.710916389904
7,B_new_trained,2026-07-12,2547.386090313617,9278.415792415106
7,B_new_trained,2026-07-13,0.0,3573.306647515367
7,B_new_trained,2026-07-14,0.0,45683.69324599066
7,B_new_trained,2026-07-15,0.0,32758.271001301095
7,B_new_trained,2026-07-16,0.0,24012.326746256582
7,B_new_trained,2026-07-17,0.0,7488.0595325747745
7,persistence,2026-06-22,16173.40765637152,49498.13353825355
7,persistence,2026-06-23,24563.31828446738,48315.2033726697
7,persistence,2026-06-24,26743.39728476141,44125.329575858
7,persistence,2026-06-25,4118.680690423142,35020.78540226009
7,persistence,2026-06-26,3424.85477286065,31864.99551244184
7,persistence,2026-06-27,0.0,24497.17494178787
7,persistence,2026-06-28,0.0,21684.38265192751
7,persistence,2026-06-29,0.0,16173.40765637152
7,persistence,2026-06-30,0.0,24563.31828446738
7,persistence,2026-07-01,0.0,26743.39728476141
7,persistence,2026-07-02,0.0,4118.680690423142
7,persistence,2026-07-03,0.0,3424.85477286065
7,persistence,2026-07-04,8.358452526200495,0.0
7,persistence,2026-07-05,1548.477362288514,0.0
7,persistence,2026-07-06,0.0,0.0
7,persistence,2026-07-07,12175.06558400085,0.0
7,persistence,2026-07-08,0.0,0.0
7,persistence,2026-07-09,0.0,0.0
7,persistence,2026-07-10,0.0,0.0
7,persistence,2026-07-11,0.0,8.358452526200495
7,persistence,2026-07-12,2547.386090313617,1548.477362288514
7,persistence,2026-07-13,0.0,0.0
7,persistence,2026-07-14,0.0,12175.06558400085
7,persistence,2026-07-15,0.0,0.0
7,persistence,2026-07-16,0.0,0.0
7,persistence,2026-07-17,0.0,0.0
