Date,Q_in_t (m3/day),Water_Level_t (m),Storage_S_t (m3),DeltaS_t (m3/day),%Full_t,Rain_obs_t (mm),API_t (mm),Qin_lag1 (m3/day),Qin_lag2 (m3/day),Rain_roll3 (mm),Rain_roll5 (mm),Rain_roll7 (mm),y1=Q_in_t+1 (m3/day),y2=Q_in_t+2 (m3/day),y3=Q_in_t+3 (m3/day),y4=Q_in_t+4 (m3/day),y5=Q_in_t+5 (m3/day),y6=Q_in_t+6 (m3/day),y7=Q_in_t+7 (m3/day),manual_copy_paste_error_corrected,correction_note,data_lineage_uncertain,lineage_group,training_value_replaced_no_duplicate_evidence,raw_diverged_from_training_snapshot,Q_old,fallback_old_formula
2025-06-27,15819.46327469595,489.48602,1607444.5930314,,98.8914446176784,0.6,0.6,,,0.6,0.6,0.6,20860.08151330952,19003.23195333474,16000.86389843489,16137.62108753355,18000.43032411932,16138.19443541257,16528.11393416406,False,,False,RAW_REBUILD_v2_20260725,False,False,15819.46327469595,True
2025-06-28,20860.08151330952,489.506,1613444.9319478,6000.338916399982,99.26059089258634,3.8,4.37,15819.46327469595,,4.4,4.4,4.4,19003.23195333474,16000.86389843489,16137.62108753355,18000.43032411932,16138.19443541257,16528.11393416406,17122.31325676693,False,,False,RAW_REBUILD_v2_20260725,False,False,20860.08151330952,True
2025-06-29,19003.23195333474,489.51102,1616447.3000027,3002.3680548998527,99.445299289697,0.0,4.1515,20860.08151330952,15819.46327469595,4.4,4.4,4.4,16000.86389843489,16137.62108753355,18000.43032411932,16138.19443541257,16528.11393416406,17122.31325676693,21203.68738411067,False,,False,RAW_REBUILD_v2_20260725,False,False,19003.231953334736,True
2025-06-30,16000.86389843489,489.51102,1616447.3000027,0.0,99.445299289697,0.0,3.9439249999999992,19003.23195333474,20860.08151330952,3.8,4.4,4.4,16137.62108753355,18000.43032411932,16138.19443541257,16528.11393416406,17122.31325676693,21203.68738411067,26786.8157710225,False,,False,RAW_REBUILD_v2_20260725,False,False,16000.863898434884,True
2025-07-01,16137.62108753355,489.518,1616447.3000027,0.0,99.445299289697,0.0,3.746728749999999,16000.86389843489,19003.23195333474,0.0,4.4,4.4,18000.43032411932,16138.19443541257,16528.11393416406,17122.31325676693,21203.68738411067,26786.8157710225,26007.77503115092,False,,False,RAW_REBUILD_v2_20260725,False,False,16137.62108753355,False
2025-07-02,18000.43032411932,489.524,1619451.3170382,3004.0170355001464,99.630109133585,3.8,7.359392312499999,16137.62108753355,16000.86389843489,3.8,7.6,8.2,16138.19443541257,16528.11393416406,17122.31325676693,21203.68738411067,26786.8157710225,26007.77503115092,24036.78827627454,False,,False,RAW_REBUILD_v2_20260725,False,False,18000.430324119316,False
2025-07-03,16138.19443541257,489.524,1619451.3170382,0.0,99.630109133585,0.0,6.991422696874999,18000.43032411932,16137.62108753355,3.8,3.8,8.2,16528.11393416406,17122.31325676693,21203.68738411067,26786.8157710225,26007.77503115092,24036.78827627454,15801.51192041808,False,,False,RAW_REBUILD_v2_20260725,False,False,16551.135553712575,False
2025-07-04,16528.11393416406,489.557,1628472.3057532,9020.988714999983,100.18508851500414,30.2,36.841851562031245,16138.19443541257,18000.43032411932,34.0,34.0,37.8,17122.31325676693,21203.68738411067,26786.8157710225,26007.77503115092,24036.78827627454,15801.51192041808,10042.32111868205,False,,False,RAW_REBUILD_v2_20260725,False,False,21950.32228490069,False
2025-07-05,17122.31325676693,489.557,1628472.3057532,0.0,100.18508851500414,0.4,35.39975898392968,16528.11393416406,16138.19443541257,30.6,34.4,34.400000000000006,21203.68738411067,26786.8157710225,26007.77503115092,24036.78827627454,15801.51192041808,10042.32111868205,11568.55083839071,False,,False,RAW_REBUILD_v2_20260725,False,False,22689.827603281785,False
2025-07-06,21203.68738411067,489.577,1634494.0165123,6021.710759099806,100.55554960499676,17.2,50.8297710347332,17122.31325676693,16528.11393416406,47.8,51.6,51.6,26786.8157710225,26007.77503115092,24036.78827627454,15801.51192041808,10042.32111868205,11568.55083839071,31121.67422307868,False,,False,RAW_REBUILD_v2_20260725,False,False,41715.18892187145,False
2025-07-07,26786.8157710225,489.577,1634494.0165123,0.0,100.55554960499676,0.0,48.288282482996536,21203.68738411067,17122.31325676693,17.599999999999998,47.8,51.6,26007.77503115092,24036.78827627454,15801.51192041808,10042.32111868205,11568.55083839071,31121.67422307868,34552.23311983149,False,,False,RAW_REBUILD_v2_20260725,False,False,41682.05793389491,False
2025-07-08,26007.77503115092,489.577,1634494.0165123,0.0,100.55554960499676,0.0,45.87386835884671,26786.8157710225,21203.68738411067,17.2,47.8,51.6,24036.78827627454,15801.51192041808,10042.32111868205,11568.55083839071,31121.67422307868,34552.23311983149,25211.88846674846,False,,False,RAW_REBUILD_v2_20260725,False,False,38705.211743894906,False
2025-07-09,24036.78827627454,489.57,1634494.0165123,0.0,100.55554960499676,0.0,43.58017494090437,26007.77503115092,26786.8157710225,0.0,17.599999999999998,47.8,15801.51192041808,10042.32111868205,11568.55083839071,31121.67422307868,34552.23311983149,25211.88846674846,291459.8520486359,False,,False,RAW_REBUILD_v2_20260725,False,False,33915.23481389491,False
2025-07-10,15801.51192041808,489.564,1631482.3951735,-3011.6213387998287,100.37027193749492,8.6,50.00116619385915,24036.78827627454,26007.77503115092,8.6,25.8,56.4,10042.32111868205,11568.55083839071,31121.67422307868,34552.23311983149,25211.88846674846,291459.8520486359,493988.767163922,False,,False,RAW_REBUILD_v2_20260725,False,False,16680.985831774797,False
2025-07-11,10042.32111868205,489.544,1625463.7590197,-6018.636153799947,100.0,1.4,48.90110788416619,15801.51192041808,24036.78827627454,10.0,10.0,27.6,11568.55083839071,31121.67422307868,34552.23311983149,25211.88846674846,291459.8520486359,493988.767163922,271859.2919631012,False,,False,RAW_REBUILD_v2_20260725,False,False,9699.625828728053,False
2025-07-12,11568.55083839071,489.531,1622456.7729032,-3006.9861165001057,99.8150074955646,5.2,51.65605248995788,10042.32111868205,15801.51192041808,15.2,15.2,32.4,31121.67422307868,34552.23311983149,25211.88846674846,291459.8520486359,493988.767163922,271859.2919631012,147375.6252529229,False,,False,RAW_REBUILD_v2_20260725,False,False,20534.222947390703,False
2025-07-13,31121.67422307868,489.589,1637507.2197397,15050.446836499965,100.74092459171548,31.6,80.67324986545998,11568.55083839071,10042.32111868205,38.2,46.8,46.8,34552.23311983149,25211.88846674846,291459.8520486359,493988.767163922,271859.2919631012,147375.6252529229,75422.04855025254,False,,False,RAW_REBUILD_v2_20260725,False,False,62384.33774724149,False
2025-07-14,34552.23311983149,489.583,1637507.2197397,0.0,100.74092459171548,0.0,76.63958737218698,31121.67422307868,11568.55083839071,36.8,46.8,46.8,25211.88846674846,291459.8520486359,493988.767163922,271859.2919631012,147375.6252529229,75422.04855025254,65851.99668135945,False,,False,RAW_REBUILD_v2_20260725,False,False,48379.884811176365,False
2025-07-15,25211.88846674846,489.57,1634494.0165123,-3013.203227400081,100.55554960499676,0.0,72.80760800357763,34552.23311983149,31121.67422307868,31.6,38.2,46.8,291459.8520486359,493988.767163922,271859.2919631012,147375.6252529229,75422.04855025254,65851.99668135945,41570.90649063643,False,,False,RAW_REBUILD_v2_20260725,False,False,38218.91970649482,False
2025-07-16,291459.8520486359,489.853,1719668.7023854,85174.68587310007,105.79557328442152,78.8,147.96722760339873,25211.88846674846,34552.23311983149,78.8,115.6,125.6,493988.767163922,271859.2919631012,147375.6252529229,75422.04855025254,65851.99668135945,41570.90649063643,124653.58748903,False,,False,RAW_REBUILD_v2_20260725,False,False,783908.4487323555,False
2025-07-17,493988.767163922,489.763,1692113.6615758,-27555.04080959992,104.10036226192427,4.2,144.76886622322877,291459.8520486359,25211.88846674846,83.0,114.6,121.2,271859.2919631012,147375.6252529229,75422.04855025254,65851.99668135945,41570.90649063643,124653.58748903,1362025.015193616,False,,False,RAW_REBUILD_v2_20260725,False,False,421045.5925476095,False
2025-07-18,271859.2919631012,489.698,1670813.4823932,-21300.1791826,102.78995598159936,4.2,141.73042291206733,493988.767163922,291459.8520486359,87.2,87.20000000000002,124.0,147375.6252529229,75422.04855025254,65851.99668135945,41570.90649063643,124653.58748903,1362025.015193616,691159.942291779,False,,False,RAW_REBUILD_v2_20260725,False,False,247151.604376725,False
2025-07-19,147375.6252529229,489.648,1655645.1614623,-15168.320930900052,101.8567871645937,0.0,134.64390176646396,271859.2919631012,493988.767163922,8.4,87.20000000000002,118.8,75422.04855025254,65851.99668135945,41570.90649063643,124653.58748903,1362025.015193616,691159.942291779,462922.9435451181,False,,False,RAW_REBUILD_v2_20260725,False,False,142706.71852408364,False
2025-07-20,75422.04855025254,489.608,1643538.2164867,-12106.94497559988,101.111956964079,0.0,127.91170667814076,147375.6252529229,271859.2919631012,4.2,87.20000000000002,87.2,65851.99668135945,41570.90649063643,124653.58748903,1362025.015193616,691159.942291779,462922.9435451181,351669.9996022803,False,,False,RAW_REBUILD_v2_20260725,False,False,99633.96164875056,False
2025-07-21,65851.99668135945,489.608,1643538.2164867,0.0,101.111956964079,19.8,141.31612134423372,75422.04855025254,147375.6252529229,19.8,28.200000000000017,107.0,41570.90649063643,124653.58748903,1362025.015193616,691159.942291779,462922.9435451181,351669.9996022803,710526.0503366092,False,,False,RAW_REBUILD_v2_20260725,False,False,81725.6894607146,False
2025-07-22,41570.90649063643,489.589,1637507.2197397,-6030.996747000143,100.74092459171548,0.0,134.25031527702205,65851.99668135945,75422.04855025254,19.8,24.000000000000018,107.0,124653.58748903,1362025.015193616,691159.942291779,462922.9435451181,351669.9996022803,710526.0503366092,686094.2453562142,False,,False,RAW_REBUILD_v2_20260725,False,False,54196.43451417622,False
2025-07-23,124653.58748903,489.801,1704320.2680112,66813.04827150004,104.85132372554756,58.6,186.13779951317093,41570.90649063643,65851.99668135945,78.4,78.40000000000002,86.80000000000001,1362025.015193616,691159.942291779,462922.9435451181,351669.9996022803,710526.0503366092,686094.2453562142,642026.1835273294,False,,False,RAW_REBUILD_v2_20260725,False,False,1408228.320329851,False
2025-07-24,1362025.015193616,489.943,1747400.294549,43080.026537799975,107.50164590583296,39.8,216.6309095375124,124653.58748903,41570.90649063643,98.4,118.20000000000002,122.4,691159.942291779,462922.9435451181,351669.9996022803,710526.0503366092,686094.2453562142,642026.1835273294,564814.1272809319,False,,False,RAW_REBUILD_v2_20260725,False,False,1123235.031202417,False
2025-07-25,691159.942291779,489.82098,1710454.4363393,-36945.85820970009,105.22870330685544,8.8,214.5993640606368,1362025.015193616,124653.58748903,107.2,127.0,127.0,462922.9435451181,351669.9996022803,710526.0503366092,686094.2453562142,642026.1835273294,564814.1272809319,369560.8389864147,False,,False,RAW_REBUILD_v2_20260725,False,False,618651.2627383422,False
2025-07-26,462922.9435451181,489.769,1692113.6615758,-18340.77476349985,104.10036226192427,6.0,209.8693958576049,691159.942291779,1362025.015193616,54.6,113.20000000000002,133.0,351669.9996022803,710526.0503366092,686094.2453562142,642026.1835273294,564814.1272809319,369560.8389864147,264331.5490855654,False,,False,RAW_REBUILD_v2_20260725,False,False,482554.3060183496,False
2025-07-27,351669.9996022803,489.73,1682975.6527669,-9138.008808900137,103.53818369853316,0.0,199.37592606472464,462922.9435451181,691159.942291779,14.799999999999994,113.20000000000002,133.0,710526.0503366092,686094.2453562142,642026.1835273294,564814.1272809319,369560.8389864147,264331.5490855654,173038.7482861845,False,,False,RAW_REBUILD_v2_20260725,False,False,569451.16057343,False
2025-07-28,710526.0503366092,489.911,1738141.5165157,55165.86374880001,106.93203751057204,50.4,239.8071297614884,351669.9996022803,462922.9435451181,56.39999999999999,105.0,163.6,686094.2453562142,642026.1835273294,564814.1272809319,369560.8389864147,264331.5490855654,173038.7482861845,98918.5371755527,False,,False,RAW_REBUILD_v2_20260725,False,False,1013858.9276642874,False
2025-07-29,686094.2453562142,489.82,1710454.4363393,-27687.08017640002,105.22870330685544,0.4,228.216773273414,710526.0503366092,351669.9996022803,50.79999999999999,65.60000000000002,164.0,642026.1835273294,564814.1272809319,369560.8389864147,264331.5490855654,173038.7482861845,98918.5371755527,42012.99987357454,False,,False,RAW_REBUILD_v2_20260725,False,False,693172.3090348076,False
2025-07-30,642026.1835273294,489.86,1722743.3880805,12288.951741200171,105.98473072813806,24.8,241.6059346097433,686094.2453562142,710526.0503366092,75.6,81.60000000000002,130.2,564814.1272809319,369560.8389864147,264331.5490855654,173038.7482861845,98918.5371755527,42012.99987357454,12053.50189978664,False,,False,RAW_REBUILD_v2_20260725,False,False,814190.4286079169,False
2025-07-31,564814.1272809319,489.789,1698213.642694,-24529.745386500144,104.47563861517123,0.4,229.9256378792561,642026.1835273294,686094.2453562142,25.59999999999999,76.00000000000001,90.79999999999998,369560.8389864147,264331.5490855654,173038.7482861845,98918.5371755527,42012.99987357454,12053.50189978664,4150.766628998324,False,,False,RAW_REBUILD_v2_20260725,False,False,524269.63406137016,False
2025-08-01,369560.8389864147,489.736,1682975.6527669,-15237.989927100018,103.53818369853316,1.6,220.02935598529328,564814.1272809319,642026.1835273294,26.799999999999997,77.60000000000002,83.6,264331.5490855654,173038.7482861845,98918.5371755527,42012.99987357454,12053.50189978664,4150.766628998324,6751.385426095419,False,,False,RAW_REBUILD_v2_20260725,False,False,376758.4906079205,False
2025-08-02,264331.5490855654,489.704,1673851.7406958,-9123.91207109997,102.97687237919608,0.0,209.0278881860286,369560.8389864147,564814.1272809319,1.999999999999993,27.200000000000014,77.6,173038.7482861845,98918.5371755527,42012.99987357454,12053.50189978664,4150.766628998324,6751.385426095419,6105.144154104632,False,,False,RAW_REBUILD_v2_20260725,False,False,279414.65755679697,False
2025-08-03,173038.7482861845,489.66,1661708.0167959,-12143.723899899982,102.22977950600747,0.0,198.5764937767272,264331.5490855654,369560.8389864147,1.599999999999993,26.80000000000001,77.6,98918.5371755527,42012.99987357454,12053.50189978664,4150.766628998324,6751.385426095419,6105.144154104632,7134.920613594863,False,,False,RAW_REBUILD_v2_20260725,False,False,177123.0132425187,False
2025-08-04,98918.5371755527,489.62,1649588.4715397,-12119.545256200014,101.48417412483865,0.0,188.6476690878908,173038.7482861845,264331.5490855654,0.0,2.000000000000014,27.2,42012.99987357454,12053.50189978664,4150.766628998324,6751.385426095419,6105.144154104632,7134.920613594863,4248.592376617488,False,,False,RAW_REBUILD_v2_20260725,False,False,95934.4783318601,False
2025-08-05,42012.99987357454,489.583,1637507.2197397,-12081.251799999967,100.74092459171548,0.0,179.21528563349628,98918.5371755527,173038.7482861845,0.0,1.6000000000000143,26.8,12053.50189978664,4150.766628998324,6751.385426095419,6105.144154104632,7134.920613594863,4248.592376617488,13195.05483228401,False,,False,RAW_REBUILD_v2_20260725,False,False,32089.468438052176,False
2025-08-06,12053.50189978664,489.551,1628472.3057532,-9034.913986499889,100.18508851500414,2.0,172.25452135182147,42012.99987357454,98918.5371755527,1.999999999999993,2.000000000000014,4.0,4150.766628998324,6751.385426095419,6105.144154104632,7134.920613594863,4248.592376617488,13195.05483228401,43917.11804890092,False,,False,RAW_REBUILD_v2_20260725,False,False,7940.225857899795,False
2025-08-07,4150.766628998324,489.517,1616447.3000027,-12025.005750500131,99.445299289697,0.0,163.6417952842304,12053.50189978664,42012.99987357454,1.999999999999993,2.000000000000014,3.6,6751.385426095419,6105.144154104632,7134.920613594863,4248.592376617488,13195.05483228401,43917.11804890092,61132.0736826704,False,,False,RAW_REBUILD_v2_20260725,False,False,4150.658627724763,False
2025-08-08,6751.385426095419,489.486,1607444.5930314,-9002.706971299835,98.8914446176784,1.4,156.85970552001888,4150.766628998324,12053.50189978664,3.399999999999993,3.400000000000014,3.4,6105.144154104632,7134.920613594863,4248.592376617488,13195.05483228401,43917.11804890092,61132.0736826704,28742.46797635254,False,,False,RAW_REBUILD_v2_20260725,False,False,6751.385426095419,False
2025-08-09,6105.144154104632,489.454,1598455.4724356,-8989.120595800225,98.33842579176364,3.6,152.61672024401793,6751.385426095419,4150.766628998324,4.999999999999993,7.000000000000014,7.0,7134.920613594863,4248.592376617488,13195.05483228401,43917.11804890092,61132.0736826704,28742.46797635254,175987.1525082289,False,,False,RAW_REBUILD_v2_20260725,False,False,6105.144154104632,False
2025-08-10,7134.920613594863,489.421,1589479.7778056,-8975.694629999809,97.78623294340308,0.2,145.185884231817,6105.144154104632,6751.385426095419,5.199999999999993,7.200000000000014,7.2,4248.592376617488,13195.05483228401,43917.11804890092,61132.0736826704,28742.46797635254,175987.1525082289,768642.1383106493,False,,False,RAW_REBUILD_v2_20260725,False,False,7134.920613594863,False
2025-08-11,4248.592376617488,489.383,1577566.834908,-11912.942897600122,97.05333792611984,0.0,137.92659002022614,7134.920613594863,6105.144154104632,3.799999999999993,5.200000000000014,7.2,13195.05483228401,43917.11804890092,61132.0736826704,28742.46797635254,175987.1525082289,768642.1383106493,714994.0020330314,False,,False,RAW_REBUILD_v2_20260725,False,False,4248.592376617488,False
2025-08-12,13195.05483228401,489.371,1574601.0268989,-2965.8080090999138,96.87087873607992,0.0,131.03026051921483,4248.592376617488,7134.920613594863,0.1999999999999929,5.200000000000014,7.2,43917.11804890092,61132.0736826704,28742.46797635254,175987.1525082289,768642.1383106493,714994.0020330314,454337.1001558169,False,,False,RAW_REBUILD_v2_20260725,False,False,13195.054832284008,False
2025-08-13,43917.11804890092,489.492,1610444.0173448,35842.99044590001,99.0759719131506,27.0,151.4787474932541,13195.05483228401,4248.592376617488,26.999999999999996,30.80000000000001,32.2,61132.0736826704,28742.46797635254,175987.1525082289,768642.1383106493,714994.0020330314,454337.1001558169,283361.7649203698,False,,False,RAW_REBUILD_v2_20260725,False,False,58290.83118890093,False
2025-08-14,61132.0736826704,489.602,1643538.2164867,33094.199141900055,101.111956964079,11.6,155.5048101185914,43917.11804890092,13195.05483228401,38.6,38.80000000000001,43.8,28742.46797635254,175987.1525082289,768642.1383106493,714994.0020330314,454337.1001558169,283361.7649203698,175138.7958649731,False,,False,RAW_REBUILD_v2_20260725,False,False,98994.80942029496,False
2025-08-15,28742.46797635254,489.577,1634494.0165123,-9044.199974400224,100.55554960499676,4.0,151.7295696126618,61132.0736826704,43917.11804890092,42.6,42.600000000000016,46.4,175987.1525082289,768642.1383106493,714994.0020330314,454337.1001558169,283361.7649203698,175138.7958649731,114000.7112523595,False,,False,RAW_REBUILD_v2_20260725,False,False,124187.9530121314,False
2025-08-16,175987.1525082289,489.692,1670813.4823932,36319.46588090016,102.78995598159936,32.2,176.3430911320287,28742.46797635254,61132.0736826704,47.8,74.80000000000001,75.0,768642.1383106493,714994.0020330314,454337.1001558169,283361.7649203698,175138.7958649731,114000.7112523595,110410.653071551,False,,False,RAW_REBUILD_v2_20260725,False,False,677549.229510107,False
2025-08-17,768642.1383106493,489.88,1728897.6614809,58084.17908769986,106.36334719167036,47.2,214.72593657542723,175987.1525082289,28742.46797635254,83.4,122.00000000000004,122.0,714994.0020330314,454337.1001558169,283361.7649203698,175138.7958649731,114000.7112523595,110410.653071551,194031.1459991644,False,,False,RAW_REBUILD_v2_20260725,False,False,986564.2205455386,False
2025-08-18,714994.0020330314,489.833,1713524.2337389,-15373.42774199997,105.41756001821338,10.6,214.58963974665585,768642.1383106493,175987.1525082289,90.0,105.60000000000002,132.6,454337.1001558169,283361.7649203698,175138.7958649731,114000.7112523595,110410.653071551,194031.1459991644,217201.5282430912,False,,False,RAW_REBUILD_v2_20260725,False,False,659131.9769543636,False
2025-08-19,454337.1001558169,489.757,1689066.0691295,-24458.164609399857,103.91287161936836,0.0,203.86015775932304,714994.0020330314,768642.1383106493,57.8,94.0,132.6,283361.7649203698,175138.7958649731,114000.7112523595,110410.653071551,194031.1459991644,217201.5282430912,118993.6905122241,False,,False,RAW_REBUILD_v2_20260725,False,False,412548.0322237789,False
2025-08-20,283361.7649203698,489.705,1673851.7406958,-15214.32843370014,102.97687237919608,0.8,194.4671498713569,454337.1001558169,714994.0020330314,11.399999999999991,90.8,106.4,175138.7958649731,114000.7112523595,110410.653071551,194031.1459991644,217201.5282430912,118993.6905122241,412671.0014938863,False,,False,RAW_REBUILD_v2_20260725,False,False,273036.44452348823,False
2025-08-21,175138.7958649731,489.666,1661708.0167959,-12143.723899899982,102.22977950600747,0.0,184.74379237778905,283361.7649203698,454337.1001558169,0.7999999999999929,58.600000000000016,94.8,114000.7112523595,110410.653071551,194031.1459991644,217201.5282430912,118993.6905122241,412671.0014938863,710574.6680341882,False,,False,RAW_REBUILD_v2_20260725,False,False,180929.5410425187,False
2025-08-22,114000.7112523595,489.654,1658675.7961467,-3032.220649200026,102.04323455030642,15.2,190.7066027588996,175138.7958649731,283361.7649203698,15.999999999999991,26.600000000000016,106.0,110410.653071551,194031.1459991644,217201.5282430912,118993.6905122241,412671.0014938863,710574.6680341882,487536.3916588758,False,,False,RAW_REBUILD_v2_20260725,False,False,166176.7553640838,False
2025-08-23,110410.653071551,489.634,1652616.0060849,-6059.790061800042,101.670430787185,13.4,194.5712726209546,114000.7112523595,175138.7958649731,28.599999999999994,29.400000000000013,87.2,194031.1459991644,217201.5282430912,118993.6905122241,412671.0014938863,710574.6680341882,487536.3916588758,314307.0186414635,False,,False,RAW_REBUILD_v2_20260725,False,False,178085.30122443952,False
2025-08-24,194031.1459991644,489.705,1673851.7406958,21235.73461090005,102.97687237919608,7.2,192.04270898990688,110410.653071551,114000.7112523595,35.79999999999999,36.600000000000016,47.2,217201.5282430912,118993.6905122241,412671.0014938863,710574.6680341882,487536.3916588758,314307.0186414635,254717.6098952744,False,,False,RAW_REBUILD_v2_20260725,False,False,337514.6083024198,False
2025-08-25,217201.5282430912,489.686,1667776.8298904,-6074.910805399995,102.6031383742581,14.0,196.4405735404115,194031.1459991644,110410.653071551,34.599999999999994,49.80000000000001,50.6,118993.6905122241,412671.0014938863,710574.6680341882,487536.3916588758,314307.0186414635,254717.6098952744,206506.1753591825,False,,False,RAW_REBUILD_v2_20260725,False,False,215817.9634206344,False
2025-08-26,118993.6905122241,489.648,1655645.1614623,-12131.668428099949,101.8567871645937,12.8,199.4185448633909,217201.5282430912,194031.1459991644,34.0,62.600000000000016,63.4,412671.0014938863,710574.6680341882,487536.3916588758,314307.0186414635,254717.6098952744,206506.1753591825,157736.3215304202,False,,False,RAW_REBUILD_v2_20260725,False,False,237530.4861913164,False
2025-08-27,412671.0014938863,489.872,1725819.6938243,70174.53236200009,106.17398783871523,36.4,225.84761762022137,118993.6905122241,217201.5282430912,63.19999999999999,83.80000000000001,99.0,710574.6680341882,487536.3916588758,314307.0186414635,254717.6098952744,206506.1753591825,157736.3215304202,143613.3212448584,False,,False,RAW_REBUILD_v2_20260725,False,False,933148.8432204196,False
2025-08-28,710574.6680341882,489.839,1713524.2337389,-12295.460085400147,105.41756001821338,23.0,237.5552367392103,412671.0014938863,118993.6905122241,72.19999999999999,93.4,122.0,487536.3916588758,314307.0186414635,254717.6098952744,206506.1753591825,157736.3215304202,143613.3212448584,116129.7504430742,False,,False,RAW_REBUILD_v2_20260725,False,False,682947.4930877303,False
2025-08-29,487536.3916588758,489.77,1695162.8519716,-18361.38176729996,104.28795121177814,0.0,225.67747490224977,710574.6680341882,412671.0014938863,59.39999999999999,86.20000000000002,106.8,314307.0186414635,254717.6098952744,206506.1753591825,157736.3215304202,143613.3212448584,116129.7504430742,72106.0661578002,False,,False,RAW_REBUILD_v2_20260725,False,False,457141.1065816881,False
2025-08-30,314307.0186414635,489.717,1676891.4600323,-18271.39193929988,103.16387866091922,0.0,214.39360115713728,487536.3916588758,710574.6680341882,22.999999999999982,72.20000000000002,93.4,254717.6098952744,206506.1753591825,157736.3215304202,143613.3212448584,116129.7504430742,72106.0661578002,41580.82469347536,False,,False,RAW_REBUILD_v2_20260725,False,False,337714.76111845404,False
2025-08-31,254717.6098952744,489.705,1673851.7406958,-3039.7193365001585,102.97687237919608,13.4,217.07392109928043,314307.0186414635,487536.3916588758,13.399999999999986,72.80000000000001,99.6,206506.1753591825,157736.3215304202,143613.3212448584,116129.7504430742,72106.0661578002,41580.82469347536,20775.9802030036,False,,False,RAW_REBUILD_v2_20260725,False,False,299004.806307028,False
2025-09-01,206506.1753591825,489.68,1667776.8298904,-6074.910805399995,102.6031383742581,3.8,210.0202250443164,254717.6098952744,314307.0186414635,17.199999999999985,40.20000000000002,89.4,157736.3215304202,143613.3212448584,116129.7504430742,72106.0661578002,41580.82469347536,20775.9802030036,11030.259738392,False,,False,RAW_REBUILD_v2_20260725,False,False,237129.5711383255,False
2025-09-02,157736.3215304202,489.661,1661708.0167959,-6068.813094499987,102.22977950600747,1.4,200.9192137921006,206506.1753591825,254717.6098952744,18.599999999999987,18.600000000000016,77.99999999999999,143613.3212448584,116129.7504430742,72106.0661578002,41580.82469347536,20775.9802030036,11030.259738392,7149.835815704429,False,,False,RAW_REBUILD_v2_20260725,False,False,196072.64086824167,False
2025-09-03,143613.3212448584,489.661,1661708.0167959,0.0,102.22977950600747,3.2,194.0732531024956,157736.3215304202,206506.1753591825,8.399999999999986,21.80000000000001,44.8,116129.7504430742,72106.0661578002,41580.82469347536,20775.9802030036,11030.259738392,7149.835815704429,7161.83765655217,False,,False,RAW_REBUILD_v2_20260725,False,False,192464.8147562316,False
2025-09-04,116129.7504430742,489.63998,1652616.0060849,-9092.010711000068,101.670430787185,0.0,184.3695904473708,143613.3212448584,157736.3215304202,4.599999999999985,21.80000000000001,21.8,72106.0661578002,41580.82469347536,20775.9802030036,11030.259738392,7149.835815704429,7161.83765655217,11367.81609960443,False,,False,RAW_REBUILD_v2_20260725,False,False,128748.91688506235,False
2025-09-05,72106.0661578002,489.608,1643538.2164867,-9077.789598199772,101.111956964079,0.0,175.15111092500223,116129.7504430742,143613.3212448584,3.199999999999986,8.400000000000015,21.8,41580.82469347536,20775.9802030036,11030.259738392,7149.835815704429,7161.83765655217,11367.81609960443,7177.536098438658,False,,False,RAW_REBUILD_v2_20260725,False,False,78859.64973672011,False
2025-09-06,41580.82469347536,489.589,1637507.2197397,-6030.996747000143,100.74092459171548,0.0,166.3935553787521,72106.0661578002,116129.7504430742,0.0,4.600000000000014,21.8,20775.9802030036,11030.259738392,7149.835815704429,7161.83765655217,11367.81609960443,7177.536098438658,4201.392511000416,False,,False,RAW_REBUILD_v2_20260725,False,False,44276.17694702645,False
2025-09-07,20775.9802030036,489.564,1631482.3951735,-6024.82456619991,100.37027193749492,0.0,158.07387760981447,41580.82469347536,72106.0661578002,0.0,3.2000000000000144,8.4,11030.259738392,7149.835815704429,7161.83765655217,11367.81609960443,7177.536098438658,4201.392511000416,7248.724280855155,False,,False,RAW_REBUILD_v2_20260725,False,False,21265.004473392863,False
2025-09-08,11030.259738392,489.544,1625463.7590197,-6018.636153799947,100.0,4.4,154.57018372932376,20775.9802030036,41580.82469347536,4.399999999999986,4.400000000000015,9.0,7149.835815704429,7161.83765655217,11367.81609960443,7177.536098438658,4201.392511000416,7248.724280855155,5663.274859099049,False,,False,RAW_REBUILD_v2_20260725,False,False,9147.6059040012,False
2025-09-09,7149.835815704429,489.518,1616447.3000027,-9016.45901700016,99.445299289697,0.0,146.84167454285756,11030.259738392,20775.9802030036,4.399999999999986,4.400000000000015,7.6,7161.83765655217,11367.81609960443,7177.536098438658,4201.392511000416,7248.724280855155,5663.274859099049,11472.3095667634,False,,False,RAW_REBUILD_v2_20260725,False,False,7149.835815704429,False
2025-09-10,7161.83765655217,489.486,1607444.5930314,-9002.706971299835,98.8914446176784,0.0,139.49959081571467,7149.835815704429,11030.259738392,4.399999999999986,4.400000000000015,4.4,11367.81609960443,7177.536098438658,4201.392511000416,7248.724280855155,5663.274859099049,11472.3095667634,13190.0148801848,False,,False,RAW_REBUILD_v2_20260725,False,False,7161.83765655217,False
2025-09-11,11367.81609960443,489.474,1604446.718559,-2997.874472400173,98.70701266982567,6.0,138.52461127492893,7161.83765655217,7149.835815704429,5.999999999999986,10.400000000000016,10.4,7177.536098438658,4201.392511000416,7248.724280855155,5663.274859099049,11472.3095667634,13190.0148801848,1374.860905101257,False,,False,RAW_REBUILD_v2_20260725,False,False,11367.816099604432,False
2025-09-12,7177.536098438658,489.448,1595462.0162961,-8984.702262899838,98.15426566374548,0.0,131.59838071118247,11367.81609960443,7161.83765655217,5.999999999999986,10.400000000000016,10.4,4201.392511000416,7248.724280855155,5663.274859099049,11472.3095667634,13190.0148801848,1374.860905101257,2823.602858348688,False,,False,RAW_REBUILD_v2_20260725,False,False,7177.536098438658,False
2025-09-13,4201.392511000416,489.409,1583503.9153768,-11958.100919299992,97.41859248414092,0.0,125.01846167562334,7177.536098438658,11367.81609960443,5.999999999999986,6.000000000000014,10.4,7248.724280855155,5663.274859099049,11472.3095667634,13190.0148801848,1374.860905101257,2823.602858348688,970.0865243654911,False,,False,RAW_REBUILD_v2_20260725,False,False,4201.392511000416,False
2025-09-14,7248.724280855155,489.372,1574601.0268989,-8902.888477900065,96.87087873607992,0.0,118.76753859184215,4201.392511000416,7177.536098438658,0.0,6.000000000000014,10.4,5663.274859099049,11472.3095667634,13190.0148801848,1374.860905101257,2823.602858348688,970.0865243654911,8280.18768312879,False,,False,RAW_REBUILD_v2_20260725,False,False,7248.724280855155,False
2025-09-15,5663.274859099049,489.359,1568674.6777429,-5926.349155999953,96.50628437812423,15.4,128.22916166225005,7248.724280855155,4201.392511000416,15.399999999999986,21.400000000000013,21.4,11472.3095667634,13190.0148801848,1374.860905101257,2823.602858348688,970.0865243654911,8280.18768312879,3890.809135972033,False,,False,RAW_REBUILD_v2_20260725,False,False,5663.274859099049,False
2025-09-16,11472.3095667634,489.343,1565714.0163252,-2960.661417700117,96.32414181104016,5.8,127.61770357913754,5663.274859099049,7248.724280855155,21.199999999999985,21.200000000000014,27.2,13190.0148801848,1374.860905101257,2823.602858348688,970.0865243654911,8280.18768312879,3890.809135972033,1038.320390558506,False,,False,RAW_REBUILD_v2_20260725,False,False,11472.3095667634,False
2025-09-17,13190.0148801848,489.337,1562754.9976601,-2959.018665099982,96.1421003075812,0.0,121.23681840018064,11472.3095667634,5663.274859099049,21.199999999999985,21.200000000000014,27.2,1374.860905101257,2823.602858348688,970.0865243654911,8280.18768312879,3890.809135972033,1038.320390558506,1525.763428820291,False,,False,RAW_REBUILD_v2_20260725,False,False,13190.014880184804,False
2025-09-18,1374.860905101257,489.284,1547983.8767252,-14771.120934899896,95.233367593429,0.0,115.17497748017162,13190.0148801848,11472.3095667634,5.799999999999986,21.200000000000014,21.2,2823.602858348688,970.0865243654911,8280.18768312879,3890.809135972033,1038.320390558506,1525.763428820291,13797.65368686101,False,,False,RAW_REBUILD_v2_20260725,False,False,1374.8609051012572,False
2025-09-19,2823.602858348688,489.246,1536194.8351113,-11789.041613900104,94.50809509513536,5.2,114.61622860616303,1374.860905101257,13190.0148801848,5.199999999999986,26.400000000000013,26.4,970.0865243654911,8280.18768312879,3890.809135972033,1038.320390558506,1525.763428820291,13797.65368686101,7375.965754211753,False,,False,RAW_REBUILD_v2_20260725,False,False,2823.602858348688,False
2025-09-20,970.0865243654911,489.198,1521494.7669134,-14700.068197899964,93.60373360960058,1.6,110.48541717585488,2823.602858348688,1374.860905101257,6.7999999999999865,12.600000000000014,28.0,8280.18768312879,3890.809135972033,1038.320390558506,1525.763428820291,13797.65368686101,7375.965754211753,7382.317161778263,False,,False,RAW_REBUILD_v2_20260725,False,False,970.0865243654912,False
2025-09-21,8280.18768312879,489.173,1515629.6565953,-5865.11031810008,93.24290672031717,6.8,111.76114631706211,970.0865243654911,2823.602858348688,13.599999999999984,13.600000000000016,34.8,3890.809135972033,1038.320390558506,1525.763428820291,13797.65368686101,7375.965754211753,7382.317161778263,7097.32289302661,False,,False,RAW_REBUILD_v2_20260725,False,False,8280.18768312879,False
2025-09-22,3890.809135972033,489.135,1503910.109441,-11719.547154299917,92.5219095840065,1.8,107.97308900120902,8280.18768312879,970.0865243654911,10.199999999999983,15.400000000000016,21.200000000000003,1038.320390558506,1525.763428820291,13797.65368686101,7375.965754211753,7382.317161778263,7097.32289302661,4484.044160908431,False,,False,RAW_REBUILD_v2_20260725,False,False,3890.809135972033,False
2025-09-23,1038.320390558506,489.089,1489280.5058131,-14629.603627900127,91.62188314252352,1.6,104.17443455114856,3890.809135972033,8280.18768312879,10.199999999999983,17.000000000000014,17.0,1525.763428820291,13797.65368686101,7375.965754211753,7382.317161778263,7097.32289302661,4484.044160908431,5657.864205080682,False,,False,RAW_REBUILD_v2_20260725,False,False,1038.3203905585058,False
2025-09-24,1525.763428820291,489.03198,1474672.1813453,-14608.32446779986,90.72316581420796,0.0,98.96571282359112,1038.320390558506,3890.809135972033,3.399999999999986,11.800000000000017,17.0,13797.65368686101,7375.965754211753,7382.317161778263,7097.32289302661,4484.044160908431,5657.864205080682,15817.94020789491,False,,False,RAW_REBUILD_v2_20260725,False,False,1525.7634288202903,False
2025-09-25,13797.65368686101,489.044,1477592.1420387,2919.9606933998875,90.90280443593647,18.0,112.01742718241157,1525.763428820291,1038.320390558506,19.599999999999987,28.200000000000014,35.0,7375.965754211753,7382.317161778263,7097.32289302661,4484.044160908431,5657.864205080682,15817.94020789491,6919.141348276203,False,,False,RAW_REBUILD_v2_20260725,False,False,13797.653686861006,False
2025-09-26,7375.965754211753,489.018,1468834.6627917,-8757.479246999836,90.36403639522167,0.0,106.41655582329096,13797.65368686101,1525.763428820291,17.999999999999986,21.400000000000013,29.8,7382.317161778263,7097.32289302661,4484.044160908431,5657.864205080682,15817.94020789491,6919.141348276203,13143.43728375438,False,,False,RAW_REBUILD_v2_20260725,False,False,7375.965754211753,False
2025-09-27,7382.317161778263,488.986,1460084.4867828,-8750.176008900162,89.82571765631744,0.0,101.09572803212642,7375.965754211753,13797.65368686101,17.999999999999986,19.600000000000016,28.2,7097.32289302661,4484.044160908431,5657.864205080682,15817.94020789491,6919.141348276203,13143.43728375438,9657.860847183736,False,,False,RAW_REBUILD_v2_20260725,False,False,7382.317161778263,False
2025-09-28,7097.32289302661,488.956,1451341.5620411,-8742.924741699826,89.28784502192708,1.0,97.0409416305201,7382.317161778263,7375.965754211753,0.9999999999999858,19.00000000000001,22.4,4484.044160908431,5657.864205080682,15817.94020789491,6919.141348276203,13143.43728375438,9657.860847183736,9370.360470287887,False,,False,RAW_REBUILD_v2_20260725,False,False,7097.32289302661,False
2025-09-29,4484.044160908431,488.91,1439695.2819464,-11646.280094700169,88.57135534136208,0.0,92.18889454899409,7097.32289302661,7382.317161778263,0.9999999999999858,19.00000000000001,20.6,5657.864205080682,15817.94020789491,6919.141348276203,13143.43728375438,9657.860847183736,9370.360470287887,4441.719105346904,False,,False,RAW_REBUILD_v2_20260725,False,False,4484.044160908431,False
2025-09-30,5657.864205080682,488.892,1433876.8830075,-5818.39893889986,88.21340217835775,16.0,103.57944982154436,4484.044160908431,7097.32289302661,16.999999999999986,17.000000000000014,35.0,15817.94020789491,6919.141348276203,13143.43728375438,9657.860847183736,9370.360470287887,4441.719105346904,4452.956376752682,False,,False,RAW_REBUILD_v2_20260725,False,False,5657.864205080682,False
2025-10-01,15817.94020789491,488.904,1436785.673304,2908.7902964998502,88.3923535871701,10.8,109.20047733046717,5657.864205080682,4484.044160908431,26.799999999999983,27.80000000000001,45.8,6919.141348276203,13143.43728375438,9657.860847183736,9370.360470287887,4441.719105346904,4452.956376752682,17843.03491368231,False,,False,RAW_REBUILD_v2_20260725,False,False,15817.94020789491,False
2025-10-02,6919.141348276203,488.879,1428061.5598544,-8724.113449599827,87.85563824047661,1.4,105.1404534639438,15817.94020789491,5657.864205080682,28.199999999999985,29.200000000000014,29.2,13143.43728375438,9657.860847183736,9370.360470287887,4441.719105346904,4452.956376752682,17843.03491368231,62279.20594814246,False,,False,RAW_REBUILD_v2_20260725,False,False,6919.141348276203,False
2025-10-03,13143.43728375438,488.866,1425155.0669105,-2906.492943900172,87.67682816687318,0.0,99.8834307907466,6919.141348276203,15817.94020789491,12.199999999999989,28.200000000000014,29.2,9657.860847183736,9370.360470287887,4441.719105346904,4452.956376752682,17843.03491368231,62279.20594814246,24086.84775542709,False,,False,RAW_REBUILD_v2_20260725,False,False,13143.437283754383,False
2025-10-04,9657.860847183736,488.848,1419344.4679611,-5810.59894940001,87.3193548662747,2.0,96.88925925120928,13143.43728375438,6919.141348276203,3.3999999999999857,30.200000000000014,31.2,9370.360470287887,4441.719105346904,4452.956376752682,17843.03491368231,62279.20594814246,24086.84775542709,13139.92676539618,False,,False,RAW_REBUILD_v2_20260725,False,False,9657.860847183736,False
2025-10-05,9370.360470287887,488.82098,1413536.9222839,-5807.54567719996,86.96206940574234,3.0,95.0447962886488,9657.860847183736,13143.43728375438,4.999999999999986,17.200000000000014,33.2,4441.719105346904,4452.956376752682,17843.03491368231,62279.20594814246,24086.84775542709,13139.92676539618,10229.76091785408,False,,False,RAW_REBUILD_v2_20260725,False,False,9370.360470287887,False
2025-10-06,4441.719105346904,488.789,1401930.957596,-11605.96468789992,86.24805996545193,0.0,90.29255647421635,9370.360470287887,9657.860847183736,4.999999999999986,6.400000000000015,33.2,4452.956376752682,17843.03491368231,62279.20594814246,24086.84775542709,13139.92676539618,10229.76091785408,10232.38318492523,False,,False,RAW_REBUILD_v2_20260725,False,False,4441.719105346904,False
2025-10-07,4452.956376752682,488.745,1390337.3398593,-11593.617736699993,85.53481012076195,0.0,85.77792865050553,4441.719105346904,9370.360470287887,2.999999999999986,5.000000000000014,17.2,17843.03491368231,62279.20594814246,24086.84775542709,13139.92676539618,10229.76091785408,10232.38318492523,9595.383743698323,False,,False,RAW_REBUILD_v2_20260725,False,False,4452.9563767526815,False
2025-10-08,17843.03491368231,488.75198,1393234.6316031,2897.291743800044,85.71305412821661,3.8,85.28903221798025,4452.956376752682,4441.719105346904,3.7999999999999856,8.800000000000013,10.2,62279.20594814246,24086.84775542709,13139.92676539618,10229.76091785408,10232.38318492523,9595.383743698323,41838.35377098208,False,,False,RAW_REBUILD_v2_20260725,False,False,17843.03491368231,False
2025-10-09,62279.20594814246,488.91,1439695.2819464,46460.65034329984,88.57135534136208,0.8,81.82458060708123,17843.03491368231,4452.956376752682,4.599999999999985,7.600000000000014,9.6,24086.84775542709,13139.92676539618,10229.76091785408,10232.38318492523,9595.383743698323,41838.35377098208,42136.96354525333,False,,False,RAW_REBUILD_v2_20260725,False,False,62279.20594814246,False
2025-10-10,24086.84775542709,488.943,1448428.8738585,8733.591912100092,89.10865381163786,2.4,80.13335157672716,62279.20594814246,17843.03491368231,6.999999999999986,7.000000000000013,12.0,13139.92676539618,10229.76091785408,10232.38318492523,9595.383743698323,41838.35377098208,42136.96354525333,73149.23137640933,False,,False,RAW_REBUILD_v2_20260725,False,False,24086.84775542709,False
2025-10-11,13139.92676539618,488.936,1445516.8740723,-2911.999786200002,88.92950495211753,0.0,76.12668399789081,24086.84775542709,62279.20594814246,3.199999999999986,7.000000000000014,10.0,10229.76091785408,10232.38318492523,9595.383743698323,41838.35377098208,42136.96354525333,73149.23137640933,57575.84831591378,False,,False,RAW_REBUILD_v2_20260725,False,False,13139.926765396176,False
2025-10-12,10229.76091785408,488.917,1439695.2819464,-5821.59212590009,88.57135534136208,0.0,72.32034979799626,13139.92676539618,24086.84775542709,2.399999999999986,7.000000000000014,6.999999999999999,10232.38318492523,9595.383743698323,41838.35377098208,42136.96354525333,73149.23137640933,57575.84831591378,46056.88025041102,False,,False,RAW_REBUILD_v2_20260725,False,False,10229.760917854082,False
2025-10-13,10232.38318492523,488.891,1433876.8830075,-5818.39893889986,88.21340217835775,0.0,68.70433230809644,10229.76091785408,13139.92676539618,0.0,3.200000000000014,7.0,9595.383743698323,41838.35377098208,42136.96354525333,73149.23137640933,57575.84831591378,46056.88025041102,60023.15797197545,False,,False,RAW_REBUILD_v2_20260725,False,False,10232.383184925226,False
2025-10-14,9595.383743698323,488.872,1428061.5598544,-5815.3231530999765,87.85563824047661,2.2,67.46911569269162,10232.38318492523,10229.76091785408,2.199999999999986,4.600000000000014,9.2,41838.35377098208,42136.96354525333,73149.23137640933,57575.84831591378,46056.88025041102,60023.15797197545,124308.9420331989,False,,False,RAW_REBUILD_v2_20260725,False,False,9595.383743698325,False
2025-10-15,41838.35377098208,488.961,1454255.069173,26193.509318599943,89.46708661471763,1.4,65.49565990805704,9595.383743698323,10232.38318492523,3.599999999999986,3.6000000000000143,6.799999999999999,42136.96354525333,73149.23137640933,57575.84831591378,46056.88025041102,60023.15797197545,124308.9420331989,166000.6575462674,False,,False,RAW_REBUILD_v2_20260725,False,False,41838.35377098208,False
2025-10-16,42136.96354525333,489.07,1486357.15604,32102.086866999976,91.44203602154786,20.6,82.82087691265419,41838.35377098208,9595.383743698323,24.19999999999999,24.200000000000017,26.6,73149.23137640933,57575.84831591378,46056.88025041102,60023.15797197545,124308.9420331989,166000.6575462674,144842.3214785504,False,,False,RAW_REBUILD_v2_20260725,False,False,42136.963545253326,False
2025-10-17,73149.23137640933,489.285,1547983.8767252,61626.72068520007,95.233367593429,15.4,94.07983306702148,42136.96354525333,41838.35377098208,37.39999999999999,39.600000000000016,39.6,57575.84831591378,46056.88025041102,60023.15797197545,124308.9420331989,166000.6575462674,144842.3214785504,108974.2124784956,False,,False,RAW_REBUILD_v2_20260725,False,False,73149.23137640933,False
2025-10-18,57575.84831591378,489.424,1589479.7778056,41495.901080399984,97.78623294340308,0.0,89.3758414136704,73149.23137640933,42136.96354525333,35.99999999999999,39.600000000000016,39.6,46056.88025041102,60023.15797197545,124308.9420331989,166000.6575462674,144842.3214785504,108974.2124784956,72435.18958851507,False,,False,RAW_REBUILD_v2_20260725,False,False,57575.848315913776,False
2025-10-19,46056.88025041102,489.52798,1619451.3170382,29971.53923260001,99.630109133585,0.0,84.90704934298688,57575.84831591378,73149.23137640933,15.399999999999986,37.40000000000001,39.6,60023.15797197545,124308.9420331989,166000.6575462674,144842.3214785504,108974.2124784956,72435.18958851507,41078.39322408313,False,,False,RAW_REBUILD_v2_20260725,False,False,59597.44767041102,False
2025-10-20,60023.15797197545,489.618,1646562.4785364,27111.16149819992,101.29801229954364,5.2,85.86169687583754,46056.88025041102,57575.84831591378,5.199999999999986,41.20000000000002,44.8,124308.9420331989,166000.6575462674,144842.3214785504,108974.2124784956,72435.18958851507,41078.39322408313,21226.93847683799,False,,False,RAW_REBUILD_v2_20260725,False,False,160128.78104252563,False
2025-10-21,124308.9420331989,489.65698,1658675.7961467,12113.317610299911,102.04323455030642,0.0,81.56861203204566,60023.15797197545,46056.88025041102,5.199999999999986,20.600000000000016,42.6,166000.6575462674,144842.3214785504,108974.2124784956,72435.18958851507,41078.39322408313,21226.93847683799,11249.34325468658,False,,False,RAW_REBUILD_v2_20260725,False,False,224197.7300440608,False
2025-10-22,166000.6575462674,489.671,1664741.6725648,6065.876418099972,102.41641275156992,0.0,77.49018143044337,124308.9420331989,60023.15797197545,5.199999999999986,5.200000000000014,41.2,144842.3214785504,108974.2124784956,72435.18958851507,41078.39322408313,21226.93847683799,11249.34325468658,10073.06103667669,False,,False,RAW_REBUILD_v2_20260725,False,False,225138.18840221464,False
2025-10-23,144842.3214785504,489.65698,1658675.7961467,-6065.876418099972,102.04323455030642,0.0,73.6156723589212,166000.6575462674,124308.9420331989,0.0,5.200000000000014,20.6,108974.2124784956,72435.18958851507,41078.39322408313,21226.93847683799,11249.34325468658,10073.06103667669,10077.86516705225,False,,False,RAW_REBUILD_v2_20260725,False,False,173020.97051566088,False
2025-10-24,108974.2124784956,489.638,1652616.0060849,-6059.790061800042,101.670430787185,0.0,69.93488874097514,144842.3214785504,166000.6575462674,0.0,5.200000000000014,5.2,72435.18958851507,41078.39322408313,21226.93847683799,11249.34325468658,10073.06103667669,10077.86516705225,10082.82848690984,False,,False,RAW_REBUILD_v2_20260725,False,False,130773.2730821234,False
2025-10-25,72435.18958851507,489.606,1643538.2164867,-9077.789598199772,101.111956964079,0.0,66.43814430392638,108974.2124784956,144842.3214785504,0.0,0.0,5.2,41078.39322408313,21226.93847683799,11249.34325468658,10073.06103667669,10077.86516705225,10082.82848690984,8473.811983643993,False,,False,RAW_REBUILD_v2_20260725,False,False,77792.34877595297,False
2025-10-26,41078.39322408313,489.587,1637507.2197397,-6030.996747000143,100.74092459171548,0.0,63.11623708873006,72435.18958851507,108974.2124784956,0.0,0.0,5.2,21226.93847683799,11249.34325468658,10073.06103667669,10077.86516705225,10082.82848690984,8473.811983643993,13211.63781458837,False,,False,RAW_REBUILD_v2_20260725,False,False,44784.93200466422,False
2025-10-27,21226.93847683799,489.561,1631482.3951735,-6024.82456619991,100.37027193749492,0.0,59.96042523429355,41078.39322408313,72435.18958851507,0.0,0.0,0.0,11249.34325468658,10073.06103667669,10077.86516705225,10082.82848690984,8473.811983643993,13211.63781458837,6860.046444204823,False,,False,RAW_REBUILD_v2_20260725,False,False,18567.957467475244,False
2025-10-28,11249.34325468658,489.542,1625463.7590197,-6018.636153799947,100.0,0.0,56.96240397257887,21226.93847683799,41078.39322408313,0.0,0.0,0.0,10073.06103667669,10077.86516705225,10082.82848690984,8473.811983643993,13211.63781458837,6860.046444204823,10042.45299212522,False,,False,RAW_REBUILD_v2_20260725,False,False,10123.898591554334,False
2025-10-29,10073.06103667669,489.521,1619451.3170382,-6012.441981500015,99.630109133585,0.0,54.11428377394992,11249.34325468658,21226.93847683799,0.0,0.0,0.0,10077.86516705225,10082.82848690984,8473.811983643993,13211.63781458837,6860.046444204823,10042.45299212522,16504.94754473182,False,,False,RAW_REBUILD_v2_20260725,False,False,10072.899036310992,False
2025-10-30,10077.86516705225,489.50198,1613444.9319478,-6006.385090399999,99.26059089258634,0.0,51.40856958525242,10073.06103667669,11249.34325468658,0.0,0.0,0.0,10082.82848690984,8473.811983643993,13211.63781458837,6860.046444204823,10042.45299212522,16504.94754473182,15909.04979482272,False,,False,RAW_REBUILD_v2_20260725,False,False,10077.865167052254,False
2025-10-31,10082.82848690984,489.483,1607444.5930314,-6000.338916399982,98.8914446176784,0.0,48.8381411059898,10077.86516705225,10073.06103667669,0.0,0.0,0.0,8473.811983643993,13211.63781458837,6860.046444204823,10042.45299212522,16504.94754473182,15909.04979482272,4769.251217883577,False,,False,RAW_REBUILD_v2_20260725,False,False,10082.828486909842,False
2025-11-01,8473.811983643993,489.483,1607444.5930314,0.0,98.8914446176784,25.2,71.5962340506903,10082.82848690984,10077.86516705225,25.199999999999985,25.200000000000014,25.2,13211.63781458837,6860.046444204823,10042.45299212522,16504.94754473182,15909.04979482272,4769.251217883577,7575.227298485735,False,,False,RAW_REBUILD_v2_20260725,False,False,8473.811983643993,False
2025-11-02,13211.63781458837,489.483,1607444.5930314,0.0,98.8914446176784,9.4,77.41642234815579,8473.811983643993,10082.82848690984,34.59999999999999,34.600000000000016,34.6,6860.046444204823,10042.45299212522,16504.94754473182,15909.04979482272,4769.251217883577,7575.227298485735,113666.2009488204,False,,False,RAW_REBUILD_v2_20260725,False,False,13211.637814588374,False
2025-11-03,6860.046444204823,489.451,1598455.4724356,-8989.120595800225,98.33842579176364,0.6,74.145601230748,13211.63781458837,8473.811983643993,35.19999999999999,35.20000000000002,35.2,10042.45299212522,16504.94754473182,15909.04979482272,4769.251217883577,7575.227298485735,113666.2009488204,249279.2589478735,False,,False,RAW_REBUILD_v2_20260725,False,False,6860.046444204823,False
2025-11-04,10042.45299212522,489.438,1592470.1267521,-5985.345683499938,97.97020191409877,0.0,70.4383211692106,6860.046444204823,13211.63781458837,9.999999999999986,35.20000000000002,35.2,16504.94754473182,15909.04979482272,4769.251217883577,7575.227298485735,113666.2009488204,249279.2589478735,263958.0092504928,False,,False,RAW_REBUILD_v2_20260725,False,False,10042.452992125218,False
2025-11-05,16504.94754473182,489.451,1598455.4724356,5985.345683499938,98.33842579176364,18.4,85.31640511075005,10042.45299212522,6860.046444204823,18.999999999999982,53.60000000000001,53.6,15909.04979482272,4769.251217883577,7575.227298485735,113666.2009488204,249279.2589478735,263958.0092504928,229962.2851771152,False,,False,RAW_REBUILD_v2_20260725,False,False,16504.947544731822,False
2025-11-06,15909.04979482272,489.457,1598455.4724356,0.0,98.33842579176364,0.4,81.45058485521255,16504.94754473182,10042.45299212522,18.799999999999983,28.80000000000001,54.0,4769.251217883577,7575.227298485735,113666.2009488204,249279.2589478735,263958.0092504928,229962.2851771152,192079.7929426298,False,,False,RAW_REBUILD_v2_20260725,False,False,15909.049794822722,False
2025-11-07,4769.251217883577,489.445,1595462.0162961,-2993.4561394997872,98.15426566374548,0.0,77.37805561245192,15909.04979482272,16504.94754473182,18.799999999999983,19.400000000000013,54.0,7575.227298485735,113666.2009488204,249279.2589478735,263958.0092504928,229962.2851771152,192079.7929426298,165539.5804111388,False,,False,RAW_REBUILD_v2_20260725,False,False,4769.251217883577,False
2025-11-08,7575.227298485735,489.464,1601450.3446648,5988.328368699877,98.52267303890044,0.4,73.90915283182932,4769.251217883577,15909.04979482272,0.7999999999999858,19.200000000000014,29.2,113666.2009488204,249279.2589478735,263958.0092504928,229962.2851771152,192079.7929426298,165539.5804111388,145731.1497631303,False,,False,RAW_REBUILD_v2_20260725,False,False,41386.16317848574,False
2025-11-09,113666.2009488204,489.677,1664741.6725648,63291.32789999992,102.41641275156992,42.4,112.61369519023783,7575.227298485735,4769.251217883577,42.79999999999998,61.60000000000001,62.2,249279.2589478735,263958.0092504928,229962.2851771152,192079.7929426298,165539.5804111388,145731.1497631303,128520.1893823637,False,,False,RAW_REBUILD_v2_20260725,False,False,324364.2617505552,False
2025-11-10,249279.2589478735,489.721,1679932.8392697,15191.166704900095,103.3509870612464,9.4,116.38301043072596,113666.2009488204,7575.227298485735,52.19999999999998,52.600000000000016,71.0,263958.0092504928,229962.2851771152,192079.7929426298,165539.5804111388,145731.1497631303,128520.1893823637,119090.7956175015,False,,False,RAW_REBUILD_v2_20260725,False,False,368655.75888458063,False
2025-11-11,263958.0092504928,489.715,1676891.4600323,-3041.379237399902,103.16387866091922,0.0,110.56385990918966,249279.2589478735,113666.2009488204,51.79999999999998,52.20000000000002,71.0,229962.2851771152,192079.7929426298,165539.5804111388,145731.1497631303,128520.1893823637,119090.7956175015,154726.7011716528,False,,False,RAW_REBUILD_v2_20260725,False,False,323848.51073321624,False
2025-11-12,229962.2851771152,489.702,1673851.7406958,-3039.7193365001585,102.97687237919608,0.0,105.03566691373015,263958.0092504928,249279.2589478735,9.399999999999986,52.20000000000002,52.6,192079.7929426298,165539.5804111388,145731.1497631303,128520.1893823637,119090.7956175015,154726.7011716528,528946.7878731622,False,,False,RAW_REBUILD_v2_20260725,False,False,280267.58193712565,False
2025-11-13,192079.7929426298,489.68298,1667776.8298904,-6074.910805399995,102.6031383742581,0.0,99.78388356804363,229962.2851771152,263958.0092504928,0.0,51.80000000000002,52.2,165539.5804111388,145731.1497631303,128520.1893823637,119090.7956175015,154726.7011716528,528946.7878731622,837080.2881996555,False,,False,RAW_REBUILD_v2_20260725,False,False,238079.5935655484,False
2025-11-14,165539.5804111388,489.671,1664741.6725648,-3035.157325600041,102.41641275156992,0.0,94.79468938964146,192079.7929426298,229962.2851771152,0.0,9.400000000000022,52.2,145731.1497631303,128520.1893823637,119090.7956175015,154726.7011716528,528946.7878731622,837080.2881996555,641392.2481673134,False,,False,RAW_REBUILD_v2_20260725,False,False,213597.80433420843,False
2025-11-15,145731.1497631303,489.664,1661708.0167959,-3033.655768899945,102.22977950600747,0.0,90.05495492015939,165539.5804111388,192079.7929426298,0.0,0.0,51.8,128520.1893823637,119090.7956175015,154726.7011716528,528946.7878731622,837080.2881996555,641392.2481673134,458554.5461727284,False,,False,RAW_REBUILD_v2_20260725,False,False,192495.6257758496,False
2025-11-16,128520.1893823637,489.658,1658675.7961467,-3032.220649200026,102.04323455030642,0.0,85.55220717415142,145731.1497631303,165539.5804111388,0.0,0.0,9.4,119090.7956175015,154726.7011716528,528946.7878731622,837080.2881996555,641392.2481673134,458554.5461727284,371749.8007518929,False,,False,RAW_REBUILD_v2_20260725,False,False,175733.50779371275,False
2025-11-17,119090.7956175015,489.65698,1658675.7961467,0.0,102.04323455030642,0.0,81.27459681544384,128520.1893823637,145731.1497631303,0.0,0.0,0.0,154726.7011716528,528946.7878731622,837080.2881996555,641392.2481673134,458554.5461727284,371749.8007518929,320232.6373695737,False,,False,RAW_REBUILD_v2_20260725,False,False,177813.58794291277,False
2025-11-18,154726.7011716528,489.727,1679932.8392697,21257.04312300007,103.3509870612464,41.2,118.41086697467163,119090.7956175015,128520.1893823637,41.19999999999999,41.20000000000002,41.2,528946.7878731622,837080.2881996555,641392.2481673134,458554.5461727284,371749.8007518929,320232.6373695737,282635.1724947998,False,,False,RAW_REBUILD_v2_20260725,False,False,478550.4252622602,False
2025-11-19,528946.7878731622,489.857,1719668.7023854,39735.86311569996,105.79557328442152,31.2,143.69032362593805,154726.7011716528,119090.7956175015,72.39999999999999,72.40000000000002,72.4,837080.2881996555,641392.2481673134,458554.5461727284,371749.8007518929,320232.6373695737,282635.1724947998,250442.3677198271,False,,False,RAW_REBUILD_v2_20260725,False,False,957422.964086338,False
2025-11-20,837080.2881996555,489.88998,1728897.6614809,9228.959095499944,106.36334719167036,16.4,152.90580744464114,528946.7878731622,154726.7011716528,88.79999999999998,88.80000000000003,88.8,641392.2481673134,458554.5461727284,371749.8007518929,320232.6373695737,282635.1724947998,250442.3677198271,226461.0491718907,False,,False,RAW_REBUILD_v2_20260725,False,False,893123.028104316,False
2025-11-21,641392.2481673134,489.818,1707386.3914463,-21511.270034599816,105.03995441128792,0.0,145.26051707240907,837080.2881996555,528946.7878731622,47.59999999999998,88.80000000000003,88.8,458554.5461727284,371749.8007518929,320232.6373695737,282635.1724947998,250442.3677198271,226461.0491718907,209827.3783454106,False,,False,RAW_REBUILD_v2_20260725,False,False,612855.6840597584,False
2025-11-22,458554.5461727284,489.774,1695162.8519716,-12223.539474700112,104.28795121177814,0.0,137.9974912187886,641392.2481673134,837080.2881996555,16.399999999999984,88.80000000000003,88.8,371749.8007518929,320232.6373695737,282635.1724947998,250442.3677198271,226461.0491718907,209827.3783454106,192118.5984848536,False,,False,RAW_REBUILD_v2_20260725,False,False,490683.8477683797,False
2025-11-23,371749.8007518929,489.754,1689066.0691295,-6096.782842099899,103.91287161936836,0.0,131.0976166578492,458554.5461727284,641392.2481673134,0.0,47.60000000000002,88.8,320232.6373695737,282635.1724947998,250442.3677198271,226461.0491718907,209827.3783454106,192118.5984848536,181762.4168316232,False,,False,RAW_REBUILD_v2_20260725,False,False,433718.8695659825,False
2025-11-24,320232.6373695737,489.734,1682975.6527669,-6090.416362600168,103.53818369853316,0.0,124.54273582495672,371749.8007518929,458554.5461727284,0.0,16.40000000000002,88.8,282635.1724947998,250442.3677198271,226461.0491718907,209827.3783454106,192118.5984848536,181762.4168316232,170801.8414968055,False,,False,RAW_REBUILD_v2_20260725,False,False,379498.75290643546,False
2025-11-25,282635.1724947998,489.721,1679932.8392697,-3042.8134971999098,103.3509870612464,0.0,118.31559903370888,320232.6373695737,371749.8007518929,0.0,0.0,47.6,250442.3677198271,226461.0491718907,209827.3783454106,192118.5984848536,181762.4168316232,170801.8414968055,168695.2513560315,False,,False,RAW_REBUILD_v2_20260725,False,False,345857.6981057496,False
2025-11-26,250442.3677198271,489.70898,1673851.7406958,-6081.098573900061,102.97687237919608,0.0,112.39981908202344,282635.1724947998,320232.6373695737,0.0,0.0,16.4,226461.0491718907,209827.3783454106,192118.5984848536,181762.4168316232,170801.8414968055,168695.2513560315,162280.3512820562,False,,False,RAW_REBUILD_v2_20260725,False,False,310615.1173997257,False
2025-11-27,226461.0491718907,489.697,1670813.4823932,-3038.25830259989,102.78995598159936,0.0,106.77982812792224,250442.3677198271,282635.1724947998,0.0,0.0,0.0,209827.3783454106,192118.5984848536,181762.4168316232,170801.8414968055,168695.2513560315,162280.3512820562,150695.9364096984,False,,False,RAW_REBUILD_v2_20260725,False,False,288864.69826402166,False
2025-11-28,209827.3783454106,489.691,1670813.4823932,0.0,102.78995598159936,0.0,101.44083672152613,226461.0491718907,250442.3677198271,0.0,0.0,0.0,192118.5984848536,181762.4168316232,170801.8414968055,168695.2513560315,162280.3512820562,150695.9364096984,146155.8711909035,False,,False,RAW_REBUILD_v2_20260725,False,False,272042.76256662153,False
2025-11-29,192118.5984848536,489.684,1667776.8298904,-3036.652502800105,102.6031383742581,0.0,96.36879488544982,209827.3783454106,226461.0491718907,0.0,0.0,0.0,181762.4168316232,170801.8414968055,168695.2513560315,162280.3512820562,150695.9364096984,146155.8711909035,142112.1251674911,False,,False,RAW_REBUILD_v2_20260725,False,False,252600.3418681483,False
2025-11-30,181762.4168316232,489.684,1667776.8298904,0.0,102.6031383742581,0.0,91.55035514117732,192118.5984848536,209827.3783454106,0.0,0.0,0.0,170801.8414968055,168695.2513560315,162280.3512820562,150695.9364096984,146155.8711909035,142112.1251674911,128336.1512244437,False,,False,RAW_REBUILD_v2_20260725,False,False,244914.3461709484,False
2025-12-01,170801.8414968055,489.678,1664741.6725648,-3035.157325600041,102.41641275156992,0.0,86.97283738411845,181762.4168316232,192118.5984848536,0.0,0.0,0.0,168695.2513560315,162280.3512820562,150695.9364096984,146155.8711909035,142112.1251674911,128336.1512244437,123172.8626200811,False,,False,RAW_REBUILD_v2_20260725,False,False,234203.99536424223,False
2025-12-02,168695.2513560315,489.671,1664741.6725648,0.0,102.41641275156992,0.0,82.62419551491253,170801.8414968055,181762.4168316232,0.0,0.0,0.0,162280.3512820562,150695.9364096984,146155.8711909035,142112.1251674911,128336.1512244437,123172.8626200811,118333.622935685,False,,False,RAW_REBUILD_v2_20260725,False,False,228969.8139994424,False
2025-12-03,162280.3512820562,489.671,1664741.6725648,0.0,102.41641275156992,0.0,78.4929857391669,168695.2513560315,170801.8414968055,0.0,0.0,0.0,150695.9364096984,146155.8711909035,142112.1251674911,128336.1512244437,123172.8626200811,118333.622935685,105974.2258759667,False,,False,RAW_REBUILD_v2_20260725,False,False,221736.0149994424,False
2025-12-04,150695.9364096984,489.664,1661708.0167959,-3033.655768899945,102.22977950600747,0.0,74.56833645220856,162280.3512820562,168695.2513560315,0.0,0.0,0.0,146155.8711909035,142112.1251674911,128336.1512244437,123172.8626200811,118333.622935685,105974.2258759667,100182.1597185699,False,,False,RAW_REBUILD_v2_20260725,False,False,209256.1982606207,False
2025-12-05,146155.8711909035,489.664,1661708.0167959,0.0,102.22977950600747,0.0,70.83991962959813,150695.9364096984,162280.3512820562,0.0,0.0,0.0,142112.1251674911,128336.1512244437,123172.8626200811,118333.622935685,105974.2258759667,100182.1597185699,105777.9168306079,False,,False,RAW_REBUILD_v2_20260725,False,False,204367.78662952065,False
2025-12-06,142112.1251674911,489.664,1661708.0167959,0.0,102.22977950600747,0.0,67.29792364811821,146155.8711909035,150695.9364096984,0.0,0.0,0.0,128336.1512244437,123172.8626200811,118333.622935685,105974.2258759667,100182.1597185699,105777.9168306079,95674.64344875758,False,,False,RAW_REBUILD_v2_20260725,False,False,195214.23592952063,False
2025-12-07,128336.1512244437,489.65698,1658675.7961467,-3032.220649200026,102.04323455030642,0.0,63.9330274657123,142112.1251674911,146155.8711909035,0.0,0.0,0.0,123172.8626200811,118333.622935685,105974.2258759667,100182.1597185699,105777.9168306079,95674.64344875758,102286.8081684614,False,,False,RAW_REBUILD_v2_20260725,False,False,178996.50787327875,False
2025-12-08,123172.8626200811,489.65698,1658675.7961467,0.0,102.04323455030642,0.0,60.73637609242668,128336.1512244437,142112.1251674911,0.0,0.0,0.0,118333.622935685,105974.2258759667,100182.1597185699,105777.9168306079,95674.64344875758,102286.8081684614,98510.33062773151,False,,False,RAW_REBUILD_v2_20260725,False,False,176209.41962247877,False
2025-12-09,118333.622935685,489.651,1658675.7961467,0.0,102.04323455030642,0.0,57.69955728780535,123172.8626200811,128336.1512244437,0.0,0.0,0.0,105974.2258759667,100182.1597185699,105777.9168306079,95674.64344875758,102286.8081684614,98510.33062773151,91571.26234193222,False,,False,RAW_REBUILD_v2_20260725,False,False,163832.40842247877,False
2025-12-10,105974.2258759667,489.645,1655645.1614623,-3030.6346843999345,101.8567871645937,0.0,54.81457942341508,118333.622935685,123172.8626200811,0.0,0.0,0.0,100182.1597185699,105777.9168306079,95674.64344875758,102286.8081684614,98510.33062773151,91571.26234193222,89250.45186240789,False,,False,RAW_REBUILD_v2_20260725,False,False,157267.6521438652,False
2025-12-11,100182.1597185699,489.638,1652616.0060849,-3029.155377400108,101.670430787185,0.0,52.07385045224432,105974.2258759667,118333.622935685,0.0,0.0,0.0,105777.9168306079,95674.64344875758,102286.8081684614,98510.33062773151,91571.26234193222,89250.45186240789,86114.73632646514,False,,False,RAW_REBUILD_v2_20260725,False,False,145062.07728889663,False
2025-12-12,105777.9168306079,489.651,1658675.7961467,6059.790061800042,102.04323455030642,0.0,49.4701579296321,100182.1597185699,105974.2258759667,0.0,0.0,0.0,95674.64344875758,102286.8081684614,98510.33062773151,91571.26234193222,89250.45186240789,86114.73632646514,75862.80524445037,False,,False,RAW_REBUILD_v2_20260725,False,False,161541.7940842788,False
2025-12-13,95674.64344875758,489.638,1652616.0060849,-6059.790061800042,101.670430787185,0.0,46.996650033150495,105777.9168306079,100182.1597185699,0.0,0.0,0.0,102286.8081684614,98510.33062773151,91571.26234193222,89250.45186240789,86114.73632646514,75862.80524445037,72806.88785966646,False,,False,RAW_REBUILD_v2_20260725,False,False,143688.1908044967,False
2025-12-14,102286.8081684614,489.644,1655645.1614623,3029.155377400108,101.8567871645937,0.0,44.64681753149297,95674.64344875758,105777.9168306079,0.0,0.0,0.0,98510.33062773151,91571.26234193222,89250.45186240789,86114.73632646514,75862.80524445037,72806.88785966646,67326.7436279514,False,,False,RAW_REBUILD_v2_20260725,False,False,152568.33660566524,False
2025-12-15,98510.33062773151,489.644,1655645.1614623,0.0,101.8567871645937,0.0,42.41447665491832,102286.8081684614,95674.64344875758,0.0,0.0,0.0,91571.26234193222,89250.45186240789,86114.73632646514,75862.80524445037,72806.88785966646,67326.7436279514,69477.14912641923,False,,False,RAW_REBUILD_v2_20260725,False,False,147995.95882826514,False
2025-12-16,91571.26234193222,489.638,1652616.0060849,-3029.155377400108,101.670430787185,0.0,40.2937528221724,98510.33062773151,102286.8081684614,0.0,0.0,0.0,89250.45186240789,86114.73632646514,75862.80524445037,72806.88785966646,67326.7436279514,69477.14912641923,59737.54393713534,False,,False,RAW_REBUILD_v2_20260725,False,False,134491.21018889663,False
2025-12-17,89250.45186240789,489.638,1652616.0060849,0.0,101.670430787185,0.0,38.27906518106378,91571.26234193222,98510.33062773151,0.0,0.0,0.0,86114.73632646514,75862.80524445037,72806.88785966646,67326.7436279514,69477.14912641923,59737.54393713534,61014.29057677041,False,,False,RAW_REBUILD_v2_20260725,False,False,135923.13246629672,False
2025-12-18,86114.73632646514,489.631,1652616.0060849,0.0,101.670430787185,0.0,36.36511192201059,89250.45186240789,91571.26234193222,0.0,0.0,0.0,75862.80524445037,72806.88785966646,67326.7436279514,69477.14912641923,59737.54393713534,61014.29057677041,58606.43323292737,False,,False,RAW_REBUILD_v2_20260725,False,False,126557.10026629672,False
2025-12-19,75862.80524445037,489.625,1649588.4715397,-3027.5345451999456,101.48417412483865,0.0,34.54685632591006,86114.73632646514,89250.45186240789,0.0,0.0,0.0,72806.88785966646,67326.7436279514,69477.14912641923,59737.54393713534,61014.29057677041,58606.43323292737,60641.28989477052,False,,False,RAW_REBUILD_v2_20260725,False,False,115580.61307334204,False
2025-12-20,72806.88785966646,489.625,1649588.4715397,0.0,101.48417412483865,0.0,32.81951350961456,75862.80524445037,86114.73632646514,0.0,0.0,0.0,67326.7436279514,69477.14912641923,59737.54393713534,61014.29057677041,58606.43323292737,60641.28989477052,58575.915307928,False,,False,RAW_REBUILD_v2_20260725,False,False,109427.091618542,False
2025-12-21,67326.7436279514,489.625,1649588.4715397,0.0,101.48417412483865,0.0,31.17853783413383,72806.88785966646,75862.80524445037,0.0,0.0,0.0,69477.14912641923,59737.54393713534,61014.29057677041,58606.43323292737,60641.28989477052,58575.915307928,52735.22662610265,False,,False,RAW_REBUILD_v2_20260725,False,False,112236.090118542,False
2025-12-22,69477.14912641923,489.625,1649588.4715397,0.0,101.48417412483865,0.0,29.619610942427137,67326.7436279514,72806.88785966646,0.0,0.0,0.0,59737.54393713534,61014.29057677041,58606.43323292737,60641.28989477052,58575.915307928,52735.22662610265,45221.99825716334,False,,False,RAW_REBUILD_v2_20260725,False,False,105147.569618542,False
2025-12-23,59737.54393713534,489.618,1646562.4785364,-3025.993003299925,101.29801229954364,0.0,28.13863039530578,69477.14912641923,67326.7436279514,0.0,0.0,0.0,61014.29057677041,58606.43323292737,60641.28989477052,58575.915307928,52735.22662610265,45221.99825716334,44408.05284441299,False,,False,RAW_REBUILD_v2_20260725,False,False,97996.56607083853,False
2025-12-24,61014.29057677041,489.618,1646562.4785364,0.0,101.29801229954364,0.0,26.731698875540488,59737.54393713534,69477.14912641923,0.0,0.0,0.0,58606.43323292737,60641.28989477052,58575.915307928,52735.22662610265,45221.99825716334,44408.05284441299,40484.07026904635,False,,False,RAW_REBUILD_v2_20260725,False,False,97696.44896413844,False
2025-12-25,58606.43323292737,489.618,1646562.4785364,0.0,101.29801229954364,0.0,25.39511393176346,61014.29057677041,59737.54393713534,0.0,0.0,0.0,60641.28989477052,58575.915307928,52735.22662610265,45221.99825716334,44408.05284441299,40484.07026904635,37856.28804302291,False,,False,RAW_REBUILD_v2_20260725,False,False,99768.46159413844,False
2025-12-26,60641.28989477052,489.619,1646562.4785364,0.0,101.29801229954364,0.0,24.125358235175288,58606.43323292737,61014.29057677041,0.0,0.0,0.0,58575.915307928,52735.22662610265,45221.99825716334,44408.05284441299,40484.07026904635,37856.28804302291,42454.87035829797,False,,False,RAW_REBUILD_v2_20260725,False,False,98376.12530413843,False
2025-12-27,58575.915307928,489.618,1646562.4785364,0.0,101.29801229954364,0.0,22.919090323416523,60641.28989477052,58606.43323292737,0.0,0.0,0.0,52735.22662610265,45221.99825716334,44408.05284441299,40484.07026904635,37856.28804302291,42454.87035829797,40621.68780879292,False,,False,RAW_REBUILD_v2_20260725,False,False,91510.30244413843,False
2025-12-28,52735.22662610265,489.612,1646562.4785364,0.0,101.29801229954364,0.0,21.77313580724569,58575.915307928,60641.28989477052,0.0,0.0,0.0,45221.99825716334,44408.05284441299,40484.07026904635,37856.28804302291,42454.87035829797,40621.68780879292,38841.39655611992,False,,False,RAW_REBUILD_v2_20260725,False,False,84241.41421413844,False
2025-12-29,45221.99825716334,489.606,1643538.2164867,-3024.2620496999007,101.111956964079,0.0,20.684479016883408,52735.22662610265,58575.915307928,0.0,0.0,0.0,44408.05284441299,40484.07026904635,37856.28804302291,42454.87035829797,40621.68780879292,38841.39655611992,35062.85962274358,False,,False,RAW_REBUILD_v2_20260725,False,False,76839.84335018923,False
2025-12-30,44408.05284441299,489.606,1643538.2164867,0.0,101.111956964079,0.0,19.65025506603924,45221.99825716334,52735.22662610265,0.0,0.0,0.0,40484.07026904635,37856.28804302291,42454.87035829797,40621.68780879292,38841.39655611992,35062.85962274358,28196.25966596511,False,,False,RAW_REBUILD_v2_20260725,False,False,72948.15563988913,False
2025-12-31,40484.07026904635,489.606,1643538.2164867,0.0,101.111956964079,0.0,18.667742312737275,44408.05284441299,45221.99825716334,0.0,0.0,0.0,37856.28804302291,42454.87035829797,40621.68780879292,38841.39655611992,35062.85962274358,28196.25966596511,24052.600328715,False,,False,RAW_REBUILD_v2_20260725,False,False,69626.23702988913,False
2026-01-01,37856.28804302291,489.606,1643538.2164867,0.0,101.111956964079,0.0,17.73435519710041,40484.07026904635,44408.05284441299,0.0,0.0,0.0,42454.87035829797,40621.68780879292,38841.39655611992,35062.85962274358,28196.25966596511,24052.600328715,0.0,False,,False,RAW_REBUILD_v2_20260725,False,False,78430.4584863069,False
2026-01-02,42454.87035829797,489.599,1640521.8742391,-3016.342247600201,100.92638886199968,0.0,16.84763743724539,37856.28804302291,40484.07026904635,0.0,0.0,0.0,40621.68780879292,38841.39655611992,35062.85962274358,28196.25966596511,24052.600328715,0.0,1005.554128209214,False,,False,RAW_REBUILD_v2_20260725,False,False,69939.23472295284,False
2026-01-03,40621.68780879292,489.599,1640521.8742391,0.0,100.92638886199968,0.0,16.00525556538312,42454.87035829797,37856.28804302291,0.0,0.0,0.0,38841.39655611992,35062.85962274358,28196.25966596511,24052.600328715,0.0,1005.554128209214,4547.181981030939,False,,False,RAW_REBUILD_v2_20260725,False,False,69308.35597055304,False
2026-01-04,38841.39655611992,489.599,1640521.8742391,0.0,100.92638886199968,0.0,15.204992787113962,40621.68780879292,42454.87035829797,0.0,0.0,0.0,35062.85962274358,28196.25966596511,24052.600328715,0.0,1005.554128209214,4547.181981030939,2501.206056063745,False,,False,RAW_REBUILD_v2_20260725,False,False,67191.17543055303,False
2026-01-05,35062.85962274358,489.593,1640521.8742391,0.0,100.92638886199968,0.0,14.444743147758263,38841.39655611992,40621.68780879292,0.0,0.0,0.0,28196.25966596511,24052.600328715,0.0,1005.554128209214,4547.181981030939,2501.206056063745,7038.238120057628,False,,False,RAW_REBUILD_v2_20260725,False,False,55698.94496055303,False
2026-01-06,28196.25966596511,489.587,1637507.2197397,-3014.6544993999414,100.74092459171548,0.0,13.72250599037035,35062.85962274358,38841.39655611992,0.0,0.0,0.0,24052.600328715,0.0,1005.554128209214,4547.181981030939,2501.206056063745,7038.238120057628,5146.520075025873,False,,False,RAW_REBUILD_v2_20260725,False,False,47993.48598154232,False
2026-01-07,24052.600328715,489.575,1634494.0165123,-3013.203227400081,100.55554960499676,0.0,13.036380690851832,28196.25966596511,35062.85962274358,0.0,0.0,0.0,0.0,1005.554128209214,4547.181981030939,2501.206056063745,7038.238120057628,5146.520075025873,6795.481323221639,False,,False,RAW_REBUILD_v2_20260725,False,False,22196.14821518939,False
2026-01-08,0.0,489.542,1625463.7590197,-9030.257492599776,100.0,0.0,12.38456165630924,24052.600328715,28196.25966596511,0.0,0.0,0.0,1005.554128209214,4547.181981030939,2501.206056063745,7038.238120057628,5146.520075025873,6795.481323221639,7522.553062727141,False,,False,RAW_REBUILD_v2_20260725,False,False,0.0,False
2026-01-09,1005.554128209214,489.543,1625463.7590197,0.0,100.0,0.0,11.765333573493775,0.0,24052.600328715,0.0,0.0,0.0,4547.181981030939,2501.206056063745,7038.238120057628,5146.520075025873,6795.481323221639,7522.553062727141,9082.504002172822,False,,False,RAW_REBUILD_v2_20260725,False,False,3628.388850120721,False
2026-01-10,4547.181981030939,489.556,1628472.3057532,3008.5467334999703,100.18508851500414,0.0,11.177066894819088,1005.554128209214,0.0,0.0,0.0,0.0,2501.206056063745,7038.238120057628,5146.520075025873,6795.481323221639,7522.553062727141,9082.504002172822,9641.718665012206,False,,False,RAW_REBUILD_v2_20260725,False,False,9810.36547707056,False
2026-01-11,2501.206056063745,489.555,1628472.3057532,0.0,100.18508851500414,0.0,10.618213550078131,4547.181981030939,1005.554128209214,0.0,0.0,0.0,7038.238120057628,5146.520075025873,6795.481323221639,7522.553062727141,9082.504002172822,9641.718665012206,7931.427796269722,False,,False,RAW_REBUILD_v2_20260725,False,False,10003.36591157059,False
2026-01-12,7038.238120057628,489.561,1631482.3951735,3010.089420299977,100.37027193749492,0.0,10.087302872574226,2501.206056063745,4547.181981030939,0.0,0.0,0.0,5146.520075025873,6795.481323221639,7522.553062727141,9082.504002172822,9641.718665012206,7931.427796269722,6951.298485920801,False,,False,RAW_REBUILD_v2_20260725,False,False,16730.830785626116,False
2026-01-13,5146.520075025873,489.561,1631482.3951735,0.0,100.37027193749492,0.0,9.582937728945511,7038.238120057628,2501.206056063745,0.0,0.0,0.0,6795.481323221639,7522.553062727141,9082.504002172822,9641.718665012206,7931.427796269722,6951.298485920801,6802.897787536684,False,,False,RAW_REBUILD_v2_20260725,False,False,15600.92620532614,False
2026-01-14,6795.481323221639,489.568,1631482.3951735,0.0,100.37027193749492,0.0,9.103790842498237,5146.520075025873,7038.238120057628,0.0,0.0,0.0,7522.553062727141,9082.504002172822,9641.718665012206,7931.427796269722,6951.298485920801,6802.897787536684,6430.379010740346,False,,False,RAW_REBUILD_v2_20260725,False,False,19259.24579532614,False
2026-01-15,7522.553062727141,489.568,1631482.3951735,0.0,100.37027193749492,0.0,8.648601300373324,6795.481323221639,5146.520075025873,0.0,0.0,0.0,9082.504002172822,9641.718665012206,7931.427796269722,6951.298485920801,6802.897787536684,6430.379010740346,4754.223042374496,False,,False,RAW_REBUILD_v2_20260725,False,False,21757.43928532613,False
2026-01-16,9082.504002172822,489.568,1631482.3951735,0.0,100.37027193749492,0.0,8.216171235354658,7522.553062727141,6795.481323221639,0.0,0.0,0.0,9641.718665012206,7931.427796269722,6951.298485920801,6802.897787536684,6430.379010740346,4754.223042374496,5013.879969758142,False,,False,RAW_REBUILD_v2_20260725,False,False,22252.75333532614,False
2026-01-17,9641.718665012206,489.568,1631482.3951735,0.0,100.37027193749492,0.0,7.805362673586925,9082.504002172822,7522.553062727141,0.0,0.0,0.0,7931.427796269722,6951.298485920801,6802.897787536684,6430.379010740346,4754.223042374496,5013.879969758142,5224.655702852328,False,,False,RAW_REBUILD_v2_20260725,False,False,21098.18765532614,False
2026-01-18,7931.427796269722,489.568,1631482.3951735,0.0,100.37027193749492,0.0,7.415094539907578,9641.718665012206,9082.504002172822,0.0,0.0,0.0,6951.298485920801,6802.897787536684,6430.379010740346,4754.223042374496,5013.879969758142,5224.655702852328,5864.683898932829,False,,False,RAW_REBUILD_v2_20260725,False,False,17950.29479532614,False
2026-01-19,6951.298485920801,489.568,1631482.3951735,0.0,100.37027193749492,0.0,7.044339812912199,7931.427796269722,9641.718665012206,0.0,0.0,0.0,6802.897787536684,6430.379010740346,4754.223042374496,5013.879969758142,5224.655702852328,5864.683898932829,6994.802601928017,False,,False,RAW_REBUILD_v2_20260725,False,False,17685.159505326137,False
2026-01-20,6802.897787536684,489.568,1631482.3951735,0.0,100.37027193749492,0.0,6.6921228222665885,6951.298485920801,7931.427796269722,0.0,0.0,0.0,6430.379010740346,4754.223042374496,5013.879969758142,5224.655702852328,5864.683898932829,6994.802601928017,11476.10062633418,False,,False,RAW_REBUILD_v2_20260725,False,False,17831.004705326137,False
2026-01-21,6430.379010740346,489.568,1631482.3951735,0.0,100.37027193749492,0.0,6.357516681153259,6802.897787536684,6951.298485920801,0.0,0.0,0.0,4754.223042374496,5013.879969758142,5224.655702852328,5864.683898932829,6994.802601928017,11476.10062633418,5676.608802087474,False,,False,RAW_REBUILD_v2_20260725,False,False,14259.502055326138,False
2026-01-22,4754.223042374496,489.561,1631482.3951735,0.0,100.37027193749492,0.0,6.039640847095596,6430.379010740346,6802.897787536684,0.0,0.0,0.0,5013.879969758142,5224.655702852328,5864.683898932829,6994.802601928017,11476.10062633418,5676.608802087474,11838.21534079677,False,,False,RAW_REBUILD_v2_20260725,False,False,12651.83517532614,False
2026-01-23,5013.879969758142,489.56,1631482.3951735,0.0,100.37027193749492,0.0,5.737658804740816,4754.223042374496,6430.379010740346,0.0,0.0,0.0,5224.655702852328,5864.683898932829,6994.802601928017,11476.10062633418,5676.608802087474,11838.21534079677,6614.983560953315,False,,False,RAW_REBUILD_v2_20260725,False,False,14280.502075326138,False
2026-01-24,5224.655702852328,489.567,1631482.3951735,0.0,100.37027193749492,0.0,5.450775864503775,5013.879969758142,4754.223042374496,0.0,0.0,0.0,5864.683898932829,6994.802601928017,11476.10062633418,5676.608802087474,11838.21534079677,6614.983560953315,8220.106059791846,False,,False,RAW_REBUILD_v2_20260725,False,False,15196.65662532614,False
2026-01-25,5864.683898932829,489.567,1631482.3951735,0.0,100.37027193749492,0.0,5.178237071278586,5224.655702852328,5013.879969758142,0.0,0.0,0.0,6994.802601928017,11476.10062633418,5676.608802087474,11838.21534079677,6614.983560953315,8220.106059791846,8037.136958042139,False,,False,RAW_REBUILD_v2_20260725,False,False,18068.12734532614,False
2026-01-26,6994.802601928017,489.567,1631482.3951735,0.0,100.37027193749492,0.0,4.919325217714657,5864.683898932829,5224.655702852328,0.0,0.0,0.0,11476.10062633418,5676.608802087474,11838.21534079677,6614.983560953315,8220.106059791846,8037.136958042139,7249.710052871193,False,,False,RAW_REBUILD_v2_20260725,False,False,19783.70634532614,False
2026-01-27,11476.10062633418,489.573,1634494.0165123,3011.6213387998287,100.55554960499676,0.0,4.673358956828924,6994.802601928017,5864.683898932829,0.0,0.0,0.0,5676.608802087474,11838.21534079677,6614.983560953315,8220.106059791846,8037.136958042139,7249.710052871193,0.0,False,,False,RAW_REBUILD_v2_20260725,False,False,24420.3245213893,False
2026-01-28,5676.608802087474,489.567,1631482.3951735,-3011.6213387998287,100.37027193749492,0.0,4.439691008987477,11476.10062633418,6994.802601928017,0.0,0.0,0.0,11838.21534079677,6614.983560953315,8220.106059791846,8037.136958042139,7249.710052871193,0.0,0.0,False,,False,RAW_REBUILD_v2_20260725,False,False,18521.56972652631,False
2026-01-29,11838.21534079677,489.573,1634494.0165123,3011.6213387998287,100.55554960499676,0.0,4.217706458538103,5676.608802087474,11476.10062633418,0.0,0.0,0.0,6614.983560953315,8220.106059791846,8037.136958042139,7249.710052871193,0.0,0.0,1167.570968068156,False,,False,RAW_REBUILD_v2_20260725,False,False,26091.2826613893,False
2026-01-30,6614.983560953315,489.567,1631482.3951735,-3011.6213387998287,100.37027193749492,0.0,4.006821135611198,11838.21534079677,5676.608802087474,0.0,0.0,0.0,8220.106059791846,8037.136958042139,7249.710052871193,0.0,0.0,1167.570968068156,1167.570968068156,False,,False,RAW_REBUILD_v2_20260725,False,False,17694.69515652631,False
2026-01-31,8220.106059791846,489.567,1631482.3951735,0.0,100.37027193749492,0.0,3.806480078830638,6614.983560953315,11838.21534079677,0.0,0.0,0.0,8037.136958042139,7249.710052871193,0.0,0.0,1167.570968068156,1167.570968068156,1167.570968068156,False,,False,RAW_REBUILD_v2_20260725,False,False,20336.23015532614,False
2026-02-01,8037.136958042139,489.567,1631482.3951735,0.0,100.37027193749492,0.0,3.616156074889106,8220.106059791846,6614.983560953315,0.0,0.0,0.0,7249.710052871193,0.0,0.0,1167.570968068156,1167.570968068156,1167.570968068156,4170.535081053606,False,,False,RAW_REBUILD_v2_20260725,False,False,18709.4484124805,False
2026-02-02,7249.710052871193,489.567,1631482.3951735,0.0,100.37027193749492,0.0,3.4353482711446506,8037.136958042139,8220.106059791846,0.0,0.0,0.0,0.0,0.0,1167.570968068156,1167.570968068156,1167.570968068156,4170.535081053606,4172.782660970314,False,,False,RAW_REBUILD_v2_20260725,False,False,1167.00221248049,False
2026-02-03,0.0,489.54,1625463.7590197,-6018.636153799947,100.0,0.0,3.263580857587418,7249.710052871193,8037.136958042139,0.0,0.0,0.0,0.0,1167.570968068156,1167.570968068156,1167.570968068156,4170.535081053606,4172.782660970314,1168.765625470164,False,,False,RAW_REBUILD_v2_20260725,False,False,0.0,False
2026-02-04,0.0,489.508,1613444.9319478,-12018.827071900014,99.26059089258634,0.0,3.100401814708047,0.0,7249.710052871193,0.0,0.0,0.0,1167.570968068156,1167.570968068156,1167.570968068156,4170.535081053606,4172.782660970314,1168.765625470164,1168.765625470164,False,,False,RAW_REBUILD_v2_20260725,False,False,0.0,False
2026-02-05,1167.570968068156,489.502,1613444.9319478,0.0,99.26059089258634,0.0,2.9453817239726443,0.0,0.0,0.0,0.0,0.0,1167.570968068156,1167.570968068156,4170.535081053606,4172.782660970314,1168.765625470164,1168.765625470164,4174.822262577526,False,,False,RAW_REBUILD_v2_20260725,False,False,1163.43771295469,False
2026-02-06,1167.570968068156,489.502,1613444.9319478,0.0,99.26059089258634,0.0,2.798112637774012,1167.570968068156,0.0,0.0,0.0,0.0,1167.570968068156,4170.535081053606,4172.782660970314,1168.765625470164,1168.765625470164,4174.822262577526,0.0,False,,False,RAW_REBUILD_v2_20260725,False,False,1163.43771295469,False
2026-02-07,1167.570968068156,489.508,1613444.9319478,0.0,99.26059089258634,0.0,2.658207005885312,1167.570968068156,1167.570968068156,0.0,0.0,0.0,4170.535081053606,4172.782660970314,1168.765625470164,1168.765625470164,4174.822262577526,0.0,1167.570968068156,False,,False,RAW_REBUILD_v2_20260725,False,False,1163.43771295469,False
2026-02-08,4170.535081053606,489.515,1616447.3000027,3002.3680548998527,99.445299289697,0.0,2.525296655591045,1167.570968068156,1167.570968068156,0.0,0.0,0.0,4172.782660970314,1168.765625470164,1168.765625470164,4174.822262577526,0.0,1167.570968068156,1167.570968068156,False,,False,RAW_REBUILD_v2_20260725,False,False,4166.39401892307,False
2026-02-09,4172.782660970314,489.521,1619451.3170382,3004.0170355001464,99.630109133585,0.0,2.399031822811493,4170.535081053606,1167.570968068156,0.0,0.0,0.0,1168.765625470164,1168.765625470164,4174.822262577526,0.0,1167.570968068156,1167.570968068156,1167.570968068156,False,,False,RAW_REBUILD_v2_20260725,False,False,4168.63380522942,False
2026-02-10,1168.765625470164,489.521,1619451.3170382,0.0,99.630109133585,0.0,2.2790802316709184,4172.782660970314,4170.535081053606,0.0,0.0,0.0,1168.765625470164,4174.822262577526,0.0,1167.570968068156,1167.570968068156,1167.570968068156,1167.570968068156,False,,False,RAW_REBUILD_v2_20260725,False,False,1164.61676972927,False
2026-02-11,1168.765625470164,489.527,1619451.3170382,0.0,99.630109133585,0.0,2.165126220087372,1168.765625470164,4172.782660970314,0.0,0.0,0.0,4174.822262577526,0.0,1167.570968068156,1167.570968068156,1167.570968068156,1167.570968068156,1167.570968068156,False,,False,RAW_REBUILD_v2_20260725,False,False,1164.61676972927,False
2026-02-12,4174.822262577526,489.534,1622456.7729032,3005.455864999909,99.8150074955646,0.0,2.0568699090830034,1168.765625470164,1168.765625470164,0.0,0.0,0.0,0.0,1167.570968068156,1167.570968068156,1167.570968068156,1167.570968068156,1167.570968068156,1167.570968068156,False,,False,RAW_REBUILD_v2_20260725,False,False,4170.66562671859,False
2026-02-13,0.0,489.502,1613444.9319478,-9011.840955399908,99.26059089258634,0.0,1.9540264136288528,4174.822262577526,1168.765625470164,0.0,0.0,0.0,1167.570968068156,1167.570968068156,1167.570968068156,1167.570968068156,1167.570968068156,1167.570968068156,1167.570968068156,False,,False,RAW_REBUILD_v2_20260725,False,False,0.0,False
2026-02-14,1167.570968068156,489.502,1613444.9319478,0.0,99.26059089258634,0.0,1.8563250929474104,0.0,4174.822262577526,0.0,0.0,0.0,1167.570968068156,1167.570968068156,1167.570968068156,1167.570968068156,1167.570968068156,1167.570968068156,0.0,False,,False,RAW_REBUILD_v2_20260725,False,False,1163.43771295469,False
2026-02-15,1167.570968068156,489.502,1613444.9319478,0.0,99.26059089258634,0.0,1.76350883830004,1167.570968068156,0.0,0.0,0.0,0.0,1167.570968068156,1167.570968068156,1167.570968068156,1167.570968068156,1167.570968068156,0.0,3147.926173739526,False,,False,RAW_REBUILD_v2_20260725,False,False,1163.43771295469,False
2026-02-16,1167.570968068156,489.502,1613444.9319478,0.0,99.26059089258634,0.0,1.675333396385038,1167.570968068156,1167.570968068156,0.0,0.0,0.0,1167.570968068156,1167.570968068156,1167.570968068156,1167.570968068156,0.0,3147.926173739526,0.0,False,,False,RAW_REBUILD_v2_20260725,False,False,1163.43771295469,False
2026-02-17,1167.570968068156,489.502,1613444.9319478,0.0,99.26059089258634,0.0,1.5915667265657858,1167.570968068156,1167.570968068156,0.0,0.0,0.0,1167.570968068156,1167.570968068156,1167.570968068156,0.0,3147.926173739526,0.0,4168.485571068196,False,,False,RAW_REBUILD_v2_20260725,False,False,1163.43771295469,False
2026-02-18,1167.570968068156,489.502,1613444.9319478,0.0,99.26059089258634,0.0,1.5119883902374964,1167.570968068156,1167.570968068156,0.0,0.0,0.0,1167.570968068156,1167.570968068156,0.0,3147.926173739526,0.0,4168.485571068196,1167.570968068156,False,,False,RAW_REBUILD_v2_20260725,False,False,1163.43771295469,False
2026-02-19,1167.570968068156,489.502,1613444.9319478,0.0,99.26059089258634,0.0,1.4363889707256214,1167.570968068156,1167.570968068156,0.0,0.0,0.0,1167.570968068156,0.0,3147.926173739526,0.0,4168.485571068196,1167.570968068156,1167.570968068156,False,,False,RAW_REBUILD_v2_20260725,False,False,1163.43771295469,False
2026-02-20,1167.570968068156,489.502,1613444.9319478,0.0,99.26059089258634,0.0,1.3645695221893404,1167.570968068156,1167.570968068156,0.0,0.0,0.0,0.0,3147.926173739526,0.0,4168.485571068196,1167.570968068156,1167.570968068156,1167.570968068156,False,,False,RAW_REBUILD_v2_20260725,False,False,1163.43771295469,False
2026-02-21,0.0,489.495,1610444.0173448,-3000.914603000041,99.0759719131506,0.0,1.2963410460798732,1167.570968068156,1167.570968068156,0.0,0.0,0.0,3147.926173739526,0.0,4168.485571068196,1167.570968068156,1167.570968068156,1167.570968068156,1167.570968068156,False,,False,RAW_REBUILD_v2_20260725,False,False,0.0,False
2026-02-22,3147.926173739526,489.501,1613444.9319478,3000.914603000041,99.26059089258634,3.4,4.631523993775879,0.0,1167.570968068156,3.3999999999999857,3.400000000000021,3.4,0.0,4168.485571068196,1167.570968068156,1167.570968068156,1167.570968068156,1167.570968068156,1232.360327093139,False,,False,RAW_REBUILD_v2_20260725,False,False,3143.79291862606,False
2026-02-23,0.0,489.494,1610444.0173448,-3000.914603000041,99.0759719131506,0.0,4.399947794087085,3147.926173739526,0.0,3.3999999999999857,3.400000000000021,3.4,4168.485571068196,1167.570968068156,1167.570968068156,1167.570968068156,1167.570968068156,1232.360327093139,1232.360327093139,False,,False,RAW_REBUILD_v2_20260725,False,False,0.0,False
2026-02-24,4168.485571068196,489.501,1613444.9319478,3000.914603000041,99.26059089258634,0.0,4.179950404382731,0.0,3147.926173739526,3.3999999999999857,3.400000000000021,3.4,1167.570968068156,1167.570968068156,1167.570968068156,1167.570968068156,1232.360327093139,1232.360327093139,0.0,False,,False,RAW_REBUILD_v2_20260725,False,False,4164.35231595473,False
2026-02-25,1167.570968068156,489.501,1613444.9319478,0.0,99.26059089258634,0.0,3.970952884163594,4168.485571068196,0.0,0.0,3.400000000000021,3.4,1167.570968068156,1167.570968068156,1167.570968068156,1232.360327093139,1232.360327093139,0.0,7232.699243493119,False,,False,RAW_REBUILD_v2_20260725,False,False,1163.43771295469,False
2026-02-26,1167.570968068156,489.508,1613444.9319478,0.0,99.26059089258634,0.0,3.772405239955414,1167.570968068156,4168.485571068196,0.0,3.400000000000021,3.4,1167.570968068156,1167.570968068156,1232.360327093139,1232.360327093139,0.0,7232.699243493119,0.0,False,,False,RAW_REBUILD_v2_20260725,False,False,1163.43771295469,False
2026-02-27,1167.570968068156,489.502,1613444.9319478,0.0,99.26059089258634,0.0,3.5837849779576434,1167.570968068156,1167.570968068156,0.0,0.0,3.4,1167.570968068156,1232.360327093139,1232.360327093139,0.0,7232.699243493119,0.0,4231.157917663651,False,,False,RAW_REBUILD_v2_20260725,False,False,1163.43771295469,False
2026-02-28,1167.570968068156,489.502,1613444.9319478,0.0,99.26059089258634,0.0,3.404595729059761,1167.570968068156,1167.570968068156,0.0,0.0,3.4,1232.360327093139,1232.360327093139,0.0,7232.699243493119,0.0,4231.157917663651,10240.97433716826,False,,False,RAW_REBUILD_v2_20260725,False,False,1163.43771295469,False
2026-03-01,1232.360327093139,489.502,1613444.9319478,0.0,99.26059089258634,0.0,3.234365942606773,1167.570968068156,1167.570968068156,0.0,0.0,0.0,1232.360327093139,0.0,7232.699243493119,0.0,4231.157917663651,10240.97433716826,0.0,False,,False,RAW_REBUILD_v2_20260725,False,False,1228.22707197967,False
2026-03-02,1232.360327093139,489.502,1613444.9319478,0.0,99.26059089258634,0.0,3.0726476454764344,1232.360327093139,1167.570968068156,0.0,0.0,0.0,0.0,7232.699243493119,0.0,4231.157917663651,10240.97433716826,0.0,7240.005734046325,False,,False,RAW_REBUILD_v2_20260725,False,False,1228.22707197967,False
2026-03-03,0.0,489.483,1607444.5930314,-6000.338916399982,98.8914446176784,0.0,2.9190152632026125,1232.360327093139,1232.360327093139,0.0,0.0,0.0,7232.699243493119,0.0,4231.157917663651,10240.97433716826,0.0,7240.005734046325,0.0,False,,False,RAW_REBUILD_v2_20260725,False,False,0.0,False
2026-03-04,7232.699243493119,489.508,1613444.9319478,6000.338916399982,99.26059089258634,0.0,2.773064500042482,0.0,1232.360327093139,0.0,0.0,0.0,0.0,4231.157917663651,10240.97433716826,0.0,7240.005734046325,0.0,0.0,False,,False,RAW_REBUILD_v2_20260725,False,False,7228.56598837965,False
2026-03-05,0.0,489.483,1607444.5930314,-6000.338916399982,98.8914446176784,0.0,2.6344112750403577,7232.699243493119,0.0,0.0,0.0,0.0,4231.157917663651,10240.97433716826,0.0,7240.005734046325,0.0,0.0,0.0,False,,False,RAW_REBUILD_v2_20260725,False,False,0.0,False
2026-03-06,4231.157917663651,489.49,1610444.0173448,2999.4243133999407,99.0759719131506,0.0,2.50269071128834,0.0,7232.699243493119,0.0,0.0,0.0,10240.97433716826,0.0,7240.005734046325,0.0,0.0,0.0,4588.915562032591,False,,False,RAW_REBUILD_v2_20260725,False,False,4227.03248254586,False
2026-03-07,10240.97433716826,489.52,1619451.3170382,9007.29969340004,99.630109133585,0.0,2.3775561757239227,4231.157917663651,0.0,0.0,0.0,0.0,0.0,7240.005734046325,0.0,0.0,0.0,4588.915562032591,1051.725638716127,False,,False,RAW_REBUILD_v2_20260725,False,False,10236.7714813055,False
2026-03-08,0.0,489.502,1613444.9319478,-6006.385090399999,99.26059089258634,0.0,2.2586783669377266,10240.97433716826,4231.157917663651,0.0,0.0,0.0,7240.005734046325,0.0,0.0,0.0,4588.915562032591,1051.725638716127,1171.730949081183,False,,False,RAW_REBUILD_v2_20260725,False,False,0.0,False
2026-03-09,7240.005734046325,489.52,1619451.3170382,6006.385090399999,99.630109133585,0.0,2.14574444859084,0.0,10240.97433716826,0.0,0.0,0.0,0.0,0.0,0.0,4588.915562032591,1051.725638716127,1171.730949081183,1231.733604263711,False,,False,RAW_REBUILD_v2_20260725,False,False,7235.85687830543,False
2026-03-10,0.0,489.501,1613444.9319478,-6006.385090399999,99.26059089258634,0.0,2.038457226161298,7240.005734046325,0.0,0.0,0.0,0.0,0.0,0.0,4588.915562032591,1051.725638716127,1171.730949081183,1231.733604263711,1591.827078183679,False,,False,RAW_REBUILD_v2_20260725,False,False,0.0,False
2026-03-11,0.0,489.489,1607444.5930314,-6000.338916399982,98.8914446176784,3.4,5.336534364853232,0.0,7240.005734046325,3.3999999999999857,3.400000000000021,3.4,0.0,4588.915562032591,1051.725638716127,1171.730949081183,1231.733604263711,1591.827078183679,3694.787865385309,False,,False,RAW_REBUILD_v2_20260725,False,False,0.0,False
2026-03-12,0.0,489.476,1604446.718559,-2997.874472400173,98.70701266982567,0.8,5.86970764661057,0.0,0.0,4.199999999999986,4.2000000000000215,4.2,4588.915562032591,1051.725638716127,1171.730949081183,1231.733604263711,1591.827078183679,3694.787865385309,29442.79622979818,False,,False,RAW_REBUILD_v2_20260725,False,False,0.0,False
2026-03-13,4588.915562032591,489.49,1610444.0173448,5997.298785800114,99.0759719131506,8.8,14.376222264280042,0.0,0.0,12.999999999999986,13.00000000000002,13.0,1051.725638716127,1171.730949081183,1231.733604263711,1591.827078183679,3694.787865385309,29442.79622979818,3141.663118533274,False,,False,RAW_REBUILD_v2_20260725,False,False,4584.7901269148,False
2026-03-14,1051.725638716127,489.496,1610444.0173448,0.0,99.0759719131506,0.6,14.25741115106604,4588.915562032591,0.0,10.199999999999983,13.60000000000002,13.6,1171.730949081183,1231.733604263711,1591.827078183679,3694.787865385309,29442.79622979818,3141.663118533274,15588.06166423388,False,,False,RAW_REBUILD_v2_20260725,False,False,1047.60020359834,False
2026-03-15,1171.730949081183,489.495,1610444.0173448,0.0,99.0759719131506,0.2,13.744540593512736,1051.725638716127,4588.915562032591,9.599999999999987,13.800000000000022,13.8,1231.733604263711,1591.827078183679,3694.787865385309,29442.79622979818,3141.663118533274,15588.06166423388,0.0,False,,False,RAW_REBUILD_v2_20260725,False,False,1167.60551396339,False
2026-03-16,1231.733604263711,489.495,1610444.0173448,0.0,99.0759719131506,0.0,13.0573135638371,1171.730949081183,1051.725638716127,0.7999999999999858,10.400000000000022,13.8,1591.827078183679,3694.787865385309,29442.79622979818,3141.663118533274,15588.06166423388,0.0,0.0,False,,False,RAW_REBUILD_v2_20260725,False,False,1227.60816914592,False
2026-03-17,1591.827078183679,489.502,1613444.9319478,3000.914603000041,99.26059089258634,8.8,21.204447885645244,1231.733604263711,1171.730949081183,8.999999999999986,18.400000000000023,22.6,3694.787865385309,29442.79622979818,3141.663118533274,15588.06166423388,0.0,0.0,7447.294367083702,False,,False,RAW_REBUILD_v2_20260725,False,False,1587.69382307021,False
2026-03-18,3694.787865385309,489.514,1616447.3000027,3002.3680548998527,99.445299289697,1.8,21.94422549136298,1591.827078183679,1231.733604263711,10.599999999999987,11.400000000000023,21.000000000000004,29442.79622979818,3141.663118533274,15588.06166423388,0.0,0.0,7447.294367083702,0.0,False,,False,RAW_REBUILD_v2_20260725,False,False,3690.64680325477,False
2026-03-19,29442.79622979818,489.581,1637507.2197397,21059.91973700002,100.74092459171548,0.0,20.847014216794832,3694.787865385309,1591.827078183679,10.599999999999987,10.800000000000024,20.200000000000003,3141.663118533274,15588.06166423388,0.0,0.0,7447.294367083702,0.0,1300.310608590011,False,,False,RAW_REBUILD_v2_20260725,False,False,38381.7839355466,False
2026-03-20,3141.663118533274,489.567,1631482.3951735,-6024.82456619991,100.37027193749492,0.0,19.80466350595509,29442.79622979818,3694.787865385309,1.7999999999999858,10.600000000000025,11.400000000000002,15588.06166423388,0.0,0.0,7447.294367083702,0.0,1300.310608590011,0.0,False,,False,RAW_REBUILD_v2_20260725,False,False,14964.4215046639,False
2026-03-21,15588.06166423388,489.579,1634494.0165123,3011.6213387998287,100.55554960499676,0.0,18.81443033065733,3141.663118533274,29442.79622979818,0.0,10.600000000000025,10.800000000000002,0.0,0.0,7447.294367083702,0.0,1300.310608590011,0.0,0.0,False,,False,RAW_REBUILD_v2_20260725,False,False,31105.9428167993,False
2026-03-22,0.0,489.533,1622456.7729032,-12037.243609099882,99.8150074955646,3.4,21.273708814124465,15588.06166423388,3141.663118533274,3.3999999999999857,5.2000000000000215,14.0,0.0,7447.294367083702,0.0,1300.310608590011,0.0,0.0,0.0,False,,False,RAW_REBUILD_v2_20260725,False,False,2642.90936718213,False
2026-03-23,0.0,489.527,1619451.3170382,-3005.455864999909,99.630109133585,0.0,20.21002337341824,0.0,15588.06166423388,3.3999999999999857,3.4000000000000217,14.0,7447.294367083702,0.0,1300.310608590011,0.0,0.0,0.0,0.0,False,,False,RAW_REBUILD_v2_20260725,False,False,131.962922905525,False
2026-03-24,7447.294367083702,489.548,1625463.7590197,6012.441981500015,100.0,0.0,19.19952220474733,0.0,0.0,3.3999999999999857,3.4000000000000217,5.2,0.0,1300.310608590011,0.0,0.0,0.0,0.0,1216.506094919201,False,,False,RAW_REBUILD_v2_20260725,False,False,8560.41807127706,False
2026-03-25,0.0,489.527,1619451.3170382,-6012.441981500015,99.630109133585,0.0,18.23954609450996,7447.294367083702,0.0,0.0,3.4000000000000217,3.4000000000000004,1300.310608590011,0.0,0.0,0.0,0.0,1216.506094919201,1357.9623387935,False,,False,RAW_REBUILD_v2_20260725,False,False,0.0,False
2026-03-26,1300.310608590011,489.527,1619451.3170382,0.0,99.630109133585,0.0,17.32756878978446,0.0,7447.294367083702,0.0,3.4000000000000217,3.4000000000000004,0.0,0.0,0.0,0.0,1216.506094919201,1357.9623387935,0.0,False,,False,RAW_REBUILD_v2_20260725,False,False,1783.35178790543,False
2026-03-27,0.0,489.514,1616447.3000027,-3004.0170355001464,99.445299289697,0.0,16.461190350295237,1300.310608590011,0.0,0.0,0.0,3.4000000000000004,0.0,0.0,0.0,1216.506094919201,1357.9623387935,0.0,19185.66181159556,False,,False,RAW_REBUILD_v2_20260725,False,False,0.0,False
2026-03-28,0.0,489.489,1607444.5930314,-9002.706971299835,98.8914446176784,0.0,15.638130832780474,0.0,1300.310608590011,0.0,0.0,3.4000000000000004,0.0,0.0,1216.506094919201,1357.9623387935,0.0,19185.66181159556,0.0,False,,False,RAW_REBUILD_v2_20260725,False,False,0.0,False
2026-03-29,0.0,489.417,1586490.9615755,-20953.631455900148,97.602358266806,0.0,14.85622429114145,0.0,0.0,0.0,0.0,0.0,0.0,1216.506094919201,1357.9623387935,0.0,19185.66181159556,0.0,0.0,False,,False,RAW_REBUILD_v2_20260725,False,False,0.0,False
2026-03-30,0.0,489.362,1571636.9871561,-14853.974419399863,96.68852833138142,0.0,14.113413076584376,0.0,0.0,0.0,0.0,0.0,1216.506094919201,1357.9623387935,0.0,19185.66181159556,0.0,0.0,1357.1851159841,False,,False,RAW_REBUILD_v2_20260725,False,False,0.0,False
2026-03-31,1216.506094919201,489.368,1571636.9871561,0.0,96.68852833138142,0.0,13.407742422755156,0.0,0.0,0.0,0.0,0.0,1357.9623387935,0.0,19185.66181159556,0.0,0.0,1357.1851159841,4320.271751993509,False,,False,RAW_REBUILD_v2_20260725,False,False,1212.48209035112,False
2026-04-01,1357.9623387935,489.362,1571636.9871561,0.0,96.68852833138142,0.0,12.737355301617397,1216.506094919201,0.0,0.0,0.0,0.0,0.0,19185.66181159556,0.0,0.0,1357.1851159841,4320.271751993509,0.0,False,,False,RAW_REBUILD_v2_20260725,False,False,1353.93833422542,False
2026-04-02,0.0,489.355,1568674.6777429,-2962.3094132000115,96.50628437812423,0.0,12.100487536536528,1357.9623387935,1216.506094919201,0.0,0.0,0.0,19185.66181159556,0.0,0.0,1357.1851159841,4320.271751993509,0.0,0.0,False,,False,RAW_REBUILD_v2_20260725,False,False,0.0,False
2026-04-03,19185.66181159556,489.41,1586490.9615755,17816.283832599875,97.602358266806,0.0,11.4954631597097,0.0,1357.9623387935,0.0,0.0,0.0,0.0,0.0,1357.1851159841,4320.271751993509,0.0,0.0,0.0,False,,False,RAW_REBUILD_v2_20260725,False,False,19181.5992346458,False
2026-04-04,0.0,489.398,1580534.3602253,-5956.601350199897,97.23590276651284,0.0,10.920690001724214,19185.66181159556,0.0,0.0,0.0,0.0,0.0,1357.1851159841,4320.271751993509,0.0,0.0,0.0,0.0,False,,False,RAW_REBUILD_v2_20260725,False,False,0.0,False
2026-04-05,0.0,489.354,1568674.6777429,-11859.682482399978,96.50628437812423,0.0,10.374655501638005,0.0,19185.66181159556,0.0,0.0,0.0,1357.1851159841,4320.271751993509,0.0,0.0,0.0,0.0,0.0,False,,False,RAW_REBUILD_v2_20260725,False,False,0.0,False
2026-04-06,1357.1851159841,489.35,1568674.6777429,0.0,96.50628437812423,0.0,9.855922726556102,0.0,0.0,0.0,0.0,0.0,4320.271751993509,0.0,0.0,0.0,0.0,0.0,0.0,False,,False,RAW_REBUILD_v2_20260725,False,False,1353.16893553972,False
2026-04-07,4320.271751993509,489.366,1571636.9871561,2962.3094132000115,96.68852833138142,0.0,9.363126590228296,1357.1851159841,0.0,0.0,0.0,0.0,0.0,0.0,0.0,0.0,0.0,0.0,0.0,False,,False,RAW_REBUILD_v2_20260725,False,False,4316.24774742543,False
2026-04-08,0.0,489.323,1559797.5867666,-11839.400389500195,95.96015771568462,0.0,8.89497026071688,4320.271751993509,1357.1851159841,0.0,0.0,0.0,0.0,0.0,0.0,0.0,0.0,0.0,0.0,False,,False,RAW_REBUILD_v2_20260725,False,False,0.0,False
2026-04-09,0.0,489.271,1545034.3582924,-14763.228474200005,95.05191055285007,0.0,8.450221747681036,0.0,4320.271751993509,0.0,0.0,0.0,0.0,0.0,0.0,0.0,0.0,0.0,0.0,False,,False,RAW_REBUILD_v2_20260725,False,False,0.0,False
2026-04-10,0.0,489.231,1533251.225472,-11783.132820399944,94.32700156887456,0.0,8.027710660296984,0.0,0.0,0.0,0.0,0.0,0.0,0.0,0.0,0.0,0.0,0.0,0.0,False,,False,RAW_REBUILD_v2_20260725,False,False,0.0,False
2026-04-11,0.0,489.179,1515629.6565953,-17621.56887670001,93.24290672031717,0.0,7.626325127282135,0.0,0.0,0.0,0.0,0.0,0.0,0.0,0.0,0.0,0.0,0.0,0.0,False,,False,RAW_REBUILD_v2_20260725,False,False,0.0,False
2026-04-12,0.0,489.114,1498055.6269737,-17574.02962159994,92.16173652971268,0.0,7.245008870918028,0.0,0.0,0.0,0.0,0.0,0.0,0.0,0.0,0.0,0.0,0.0,0.0,False,,False,RAW_REBUILD_v2_20260725,False,False,0.0,False
2026-04-13,0.0,489.076,1486357.15604,-11698.47093369998,91.44203602154786,0.0,6.882758427372126,0.0,0.0,0.0,0.0,0.0,0.0,0.0,0.0,0.0,0.0,0.0,7142.04282863685,False,,False,RAW_REBUILD_v2_20260725,False,False,0.0,False
2026-04-14,0.0,489.05,1480512.9900536,-5844.165986400098,91.08249764648592,0.0,6.53862050600352,0.0,0.0,0.0,0.0,0.0,0.0,0.0,0.0,0.0,0.0,7142.04282863685,0.0,False,,False,RAW_REBUILD_v2_20260725,False,False,0.0,False
2026-04-15,0.0,489.024,1471753.0165594,-8759.973494200036,90.54357615742836,0.0,6.211689480703344,0.0,0.0,0.0,0.0,0.0,0.0,0.0,0.0,0.0,7142.04282863685,0.0,1330.35764373476,False,,False,RAW_REBUILD_v2_20260725,False,False,0.0,False
2026-04-16,0.0,488.979,1457169.3844267,-14583.632132699946,89.6463779238919,0.0,5.9011050066681765,0.0,0.0,0.0,0.0,0.0,0.0,0.0,0.0,7142.04282863685,0.0,1330.35764373476,0.0,False,,False,RAW_REBUILD_v2_20260725,False,False,0.0,False
2026-04-17,0.0,488.891,1433876.8830075,-23292.501419199863,88.21340217835775,0.0,5.606049756334768,0.0,0.0,0.0,0.0,0.0,0.0,0.0,7142.04282863685,0.0,1330.35764373476,0.0,0.0,False,,False,RAW_REBUILD_v2_20260725,False,False,0.0,False
2026-04-18,0.0,488.872,1428061.5598544,-5815.3231530999765,87.85563824047661,0.0,5.325747268518029,0.0,0.0,0.0,0.0,0.0,0.0,7142.04282863685,0.0,1330.35764373476,0.0,0.0,0.0,False,,False,RAW_REBUILD_v2_20260725,False,False,0.0,False
2026-04-19,0.0,488.847,1419344.4679611,-8717.091893300181,87.3193548662747,0.0,5.059459905092127,0.0,0.0,0.0,0.0,0.0,7142.04282863685,0.0,1330.35764373476,0.0,0.0,0.0,4175.652946526906,False,,False,RAW_REBUILD_v2_20260725,False,False,0.0,False
2026-04-20,7142.04282863685,488.86,1425155.0669105,5810.59894940001,87.67682816687318,0.0,4.8064869098375205,0.0,0.0,0.0,0.0,0.0,0.0,1330.35764373476,0.0,0.0,0.0,4175.652946526906,0.0,False,,False,RAW_REBUILD_v2_20260725,False,False,7138.45010954504,False
2026-04-21,0.0,488.834,1416440.2927267,-8714.774183799978,87.1406873802551,0.0,4.566162564345644,7142.04282863685,0.0,0.0,0.0,0.0,1330.35764373476,0.0,0.0,0.0,4175.652946526906,0.0,7134.507354545481,False,,False,RAW_REBUILD_v2_20260725,False,False,0.0,False
2026-04-22,1330.35764373476,488.833,1416440.2927267,0.0,87.1406873802551,0.0,4.337854436128362,0.0,7142.04282863685,0.0,0.0,0.0,0.0,0.0,0.0,4175.652946526906,0.0,7134.507354545481,1329.99703624549,False,,False,RAW_REBUILD_v2_20260725,False,False,1326.79283870305,False
2026-04-23,0.0,488.828,1413536.9222839,-2903.370442799991,86.96206940574234,0.0,4.120961714321943,1330.35764373476,0.0,0.0,0.0,0.0,0.0,0.0,4175.652946526906,0.0,7134.507354545481,1329.99703624549,0.0,False,,False,RAW_REBUILD_v2_20260725,False,False,0.0,False
2026-04-24,0.0,488.814,1410634.2644526,-2902.65783130005,86.7834952717333,1.2,5.114913628605846,0.0,1330.35764373476,1.1999999999999855,1.2000000000000213,1.2,0.0,4175.652946526906,0.0,7134.507354545481,1329.99703624549,0.0,0.0,False,,False,RAW_REBUILD_v2_20260725,False,False,0.0,False
2026-04-25,0.0,488.827,1413536.9222839,2902.65783130005,86.96206940574234,25.8,30.65916794717556,0.0,0.0,26.999999999999982,27.00000000000002,27.0,4175.652946526906,0.0,7134.507354545481,1329.99703624549,0.0,0.0,4156.934105248899,False,,False,RAW_REBUILD_v2_20260725,False,False,0.0,False
2026-04-26,4175.652946526906,488.834,1416440.2927267,2903.370442799991,87.1406873802551,0.2,29.32620954981677,0.0,0.0,27.199999999999985,27.20000000000002,27.2,0.0,7134.507354545481,1329.99703624549,0.0,0.0,4156.934105248899,0.0,False,,False,RAW_REBUILD_v2_20260725,False,False,4172.0881414952,False
2026-04-27,0.0,488.808,1407732.4119656,-8707.88076109998,86.60497068323372,0.0,27.85989907232593,4175.652946526906,0.0,25.999999999999982,27.20000000000002,27.2,7134.507354545481,1329.99703624549,0.0,0.0,4156.934105248899,0.0,0.0,False,,False,RAW_REBUILD_v2_20260725,False,False,0.0,False
2026-04-28,7134.507354545481,488.828,1413536.9222839,5804.510318299988,86.96206940574234,0.0,26.466904118709635,0.0,4175.652946526906,0.1999999999999858,27.20000000000002,27.2,1329.99703624549,0.0,0.0,4156.934105248899,0.0,0.0,0.0,False,,False,RAW_REBUILD_v2_20260725,False,False,7130.95188030226,False
2026-04-29,1329.99703624549,488.822,1413536.9222839,0.0,86.96206940574234,0.0,25.14355891277416,7134.507354545481,0.0,0.0,26.00000000000002,27.2,0.0,0.0,4156.934105248899,0.0,0.0,0.0,0.0,False,,False,RAW_REBUILD_v2_20260725,False,False,1326.44156200227,False
2026-04-30,0.0,488.814,1410634.2644526,-2902.65783130005,86.7834952717333,0.0,23.886380967135445,1329.99703624549,7134.507354545481,0.0,0.2000000000000213,27.2,0.0,4156.934105248899,0.0,0.0,0.0,0.0,3575.559741841224,False,,False,RAW_REBUILD_v2_20260725,False,False,0.0,False
2026-05-01,0.0,488.801,1407732.4119656,-2901.8524869999383,86.60497068323372,0.0,22.69206191877867,0.0,1329.99703624549,0.0,0.0,26.0,4156.934105248899,0.0,0.0,0.0,0.0,3575.559741841224,8337.097621055189,False,,False,RAW_REBUILD_v2_20260725,False,False,0.0,False
2026-05-02,4156.934105248899,488.814,1410634.2644526,2901.8524869999383,86.7834952717333,0.0,21.55745882283973,0.0,0.0,0.0,0.0,0.2,0.0,0.0,0.0,0.0,3575.559741841224,8337.097621055189,7067.388500442302,False,,False,RAW_REBUILD_v2_20260725,False,False,4153.38797326013,False
2026-05-03,0.0,488.782,1401930.957596,-8703.30685659987,86.24805996545193,0.0,20.479585881697748,4156.934105248899,0.0,0.0,0.0,0.0,0.0,0.0,0.0,3575.559741841224,8337.097621055189,7067.388500442302,3288.46284526218,False,,False,RAW_REBUILD_v2_20260725,False,False,0.0,False
2026-05-04,0.0,488.776,1399031.4112872,-2899.5463088001125,86.06967725512015,0.0,19.45560658761286,0.0,4156.934105248899,0.0,0.0,0.0,0.0,0.0,3575.559741841224,8337.097621055189,7067.388500442302,3288.46284526218,609.3285666212043,False,,False,RAW_REBUILD_v2_20260725,False,False,0.0,False
2026-05-05,0.0,488.801,1407732.4119656,8701.000678400043,86.60497068323372,35.6,54.08282625823222,0.0,0.0,35.59999999999999,35.60000000000002,35.6,0.0,3575.559741841224,8337.097621055189,7067.388500442302,3288.46284526218,609.3285666212043,327.4079784250729,False,,False,RAW_REBUILD_v2_20260725,False,False,0.0,False
2026-05-06,0.0,488.795,1404831.3032069,-2901.10875870008,86.42649184957152,8.4,59.7786849453206,0.0,0.0,43.99999999999999,44.00000000000002,44.0,3575.559741841224,8337.097621055189,7067.388500442302,3288.46284526218,609.3285666212043,327.4079784250729,64024.57078417507,False,,False,RAW_REBUILD_v2_20260725,False,False,0.0,False
2026-05-07,3575.559741841224,488.8,1407732.4119656,2901.10875870008,86.60497068323372,2.0,58.78975069805457,0.0,0.0,45.99999999999999,46.00000000000002,46.0,8337.097621055189,7067.388500442302,3288.46284526218,609.3285666212043,327.4079784250729,64024.57078417507,29895.40787851404,False,,False,RAW_REBUILD_v2_20260725,False,False,3572.02296329776,False
2026-05-08,8337.097621055189,488.841,1419344.4679611,11612.055995499948,87.3193548662747,15.6,71.45026316315183,3575.559741841224,0.0,25.999999999999982,61.60000000000002,61.6,7067.388500442302,3288.46284526218,609.3285666212043,327.4079784250729,64024.57078417507,29895.40787851404,9279.572203576883,False,,False,RAW_REBUILD_v2_20260725,False,False,8333.52349808145,False
2026-05-09,7067.388500442302,488.865,1425155.0669105,5810.59894940001,87.67682816687318,0.0,67.87775000499424,8337.097621055189,3575.559741841224,17.599999999999987,61.60000000000002,61.6,3288.46284526218,609.3285666212043,327.4079784250729,64024.57078417507,29895.40787851404,9279.572203576883,16077.61184919209,False,,False,RAW_REBUILD_v2_20260725,False,False,7063.79578135049,False
2026-05-10,3288.46284526218,488.903,1436785.673304,11630.606393499998,88.3923535871701,33.0,97.48386250474452,7067.388500442302,8337.097621055189,48.59999999999999,59.00000000000002,94.6,609.3285666212043,327.4079784250729,64024.57078417507,29895.40787851404,9279.572203576883,16077.61184919209,0.0,False,,False,RAW_REBUILD_v2_20260725,False,False,3284.83311676227,False
2026-05-11,609.3285666212043,488.956,1451341.5620411,14555.888737100177,89.28784502192708,52.2,144.80966937950728,3288.46284526218,7067.388500442302,85.19999999999999,102.80000000000004,146.8,327.4079784250729,64024.57078417507,29895.40787851404,9279.572203576883,16077.61184919209,0.0,10216.22369505713,False,,False,RAW_REBUILD_v2_20260725,False,False,605.652973947571,False
2026-05-12,327.4079784250729,488.967,1454255.069173,2913.50713189994,89.46708661471763,13.2,150.7691859105319,609.3285666212043,3288.46284526218,98.4,114.00000000000004,124.4,64024.57078417507,29895.40787851404,9279.572203576883,16077.61184919209,0.0,10216.22369505713,3927.997988633625,False,,False,RAW_REBUILD_v2_20260725,False,False,323.723272625149,False
2026-05-13,64024.57078417507,489.238,1533251.225472,78996.15629899991,94.32700156887456,55.2,198.4307266150053,327.4079784250729,609.3285666212043,120.6,153.60000000000002,171.2,29895.40787851404,9279.572203576883,16077.61184919209,0.0,10216.22369505713,3927.997988633625,85867.63959680006,False,,False,RAW_REBUILD_v2_20260725,False,False,64020.6507161179,False
2026-05-14,29895.40787851404,489.342,1565714.0163252,32462.79085320001,96.32414181104016,13.0,201.50919028425503,64024.57078417507,327.4079784250729,81.39999999999999,166.60000000000002,182.2,9279.572203576883,16077.61184919209,0.0,10216.22369505713,3927.997988633625,85867.63959680006,61048.47974927562,False,,False,RAW_REBUILD_v2_20260725,False,False,29891.3995551568,False
2026-05-15,9279.572203576883,489.386,1577566.834908,11852.818582799984,97.05333792611984,13.0,204.43373077004227,29895.40787851404,64024.57078417507,81.19999999999999,146.60000000000002,179.60000000000002,16077.61184919209,0.0,10216.22369505713,3927.997988633625,85867.63959680006,61048.47974927562,108733.3367135785,False,,False,RAW_REBUILD_v2_20260725,False,False,9275.53266444997,False
2026-05-16,16077.61184919209,489.437,1592470.1267521,14903.291844099993,97.97020191409877,0.4,194.61204423154007,9279.572203576883,29895.40787851404,26.399999999999984,94.80000000000004,180.0,0.0,10216.22369505713,3927.997988633625,85867.63959680006,61048.47974927562,108733.3367135785,141212.5627369919,False,,False,RAW_REBUILD_v2_20260725,False,False,16073.5335749953,False
2026-05-17,0.0,489.43,1592470.1267521,0.0,97.97020191409877,5.8,190.6814420199632,16077.61184919209,9279.572203576883,19.199999999999985,87.40000000000003,152.8,10216.22369505713,3927.997988633625,85867.63959680006,61048.47974927562,108733.3367135785,141212.5627369919,185517.9117316547,False,,False,RAW_REBUILD_v2_20260725,False,False,0.0,False
2026-05-18,10216.22369505713,489.463,1601450.3446648,8980.217912700027,98.52267303890044,0.2,181.34736991896497,0.0,16077.61184919209,6.399999999999986,32.40000000000003,100.8,3927.997988633625,85867.63959680006,61048.47974927562,108733.3367135785,141212.5627369919,185517.9117316547,179597.995600109,False,,False,RAW_REBUILD_v2_20260725,False,False,10212.1217991189,False
2026-05-19,3927.997988633625,489.501,1613444.9319478,11994.587283000115,99.26059089258634,31.2,203.48000142301672,10216.22369505713,0.0,37.19999999999999,50.60000000000002,118.8,85867.63959680006,61048.47974927562,108733.3367135785,141212.5627369919,185517.9117316547,179597.995600109,193356.5957728531,False,,False,RAW_REBUILD_v2_20260725,False,False,3923.86473352018,False
2026-05-20,85867.63959680006,489.643,1655645.1614623,42200.22951449989,101.8567871645937,4.2,197.50600135186585,3927.997988633625,10216.22369505713,35.59999999999999,41.800000000000026,67.8,61048.47974927562,108733.3367135785,141212.5627369919,185517.9117316547,179597.995600109,193356.5957728531,349365.1598969635,False,,False,RAW_REBUILD_v2_20260725,False,False,110640.521929889,False
2026-05-21,61048.47974927562,489.63,1652616.0060849,-3029.155377400108,101.670430787185,5.6,193.23070128427253,85867.63959680006,3927.997988633625,40.99999999999999,47.00000000000003,60.4,108733.3367135785,141212.5627369919,185517.9117316547,179597.995600109,193356.5957728531,349365.1598969635,433838.0231737584,False,,False,RAW_REBUILD_v2_20260725,False,False,101694.070947194,False
2026-05-22,108733.3367135785,489.644,1655645.1614623,3029.155377400108,101.8567871645937,0.0,183.5691662200589,61048.47974927562,85867.63959680006,9.799999999999986,41.20000000000002,47.4,141212.5627369919,185517.9117316547,179597.995600109,193356.5957728531,349365.1598969635,433838.0231737584,507809.2200161263,False,,False,RAW_REBUILD_v2_20260725,False,False,160766.191472924,False
2026-05-23,141212.5627369919,489.682,1667776.8298904,12131.668428099949,102.6031383742581,20.8,195.190707909056,108733.3367135785,61048.47974927562,26.399999999999988,61.800000000000026,67.8,185517.9117316547,179597.995600109,193356.5957728531,349365.1598969635,433838.0231737584,507809.2200161263,602775.1641346975,False,,False,RAW_REBUILD_v2_20260725,False,False,200312.351102164,False
2026-05-24,185517.9117316547,489.688,1667776.8298904,0.0,102.6031383742581,0.2,185.6311725136032,141212.5627369919,108733.3367135785,20.99999999999999,30.80000000000003,62.2,179597.995600109,193356.5957728531,349365.1598969635,433838.0231737584,507809.2200161263,602775.1641346975,553516.0898851521,False,,False,RAW_REBUILD_v2_20260725,False,False,255740.520695124,False
2026-05-25,179597.995600109,489.695,1670813.4823932,3036.652502800105,102.78995598159936,0.0,176.34961388792297,185517.9117316547,141212.5627369919,20.999999999999982,26.60000000000003,62.0,193356.5957728531,349365.1598969635,433838.0231737584,507809.2200161263,602775.1641346975,553516.0898851521,449557.2543120539,False,,False,RAW_REBUILD_v2_20260725,False,False,247321.41755552,False
2026-05-26,193356.5957728531,489.707,1673851.7406958,3038.25830259989,102.97687237919608,19.0,186.5321331935268,179597.995600109,185517.9117316547,19.19999999999999,40.00000000000003,49.8,349365.1598969635,433838.0231737584,507809.2200161263,602775.1641346975,553516.0898851521,449557.2543120539,240641.9388894092,False,,False,RAW_REBUILD_v2_20260725,False,False,265242.824673581,False
2026-05-27,349365.1598969635,489.785,1698213.642694,24361.901998199988,104.47563861517123,7.6,184.80552653385047,193356.5957728531,179597.995600109,26.599999999999987,47.60000000000003,53.2,433838.0231737584,507809.2200161263,602775.1641346975,553516.0898851521,449557.2543120539,240641.9388894092,216085.9110082715,False,,False,RAW_REBUILD_v2_20260725,False,False,444008.703245138,False
2026-05-28,433838.0231737584,489.766,1692113.6615758,-6099.981118199881,104.10036226192427,0.0,175.56525020715793,349365.1598969635,193356.5957728531,26.599999999999987,26.800000000000026,47.6,507809.2200161263,602775.1641346975,553516.0898851521,449557.2543120539,240641.9388894092,216085.9110082715,198275.3925303018,False,,False,RAW_REBUILD_v2_20260725,False,False,544604.161714693,False
2026-05-29,507809.2200161263,489.817,1707386.3914463,15272.729870500045,105.03995441128792,6.8,173.58698769680004,433838.0231737584,349365.1598969635,14.399999999999988,33.40000000000003,54.400000000000006,602775.1641346975,553516.0898851521,449557.2543120539,240641.9388894092,216085.9110082715,198275.3925303018,192990.3100497752,False,,False,RAW_REBUILD_v2_20260725,False,False,626002.754559492,False
2026-05-30,602775.1641346975,489.823,1710454.4363393,3068.044892999809,105.22870330685544,2.2,167.10763831196002,507809.2200161263,433838.0231737584,8.99999999999999,35.60000000000003,35.8,553516.0898851521,449557.2543120539,240641.9388894092,216085.9110082715,198275.3925303018,192990.3100497752,201843.6206251707,False,,False,RAW_REBUILD_v2_20260725,False,False,734024.712003146,False
2026-05-31,553516.0898851521,489.805,1704320.2680112,-6134.168328099884,104.85132372554756,1.4,160.15225639636202,602775.1641346975,507809.2200161263,10.39999999999999,18.00000000000003,36.99999999999999,449557.2543120539,240641.9388894092,216085.9110082715,198275.3925303018,192990.3100497752,201843.6206251707,174582.3631776166,False,,False,RAW_REBUILD_v2_20260725,False,False,679645.37317074,False
2026-06-01,449557.2543120539,489.72,1679932.8392697,-24387.42874150001,103.3509870612464,42.6,194.7446435765439,553516.0898851521,602775.1641346975,46.19999999999999,53.00000000000003,79.6,240641.9388894092,216085.9110082715,198275.3925303018,192990.3100497752,201843.6206251707,174582.3631776166,165844.9237883183,False,,False,RAW_REBUILD_v2_20260725,False,False,564141.2329197773,False
2026-06-02,240641.9388894092,489.701,1673851.7406958,-6081.098573900061,102.97687237919608,2.2,187.20741139771667,449557.2543120539,553516.0898851521,46.19999999999999,55.20000000000003,62.8,216085.9110082715,198275.3925303018,192990.3100497752,201843.6206251707,174582.3631776166,165844.9237883183,156694.7359268938,False,,False,RAW_REBUILD_v2_20260725,False,False,322565.7966862557,False
2026-06-03,216085.9110082715,489.7,1673851.7406958,0.0,102.97687237919608,5.8,183.64704082783084,240641.9388894092,449557.2543120539,50.59999999999999,54.20000000000003,61.0,198275.3925303018,192990.3100497752,201843.6206251707,174582.3631776166,165844.9237883183,156694.7359268938,160301.5900719157,False,,False,RAW_REBUILD_v2_20260725,False,False,292849.1133419672,False
2026-06-04,198275.3925303018,489.695,1670813.4823932,-3038.25830259989,102.78995598159936,2.2,176.66468878643929,216085.9110082715,240641.9388894092,10.199999999999983,54.20000000000003,63.2,192990.3100497752,201843.6206251707,174582.3631776166,165844.9237883183,156694.7359268938,160301.5900719157,166649.5271781315,False,,False,RAW_REBUILD_v2_20260725,False,False,272076.5048447955,False
2026-06-05,192990.3100497752,489.689,1667776.8298904,-3036.652502800105,102.6031383742581,0.0,167.8314543471173,198275.3925303018,216085.9110082715,7.999999999999986,52.80000000000003,56.4,201843.6206251707,174582.3631776166,165844.9237883183,156694.7359268938,160301.5900719157,166649.5271781315,189788.4728931298,False,,False,RAW_REBUILD_v2_20260725,False,False,265659.6681720963,False
2026-06-06,201843.6206251707,489.695,1670813.4823932,3036.652502800105,102.78995598159936,3.8,163.23988162976144,192990.3100497752,198275.3925303018,5.999999999999986,14.000000000000028,58.0,174582.3631776166,165844.9237883183,156694.7359268938,160301.5900719157,166649.5271781315,189788.4728931298,201768.2313126253,False,,False,RAW_REBUILD_v2_20260725,False,False,275263.6381577072,False
2026-06-07,174582.3631776166,489.677,1664741.6725648,-6071.809828400146,102.41641275156992,0.2,155.27788754827336,201843.6206251707,192990.3100497752,3.999999999999986,12.000000000000028,56.8,165844.9237883183,156694.7359268938,160301.5900719157,166649.5271781315,189788.4728931298,201768.2313126253,174580.9152624754,False,,False,RAW_REBUILD_v2_20260725,False,False,244163.9551956393,False
2026-06-08,165844.9237883183,489.677,1664741.6725648,0.0,102.41641275156992,2.2,149.71399317085968,174582.3631776166,201843.6206251707,6.199999999999986,8.400000000000029,16.4,156694.7359268938,160301.5900719157,166649.5271781315,189788.4728931298,201768.2313126253,174580.9152624754,133852.9901506277,False,,False,RAW_REBUILD_v2_20260725,False,False,232607.9143160558,False
2026-06-09,156694.7359268938,489.676,1664741.6725648,0.0,102.41641275156992,0.0,142.2282935123167,165844.9237883183,174582.3631776166,2.399999999999986,6.200000000000029,14.2,160301.5900719157,166649.5271781315,189788.4728931298,201768.2313126253,174580.9152624754,133852.9901506277,141713.5315307741,False,,False,RAW_REBUILD_v2_20260725,False,False,221380.5927948378,False
2026-06-10,160301.5900719157,489.682,1667776.8298904,3035.157325600041,102.6031383742581,12.2,147.31687883670085,156694.7359268938,165844.9237883183,14.399999999999984,18.400000000000027,20.6,166649.5271781315,189788.4728931298,201768.2313126253,174580.9152624754,133852.9901506277,141713.5315307741,121801.9629150302,False,,False,RAW_REBUILD_v2_20260725,False,False,225859.1582501597,False
2026-06-11,166649.5271781315,489.676,1664741.6725648,-3035.157325600041,102.41641275156992,0.0,139.9510348948658,160301.5900719157,156694.7359268938,12.199999999999983,14.600000000000026,18.4,189788.4728931298,201768.2313126253,174580.9152624754,133852.9901506277,141713.5315307741,121801.9629150302,80097.31022858075,False,,False,RAW_REBUILD_v2_20260725,False,False,234062.6444692377,False
2026-06-12,189788.4728931298,489.695,1670813.4823932,6071.809828400146,102.78995598159936,23.6,156.5534831501225,166649.5271781315,160301.5900719157,35.79999999999998,38.00000000000003,42.0,201768.2313126253,174580.9152624754,133852.9901506277,141713.5315307741,121801.9629150302,80097.31022858075,79432.17603844083,False,,False,RAW_REBUILD_v2_20260725,False,False,261352.7358887642,False
2026-06-13,201768.2313126253,489.701,1673851.7406958,3038.25830259989,102.97687237919608,12.4,161.12580899261638,189788.4728931298,166649.5271781315,35.999999999999986,48.20000000000002,50.6,174580.9152624754,133852.9901506277,141713.5315307741,121801.9629150302,80097.31022858075,79432.17603844083,51854.03477584177,False,,False,RAW_REBUILD_v2_20260725,False,False,275658.9534612212,False
2026-06-14,174580.9152624754,489.676,1664741.6725648,-9110.068131000036,102.41641275156992,0.0,153.06951854298555,201768.2313126253,189788.4728931298,35.999999999999986,48.20000000000002,50.4,133852.9901506277,141713.5315307741,121801.9629150302,80097.31022858075,79432.17603844083,51854.03477584177,47047.00811797024,False,,False,RAW_REBUILD_v2_20260725,False,False,244798.3056638377,False
2026-06-15,133852.9901506277,489.656,1658675.7961467,-6065.876418099972,102.04323455030642,0.0,145.41604261583626,174580.9152624754,201768.2313126253,12.399999999999986,36.00000000000003,48.2,141713.5315307741,121801.9629150302,80097.31022858075,79432.17603844083,51854.03477584177,47047.00811797024,49498.13353825355,False,,False,RAW_REBUILD_v2_20260725,False,False,194764.5481698516,False
2026-06-16,141713.5315307741,489.67,1664741.6725648,6065.876418099972,102.41641275156992,2.2,140.34524048504443,133852.9901506277,174580.9152624754,2.199999999999986,38.20000000000003,50.4,121801.9629150302,80097.31022858075,79432.17603844083,51854.03477584177,47047.00811797024,49498.13353825355,48315.2033726697,False,,False,RAW_REBUILD_v2_20260725,False,False,201780.7757341557,False
2026-06-17,121801.9629150302,489.657,1658675.7961467,-6065.876418099972,102.04323455030642,0.0,133.3279784607922,141713.5315307741,133852.9901506277,2.199999999999986,14.60000000000003,38.2,80097.31022858075,79432.17603844083,51854.03477584177,47047.00811797024,49498.13353825355,48315.2033726697,44125.329575858,False,,False,RAW_REBUILD_v2_20260725,False,False,179923.4541698516,False
2026-06-18,80097.31022858075,489.637,1652616.0060849,-6059.790061800042,101.670430787185,0.0,126.66157953775256,121801.9629150302,141713.5315307741,2.199999999999986,2.2000000000000286,38.2,79432.17603844083,51854.03477584177,47047.00811797024,49498.13353825355,48315.2033726697,44125.329575858,35020.78540226009,False,,False,RAW_REBUILD_v2_20260725,False,False,127270.7094574617,False
2026-06-19,79432.17603844083,489.637,1652616.0060849,0.0,101.670430787185,1.4,121.72850056086494,80097.31022858075,121801.9629150302,1.3999999999999857,3.6000000000000285,16.0,51854.03477584177,47047.00811797024,49498.13353825355,48315.2033726697,44125.329575858,35020.78540226009,31864.99551244184,False,,False,RAW_REBUILD_v2_20260725,False,False,124612.9603942347,False
2026-06-20,51854.03477584177,489.617,1646562.4785364,-6053.527548499871,101.29801229954364,0.0,115.64207553282168,79432.17603844083,80097.31022858075,1.3999999999999857,3.6000000000000285,3.6,47047.00811797024,49498.13353825355,48315.2033726697,44125.329575858,35020.78540226009,31864.99551244184,24497.17494178787,False,,False,RAW_REBUILD_v2_20260725,False,False,90013.88614181147,False
2026-06-21,47047.00811797024,489.617,1646562.4785364,0.0,101.29801229954364,0.0,109.8599717561806,51854.03477584177,79432.17603844083,1.3999999999999857,1.4000000000000283,3.6,49498.13353825355,48315.2033726697,44125.329575858,35020.78540226009,31864.99551244184,24497.17494178787,21684.38265192751,False,,False,RAW_REBUILD_v2_20260725,False,False,81061.92869031134,False
2026-06-22,49498.13353825355,489.617,1646562.4785364,0.0,101.29801229954364,0.4,104.76697316837156,47047.00811797024,51854.03477584177,0.3999999999999858,1.8000000000000282,4.0,48315.2033726697,44125.329575858,35020.78540226009,31864.99551244184,24497.17494178787,21684.38265192751,16173.40765637152,False,,False,RAW_REBUILD_v2_20260725,False,False,84495.91800302982,False
2026-06-23,48315.2033726697,489.617,1646562.4785364,0.0,101.29801229954364,0.0,99.52862450995298,49498.13353825355,47047.00811797024,0.3999999999999858,1.8000000000000282,1.7999999999999998,44125.329575858,35020.78540226009,31864.99551244184,24497.17494178787,21684.38265192751,16173.40765637152,24563.31828446738,False,,False,RAW_REBUILD_v2_20260725,False,False,82664.92869031134,False
2026-06-24,44125.329575858,489.611,1646562.4785364,0.0,101.29801229954364,0.0,94.55219328445531,48315.2033726697,49498.13353825355,0.3999999999999858,0.4000000000000284,1.7999999999999998,35020.78540226009,31864.99551244184,24497.17494178787,21684.38265192751,16173.40765637152,24563.31828446738,26743.39728476141,False,,False,RAW_REBUILD_v2_20260725,False,False,77030.97469031134,False
2026-06-25,35020.78540226009,489.604,1643538.2164867,-3024.2620496999007,101.111956964079,0.0,89.82458362023256,44125.329575858,48315.2033726697,0.0,0.4000000000000284,1.7999999999999998,31864.99551244184,24497.17494178787,21684.38265192751,16173.40765637152,24563.31828446738,26743.39728476141,4118.680690423142,False,,False,RAW_REBUILD_v2_20260725,False,False,65222.77280277714,False
2026-06-26,31864.99551244184,489.604,1643538.2164867,0.0,101.111956964079,0.0,85.33335443922093,35020.78540226009,44125.329575858,0.0,0.4000000000000284,0.4,24497.17494178787,21684.38265192751,16173.40765637152,24563.31828446738,26743.39728476141,4118.680690423142,3424.85477286065,False,,False,RAW_REBUILD_v2_20260725,False,False,58881.53985247704,False
2026-06-27,24497.17494178787,489.592,1640521.8742391,-3016.342247600201,100.92638886199968,0.0,81.06668671725987,31864.99551244184,35020.78540226009,0.0,0.0,0.4,21684.38265192751,16173.40765637152,24563.31828446738,26743.39728476141,4118.680690423142,3424.85477286065,0.0,False,,False,RAW_REBUILD_v2_20260725,False,False,49653.74119414902,False
2026-06-28,21684.38265192751,489.591,1640521.8742391,0.0,100.92638886199968,0.0,77.01335238139687,24497.17494178787,31864.99551244184,0.0,0.0,0.4,16173.40765637152,24563.31828446738,26743.39728476141,4118.680690423142,3424.85477286065,0.0,0.0,False,,False,RAW_REBUILD_v2_20260725,False,False,43120.17151001822,False
2026-06-29,16173.40765637152,489.586,1637507.2197397,-3014.6544993999414,100.74092459171548,0.0,73.16268476232702,21684.38265192751,24497.17494178787,0.0,0.0,0.0,24563.31828446738,26743.39728476141,4118.680690423142,3424.85477286065,0.0,0.0,0.0,False,,False,RAW_REBUILD_v2_20260725,False,False,36181.8368125964,False
2026-06-30,24563.31828446738,489.586,1637507.2197397,0.0,100.74092459171548,1.8,71.30455052421065,16173.40765637152,21684.38265192751,1.7999999999999858,1.8000000000000285,1.8,26743.39728476141,4118.680690423142,3424.85477286065,0.0,0.0,0.0,0.0,False,,False,RAW_REBUILD_v2_20260725,False,False,42962.49765203487,False
2026-07-01,26743.39728476141,489.586,1637507.2197397,0.0,100.74092459171548,2.8,70.53932299800012,24563.31828446738,16173.40765637152,4.599999999999985,4.600000000000028,4.6,4118.680690423142,3424.85477286065,0.0,0.0,0.0,0.0,0.0,False,,False,RAW_REBUILD_v2_20260725,False,False,46623.40244982517,False
2026-07-02,4118.680690423142,489.547,1625463.7590197,-12043.460719999855,100.0,3.4,70.41235684810012,26743.39728476141,24563.31828446738,7.999999999999986,8.000000000000028,8.0,3424.85477286065,0.0,0.0,0.0,0.0,0.0,0.0,False,,False,RAW_REBUILD_v2_20260725,False,False,14739.84174302964,False
2026-07-03,3424.85477286065,489.533,1622456.7729032,-3006.9861165001057,99.8150074955646,15.2,82.09173900569512,4118.680690423142,26743.39728476141,21.399999999999984,23.200000000000028,23.2,0.0,0.0,0.0,0.0,0.0,0.0,0.0,False,,False,RAW_REBUILD_v2_20260725,False,False,5214.089702893602,False
2026-07-04,0.0,489.514,1616447.3000027,-6009.472900500055,99.445299289697,15.2,93.18715205541037,3424.85477286065,4118.680690423142,33.79999999999998,38.40000000000003,38.4,0.0,0.0,0.0,0.0,0.0,0.0,8.358452526200495,False,,False,RAW_REBUILD_v2_20260725,False,False,0.0,False
2026-07-05,0.0,489.476,1604446.718559,-12000.581443700008,98.70701266982567,0.0,88.52779445263984,0.0,3424.85477286065,30.399999999999984,36.60000000000003,38.4,0.0,0.0,0.0,0.0,0.0,8.358452526200495,1548.477362288514,False,,False,RAW_REBUILD_v2_20260725,False,False,0.0,False
2026-07-06,0.0,489.424,1589479.7778056,-14966.94075339986,97.78623294340308,0.0,84.10140473000784,0.0,0.0,15.199999999999983,33.800000000000026,38.4,0.0,0.0,0.0,0.0,8.358452526200495,1548.477362288514,0.0,False,,False,RAW_REBUILD_v2_20260725,False,False,0.0,False
2026-07-07,0.0,489.38,1577566.834908,-11912.942897600122,97.05333792611984,0.0,79.89633449350745,0.0,0.0,0.0,30.400000000000027,36.6,0.0,0.0,0.0,8.358452526200495,1548.477362288514,0.0,12175.06558400085,False,,False,RAW_REBUILD_v2_20260725,False,False,0.0,False
2026-07-08,0.0,489.34,1565714.0163252,-11852.818582799984,96.32414181104016,0.0,75.90151776883208,0.0,0.0,0.0,15.200000000000028,33.8,0.0,0.0,8.358452526200495,1548.477362288514,0.0,12175.06558400085,0.0,False,,False,RAW_REBUILD_v2_20260725,False,False,0.0,False
2026-07-09,0.0,489.28,1547983.8767252,-17730.13959999988,95.233367593429,2.8,74.90644188039047,0.0,0.0,2.7999999999999856,2.800000000000028,33.2,0.0,8.358452526200495,1548.477362288514,0.0,12175.06558400085,0.0,0.0,False,,False,RAW_REBUILD_v2_20260725,False,False,0.0,False
2026-07-10,0.0,489.24,1536194.8351113,-11789.041613900104,94.50809509513536,7.0,78.16111978637095,0.0,0.0,9.799999999999986,9.80000000000003,25.0,8.358452526200495,1548.477362288514,0.0,12175.06558400085,0.0,0.0,0.0,False,,False,RAW_REBUILD_v2_20260725,False,False,0.0,False
2026-07-11,8.358452526200495,489.224,1530308.9801397,-5885.854971599998,94.14599197601386,15.8,90.05306379705239,0.0,0.0,25.599999999999987,25.60000000000003,25.6,1548.477362288514,0.0,12175.06558400085,0.0,0.0,0.0,0.0,False,,False,RAW_REBUILD_v2_20260725,False,False,8.358452526200495,False
2026-07-12,1548.477362288514,489.191,1521494.7669134,-8814.213226299966,93.60373360960058,0.6,86.15041060719976,8.358452526200495,0.0,23.399999999999988,26.20000000000003,26.200000000000003,0.0,12175.06558400085,0.0,0.0,0.0,0.0,2547.386090313617,False,,False,RAW_REBUILD_v2_20260725,False,False,1548.477362288514,False
2026-07-13,0.0,489.134,1503910.109441,-17584.657472399995,92.5219095840065,0.6,82.44289007683976,1548.477362288514,8.358452526200495,16.999999999999986,26.80000000000003,26.8,12175.06558400085,0.0,0.0,0.0,0.0,2547.386090313617,0.0,False,,False,RAW_REBUILD_v2_20260725,False,False,0.0,False
2026-07-14,12175.06558400085,489.165,1512698.4514312,8788.341990199871,93.06257632858528,24.4,102.72074557299776,0.0,1548.477362288514,25.599999999999984,48.40000000000003,51.2,0.0,0.0,0.0,0.0,2547.386090313617,0.0,0.0,False,,False,RAW_REBUILD_v2_20260725,False,False,12175.06558400085,False
2026-07-15,0.0,489.127,1500982.4454629,-11716.005968299927,92.34179704923882,0.0,97.58470829434788,12175.06558400085,0.0,24.999999999999982,41.40000000000003,51.2,0.0,0.0,0.0,2547.386090313617,0.0,0.0,0.0,False,,False,RAW_REBUILD_v2_20260725,False,False,0.0,False
2026-07-16,0.0,489.063,1483434.6079881,-17547.837474799948,91.26223822318522,0.0,92.70547287963048,0.0,12175.06558400085,24.399999999999984,25.600000000000023,48.400000000000006,0.0,0.0,2547.386090313617,0.0,0.0,0.0,0.0,False,,False,RAW_REBUILD_v2_20260725,False,False,0.0,False
2026-07-17,0.0,489.017,1468834.6627917,-14599.94519639993,90.36403639522167,0.0,88.07019923564894,0.0,0.0,0.0,25.000000000000025,41.400000000000006,0.0,2547.386090313617,0.0,0.0,0.0,0.0,0.0,False,,False,RAW_REBUILD_v2_20260725,False,False,0.0,False
2026-07-18,0.0,488.979,1457169.3844267,-11665.278365000151,89.6463779238919,0.6000000000000001,84.26668927386649,0.0,0.0,0.5999999999999859,25.00000000000003,26.2,2547.386090313617,0.0,0.0,0.0,0.0,0.0,,False,,False,RAW_REBUILD_v2_20260725,False,False,0.0,False
2026-07-19,2547.386090313617,488.955,1451341.5620411,-5827.822385599837,89.28784502192708,7.4,87.45335481017317,0.0,0.0,7.999999999999986,8.000000000000028,33.0,0.0,0.0,0.0,0.0,0.0,,,False,,False,RAW_REBUILD_v2_20260725,False,False,2547.386090313617,False
2026-07-20,0.0,488.903,1436785.673304,-14555.888737100177,88.3923535871701,0.0,83.0806870696645,2547.386090313617,0.0,7.999999999999986,8.000000000000028,32.39999999999999,0.0,0.0,0.0,0.0,,,,False,,False,RAW_REBUILD_v2_20260725,False,False,0.0,False
2026-07-21,0.0,488.859,1422249.3957137,-14536.277590299957,87.49806864789427,0.0,78.92665271618128,0.0,2547.386090313617,7.399999999999986,8.000000000000028,8.0,0.0,0.0,0.0,,,,,False,,False,RAW_REBUILD_v2_20260725,False,False,0.0,False
2026-07-22,0.0,488.8,1407732.4119656,-14516.9837481,86.60497068323372,1.8,76.7803200803722,0.0,0.0,1.7999999999999858,9.80000000000003,9.8,0.0,0.0,,,,,,False,,False,RAW_REBUILD_v2_20260725,False,False,0.0,False
2026-07-23,0.0,488.718,1381650.0718537,-26082.340111899888,85.00036153909446,0.4,73.3413040763536,0.0,0.0,2.199999999999986,9.600000000000028,10.2,0.0,,,,,,,False,,False,RAW_REBUILD_v2_20260725,False,False,0.0,False
2026-07-24,0.0,488.635,1358517.038647,-23133.033206700115,83.5771964221649,5.2,74.87423887253591,0.0,0.0,7.399999999999986,7.400000000000029,15.4,,,,,,,,False,,False,RAW_REBUILD_v2_20260725,False,False,0.0,False
