{
  "S2_0": 620.0,
  "S2_1": 916.0,
  "S2_2": 1073.0,
  "S2_3": 1533.0,
  "S2_4": 2276.0,
  "S2_5": 2570.0,
  "S2_6": 2655.0,
  "S2_7": 2886.0,
  "S2_8": 3086.0,
  "S2_9": 2201.0,
  "S2_10": 0.41067934,
  "S2_11": -0.48306596,
  "S2_12": 0.2923923,
  "S2_13": 0.61593294,
  "S1d_0": -9.726797,
  "S1d_1": null,
  "S1d_2": -9.683648,
  "S1d_3": null,
  "S1d_4": -10.251678,
  "S1d_5": -10.390332,
  "S1d_6": null,
  "S1d_7": -10.30424,
  "S1d_8": null,
  "S1d_9": -10.281658,
  "S1d_10": -10.199207,
  "S1d_11": null,
  "S1d_12": -8.194927,
  "S1d_13": null,
  "S1d_14": -9.224136,
  "S1d_15": null,
  "S1d_16": -16.68509,
  "S1d_17": null,
  "S1d_18": -16.489079,
  "S1d_19": null,
  "S1d_20": -17.595625,
  "S1d_21": -17.56427,
  "S1d_22": null,
  "S1d_23": -17.600641,
  "S1d_24": null,
  "S1d_25": -17.712677,
  "S1d_26": -17.830719,
  "S1d_27": null,
  "S1d_28": -15.493809,
  "S1d_29": null,
  "S1d_30": -16.971317,
  "S1d_31": null,
  "S1w_0": -8.322827,
  "S1w_1": -9.636668,
  "S1w_2": null,
  "S1w_3": -7.800826,
  "S1w_4": null,
  "S1w_5": -8.029009,
  "S1w_6": -9.412688,
  "S1w_7": null,
  "S1w_8": -8.976782,
  "S1w_9": null,
  "S1w_10": -8.285206,
  "S1w_11": null,
  "S1w_12": -7.9840765,
  "S1w_13": -8.005178,
  "S1w_14": null,
  "S1w_15": -8.051304,
  "S1w_16": null,
  "S1w_17": -7.7184067,
  "S1w_18": -8.649596,
  "S1w_19": null,
  "S1w_20": -15.483883,
  "S1w_21": -17.014711,
  "S1w_22": null,
  "S1w_23": -15.032681,
  "S1w_24": null,
  "S1w_25": -15.47559,
  "S1w_26": -17.007545,
  "S1w_27": null,
  "S1w_28": -16.442259,
  "S1w_29": null,
  "S1w_30": -15.698015,
  "S1w_31": null,
  "S1w_32": -15.4473715,
  "S1w_33": -15.344108,
  "S1w_34": null,
  "S1w_35": -15.657276,
  "S1w_36": null,
  "S1w_37": -14.904289,
  "S1w_38": -15.673609,
  "S1w_39": null
}